Date,Ticker,Forecast,Days_Ahead
2024-12-31,ABRA.TA,[296.73568782],1
2025-01-01,ABRA.TA,[300.24733213],2
2025-01-02,ABRA.TA,[290.94208983],3
2025-01-03,ABRA.TA,[300.24686773],4
2025-01-04,ABRA.TA,[289.17526815],5
2025-01-05,ABRA.TA,[290.04267548],6
2025-01-06,ABRA.TA,[292.05226457],7
2025-01-07,ABRA.TA,[293.89709682],8
2025-01-08,ABRA.TA,[299.85692237],9
2025-01-09,ABRA.TA,[303.69375129],10
2025-01-10,ABRA.TA,[309.34247758],11
2025-01-11,ABRA.TA,[308.74526614],12
2025-01-12,ABRA.TA,[303.66043353],13
2025-01-13,ABRA.TA,[306.48067709],14
2025-01-14,ABRA.TA,[307.20674466],15
2025-01-15,ABRA.TA,[315.53685197],16
2025-01-16,ABRA.TA,[317.98174887],17
2025-01-17,ABRA.TA,[314.10588521],18
2025-01-18,ABRA.TA,[312.5768117],19
2025-01-19,ABRA.TA,[307.98479614],20
2025-01-20,ABRA.TA,[302.41504397],21
2025-01-21,ABRA.TA,[301.90321724],22
2025-01-22,ABRA.TA,[298.69491249],23
2025-01-23,ABRA.TA,[290.26055774],24
2025-01-24,ABRA.TA,[286.14984762],25
2025-01-25,ABRA.TA,[297.54693176],26
2025-01-26,ABRA.TA,[299.49092391],27
2025-01-27,ABRA.TA,[299.60038728],28
2025-01-28,ABRA.TA,[290.21732182],29
2025-01-29,ABRA.TA,[297.52215825],30
2024-12-31,ACCL.TA,[131.15966451],1
2025-01-01,ACCL.TA,[131.37665325],2
2025-01-02,ACCL.TA,[124.59805687],3
2025-01-03,ACCL.TA,[124.59812267],4
2025-01-04,ACCL.TA,[121.35451465],5
2025-01-05,ACCL.TA,[118.12082049],6
2025-01-06,ACCL.TA,[119.59335745],7
2025-01-07,ACCL.TA,[118.85969187],8
2025-01-08,ACCL.TA,[122.4244049],9
2025-01-09,ACCL.TA,[128.93262819],10
2025-01-10,ACCL.TA,[125.35468047],11
2025-01-11,ACCL.TA,[126.01644437],12
2025-01-12,ACCL.TA,[127.52523976],13
2025-01-13,ACCL.TA,[127.39583215],14
2025-01-14,ACCL.TA,[126.7976898],15
2025-01-15,ACCL.TA,[127.60819904],16
2025-01-16,ACCL.TA,[133.1524684],17
2025-01-17,ACCL.TA,[132.92684976],18
2025-01-18,ACCL.TA,[141.71652141],19
2025-01-19,ACCL.TA,[148.79991639],20
2025-01-20,ACCL.TA,[153.05002054],21
2025-01-21,ACCL.TA,[159.21799863],22
2025-01-22,ACCL.TA,[157.64486511],23
2025-01-23,ACCL.TA,[163.17546653],24
2025-01-24,ACCL.TA,[164.13324619],25
2025-01-25,ACCL.TA,[170.76278409],26
2025-01-26,ACCL.TA,[157.43833351],27
2025-01-27,ACCL.TA,[158.80273592],28
2025-01-28,ACCL.TA,[163.0004113],29
2025-01-29,ACCL.TA,[163.34893276],30
2024-12-31,ACKR.TA,[667.85659308],1
2025-01-01,ACKR.TA,[665.65649421],2
2025-01-02,ACKR.TA,[658.85551505],3
2025-01-03,ACKR.TA,[659.66048502],4
2025-01-04,ACKR.TA,[669.05019848],5
2025-01-05,ACKR.TA,[678.00508527],6
2025-01-06,ACKR.TA,[683.68294745],7
2025-01-07,ACKR.TA,[692.40601854],8
2025-01-08,ACKR.TA,[678.13349506],9
2025-01-09,ACKR.TA,[697.39746976],10
2025-01-10,ACKR.TA,[701.54211951],11
2025-01-11,ACKR.TA,[711.57975079],12
2025-01-12,ACKR.TA,[721.32050216],13
2025-01-13,ACKR.TA,[715.77992482],14
2025-01-14,ACKR.TA,[706.55988208],15
2025-01-15,ACKR.TA,[709.26856335],16
2025-01-16,ACKR.TA,[709.21859208],17
2025-01-17,ACKR.TA,[723.5527464],18
2025-01-18,ACKR.TA,[742.61948767],19
2025-01-19,ACKR.TA,[743.32051304],20
2025-01-20,ACKR.TA,[728.25594102],21
2025-01-21,ACKR.TA,[739.8717241],22
2025-01-22,ACKR.TA,[727.1301971],23
2025-01-23,ACKR.TA,[737.5557339],24
2025-01-24,ACKR.TA,[720.38661232],25
2025-01-25,ACKR.TA,[725.97632475],26
2025-01-26,ACKR.TA,[733.8635304],27
2025-01-27,ACKR.TA,[731.82945566],28
2025-01-28,ACKR.TA,[733.48843808],29
2025-01-29,ACKR.TA,[736.13639378],30
2024-12-31,ACRO.TA,[4750.63644456],1
2025-01-01,ACRO.TA,[4766.9086765],2
2025-01-02,ACRO.TA,[4787.52143272],3
2025-01-03,ACRO.TA,[4743.52328182],4
2025-01-04,ACRO.TA,[4744.38611079],5
2025-01-05,ACRO.TA,[4654.97227356],6
2025-01-06,ACRO.TA,[4676.94557432],7
2025-01-07,ACRO.TA,[4604.73585059],8
2025-01-08,ACRO.TA,[4676.98403331],9
2025-01-09,ACRO.TA,[4768.68707247],10
2025-01-10,ACRO.TA,[4814.05817476],11
2025-01-11,ACRO.TA,[4738.57691253],12
2025-01-12,ACRO.TA,[4780.96486011],13
2025-01-13,ACRO.TA,[4834.70736098],14
2025-01-14,ACRO.TA,[4857.58678196],15
2025-01-15,ACRO.TA,[4924.0124114],16
2025-01-16,ACRO.TA,[4891.61167994],17
2025-01-17,ACRO.TA,[4780.43460807],18
2025-01-18,ACRO.TA,[4797.04667189],19
2025-01-19,ACRO.TA,[4904.49648627],20
2025-01-20,ACRO.TA,[4812.53631409],21
2025-01-21,ACRO.TA,[4883.53376564],22
2025-01-22,ACRO.TA,[4846.05839699],23
2025-01-23,ACRO.TA,[4838.52960469],24
2025-01-24,ACRO.TA,[4907.2037811],25
2025-01-25,ACRO.TA,[5036.48140021],26
2025-01-26,ACRO.TA,[4988.88452138],27
2025-01-27,ACRO.TA,[4961.84880869],28
2025-01-28,ACRO.TA,[5009.43742279],29
2025-01-29,ACRO.TA,[5052.5152962],30
2024-12-31,ADGR.TA,[579.54765842],1
2025-01-01,ADGR.TA,[590.12458123],2
2025-01-02,ADGR.TA,[582.25031586],3
2025-01-03,ADGR.TA,[585.14590971],4
2025-01-04,ADGR.TA,[583.09833616],5
2025-01-05,ADGR.TA,[583.07126115],6
2025-01-06,ADGR.TA,[571.45084031],7
2025-01-07,ADGR.TA,[564.11358071],8
2025-01-08,ADGR.TA,[561.57158995],9
2025-01-09,ADGR.TA,[552.83961366],10
2025-01-10,ADGR.TA,[547.71620706],11
2025-01-11,ADGR.TA,[551.34904379],12
2025-01-12,ADGR.TA,[548.47383629],13
2025-01-13,ADGR.TA,[552.45058538],14
2025-01-14,ADGR.TA,[562.08020772],15
2025-01-15,ADGR.TA,[553.0088221],16
2025-01-16,ADGR.TA,[561.53601227],17
2025-01-17,ADGR.TA,[557.90873905],18
2025-01-18,ADGR.TA,[556.48912315],19
2025-01-19,ADGR.TA,[552.22610659],20
2025-01-20,ADGR.TA,[553.55929989],21
2025-01-21,ADGR.TA,[556.79474464],22
2025-01-22,ADGR.TA,[553.05238642],23
2025-01-23,ADGR.TA,[555.29793358],24
2025-01-24,ADGR.TA,[555.25004074],25
2025-01-25,ADGR.TA,[556.0310126],26
2025-01-26,ADGR.TA,[552.34463755],27
2025-01-27,ADGR.TA,[552.50742344],28
2025-01-28,ADGR.TA,[552.71903512],29
2025-01-29,ADGR.TA,[546.1321548],30
2024-12-31,ARDM.TA,[70.63338417],1
2025-01-01,ARDM.TA,[66.99686171],2
2025-01-02,ARDM.TA,[69.23791281],3
2025-01-03,ARDM.TA,[68.05476061],4
2025-01-04,ARDM.TA,[71.49334088],5
2025-01-05,ARDM.TA,[68.1961763],6
2025-01-06,ARDM.TA,[63.36895218],7
2025-01-07,ARDM.TA,[63.84604944],8
2025-01-08,ARDM.TA,[67.67373303],9
2025-01-09,ARDM.TA,[70.8590153],10
2025-01-10,ARDM.TA,[77.62827537],11
2025-01-11,ARDM.TA,[68.07644721],12
2025-01-12,ARDM.TA,[69.7793572],13
2025-01-13,ARDM.TA,[63.0078715],14
2025-01-14,ARDM.TA,[63.42886339],15
2025-01-15,ARDM.TA,[58.51224134],16
2025-01-16,ARDM.TA,[63.78554025],17
2025-01-17,ARDM.TA,[63.16761449],18
2025-01-18,ARDM.TA,[63.14246717],19
2025-01-19,ARDM.TA,[69.23341777],20
2025-01-20,ARDM.TA,[81.8220356],21
2025-01-21,ARDM.TA,[88.93875632],22
2025-01-22,ARDM.TA,[90.49369127],23
2025-01-23,ARDM.TA,[90.22026635],24
2025-01-24,ARDM.TA,[83.91616184],25
2025-01-25,ARDM.TA,[77.0303067],26
2025-01-26,ARDM.TA,[75.39877104],27
2025-01-27,ARDM.TA,[65.43689325],28
2025-01-28,ARDM.TA,[63.15015417],29
2025-01-29,ARDM.TA,[72.59714216],30
2024-12-31,AFHL.TA,[18436.75659082],1
2025-01-01,AFHL.TA,[18578.83642851],2
2025-01-02,AFHL.TA,[18038.40920877],3
2025-01-03,AFHL.TA,[17458.15146634],4
2025-01-04,AFHL.TA,[17622.73302513],5
2025-01-05,AFHL.TA,[17809.96566419],6
2025-01-06,AFHL.TA,[17019.56565277],7
2025-01-07,AFHL.TA,[16826.85004165],8
2025-01-08,AFHL.TA,[16787.85031007],9
2025-01-09,AFHL.TA,[16929.99345024],10
2025-01-10,AFHL.TA,[17160.76210475],11
2025-01-11,AFHL.TA,[17179.50263083],12
2025-01-12,AFHL.TA,[17535.06863662],13
2025-01-13,AFHL.TA,[18130.72362542],14
2025-01-14,AFHL.TA,[17882.2945227],15
2025-01-15,AFHL.TA,[17590.55956488],16
2025-01-16,AFHL.TA,[17465.33084219],17
2025-01-17,AFHL.TA,[17983.76215856],18
2025-01-18,AFHL.TA,[18205.54435687],19
2025-01-19,AFHL.TA,[18272.61751047],20
2025-01-20,AFHL.TA,[18245.49592299],21
2025-01-21,AFHL.TA,[18654.54128016],22
2025-01-22,AFHL.TA,[18698.81791194],23
2025-01-23,AFHL.TA,[18524.49633016],24
2025-01-24,AFHL.TA,[18261.68099855],25
2025-01-25,AFHL.TA,[17912.19482515],26
2025-01-26,AFHL.TA,[18014.7908202],27
2025-01-27,AFHL.TA,[18072.66311004],28
2025-01-28,AFHL.TA,[18464.52371423],29
2025-01-29,AFHL.TA,[18569.52416157],30
2024-12-31,AFPR.TA,[17154.73679064],1
2025-01-01,AFPR.TA,[17582.31524093],2
2025-01-02,AFPR.TA,[17059.82546392],3
2025-01-03,AFPR.TA,[16975.43188402],4
2025-01-04,AFPR.TA,[17097.51412375],5
2025-01-05,AFPR.TA,[17371.43497815],6
2025-01-06,AFPR.TA,[17511.07686117],7
2025-01-07,AFPR.TA,[17394.3348725],8
2025-01-08,AFPR.TA,[17532.57281984],9
2025-01-09,AFPR.TA,[17377.55474788],10
2025-01-10,AFPR.TA,[17099.78510183],11
2025-01-11,AFPR.TA,[17187.10772823],12
2025-01-12,AFPR.TA,[17678.28760444],13
2025-01-13,AFPR.TA,[17861.66391126],14
2025-01-14,AFPR.TA,[17901.20598062],15
2025-01-15,AFPR.TA,[18036.24392099],16
2025-01-16,AFPR.TA,[18337.00815712],17
2025-01-17,AFPR.TA,[18713.36372396],18
2025-01-18,AFPR.TA,[18799.44041823],19
2025-01-19,AFPR.TA,[18704.78492751],20
2025-01-20,AFPR.TA,[18711.90059465],21
2025-01-21,AFPR.TA,[18938.24770892],22
2025-01-22,AFPR.TA,[18431.70532268],23
2025-01-23,AFPR.TA,[18346.86510791],24
2025-01-24,AFPR.TA,[18155.76675761],25
2025-01-25,AFPR.TA,[18126.32854326],26
2025-01-26,AFPR.TA,[18463.58243858],27
2025-01-27,AFPR.TA,[18556.39296019],28
2025-01-28,AFPR.TA,[18109.713788],29
2025-01-29,AFPR.TA,[18320.96150428],30
2024-12-31,AFRE.TA,[26149.67551741],1
2025-01-01,AFRE.TA,[26088.77475598],2
2025-01-02,AFRE.TA,[25068.81588873],3
2025-01-03,AFRE.TA,[26155.24579364],4
2025-01-04,AFRE.TA,[26435.70660562],5
2025-01-05,AFRE.TA,[27435.18976345],6
2025-01-06,AFRE.TA,[26926.80111817],7
2025-01-07,AFRE.TA,[26990.83258429],8
2025-01-08,AFRE.TA,[27238.3973259],9
2025-01-09,AFRE.TA,[26911.04512828],10
2025-01-10,AFRE.TA,[27422.00043821],11
2025-01-11,AFRE.TA,[26225.62707156],12
2025-01-12,AFRE.TA,[26930.93490391],13
2025-01-13,AFRE.TA,[27026.1171287],14
2025-01-14,AFRE.TA,[26938.35527024],15
2025-01-15,AFRE.TA,[27702.47650452],16
2025-01-16,AFRE.TA,[27945.45775781],17
2025-01-17,AFRE.TA,[26785.86818215],18
2025-01-18,AFRE.TA,[27209.1829796],19
2025-01-19,AFRE.TA,[27115.19274516],20
2025-01-20,AFRE.TA,[26690.81063506],21
2025-01-21,AFRE.TA,[25449.62399438],22
2025-01-22,AFRE.TA,[25330.68987897],23
2025-01-23,AFRE.TA,[25387.39787165],24
2025-01-24,AFRE.TA,[26539.6540039],25
2025-01-25,AFRE.TA,[25855.3953516],26
2025-01-26,AFRE.TA,[25025.98338682],27
2025-01-27,AFRE.TA,[25611.88002392],28
2025-01-28,AFRE.TA,[25118.29701535],29
2025-01-29,AFRE.TA,[25313.65875653],30
2024-12-31,ARPT.TA,[5797.366891],1
2025-01-01,ARPT.TA,[5755.01020666],2
2025-01-02,ARPT.TA,[5871.46053823],3
2025-01-03,ARPT.TA,[6107.37801895],4
2025-01-04,ARPT.TA,[6111.7251685],5
2025-01-05,ARPT.TA,[6096.89058865],6
2025-01-06,ARPT.TA,[6299.50802964],7
2025-01-07,ARPT.TA,[6295.85068792],8
2025-01-08,ARPT.TA,[6353.40347999],9
2025-01-09,ARPT.TA,[6217.63585587],10
2025-01-10,ARPT.TA,[6168.17553343],11
2025-01-11,ARPT.TA,[6050.35504495],12
2025-01-12,ARPT.TA,[6163.13612112],13
2025-01-13,ARPT.TA,[6147.76464221],14
2025-01-14,ARPT.TA,[6071.66395106],15
2025-01-15,ARPT.TA,[5972.6381796],16
2025-01-16,ARPT.TA,[6052.41231485],17
2025-01-17,ARPT.TA,[6043.11401246],18
2025-01-18,ARPT.TA,[6345.0588355],19
2025-01-19,ARPT.TA,[6470.95525848],20
2025-01-20,ARPT.TA,[6574.11518506],21
2025-01-21,ARPT.TA,[6542.81328051],22
2025-01-22,ARPT.TA,[6524.30592755],23
2025-01-23,ARPT.TA,[6569.56460006],24
2025-01-24,ARPT.TA,[6600.29425791],25
2025-01-25,ARPT.TA,[6564.36317093],26
2025-01-26,ARPT.TA,[6519.04777782],27
2025-01-27,ARPT.TA,[6782.65306401],28
2025-01-28,ARPT.TA,[6998.53048205],29
2025-01-29,ARPT.TA,[7155.96697468],30
2024-12-31,ARTS.TA,[46.9655943],1
2025-01-01,ARTS.TA,[53.63571514],2
2025-01-02,ARTS.TA,[61.24469429],3
2025-01-03,ARTS.TA,[49.00568621],4
2025-01-04,ARTS.TA,[65.52523715],5
2025-01-05,ARTS.TA,[82.21538791],6
2025-01-06,ARTS.TA,[86.57388916],7
2025-01-07,ARTS.TA,[72.47042754],8
2025-01-08,ARTS.TA,[84.84474983],9
2025-01-09,ARTS.TA,[88.48754445],10
2025-01-10,ARTS.TA,[101.4568206],11
2025-01-11,ARTS.TA,[112.28238646],12
2025-01-12,ARTS.TA,[145.42736215],13
2025-01-13,ARTS.TA,[151.37166386],14
2025-01-14,ARTS.TA,[82.32524547],15
2025-01-15,ARTS.TA,[71.15248684],16
2025-01-16,ARTS.TA,[63.71093946],17
2025-01-17,ARTS.TA,[67.14198684],18
2025-01-18,ARTS.TA,[72.94880614],19
2025-01-19,ARTS.TA,[64.15815829],20
2025-01-20,ARTS.TA,[51.83934976],21
2025-01-21,ARTS.TA,[60.08712654],22
2025-01-22,ARTS.TA,[72.23676004],23
2025-01-23,ARTS.TA,[69.02675708],24
2025-01-24,ARTS.TA,[62.5892185],25
2025-01-25,ARTS.TA,[64.96972656],26
2025-01-26,ARTS.TA,[52.12961936],27
2025-01-27,ARTS.TA,[44.87777179],28
2025-01-28,ARTS.TA,[42.85507993],29
2025-01-29,ARTS.TA,[48.85681833],30
2024-12-31,ALAR.TA,[576.13158325],1
2025-01-01,ALAR.TA,[560.33160855],2
2025-01-02,ALAR.TA,[507.06971417],3
2025-01-03,ALAR.TA,[474.67056699],4
2025-01-04,ALAR.TA,[457.11503637],5
2025-01-05,ALAR.TA,[415.60144613],6
2025-01-06,ALAR.TA,[390.07908012],7
2025-01-07,ALAR.TA,[395.75092434],8
2025-01-08,ALAR.TA,[419.41580013],9
2025-01-09,ALAR.TA,[412.88593975],10
2025-01-10,ALAR.TA,[380.69739266],11
2025-01-11,ALAR.TA,[372.69930785],12
2025-01-12,ALAR.TA,[379.06736432],13
2025-01-13,ALAR.TA,[424.30394838],14
2025-01-14,ALAR.TA,[414.49457729],15
2025-01-15,ALAR.TA,[426.60868684],16
2025-01-16,ALAR.TA,[443.60132103],17
2025-01-17,ALAR.TA,[495.7444807],18
2025-01-18,ALAR.TA,[450.43249198],19
2025-01-19,ALAR.TA,[448.78033112],20
2025-01-20,ALAR.TA,[396.17002382],21
2025-01-21,ALAR.TA,[376.20285431],22
2025-01-22,ALAR.TA,[397.62468861],23
2025-01-23,ALAR.TA,[481.07625912],24
2025-01-24,ALAR.TA,[513.25656437],25
2025-01-25,ALAR.TA,[529.83541953],26
2025-01-26,ALAR.TA,[543.94363843],27
2025-01-27,ALAR.TA,[567.85073086],28
2025-01-28,ALAR.TA,[557.93664149],29
2025-01-29,ALAR.TA,[527.20029803],30
2024-12-31,ALBA.TA,[1950.59858789],1
2025-01-01,ALBA.TA,[1977.61433069],2
2025-01-02,ALBA.TA,[2027.01775809],3
2025-01-03,ALBA.TA,[1943.19516593],4
2025-01-04,ALBA.TA,[1940.63971499],5
2025-01-05,ALBA.TA,[1864.63393815],6
2025-01-06,ALBA.TA,[1910.60539383],7
2025-01-07,ALBA.TA,[1943.02757418],8
2025-01-08,ALBA.TA,[2040.96091281],9
2025-01-09,ALBA.TA,[2099.88633129],10
2025-01-10,ALBA.TA,[2052.57172286],11
2025-01-11,ALBA.TA,[2051.90649194],12
2025-01-12,ALBA.TA,[2047.56966845],13
2025-01-13,ALBA.TA,[2035.46314455],14
2025-01-14,ALBA.TA,[1920.09438263],15
2025-01-15,ALBA.TA,[1905.4779193],16
2025-01-16,ALBA.TA,[1875.71650841],17
2025-01-17,ALBA.TA,[1880.07871897],18
2025-01-18,ALBA.TA,[1947.09687586],19
2025-01-19,ALBA.TA,[1971.14360491],20
2025-01-20,ALBA.TA,[1948.0044295],21
2025-01-21,ALBA.TA,[1985.740627],22
2025-01-22,ALBA.TA,[1935.10685249],23
2025-01-23,ALBA.TA,[1963.8280198],24
2025-01-24,ALBA.TA,[1955.08254729],25
2025-01-25,ALBA.TA,[1956.55106572],26
2025-01-26,ALBA.TA,[1944.7460746],27
2025-01-27,ALBA.TA,[1965.35810785],28
2025-01-28,ALBA.TA,[1976.09207099],29
2025-01-29,ALBA.TA,[1995.33647235],30
2024-12-31,ALMD.TA,[31.16809917],1
2025-01-01,ALMD.TA,[33.47035733],2
2025-01-02,ALMD.TA,[34.33269429],3
2025-01-03,ALMD.TA,[35.9797926],4
2025-01-04,ALMD.TA,[37.12974021],5
2025-01-05,ALMD.TA,[39.60184337],6
2025-01-06,ALMD.TA,[37.82758048],7
2025-01-07,ALMD.TA,[41.07806687],8
2025-01-08,ALMD.TA,[37.13249109],9
2025-01-09,ALMD.TA,[37.74066079],10
2025-01-10,ALMD.TA,[38.20654608],11
2025-01-11,ALMD.TA,[36.59014074],12
2025-01-12,ALMD.TA,[35.85549626],13
2025-01-13,ALMD.TA,[37.38594303],14
2025-01-14,ALMD.TA,[38.66182415],15
2025-01-15,ALMD.TA,[36.59556847],16
2025-01-16,ALMD.TA,[36.52008508],17
2025-01-17,ALMD.TA,[37.19588868],18
2025-01-18,ALMD.TA,[38.57126051],19
2025-01-19,ALMD.TA,[39.43133061],20
2025-01-20,ALMD.TA,[37.1065267],21
2025-01-21,ALMD.TA,[34.48266137],22
2025-01-22,ALMD.TA,[34.28599877],23
2025-01-23,ALMD.TA,[33.86633956],24
2025-01-24,ALMD.TA,[32.58562529],25
2025-01-25,ALMD.TA,[30.80404747],26
2025-01-26,ALMD.TA,[30.46914735],27
2025-01-27,ALMD.TA,[31.44922153],28
2025-01-28,ALMD.TA,[31.15982477],29
2025-01-29,ALMD.TA,[32.10320071],30
2024-12-31,ALLT.TA,[2006.4801991],1
2025-01-01,ALLT.TA,[2176.42630604],2
2025-01-02,ALLT.TA,[2162.21294059],3
2025-01-03,ALLT.TA,[2100.78632724],4
2025-01-04,ALLT.TA,[2012.66638412],5
2025-01-05,ALLT.TA,[1964.08896242],6
2025-01-06,ALLT.TA,[2044.59775553],7
2025-01-07,ALLT.TA,[2065.71383048],8
2025-01-08,ALLT.TA,[2139.74744335],9
2025-01-09,ALLT.TA,[2073.12397769],10
2025-01-10,ALLT.TA,[2198.31345383],11
2025-01-11,ALLT.TA,[2089.49749919],12
2025-01-12,ALLT.TA,[2113.73008433],13
2025-01-13,ALLT.TA,[2095.21354251],14
2025-01-14,ALLT.TA,[2056.53983462],15
2025-01-15,ALLT.TA,[2015.41912104],16
2025-01-16,ALLT.TA,[2081.3966728],17
2025-01-17,ALLT.TA,[2241.52709581],18
2025-01-18,ALLT.TA,[2398.9802672],19
2025-01-19,ALLT.TA,[2321.08593906],20
2025-01-20,ALLT.TA,[2284.56680127],21
2025-01-21,ALLT.TA,[2264.98765865],22
2025-01-22,ALLT.TA,[2291.44636651],23
2025-01-23,ALLT.TA,[2192.99754369],24
2025-01-24,ALLT.TA,[2237.89042377],25
2025-01-25,ALLT.TA,[2336.82282926],26
2025-01-26,ALLT.TA,[2301.36763748],27
2025-01-27,ALLT.TA,[2379.03016905],28
2025-01-28,ALLT.TA,[2458.33047851],29
2025-01-29,ALLT.TA,[2484.56453804],30
2024-12-31,ALMY.TA,[1676.92086112],1
2025-01-01,ALMY.TA,[2057.0220281],2
2025-01-02,ALMY.TA,[1653.66040865],3
2025-01-03,ALMY.TA,[2939.94752182],4
2025-01-04,ALMY.TA,[1780.15727192],5
2025-01-05,ALMY.TA,[1537.00910811],6
2025-01-06,ALMY.TA,[2301.11265429],7
2025-01-07,ALMY.TA,[2451.27331978],8
2025-01-08,ALMY.TA,[1905.47262183],9
2025-01-09,ALMY.TA,[4494.66697503],10
2025-01-10,ALMY.TA,[2560.01331032],11
2025-01-11,ALMY.TA,[4836.68063666],12
2025-01-12,ALMY.TA,[7546.04306479],13
2025-01-13,ALMY.TA,[7251.82428953],14
2025-01-14,ALMY.TA,[2904.62154523],15
2025-01-15,ALMY.TA,[3386.55852244],16
2025-01-16,ALMY.TA,[6446.16790913],17
2025-01-17,ALMY.TA,[9179.01615476],18
2025-01-18,ALMY.TA,[7602.06602168],19
2025-01-19,ALMY.TA,[2728.45057633],20
2025-01-20,ALMY.TA,[1176.41636017],21
2025-01-21,ALMY.TA,[445.71419899],22
2025-01-22,ALMY.TA,[517.04058565],23
2025-01-23,ALMY.TA,[100.51581011],24
2025-01-24,ALMY.TA,[85.07806687],25
2025-01-25,ALMY.TA,[140.61561784],26
2025-01-26,ALMY.TA,[138.97271954],27
2025-01-27,ALMY.TA,[216.30906976],28
2025-01-28,ALMY.TA,[391.50498527],29
2025-01-29,ALMY.TA,[696.42276279],30
2024-12-26,AMDA.TA,[162.76985116],1
2024-12-27,AMDA.TA,[150.69191203],2
2024-12-28,AMDA.TA,[157.9892223],3
2024-12-29,AMDA.TA,[167.41210604],4
2024-12-30,AMDA.TA,[162.99406922],5
2024-12-31,AMDA.TA,[161.52548737],6
2025-01-01,AMDA.TA,[153.74992923],7
2025-01-02,AMDA.TA,[147.12622415],8
2025-01-03,AMDA.TA,[147.35460468],9
2025-01-04,AMDA.TA,[156.5695512],10
2025-01-05,AMDA.TA,[157.35619388],11
2025-01-06,AMDA.TA,[155.09500754],12
2025-01-07,AMDA.TA,[144.62990238],13
2025-01-08,AMDA.TA,[150.89556677],14
2025-01-09,AMDA.TA,[168.50877685],15
2025-01-10,AMDA.TA,[179.41099037],16
2025-01-11,AMDA.TA,[166.10953398],17
2025-01-12,AMDA.TA,[171.81823391],18
2025-01-13,AMDA.TA,[180.17490635],19
2025-01-14,AMDA.TA,[184.03707756],20
2025-01-15,AMDA.TA,[184.16399729],21
2025-01-16,AMDA.TA,[187.02136597],22
2025-01-17,AMDA.TA,[169.9052452],23
2025-01-18,AMDA.TA,[167.14404577],24
2025-01-19,AMDA.TA,[164.20658146],25
2025-01-20,AMDA.TA,[159.33249696],26
2025-01-21,AMDA.TA,[148.79000352],27
2025-01-22,AMDA.TA,[150.84514204],28
2025-01-23,AMDA.TA,[157.06314891],29
2025-01-24,AMDA.TA,[167.04987946],30
2024-12-31,ALMA.TA,[1062.54131014],1
2025-01-01,ALMA.TA,[1114.82054417],2
2025-01-02,ALMA.TA,[1119.54072546],3
2025-01-03,ALMA.TA,[1127.81548258],4
2025-01-04,ALMA.TA,[1128.87967789],5
2025-01-05,ALMA.TA,[1114.26817915],6
2025-01-06,ALMA.TA,[1088.25989081],7
2025-01-07,ALMA.TA,[1099.27049013],8
2025-01-08,ALMA.TA,[1109.25078576],9
2025-01-09,ALMA.TA,[1126.08656425],10
2025-01-10,ALMA.TA,[1126.08272328],11
2025-01-11,ALMA.TA,[1122.05698842],12
2025-01-12,ALMA.TA,[1102.04623126],13
2025-01-13,ALMA.TA,[1124.44357783],14
2025-01-14,ALMA.TA,[1094.64593883],15
2025-01-15,ALMA.TA,[1139.99729241],16
2025-01-16,ALMA.TA,[1180.48876569],17
2025-01-17,ALMA.TA,[1190.96192422],18
2025-01-18,ALMA.TA,[1232.32188894],19
2025-01-19,ALMA.TA,[1255.84950822],20
2025-01-20,ALMA.TA,[1235.14199485],21
2025-01-21,ALMA.TA,[1275.98874143],22
2025-01-22,ALMA.TA,[1284.60979664],23
2025-01-23,ALMA.TA,[1302.28714642],24
2025-01-24,ALMA.TA,[1343.0415164],25
2025-01-25,ALMA.TA,[1387.60077473],26
2025-01-26,ALMA.TA,[1404.93974961],27
2025-01-27,ALMA.TA,[1389.00432922],28
2025-01-28,ALMA.TA,[1393.0350864],29
2025-01-29,ALMA.TA,[1398.9613734],30
2024-12-31,ALHE.TA,[2889.58942672],1
2025-01-01,ALHE.TA,[2954.17704232],2
2025-01-02,ALHE.TA,[2864.58605065],3
2025-01-03,ALHE.TA,[2792.82933876],4
2025-01-04,ALHE.TA,[2807.86333741],5
2025-01-05,ALHE.TA,[2856.74003988],6
2025-01-06,ALHE.TA,[2875.13676549],7
2025-01-07,ALHE.TA,[2901.15239751],8
2025-01-08,ALHE.TA,[2874.71760688],9
2025-01-09,ALHE.TA,[2881.17437779],10
2025-01-10,ALHE.TA,[2904.65818522],11
2025-01-11,ALHE.TA,[2928.80610139],12
2025-01-12,ALHE.TA,[2947.99206373],13
2025-01-13,ALHE.TA,[2985.57927128],14
2025-01-14,ALHE.TA,[3027.16046474],15
2025-01-15,ALHE.TA,[2996.85491769],16
2025-01-16,ALHE.TA,[3060.24080198],17
2025-01-17,ALHE.TA,[3194.49715062],18
2025-01-18,ALHE.TA,[3257.96353714],19
2025-01-19,ALHE.TA,[3333.70597122],20
2025-01-20,ALHE.TA,[3296.13460801],21
2025-01-21,ALHE.TA,[3299.84961433],22
2025-01-22,ALHE.TA,[3216.91030191],23
2025-01-23,ALHE.TA,[3205.32827552],24
2025-01-24,ALHE.TA,[3285.46999706],25
2025-01-25,ALHE.TA,[3241.47578346],26
2025-01-26,ALHE.TA,[3333.76653643],27
2025-01-27,ALHE.TA,[3297.5666923],28
2025-01-28,ALHE.TA,[3347.39842953],29
2025-01-29,ALHE.TA,[3312.71129224],30
2024-12-31,ALRPR.TA,[16900.89594213],1
2025-01-01,ALRPR.TA,[16437.20675821],2
2025-01-02,ALRPR.TA,[15994.64350068],3
2025-01-03,ALRPR.TA,[16283.00909044],4
2025-01-04,ALRPR.TA,[16490.23926362],5
2025-01-05,ALRPR.TA,[17098.69297936],6
2025-01-06,ALRPR.TA,[17672.36950462],7
2025-01-07,ALRPR.TA,[17415.81292587],8
2025-01-08,ALRPR.TA,[17139.63472838],9
2025-01-09,ALRPR.TA,[17184.60887156],10
2025-01-10,ALRPR.TA,[17077.03146113],11
2025-01-11,ALRPR.TA,[17369.09715562],12
2025-01-12,ALRPR.TA,[17671.18379814],13
2025-01-13,ALRPR.TA,[17096.14045206],14
2025-01-14,ALRPR.TA,[17018.6082904],15
2025-01-15,ALRPR.TA,[17254.08608222],16
2025-01-16,ALRPR.TA,[17238.68621495],17
2025-01-17,ALRPR.TA,[17270.02328504],18
2025-01-18,ALRPR.TA,[17082.77986231],19
2025-01-19,ALRPR.TA,[16709.92866509],20
2025-01-20,ALRPR.TA,[16655.36923832],21
2025-01-21,ALRPR.TA,[16716.17343037],22
2025-01-22,ALRPR.TA,[16590.2027447],23
2025-01-23,ALRPR.TA,[16788.28786864],24
2025-01-24,ALRPR.TA,[16709.49917915],25
2025-01-25,ALRPR.TA,[16631.9273528],26
2025-01-26,ALRPR.TA,[16996.86733456],27
2025-01-27,ALRPR.TA,[17247.84172955],28
2025-01-28,ALRPR.TA,[17871.19068381],29
2025-01-29,ALRPR.TA,[18245.57069078],30
2024-12-31,ALUMA.TA,[42.53357107],1
2025-01-01,ALUMA.TA,[41.8995045],2
2025-01-02,ALUMA.TA,[42.90681463],3
2025-01-03,ALUMA.TA,[42.83397731],4
2025-01-04,ALUMA.TA,[44.2143831],5
2025-01-05,ALUMA.TA,[46.0754626],6
2025-01-06,ALUMA.TA,[45.23565242],7
2025-01-07,ALUMA.TA,[43.04774519],8
2025-01-08,ALUMA.TA,[42.30952318],9
2025-01-09,ALUMA.TA,[42.26288318],10
2025-01-10,ALUMA.TA,[43.81974694],11
2025-01-11,ALUMA.TA,[42.67490596],12
2025-01-12,ALUMA.TA,[44.05057983],13
2025-01-13,ALUMA.TA,[44.29781412],14
2025-01-14,ALUMA.TA,[43.97680892],15
2025-01-15,ALUMA.TA,[44.71756136],16
2025-01-16,ALUMA.TA,[46.22091107],17
2025-01-17,ALUMA.TA,[46.432253],18
2025-01-18,ALUMA.TA,[43.77654737],19
2025-01-19,ALUMA.TA,[43.17113556],20
2025-01-20,ALUMA.TA,[43.96401574],21
2025-01-21,ALUMA.TA,[41.86555622],22
2025-01-22,ALUMA.TA,[43.16430393],23
2025-01-23,ALUMA.TA,[41.86578406],24
2025-01-24,ALUMA.TA,[41.62716862],25
2025-01-25,ALUMA.TA,[41.83162391],26
2025-01-26,ALUMA.TA,[41.29473888],27
2025-01-27,ALUMA.TA,[39.92233602],28
2025-01-28,ALUMA.TA,[41.95208101],29
2025-01-29,ALUMA.TA,[41.58907199],30
2024-12-31,AMAN.TA,[1622.6367576],1
2025-01-01,AMAN.TA,[1622.05657283],2
2025-01-02,AMAN.TA,[1623.70909219],3
2025-01-03,AMAN.TA,[1623.46523389],4
2025-01-04,AMAN.TA,[1642.23801022],5
2025-01-05,AMAN.TA,[1606.55693641],6
2025-01-06,AMAN.TA,[1605.84825772],7
2025-01-07,AMAN.TA,[1589.55204253],8
2025-01-08,AMAN.TA,[1570.98959671],9
2025-01-09,AMAN.TA,[1562.10991427],10
2025-01-10,AMAN.TA,[1607.35554305],11
2025-01-11,AMAN.TA,[1597.30963667],12
2025-01-12,AMAN.TA,[1589.95091311],13
2025-01-13,AMAN.TA,[1632.79029921],14
2025-01-14,AMAN.TA,[1614.33477231],15
2025-01-15,AMAN.TA,[1624.47744641],16
2025-01-16,AMAN.TA,[1635.83324215],17
2025-01-17,AMAN.TA,[1614.36603976],18
2025-01-18,AMAN.TA,[1655.44100165],19
2025-01-19,AMAN.TA,[1686.99075845],20
2025-01-20,AMAN.TA,[1728.62987395],21
2025-01-21,AMAN.TA,[1719.11120341],22
2025-01-22,AMAN.TA,[1695.5514715],23
2025-01-23,AMAN.TA,[1685.24715689],24
2025-01-24,AMAN.TA,[1654.15707187],25
2025-01-25,AMAN.TA,[1637.80085031],26
2025-01-26,AMAN.TA,[1650.43654574],27
2025-01-27,AMAN.TA,[1627.24749269],28
2025-01-28,AMAN.TA,[1673.51832744],29
2025-01-29,AMAN.TA,[1668.1374177],30
2024-12-31,AMD.TA,[960.85263366],1
2025-01-01,AMD.TA,[964.2126229],2
2025-01-02,AMD.TA,[970.85716475],3
2025-01-03,AMD.TA,[976.57177307],4
2025-01-04,AMD.TA,[972.78559415],5
2025-01-05,AMD.TA,[981.97671462],6
2025-01-06,AMD.TA,[976.39162334],7
2025-01-07,AMD.TA,[967.95037285],8
2025-01-08,AMD.TA,[976.743372],9
2025-01-09,AMD.TA,[980.44755215],10
2025-01-10,AMD.TA,[965.05253787],11
2025-01-11,AMD.TA,[958.76078197],12
2025-01-12,AMD.TA,[976.61543999],13
2025-01-13,AMD.TA,[963.5812092],14
2025-01-14,AMD.TA,[976.3911091],15
2025-01-15,AMD.TA,[980.67300428],16
2025-01-16,AMD.TA,[1005.17832469],17
2025-01-17,AMD.TA,[1018.90262741],18
2025-01-18,AMD.TA,[1012.72169956],19
2025-01-19,AMD.TA,[1019.98747726],20
2025-01-20,AMD.TA,[1012.98795163],21
2025-01-21,AMD.TA,[1008.89013112],22
2025-01-22,AMD.TA,[996.44221099],23
2025-01-23,AMD.TA,[991.03520525],24
2025-01-24,AMD.TA,[979.39291332],25
2025-01-25,AMD.TA,[999.55087047],26
2025-01-26,AMD.TA,[991.05679632],27
2025-01-27,AMD.TA,[986.08387285],28
2025-01-28,AMD.TA,[985.27489863],29
2025-01-29,AMD.TA,[976.65836373],30
2024-12-31,AMRK.TA,[2867.63912683],1
2025-01-01,AMRK.TA,[2820.63063041],2
2025-01-02,AMRK.TA,[2739.62407635],3
2025-01-03,AMRK.TA,[2722.1523753],4
2025-01-04,AMRK.TA,[2725.48236341],5
2025-01-05,AMRK.TA,[2660.72151909],6
2025-01-06,AMRK.TA,[2693.45143279],7
2025-01-07,AMRK.TA,[2719.66964848],8
2025-01-08,AMRK.TA,[2720.90123092],9
2025-01-09,AMRK.TA,[2716.45196664],10
2025-01-10,AMRK.TA,[2717.5522211],11
2025-01-11,AMRK.TA,[2693.81448198],12
2025-01-12,AMRK.TA,[2743.5356312],13
2025-01-13,AMRK.TA,[2729.20705929],14
2025-01-14,AMRK.TA,[2693.89102433],15
2025-01-15,AMRK.TA,[2669.96155616],16
2025-01-16,AMRK.TA,[2667.32805487],17
2025-01-17,AMRK.TA,[2711.90306136],18
2025-01-18,AMRK.TA,[2625.63257402],19
2025-01-19,AMRK.TA,[2630.75261213],20
2025-01-20,AMRK.TA,[2555.2362556],21
2025-01-21,AMRK.TA,[2553.76102597],22
2025-01-22,AMRK.TA,[2602.21995108],23
2025-01-23,AMRK.TA,[2665.86011173],24
2025-01-24,AMRK.TA,[2574.29795782],25
2025-01-25,AMRK.TA,[2563.20702977],26
2025-01-26,AMRK.TA,[2546.1626251],27
2025-01-27,AMRK.TA,[2597.31348346],28
2025-01-28,AMRK.TA,[2627.59719892],29
2025-01-29,AMRK.TA,[2581.23814024],30
2024-12-31,AMOT.TA,[2098.30074025],1
2025-01-01,AMOT.TA,[2134.35687604],2
2025-01-02,AMOT.TA,[2109.23074064],3
2025-01-03,AMOT.TA,[2122.20186028],4
2025-01-04,AMOT.TA,[2106.80554383],5
2025-01-05,AMOT.TA,[2160.25272805],6
2025-01-06,AMOT.TA,[2203.05365105],7
2025-01-07,AMOT.TA,[2254.78554328],8
2025-01-08,AMOT.TA,[2274.20973596],9
2025-01-09,AMOT.TA,[2287.38880097],10
2025-01-10,AMOT.TA,[2264.87689365],11
2025-01-11,AMOT.TA,[2260.0298891],12
2025-01-12,AMOT.TA,[2253.76900226],13
2025-01-13,AMOT.TA,[2233.35343128],14
2025-01-14,AMOT.TA,[2216.3229149],15
2025-01-15,AMOT.TA,[2206.9960453],16
2025-01-16,AMOT.TA,[2199.91489395],17
2025-01-17,AMOT.TA,[2206.81459085],18
2025-01-18,AMOT.TA,[2252.26837435],19
2025-01-19,AMOT.TA,[2275.72501673],20
2025-01-20,AMOT.TA,[2240.21755022],21
2025-01-21,AMOT.TA,[2232.41261808],22
2025-01-22,AMOT.TA,[2241.80914755],23
2025-01-23,AMOT.TA,[2221.49866348],24
2025-01-24,AMOT.TA,[2260.17741685],25
2025-01-25,AMOT.TA,[2281.77818526],26
2025-01-26,AMOT.TA,[2291.36339974],27
2025-01-27,AMOT.TA,[2327.15640519],28
2025-01-28,AMOT.TA,[2300.71252838],29
2025-01-29,AMOT.TA,[2260.34954768],30
2024-12-31,AMRM.TA,[3148.90081537],1
2025-01-01,AMRM.TA,[3159.49135156],2
2025-01-02,AMRM.TA,[3156.53694091],3
2025-01-03,AMRM.TA,[3164.62498084],4
2025-01-04,AMRM.TA,[3166.19845925],5
2025-01-05,AMRM.TA,[3161.20823432],6
2025-01-06,AMRM.TA,[3164.18600013],7
2025-01-07,AMRM.TA,[3170.42658407],8
2025-01-08,AMRM.TA,[3168.62551354],9
2025-01-09,AMRM.TA,[3173.08095608],10
2025-01-10,AMRM.TA,[3175.50453534],11
2025-01-11,AMRM.TA,[3174.36202292],12
2025-01-12,AMRM.TA,[3176.77337075],13
2025-01-13,AMRM.TA,[3173.58063423],14
2025-01-14,AMRM.TA,[3175.77850785],15
2025-01-15,AMRM.TA,[3161.98974601],16
2025-01-16,AMRM.TA,[3170.43981166],17
2025-01-17,AMRM.TA,[3162.29295343],18
2025-01-18,AMRM.TA,[3159.90061112],19
2025-01-19,AMRM.TA,[3164.22966917],20
2025-01-20,AMRM.TA,[3170.91351923],21
2025-01-21,AMRM.TA,[3179.55205248],22
2025-01-22,AMRM.TA,[3178.43935583],23
2025-01-23,AMRM.TA,[3171.42217329],24
2025-01-24,AMRM.TA,[3163.89035125],25
2025-01-25,AMRM.TA,[3165.73395488],26
2025-01-26,AMRM.TA,[3168.22362963],27
2025-01-27,AMRM.TA,[3168.36104005],28
2025-01-28,AMRM.TA,[3172.56226527],29
2025-01-29,AMRM.TA,[3179.30067865],30
2024-12-31,ANGL.TA,[3771.25068245],1
2025-01-01,ANGL.TA,[3626.86581992],2
2025-01-02,ANGL.TA,[3603.32750911],3
2025-01-03,ANGL.TA,[3691.27859302],4
2025-01-04,ANGL.TA,[3755.98793928],5
2025-01-05,ANGL.TA,[3528.29434735],6
2025-01-06,ANGL.TA,[3599.75662428],7
2025-01-07,ANGL.TA,[3674.43898125],8
2025-01-08,ANGL.TA,[3785.32811089],9
2025-01-09,ANGL.TA,[3762.41919468],10
2025-01-10,ANGL.TA,[3835.78421204],11
2025-01-11,ANGL.TA,[3809.52197533],12
2025-01-12,ANGL.TA,[3789.98818398],13
2025-01-13,ANGL.TA,[3820.4171331],14
2025-01-14,ANGL.TA,[3800.16681264],15
2025-01-15,ANGL.TA,[3951.24628308],16
2025-01-16,ANGL.TA,[3881.65728397],17
2025-01-17,ANGL.TA,[3895.40680435],18
2025-01-18,ANGL.TA,[3923.07678503],19
2025-01-19,ANGL.TA,[4051.27499449],20
2025-01-20,ANGL.TA,[4218.11943821],21
2025-01-21,ANGL.TA,[4246.40467605],22
2025-01-22,ANGL.TA,[4469.9671074],23
2025-01-23,ANGL.TA,[4375.18763008],24
2025-01-24,ANGL.TA,[4571.35060194],25
2025-01-25,ANGL.TA,[4666.43859076],26
2025-01-26,ANGL.TA,[4536.9698091],27
2025-01-27,ANGL.TA,[4564.27639299],28
2025-01-28,ANGL.TA,[4298.89205779],29
2025-01-29,ANGL.TA,[4247.38448996],30
2024-12-31,APLP.TA,[374.6850642],1
2025-01-01,APLP.TA,[344.12915623],2
2025-01-02,APLP.TA,[374.47149666],3
2025-01-03,APLP.TA,[413.42970098],4
2025-01-04,APLP.TA,[387.36764226],5
2025-01-05,APLP.TA,[447.47701829],6
2025-01-06,APLP.TA,[449.41792155],7
2025-01-07,APLP.TA,[432.91954178],8
2025-01-08,APLP.TA,[436.67082531],9
2025-01-09,APLP.TA,[476.00680575],10
2025-01-10,APLP.TA,[506.02659987],11
2025-01-11,APLP.TA,[547.35538631],12
2025-01-12,APLP.TA,[536.54641974],13
2025-01-13,APLP.TA,[603.34823296],14
2025-01-14,APLP.TA,[603.26272883],15
2025-01-15,APLP.TA,[629.62722916],16
2025-01-16,APLP.TA,[613.19497004],17
2025-01-17,APLP.TA,[691.93907639],18
2025-01-18,APLP.TA,[714.60416228],19
2025-01-19,APLP.TA,[598.59041522],20
2025-01-20,APLP.TA,[590.07036912],21
2025-01-21,APLP.TA,[596.46957121],22
2025-01-22,APLP.TA,[611.38322805],23
2025-01-23,APLP.TA,[613.31279837],24
2025-01-24,APLP.TA,[621.50295958],25
2025-01-25,APLP.TA,[595.58866528],26
2025-01-26,APLP.TA,[643.8337265],27
2025-01-27,APLP.TA,[629.45613522],28
2025-01-28,APLP.TA,[606.53751035],29
2025-01-29,APLP.TA,[533.49509209],30
2024-12-31,AQUA.TA,[144.27159802],1
2025-01-01,AQUA.TA,[170.50848573],2
2025-01-02,AQUA.TA,[148.63631107],3
2025-01-03,AQUA.TA,[126.41979341],4
2025-01-04,AQUA.TA,[144.97840582],5
2025-01-05,AQUA.TA,[187.2116154],6
2025-01-06,AQUA.TA,[224.66903507],7
2025-01-07,AQUA.TA,[198.88219381],8
2025-01-08,AQUA.TA,[241.65161928],9
2025-01-09,AQUA.TA,[256.51715586],10
2025-01-10,AQUA.TA,[241.21227501],11
2025-01-11,AQUA.TA,[247.6157899],12
2025-01-12,AQUA.TA,[252.44508705],13
2025-01-13,AQUA.TA,[258.46112844],14
2025-01-14,AQUA.TA,[208.35374515],15
2025-01-15,AQUA.TA,[226.81901272],16
2025-01-16,AQUA.TA,[178.37316488],17
2025-01-17,AQUA.TA,[188.11839989],18
2025-01-18,AQUA.TA,[169.46841805],19
2025-01-19,AQUA.TA,[185.11629039],20
2025-01-20,AQUA.TA,[159.2310643],21
2025-01-21,AQUA.TA,[131.02116635],22
2025-01-22,AQUA.TA,[112.28124395],23
2025-01-23,AQUA.TA,[145.60297507],24
2025-01-24,AQUA.TA,[125.45957192],25
2025-01-25,AQUA.TA,[143.67045839],26
2025-01-26,AQUA.TA,[119.63926891],27
2025-01-27,AQUA.TA,[137.03061124],28
2025-01-28,AQUA.TA,[107.56069652],29
2025-01-29,AQUA.TA,[105.80708948],30
2024-12-31,ARD.TA,[5048.22793722],1
2025-01-01,ARD.TA,[5034.1051365],2
2025-01-02,ARD.TA,[5092.96557421],3
2025-01-03,ARD.TA,[5099.80824391],4
2025-01-04,ARD.TA,[5132.80447421],5
2025-01-05,ARD.TA,[5057.24417611],6
2025-01-06,ARD.TA,[5142.41930805],7
2025-01-07,ARD.TA,[5095.38136929],8
2025-01-08,ARD.TA,[5034.00550972],9
2025-01-09,ARD.TA,[4994.66088904],10
2025-01-10,ARD.TA,[4991.18791912],11
2025-01-11,ARD.TA,[5051.87471882],12
2025-01-12,ARD.TA,[5098.76980696],13
2025-01-13,ARD.TA,[5211.29396786],14
2025-01-14,ARD.TA,[5237.77026518],15
2025-01-15,ARD.TA,[5441.26738181],16
2025-01-16,ARD.TA,[5406.78548721],17
2025-01-17,ARD.TA,[5478.15871431],18
2025-01-18,ARD.TA,[5479.48643086],19
2025-01-19,ARD.TA,[5486.29355211],20
2025-01-20,ARD.TA,[5497.23656497],21
2025-01-21,ARD.TA,[5576.9640653],22
2025-01-22,ARD.TA,[5453.36348928],23
2025-01-23,ARD.TA,[5386.37139945],24
2025-01-24,ARD.TA,[5332.48605095],25
2025-01-25,ARD.TA,[5303.03667695],26
2025-01-26,ARD.TA,[5335.08974949],27
2025-01-27,ARD.TA,[5289.01969017],28
2025-01-28,ARD.TA,[5318.79861044],29
2025-01-29,ARD.TA,[5314.0218191],30
2024-12-31,ARAN.TA,[2036.4705061],1
2025-01-01,ARAN.TA,[2033.26151294],2
2025-01-02,ARAN.TA,[2029.91104318],3
2025-01-03,ARAN.TA,[2038.65694242],4
2025-01-04,ARAN.TA,[2067.74382821],5
2025-01-05,ARAN.TA,[2036.71411324],6
2025-01-06,ARAN.TA,[2046.01243781],7
2025-01-07,ARAN.TA,[2041.7371495],8
2025-01-08,ARAN.TA,[2015.44003176],9
2025-01-09,ARAN.TA,[2005.38752105],10
2025-01-10,ARAN.TA,[2010.70661868],11
2025-01-11,ARAN.TA,[1987.92074651],12
2025-01-12,ARAN.TA,[2014.15777054],13
2025-01-13,ARAN.TA,[2038.14965361],14
2025-01-14,ARAN.TA,[2033.02796506],15
2025-01-15,ARAN.TA,[2036.04170464],16
2025-01-16,ARAN.TA,[2022.53140855],17
2025-01-17,ARAN.TA,[2035.47395236],18
2025-01-18,ARAN.TA,[2018.01183297],19
2025-01-19,ARAN.TA,[2027.08911787],20
2025-01-20,ARAN.TA,[2009.16907199],21
2025-01-21,ARAN.TA,[2011.31702244],22
2025-01-22,ARAN.TA,[2013.19076491],23
2025-01-23,ARAN.TA,[2014.90452485],24
2025-01-24,ARAN.TA,[2011.70516371],25
2025-01-25,ARAN.TA,[2020.38671903],26
2025-01-26,ARAN.TA,[2037.81716681],27
2025-01-27,ARAN.TA,[2023.94449051],28
2025-01-28,ARAN.TA,[2046.72633601],29
2025-01-29,ARAN.TA,[2043.38237179],30
2024-12-31,ARBE.TA,[649.63073691],1
2025-01-01,ARBE.TA,[655.23361644],2
2025-01-02,ARBE.TA,[656.04923843],3
2025-01-03,ARBE.TA,[656.98116062],4
2025-01-04,ARBE.TA,[661.91826692],5
2025-01-05,ARBE.TA,[663.07652012],6
2025-01-06,ARBE.TA,[665.04310846],7
2025-01-07,ARBE.TA,[664.53048932],8
2025-01-08,ARBE.TA,[662.86409222],9
2025-01-09,ARBE.TA,[661.90581999],10
2025-01-10,ARBE.TA,[659.98025823],11
2025-01-11,ARBE.TA,[660.60516086],12
2025-01-12,ARBE.TA,[663.69592938],13
2025-01-13,ARBE.TA,[659.76183761],14
2025-01-14,ARBE.TA,[661.77174897],15
2025-01-15,ARBE.TA,[662.52227179],16
2025-01-16,ARBE.TA,[666.2961873],17
2025-01-17,ARBE.TA,[667.53490771],18
2025-01-18,ARBE.TA,[661.06363654],19
2025-01-19,ARBE.TA,[664.1270327],20
2025-01-20,ARBE.TA,[664.48623218],21
2025-01-21,ARBE.TA,[664.46578327],22
2025-01-22,ARBE.TA,[665.34309189],23
2025-01-23,ARBE.TA,[664.29128134],24
2025-01-24,ARBE.TA,[659.79573118],25
2025-01-25,ARBE.TA,[662.86825814],26
2025-01-26,ARBE.TA,[664.55258568],27
2025-01-27,ARBE.TA,[664.90826918],28
2025-01-28,ARBE.TA,[666.90748108],29
2025-01-29,ARBE.TA,[670.65368824],30
2024-12-31,ARGO.TA,[9671.20055666],1
2025-01-01,ARGO.TA,[9116.98424752],2
2025-01-02,ARGO.TA,[9177.50917137],3
2025-01-03,ARGO.TA,[9411.74436963],4
2025-01-04,ARGO.TA,[9318.76117623],5
2025-01-05,ARGO.TA,[9715.61449671],6
2025-01-06,ARGO.TA,[9738.54575858],7
2025-01-07,ARGO.TA,[10047.07481429],8
2025-01-08,ARGO.TA,[10042.15299064],9
2025-01-09,ARGO.TA,[10161.44585235],10
2025-01-10,ARGO.TA,[9800.74893029],11
2025-01-11,ARGO.TA,[9963.00910133],12
2025-01-12,ARGO.TA,[9809.13992761],13
2025-01-13,ARGO.TA,[9687.8016678],14
2025-01-14,ARGO.TA,[9639.3772215],15
2025-01-15,ARGO.TA,[9966.25913318],16
2025-01-16,ARGO.TA,[10484.59327989],17
2025-01-17,ARGO.TA,[11087.04223765],18
2025-01-18,ARGO.TA,[11112.7882058],19
2025-01-19,ARGO.TA,[11174.48044412],20
2025-01-20,ARGO.TA,[11131.7372127],21
2025-01-21,ARGO.TA,[11557.51260858],22
2025-01-22,ARGO.TA,[11501.89527302],23
2025-01-23,ARGO.TA,[11401.75024384],24
2025-01-24,ARGO.TA,[11335.64474963],25
2025-01-25,ARGO.TA,[11615.94530506],26
2025-01-26,ARGO.TA,[11522.73497126],27
2025-01-27,ARGO.TA,[11232.94986909],28
2025-01-28,ARGO.TA,[11906.37550085],29
2025-01-29,ARGO.TA,[11467.57702263],30
2024-12-31,ARIN.TA,[211.62175031],1
2025-01-01,ARIN.TA,[213.06375472],2
2025-01-02,ARIN.TA,[199.98119827],3
2025-01-03,ARIN.TA,[190.26384928],4
2025-01-04,ARIN.TA,[186.98328611],5
2025-01-05,ARIN.TA,[181.15168236],6
2025-01-06,ARIN.TA,[174.35579055],7
2025-01-07,ARIN.TA,[170.05410668],8
2025-01-08,ARIN.TA,[163.92691446],9
2025-01-09,ARIN.TA,[173.51748433],10
2025-01-10,ARIN.TA,[176.85453128],11
2025-01-11,ARIN.TA,[199.98444875],12
2025-01-12,ARIN.TA,[194.46877164],13
2025-01-13,ARIN.TA,[194.58014601],14
2025-01-14,ARIN.TA,[195.73719001],15
2025-01-15,ARIN.TA,[204.47866876],16
2025-01-16,ARIN.TA,[195.41440822],17
2025-01-17,ARIN.TA,[189.73309952],18
2025-01-18,ARIN.TA,[186.53695427],19
2025-01-19,ARIN.TA,[181.93723835],20
2025-01-20,ARIN.TA,[181.24947655],21
2025-01-21,ARIN.TA,[173.7208883],22
2025-01-22,ARIN.TA,[159.71165371],23
2025-01-23,ARIN.TA,[165.39644369],24
2025-01-24,ARIN.TA,[177.82338694],25
2025-01-25,ARIN.TA,[170.24408721],26
2025-01-26,ARIN.TA,[162.33428319],27
2025-01-27,ARIN.TA,[168.14083137],28
2025-01-28,ARIN.TA,[158.53628482],29
2025-01-29,ARIN.TA,[141.36455028],30
2024-12-31,ARYT.TA,[675.18054568],1
2025-01-01,ARYT.TA,[677.04212771],2
2025-01-02,ARYT.TA,[656.31784384],3
2025-01-03,ARYT.TA,[658.81408636],4
2025-01-04,ARYT.TA,[636.41316437],5
2025-01-05,ARYT.TA,[617.89814149],6
2025-01-06,ARYT.TA,[633.5712085],7
2025-01-07,ARYT.TA,[635.09014271],8
2025-01-08,ARYT.TA,[633.79745579],9
2025-01-09,ARYT.TA,[624.42320441],10
2025-01-10,ARYT.TA,[600.66131263],11
2025-01-11,ARYT.TA,[617.25573258],12
2025-01-12,ARYT.TA,[623.15608851],13
2025-01-13,ARYT.TA,[619.28019296],14
2025-01-14,ARYT.TA,[631.22835945],15
2025-01-15,ARYT.TA,[639.42264495],16
2025-01-16,ARYT.TA,[624.96864622],17
2025-01-17,ARYT.TA,[647.88810985],18
2025-01-18,ARYT.TA,[654.01305209],19
2025-01-19,ARYT.TA,[653.86042823],20
2025-01-20,ARYT.TA,[671.94295499],21
2025-01-21,ARYT.TA,[717.56099136],22
2025-01-22,ARYT.TA,[709.58340827],23
2025-01-23,ARYT.TA,[677.87861304],24
2025-01-24,ARYT.TA,[683.58365171],25
2025-01-25,ARYT.TA,[676.56186025],26
2025-01-26,ARYT.TA,[630.00372048],27
2025-01-27,ARYT.TA,[642.98627569],28
2025-01-28,ARYT.TA,[642.27784551],29
2025-01-29,ARYT.TA,[631.73890866],30
2024-12-31,ARF.TA,[5936.36151413],1
2025-01-01,ARF.TA,[5937.68419798],2
2025-01-02,ARF.TA,[5937.74404819],3
2025-01-03,ARF.TA,[5929.1989126],4
2025-01-04,ARF.TA,[5939.12012785],5
2025-01-05,ARF.TA,[5942.18105986],6
2025-01-06,ARF.TA,[5925.86813997],7
2025-01-07,ARF.TA,[5916.63021305],8
2025-01-08,ARF.TA,[5914.41759489],9
2025-01-09,ARF.TA,[5906.18884508],10
2025-01-10,ARF.TA,[5891.81085136],11
2025-01-11,ARF.TA,[5871.27763699],12
2025-01-12,ARF.TA,[5845.46844491],13
2025-01-13,ARF.TA,[5826.83273227],14
2025-01-14,ARF.TA,[5828.06239923],15
2025-01-15,ARF.TA,[5819.25513156],16
2025-01-16,ARF.TA,[5808.19032824],17
2025-01-17,ARF.TA,[5808.58133984],18
2025-01-18,ARF.TA,[5806.3070946],19
2025-01-19,ARF.TA,[5811.21340139],20
2025-01-20,ARF.TA,[5831.40407856],21
2025-01-21,ARF.TA,[5819.20374864],22
2025-01-22,ARF.TA,[5819.35902035],23
2025-01-23,ARF.TA,[5808.35555993],24
2025-01-24,ARF.TA,[5799.78638696],25
2025-01-25,ARF.TA,[5804.13862588],26
2025-01-26,ARF.TA,[5807.06203787],27
2025-01-27,ARF.TA,[5819.70228183],28
2025-01-28,ARF.TA,[5813.25266382],29
2025-01-29,ARF.TA,[5814.59050721],30
2024-12-31,ASHO.TA,[4232.58222039],1
2025-01-01,ASHO.TA,[4120.23087267],2
2025-01-02,ASHO.TA,[4122.79671097],3
2025-01-03,ASHO.TA,[4343.57449095],4
2025-01-04,ASHO.TA,[4552.85496195],5
2025-01-05,ASHO.TA,[4534.43826334],6
2025-01-06,ASHO.TA,[4767.51307133],7
2025-01-07,ASHO.TA,[4677.9087015],8
2025-01-08,ASHO.TA,[4685.55131926],9
2025-01-09,ASHO.TA,[4482.00006477],10
2025-01-10,ASHO.TA,[4472.17289225],11
2025-01-11,ASHO.TA,[4656.64227977],12
2025-01-12,ASHO.TA,[4545.34433367],13
2025-01-13,ASHO.TA,[4525.70037972],14
2025-01-14,ASHO.TA,[4407.95270238],15
2025-01-15,ASHO.TA,[4388.45801866],16
2025-01-16,ASHO.TA,[4023.90343659],17
2025-01-17,ASHO.TA,[4221.89199448],18
2025-01-18,ASHO.TA,[4261.9815357],19
2025-01-19,ASHO.TA,[4089.51666118],20
2025-01-20,ASHO.TA,[4092.30684643],21
2025-01-21,ASHO.TA,[4314.85004878],22
2025-01-22,ASHO.TA,[4392.99116809],23
2025-01-23,ASHO.TA,[4486.02451797],24
2025-01-24,ASHO.TA,[4531.1268894],25
2025-01-25,ASHO.TA,[4114.99095478],26
2025-01-26,ASHO.TA,[4310.47125015],27
2025-01-27,ASHO.TA,[4240.24196864],28
2025-01-28,ASHO.TA,[4623.67589776],29
2025-01-29,ASHO.TA,[4693.03719049],30
2024-12-31,ASHG.TA,[6279.67417169],1
2025-01-01,ASHG.TA,[6229.69205969],2
2025-01-02,ASHG.TA,[6277.42138068],3
2025-01-03,ASHG.TA,[6356.65641507],4
2025-01-04,ASHG.TA,[6358.62866148],5
2025-01-05,ASHG.TA,[6358.43260794],6
2025-01-06,ASHG.TA,[6485.06815325],7
2025-01-07,ASHG.TA,[6469.78231292],8
2025-01-08,ASHG.TA,[6654.98795247],9
2025-01-09,ASHG.TA,[6906.2916678],10
2025-01-10,ASHG.TA,[6636.45944009],11
2025-01-11,ASHG.TA,[6414.60599135],12
2025-01-12,ASHG.TA,[6324.42070255],13
2025-01-13,ASHG.TA,[6270.76900686],14
2025-01-14,ASHG.TA,[6424.35117059],15
2025-01-15,ASHG.TA,[6512.75024219],16
2025-01-16,ASHG.TA,[6379.60874327],17
2025-01-17,ASHG.TA,[6268.59892728],18
2025-01-18,ASHG.TA,[6403.1929691],19
2025-01-19,ASHG.TA,[6497.61168134],20
2025-01-20,ASHG.TA,[6621.23179957],21
2025-01-21,ASHG.TA,[6566.56344755],22
2025-01-22,ASHG.TA,[6785.94200507],23
2025-01-23,ASHG.TA,[6744.30577833],24
2025-01-24,ASHG.TA,[6671.72771791],25
2025-01-25,ASHG.TA,[6578.35061273],26
2025-01-26,ASHG.TA,[6784.52396442],27
2025-01-27,ASHG.TA,[6959.09123255],28
2025-01-28,ASHG.TA,[6839.2945619],29
2025-01-29,ASHG.TA,[6868.78973798],30
2024-12-31,ASGR.TA,[678.02677838],1
2025-01-01,ASGR.TA,[683.04645599],2
2025-01-02,ASGR.TA,[671.8023741],3
2025-01-03,ASGR.TA,[644.86493166],4
2025-01-04,ASGR.TA,[679.92972141],5
2025-01-05,ASGR.TA,[665.44198085],6
2025-01-06,ASGR.TA,[649.01834103],7
2025-01-07,ASGR.TA,[641.58045828],8
2025-01-08,ASGR.TA,[648.92112258],9
2025-01-09,ASGR.TA,[674.99775292],10
2025-01-10,ASGR.TA,[676.84812106],11
2025-01-11,ASGR.TA,[675.37165355],12
2025-01-12,ASGR.TA,[670.3215591],13
2025-01-13,ASGR.TA,[679.00356438],14
2025-01-14,ASGR.TA,[652.82296605],15
2025-01-15,ASGR.TA,[653.60588062],16
2025-01-16,ASGR.TA,[667.81586464],17
2025-01-17,ASGR.TA,[698.93459866],18
2025-01-18,ASGR.TA,[701.34536472],19
2025-01-19,ASGR.TA,[705.11068878],20
2025-01-20,ASGR.TA,[707.88507132],21
2025-01-21,ASGR.TA,[706.22816212],22
2025-01-22,ASGR.TA,[708.36704927],23
2025-01-23,ASGR.TA,[728.18712268],24
2025-01-24,ASGR.TA,[704.12136296],25
2025-01-25,ASGR.TA,[701.66821159],26
2025-01-26,ASGR.TA,[658.49227292],27
2025-01-27,ASGR.TA,[663.03587721],28
2025-01-28,ASGR.TA,[677.4312131],29
2025-01-29,ASGR.TA,[728.76474654],30
2024-12-31,AUDC.TA,[3201.22538274],1
2025-01-01,AUDC.TA,[3189.52551162],2
2025-01-02,AUDC.TA,[3406.78420327],3
2025-01-03,AUDC.TA,[3132.00068962],4
2025-01-04,AUDC.TA,[2818.44275115],5
2025-01-05,AUDC.TA,[2864.62315152],6
2025-01-06,AUDC.TA,[2884.89367996],7
2025-01-07,AUDC.TA,[2874.33708625],8
2025-01-08,AUDC.TA,[2668.25769339],9
2025-01-09,AUDC.TA,[2413.13523349],10
2025-01-10,AUDC.TA,[2326.63034919],11
2025-01-11,AUDC.TA,[2145.69997483],12
2025-01-12,AUDC.TA,[2320.57038967],13
2025-01-13,AUDC.TA,[2499.86258606],14
2025-01-14,AUDC.TA,[2376.35554704],15
2025-01-15,AUDC.TA,[2590.44578454],16
2025-01-16,AUDC.TA,[2527.92497065],17
2025-01-17,AUDC.TA,[2416.3832049],18
2025-01-18,AUDC.TA,[2394.4795791],19
2025-01-19,AUDC.TA,[2406.81457251],20
2025-01-20,AUDC.TA,[2250.73573184],21
2025-01-21,AUDC.TA,[2176.71089304],22
2025-01-22,AUDC.TA,[2059.74180923],23
2025-01-23,AUDC.TA,[2026.91874905],24
2025-01-24,AUDC.TA,[2034.94139443],25
2025-01-25,AUDC.TA,[2312.20898997],26
2025-01-26,AUDC.TA,[2320.98755033],27
2025-01-27,AUDC.TA,[2453.19574467],28
2025-01-28,AUDC.TA,[2323.56173874],29
2025-01-29,AUDC.TA,[2083.96635789],30
2024-12-31,AUGN.TA,[342.1477392],1
2025-01-01,AUGN.TA,[281.97869919],2
2025-01-02,AUGN.TA,[254.77769967],3
2025-01-03,AUGN.TA,[200.42697736],4
2025-01-04,AUGN.TA,[275.03429623],5
2025-01-05,AUGN.TA,[314.6812332],6
2025-01-06,AUGN.TA,[116.03001325],7
2025-01-07,AUGN.TA,[85.44642011],8
2025-01-08,AUGN.TA,[107.82054562],9
2025-01-09,AUGN.TA,[95.47832051],10
2025-01-10,AUGN.TA,[94.52308102],11
2025-01-11,AUGN.TA,[98.14985804],12
2025-01-12,AUGN.TA,[115.62911645],13
2025-01-13,AUGN.TA,[115.09336946],14
2025-01-14,AUGN.TA,[5.47181301],15
2025-01-15,AUGN.TA,[7.29098565],16
2025-01-16,AUGN.TA,[5.17795433],17
2025-01-17,AUGN.TA,[6.93915208],18
2025-01-18,AUGN.TA,[7.12622659],19
2025-01-19,AUGN.TA,[8.38651641],20
2025-01-20,AUGN.TA,[5.24770477],21
2025-01-21,AUGN.TA,[5.07064681],22
2025-01-22,AUGN.TA,[6.71761234],23
2025-01-23,AUGN.TA,[6.82141309],24
2025-01-24,AUGN.TA,[7.11785379],25
2025-01-25,AUGN.TA,[5.38536355],26
2025-01-26,AUGN.TA,[3.6405413],27
2025-01-27,AUGN.TA,[2.37711315],28
2025-01-28,AUGN.TA,[2.43193329],29
2025-01-29,AUGN.TA,[2.13528481],30
2024-12-31,AURA.TA,[1871.60653578],1
2025-01-01,AURA.TA,[1960.07179299],2
2025-01-02,AURA.TA,[1930.3122503],3
2025-01-03,AURA.TA,[1916.27789542],4
2025-01-04,AURA.TA,[1812.41185083],5
2025-01-05,AURA.TA,[1743.12163352],6
2025-01-06,AURA.TA,[1684.5443694],7
2025-01-07,AURA.TA,[1676.21865004],8
2025-01-08,AURA.TA,[1688.25129717],9
2025-01-09,AURA.TA,[1647.52574763],10
2025-01-10,AURA.TA,[1727.7176373],11
2025-01-11,AURA.TA,[1625.18715722],12
2025-01-12,AURA.TA,[1543.76913419],13
2025-01-13,AURA.TA,[1547.09185388],14
2025-01-14,AURA.TA,[1471.4105496],15
2025-01-15,AURA.TA,[1479.7734329],16
2025-01-16,AURA.TA,[1577.11756349],17
2025-01-17,AURA.TA,[1624.51272573],18
2025-01-18,AURA.TA,[1675.60006495],19
2025-01-19,AURA.TA,[1613.00187615],20
2025-01-20,AURA.TA,[1591.23847606],21
2025-01-21,AURA.TA,[1639.06654783],22
2025-01-22,AURA.TA,[1702.71699062],23
2025-01-23,AURA.TA,[1731.65641036],24
2025-01-24,AURA.TA,[1664.85746915],25
2025-01-25,AURA.TA,[1673.42471494],26
2025-01-26,AURA.TA,[1650.609604],27
2025-01-27,AURA.TA,[1641.38541805],28
2025-01-28,AURA.TA,[1768.51367468],29
2025-01-29,AURA.TA,[1635.68033948],30
2024-12-31,AUSA-M.TA,[3.41099385],1
2025-01-01,AUSA-M.TA,[2.55195404],2
2025-01-02,AUSA-M.TA,[1.24767552],3
2025-01-03,AUSA-M.TA,[1.02014504],4
2025-01-04,AUSA-M.TA,[0.70828628],5
2025-01-05,AUSA-M.TA,[0.9669021],6
2025-01-06,AUSA-M.TA,[0.72543097],7
2025-01-07,AUSA-M.TA,[0.6944407],8
2025-01-08,AUSA-M.TA,[0.70760429],9
2025-01-09,AUSA-M.TA,[0.44345155],10
2025-01-10,AUSA-M.TA,[0.32601862],11
2025-01-11,AUSA-M.TA,[0.43168077],12
2025-01-12,AUSA-M.TA,[0.34840064],13
2025-01-13,AUSA-M.TA,[0.56926575],14
2025-01-14,AUSA-M.TA,[0.62491313],15
2025-01-15,AUSA-M.TA,[0.53138822],16
2025-01-16,AUSA-M.TA,[0.52606432],17
2025-01-17,AUSA-M.TA,[0.12354122],18
2025-01-18,AUSA-M.TA,[0.23824208],19
2025-01-19,AUSA-M.TA,[0.21570455],20
2025-01-20,AUSA-M.TA,[0.11418389],21
2025-01-21,AUSA-M.TA,[0.17964779],22
2025-01-22,AUSA-M.TA,[0.07685984],23
2025-01-23,AUSA-M.TA,[0.02760349],24
2025-01-24,AUSA-M.TA,[0.02201287],25
2025-01-25,AUSA-M.TA,[0.02876168],26
2025-01-26,AUSA-M.TA,[0.0266007],27
2025-01-27,AUSA-M.TA,[0.02268528],28
2025-01-28,AUSA-M.TA,[0.01471293],29
2025-01-29,AUSA-M.TA,[0.02504289],30
2024-12-31,AUIS.TA,[1157.63357304],1
2025-01-01,AUIS.TA,[1513.57709843],2
2025-01-02,AUIS.TA,[1460.76629904],3
2025-01-03,AUIS.TA,[1630.7174174],4
2025-01-04,AUIS.TA,[858.67971401],5
2025-01-05,AUIS.TA,[663.67098706],6
2025-01-06,AUIS.TA,[839.63348698],7
2025-01-07,AUIS.TA,[1167.99052912],8
2025-01-08,AUIS.TA,[1011.42828587],9
2025-01-09,AUIS.TA,[735.80467127],10
2025-01-10,AUIS.TA,[757.84472163],11
2025-01-11,AUIS.TA,[770.17016972],12
2025-01-12,AUIS.TA,[961.05805062],13
2025-01-13,AUIS.TA,[937.14089154],14
2025-01-14,AUIS.TA,[1201.25768526],15
2025-01-15,AUIS.TA,[1287.70729745],16
2025-01-16,AUIS.TA,[538.78972364],17
2025-01-17,AUIS.TA,[644.04764452],18
2025-01-18,AUIS.TA,[489.9573053],19
2025-01-19,AUIS.TA,[596.94706876],20
2025-01-20,AUIS.TA,[703.88654765],21
2025-01-21,AUIS.TA,[719.08709094],22
2025-01-22,AUIS.TA,[829.94098919],23
2025-01-23,AUIS.TA,[613.24752231],24
2025-01-24,AUIS.TA,[818.19149113],25
2025-01-25,AUIS.TA,[502.23419747],26
2025-01-26,AUIS.TA,[640.82735734],27
2025-01-27,AUIS.TA,[576.25045977],28
2025-01-28,AUIS.TA,[639.75223729],29
2025-01-29,AUIS.TA,[672.87514007],30
2024-12-31,AMX.TA,[17.165276],1
2025-01-01,AMX.TA,[12.37482902],2
2025-01-02,AMX.TA,[12.88514473],3
2025-01-03,AMX.TA,[12.49974214],4
2025-01-04,AMX.TA,[14.34944223],5
2025-01-05,AMX.TA,[12.13393539],6
2025-01-06,AMX.TA,[14.71014506],7
2025-01-07,AMX.TA,[12.02625985],8
2025-01-08,AMX.TA,[12.45344158],9
2025-01-09,AMX.TA,[9.90226714],10
2025-01-10,AMX.TA,[9.46367311],11
2025-01-11,AMX.TA,[10.21513481],12
2025-01-12,AMX.TA,[11.56745393],13
2025-01-13,AMX.TA,[10.1120355],14
2025-01-14,AMX.TA,[9.91290621],15
2025-01-15,AMX.TA,[12.12314013],16
2025-01-16,AMX.TA,[11.95121563],17
2025-01-17,AMX.TA,[13.38686777],18
2025-01-18,AMX.TA,[13.67971284],19
2025-01-19,AMX.TA,[11.88522467],20
2025-01-20,AMX.TA,[14.46537042],21
2025-01-21,AMX.TA,[15.89803354],22
2025-01-22,AMX.TA,[16.25049983],23
2025-01-23,AMX.TA,[14.84528007],24
2025-01-24,AMX.TA,[15.09932657],25
2025-01-25,AMX.TA,[13.24769972],26
2025-01-26,AMX.TA,[14.069686],27
2025-01-27,AMX.TA,[16.13520149],28
2025-01-28,AMX.TA,[19.21698952],29
2025-01-29,AMX.TA,[19.88480749],30
2024-12-31,AVER.TA,[943.39207487],1
2025-01-01,AVER.TA,[890.1001494],2
2025-01-02,AVER.TA,[904.01435979],3
2025-01-03,AVER.TA,[916.28083366],4
2025-01-04,AVER.TA,[983.50176547],5
2025-01-05,AVER.TA,[962.58784923],6
2025-01-06,AVER.TA,[925.3650282],7
2025-01-07,AVER.TA,[948.10785701],8
2025-01-08,AVER.TA,[992.67433156],9
2025-01-09,AVER.TA,[1031.75048482],10
2025-01-10,AVER.TA,[993.52011109],11
2025-01-11,AVER.TA,[889.2515663],12
2025-01-12,AVER.TA,[849.05939959],13
2025-01-13,AVER.TA,[786.63000268],14
2025-01-14,AVER.TA,[756.70796797],15
2025-01-15,AVER.TA,[749.41051683],16
2025-01-16,AVER.TA,[798.21663155],17
2025-01-17,AVER.TA,[846.58928551],18
2025-01-18,AVER.TA,[738.02558869],19
2025-01-19,AVER.TA,[748.9883032],20
2025-01-20,AVER.TA,[682.28583966],21
2025-01-21,AVER.TA,[734.50786103],22
2025-01-22,AVER.TA,[706.27871802],23
2025-01-23,AVER.TA,[759.39758355],24
2025-01-24,AVER.TA,[731.46258696],25
2025-01-25,AVER.TA,[870.95166146],26
2025-01-26,AVER.TA,[931.20294858],27
2025-01-27,AVER.TA,[970.21092491],28
2025-01-28,AVER.TA,[1032.50531725],29
2025-01-29,AVER.TA,[965.38666179],30
2024-12-31,AVGD.TA,[1841.09964465],1
2025-01-01,AVGD.TA,[1845.68096686],2
2025-01-02,AVGD.TA,[1851.59180085],3
2025-01-03,AVGD.TA,[1869.22714918],4
2025-01-04,AVGD.TA,[1873.48335667],5
2025-01-05,AVGD.TA,[1871.30426187],6
2025-01-06,AVGD.TA,[1873.46011199],7
2025-01-07,AVGD.TA,[1887.74546419],8
2025-01-08,AVGD.TA,[1883.95937237],9
2025-01-09,AVGD.TA,[1899.82167541],10
2025-01-10,AVGD.TA,[1939.15168783],11
2025-01-11,AVGD.TA,[1916.78453905],12
2025-01-12,AVGD.TA,[1913.74254233],13
2025-01-13,AVGD.TA,[1903.47762988],14
2025-01-14,AVGD.TA,[1918.04647678],15
2025-01-15,AVGD.TA,[1933.99289486],16
2025-01-16,AVGD.TA,[1963.92692104],17
2025-01-17,AVGD.TA,[1975.3269462],18
2025-01-18,AVGD.TA,[1965.58384536],19
2025-01-19,AVGD.TA,[1972.77391859],20
2025-01-20,AVGD.TA,[1982.66607165],21
2025-01-21,AVGD.TA,[2003.62642138],22
2025-01-22,AVGD.TA,[1997.95799065],23
2025-01-23,AVGD.TA,[2022.92654805],24
2025-01-24,AVGD.TA,[2010.59772737],25
2025-01-25,AVGD.TA,[2020.28144928],26
2025-01-26,AVGD.TA,[2037.72061427],27
2025-01-27,AVGD.TA,[2060.22396561],28
2025-01-28,AVGD.TA,[2062.52035068],29
2025-01-29,AVGD.TA,[2074.67429618],30
2024-12-31,AVGL.TA,[138.75024986],1
2025-01-01,AVGL.TA,[140.75969592],2
2025-01-02,AVGL.TA,[139.16362746],3
2025-01-03,AVGL.TA,[135.96365761],4
2025-01-04,AVGL.TA,[131.6218541],5
2025-01-05,AVGL.TA,[132.97016995],6
2025-01-06,AVGL.TA,[130.45955158],7
2025-01-07,AVGL.TA,[129.86673649],8
2025-01-08,AVGL.TA,[131.25251811],9
2025-01-09,AVGL.TA,[135.10652765],10
2025-01-10,AVGL.TA,[136.46959709],11
2025-01-11,AVGL.TA,[138.84559485],12
2025-01-12,AVGL.TA,[141.2407638],13
2025-01-13,AVGL.TA,[143.39366477],14
2025-01-14,AVGL.TA,[142.2415755],15
2025-01-15,AVGL.TA,[137.84408391],16
2025-01-16,AVGL.TA,[141.16691958],17
2025-01-17,AVGL.TA,[143.78097773],18
2025-01-18,AVGL.TA,[143.57593945],19
2025-01-19,AVGL.TA,[142.00197509],20
2025-01-20,AVGL.TA,[137.10403649],21
2025-01-21,AVGL.TA,[140.00534028],22
2025-01-22,AVGL.TA,[139.18811597],23
2025-01-23,AVGL.TA,[139.55183474],24
2025-01-24,AVGL.TA,[143.42395785],25
2025-01-25,AVGL.TA,[147.99384169],26
2025-01-26,AVGL.TA,[150.71324273],27
2025-01-27,AVGL.TA,[151.53763878],28
2025-01-28,AVGL.TA,[150.55311295],29
2025-01-29,AVGL.TA,[146.53735413],30
2024-12-31,AVIA.TA,[1647.20223282],1
2025-01-01,AVIA.TA,[1671.99152091],2
2025-01-02,AVIA.TA,[1776.74124887],3
2025-01-03,AVIA.TA,[1848.9375003],4
2025-01-04,AVIA.TA,[1928.58843858],5
2025-01-05,AVIA.TA,[1814.99262696],6
2025-01-06,AVIA.TA,[1827.44822744],7
2025-01-07,AVIA.TA,[1830.35765377],8
2025-01-08,AVIA.TA,[1700.19802356],9
2025-01-09,AVIA.TA,[1850.56922521],10
2025-01-10,AVIA.TA,[1887.81137732],11
2025-01-11,AVIA.TA,[1925.50596039],12
2025-01-12,AVIA.TA,[2026.54950541],13
2025-01-13,AVIA.TA,[2067.69091143],14
2025-01-14,AVIA.TA,[2118.68497706],15
2025-01-15,AVIA.TA,[2027.86211466],16
2025-01-16,AVIA.TA,[2011.66998623],17
2025-01-17,AVIA.TA,[2159.48126516],18
2025-01-18,AVIA.TA,[2016.51906035],19
2025-01-19,AVIA.TA,[1926.74506528],20
2025-01-20,AVIA.TA,[1754.45821573],21
2025-01-21,AVIA.TA,[1846.36364304],22
2025-01-22,AVIA.TA,[1714.52151386],23
2025-01-23,AVIA.TA,[1770.543695],24
2025-01-24,AVIA.TA,[1869.73989004],25
2025-01-25,AVIA.TA,[2074.51669619],26
2025-01-26,AVIA.TA,[2221.06295874],27
2025-01-27,AVIA.TA,[2197.09868234],28
2025-01-28,AVIA.TA,[2180.13348848],29
2025-01-29,AVIA.TA,[2245.91097774],30
2024-12-31,AVIV.TA,[2073.36638892],1
2025-01-01,AVIV.TA,[2026.95507913],2
2025-01-02,AVIV.TA,[2033.06540445],3
2025-01-03,AVIV.TA,[2072.03776964],4
2025-01-04,AVIV.TA,[2113.37139294],5
2025-01-05,AVIV.TA,[2042.42688832],6
2025-01-06,AVIV.TA,[2099.90243942],7
2025-01-07,AVIV.TA,[2218.16559328],8
2025-01-08,AVIV.TA,[2260.51488723],9
2025-01-09,AVIV.TA,[2230.74997903],10
2025-01-10,AVIV.TA,[2226.15432426],11
2025-01-11,AVIV.TA,[2267.57148435],12
2025-01-12,AVIV.TA,[2298.96634554],13
2025-01-13,AVIV.TA,[2288.52000037],14
2025-01-14,AVIV.TA,[2317.64227242],15
2025-01-15,AVIV.TA,[2308.51539292],16
2025-01-16,AVIV.TA,[2333.76252491],17
2025-01-17,AVIV.TA,[2264.13872373],18
2025-01-18,AVIV.TA,[2365.75485416],19
2025-01-19,AVIV.TA,[2394.32224798],20
2025-01-20,AVIV.TA,[2395.29996167],21
2025-01-21,AVIV.TA,[2466.67297544],22
2025-01-22,AVIV.TA,[2438.20176761],23
2025-01-23,AVIV.TA,[2371.33610005],24
2025-01-24,AVIV.TA,[2376.53284858],25
2025-01-25,AVIV.TA,[2362.35411717],26
2025-01-26,AVIV.TA,[2346.18446063],27
2025-01-27,AVIV.TA,[2377.37292943],28
2025-01-28,AVIV.TA,[2439.98121364],29
2025-01-29,AVIV.TA,[2500.62346296],30
2024-12-31,AVRT.TA,[2.2400815],1
2025-01-01,AVRT.TA,[1.94537692],2
2025-01-02,AVRT.TA,[1.59483381],3
2025-01-03,AVRT.TA,[1.54218865],4
2025-01-04,AVRT.TA,[1.59885108],5
2025-01-05,AVRT.TA,[2.4299558],6
2025-01-06,AVRT.TA,[2.68844292],7
2025-01-07,AVRT.TA,[3.00957377],8
2025-01-08,AVRT.TA,[4.90230677],9
2025-01-09,AVRT.TA,[5.03402729],10
2025-01-10,AVRT.TA,[4.19489881],11
2025-01-11,AVRT.TA,[6.47460999],12
2025-01-12,AVRT.TA,[8.20517811],13
2025-01-13,AVRT.TA,[8.44069913],14
2025-01-14,AVRT.TA,[6.14455918],15
2025-01-15,AVRT.TA,[8.9122006],16
2025-01-16,AVRT.TA,[12.12095474],17
2025-01-17,AVRT.TA,[11.36618841],18
2025-01-18,AVRT.TA,[10.8201673],19
2025-01-19,AVRT.TA,[9.99071412],20
2025-01-20,AVRT.TA,[6.66434803],21
2025-01-21,AVRT.TA,[7.98368191],22
2025-01-22,AVRT.TA,[12.12872927],23
2025-01-23,AVRT.TA,[16.45241356],24
2025-01-24,AVRT.TA,[25.6180677],25
2025-01-25,AVRT.TA,[16.6802125],26
2025-01-26,AVRT.TA,[19.10488089],27
2025-01-27,AVRT.TA,[13.80276246],28
2025-01-28,AVRT.TA,[15.57533722],29
2025-01-29,AVRT.TA,[3.90917068],30
2024-12-31,AILN.TA,[121.65623807],1
2025-01-01,AILN.TA,[-413.17853212],2
2025-01-02,AILN.TA,[39.42006978],3
2025-01-03,AILN.TA,[-88.38631842],4
2025-01-04,AILN.TA,[-207.09681963],5
2025-01-05,AILN.TA,[-434.95331337],6
2025-01-06,AILN.TA,[2265.6333342],7
2025-01-07,AILN.TA,[4981.68980043],8
2025-01-08,AILN.TA,[11005.68712739],9
2025-01-09,AILN.TA,[-40539.22151285],10
2025-01-10,AILN.TA,[4834.11514962],11
2025-01-11,AILN.TA,[35523.27783127],12
2025-01-12,AILN.TA,[54422.83290882],13
2025-01-13,AILN.TA,[-200075.39132501],14
2025-01-14,AILN.TA,[-858269.81777328],15
2025-01-15,AILN.TA,[-672318.76508614],16
2025-01-16,AILN.TA,[87972.91496326],17
2025-01-17,AILN.TA,[593926.47040197],18
2025-01-18,AILN.TA,[2286615.58095658],19
2025-01-19,AILN.TA,[-2891905.22700548],20
2025-01-20,AILN.TA,[-13137254.15631105],21
2025-01-21,AILN.TA,[-10648721.88938547],22
2025-01-22,AILN.TA,[-35613533.86005749],23
2025-01-23,AILN.TA,[-18346401.74280005],24
2025-01-24,AILN.TA,[-6275214.22431811],25
2025-01-25,AILN.TA,[15238552.40420627],26
2025-01-26,AILN.TA,[-5092917.15238075],27
2025-01-27,AILN.TA,[6489278.59351415],28
2025-01-28,AILN.TA,[10706178.43554047],29
2025-01-29,AILN.TA,[-32751797.53249235],30
2024-12-31,AYAL.TA,[3593.46370701],1
2025-01-01,AYAL.TA,[3681.34907072],2
2025-01-02,AYAL.TA,[3713.00452373],3
2025-01-03,AYAL.TA,[3618.86052618],4
2025-01-04,AYAL.TA,[3679.071873],5
2025-01-05,AYAL.TA,[3630.4499338],6
2025-01-06,AYAL.TA,[3724.05958323],7
2025-01-07,AYAL.TA,[3901.62900131],8
2025-01-08,AYAL.TA,[3969.38091394],9
2025-01-09,AYAL.TA,[3956.31474583],10
2025-01-10,AYAL.TA,[3926.88944493],11
2025-01-11,AYAL.TA,[3864.72895503],12
2025-01-12,AYAL.TA,[4017.0624165],13
2025-01-13,AYAL.TA,[4130.46698145],14
2025-01-14,AYAL.TA,[4127.93548559],15
2025-01-15,AYAL.TA,[4088.46520645],16
2025-01-16,AYAL.TA,[4031.6330034],17
2025-01-17,AYAL.TA,[4055.23442266],18
2025-01-18,AYAL.TA,[3935.62677137],19
2025-01-19,AYAL.TA,[4028.24177022],20
2025-01-20,AYAL.TA,[3944.22544482],21
2025-01-21,AYAL.TA,[4001.50395628],22
2025-01-22,AYAL.TA,[4047.29783827],23
2025-01-23,AYAL.TA,[4123.67789939],24
2025-01-24,AYAL.TA,[4203.7880242],25
2025-01-25,AYAL.TA,[4209.22583275],26
2025-01-26,AYAL.TA,[4168.77567736],27
2025-01-27,AYAL.TA,[4226.4354324],28
2025-01-28,AYAL.TA,[4157.28123284],29
2025-01-29,AYAL.TA,[4203.9313432],30
2024-12-31,AZRM.TA,[2022.42466954],1
2025-01-01,AZRM.TA,[1979.23129951],2
2025-01-02,AZRM.TA,[1972.89994748],3
2025-01-03,AZRM.TA,[1993.31778044],4
2025-01-04,AZRM.TA,[1978.95864806],5
2025-01-05,AZRM.TA,[1974.23450491],6
2025-01-06,AZRM.TA,[1987.18718191],7
2025-01-07,AZRM.TA,[1949.54023167],8
2025-01-08,AZRM.TA,[1926.5554694],9
2025-01-09,AZRM.TA,[1909.93789111],10
2025-01-10,AZRM.TA,[1928.62070634],11
2025-01-11,AZRM.TA,[1930.07331404],12
2025-01-12,AZRM.TA,[1852.40946151],13
2025-01-13,AZRM.TA,[1818.1823508],14
2025-01-14,AZRM.TA,[1750.19175619],15
2025-01-15,AZRM.TA,[1733.74608045],16
2025-01-16,AZRM.TA,[1712.19137719],17
2025-01-17,AZRM.TA,[1758.92064045],18
2025-01-18,AZRM.TA,[1763.88876445],19
2025-01-19,AZRM.TA,[1702.55799977],20
2025-01-20,AZRM.TA,[1697.30287398],21
2025-01-21,AZRM.TA,[1711.02372834],22
2025-01-22,AZRM.TA,[1765.86372168],23
2025-01-23,AZRM.TA,[1832.73213229],24
2025-01-24,AZRM.TA,[1860.07491892],25
2025-01-25,AZRM.TA,[1791.388745],26
2025-01-26,AZRM.TA,[1800.77143845],27
2025-01-27,AZRM.TA,[1800.12263477],28
2025-01-28,AZRM.TA,[1803.1625822],29
2025-01-29,AZRM.TA,[1819.70566644],30
2024-12-31,AZRG.TA,[29484.53469688],1
2025-01-01,AZRG.TA,[29583.67516197],2
2025-01-02,AZRG.TA,[29565.56469797],3
2025-01-03,AZRG.TA,[29620.75755166],4
2025-01-04,AZRG.TA,[29808.8781171],5
2025-01-05,AZRG.TA,[29972.88375742],6
2025-01-06,AZRG.TA,[29987.35140886],7
2025-01-07,AZRG.TA,[30584.70293685],8
2025-01-08,AZRG.TA,[31031.64925357],9
2025-01-09,AZRG.TA,[31018.77427516],10
2025-01-10,AZRG.TA,[31761.77050007],11
2025-01-11,AZRG.TA,[31683.87361393],12
2025-01-12,AZRG.TA,[32258.66025265],13
2025-01-13,AZRG.TA,[31657.94021085],14
2025-01-14,AZRG.TA,[30968.7296258],15
2025-01-15,AZRG.TA,[30505.60437325],16
2025-01-16,AZRG.TA,[29766.13032388],17
2025-01-17,AZRG.TA,[29398.73813311],18
2025-01-18,AZRG.TA,[29649.39575074],19
2025-01-19,AZRG.TA,[29595.25125082],20
2025-01-20,AZRG.TA,[29930.53476475],21
2025-01-21,AZRG.TA,[30032.32670753],22
2025-01-22,AZRG.TA,[30310.74264737],23
2025-01-23,AZRG.TA,[30076.62668367],24
2025-01-24,AZRG.TA,[30819.93601175],25
2025-01-25,AZRG.TA,[30559.08248491],26
2025-01-26,AZRG.TA,[31433.00460586],27
2025-01-27,AZRG.TA,[31839.91703133],28
2025-01-28,AZRG.TA,[32134.27674216],29
2025-01-29,AZRG.TA,[32082.69669029],30
2024-12-31,BCOM.TA,[1678.87781209],1
2025-01-01,BCOM.TA,[1655.89943393],2
2025-01-02,BCOM.TA,[1659.03253652],3
2025-01-03,BCOM.TA,[1705.53717035],4
2025-01-04,BCOM.TA,[1698.14554769],5
2025-01-05,BCOM.TA,[1743.93167503],6
2025-01-06,BCOM.TA,[1775.96346743],7
2025-01-07,BCOM.TA,[1755.68678427],8
2025-01-08,BCOM.TA,[1829.16346264],9
2025-01-09,BCOM.TA,[1838.54836154],10
2025-01-10,BCOM.TA,[1794.20952051],11
2025-01-11,BCOM.TA,[1818.11504247],12
2025-01-12,BCOM.TA,[1854.3369682],13
2025-01-13,BCOM.TA,[1823.34669974],14
2025-01-14,BCOM.TA,[1906.50393145],15
2025-01-15,BCOM.TA,[1849.17440333],16
2025-01-16,BCOM.TA,[1856.07655589],17
2025-01-17,BCOM.TA,[1805.99021901],18
2025-01-18,BCOM.TA,[1873.94330587],19
2025-01-19,BCOM.TA,[1889.21660646],20
2025-01-20,BCOM.TA,[1914.53042664],21
2025-01-21,BCOM.TA,[1880.4065812],22
2025-01-22,BCOM.TA,[1878.32795782],23
2025-01-23,BCOM.TA,[1869.54956087],24
2025-01-24,BCOM.TA,[1816.70055768],25
2025-01-25,BCOM.TA,[1800.29603919],26
2025-01-26,BCOM.TA,[1747.63500447],27
2025-01-27,BCOM.TA,[1826.81901909],28
2025-01-28,BCOM.TA,[1742.84879496],29
2025-01-29,BCOM.TA,[1718.82180984],30
2024-12-31,BKFR.TA,[1303.4898825],1
2025-01-01,BKFR.TA,[1298.33123875],2
2025-01-02,BKFR.TA,[1316.18699078],3
2025-01-03,BKFR.TA,[1308.7627422],4
2025-01-04,BKFR.TA,[1294.63260098],5
2025-01-05,BKFR.TA,[1292.17967897],6
2025-01-06,BKFR.TA,[1301.63274748],7
2025-01-07,BKFR.TA,[1300.90529247],8
2025-01-08,BKFR.TA,[1291.3685482],9
2025-01-09,BKFR.TA,[1290.88578416],10
2025-01-10,BKFR.TA,[1268.94040056],11
2025-01-11,BKFR.TA,[1276.52654097],12
2025-01-12,BKFR.TA,[1276.0974747],13
2025-01-13,BKFR.TA,[1263.62007734],14
2025-01-14,BKFR.TA,[1265.29215517],15
2025-01-15,BKFR.TA,[1262.46196375],16
2025-01-16,BKFR.TA,[1288.00972432],17
2025-01-17,BKFR.TA,[1294.94741095],18
2025-01-18,BKFR.TA,[1299.46257107],19
2025-01-19,BKFR.TA,[1289.53685536],20
2025-01-20,BKFR.TA,[1305.56351984],21
2025-01-21,BKFR.TA,[1286.57641072],22
2025-01-22,BKFR.TA,[1287.92926161],23
2025-01-23,BKFR.TA,[1297.38682777],24
2025-01-24,BKFR.TA,[1293.54033357],25
2025-01-25,BKFR.TA,[1306.7057837],26
2025-01-26,BKFR.TA,[1303.1269179],27
2025-01-27,BKFR.TA,[1325.21002128],28
2025-01-28,BKFR.TA,[1342.13777021],29
2025-01-29,BKFR.TA,[1316.12301772],30
2024-12-31,BVGG.TA,[687.85092229],1
2025-01-01,BVGG.TA,[694.69065715],2
2025-01-02,BVGG.TA,[692.7755821],3
2025-01-03,BVGG.TA,[690.15371335],4
2025-01-04,BVGG.TA,[689.94265852],5
2025-01-05,BVGG.TA,[695.96925685],6
2025-01-06,BVGG.TA,[698.26242644],7
2025-01-07,BVGG.TA,[702.73034621],8
2025-01-08,BVGG.TA,[696.46403676],9
2025-01-09,BVGG.TA,[699.32835606],10
2025-01-10,BVGG.TA,[690.74958866],11
2025-01-11,BVGG.TA,[688.55539221],12
2025-01-12,BVGG.TA,[688.32346978],13
2025-01-13,BVGG.TA,[692.77925844],14
2025-01-14,BVGG.TA,[686.58701977],15
2025-01-15,BVGG.TA,[685.2660594],16
2025-01-16,BVGG.TA,[691.77207291],17
2025-01-17,BVGG.TA,[693.26220943],18
2025-01-18,BVGG.TA,[696.07121808],19
2025-01-19,BVGG.TA,[694.0727846],20
2025-01-20,BVGG.TA,[695.9278891],21
2025-01-21,BVGG.TA,[696.74078235],22
2025-01-22,BVGG.TA,[696.25662203],23
2025-01-23,BVGG.TA,[690.76925946],24
2025-01-24,BVGG.TA,[700.42255391],25
2025-01-25,BVGG.TA,[703.71065002],26
2025-01-26,BVGG.TA,[698.91099274],27
2025-01-27,BVGG.TA,[706.50156606],28
2025-01-28,BVGG.TA,[707.76327677],29
2025-01-29,BVGG.TA,[701.54528579],30
2024-12-31,BRAN.TA,[1392.91895624],1
2025-01-01,BRAN.TA,[1396.66051307],2
2025-01-02,BRAN.TA,[1404.08585808],3
2025-01-03,BRAN.TA,[1397.52020706],4
2025-01-04,BRAN.TA,[1422.07263134],5
2025-01-05,BRAN.TA,[1463.1114628],6
2025-01-06,BRAN.TA,[1457.28351724],7
2025-01-07,BRAN.TA,[1477.82219208],8
2025-01-08,BRAN.TA,[1497.57786598],9
2025-01-09,BRAN.TA,[1492.77180803],10
2025-01-10,BRAN.TA,[1477.17749154],11
2025-01-11,BRAN.TA,[1470.11315272],12
2025-01-12,BRAN.TA,[1509.47451456],13
2025-01-13,BRAN.TA,[1535.35756376],14
2025-01-14,BRAN.TA,[1551.78134452],15
2025-01-15,BRAN.TA,[1527.42920301],16
2025-01-16,BRAN.TA,[1559.70313862],17
2025-01-17,BRAN.TA,[1562.40287742],18
2025-01-18,BRAN.TA,[1573.88574796],19
2025-01-19,BRAN.TA,[1601.83738554],20
2025-01-20,BRAN.TA,[1599.47324597],21
2025-01-21,BRAN.TA,[1612.54450227],22
2025-01-22,BRAN.TA,[1643.50538497],23
2025-01-23,BRAN.TA,[1629.6093469],24
2025-01-24,BRAN.TA,[1609.22635273],25
2025-01-25,BRAN.TA,[1631.9416997],26
2025-01-26,BRAN.TA,[1637.25361191],27
2025-01-27,BRAN.TA,[1638.45779178],28
2025-01-28,BRAN.TA,[1637.33021234],29
2025-01-29,BRAN.TA,[1672.30667681],30
2024-12-31,BRKT.TA,[181.7568232],1
2025-01-01,BRKT.TA,[184.62295384],2
2025-01-02,BRKT.TA,[181.61538385],3
2025-01-03,BRKT.TA,[183.15790338],4
2025-01-04,BRKT.TA,[179.88988512],5
2025-01-05,BRKT.TA,[182.29828127],6
2025-01-06,BRKT.TA,[184.64118392],7
2025-01-07,BRKT.TA,[186.31221154],8
2025-01-08,BRKT.TA,[188.86364039],9
2025-01-09,BRKT.TA,[192.55801604],10
2025-01-10,BRKT.TA,[191.79121976],11
2025-01-11,BRKT.TA,[196.60713879],12
2025-01-12,BRKT.TA,[198.08358111],13
2025-01-13,BRKT.TA,[200.09879274],14
2025-01-14,BRKT.TA,[200.82875936],15
2025-01-15,BRKT.TA,[199.03268038],16
2025-01-16,BRKT.TA,[200.31997515],17
2025-01-17,BRKT.TA,[202.72807749],18
2025-01-18,BRKT.TA,[203.20028257],19
2025-01-19,BRKT.TA,[202.87226953],20
2025-01-20,BRKT.TA,[203.85246593],21
2025-01-21,BRKT.TA,[202.45003467],22
2025-01-22,BRKT.TA,[203.02017632],23
2025-01-23,BRKT.TA,[204.0921101],24
2025-01-24,BRKT.TA,[205.30187003],25
2025-01-25,BRKT.TA,[207.23812589],26
2025-01-26,BRKT.TA,[209.34681918],27
2025-01-27,BRKT.TA,[208.25600952],28
2025-01-28,BRKT.TA,[209.38916758],29
2025-01-29,BRKT.TA,[210.15767893],30
2024-12-31,BVC.TA,[90.31038433],1
2025-01-01,BVC.TA,[87.93297024],2
2025-01-02,BVC.TA,[87.21310153],3
2025-01-03,BVC.TA,[86.78686929],4
2025-01-04,BVC.TA,[86.56577467],5
2025-01-05,BVC.TA,[90.36594318],6
2025-01-06,BVC.TA,[92.76517879],7
2025-01-07,BVC.TA,[95.48672441],8
2025-01-08,BVC.TA,[95.65190614],9
2025-01-09,BVC.TA,[97.06406529],10
2025-01-10,BVC.TA,[97.0752345],11
2025-01-11,BVC.TA,[97.94504333],12
2025-01-12,BVC.TA,[98.06882683],13
2025-01-13,BVC.TA,[99.36837299],14
2025-01-14,BVC.TA,[99.54688683],15
2025-01-15,BVC.TA,[99.97758506],16
2025-01-16,BVC.TA,[99.28349426],17
2025-01-17,BVC.TA,[98.81210284],18
2025-01-18,BVC.TA,[96.70803165],19
2025-01-19,BVC.TA,[97.37820079],20
2025-01-20,BVC.TA,[99.26053134],21
2025-01-21,BVC.TA,[97.135328],22
2025-01-22,BVC.TA,[96.56455214],23
2025-01-23,BVC.TA,[98.19808151],24
2025-01-24,BVC.TA,[98.60959446],25
2025-01-25,BVC.TA,[99.93702713],26
2025-01-26,BVC.TA,[97.90067621],27
2025-01-27,BVC.TA,[95.20016529],28
2025-01-28,BVC.TA,[95.58552452],29
2025-01-29,BVC.TA,[95.15825361],30
2024-12-31,ORL.TA,[90.44465211],1
2025-01-01,ORL.TA,[92.01242619],2
2025-01-02,ORL.TA,[91.56594956],3
2025-01-03,ORL.TA,[90.79343642],4
2025-01-04,ORL.TA,[92.32294247],5
2025-01-05,ORL.TA,[92.38140847],6
2025-01-06,ORL.TA,[94.1380228],7
2025-01-07,ORL.TA,[93.05733897],8
2025-01-08,ORL.TA,[92.25637764],9
2025-01-09,ORL.TA,[92.93055467],10
2025-01-10,ORL.TA,[91.0360244],11
2025-01-11,ORL.TA,[92.52890337],12
2025-01-12,ORL.TA,[94.59846428],13
2025-01-13,ORL.TA,[93.32627976],14
2025-01-14,ORL.TA,[92.07284611],15
2025-01-15,ORL.TA,[89.95033852],16
2025-01-16,ORL.TA,[91.34372861],17
2025-01-17,ORL.TA,[92.06259584],18
2025-01-18,ORL.TA,[93.05386215],19
2025-01-19,ORL.TA,[92.53854468],20
2025-01-20,ORL.TA,[88.12494404],21
2025-01-21,ORL.TA,[90.80827193],22
2025-01-22,ORL.TA,[90.07120935],23
2025-01-23,ORL.TA,[91.08620659],24
2025-01-24,ORL.TA,[91.57036128],25
2025-01-25,ORL.TA,[90.91648797],26
2025-01-26,ORL.TA,[90.07159675],27
2025-01-27,ORL.TA,[89.31475582],28
2025-01-28,ORL.TA,[88.6696662],29
2025-01-29,ORL.TA,[86.78499257],30
2024-12-31,BHNY.TA,[956.05568791],1
2025-01-01,BHNY.TA,[1264.11984675],2
2025-01-02,BHNY.TA,[2506.61563112],3
2025-01-03,BHNY.TA,[4091.23798683],4
2025-01-04,BHNY.TA,[6941.18592484],5
2025-01-05,BHNY.TA,[2677.66670642],6
2025-01-06,BHNY.TA,[3939.58698262],7
2025-01-07,BHNY.TA,[4811.02124623],8
2025-01-08,BHNY.TA,[3579.67528268],9
2025-01-09,BHNY.TA,[4307.4325806],10
2025-01-10,BHNY.TA,[4804.8075594],11
2025-01-11,BHNY.TA,[6342.76724178],12
2025-01-12,BHNY.TA,[6414.97040463],13
2025-01-13,BHNY.TA,[2252.36379723],14
2025-01-14,BHNY.TA,[3969.29362709],15
2025-01-15,BHNY.TA,[3936.55361122],16
2025-01-16,BHNY.TA,[5076.2234355],17
2025-01-17,BHNY.TA,[8813.72234083],18
2025-01-18,BHNY.TA,[5783.44523922],19
2025-01-19,BHNY.TA,[12758.47162857],20
2025-01-20,BHNY.TA,[15464.77047486],21
2025-01-21,BHNY.TA,[19764.64086295],22
2025-01-22,BHNY.TA,[25759.23196904],23
2025-01-23,BHNY.TA,[48558.96619762],24
2025-01-24,BHNY.TA,[60032.33455841],25
2025-01-25,BHNY.TA,[100806.26843517],26
2025-01-26,BHNY.TA,[171078.79406714],27
2025-01-27,BHNY.TA,[98874.15641905],28
2025-01-28,BHNY.TA,[21831.52278862],29
2025-01-29,BHNY.TA,[32990.67573121],30
2024-12-31,BSEN.TA,[22571.91108053],1
2025-01-01,BSEN.TA,[22473.88681547],2
2025-01-02,BSEN.TA,[22158.54158423],3
2025-01-03,BSEN.TA,[20256.75202974],4
2025-01-04,BSEN.TA,[17721.75774215],5
2025-01-05,BSEN.TA,[17987.48125945],6
2025-01-06,BSEN.TA,[22287.54893443],7
2025-01-07,BSEN.TA,[21599.80865895],8
2025-01-08,BSEN.TA,[22001.62488445],9
2025-01-09,BSEN.TA,[22102.99439],10
2025-01-10,BSEN.TA,[21278.23191683],11
2025-01-11,BSEN.TA,[22604.37581358],12
2025-01-12,BSEN.TA,[21856.91728919],13
2025-01-13,BSEN.TA,[25433.18507785],14
2025-01-14,BSEN.TA,[20565.84178832],15
2025-01-15,BSEN.TA,[21575.89358839],16
2025-01-16,BSEN.TA,[24443.01417879],17
2025-01-17,BSEN.TA,[24811.97176934],18
2025-01-18,BSEN.TA,[23921.35454439],19
2025-01-19,BSEN.TA,[22486.02223419],20
2025-01-20,BSEN.TA,[24373.96192505],21
2025-01-21,BSEN.TA,[25125.17166367],22
2025-01-22,BSEN.TA,[23633.33206083],23
2025-01-23,BSEN.TA,[28130.19231495],24
2025-01-24,BSEN.TA,[31086.11884657],25
2025-01-25,BSEN.TA,[38325.66499113],26
2025-01-26,BSEN.TA,[45043.75472786],27
2025-01-27,BSEN.TA,[43545.18237297],28
2025-01-28,BSEN.TA,[37660.77498085],29
2025-01-29,BSEN.TA,[34176.12769276],30
2024-12-31,BEZQ.TA,[519.62446148],1
2025-01-01,BEZQ.TA,[523.42254904],2
2025-01-02,BEZQ.TA,[522.50326994],3
2025-01-03,BEZQ.TA,[513.60958222],4
2025-01-04,BEZQ.TA,[521.40310501],5
2025-01-05,BEZQ.TA,[527.82576529],6
2025-01-06,BEZQ.TA,[533.86631717],7
2025-01-07,BEZQ.TA,[530.65504171],8
2025-01-08,BEZQ.TA,[524.05487204],9
2025-01-09,BEZQ.TA,[517.55482431],10
2025-01-10,BEZQ.TA,[516.10712917],11
2025-01-11,BEZQ.TA,[515.3465527],12
2025-01-12,BEZQ.TA,[514.64505752],13
2025-01-13,BEZQ.TA,[503.93601033],14
2025-01-14,BEZQ.TA,[488.98439467],15
2025-01-15,BEZQ.TA,[489.4762141],16
2025-01-16,BEZQ.TA,[483.84919572],17
2025-01-17,BEZQ.TA,[484.82420025],18
2025-01-18,BEZQ.TA,[484.8764682],19
2025-01-19,BEZQ.TA,[489.59672558],20
2025-01-20,BEZQ.TA,[490.71864188],21
2025-01-21,BEZQ.TA,[481.1845413],22
2025-01-22,BEZQ.TA,[475.6819771],23
2025-01-23,BEZQ.TA,[468.00848094],24
2025-01-24,BEZQ.TA,[475.51280386],25
2025-01-25,BEZQ.TA,[488.41597042],26
2025-01-26,BEZQ.TA,[489.2339217],27
2025-01-27,BEZQ.TA,[498.87022582],28
2025-01-28,BEZQ.TA,[491.80169787],29
2025-01-29,BEZQ.TA,[495.26155753],30
2024-12-31,BIG.TA,[53886.57366814],1
2025-01-01,BIG.TA,[52419.85244596],2
2025-01-02,BIG.TA,[50833.11939195],3
2025-01-03,BIG.TA,[52590.05481329],4
2025-01-04,BIG.TA,[52342.4808677],5
2025-01-05,BIG.TA,[52182.41753407],6
2025-01-06,BIG.TA,[51017.88505672],7
2025-01-07,BIG.TA,[50699.63784007],8
2025-01-08,BIG.TA,[49281.89780364],9
2025-01-09,BIG.TA,[49499.94106333],10
2025-01-10,BIG.TA,[48916.7878765],11
2025-01-11,BIG.TA,[49206.78738869],12
2025-01-12,BIG.TA,[50020.00093752],13
2025-01-13,BIG.TA,[50173.57743641],14
2025-01-14,BIG.TA,[50507.94935708],15
2025-01-15,BIG.TA,[52220.55126377],16
2025-01-16,BIG.TA,[51355.24644799],17
2025-01-17,BIG.TA,[50992.78756648],18
2025-01-18,BIG.TA,[50988.83507351],19
2025-01-19,BIG.TA,[49361.24384547],20
2025-01-20,BIG.TA,[49732.36318295],21
2025-01-21,BIG.TA,[50273.24449017],22
2025-01-22,BIG.TA,[50987.10454982],23
2025-01-23,BIG.TA,[52292.68205204],24
2025-01-24,BIG.TA,[52415.99627025],25
2025-01-25,BIG.TA,[52105.69394568],26
2025-01-26,BIG.TA,[52581.31572835],27
2025-01-27,BIG.TA,[53402.44309936],28
2025-01-28,BIG.TA,[53592.90178134],29
2025-01-29,BIG.TA,[55238.8727634],30
2024-12-31,BIGT.TA,[138.01269025],1
2025-01-01,BIGT.TA,[137.03528243],2
2025-01-02,BIGT.TA,[135.70421995],3
2025-01-03,BIGT.TA,[134.18710362],4
2025-01-04,BIGT.TA,[131.74044477],5
2025-01-05,BIGT.TA,[130.48968671],6
2025-01-06,BIGT.TA,[127.5933686],7
2025-01-07,BIGT.TA,[130.26981585],8
2025-01-08,BIGT.TA,[131.57246031],9
2025-01-09,BIGT.TA,[126.94927271],10
2025-01-10,BIGT.TA,[126.13706405],11
2025-01-11,BIGT.TA,[126.38263132],12
2025-01-12,BIGT.TA,[123.76218424],13
2025-01-13,BIGT.TA,[122.37839031],14
2025-01-14,BIGT.TA,[117.83000739],15
2025-01-15,BIGT.TA,[116.74517385],16
2025-01-16,BIGT.TA,[119.79531484],17
2025-01-17,BIGT.TA,[122.16913814],18
2025-01-18,BIGT.TA,[122.3548609],19
2025-01-19,BIGT.TA,[122.9899716],20
2025-01-20,BIGT.TA,[116.79723726],21
2025-01-21,BIGT.TA,[118.2176491],22
2025-01-22,BIGT.TA,[119.68307221],23
2025-01-23,BIGT.TA,[117.09516902],24
2025-01-24,BIGT.TA,[117.95691587],25
2025-01-25,BIGT.TA,[113.74505181],26
2025-01-26,BIGT.TA,[111.66290305],27
2025-01-27,BIGT.TA,[111.3034596],28
2025-01-28,BIGT.TA,[110.4131479],29
2025-01-29,BIGT.TA,[109.35613852],30
2024-12-31,BKRY.TA,[338.47261143],1
2025-01-01,BKRY.TA,[328.45238211],2
2025-01-02,BKRY.TA,[329.85693872],3
2025-01-03,BKRY.TA,[331.68443121],4
2025-01-04,BKRY.TA,[337.34372384],5
2025-01-05,BKRY.TA,[342.48998338],6
2025-01-06,BKRY.TA,[347.57579247],7
2025-01-07,BKRY.TA,[357.39806391],8
2025-01-08,BKRY.TA,[353.39968019],9
2025-01-09,BKRY.TA,[344.57216142],10
2025-01-10,BKRY.TA,[349.90712295],11
2025-01-11,BKRY.TA,[342.37625787],12
2025-01-12,BKRY.TA,[336.50333451],13
2025-01-13,BKRY.TA,[329.45658528],14
2025-01-14,BKRY.TA,[324.58015353],15
2025-01-15,BKRY.TA,[330.89383294],16
2025-01-16,BKRY.TA,[338.1171292],17
2025-01-17,BKRY.TA,[320.71361026],18
2025-01-18,BKRY.TA,[324.38724148],19
2025-01-19,BKRY.TA,[312.58174336],20
2025-01-20,BKRY.TA,[308.71068643],21
2025-01-21,BKRY.TA,[311.69825017],22
2025-01-22,BKRY.TA,[310.89258411],23
2025-01-23,BKRY.TA,[313.78677653],24
2025-01-24,BKRY.TA,[313.43196008],25
2025-01-25,BKRY.TA,[309.13716091],26
2025-01-26,BKRY.TA,[309.67518512],27
2025-01-27,BKRY.TA,[318.9704125],28
2025-01-28,BKRY.TA,[332.25112511],29
2025-01-29,BKRY.TA,[327.32330878],30
2024-12-31,BIOV.TA,[-2400.97669998],1
2025-01-01,BIOV.TA,[200960.27318607],2
2025-01-02,BIOV.TA,[-7079696.07938438],3
2025-01-03,BIOV.TA,[-77132123.97444455],4
2025-01-04,BIOV.TA,[-7.75718635e+08],5
2025-01-05,BIOV.TA,[1.39678253e+10],6
2025-01-06,BIOV.TA,[-2.41339007e+11],7
2025-01-07,BIOV.TA,[-2.15278078e+12],8
2025-01-08,BIOV.TA,[2.02959646e+13],9
2025-01-09,BIOV.TA,[9.58159099e+13],10
2025-01-10,BIOV.TA,[6.94227277e+14],11
2025-01-11,BIOV.TA,[4.058975e+16],12
2025-01-12,BIOV.TA,[-2.99991565e+18],13
2025-01-13,BIOV.TA,[-1.85357386e+19],14
2025-01-14,BIOV.TA,[-9.69967359e+19],15
2025-01-15,BIOV.TA,[-5.89636989e+21],16
2025-01-16,BIOV.TA,[-1.96100281e+22],17
2025-01-17,BIOV.TA,[-5.56768333e+23],18
2025-01-18,BIOV.TA,[6.93971437e+24],19
2025-01-19,BIOV.TA,[-3.71040838e+25],20
2025-01-20,BIOV.TA,[1.25856516e+27],21
2025-01-21,BIOV.TA,[4.99396572e+28],22
2025-01-22,BIOV.TA,[-1.33583007e+29],23
2025-01-23,BIOV.TA,[4.7103386e+30],24
2025-01-24,BIOV.TA,[-1.34287025e+31],25
2025-01-25,BIOV.TA,[-1.44808043e+33],26
2025-01-26,BIOV.TA,[1.51284476e+35],27
2025-01-27,BIOV.TA,[-8.80415057e+35],28
2025-01-28,BIOV.TA,[2.62183267e+37],29
2025-01-29,BIOV.TA,[-2.72104687e+38],30
2024-12-31,BOLT.TA,[481.79300991],1
2025-01-01,BOLT.TA,[428.41877626],2
2025-01-02,BOLT.TA,[452.99029736],3
2025-01-03,BOLT.TA,[492.25769379],4
2025-01-04,BOLT.TA,[474.41149006],5
2025-01-05,BOLT.TA,[497.20370098],6
2025-01-06,BOLT.TA,[485.86117886],7
2025-01-07,BOLT.TA,[490.16582422],8
2025-01-08,BOLT.TA,[511.74319904],9
2025-01-09,BOLT.TA,[577.88374112],10
2025-01-10,BOLT.TA,[549.25369958],11
2025-01-11,BOLT.TA,[592.67481292],12
2025-01-12,BOLT.TA,[594.47826146],13
2025-01-13,BOLT.TA,[596.44705274],14
2025-01-14,BOLT.TA,[546.48184052],15
2025-01-15,BOLT.TA,[589.10902862],16
2025-01-16,BOLT.TA,[541.13182261],17
2025-01-17,BOLT.TA,[547.04488427],18
2025-01-18,BOLT.TA,[519.28790057],19
2025-01-19,BOLT.TA,[496.27156162],20
2025-01-20,BOLT.TA,[557.34422283],21
2025-01-21,BOLT.TA,[557.00398944],22
2025-01-22,BOLT.TA,[638.4919237],23
2025-01-23,BOLT.TA,[595.16886862],24
2025-01-24,BOLT.TA,[609.08796441],25
2025-01-25,BOLT.TA,[506.42348513],26
2025-01-26,BOLT.TA,[557.54326066],27
2025-01-27,BOLT.TA,[607.06766391],28
2025-01-28,BOLT.TA,[653.6541334],29
2025-01-29,BOLT.TA,[698.17459477],30
2024-12-31,BLRX.TA,[7.77087489],1
2025-01-01,BLRX.TA,[8.20952595],2
2025-01-02,BLRX.TA,[8.14915885],3
2025-01-03,BLRX.TA,[8.73815957],4
2025-01-04,BLRX.TA,[8.41911548],5
2025-01-05,BLRX.TA,[8.28612869],6
2025-01-06,BLRX.TA,[7.98770599],7
2025-01-07,BLRX.TA,[8.0887127],8
2025-01-08,BLRX.TA,[8.1787518],9
2025-01-09,BLRX.TA,[8.08984072],10
2025-01-10,BLRX.TA,[7.58028677],11
2025-01-11,BLRX.TA,[7.60472937],12
2025-01-12,BLRX.TA,[6.90726513],13
2025-01-13,BLRX.TA,[7.11449513],14
2025-01-14,BLRX.TA,[6.39940045],15
2025-01-15,BLRX.TA,[7.24721697],16
2025-01-16,BLRX.TA,[6.49854734],17
2025-01-17,BLRX.TA,[6.25115943],18
2025-01-18,BLRX.TA,[6.46092078],19
2025-01-19,BLRX.TA,[6.22548559],20
2025-01-20,BLRX.TA,[6.33794453],21
2025-01-21,BLRX.TA,[6.56748651],22
2025-01-22,BLRX.TA,[6.47407236],23
2025-01-23,BLRX.TA,[6.33354747],24
2025-01-24,BLRX.TA,[6.07599047],25
2025-01-25,BLRX.TA,[6.44953764],26
2025-01-26,BLRX.TA,[6.39323387],27
2025-01-27,BLRX.TA,[6.91165258],28
2025-01-28,BLRX.TA,[6.60988304],29
2025-01-29,BLRX.TA,[6.64292635],30
2024-12-31,BIMT.TA,[22.14116867],1
2025-01-01,BIMT.TA,[21.75543609],2
2025-01-02,BIMT.TA,[20.71502725],3
2025-01-03,BIMT.TA,[21.80851612],4
2025-01-04,BIMT.TA,[20.96809305],5
2025-01-05,BIMT.TA,[20.60015361],6
2025-01-06,BIMT.TA,[21.3301645],7
2025-01-07,BIMT.TA,[21.7350089],8
2025-01-08,BIMT.TA,[21.4183135],9
2025-01-09,BIMT.TA,[21.66490188],10
2025-01-10,BIMT.TA,[22.04500402],11
2025-01-11,BIMT.TA,[20.02190794],12
2025-01-12,BIMT.TA,[20.81910296],13
2025-01-13,BIMT.TA,[22.06633026],14
2025-01-14,BIMT.TA,[21.83301421],15
2025-01-15,BIMT.TA,[22.09038181],16
2025-01-16,BIMT.TA,[21.08951113],17
2025-01-17,BIMT.TA,[19.73138692],18
2025-01-18,BIMT.TA,[20.28568854],19
2025-01-19,BIMT.TA,[19.44479534],20
2025-01-20,BIMT.TA,[20.25666788],21
2025-01-21,BIMT.TA,[20.17844836],22
2025-01-22,BIMT.TA,[20.02709571],23
2025-01-23,BIMT.TA,[20.7456464],24
2025-01-24,BIMT.TA,[21.63605192],25
2025-01-25,BIMT.TA,[22.1557583],26
2025-01-26,BIMT.TA,[23.19661509],27
2025-01-27,BIMT.TA,[23.91456397],28
2025-01-28,BIMT.TA,[24.46748334],29
2025-01-29,BIMT.TA,[25.26668452],30
2024-12-31,BIRM.TA,[1421.00286639],1
2025-01-01,BIRM.TA,[1464.41314746],2
2025-01-02,BIRM.TA,[1380.79272413],3
2025-01-03,BIRM.TA,[1345.76719362],4
2025-01-04,BIRM.TA,[1258.62451623],5
2025-01-05,BIRM.TA,[1247.08333637],6
2025-01-06,BIRM.TA,[1267.66328661],7
2025-01-07,BIRM.TA,[1236.73676111],8
2025-01-08,BIRM.TA,[1156.86175385],9
2025-01-09,BIRM.TA,[1018.82454052],10
2025-01-10,BIRM.TA,[1018.05340286],11
2025-01-11,BIRM.TA,[982.3284396],12
2025-01-12,BIRM.TA,[974.99193644],13
2025-01-13,BIRM.TA,[945.07537911],14
2025-01-14,BIRM.TA,[986.72360892],15
2025-01-15,BIRM.TA,[1007.15217062],16
2025-01-16,BIRM.TA,[1073.12277465],17
2025-01-17,BIRM.TA,[1056.56342838],18
2025-01-18,BIRM.TA,[1101.80439877],19
2025-01-19,BIRM.TA,[1082.60848005],20
2025-01-20,BIRM.TA,[1172.56491649],21
2025-01-21,BIRM.TA,[1166.97714211],22
2025-01-22,BIRM.TA,[1233.70797737],23
2025-01-23,BIRM.TA,[1275.13432646],24
2025-01-24,BIRM.TA,[1340.381758],25
2025-01-25,BIRM.TA,[1261.62517876],26
2025-01-26,BIRM.TA,[1189.07183291],27
2025-01-27,BIRM.TA,[1184.40213408],28
2025-01-28,BIRM.TA,[1204.29626962],29
2025-01-29,BIRM.TA,[1256.70157651],30
2024-12-31,BLRN.TA,[992.71789833],1
2025-01-01,BLRN.TA,[-114646.49671072],2
2025-01-02,BLRN.TA,[6600171.09364259],3
2025-01-03,BLRN.TA,[6.41550054e+08],4
2025-01-04,BLRN.TA,[3.51614072e+10],5
2025-01-05,BLRN.TA,[1.80900722e+12],6
2025-01-06,BLRN.TA,[2.6589941e+13],7
2025-01-07,BLRN.TA,[-1.40916547e+15],8
2025-01-08,BLRN.TA,[-4.61538416e+16],9
2025-01-09,BLRN.TA,[1.05953144e+18],10
2025-01-10,BLRN.TA,[-2.51963523e+19],11
2025-01-11,BLRN.TA,[-1.67104364e+21],12
2025-01-12,BLRN.TA,[1.43536194e+23],13
2025-01-13,BLRN.TA,[-1.23129903e+25],14
2025-01-14,BLRN.TA,[-1.02985419e+26],15
2025-01-15,BLRN.TA,[1.77346286e+28],16
2025-01-16,BLRN.TA,[-5.52816699e+29],17
2025-01-17,BLRN.TA,[-8.44451657e+31],18
2025-01-18,BLRN.TA,[-1.86554975e+33],19
2025-01-19,BLRN.TA,[3.3847952e+35],20
2025-01-20,BLRN.TA,[-1.06229071e+37],21
2025-01-21,BLRN.TA,[-9.29548651e+38],22
2025-01-22,BLRN.TA,[-7.58978161e+40],23
2025-01-23,BLRN.TA,[4.36166443e+42],24
2025-01-24,BLRN.TA,[1.67543427e+44],25
2025-01-25,BLRN.TA,[-5.97672625e+45],26
2025-01-26,BLRN.TA,[2.56051816e+47],27
2025-01-27,BLRN.TA,[1.68800098e+49],28
2025-01-28,BLRN.TA,[7.35980905e+50],29
2025-01-29,BLRN.TA,[1.4652064e+52],30
2024-12-30,BLITZ-M.TA,[493.13095839],1
2024-12-31,BLITZ-M.TA,[827.41962728],2
2025-01-01,BLITZ-M.TA,[1367.74083332],3
2025-01-02,BLITZ-M.TA,[1338.83379409],4
2025-01-03,BLITZ-M.TA,[1473.30036127],5
2025-01-04,BLITZ-M.TA,[21.83491876],6
2025-01-05,BLITZ-M.TA,[26.30442314],7
2025-01-06,BLITZ-M.TA,[43.38648248],8
2025-01-07,BLITZ-M.TA,[48.13155294],9
2025-01-08,BLITZ-M.TA,[39.06951927],10
2025-01-09,BLITZ-M.TA,[9.09704306],11
2025-01-10,BLITZ-M.TA,[13.73001242],12
2025-01-11,BLITZ-M.TA,[7.74544389],13
2025-01-12,BLITZ-M.TA,[12.06855581],14
2025-01-13,BLITZ-M.TA,[3.8669513],15
2025-01-14,BLITZ-M.TA,[2.66419149],16
2025-01-15,BLITZ-M.TA,[2.60906397],17
2025-01-16,BLITZ-M.TA,[2.61659267],18
2025-01-17,BLITZ-M.TA,[3.66133724],19
2025-01-18,BLITZ-M.TA,[0.28135849],20
2025-01-19,BLITZ-M.TA,[0.16006532],21
2025-01-20,BLITZ-M.TA,[0.16120902],22
2025-01-21,BLITZ-M.TA,[0.21148018],23
2025-01-22,BLITZ-M.TA,[0.26924972],24
2025-01-23,BLITZ-M.TA,[0.33412333],25
2025-01-24,BLITZ-M.TA,[0.36835617],26
2025-01-25,BLITZ-M.TA,[0.4167042],27
2025-01-26,BLITZ-M.TA,[0.10473782],28
2025-01-27,BLITZ-M.TA,[0.14129253],29
2025-01-28,BLITZ-M.TA,[0.14737013],30
2024-12-31,BLSR.TA,[32999.43708015],1
2025-01-01,BLSR.TA,[33998.75871171],2
2025-01-02,BLSR.TA,[34007.46523197],3
2025-01-03,BLSR.TA,[34064.30317527],4
2025-01-04,BLSR.TA,[34215.91885312],5
2025-01-05,BLSR.TA,[33918.94831427],6
2025-01-06,BLSR.TA,[34536.3205119],7
2025-01-07,BLSR.TA,[34425.9437339],8
2025-01-08,BLSR.TA,[34297.38286474],9
2025-01-09,BLSR.TA,[33732.39543825],10
2025-01-10,BLSR.TA,[32860.69940618],11
2025-01-11,BLSR.TA,[32567.2137503],12
2025-01-12,BLSR.TA,[32277.42762137],13
2025-01-13,BLSR.TA,[31987.94954607],14
2025-01-14,BLSR.TA,[31859.14422212],15
2025-01-15,BLSR.TA,[31900.29169573],16
2025-01-16,BLSR.TA,[32087.34395898],17
2025-01-17,BLSR.TA,[33313.86528385],18
2025-01-18,BLSR.TA,[32869.09690645],19
2025-01-19,BLSR.TA,[33900.34961775],20
2025-01-20,BLSR.TA,[33739.91821468],21
2025-01-21,BLSR.TA,[33769.14384723],22
2025-01-22,BLSR.TA,[33415.24760879],23
2025-01-23,BLSR.TA,[33215.61332999],24
2025-01-24,BLSR.TA,[32541.79793577],25
2025-01-25,BLSR.TA,[33699.28650301],26
2025-01-26,BLSR.TA,[32405.07547293],27
2025-01-27,BLSR.TA,[31972.47896012],28
2025-01-28,BLSR.TA,[32093.63333891],29
2025-01-29,BLSR.TA,[31634.33746],30
2024-12-31,BOTI.TA,[4914.41389674],1
2025-01-01,BOTI.TA,[4816.94382253],2
2025-01-02,BOTI.TA,[4903.19559378],3
2025-01-03,BOTI.TA,[4929.48930799],4
2025-01-04,BOTI.TA,[5010.81231954],5
2025-01-05,BOTI.TA,[5106.61985009],6
2025-01-06,BOTI.TA,[5154.14510074],7
2025-01-07,BOTI.TA,[4842.61652055],8
2025-01-08,BOTI.TA,[4788.18880401],9
2025-01-09,BOTI.TA,[4765.21857892],10
2025-01-10,BOTI.TA,[4824.41886735],11
2025-01-11,BOTI.TA,[4907.67272126],12
2025-01-12,BOTI.TA,[5022.86789155],13
2025-01-13,BOTI.TA,[4938.41707042],14
2025-01-14,BOTI.TA,[4931.01344377],15
2025-01-15,BOTI.TA,[4935.57054802],16
2025-01-16,BOTI.TA,[5015.25505956],17
2025-01-17,BOTI.TA,[4998.95805391],18
2025-01-18,BOTI.TA,[4982.12727413],19
2025-01-19,BOTI.TA,[5030.55232157],20
2025-01-20,BOTI.TA,[5231.68603557],21
2025-01-21,BOTI.TA,[5180.16916169],22
2025-01-22,BOTI.TA,[5159.83607881],23
2025-01-23,BOTI.TA,[5168.76365448],24
2025-01-24,BOTI.TA,[5264.08564131],25
2025-01-25,BOTI.TA,[5397.43458209],26
2025-01-26,BOTI.TA,[5496.94592757],27
2025-01-27,BOTI.TA,[5664.73744771],28
2025-01-28,BOTI.TA,[5824.60150134],29
2025-01-29,BOTI.TA,[5937.55799089],30
2024-12-31,BONS.TA,[11.10692986],1
2025-01-01,BONS.TA,[10.78594458],2
2025-01-02,BONS.TA,[10.76642183],3
2025-01-03,BONS.TA,[10.00626425],4
2025-01-04,BONS.TA,[9.86530165],5
2025-01-05,BONS.TA,[10.15659874],6
2025-01-06,BONS.TA,[10.03045885],7
2025-01-07,BONS.TA,[9.53704282],8
2025-01-08,BONS.TA,[9.5317387],9
2025-01-09,BONS.TA,[9.03273829],10
2025-01-10,BONS.TA,[9.41364263],11
2025-01-11,BONS.TA,[8.3322002],12
2025-01-12,BONS.TA,[8.31851624],13
2025-01-13,BONS.TA,[8.42621197],14
2025-01-14,BONS.TA,[8.12470731],15
2025-01-15,BONS.TA,[7.86527869],16
2025-01-16,BONS.TA,[7.50022884],17
2025-01-17,BONS.TA,[7.2511115],18
2025-01-18,BONS.TA,[7.67234855],19
2025-01-19,BONS.TA,[7.98123302],20
2025-01-20,BONS.TA,[7.87580228],21
2025-01-21,BONS.TA,[7.75917469],22
2025-01-22,BONS.TA,[7.24215671],23
2025-01-23,BONS.TA,[6.8651518],24
2025-01-24,BONS.TA,[6.42579572],25
2025-01-25,BONS.TA,[6.57630319],26
2025-01-26,BONS.TA,[7.01645052],27
2025-01-27,BONS.TA,[7.04482202],28
2025-01-28,BONS.TA,[6.95292383],29
2025-01-29,BONS.TA,[7.19877042],30
2024-12-31,BCNV-M.TA,[1929.74330503],1
2025-01-01,BCNV-M.TA,[3114.18357016],2
2025-01-02,BCNV-M.TA,[5480.92471536],3
2025-01-03,BCNV-M.TA,[11667.5775046],4
2025-01-04,BCNV-M.TA,[9777.08339603],5
2025-01-05,BCNV-M.TA,[43847.48055393],6
2025-01-06,BCNV-M.TA,[171328.6709611],7
2025-01-07,BCNV-M.TA,[181998.53651026],8
2025-01-08,BCNV-M.TA,[-98117.03147658],9
2025-01-09,BCNV-M.TA,[-193148.33508189],10
2025-01-10,BCNV-M.TA,[-711512.5967705],11
2025-01-11,BCNV-M.TA,[-1203979.73707482],12
2025-01-12,BCNV-M.TA,[812499.15596806],13
2025-01-13,BCNV-M.TA,[1288477.21417816],14
2025-01-14,BCNV-M.TA,[-297189.31642277],15
2025-01-15,BCNV-M.TA,[341659.48760037],16
2025-01-16,BCNV-M.TA,[352282.31320739],17
2025-01-17,BCNV-M.TA,[510423.5457184],18
2025-01-18,BCNV-M.TA,[177983.67169187],19
2025-01-19,BCNV-M.TA,[47304.38257909],20
2025-01-20,BCNV-M.TA,[26784.25257341],21
2025-01-21,BCNV-M.TA,[95527.87149606],22
2025-01-22,BCNV-M.TA,[-162491.62003624],23
2025-01-23,BCNV-M.TA,[126927.74176399],24
2025-01-24,BCNV-M.TA,[311128.28599852],25
2025-01-25,BCNV-M.TA,[346190.60621523],26
2025-01-26,BCNV-M.TA,[1419692.51923537],27
2025-01-27,BCNV-M.TA,[-2184357.1191095],28
2025-01-28,BCNV-M.TA,[-7535546.25834598],29
2025-01-29,BCNV-M.TA,[5725609.41345641],30
2024-12-31,BWAY.TA,[1600.75520959],1
2025-01-01,BWAY.TA,[1492.69141429],2
2025-01-02,BWAY.TA,[1478.94289464],3
2025-01-03,BWAY.TA,[1535.43132444],4
2025-01-04,BWAY.TA,[1559.76495711],5
2025-01-05,BWAY.TA,[1559.58852786],6
2025-01-06,BWAY.TA,[1585.50415077],7
2025-01-07,BWAY.TA,[1566.08877919],8
2025-01-08,BWAY.TA,[1544.89710998],9
2025-01-09,BWAY.TA,[1512.11589436],10
2025-01-10,BWAY.TA,[1503.0942189],11
2025-01-11,BWAY.TA,[1512.90997189],12
2025-01-12,BWAY.TA,[1565.39038254],13
2025-01-13,BWAY.TA,[1504.08763743],14
2025-01-14,BWAY.TA,[1518.62693007],15
2025-01-15,BWAY.TA,[1511.39965133],16
2025-01-16,BWAY.TA,[1410.36299928],17
2025-01-17,BWAY.TA,[1437.67071942],18
2025-01-18,BWAY.TA,[1395.01584224],19
2025-01-19,BWAY.TA,[1391.60508066],20
2025-01-20,BWAY.TA,[1325.61668609],21
2025-01-21,BWAY.TA,[1349.61313529],22
2025-01-22,BWAY.TA,[1368.19770179],23
2025-01-23,BWAY.TA,[1351.0321167],24
2025-01-24,BWAY.TA,[1391.52471634],25
2025-01-25,BWAY.TA,[1345.96956981],26
2025-01-26,BWAY.TA,[1379.26578083],27
2025-01-27,BWAY.TA,[1362.23231067],28
2025-01-28,BWAY.TA,[1312.05466209],29
2025-01-29,BWAY.TA,[1462.1215333],30
2024-12-31,BRAM.TA,[160.43801345],1
2025-01-01,BRAM.TA,[164.06914221],2
2025-01-02,BRAM.TA,[168.08074589],3
2025-01-03,BRAM.TA,[174.49918341],4
2025-01-04,BRAM.TA,[172.66852706],5
2025-01-05,BRAM.TA,[173.92981716],6
2025-01-06,BRAM.TA,[175.19609232],7
2025-01-07,BRAM.TA,[175.74456858],8
2025-01-08,BRAM.TA,[170.90851362],9
2025-01-09,BRAM.TA,[173.21391758],10
2025-01-10,BRAM.TA,[173.09047141],11
2025-01-11,BRAM.TA,[171.82948124],12
2025-01-12,BRAM.TA,[172.26567651],13
2025-01-13,BRAM.TA,[173.84564901],14
2025-01-14,BRAM.TA,[171.94595614],15
2025-01-15,BRAM.TA,[171.8116147],16
2025-01-16,BRAM.TA,[171.11606646],17
2025-01-17,BRAM.TA,[171.7954598],18
2025-01-18,BRAM.TA,[168.14151521],19
2025-01-19,BRAM.TA,[171.25166167],20
2025-01-20,BRAM.TA,[172.37121285],21
2025-01-21,BRAM.TA,[173.81269689],22
2025-01-22,BRAM.TA,[170.51649256],23
2025-01-23,BRAM.TA,[169.58522995],24
2025-01-24,BRAM.TA,[170.24863719],25
2025-01-25,BRAM.TA,[171.30107458],26
2025-01-26,BRAM.TA,[175.82492205],27
2025-01-27,BRAM.TA,[178.71490539],28
2025-01-28,BRAM.TA,[175.62043952],29
2025-01-29,BRAM.TA,[174.15446742],30
2024-12-31,BRND.TA,[271.88574278],1
2025-01-01,BRND.TA,[270.85188381],2
2025-01-02,BRND.TA,[270.44705298],3
2025-01-03,BRND.TA,[274.9649469],4
2025-01-04,BRND.TA,[276.45725952],5
2025-01-05,BRND.TA,[285.95715396],6
2025-01-06,BRND.TA,[289.91536724],7
2025-01-07,BRND.TA,[288.39320428],8
2025-01-08,BRND.TA,[289.97623472],9
2025-01-09,BRND.TA,[290.43043175],10
2025-01-10,BRND.TA,[290.73257419],11
2025-01-11,BRND.TA,[291.64428787],12
2025-01-12,BRND.TA,[292.7754273],13
2025-01-13,BRND.TA,[290.88397273],14
2025-01-14,BRND.TA,[278.75086061],15
2025-01-15,BRND.TA,[289.21282212],16
2025-01-16,BRND.TA,[290.80503121],17
2025-01-17,BRND.TA,[292.00770553],18
2025-01-18,BRND.TA,[293.71648599],19
2025-01-19,BRND.TA,[291.32386871],20
2025-01-20,BRND.TA,[294.9590175],21
2025-01-21,BRND.TA,[289.42951712],22
2025-01-22,BRND.TA,[281.69048352],23
2025-01-23,BRND.TA,[284.28210841],24
2025-01-24,BRND.TA,[279.68461367],25
2025-01-25,BRND.TA,[273.71251802],26
2025-01-26,BRND.TA,[259.18405812],27
2025-01-27,BRND.TA,[266.24108316],28
2025-01-28,BRND.TA,[278.50552064],29
2025-01-29,BRND.TA,[287.47399933],30
2024-12-31,BRIL.TA,[2421.02744758],1
2025-01-01,BRIL.TA,[2487.45254465],2
2025-01-02,BRIL.TA,[2554.29772314],3
2025-01-03,BRIL.TA,[2502.60960276],4
2025-01-04,BRIL.TA,[2506.75739669],5
2025-01-05,BRIL.TA,[2529.32944654],6
2025-01-06,BRIL.TA,[2564.87103395],7
2025-01-07,BRIL.TA,[2620.36053125],8
2025-01-08,BRIL.TA,[2617.1040458],9
2025-01-09,BRIL.TA,[2685.8200778],10
2025-01-10,BRIL.TA,[2663.54102168],11
2025-01-11,BRIL.TA,[2628.78668149],12
2025-01-12,BRIL.TA,[2704.46549915],13
2025-01-13,BRIL.TA,[2652.62825286],14
2025-01-14,BRIL.TA,[2611.00948746],15
2025-01-15,BRIL.TA,[2588.79959888],16
2025-01-16,BRIL.TA,[2636.00151953],17
2025-01-17,BRIL.TA,[2647.48669178],18
2025-01-18,BRIL.TA,[2743.16102754],19
2025-01-19,BRIL.TA,[2688.10618528],20
2025-01-20,BRIL.TA,[2677.62563102],21
2025-01-21,BRIL.TA,[2553.82579475],22
2025-01-22,BRIL.TA,[2581.6533137],23
2025-01-23,BRIL.TA,[2525.7647618],24
2025-01-24,BRIL.TA,[2618.220869],25
2025-01-25,BRIL.TA,[2658.4045179],26
2025-01-26,BRIL.TA,[2739.09496708],27
2025-01-27,BRIL.TA,[2666.34956178],28
2025-01-28,BRIL.TA,[2651.18442472],29
2025-01-29,BRIL.TA,[2647.56662616],30
2024-12-31,BRMG.TA,[1605.9076413],1
2025-01-01,BRMG.TA,[1552.21793929],2
2025-01-02,BRMG.TA,[1652.5213076],3
2025-01-03,BRMG.TA,[1816.41303812],4
2025-01-04,BRMG.TA,[1700.66734674],5
2025-01-05,BRMG.TA,[1629.16362167],6
2025-01-06,BRMG.TA,[1544.12769072],7
2025-01-07,BRMG.TA,[1428.91292305],8
2025-01-08,BRMG.TA,[1507.92536104],9
2025-01-09,BRMG.TA,[1412.32905134],10
2025-01-10,BRMG.TA,[1371.17514395],11
2025-01-11,BRMG.TA,[1355.9430969],12
2025-01-12,BRMG.TA,[1393.25926755],13
2025-01-13,BRMG.TA,[1361.82620533],14
2025-01-14,BRMG.TA,[1330.51673069],15
2025-01-15,BRMG.TA,[1324.29656231],16
2025-01-16,BRMG.TA,[1194.73757542],17
2025-01-17,BRMG.TA,[1188.19321881],18
2025-01-18,BRMG.TA,[1222.89865076],19
2025-01-19,BRMG.TA,[1164.77040795],20
2025-01-20,BRMG.TA,[1069.44438372],21
2025-01-21,BRMG.TA,[1075.34678959],22
2025-01-22,BRMG.TA,[1132.80179909],23
2025-01-23,BRMG.TA,[1048.74420688],24
2025-01-24,BRMG.TA,[1079.04184968],25
2025-01-25,BRMG.TA,[1114.62687267],26
2025-01-26,BRMG.TA,[1148.42482586],27
2025-01-27,BRMG.TA,[1082.86602752],28
2025-01-28,BRMG.TA,[1068.89159368],29
2025-01-29,BRMG.TA,[984.58144917],30
2024-12-31,BBLS.TA,[91.17459231],1
2025-01-01,BBLS.TA,[32.3658399],2
2025-01-02,BBLS.TA,[6.80260487],3
2025-01-03,BBLS.TA,[12.36535654],4
2025-01-04,BBLS.TA,[4.94134584],5
2025-01-05,BBLS.TA,[6.99805089],6
2025-01-06,BBLS.TA,[-4.23083605],7
2025-01-07,BBLS.TA,[-5.75758688],8
2025-01-08,BBLS.TA,[-10.46726775],9
2025-01-09,BBLS.TA,[-25.23774509],10
2025-01-10,BBLS.TA,[-19.96846638],11
2025-01-11,BBLS.TA,[-33.57720176],12
2025-01-12,BBLS.TA,[-42.52960012],13
2025-01-13,BBLS.TA,[-22.99213319],14
2025-01-14,BBLS.TA,[-7.97537603],15
2025-01-15,BBLS.TA,[-2.70598196],16
2025-01-16,BBLS.TA,[-5.06381634],17
2025-01-17,BBLS.TA,[0.79630641],18
2025-01-18,BBLS.TA,[1.49563139],19
2025-01-19,BBLS.TA,[2.46140127],20
2025-01-20,BBLS.TA,[-1.56371589],21
2025-01-21,BBLS.TA,[-3.23939542],22
2025-01-22,BBLS.TA,[-7.36649898],23
2025-01-23,BBLS.TA,[-4.04683913],24
2025-01-24,BBLS.TA,[-11.32363932],25
2025-01-25,BBLS.TA,[9.21708675],26
2025-01-26,BBLS.TA,[-5.48165118],27
2025-01-27,BBLS.TA,[0.52006822],28
2025-01-28,BBLS.TA,[1.09670471],29
2025-01-29,BBLS.TA,[3.568601],30
2024-12-31,BLGO.TA,[741.43721031],1
2025-01-01,BLGO.TA,[751.98350283],2
2025-01-02,BLGO.TA,[763.59774369],3
2025-01-03,BLGO.TA,[762.39865478],4
2025-01-04,BLGO.TA,[754.74176362],5
2025-01-05,BLGO.TA,[754.79350856],6
2025-01-06,BLGO.TA,[754.3456629],7
2025-01-07,BLGO.TA,[755.44801667],8
2025-01-08,BLGO.TA,[749.87841591],9
2025-01-09,BLGO.TA,[747.14682701],10
2025-01-10,BLGO.TA,[722.37027973],11
2025-01-11,BLGO.TA,[741.0902093],12
2025-01-12,BLGO.TA,[737.77495937],13
2025-01-13,BLGO.TA,[745.66195606],14
2025-01-14,BLGO.TA,[750.02634022],15
2025-01-15,BLGO.TA,[747.39943398],16
2025-01-16,BLGO.TA,[742.64950649],17
2025-01-17,BLGO.TA,[749.16728445],18
2025-01-18,BLGO.TA,[750.81672249],19
2025-01-19,BLGO.TA,[747.84366991],20
2025-01-20,BLGO.TA,[745.65147123],21
2025-01-21,BLGO.TA,[750.20684919],22
2025-01-22,BLGO.TA,[738.41085592],23
2025-01-23,BLGO.TA,[740.27652119],24
2025-01-24,BLGO.TA,[735.62588819],25
2025-01-25,BLGO.TA,[737.48083951],26
2025-01-26,BLGO.TA,[724.37077906],27
2025-01-27,BLGO.TA,[721.61909016],28
2025-01-28,BLGO.TA,[723.20474014],29
2025-01-29,BLGO.TA,[718.84842887],30
2024-12-31,BULL-M.TA,[35.58710126],1
2025-01-01,BULL-M.TA,[189.16332589],2
2025-01-02,BULL-M.TA,[-3642.72067428],3
2025-01-03,BULL-M.TA,[18968.18494263],4
2025-01-04,BULL-M.TA,[-21019.17696387],5
2025-01-05,BULL-M.TA,[301121.89362358],6
2025-01-06,BULL-M.TA,[8108212.81702537],7
2025-01-07,BULL-M.TA,[-23739820.24750167],8
2025-01-08,BULL-M.TA,[3.468636e+08],9
2025-01-09,BULL-M.TA,[8.23979102e+08],10
2025-01-10,BULL-M.TA,[-1.14731853e+10],11
2025-01-11,BULL-M.TA,[-4.89973958e+10],12
2025-01-12,BULL-M.TA,[-2.36333601e+10],13
2025-01-13,BULL-M.TA,[3.08602415e+11],14
2025-01-14,BULL-M.TA,[-2.23962594e+11],15
2025-01-15,BULL-M.TA,[1.85414613e+12],16
2025-01-16,BULL-M.TA,[2.4128476e+13],17
2025-01-17,BULL-M.TA,[1.27008487e+14],18
2025-01-18,BULL-M.TA,[-2.06903676e+15],19
2025-01-19,BULL-M.TA,[-2.88419437e+16],20
2025-01-20,BULL-M.TA,[4.25531805e+17],21
2025-01-21,BULL-M.TA,[3.58860831e+18],22
2025-01-22,BULL-M.TA,[1.97947315e+19],23
2025-01-23,BULL-M.TA,[-3.08453594e+20],24
2025-01-24,BULL-M.TA,[-1.37989566e+21],25
2025-01-25,BULL-M.TA,[-1.69629549e+22],26
2025-01-26,BULL-M.TA,[-4.94854754e+23],27
2025-01-27,BULL-M.TA,[2.53714954e+24],28
2025-01-28,BULL-M.TA,[-3.3118164e+25],29
2025-01-29,BULL-M.TA,[-2.81681081e+25],30
2024-12-31,CISY.TA,[1303.80668629],1
2025-01-01,CISY.TA,[1324.00843126],2
2025-01-02,CISY.TA,[1319.65068832],3
2025-01-03,CISY.TA,[1280.42562014],4
2025-01-04,CISY.TA,[1284.86652493],5
2025-01-05,CISY.TA,[1236.79259333],6
2025-01-06,CISY.TA,[1237.78941113],7
2025-01-07,CISY.TA,[1329.86246824],8
2025-01-08,CISY.TA,[1274.85238721],9
2025-01-09,CISY.TA,[1327.42022177],10
2025-01-10,CISY.TA,[1302.75840844],11
2025-01-11,CISY.TA,[1247.24031454],12
2025-01-12,CISY.TA,[1273.38204414],13
2025-01-13,CISY.TA,[1282.12684952],14
2025-01-14,CISY.TA,[1254.12502356],15
2025-01-15,CISY.TA,[1270.28739705],16
2025-01-16,CISY.TA,[1300.85655252],17
2025-01-17,CISY.TA,[1243.45056292],18
2025-01-18,CISY.TA,[1272.12099633],19
2025-01-19,CISY.TA,[1312.97267191],20
2025-01-20,CISY.TA,[1219.03233914],21
2025-01-21,CISY.TA,[1201.146887],22
2025-01-22,CISY.TA,[1164.26726535],23
2025-01-23,CISY.TA,[1174.77849338],24
2025-01-24,CISY.TA,[1174.9487899],25
2025-01-25,CISY.TA,[1175.89005078],26
2025-01-26,CISY.TA,[1140.87953608],27
2025-01-27,CISY.TA,[1196.95907653],28
2025-01-28,CISY.TA,[1217.42978807],29
2025-01-29,CISY.TA,[1176.80190587],30
2024-12-31,CLAB.TA,[1079.65938066],1
2025-01-01,CLAB.TA,[1087.52819143],2
2025-01-02,CLAB.TA,[1154.06751613],3
2025-01-03,CLAB.TA,[1128.38737389],4
2025-01-04,CLAB.TA,[1112.20020205],5
2025-01-05,CLAB.TA,[1140.35083273],6
2025-01-06,CLAB.TA,[1126.33807633],7
2025-01-07,CLAB.TA,[1159.56513944],8
2025-01-08,CLAB.TA,[1153.80535352],9
2025-01-09,CLAB.TA,[1145.61034779],10
2025-01-10,CLAB.TA,[1196.40763666],11
2025-01-11,CLAB.TA,[1246.83571951],12
2025-01-12,CLAB.TA,[1261.96838832],13
2025-01-13,CLAB.TA,[1258.70543095],14
2025-01-14,CLAB.TA,[1327.20709765],15
2025-01-15,CLAB.TA,[1294.390546],16
2025-01-16,CLAB.TA,[1321.6580739],17
2025-01-17,CLAB.TA,[1309.16036015],18
2025-01-18,CLAB.TA,[1286.75940734],19
2025-01-19,CLAB.TA,[1250.65386644],20
2025-01-20,CLAB.TA,[1249.89512489],21
2025-01-21,CLAB.TA,[1277.27877668],22
2025-01-22,CLAB.TA,[1257.53739183],23
2025-01-23,CLAB.TA,[1264.07953757],24
2025-01-24,CLAB.TA,[1265.66287119],25
2025-01-25,CLAB.TA,[1338.65805557],26
2025-01-26,CLAB.TA,[1394.60347642],27
2025-01-27,CLAB.TA,[1432.52452824],28
2025-01-28,CLAB.TA,[1480.0820391],29
2025-01-29,CLAB.TA,[1549.95986378],30
2024-12-31,CAMT.TA,[29625.20657588],1
2025-01-01,CAMT.TA,[29052.6723377],2
2025-01-02,CAMT.TA,[28745.87662491],3
2025-01-03,CAMT.TA,[28964.60505336],4
2025-01-04,CAMT.TA,[28736.95455833],5
2025-01-05,CAMT.TA,[27280.16010455],6
2025-01-06,CAMT.TA,[27691.52833597],7
2025-01-07,CAMT.TA,[28293.63595618],8
2025-01-08,CAMT.TA,[28221.3574192],9
2025-01-09,CAMT.TA,[27700.15938052],10
2025-01-10,CAMT.TA,[26981.19529504],11
2025-01-11,CAMT.TA,[27136.0285378],12
2025-01-12,CAMT.TA,[25662.47901681],13
2025-01-13,CAMT.TA,[22680.30022427],14
2025-01-14,CAMT.TA,[23596.27154679],15
2025-01-15,CAMT.TA,[24841.5115615],16
2025-01-16,CAMT.TA,[26095.7307292],17
2025-01-17,CAMT.TA,[25866.65172851],18
2025-01-18,CAMT.TA,[25437.6678727],19
2025-01-19,CAMT.TA,[23021.24990006],20
2025-01-20,CAMT.TA,[24871.57636945],21
2025-01-21,CAMT.TA,[22967.17642818],22
2025-01-22,CAMT.TA,[22083.93641608],23
2025-01-23,CAMT.TA,[21454.53035332],24
2025-01-24,CAMT.TA,[19232.47637157],25
2025-01-25,CAMT.TA,[19038.37791196],26
2025-01-26,CAMT.TA,[18674.57487028],27
2025-01-27,CAMT.TA,[17285.84450724],28
2025-01-28,CAMT.TA,[18852.48843197],29
2025-01-29,CAMT.TA,[18722.22414291],30
2024-12-31,CANF.TA,[1.69350172],1
2025-01-01,CANF.TA,[1.56474839],2
2025-01-02,CANF.TA,[1.47060349],3
2025-01-03,CANF.TA,[1.43647022],4
2025-01-04,CANF.TA,[1.55850732],5
2025-01-05,CANF.TA,[1.75149621],6
2025-01-06,CANF.TA,[1.83549781],7
2025-01-07,CANF.TA,[1.35264536],8
2025-01-08,CANF.TA,[1.56447525],9
2025-01-09,CANF.TA,[1.55300899],10
2025-01-10,CANF.TA,[1.68409513],11
2025-01-11,CANF.TA,[1.80982598],12
2025-01-12,CANF.TA,[2.29653269],13
2025-01-13,CANF.TA,[2.69952896],14
2025-01-14,CANF.TA,[2.82164514],15
2025-01-15,CANF.TA,[2.33337517],16
2025-01-16,CANF.TA,[2.24909174],17
2025-01-17,CANF.TA,[2.31122361],18
2025-01-18,CANF.TA,[2.19404722],19
2025-01-19,CANF.TA,[2.19471497],20
2025-01-20,CANF.TA,[2.19777991],21
2025-01-21,CANF.TA,[1.65516209],22
2025-01-22,CANF.TA,[1.32490013],23
2025-01-23,CANF.TA,[1.46057374],24
2025-01-24,CANF.TA,[1.64079626],25
2025-01-25,CANF.TA,[1.56024107],26
2025-01-26,CANF.TA,[1.4611371],27
2025-01-27,CANF.TA,[1.44657217],28
2025-01-28,CANF.TA,[1.49168338],29
2025-01-29,CANF.TA,[1.86226767],30
2024-12-31,CNGL.TA,[534.93507247],1
2025-01-01,CNGL.TA,[540.24121557],2
2025-01-02,CNGL.TA,[520.09435918],3
2025-01-03,CNGL.TA,[516.99357327],4
2025-01-04,CNGL.TA,[504.41323808],5
2025-01-05,CNGL.TA,[514.63671959],6
2025-01-06,CNGL.TA,[536.28138426],7
2025-01-07,CNGL.TA,[544.10760011],8
2025-01-08,CNGL.TA,[532.89886601],9
2025-01-09,CNGL.TA,[540.57589602],10
2025-01-10,CNGL.TA,[516.94165092],11
2025-01-11,CNGL.TA,[519.7937751],12
2025-01-12,CNGL.TA,[482.82285462],13
2025-01-13,CNGL.TA,[480.78663063],14
2025-01-14,CNGL.TA,[492.47526718],15
2025-01-15,CNGL.TA,[476.97063588],16
2025-01-16,CNGL.TA,[492.47141968],17
2025-01-17,CNGL.TA,[460.90987944],18
2025-01-18,CNGL.TA,[485.82104812],19
2025-01-19,CNGL.TA,[474.37976056],20
2025-01-20,CNGL.TA,[472.29520248],21
2025-01-21,CNGL.TA,[501.44062865],22
2025-01-22,CNGL.TA,[497.86797522],23
2025-01-23,CNGL.TA,[460.31790835],24
2025-01-24,CNGL.TA,[476.75347091],25
2025-01-25,CNGL.TA,[487.39539055],26
2025-01-26,CNGL.TA,[495.94902322],27
2025-01-27,CNGL.TA,[477.67710597],28
2025-01-28,CNGL.TA,[506.84975761],29
2025-01-29,CNGL.TA,[494.40912083],30
2024-12-31,CNTC.TA,[3510.67205221],1
2025-01-01,CNTC.TA,[1871.00860593],2
2025-01-02,CNTC.TA,[481.35234455],3
2025-01-03,CNTC.TA,[-57.5852317],4
2025-01-04,CNTC.TA,[-53.41766396],5
2025-01-05,CNTC.TA,[-60.46827798],6
2025-01-06,CNTC.TA,[-58.78768263],7
2025-01-07,CNTC.TA,[-51.51850805],8
2025-01-08,CNTC.TA,[-46.07287501],9
2025-01-09,CNTC.TA,[-58.89657616],10
2025-01-10,CNTC.TA,[-30.78756271],11
2025-01-11,CNTC.TA,[-30.21874263],12
2025-01-12,CNTC.TA,[-32.728791],13
2025-01-13,CNTC.TA,[-23.96162128],14
2025-01-14,CNTC.TA,[-37.02154483],15
2025-01-15,CNTC.TA,[-34.71252942],16
2025-01-16,CNTC.TA,[-47.9524952],17
2025-01-17,CNTC.TA,[-9.49972052],18
2025-01-18,CNTC.TA,[-6.09944431],19
2025-01-19,CNTC.TA,[-7.21580111],20
2025-01-20,CNTC.TA,[-4.0695252],21
2025-01-21,CNTC.TA,[-2.52319351],22
2025-01-22,CNTC.TA,[-4.75154649],23
2025-01-23,CNTC.TA,[-7.29878974],24
2025-01-24,CNTC.TA,[-5.75334644],25
2025-01-25,CNTC.TA,[-7.85910509],26
2025-01-26,CNTC.TA,[-8.7113882],27
2025-01-27,CNTC.TA,[-8.23931939],28
2025-01-28,CNTC.TA,[-1.722281],29
2025-01-29,CNTC.TA,[-1.87333427],30
2024-12-31,CPTP.TA,[-937.06725454],1
2025-01-01,CPTP.TA,[-7587.14979613],2
2025-01-02,CPTP.TA,[-37161.21659058],3
2025-01-03,CPTP.TA,[-1577448.30329224],4
2025-01-04,CPTP.TA,[-11179593.78273445],5
2025-01-05,CPTP.TA,[-1.25647009e+08],6
2025-01-06,CPTP.TA,[-5.50062149e+09],7
2025-01-07,CPTP.TA,[1.08084369e+11],8
2025-01-08,CPTP.TA,[-2.24802169e+12],9
2025-01-09,CPTP.TA,[1.30474731e+14],10
2025-01-10,CPTP.TA,[-4.79519275e+14],11
2025-01-11,CPTP.TA,[8.62225656e+15],12
2025-01-12,CPTP.TA,[1.89754401e+17],13
2025-01-13,CPTP.TA,[1.7071365e+18],14
2025-01-14,CPTP.TA,[-3.64712594e+18],15
2025-01-15,CPTP.TA,[1.09031957e+19],16
2025-01-16,CPTP.TA,[5.09608932e+20],17
2025-01-17,CPTP.TA,[-3.46002005e+20],18
2025-01-18,CPTP.TA,[-8.6309538e+21],19
2025-01-19,CPTP.TA,[2.70116043e+23],20
2025-01-20,CPTP.TA,[4.9566643e+24],21
2025-01-21,CPTP.TA,[1.18196749e+26],22
2025-01-22,CPTP.TA,[4.55138914e+27],23
2025-01-23,CPTP.TA,[-3.59260927e+29],24
2025-01-24,CPTP.TA,[1.99888679e+31],25
2025-01-25,CPTP.TA,[-4.75815612e+32],26
2025-01-26,CPTP.TA,[-9.67528857e+32],27
2025-01-27,CPTP.TA,[8.68115466e+34],28
2025-01-28,CPTP.TA,[-1.14883924e+36],29
2025-01-29,CPTP.TA,[5.36709085e+37],30
2024-12-31,CRSM.TA,[2352.39835252],1
2025-01-01,CRSM.TA,[2352.15263604],2
2025-01-02,CRSM.TA,[2366.05239027],3
2025-01-03,CRSM.TA,[2349.60451978],4
2025-01-04,CRSM.TA,[2333.03870563],5
2025-01-05,CRSM.TA,[2300.97203595],6
2025-01-06,CRSM.TA,[2368.0005921],7
2025-01-07,CRSM.TA,[2388.45364732],8
2025-01-08,CRSM.TA,[2407.35394177],9
2025-01-09,CRSM.TA,[2396.92013081],10
2025-01-10,CRSM.TA,[2383.8502975],11
2025-01-11,CRSM.TA,[2373.85769344],12
2025-01-12,CRSM.TA,[2351.90714411],13
2025-01-13,CRSM.TA,[2353.4187467],14
2025-01-14,CRSM.TA,[2378.54082025],15
2025-01-15,CRSM.TA,[2381.67731609],16
2025-01-16,CRSM.TA,[2452.19633545],17
2025-01-17,CRSM.TA,[2501.47830328],18
2025-01-18,CRSM.TA,[2489.6928175],19
2025-01-19,CRSM.TA,[2487.99686539],20
2025-01-20,CRSM.TA,[2510.44011315],21
2025-01-21,CRSM.TA,[2526.6602918],22
2025-01-22,CRSM.TA,[2547.32118708],23
2025-01-23,CRSM.TA,[2565.07830737],24
2025-01-24,CRSM.TA,[2541.10966903],25
2025-01-25,CRSM.TA,[2553.34677042],26
2025-01-26,CRSM.TA,[2579.441793],27
2025-01-27,CRSM.TA,[2583.68799128],28
2025-01-28,CRSM.TA,[2566.91769892],29
2025-01-29,CRSM.TA,[2572.69433177],30
2024-12-31,CRSR.TA,[3139.34365774],1
2025-01-01,CRSR.TA,[3161.17368014],2
2025-01-02,CRSR.TA,[3140.44988695],3
2025-01-03,CRSR.TA,[3134.65052078],4
2025-01-04,CRSR.TA,[3210.0724943],5
2025-01-05,CRSR.TA,[3271.84257659],6
2025-01-06,CRSR.TA,[3296.5790494],7
2025-01-07,CRSR.TA,[3312.46605761],8
2025-01-08,CRSR.TA,[3322.20207696],9
2025-01-09,CRSR.TA,[3310.2745377],10
2025-01-10,CRSR.TA,[3294.36694386],11
2025-01-11,CRSR.TA,[3309.18870477],12
2025-01-12,CRSR.TA,[3339.92915313],13
2025-01-13,CRSR.TA,[3355.40667462],14
2025-01-14,CRSR.TA,[3403.98580979],15
2025-01-15,CRSR.TA,[3421.70758547],16
2025-01-16,CRSR.TA,[3479.81818934],17
2025-01-17,CRSR.TA,[3475.21358059],18
2025-01-18,CRSR.TA,[3517.05448361],19
2025-01-19,CRSR.TA,[3437.6249995],20
2025-01-20,CRSR.TA,[3457.77297331],21
2025-01-21,CRSR.TA,[3430.25966422],22
2025-01-22,CRSR.TA,[3438.95540589],23
2025-01-23,CRSR.TA,[3438.76480848],24
2025-01-24,CRSR.TA,[3467.82557809],25
2025-01-25,CRSR.TA,[3487.93264419],26
2025-01-26,CRSR.TA,[3535.9734029],27
2025-01-27,CRSR.TA,[3536.94904124],28
2025-01-28,CRSR.TA,[3550.12463785],29
2025-01-29,CRSR.TA,[3533.40361555],30
2024-12-31,CRML.TA,[2175.36636182],1
2025-01-01,CRML.TA,[2119.05222939],2
2025-01-02,CRML.TA,[2136.84820696],3
2025-01-03,CRML.TA,[2101.66432696],4
2025-01-04,CRML.TA,[2109.27546429],5
2025-01-05,CRML.TA,[2238.7046249],6
2025-01-06,CRML.TA,[2314.09744579],7
2025-01-07,CRML.TA,[2322.92619712],8
2025-01-08,CRML.TA,[2294.56363999],9
2025-01-09,CRML.TA,[2309.03124059],10
2025-01-10,CRML.TA,[2373.01090224],11
2025-01-11,CRML.TA,[2381.26264699],12
2025-01-12,CRML.TA,[2455.64368197],13
2025-01-13,CRML.TA,[2558.98542786],14
2025-01-14,CRML.TA,[2512.18245488],15
2025-01-15,CRML.TA,[2502.73717207],16
2025-01-16,CRML.TA,[2466.71626581],17
2025-01-17,CRML.TA,[2333.29394611],18
2025-01-18,CRML.TA,[2248.50794851],19
2025-01-19,CRML.TA,[2270.18557252],20
2025-01-20,CRML.TA,[2315.75365099],21
2025-01-21,CRML.TA,[2249.7291116],22
2025-01-22,CRML.TA,[2283.74374081],23
2025-01-23,CRML.TA,[2330.3116293],24
2025-01-24,CRML.TA,[2338.55379478],25
2025-01-25,CRML.TA,[2220.34705251],26
2025-01-26,CRML.TA,[2287.08667436],27
2025-01-27,CRML.TA,[2273.44815457],28
2025-01-28,CRML.TA,[2243.71181944],29
2025-01-29,CRML.TA,[2161.32290365],30
2024-12-31,CRMT.TA,[-264.61404029],1
2025-01-01,CRMT.TA,[-267.88576706],2
2025-01-02,CRMT.TA,[-485.81490221],3
2025-01-03,CRMT.TA,[-2691.70253214],4
2025-01-04,CRMT.TA,[835.14537241],5
2025-01-05,CRMT.TA,[2981.10879336],6
2025-01-06,CRMT.TA,[10651.7640422],7
2025-01-07,CRMT.TA,[-1167.93610454],8
2025-01-08,CRMT.TA,[-4247.53366142],9
2025-01-09,CRMT.TA,[-5440.28726233],10
2025-01-10,CRMT.TA,[-20062.95060439],11
2025-01-11,CRMT.TA,[-27105.44494089],12
2025-01-12,CRMT.TA,[41736.8552668],13
2025-01-13,CRMT.TA,[134812.7413291],14
2025-01-14,CRMT.TA,[296257.45744984],15
2025-01-15,CRMT.TA,[-375928.52032374],16
2025-01-16,CRMT.TA,[-1378920.49309814],17
2025-01-17,CRMT.TA,[-16.95134594],18
2025-01-18,CRMT.TA,[-22.94321705],19
2025-01-19,CRMT.TA,[13.93132846],20
2025-01-20,CRMT.TA,[-13.75576333],21
2025-01-21,CRMT.TA,[-48.42423153],22
2025-01-22,CRMT.TA,[-73.34501462],23
2025-01-23,CRMT.TA,[87.49915096],24
2025-01-24,CRMT.TA,[27.74676002],25
2025-01-25,CRMT.TA,[69.99237818],26
2025-01-26,CRMT.TA,[273.64262533],27
2025-01-27,CRMT.TA,[1167.44328953],28
2025-01-28,CRMT.TA,[1711.67480484],29
2025-01-29,CRMT.TA,[2091.58465107],30
2024-12-31,CAST.TA,[9911.40221637],1
2025-01-01,CAST.TA,[10144.30234054],2
2025-01-02,CAST.TA,[10211.66357103],3
2025-01-03,CAST.TA,[10260.89326444],4
2025-01-04,CAST.TA,[10368.42714228],5
2025-01-05,CAST.TA,[10446.16035298],6
2025-01-06,CAST.TA,[10632.54062599],7
2025-01-07,CAST.TA,[10681.72190249],8
2025-01-08,CAST.TA,[10818.46391535],9
2025-01-09,CAST.TA,[10659.22095733],10
2025-01-10,CAST.TA,[10686.4029683],11
2025-01-11,CAST.TA,[10357.90286496],12
2025-01-12,CAST.TA,[10449.83826916],13
2025-01-13,CAST.TA,[10324.45826676],14
2025-01-14,CAST.TA,[10350.0226663],15
2025-01-15,CAST.TA,[10563.68883176],16
2025-01-16,CAST.TA,[10505.66975333],17
2025-01-17,CAST.TA,[10381.45658083],18
2025-01-18,CAST.TA,[10293.0358527],19
2025-01-19,CAST.TA,[10789.55920272],20
2025-01-20,CAST.TA,[10629.83270368],21
2025-01-21,CAST.TA,[10865.52526423],22
2025-01-22,CAST.TA,[10526.13453463],23
2025-01-23,CAST.TA,[10594.94098356],24
2025-01-24,CAST.TA,[10638.61167337],25
2025-01-25,CAST.TA,[10455.35239727],26
2025-01-26,CAST.TA,[10439.85695978],27
2025-01-27,CAST.TA,[10218.94679726],28
2025-01-28,CAST.TA,[10568.53348122],29
2025-01-29,CAST.TA,[10085.66827764],30
2024-12-31,CEL.TA,[1951.08991058],1
2025-01-01,CEL.TA,[1922.63419467],2
2025-01-02,CEL.TA,[2018.27708041],3
2025-01-03,CEL.TA,[2068.55276357],4
2025-01-04,CEL.TA,[2078.48740034],5
2025-01-05,CEL.TA,[2002.39555106],6
2025-01-06,CEL.TA,[2021.07294561],7
2025-01-07,CEL.TA,[2012.25285979],8
2025-01-08,CEL.TA,[1970.07605121],9
2025-01-09,CEL.TA,[1952.8179542],10
2025-01-10,CEL.TA,[2036.24120628],11
2025-01-11,CEL.TA,[2051.41560552],12
2025-01-12,CEL.TA,[2096.03667753],13
2025-01-13,CEL.TA,[2110.58610633],14
2025-01-14,CEL.TA,[2113.8555169],15
2025-01-15,CEL.TA,[2124.27131622],16
2025-01-16,CEL.TA,[2122.4700859],17
2025-01-17,CEL.TA,[2136.66432111],18
2025-01-18,CEL.TA,[2232.46579554],19
2025-01-19,CEL.TA,[2252.24978951],20
2025-01-20,CEL.TA,[2225.67175287],21
2025-01-21,CEL.TA,[2270.08537115],22
2025-01-22,CEL.TA,[2251.14186245],23
2025-01-23,CEL.TA,[2255.67708789],24
2025-01-24,CEL.TA,[2266.19264048],25
2025-01-25,CEL.TA,[2274.89900834],26
2025-01-26,CEL.TA,[2343.47802028],27
2025-01-27,CEL.TA,[2434.05388499],28
2025-01-28,CEL.TA,[2498.42204476],29
2025-01-29,CEL.TA,[2516.4057886],30
2024-12-31,CILO.TA,[-9498.96731045],1
2025-01-01,CILO.TA,[-35057.21454135],2
2025-01-02,CILO.TA,[63976.60236528],3
2025-01-03,CILO.TA,[-380105.49887958],4
2025-01-04,CILO.TA,[946200.46036818],5
2025-01-05,CILO.TA,[4687807.27857034],6
2025-01-06,CILO.TA,[37539017.92879632],7
2025-01-07,CILO.TA,[-6955837.74888331],8
2025-01-08,CILO.TA,[-51725463.91595104],9
2025-01-09,CILO.TA,[2.2986842e+08],10
2025-01-10,CILO.TA,[-1.32545554e+09],11
2025-01-11,CILO.TA,[2.96938405e+09],12
2025-01-12,CILO.TA,[2.2094727e+10],13
2025-01-13,CILO.TA,[3.75766849e+10],14
2025-01-14,CILO.TA,[-2.12062902e+11],15
2025-01-15,CILO.TA,[1.69990968e+12],16
2025-01-16,CILO.TA,[4.34868363e+12],17
2025-01-17,CILO.TA,[-1.94095214e+13],18
2025-01-18,CILO.TA,[-9.94190349e+13],19
2025-01-19,CILO.TA,[7.35382367e+13],20
2025-01-20,CILO.TA,[6.80042424e+14],21
2025-01-21,CILO.TA,[4.89126147e+15],22
2025-01-22,CILO.TA,[-2.34426907e+15],23
2025-01-23,CILO.TA,[9.27330134e+15],24
2025-01-24,CILO.TA,[6.88518383e+16],25
2025-01-25,CILO.TA,[-3.82841403e+17],26
2025-01-26,CILO.TA,[-5.63391328e+17],27
2025-01-27,CILO.TA,[1.54630235e+18],28
2025-01-28,CILO.TA,[-5.33143888e+18],29
2025-01-29,CILO.TA,[-3.97166509e+19],30
2024-12-31,CION.TA,[33.94167849],1
2025-01-01,CION.TA,[35.79301177],2
2025-01-02,CION.TA,[33.72793754],3
2025-01-03,CION.TA,[33.30404534],4
2025-01-04,CION.TA,[35.59256051],5
2025-01-05,CION.TA,[38.79182564],6
2025-01-06,CION.TA,[35.26039813],7
2025-01-07,CION.TA,[33.96285276],8
2025-01-08,CION.TA,[33.3980461],9
2025-01-09,CION.TA,[33.65010633],10
2025-01-10,CION.TA,[34.13637557],11
2025-01-11,CION.TA,[35.84222268],12
2025-01-12,CION.TA,[36.27712603],13
2025-01-13,CION.TA,[37.81996868],14
2025-01-14,CION.TA,[40.20142375],15
2025-01-15,CION.TA,[41.05510338],16
2025-01-16,CION.TA,[41.46701114],17
2025-01-17,CION.TA,[42.59216536],18
2025-01-18,CION.TA,[34.6940516],19
2025-01-19,CION.TA,[34.28792255],20
2025-01-20,CION.TA,[36.23430438],21
2025-01-21,CION.TA,[36.44984627],22
2025-01-22,CION.TA,[40.39905526],23
2025-01-23,CION.TA,[35.95431772],24
2025-01-24,CION.TA,[34.63282957],25
2025-01-25,CION.TA,[33.87297643],26
2025-01-26,CION.TA,[33.47412867],27
2025-01-27,CION.TA,[33.26642084],28
2025-01-28,CION.TA,[31.96858152],29
2025-01-29,CION.TA,[32.3001886],30
2024-12-31,CPIA.TA,[47.09505437],1
2025-01-01,CPIA.TA,[47.91824601],2
2025-01-02,CPIA.TA,[47.90366447],3
2025-01-03,CPIA.TA,[49.17485205],4
2025-01-04,CPIA.TA,[49.37631133],5
2025-01-05,CPIA.TA,[50.73588271],6
2025-01-06,CPIA.TA,[49.58329887],7
2025-01-07,CPIA.TA,[49.20268554],8
2025-01-08,CPIA.TA,[47.51798798],9
2025-01-09,CPIA.TA,[46.56372679],10
2025-01-10,CPIA.TA,[47.85428603],11
2025-01-11,CPIA.TA,[48.02170243],12
2025-01-12,CPIA.TA,[47.10507935],13
2025-01-13,CPIA.TA,[47.26200675],14
2025-01-14,CPIA.TA,[47.96388271],15
2025-01-15,CPIA.TA,[49.28335923],16
2025-01-16,CPIA.TA,[48.65000336],17
2025-01-17,CPIA.TA,[50.17015504],18
2025-01-18,CPIA.TA,[49.54505199],19
2025-01-19,CPIA.TA,[50.64320624],20
2025-01-20,CPIA.TA,[51.51601636],21
2025-01-21,CPIA.TA,[53.08396835],22
2025-01-22,CPIA.TA,[53.48696287],23
2025-01-23,CPIA.TA,[53.0305113],24
2025-01-24,CPIA.TA,[53.66217865],25
2025-01-25,CPIA.TA,[52.91002843],26
2025-01-26,CPIA.TA,[53.43225545],27
2025-01-27,CPIA.TA,[52.91369382],28
2025-01-28,CPIA.TA,[50.51133933],29
2025-01-29,CPIA.TA,[50.38894511],30
2024-06-03,CTPL1.TA,[180.07684906],1
2024-06-04,CTPL1.TA,[176.48253082],2
2024-06-05,CTPL1.TA,[189.24767447],3
2024-06-06,CTPL1.TA,[194.94520858],4
2024-06-07,CTPL1.TA,[221.1404382],5
2024-06-08,CTPL1.TA,[222.55916104],6
2024-06-09,CTPL1.TA,[221.09507387],7
2024-06-10,CTPL1.TA,[215.9097453],8
2024-06-11,CTPL1.TA,[218.87006454],9
2024-06-12,CTPL1.TA,[228.81181623],10
2024-06-13,CTPL1.TA,[220.70567004],11
2024-06-14,CTPL1.TA,[223.41275983],12
2024-06-15,CTPL1.TA,[223.07266526],13
2024-06-16,CTPL1.TA,[226.97555369],14
2024-06-17,CTPL1.TA,[239.65196036],15
2024-06-18,CTPL1.TA,[244.00673214],16
2024-06-19,CTPL1.TA,[224.05102798],17
2024-06-20,CTPL1.TA,[219.27220192],18
2024-06-21,CTPL1.TA,[232.27602225],19
2024-06-22,CTPL1.TA,[250.83479299],20
2024-06-23,CTPL1.TA,[242.31597967],21
2024-06-24,CTPL1.TA,[246.97214002],22
2024-06-25,CTPL1.TA,[235.1936323],23
2024-06-26,CTPL1.TA,[245.83692617],24
2024-06-27,CTPL1.TA,[236.72870111],25
2024-06-28,CTPL1.TA,[248.40940768],26
2024-06-29,CTPL1.TA,[243.91477667],27
2024-06-30,CTPL1.TA,[262.41050187],28
2024-07-01,CTPL1.TA,[244.12367986],29
2024-07-02,CTPL1.TA,[259.5100216],30
2024-12-26,CTPL5.TA,[84857.81175445],1
2024-12-27,CTPL5.TA,[7722.11908132],2
2024-12-28,CTPL5.TA,[-45851.80337986],3
2024-12-29,CTPL5.TA,[-248842.2131304],4
2024-12-30,CTPL5.TA,[8222372.46231754],5
2024-12-31,CTPL5.TA,[-62682052.8010681],6
2025-01-01,CTPL5.TA,[-3.15456402e+08],7
2025-01-02,CTPL5.TA,[84105750.7110174],8
2025-01-03,CTPL5.TA,[-1.72827464e+09],9
2025-01-04,CTPL5.TA,[3.66140389e+10],10
2025-01-05,CTPL5.TA,[-6.35771993e+10],11
2025-01-06,CTPL5.TA,[4.07823726e+11],12
2025-01-07,CTPL5.TA,[5.85972686e+11],13
2025-01-08,CTPL5.TA,[3.56866102e+12],14
2025-01-09,CTPL5.TA,[6.33467804e+13],15
2025-01-10,CTPL5.TA,[4.42181325e+14],16
2025-01-11,CTPL5.TA,[-7.5502068e+15],17
2025-01-12,CTPL5.TA,[-8.77475631e+16],18
2025-01-13,CTPL5.TA,[6.13308756e+17],19
2025-01-14,CTPL5.TA,[1.38685572e+19],20
2025-01-15,CTPL5.TA,[-4.2429448e+19],21
2025-01-16,CTPL5.TA,[2.70772537e+19],22
2025-01-17,CTPL5.TA,[3.00567379e+20],23
2025-01-18,CTPL5.TA,[2.93037654e+21],24
2025-01-19,CTPL5.TA,[1.21025807e+22],25
2025-01-20,CTPL5.TA,[4.07816658e+22],26
2025-01-21,CTPL5.TA,[6.87347292e+22],27
2025-01-22,CTPL5.TA,[1.13221843e+24],28
2025-01-23,CTPL5.TA,[-9.76462904e+24],29
2025-01-24,CTPL5.TA,[4.33157569e+25],30
2024-12-31,CBI.TA,[17.84333095],1
2025-01-01,CBI.TA,[19.77478729],2
2025-01-02,CBI.TA,[18.24842233],3
2025-01-03,CBI.TA,[17.77000809],4
2025-01-04,CBI.TA,[17.45704472],5
2025-01-05,CBI.TA,[16.02632196],6
2025-01-06,CBI.TA,[16.30132767],7
2025-01-07,CBI.TA,[17.79462881],8
2025-01-08,CBI.TA,[17.13874158],9
2025-01-09,CBI.TA,[17.4232449],10
2025-01-10,CBI.TA,[16.92840882],11
2025-01-11,CBI.TA,[15.95939804],12
2025-01-12,CBI.TA,[15.42553837],13
2025-01-13,CBI.TA,[15.91486588],14
2025-01-14,CBI.TA,[15.96856911],15
2025-01-15,CBI.TA,[14.22413563],16
2025-01-16,CBI.TA,[13.04842788],17
2025-01-17,CBI.TA,[14.28068913],18
2025-01-18,CBI.TA,[11.7661318],19
2025-01-19,CBI.TA,[12.72422342],20
2025-01-20,CBI.TA,[14.352551],21
2025-01-21,CBI.TA,[15.90030403],22
2025-01-22,CBI.TA,[16.18005454],23
2025-01-23,CBI.TA,[16.66620391],24
2025-01-24,CBI.TA,[17.56110367],25
2025-01-25,CBI.TA,[16.46719635],26
2025-01-26,CBI.TA,[17.09791652],27
2025-01-27,CBI.TA,[17.39562852],28
2025-01-28,CBI.TA,[19.81831053],29
2025-01-29,CBI.TA,[19.5421736],30
2024-12-31,CLIS.TA,[8344.65794842],1
2025-01-01,CLIS.TA,[8337.83365017],2
2025-01-02,CLIS.TA,[8335.23749438],3
2025-01-03,CLIS.TA,[8141.98357928],4
2025-01-04,CLIS.TA,[8432.47317385],5
2025-01-05,CLIS.TA,[8530.89673743],6
2025-01-06,CLIS.TA,[8639.63403486],7
2025-01-07,CLIS.TA,[8727.35624708],8
2025-01-08,CLIS.TA,[8739.5847442],9
2025-01-09,CLIS.TA,[8726.01780958],10
2025-01-10,CLIS.TA,[8990.30105546],11
2025-01-11,CLIS.TA,[9292.52573851],12
2025-01-12,CLIS.TA,[9630.50451531],13
2025-01-13,CLIS.TA,[9798.72059269],14
2025-01-14,CLIS.TA,[9279.54535564],15
2025-01-15,CLIS.TA,[9150.85037697],16
2025-01-16,CLIS.TA,[9341.12553451],17
2025-01-17,CLIS.TA,[9410.80502387],18
2025-01-18,CLIS.TA,[9574.8127034],19
2025-01-19,CLIS.TA,[9720.44020919],20
2025-01-20,CLIS.TA,[9617.01406076],21
2025-01-21,CLIS.TA,[9515.11017458],22
2025-01-22,CLIS.TA,[9653.8859011],23
2025-01-23,CLIS.TA,[9812.319456],24
2025-01-24,CLIS.TA,[9916.63971175],25
2025-01-25,CLIS.TA,[9954.85979101],26
2025-01-26,CLIS.TA,[10113.97837624],27
2025-01-27,CLIS.TA,[9835.41313715],28
2025-01-28,CLIS.TA,[10121.54004587],29
2025-01-29,CLIS.TA,[10190.7466143],30
2024-12-31,CFX.TA,[397.20245748],1
2025-01-01,CFX.TA,[405.19828646],2
2025-01-02,CFX.TA,[401.2604025],3
2025-01-03,CFX.TA,[417.72629437],4
2025-01-04,CFX.TA,[424.66791028],5
2025-01-05,CFX.TA,[426.8054458],6
2025-01-06,CFX.TA,[424.29725413],7
2025-01-07,CFX.TA,[422.73528671],8
2025-01-08,CFX.TA,[420.56480612],9
2025-01-09,CFX.TA,[420.07634892],10
2025-01-10,CFX.TA,[412.5696355],11
2025-01-11,CFX.TA,[417.42061881],12
2025-01-12,CFX.TA,[430.99718775],13
2025-01-13,CFX.TA,[426.2796182],14
2025-01-14,CFX.TA,[431.85882021],15
2025-01-15,CFX.TA,[439.45910506],16
2025-01-16,CFX.TA,[443.67013327],17
2025-01-17,CFX.TA,[437.66551649],18
2025-01-18,CFX.TA,[426.31516959],19
2025-01-19,CFX.TA,[417.70152349],20
2025-01-20,CFX.TA,[424.86575796],21
2025-01-21,CFX.TA,[422.4106825],22
2025-01-22,CFX.TA,[428.58954199],23
2025-01-23,CFX.TA,[438.75244833],24
2025-01-24,CFX.TA,[425.42027688],25
2025-01-25,CFX.TA,[412.64956292],26
2025-01-26,CFX.TA,[419.08784217],27
2025-01-27,CFX.TA,[416.13615809],28
2025-01-28,CFX.TA,[415.7951229],29
2025-01-29,CFX.TA,[411.90234244],30
2024-12-31,CDEV.TA,[13301.94825443],1
2025-01-01,CDEV.TA,[13642.20739212],2
2025-01-02,CDEV.TA,[13636.19971291],3
2025-01-03,CDEV.TA,[13614.77926442],4
2025-01-04,CDEV.TA,[13898.36041406],5
2025-01-05,CDEV.TA,[14046.55831731],6
2025-01-06,CDEV.TA,[13958.56029356],7
2025-01-07,CDEV.TA,[13894.41629682],8
2025-01-08,CDEV.TA,[14011.60571407],9
2025-01-09,CDEV.TA,[14221.036862],10
2025-01-10,CDEV.TA,[14293.46355247],11
2025-01-11,CDEV.TA,[14577.87641892],12
2025-01-12,CDEV.TA,[14677.28128647],13
2025-01-13,CDEV.TA,[14926.65514869],14
2025-01-14,CDEV.TA,[14870.72906324],15
2025-01-15,CDEV.TA,[14851.92257651],16
2025-01-16,CDEV.TA,[14806.70814358],17
2025-01-17,CDEV.TA,[14722.42965431],18
2025-01-18,CDEV.TA,[14916.29763983],19
2025-01-19,CDEV.TA,[15065.7380778],20
2025-01-20,CDEV.TA,[15045.20186141],21
2025-01-21,CDEV.TA,[14905.92153757],22
2025-01-22,CDEV.TA,[14805.20060664],23
2025-01-23,CDEV.TA,[15019.17390602],24
2025-01-24,CDEV.TA,[14950.41994218],25
2025-01-25,CDEV.TA,[14763.4175878],26
2025-01-26,CDEV.TA,[14854.60803414],27
2025-01-27,CDEV.TA,[14875.2922632],28
2025-01-28,CDEV.TA,[14668.72796635],29
2025-01-29,CDEV.TA,[14453.17136225],30
2024-12-31,CGEN.TA,[489.60056031],1
2025-01-01,CGEN.TA,[459.40218881],2
2025-01-02,CGEN.TA,[454.13947054],3
2025-01-03,CGEN.TA,[431.75861921],4
2025-01-04,CGEN.TA,[445.07577072],5
2025-01-05,CGEN.TA,[442.23490191],6
2025-01-06,CGEN.TA,[438.13963404],7
2025-01-07,CGEN.TA,[430.03893034],8
2025-01-08,CGEN.TA,[433.03688904],9
2025-01-09,CGEN.TA,[444.39169934],10
2025-01-10,CGEN.TA,[434.48298925],11
2025-01-11,CGEN.TA,[410.12183521],12
2025-01-12,CGEN.TA,[411.98107884],13
2025-01-13,CGEN.TA,[416.12397873],14
2025-01-14,CGEN.TA,[399.84152332],15
2025-01-15,CGEN.TA,[443.76183767],16
2025-01-16,CGEN.TA,[408.7554833],17
2025-01-17,CGEN.TA,[440.63491335],18
2025-01-18,CGEN.TA,[479.06043653],19
2025-01-19,CGEN.TA,[487.99971983],20
2025-01-20,CGEN.TA,[493.39536538],21
2025-01-21,CGEN.TA,[467.28247514],22
2025-01-22,CGEN.TA,[494.57815204],23
2025-01-23,CGEN.TA,[497.89240476],24
2025-01-24,CGEN.TA,[481.85427164],25
2025-01-25,CGEN.TA,[521.50923782],26
2025-01-26,CGEN.TA,[477.73007526],27
2025-01-27,CGEN.TA,[451.4976415],28
2025-01-28,CGEN.TA,[438.88380088],29
2025-01-29,CGEN.TA,[445.1369549],30
2024-12-31,CMDR.TA,[36718.10600754],1
2025-01-01,CMDR.TA,[37235.83960971],2
2025-01-02,CMDR.TA,[37416.93028363],3
2025-01-03,CMDR.TA,[38010.64391144],4
2025-01-04,CMDR.TA,[37876.42553767],5
2025-01-05,CMDR.TA,[36566.8163745],6
2025-01-06,CMDR.TA,[35863.25393936],7
2025-01-07,CMDR.TA,[35330.38777995],8
2025-01-08,CMDR.TA,[35107.22067786],9
2025-01-09,CMDR.TA,[34244.15120692],10
2025-01-10,CMDR.TA,[35135.21842909],11
2025-01-11,CMDR.TA,[34707.44467273],12
2025-01-12,CMDR.TA,[35294.22245808],13
2025-01-13,CMDR.TA,[34473.09283161],14
2025-01-14,CMDR.TA,[33532.61504373],15
2025-01-15,CMDR.TA,[34542.58881262],16
2025-01-16,CMDR.TA,[34611.13497795],17
2025-01-17,CMDR.TA,[34257.1687341],18
2025-01-18,CMDR.TA,[33519.96709061],19
2025-01-19,CMDR.TA,[33816.94756955],20
2025-01-20,CMDR.TA,[34202.64223769],21
2025-01-21,CMDR.TA,[33699.60409115],22
2025-01-22,CMDR.TA,[34049.5652597],23
2025-01-23,CMDR.TA,[33785.23402398],24
2025-01-24,CMDR.TA,[33819.53896638],25
2025-01-25,CMDR.TA,[34037.73081629],26
2025-01-26,CMDR.TA,[33884.7409708],27
2025-01-27,CMDR.TA,[34510.91308376],28
2025-01-28,CMDR.TA,[35284.01538213],29
2025-01-29,CMDR.TA,[36119.16660669],30
2024-12-31,CNTL-M.TA,[78.7350427],1
2025-01-01,CNTL-M.TA,[80.44983996],2
2025-01-02,CNTL-M.TA,[91.74198849],3
2025-01-03,CNTL-M.TA,[99.78060652],4
2025-01-04,CNTL-M.TA,[110.71404463],5
2025-01-05,CNTL-M.TA,[99.89066362],6
2025-01-06,CNTL-M.TA,[96.63230652],7
2025-01-07,CNTL-M.TA,[107.10672514],8
2025-01-08,CNTL-M.TA,[113.49745571],9
2025-01-09,CNTL-M.TA,[126.23907607],10
2025-01-10,CNTL-M.TA,[137.46960118],11
2025-01-11,CNTL-M.TA,[129.52156546],12
2025-01-12,CNTL-M.TA,[126.30881934],13
2025-01-13,CNTL-M.TA,[112.94423052],14
2025-01-14,CNTL-M.TA,[92.05021919],15
2025-01-15,CNTL-M.TA,[102.29949865],16
2025-01-16,CNTL-M.TA,[108.90087369],17
2025-01-17,CNTL-M.TA,[109.82328357],18
2025-01-18,CNTL-M.TA,[111.68280768],19
2025-01-19,CNTL-M.TA,[109.84788151],20
2025-01-20,CNTL-M.TA,[109.70456844],21
2025-01-21,CNTL-M.TA,[112.07412452],22
2025-01-22,CNTL-M.TA,[115.77546149],23
2025-01-23,CNTL-M.TA,[131.85272529],24
2025-01-24,CNTL-M.TA,[127.38223433],25
2025-01-25,CNTL-M.TA,[125.49219982],26
2025-01-26,CNTL-M.TA,[130.22336468],27
2025-01-27,CNTL-M.TA,[132.37243503],28
2025-01-28,CNTL-M.TA,[110.54474778],29
2025-01-29,CNTL-M.TA,[111.42119573],30
2024-12-31,CMCT.TA,[849164.54678865],1
2025-01-01,CMCT.TA,[880063.48749719],2
2025-01-02,CMCT.TA,[2135253.63609794],3
2025-01-03,CMCT.TA,[3097658.88401658],4
2025-01-04,CMCT.TA,[1963331.63409573],5
2025-01-05,CMCT.TA,[1936333.39002093],6
2025-01-06,CMCT.TA,[-2633778.21429445],7
2025-01-07,CMCT.TA,[-2930861.19945326],8
2025-01-08,CMCT.TA,[-4356246.05696958],9
2025-01-09,CMCT.TA,[-6794696.49515219],10
2025-01-10,CMCT.TA,[-13193853.22185804],11
2025-01-11,CMCT.TA,[-7723226.55034916],12
2025-01-12,CMCT.TA,[-19368406.84871173],13
2025-01-13,CMCT.TA,[-48665381.50685478],14
2025-01-14,CMCT.TA,[-57415501.75138688],15
2025-01-15,CMCT.TA,[-1.57257823e+08],16
2025-01-16,CMCT.TA,[-1.92184839e+08],17
2025-01-17,CMCT.TA,[-2.42685656e+08],18
2025-01-18,CMCT.TA,[-2.78497269e+08],19
2025-01-19,CMCT.TA,[-5.77149284e+08],20
2025-01-20,CMCT.TA,[-8.49856766e+08],21
2025-01-21,CMCT.TA,[-1.51114863e+09],22
2025-01-22,CMCT.TA,[1.17857067e+09],23
2025-01-23,CMCT.TA,[3.66238374e+08],24
2025-01-24,CMCT.TA,[7.93599384e+08],25
2025-01-25,CMCT.TA,[1.35834582e+09],26
2025-01-26,CMCT.TA,[4.87065707e+08],27
2025-01-27,CMCT.TA,[3.70128434e+08],28
2025-01-28,CMCT.TA,[3.65607248e+08],29
2025-01-29,CMCT.TA,[4.66317341e+08],30
2024-12-31,DANH.TA,[2272.45947547],1
2025-01-01,DANH.TA,[2267.55851001],2
2025-01-02,DANH.TA,[2269.27104655],3
2025-01-03,DANH.TA,[2271.75326583],4
2025-01-04,DANH.TA,[2275.98755764],5
2025-01-05,DANH.TA,[2270.28386721],6
2025-01-06,DANH.TA,[2264.58373565],7
2025-01-07,DANH.TA,[2265.11685431],8
2025-01-08,DANH.TA,[2261.50924504],9
2025-01-09,DANH.TA,[2260.00004419],10
2025-01-10,DANH.TA,[2259.85890374],11
2025-01-11,DANH.TA,[2257.64783184],12
2025-01-12,DANH.TA,[2253.46989018],13
2025-01-13,DANH.TA,[2249.62978536],14
2025-01-14,DANH.TA,[2248.51201723],15
2025-01-15,DANH.TA,[2247.2922555],16
2025-01-16,DANH.TA,[2243.29106785],17
2025-01-17,DANH.TA,[2247.85361368],18
2025-01-18,DANH.TA,[2249.89619117],19
2025-01-19,DANH.TA,[2256.20724471],20
2025-01-20,DANH.TA,[2258.15685864],21
2025-01-21,DANH.TA,[2262.68870922],22
2025-01-22,DANH.TA,[2259.86572233],23
2025-01-23,DANH.TA,[2262.07934019],24
2025-01-24,DANH.TA,[2258.46491158],25
2025-01-25,DANH.TA,[2265.95547775],26
2025-01-26,DANH.TA,[2267.14077909],27
2025-01-27,DANH.TA,[2268.16151664],28
2025-01-28,DANH.TA,[2252.1537475],29
2025-01-29,DANH.TA,[2252.06001958],30
2024-12-31,DANE.TA,[39686.00463451],1
2025-01-01,DANE.TA,[40290.13063031],2
2025-01-02,DANE.TA,[40616.2457332],3
2025-01-03,DANE.TA,[40453.66551062],4
2025-01-04,DANE.TA,[40975.13416944],5
2025-01-05,DANE.TA,[41096.85447286],6
2025-01-06,DANE.TA,[41322.8601631],7
2025-01-07,DANE.TA,[41299.44783682],8
2025-01-08,DANE.TA,[40368.68451195],9
2025-01-09,DANE.TA,[40952.84814642],10
2025-01-10,DANE.TA,[40960.1131856],11
2025-01-11,DANE.TA,[41348.89764037],12
2025-01-12,DANE.TA,[41186.16205933],13
2025-01-13,DANE.TA,[41264.50626509],14
2025-01-14,DANE.TA,[41275.15197312],15
2025-01-15,DANE.TA,[40821.18955627],16
2025-01-16,DANE.TA,[41089.20167382],17
2025-01-17,DANE.TA,[40964.13113831],18
2025-01-18,DANE.TA,[40384.43611633],19
2025-01-19,DANE.TA,[40277.15635574],20
2025-01-20,DANE.TA,[40731.5883617],21
2025-01-21,DANE.TA,[40044.98945358],22
2025-01-22,DANE.TA,[39934.41980788],23
2025-01-23,DANE.TA,[41029.10190615],24
2025-01-24,DANE.TA,[40839.92089081],25
2025-01-25,DANE.TA,[41136.40273566],26
2025-01-26,DANE.TA,[41350.12766472],27
2025-01-27,DANE.TA,[41859.50070305],28
2025-01-28,DANE.TA,[42488.70907159],29
2025-01-29,DANE.TA,[42655.87638882],30
2024-12-31,DNYA.TA,[11204.41941764],1
2025-01-01,DNYA.TA,[11022.92855462],2
2025-01-02,DNYA.TA,[11173.48116436],3
2025-01-03,DNYA.TA,[11111.74504745],4
2025-01-04,DNYA.TA,[11152.86661122],5
2025-01-05,DNYA.TA,[11357.37893719],6
2025-01-06,DNYA.TA,[11583.59363091],7
2025-01-07,DNYA.TA,[11671.33094168],8
2025-01-08,DNYA.TA,[11762.2741458],9
2025-01-09,DNYA.TA,[11789.44681265],10
2025-01-10,DNYA.TA,[11584.02966999],11
2025-01-11,DNYA.TA,[11519.90307008],12
2025-01-12,DNYA.TA,[11548.49932768],13
2025-01-13,DNYA.TA,[11800.3097096],14
2025-01-14,DNYA.TA,[11579.68494806],15
2025-01-15,DNYA.TA,[11603.3969037],16
2025-01-16,DNYA.TA,[11726.61027912],17
2025-01-17,DNYA.TA,[11726.17765078],18
2025-01-18,DNYA.TA,[11709.2875231],19
2025-01-19,DNYA.TA,[11891.72211607],20
2025-01-20,DNYA.TA,[11763.16251966],21
2025-01-21,DNYA.TA,[11995.50865778],22
2025-01-22,DNYA.TA,[12035.65962416],23
2025-01-23,DNYA.TA,[11915.37356428],24
2025-01-24,DNYA.TA,[11790.79623799],25
2025-01-25,DNYA.TA,[11821.69145743],26
2025-01-26,DNYA.TA,[12026.7734196],27
2025-01-27,DNYA.TA,[11986.01974121],28
2025-01-28,DNYA.TA,[11854.48545947],29
2025-01-29,DNYA.TA,[11772.00647917],30
2024-12-31,DLEA.TA,[2964.85175626],1
2025-01-01,DLEA.TA,[3022.86804382],2
2025-01-02,DLEA.TA,[2952.51070726],3
2025-01-03,DLEA.TA,[2997.36912484],4
2025-01-04,DLEA.TA,[2913.72603731],5
2025-01-05,DLEA.TA,[2991.58103743],6
2025-01-06,DLEA.TA,[3000.76603293],7
2025-01-07,DLEA.TA,[3081.92603535],8
2025-01-08,DLEA.TA,[3091.11582559],9
2025-01-09,DLEA.TA,[3062.6646614],10
2025-01-10,DLEA.TA,[3120.10462244],11
2025-01-11,DLEA.TA,[3060.09109525],12
2025-01-12,DLEA.TA,[3032.4211769],13
2025-01-13,DLEA.TA,[2991.02152501],14
2025-01-14,DLEA.TA,[3101.92045492],15
2025-01-15,DLEA.TA,[3121.60147015],16
2025-01-16,DLEA.TA,[3191.77230636],17
2025-01-17,DLEA.TA,[3196.88175797],18
2025-01-18,DLEA.TA,[3266.62718332],19
2025-01-19,DLEA.TA,[3370.69313219],20
2025-01-20,DLEA.TA,[3400.91401963],21
2025-01-21,DLEA.TA,[3384.79728189],22
2025-01-22,DLEA.TA,[3324.99470359],23
2025-01-23,DLEA.TA,[3358.41119267],24
2025-01-24,DLEA.TA,[3310.03822689],25
2025-01-25,DLEA.TA,[3212.60064453],26
2025-01-26,DLEA.TA,[3272.7406525],27
2025-01-27,DLEA.TA,[3261.2216152],28
2025-01-28,DLEA.TA,[3363.89433058],29
2025-01-29,DLEA.TA,[3407.86854093],30
2024-12-31,DLEKG.TA,[46383.41408142],1
2025-01-01,DLEKG.TA,[47184.62047826],2
2025-01-02,DLEKG.TA,[47438.61010213],3
2025-01-03,DLEKG.TA,[46498.80292685],4
2025-01-04,DLEKG.TA,[47206.00418306],5
2025-01-05,DLEKG.TA,[46849.04265327],6
2025-01-06,DLEKG.TA,[47274.78846663],7
2025-01-07,DLEKG.TA,[46253.36260483],8
2025-01-08,DLEKG.TA,[46594.80793591],9
2025-01-09,DLEKG.TA,[47356.26128651],10
2025-01-10,DLEKG.TA,[48279.36997137],11
2025-01-11,DLEKG.TA,[48786.15614459],12
2025-01-12,DLEKG.TA,[48060.09390148],13
2025-01-13,DLEKG.TA,[47357.75794436],14
2025-01-14,DLEKG.TA,[48144.50989721],15
2025-01-15,DLEKG.TA,[49369.08091761],16
2025-01-16,DLEKG.TA,[49656.49413036],17
2025-01-17,DLEKG.TA,[49088.67221714],18
2025-01-18,DLEKG.TA,[49392.90812505],19
2025-01-19,DLEKG.TA,[50546.41040877],20
2025-01-20,DLEKG.TA,[50413.46465377],21
2025-01-21,DLEKG.TA,[50521.38189011],22
2025-01-22,DLEKG.TA,[51652.92692054],23
2025-01-23,DLEKG.TA,[51300.63933684],24
2025-01-24,DLEKG.TA,[50661.15758245],25
2025-01-25,DLEKG.TA,[50636.05296233],26
2025-01-26,DLEKG.TA,[50844.55088963],27
2025-01-27,DLEKG.TA,[50731.12118262],28
2025-01-28,DLEKG.TA,[49929.3102738],29
2025-01-29,DLEKG.TA,[49802.74176487],30
2024-12-31,DLTI.TA,[6567.14226689],1
2025-01-01,DLTI.TA,[6701.19683476],2
2025-01-02,DLTI.TA,[6929.5191312],3
2025-01-03,DLTI.TA,[6827.33789208],4
2025-01-04,DLTI.TA,[6614.38520747],5
2025-01-05,DLTI.TA,[6562.17632421],6
2025-01-06,DLTI.TA,[6402.0162477],7
2025-01-07,DLTI.TA,[6475.16498555],8
2025-01-08,DLTI.TA,[6637.43997749],9
2025-01-09,DLTI.TA,[6785.96708249],10
2025-01-10,DLTI.TA,[6836.41833981],11
2025-01-11,DLTI.TA,[6804.5734394],12
2025-01-12,DLTI.TA,[6715.81975587],13
2025-01-13,DLTI.TA,[6861.70947588],14
2025-01-14,DLTI.TA,[6819.86541278],15
2025-01-15,DLTI.TA,[6875.64003072],16
2025-01-16,DLTI.TA,[7006.00650613],17
2025-01-17,DLTI.TA,[6808.05621222],18
2025-01-18,DLTI.TA,[7029.12706281],19
2025-01-19,DLTI.TA,[7131.04289169],20
2025-01-20,DLTI.TA,[6986.22957565],21
2025-01-21,DLTI.TA,[7038.11610069],22
2025-01-22,DLTI.TA,[7133.56339622],23
2025-01-23,DLTI.TA,[7130.20046939],24
2025-01-24,DLTI.TA,[7108.13701012],25
2025-01-25,DLTI.TA,[7106.80854287],26
2025-01-26,DLTI.TA,[6858.06697004],27
2025-01-27,DLTI.TA,[7048.70588645],28
2025-01-28,DLTI.TA,[7139.88524172],29
2025-01-29,DLTI.TA,[7054.56304313],30
2024-12-31,DELG.TA,[19378.87121806],1
2025-01-01,DELG.TA,[19179.65150634],2
2025-01-02,DELG.TA,[18909.22150181],3
2025-01-03,DELG.TA,[19569.70174476],4
2025-01-04,DELG.TA,[19369.60595314],5
2025-01-05,DELG.TA,[19326.68675882],6
2025-01-06,DELG.TA,[19414.72656117],7
2025-01-07,DELG.TA,[19325.59384087],8
2025-01-08,DELG.TA,[18783.6720315],9
2025-01-09,DELG.TA,[18127.13931434],10
2025-01-10,DELG.TA,[18204.34005179],11
2025-01-11,DELG.TA,[17922.24070217],12
2025-01-12,DELG.TA,[18236.3534684],13
2025-01-13,DELG.TA,[18118.43871033],14
2025-01-14,DELG.TA,[18346.61068724],15
2025-01-15,DELG.TA,[18466.70666015],16
2025-01-16,DELG.TA,[18187.27029835],17
2025-01-17,DELG.TA,[18846.94791001],18
2025-01-18,DELG.TA,[18802.66179619],19
2025-01-19,DELG.TA,[18503.52834327],20
2025-01-20,DELG.TA,[18903.1620002],21
2025-01-21,DELG.TA,[19053.30833277],22
2025-01-22,DELG.TA,[18782.97678226],23
2025-01-23,DELG.TA,[18403.71610782],24
2025-01-24,DELG.TA,[18393.61727011],25
2025-01-25,DELG.TA,[18170.97840914],26
2025-01-26,DELG.TA,[18534.08897104],27
2025-01-27,DELG.TA,[18332.56392733],28
2025-01-28,DELG.TA,[18316.27300593],29
2025-01-29,DELG.TA,[18203.47900343],30
2024-12-31,DIMRI.TA,[34562.81772287],1
2025-01-01,DIMRI.TA,[34004.84466744],2
2025-01-02,DIMRI.TA,[31415.17823135],3
2025-01-03,DIMRI.TA,[29472.35985432],4
2025-01-04,DIMRI.TA,[30770.25561402],5
2025-01-05,DIMRI.TA,[30485.3158409],6
2025-01-06,DIMRI.TA,[29649.17614253],7
2025-01-07,DIMRI.TA,[30673.7931146],8
2025-01-08,DIMRI.TA,[30253.2436423],9
2025-01-09,DIMRI.TA,[30044.70232162],10
2025-01-10,DIMRI.TA,[29818.71505061],11
2025-01-11,DIMRI.TA,[29198.95918094],12
2025-01-12,DIMRI.TA,[30168.76034948],13
2025-01-13,DIMRI.TA,[30710.61927429],14
2025-01-14,DIMRI.TA,[31344.95170673],15
2025-01-15,DIMRI.TA,[30541.797789],16
2025-01-16,DIMRI.TA,[30815.77246193],17
2025-01-17,DIMRI.TA,[29276.46234191],18
2025-01-18,DIMRI.TA,[29573.42832903],19
2025-01-19,DIMRI.TA,[29197.13894534],20
2025-01-20,DIMRI.TA,[27241.25648008],21
2025-01-21,DIMRI.TA,[26255.0894844],22
2025-01-22,DIMRI.TA,[26919.25187756],23
2025-01-23,DIMRI.TA,[26020.65850418],24
2025-01-24,DIMRI.TA,[26404.50019056],25
2025-01-25,DIMRI.TA,[27241.99550644],26
2025-01-26,DIMRI.TA,[28410.41394741],27
2025-01-27,DIMRI.TA,[28652.43961313],28
2025-01-28,DIMRI.TA,[27823.45756853],29
2025-01-29,DIMRI.TA,[27838.98681679],30
2024-12-31,DIPL.TA,[4521.70117436],1
2025-01-01,DIPL.TA,[4455.52145217],2
2025-01-02,DIPL.TA,[4419.6778696],3
2025-01-03,DIPL.TA,[4294.53053523],4
2025-01-04,DIPL.TA,[4316.29301293],5
2025-01-05,DIPL.TA,[4254.38693161],6
2025-01-06,DIPL.TA,[4227.04897514],7
2025-01-07,DIPL.TA,[4320.86392851],8
2025-01-08,DIPL.TA,[4230.36366106],9
2025-01-09,DIPL.TA,[4172.97897041],10
2025-01-10,DIPL.TA,[4258.51701029],11
2025-01-11,DIPL.TA,[4377.95446574],12
2025-01-12,DIPL.TA,[4591.74852682],13
2025-01-13,DIPL.TA,[4548.30721748],14
2025-01-14,DIPL.TA,[4437.07727893],15
2025-01-15,DIPL.TA,[4480.79779941],16
2025-01-16,DIPL.TA,[4653.02765072],17
2025-01-17,DIPL.TA,[4766.11546655],18
2025-01-18,DIPL.TA,[4813.94399001],19
2025-01-19,DIPL.TA,[4989.63565631],20
2025-01-20,DIPL.TA,[4792.76990707],21
2025-01-21,DIPL.TA,[4865.90268898],22
2025-01-22,DIPL.TA,[4763.10764585],23
2025-01-23,DIPL.TA,[4715.74751082],24
2025-01-24,DIPL.TA,[4632.4415532],25
2025-01-25,DIPL.TA,[4588.13661676],26
2025-01-26,DIPL.TA,[4817.9991685],27
2025-01-27,DIPL.TA,[4855.36919117],28
2025-01-28,DIPL.TA,[5010.48594025],29
2025-01-29,DIPL.TA,[4901.96033959],30
2024-12-31,DIFI.TA,[58641.00048932],1
2025-01-01,DIFI.TA,[59068.78729629],2
2025-01-02,DIFI.TA,[61600.69673444],3
2025-01-03,DIFI.TA,[60755.47060752],4
2025-01-04,DIFI.TA,[60655.7870915],5
2025-01-05,DIFI.TA,[60047.61927077],6
2025-01-06,DIFI.TA,[60365.89238813],7
2025-01-07,DIFI.TA,[60208.5564635],8
2025-01-08,DIFI.TA,[58301.22699812],9
2025-01-09,DIFI.TA,[58491.35207319],10
2025-01-10,DIFI.TA,[57855.87895043],11
2025-01-11,DIFI.TA,[57664.59799974],12
2025-01-12,DIFI.TA,[58102.80156837],13
2025-01-13,DIFI.TA,[58417.83346628],14
2025-01-14,DIFI.TA,[58956.30561696],15
2025-01-15,DIFI.TA,[61598.91248724],16
2025-01-16,DIFI.TA,[60757.58363829],17
2025-01-17,DIFI.TA,[60468.09117349],18
2025-01-18,DIFI.TA,[60245.50387148],19
2025-01-19,DIFI.TA,[60735.76806442],20
2025-01-20,DIFI.TA,[60254.09490797],21
2025-01-21,DIFI.TA,[59827.01808052],22
2025-01-22,DIFI.TA,[60194.75141324],23
2025-01-23,DIFI.TA,[61090.78898115],24
2025-01-24,DIFI.TA,[60839.75775524],25
2025-01-25,DIFI.TA,[59908.61371086],26
2025-01-26,DIFI.TA,[60521.91397129],27
2025-01-27,DIFI.TA,[59297.96814947],28
2025-01-28,DIFI.TA,[57772.51657397],29
2025-01-29,DIFI.TA,[60548.79462978],30
2024-12-31,DSCT.TA,[2336.79310205],1
2025-01-01,DSCT.TA,[2339.23714059],2
2025-01-02,DSCT.TA,[2325.26207425],3
2025-01-03,DSCT.TA,[2328.18172297],4
2025-01-04,DSCT.TA,[2395.02595519],5
2025-01-05,DSCT.TA,[2382.53710714],6
2025-01-06,DSCT.TA,[2385.95107515],7
2025-01-07,DSCT.TA,[2406.53907219],8
2025-01-08,DSCT.TA,[2430.89212472],9
2025-01-09,DSCT.TA,[2467.24986058],10
2025-01-10,DSCT.TA,[2542.39106735],11
2025-01-11,DSCT.TA,[2571.46446261],12
2025-01-12,DSCT.TA,[2574.51733145],13
2025-01-13,DSCT.TA,[2556.61117224],14
2025-01-14,DSCT.TA,[2572.00667916],15
2025-01-15,DSCT.TA,[2585.41515615],16
2025-01-16,DSCT.TA,[2601.20129779],17
2025-01-17,DSCT.TA,[2676.62592198],18
2025-01-18,DSCT.TA,[2594.94808507],19
2025-01-19,DSCT.TA,[2582.69825227],20
2025-01-20,DSCT.TA,[2624.2166372],21
2025-01-21,DSCT.TA,[2559.48435516],22
2025-01-22,DSCT.TA,[2559.99421347],23
2025-01-23,DSCT.TA,[2552.28046452],24
2025-01-24,DSCT.TA,[2522.80351794],25
2025-01-25,DSCT.TA,[2521.47013096],26
2025-01-26,DSCT.TA,[2514.95088228],27
2025-01-27,DSCT.TA,[2522.73188387],28
2025-01-28,DSCT.TA,[2540.03908134],29
2025-01-29,DSCT.TA,[2537.08026011],30
2024-12-31,DISI.TA,[421.95032429],1
2025-01-01,DISI.TA,[428.49189278],2
2025-01-02,DISI.TA,[411.60871045],3
2025-01-03,DISI.TA,[423.85043537],4
2025-01-04,DISI.TA,[440.86886887],5
2025-01-05,DISI.TA,[444.25468883],6
2025-01-06,DISI.TA,[436.26818401],7
2025-01-07,DISI.TA,[441.40486797],8
2025-01-08,DISI.TA,[445.25633479],9
2025-01-09,DISI.TA,[435.72401493],10
2025-01-10,DISI.TA,[441.08540067],11
2025-01-11,DISI.TA,[446.69397051],12
2025-01-12,DISI.TA,[447.6009593],13
2025-01-13,DISI.TA,[443.47004802],14
2025-01-14,DISI.TA,[473.49886956],15
2025-01-15,DISI.TA,[478.58949625],16
2025-01-16,DISI.TA,[475.92820182],17
2025-01-17,DISI.TA,[482.9913635],18
2025-01-18,DISI.TA,[494.55820969],19
2025-01-19,DISI.TA,[521.86620566],20
2025-01-20,DISI.TA,[537.50721008],21
2025-01-21,DISI.TA,[535.29980929],22
2025-01-22,DISI.TA,[540.21081731],23
2025-01-23,DISI.TA,[550.50973293],24
2025-01-24,DISI.TA,[538.81474436],25
2025-01-25,DISI.TA,[517.49240181],26
2025-01-26,DISI.TA,[521.37574008],27
2025-01-27,DISI.TA,[524.70680927],28
2025-01-28,DISI.TA,[531.15330328],29
2025-01-29,DISI.TA,[550.82236113],30
2024-12-31,DNA.TA,[92.35775054],1
2025-01-01,DNA.TA,[94.21426044],2
2025-01-02,DNA.TA,[100.39390553],3
2025-01-03,DNA.TA,[99.61358835],4
2025-01-04,DNA.TA,[107.28957006],5
2025-01-05,DNA.TA,[104.06453073],6
2025-01-06,DNA.TA,[100.71111241],7
2025-01-07,DNA.TA,[105.43848697],8
2025-01-08,DNA.TA,[104.9129275],9
2025-01-09,DNA.TA,[97.51914565],10
2025-01-10,DNA.TA,[90.24799625],11
2025-01-11,DNA.TA,[92.40649662],12
2025-01-12,DNA.TA,[93.67348491],13
2025-01-13,DNA.TA,[88.84428874],14
2025-01-14,DNA.TA,[92.24716779],15
2025-01-15,DNA.TA,[97.15856784],16
2025-01-16,DNA.TA,[81.8580766],17
2025-01-17,DNA.TA,[81.97067798],18
2025-01-18,DNA.TA,[82.40825753],19
2025-01-19,DNA.TA,[80.88764966],20
2025-01-20,DNA.TA,[85.39237927],21
2025-01-21,DNA.TA,[87.70386545],22
2025-01-22,DNA.TA,[85.73835372],23
2025-01-23,DNA.TA,[83.00592663],24
2025-01-24,DNA.TA,[79.25724558],25
2025-01-25,DNA.TA,[84.34010071],26
2025-01-26,DNA.TA,[85.74173356],27
2025-01-27,DNA.TA,[84.0246054],28
2025-01-28,DNA.TA,[80.66805401],29
2025-01-29,DNA.TA,[88.02119188],30
2024-12-31,DRAL.TA,[9371.55347963],1
2025-01-01,DRAL.TA,[9340.65368375],2
2025-01-02,DRAL.TA,[9529.84201864],3
2025-01-03,DRAL.TA,[9516.66315301],4
2025-01-04,DRAL.TA,[9680.17327612],5
2025-01-05,DRAL.TA,[9696.08032663],6
2025-01-06,DRAL.TA,[9772.83385453],7
2025-01-07,DRAL.TA,[9770.62381039],8
2025-01-08,DRAL.TA,[9775.13113296],9
2025-01-09,DRAL.TA,[10002.07552016],10
2025-01-10,DRAL.TA,[9733.79429643],11
2025-01-11,DRAL.TA,[9716.15194492],12
2025-01-12,DRAL.TA,[9562.27182576],13
2025-01-13,DRAL.TA,[9728.75486966],14
2025-01-14,DRAL.TA,[9721.84309688],15
2025-01-15,DRAL.TA,[9669.23454667],16
2025-01-16,DRAL.TA,[9801.08072822],17
2025-01-17,DRAL.TA,[9757.75318952],18
2025-01-18,DRAL.TA,[9773.80469306],19
2025-01-19,DRAL.TA,[9702.29423104],20
2025-01-20,DRAL.TA,[9757.69795926],21
2025-01-21,DRAL.TA,[9676.11498587],22
2025-01-22,DRAL.TA,[9657.82733696],23
2025-01-23,DRAL.TA,[9684.19936527],24
2025-01-24,DRAL.TA,[9581.11616743],25
2025-01-25,DRAL.TA,[9656.11649808],26
2025-01-26,DRAL.TA,[9506.46605108],27
2025-01-27,DRAL.TA,[9496.86169575],28
2025-01-28,DRAL.TA,[9571.20664998],29
2025-01-29,DRAL.TA,[9704.65286497],30
2024-12-31,DORL.TA,[1291.23890197],1
2025-01-01,DORL.TA,[1295.30241924],2
2025-01-02,DORL.TA,[1312.30001269],3
2025-01-03,DORL.TA,[1336.44759863],4
2025-01-04,DORL.TA,[1307.76650994],5
2025-01-05,DORL.TA,[1291.8081775],6
2025-01-06,DORL.TA,[1333.34448168],7
2025-01-07,DORL.TA,[1336.56315808],8
2025-01-08,DORL.TA,[1373.17427732],9
2025-01-09,DORL.TA,[1426.41331144],10
2025-01-10,DORL.TA,[1417.22316523],11
2025-01-11,DORL.TA,[1411.98525082],12
2025-01-12,DORL.TA,[1423.47995721],13
2025-01-13,DORL.TA,[1497.24943135],14
2025-01-14,DORL.TA,[1474.83388474],15
2025-01-15,DORL.TA,[1510.97474353],16
2025-01-16,DORL.TA,[1495.3621832],17
2025-01-17,DORL.TA,[1458.08956398],18
2025-01-18,DORL.TA,[1504.07690582],19
2025-01-19,DORL.TA,[1517.27221794],20
2025-01-20,DORL.TA,[1520.95643915],21
2025-01-21,DORL.TA,[1511.24501811],22
2025-01-22,DORL.TA,[1540.21692688],23
2025-01-23,DORL.TA,[1542.95077352],24
2025-01-24,DORL.TA,[1500.6263921],25
2025-01-25,DORL.TA,[1581.16126567],26
2025-01-26,DORL.TA,[1657.01739069],27
2025-01-27,DORL.TA,[1769.81306998],28
2025-01-28,DORL.TA,[1745.97990588],29
2025-01-29,DORL.TA,[1705.30757345],30
2024-12-31,DRSH.TA,[1313.88739406],1
2025-01-01,DRSH.TA,[1310.85530679],2
2025-01-02,DRSH.TA,[1317.44047604],3
2025-01-03,DRSH.TA,[1318.54645512],4
2025-01-04,DRSH.TA,[1319.66147535],5
2025-01-05,DRSH.TA,[1320.15461147],6
2025-01-06,DRSH.TA,[1316.96256356],7
2025-01-07,DRSH.TA,[1327.66298064],8
2025-01-08,DRSH.TA,[1318.67992617],9
2025-01-09,DRSH.TA,[1318.36861902],10
2025-01-10,DRSH.TA,[1319.96437272],11
2025-01-11,DRSH.TA,[1318.92042985],12
2025-01-12,DRSH.TA,[1318.67115947],13
2025-01-13,DRSH.TA,[1322.57988908],14
2025-01-14,DRSH.TA,[1334.83504404],15
2025-01-15,DRSH.TA,[1334.00176726],16
2025-01-16,DRSH.TA,[1333.08531019],17
2025-01-17,DRSH.TA,[1327.25276051],18
2025-01-18,DRSH.TA,[1330.3567265],19
2025-01-19,DRSH.TA,[1328.12392588],20
2025-01-20,DRSH.TA,[1328.78285138],21
2025-01-21,DRSH.TA,[1332.38654236],22
2025-01-22,DRSH.TA,[1334.51345692],23
2025-01-23,DRSH.TA,[1337.31272887],24
2025-01-24,DRSH.TA,[1335.61618147],25
2025-01-25,DRSH.TA,[1332.12469634],26
2025-01-26,DRSH.TA,[1328.99974611],27
2025-01-27,DRSH.TA,[1326.5903338],28
2025-01-28,DRSH.TA,[1328.43566142],29
2025-01-29,DRSH.TA,[1337.85508888],30
2024-12-31,DUNI.TA,[25406.57323434],1
2025-01-01,DUNI.TA,[26834.50987651],2
2025-01-02,DUNI.TA,[26317.09434797],3
2025-01-03,DUNI.TA,[26123.02990931],4
2025-01-04,DUNI.TA,[25744.87514627],5
2025-01-05,DUNI.TA,[26077.20103695],6
2025-01-06,DUNI.TA,[26279.91727035],7
2025-01-07,DUNI.TA,[26818.28674165],8
2025-01-08,DUNI.TA,[26615.37368357],9
2025-01-09,DUNI.TA,[26098.48735291],10
2025-01-10,DUNI.TA,[27345.57263026],11
2025-01-11,DUNI.TA,[28345.86279879],12
2025-01-12,DUNI.TA,[28416.41882211],13
2025-01-13,DUNI.TA,[28237.15482142],14
2025-01-14,DUNI.TA,[29665.15287352],15
2025-01-15,DUNI.TA,[30407.67793195],16
2025-01-16,DUNI.TA,[30635.20100727],17
2025-01-17,DUNI.TA,[30508.24432024],18
2025-01-18,DUNI.TA,[29528.74751177],19
2025-01-19,DUNI.TA,[29112.78632547],20
2025-01-20,DUNI.TA,[28511.14837864],21
2025-01-21,DUNI.TA,[28520.93819526],22
2025-01-22,DUNI.TA,[27667.24952537],23
2025-01-23,DUNI.TA,[26431.78316957],24
2025-01-24,DUNI.TA,[26519.57143552],25
2025-01-25,DUNI.TA,[27087.7359605],26
2025-01-26,DUNI.TA,[27424.92524138],27
2025-01-27,DUNI.TA,[27674.47236183],28
2025-01-28,DUNI.TA,[27499.89808879],29
2025-01-29,DUNI.TA,[28092.41937246],30
2024-12-31,ECNR.TA,[2156.3556743],1
2025-01-01,ECNR.TA,[2175.71221043],2
2025-01-02,ECNR.TA,[2199.22412247],3
2025-01-03,ECNR.TA,[2206.85287512],4
2025-01-04,ECNR.TA,[2218.58802651],5
2025-01-05,ECNR.TA,[2352.42626096],6
2025-01-06,ECNR.TA,[2423.41660099],7
2025-01-07,ECNR.TA,[2605.54744606],8
2025-01-08,ECNR.TA,[2666.83525352],9
2025-01-09,ECNR.TA,[2832.57918258],10
2025-01-10,ECNR.TA,[2906.58659825],11
2025-01-11,ECNR.TA,[2802.24338929],12
2025-01-12,ECNR.TA,[2742.34182133],13
2025-01-13,ECNR.TA,[2812.82190751],14
2025-01-14,ECNR.TA,[2829.182867],15
2025-01-15,ECNR.TA,[2818.7767795],16
2025-01-16,ECNR.TA,[2879.96700461],17
2025-01-17,ECNR.TA,[2709.4280483],18
2025-01-18,ECNR.TA,[2692.90086569],19
2025-01-19,ECNR.TA,[2648.47370865],20
2025-01-20,ECNR.TA,[2777.91083134],21
2025-01-21,ECNR.TA,[2830.53794375],22
2025-01-22,ECNR.TA,[2748.55002163],23
2025-01-23,ECNR.TA,[2751.55222441],24
2025-01-24,ECNR.TA,[2768.13422232],25
2025-01-25,ECNR.TA,[2725.02013424],26
2025-01-26,ECNR.TA,[2610.19963814],27
2025-01-27,ECNR.TA,[2726.35487701],28
2025-01-28,ECNR.TA,[2591.59703452],29
2025-01-29,ECNR.TA,[2570.06945603],30
2024-12-31,EFCP.TA,[1527.00238678],1
2025-01-01,EFCP.TA,[1525.0315375],2
2025-01-02,EFCP.TA,[1527.21967637],3
2025-01-03,EFCP.TA,[1529.16931776],4
2025-01-04,EFCP.TA,[1533.84905071],5
2025-01-05,EFCP.TA,[1533.99949443],6
2025-01-06,EFCP.TA,[1536.67800411],7
2025-01-07,EFCP.TA,[1538.3238474],8
2025-01-08,EFCP.TA,[1537.35297532],9
2025-01-09,EFCP.TA,[1539.12692302],10
2025-01-10,EFCP.TA,[1541.17614946],11
2025-01-11,EFCP.TA,[1540.51455985],12
2025-01-12,EFCP.TA,[1545.12273173],13
2025-01-13,EFCP.TA,[1546.93873081],14
2025-01-14,EFCP.TA,[1552.02724523],15
2025-01-15,EFCP.TA,[1551.10045338],16
2025-01-16,EFCP.TA,[1551.27173425],17
2025-01-17,EFCP.TA,[1552.38250028],18
2025-01-18,EFCP.TA,[1557.63395148],19
2025-01-19,EFCP.TA,[1554.50220404],20
2025-01-20,EFCP.TA,[1552.09731756],21
2025-01-21,EFCP.TA,[1556.29068959],22
2025-01-22,EFCP.TA,[1559.19341723],23
2025-01-23,EFCP.TA,[1552.63392258],24
2025-01-24,EFCP.TA,[1553.66767299],25
2025-01-25,EFCP.TA,[1554.50576505],26
2025-01-26,EFCP.TA,[1555.97562858],27
2025-01-27,EFCP.TA,[1561.60226265],28
2025-01-28,EFCP.TA,[1560.37831371],29
2025-01-29,EFCP.TA,[1557.44701024],30
2024-12-31,ELAL.TA,[734.13623562],1
2025-01-01,ELAL.TA,[744.09847796],2
2025-01-02,ELAL.TA,[746.78328842],3
2025-01-03,ELAL.TA,[745.46304456],4
2025-01-04,ELAL.TA,[772.33651637],5
2025-01-05,ELAL.TA,[776.81861162],6
2025-01-06,ELAL.TA,[765.01057988],7
2025-01-07,ELAL.TA,[751.549607],8
2025-01-08,ELAL.TA,[771.4449722],9
2025-01-09,ELAL.TA,[776.05925197],10
2025-01-10,ELAL.TA,[781.799974],11
2025-01-11,ELAL.TA,[791.18988202],12
2025-01-12,ELAL.TA,[791.86413342],13
2025-01-13,ELAL.TA,[813.74231626],14
2025-01-14,ELAL.TA,[814.44862554],15
2025-01-15,ELAL.TA,[825.35418673],16
2025-01-16,ELAL.TA,[810.49977121],17
2025-01-17,ELAL.TA,[792.586623],18
2025-01-18,ELAL.TA,[786.26205604],19
2025-01-19,ELAL.TA,[793.70546774],20
2025-01-20,ELAL.TA,[762.98040528],21
2025-01-21,ELAL.TA,[763.3469514],22
2025-01-22,ELAL.TA,[756.245615],23
2025-01-23,ELAL.TA,[734.53597332],24
2025-01-24,ELAL.TA,[742.65038218],25
2025-01-25,ELAL.TA,[724.74849147],26
2025-01-26,ELAL.TA,[744.82084697],27
2025-01-27,ELAL.TA,[752.2779581],28
2025-01-28,ELAL.TA,[770.42849519],29
2025-01-29,ELAL.TA,[749.54896217],30
2024-12-31,EMITF-M.TA,[581.51817297],1
2025-01-01,EMITF-M.TA,[564.01260057],2
2025-01-02,EMITF-M.TA,[582.25349288],3
2025-01-03,EMITF-M.TA,[584.98144025],4
2025-01-04,EMITF-M.TA,[599.69921607],5
2025-01-05,EMITF-M.TA,[599.64003208],6
2025-01-06,EMITF-M.TA,[617.86571222],7
2025-01-07,EMITF-M.TA,[635.28138036],8
2025-01-08,EMITF-M.TA,[630.48273601],9
2025-01-09,EMITF-M.TA,[617.60424215],10
2025-01-10,EMITF-M.TA,[644.0569483],11
2025-01-11,EMITF-M.TA,[646.07637392],12
2025-01-12,EMITF-M.TA,[661.10965508],13
2025-01-13,EMITF-M.TA,[673.249393],14
2025-01-14,EMITF-M.TA,[677.48013776],15
2025-01-15,EMITF-M.TA,[688.52783171],16
2025-01-16,EMITF-M.TA,[704.22582663],17
2025-01-17,EMITF-M.TA,[700.94167535],18
2025-01-18,EMITF-M.TA,[694.59924116],19
2025-01-19,EMITF-M.TA,[675.43520432],20
2025-01-20,EMITF-M.TA,[685.3998473],21
2025-01-21,EMITF-M.TA,[680.72323746],22
2025-01-22,EMITF-M.TA,[697.22148028],23
2025-01-23,EMITF-M.TA,[682.57042311],24
2025-01-24,EMITF-M.TA,[655.32919231],25
2025-01-25,EMITF-M.TA,[666.24687725],26
2025-01-26,EMITF-M.TA,[678.49409176],27
2025-01-27,EMITF-M.TA,[705.50391531],28
2025-01-28,EMITF-M.TA,[709.15519828],29
2025-01-29,EMITF-M.TA,[713.98503162],30
2024-12-31,EMTC-M.TA,[14.49794754],1
2025-01-01,EMTC-M.TA,[14.05633516],2
2025-01-02,EMTC-M.TA,[13.80984013],3
2025-01-03,EMTC-M.TA,[14.19935301],4
2025-01-04,EMTC-M.TA,[14.34876178],5
2025-01-05,EMTC-M.TA,[14.39453984],6
2025-01-06,EMTC-M.TA,[14.41409332],7
2025-01-07,EMTC-M.TA,[13.5831472],8
2025-01-08,EMTC-M.TA,[12.83005465],9
2025-01-09,EMTC-M.TA,[12.1618615],10
2025-01-10,EMTC-M.TA,[12.51170021],11
2025-01-11,EMTC-M.TA,[12.50168389],12
2025-01-12,EMTC-M.TA,[13.69155875],13
2025-01-13,EMTC-M.TA,[14.06743177],14
2025-01-14,EMTC-M.TA,[14.36755168],15
2025-01-15,EMTC-M.TA,[14.74570222],16
2025-01-16,EMTC-M.TA,[15.17298462],17
2025-01-17,EMTC-M.TA,[13.94583478],18
2025-01-18,EMTC-M.TA,[13.68382648],19
2025-01-19,EMTC-M.TA,[14.28153078],20
2025-01-20,EMTC-M.TA,[14.91225029],21
2025-01-21,EMTC-M.TA,[14.02196171],22
2025-01-22,EMTC-M.TA,[13.92675995],23
2025-01-23,EMTC-M.TA,[14.90259656],24
2025-01-24,EMTC-M.TA,[14.36224602],25
2025-01-25,EMTC-M.TA,[13.99568217],26
2025-01-26,EMTC-M.TA,[12.90081572],27
2025-01-27,EMTC-M.TA,[12.43557792],28
2025-01-28,EMTC-M.TA,[12.8245101],29
2025-01-29,EMTC-M.TA,[12.20925068],30
2024-12-31,ESLT.TA,[88506.61253616],1
2025-01-01,ESLT.TA,[89813.00051329],2
2025-01-02,ESLT.TA,[89955.13755012],3
2025-01-03,ESLT.TA,[88506.52944113],4
2025-01-04,ESLT.TA,[87662.28398359],5
2025-01-05,ESLT.TA,[88343.223433],6
2025-01-06,ESLT.TA,[88473.03979949],7
2025-01-07,ESLT.TA,[86301.13340747],8
2025-01-08,ESLT.TA,[88173.33422629],9
2025-01-09,ESLT.TA,[86262.21680119],10
2025-01-10,ESLT.TA,[87070.20204082],11
2025-01-11,ESLT.TA,[88073.56197844],12
2025-01-12,ESLT.TA,[89574.43423067],13
2025-01-13,ESLT.TA,[87345.7369527],14
2025-01-14,ESLT.TA,[89663.54511648],15
2025-01-15,ESLT.TA,[88425.75504173],16
2025-01-16,ESLT.TA,[88298.29269479],17
2025-01-17,ESLT.TA,[89548.93312014],18
2025-01-18,ESLT.TA,[90638.07312611],19
2025-01-19,ESLT.TA,[89320.71090798],20
2025-01-20,ESLT.TA,[88703.37046519],21
2025-01-21,ESLT.TA,[86368.06996654],22
2025-01-22,ESLT.TA,[88251.29984538],23
2025-01-23,ESLT.TA,[90326.31727838],24
2025-01-24,ESLT.TA,[92450.66103352],25
2025-01-25,ESLT.TA,[93582.78855081],26
2025-01-26,ESLT.TA,[91954.53430497],27
2025-01-27,ESLT.TA,[89445.1429307],28
2025-01-28,ESLT.TA,[88722.28292731],29
2025-01-29,ESLT.TA,[89842.8170032],30
2024-12-31,ELCO.TA,[14126.02089245],1
2025-01-01,ELCO.TA,[14378.15393499],2
2025-01-02,ELCO.TA,[14387.75915752],3
2025-01-03,ELCO.TA,[14215.40350377],4
2025-01-04,ELCO.TA,[14057.77803716],5
2025-01-05,ELCO.TA,[13893.67710637],6
2025-01-06,ELCO.TA,[13999.3360607],7
2025-01-07,ELCO.TA,[14231.45741444],8
2025-01-08,ELCO.TA,[14154.37700397],9
2025-01-09,ELCO.TA,[14259.2371099],10
2025-01-10,ELCO.TA,[14222.36819639],11
2025-01-11,ELCO.TA,[14055.47348123],12
2025-01-12,ELCO.TA,[13975.14189717],13
2025-01-13,ELCO.TA,[14056.00189961],14
2025-01-14,ELCO.TA,[14107.05787507],15
2025-01-15,ELCO.TA,[13993.88506264],16
2025-01-16,ELCO.TA,[14006.05563217],17
2025-01-17,ELCO.TA,[14408.83499076],18
2025-01-18,ELCO.TA,[14686.58926438],19
2025-01-19,ELCO.TA,[14688.25221569],20
2025-01-20,ELCO.TA,[14601.09855884],21
2025-01-21,ELCO.TA,[15124.6483619],22
2025-01-22,ELCO.TA,[14959.79409022],23
2025-01-23,ELCO.TA,[15113.16317503],24
2025-01-24,ELCO.TA,[15039.62635951],25
2025-01-25,ELCO.TA,[15043.86706301],26
2025-01-26,ELCO.TA,[14645.45100414],27
2025-01-27,ELCO.TA,[14317.16710923],28
2025-01-28,ELCO.TA,[14381.11278339],29
2025-01-29,ELCO.TA,[14335.96068992],30
2024-12-31,ELDAV-M.TA,[252.1370097],1
2025-01-01,ELDAV-M.TA,[259.74015562],2
2025-01-02,ELDAV-M.TA,[271.02506142],3
2025-01-03,ELDAV-M.TA,[272.61022167],4
2025-01-04,ELDAV-M.TA,[277.6810994],5
2025-01-05,ELDAV-M.TA,[274.11073342],6
2025-01-06,ELDAV-M.TA,[270.86950858],7
2025-01-07,ELDAV-M.TA,[272.72105132],8
2025-01-08,ELDAV-M.TA,[270.79318395],9
2025-01-09,ELDAV-M.TA,[267.10125322],10
2025-01-10,ELDAV-M.TA,[264.56910597],11
2025-01-11,ELDAV-M.TA,[259.6063625],12
2025-01-12,ELDAV-M.TA,[263.36358693],13
2025-01-13,ELDAV-M.TA,[276.0639508],14
2025-01-14,ELDAV-M.TA,[282.2958583],15
2025-01-15,ELDAV-M.TA,[279.22207438],16
2025-01-16,ELDAV-M.TA,[275.00695374],17
2025-01-17,ELDAV-M.TA,[274.04317208],18
2025-01-18,ELDAV-M.TA,[273.78549531],19
2025-01-19,ELDAV-M.TA,[265.59553822],20
2025-01-20,ELDAV-M.TA,[268.38047998],21
2025-01-21,ELDAV-M.TA,[274.92896238],22
2025-01-22,ELDAV-M.TA,[270.42565704],23
2025-01-23,ELDAV-M.TA,[282.56383145],24
2025-01-24,ELDAV-M.TA,[279.01566689],25
2025-01-25,ELDAV-M.TA,[275.56177263],26
2025-01-26,ELDAV-M.TA,[276.48802831],27
2025-01-27,ELDAV-M.TA,[271.76045162],28
2025-01-28,ELDAV-M.TA,[274.92875456],29
2025-01-29,ELDAV-M.TA,[285.67304168],30
2024-12-31,ELTR.TA,[198496.54510979],1
2025-01-01,ELTR.TA,[202832.63514174],2
2025-01-02,ELTR.TA,[207561.58057141],3
2025-01-03,ELTR.TA,[211063.27854406],4
2025-01-04,ELTR.TA,[214620.33307459],5
2025-01-05,ELTR.TA,[214998.97841838],6
2025-01-06,ELTR.TA,[220840.75430337],7
2025-01-07,ELTR.TA,[213477.67109258],8
2025-01-08,ELTR.TA,[213370.12564804],9
2025-01-09,ELTR.TA,[218450.90843336],10
2025-01-10,ELTR.TA,[222558.70286903],11
2025-01-11,ELTR.TA,[224577.8620895],12
2025-01-12,ELTR.TA,[230052.20812051],13
2025-01-13,ELTR.TA,[240267.00626492],14
2025-01-14,ELTR.TA,[236388.67667284],15
2025-01-15,ELTR.TA,[233645.88742193],16
2025-01-16,ELTR.TA,[235073.79018869],17
2025-01-17,ELTR.TA,[237878.4138471],18
2025-01-18,ELTR.TA,[233147.30048249],19
2025-01-19,ELTR.TA,[236302.62379499],20
2025-01-20,ELTR.TA,[230440.14902479],21
2025-01-21,ELTR.TA,[241472.38135438],22
2025-01-22,ELTR.TA,[234448.93660097],23
2025-01-23,ELTR.TA,[237047.06257687],24
2025-01-24,ELTR.TA,[230705.96153824],25
2025-01-25,ELTR.TA,[243495.82328314],26
2025-01-26,ELTR.TA,[254359.47825927],27
2025-01-27,ELTR.TA,[257854.90495106],28
2025-01-28,ELTR.TA,[257659.36245759],29
2025-01-29,ELTR.TA,[264984.92148403],30
2024-12-31,ECP.TA,[10950.42636517],1
2025-01-01,ECP.TA,[10816.0575982],2
2025-01-02,ECP.TA,[11394.23413524],3
2025-01-03,ECP.TA,[11624.27010139],4
2025-01-04,ECP.TA,[11511.63081777],5
2025-01-05,ECP.TA,[11593.58314131],6
2025-01-06,ECP.TA,[11751.85257755],7
2025-01-07,ECP.TA,[11921.16913156],8
2025-01-08,ECP.TA,[11846.4800225],9
2025-01-09,ECP.TA,[11922.30750878],10
2025-01-10,ECP.TA,[11467.76783801],11
2025-01-11,ECP.TA,[11554.75880971],12
2025-01-12,ECP.TA,[11474.2155638],13
2025-01-13,ECP.TA,[11516.82911532],14
2025-01-14,ECP.TA,[10999.12227855],15
2025-01-15,ECP.TA,[11191.70859211],16
2025-01-16,ECP.TA,[11100.40234962],17
2025-01-17,ECP.TA,[11267.32127239],18
2025-01-18,ECP.TA,[11221.72972534],19
2025-01-19,ECP.TA,[10789.31523363],20
2025-01-20,ECP.TA,[10881.46777619],21
2025-01-21,ECP.TA,[11165.58195137],22
2025-01-22,ECP.TA,[11280.87592036],23
2025-01-23,ECP.TA,[10700.48468137],24
2025-01-24,ECP.TA,[11061.81254154],25
2025-01-25,ECP.TA,[10918.45218174],26
2025-01-26,ECP.TA,[10532.05055178],27
2025-01-27,ECP.TA,[10645.82776422],28
2025-01-28,ECP.TA,[10452.74451963],29
2025-01-29,ECP.TA,[10704.73689784],30
2024-12-31,ELCP.TA,[1984.51820162],1
2025-01-01,ELCP.TA,[1983.26425876],2
2025-01-02,ELCP.TA,[2099.31746699],3
2025-01-03,ELCP.TA,[2135.15297227],4
2025-01-04,ELCP.TA,[2119.22046579],5
2025-01-05,ELCP.TA,[2110.14538631],6
2025-01-06,ELCP.TA,[2078.07573905],7
2025-01-07,ELCP.TA,[2069.51356604],8
2025-01-08,ELCP.TA,[2016.69729233],9
2025-01-09,ELCP.TA,[1958.1423728],10
2025-01-10,ELCP.TA,[1979.34021547],11
2025-01-11,ELCP.TA,[1960.43033157],12
2025-01-12,ELCP.TA,[1895.64845883],13
2025-01-13,ELCP.TA,[1820.85818127],14
2025-01-14,ELCP.TA,[1887.18315659],15
2025-01-15,ELCP.TA,[1861.63509614],16
2025-01-16,ELCP.TA,[1943.34645571],17
2025-01-17,ELCP.TA,[1850.08771688],18
2025-01-18,ELCP.TA,[1885.23381405],19
2025-01-19,ELCP.TA,[1897.10671429],20
2025-01-20,ELCP.TA,[2008.87642449],21
2025-01-21,ELCP.TA,[1973.4682227],22
2025-01-22,ELCP.TA,[2020.25181472],23
2025-01-23,ELCP.TA,[1978.98307487],24
2025-01-24,ELCP.TA,[1979.53037739],25
2025-01-25,ELCP.TA,[2016.54887633],26
2025-01-26,ELCP.TA,[1996.92153177],27
2025-01-27,ELCP.TA,[2142.76949993],28
2025-01-28,ELCP.TA,[2212.23755368],29
2025-01-29,ELCP.TA,[2256.8349804],30
2024-12-31,ELCRE.TA,[4714.25760174],1
2025-01-01,ELCRE.TA,[4745.0873224],2
2025-01-02,ELCRE.TA,[4756.30551349],3
2025-01-03,ELCRE.TA,[4843.11081259],4
2025-01-04,ELCRE.TA,[4895.64778306],5
2025-01-05,ELCRE.TA,[4816.65130294],6
2025-01-06,ELCRE.TA,[4805.30026038],7
2025-01-07,ELCRE.TA,[4878.63327097],8
2025-01-08,ELCRE.TA,[4680.18194985],9
2025-01-09,ELCRE.TA,[4745.42970325],10
2025-01-10,ELCRE.TA,[4834.04484342],11
2025-01-11,ELCRE.TA,[4950.66927785],12
2025-01-12,ELCRE.TA,[4939.95727634],13
2025-01-13,ELCRE.TA,[4926.17380884],14
2025-01-14,ELCRE.TA,[4923.73533938],15
2025-01-15,ELCRE.TA,[4892.80901422],16
2025-01-16,ELCRE.TA,[5069.18420373],17
2025-01-17,ELCRE.TA,[5157.75178461],18
2025-01-18,ELCRE.TA,[5100.81306063],19
2025-01-19,ELCRE.TA,[5012.66756918],20
2025-01-20,ELCRE.TA,[5134.63511367],21
2025-01-21,ELCRE.TA,[5106.06626902],22
2025-01-22,ELCRE.TA,[4770.8416257],23
2025-01-23,ELCRE.TA,[4859.6922277],24
2025-01-24,ELCRE.TA,[4920.37650248],25
2025-01-25,ELCRE.TA,[5002.57600994],26
2025-01-26,ELCRE.TA,[5067.54741194],27
2025-01-27,ELCRE.TA,[5081.43521607],28
2025-01-28,ELCRE.TA,[5277.03151972],29
2025-01-29,ELCRE.TA,[5156.6193177],30
2024-12-31,ELWS.TA,[17737.8319908],1
2025-01-01,ELWS.TA,[16961.63471548],2
2025-01-02,ELWS.TA,[16957.94723782],3
2025-01-03,ELWS.TA,[18441.32965037],4
2025-01-04,ELWS.TA,[17942.13615092],5
2025-01-05,ELWS.TA,[17862.00713432],6
2025-01-06,ELWS.TA,[17792.03026035],7
2025-01-07,ELWS.TA,[18138.60614101],8
2025-01-08,ELWS.TA,[18680.85127748],9
2025-01-09,ELWS.TA,[18977.98846633],10
2025-01-10,ELWS.TA,[18703.94195116],11
2025-01-11,ELWS.TA,[18722.44381091],12
2025-01-12,ELWS.TA,[17433.51225175],13
2025-01-13,ELWS.TA,[17614.31659544],14
2025-01-14,ELWS.TA,[18173.6435548],15
2025-01-15,ELWS.TA,[17720.80453821],16
2025-01-16,ELWS.TA,[17643.071693],17
2025-01-17,ELWS.TA,[17517.68466379],18
2025-01-18,ELWS.TA,[17344.74143218],19
2025-01-19,ELWS.TA,[16568.56799505],20
2025-01-20,ELWS.TA,[16042.58067267],21
2025-01-21,ELWS.TA,[16083.69666425],22
2025-01-22,ELWS.TA,[15534.14847656],23
2025-01-23,ELWS.TA,[16552.39011238],24
2025-01-24,ELWS.TA,[16798.08756568],25
2025-01-25,ELWS.TA,[16811.29305443],26
2025-01-26,ELWS.TA,[16765.24282893],27
2025-01-27,ELWS.TA,[17180.83650759],28
2025-01-28,ELWS.TA,[17327.8168581],29
2025-01-29,ELWS.TA,[16526.03065315],30
2024-12-31,ELLO.TA,[5208.95252066],1
2025-01-01,ELLO.TA,[5260.33854183],2
2025-01-02,ELLO.TA,[5258.43793914],3
2025-01-03,ELLO.TA,[5392.45415187],4
2025-01-04,ELLO.TA,[5452.75632197],5
2025-01-05,ELLO.TA,[5350.61288687],6
2025-01-06,ELLO.TA,[5357.1596812],7
2025-01-07,ELLO.TA,[5338.81129788],8
2025-01-08,ELLO.TA,[5233.20309391],9
2025-01-09,ELLO.TA,[5279.77669167],10
2025-01-10,ELLO.TA,[5387.49069933],11
2025-01-11,ELLO.TA,[5379.38416282],12
2025-01-12,ELLO.TA,[5514.39968015],13
2025-01-13,ELLO.TA,[5586.66767272],14
2025-01-14,ELLO.TA,[5598.3505031],15
2025-01-15,ELLO.TA,[5759.77009216],16
2025-01-16,ELLO.TA,[5705.23796768],17
2025-01-17,ELLO.TA,[5692.88454443],18
2025-01-18,ELLO.TA,[5693.36106122],19
2025-01-19,ELLO.TA,[5716.97884211],20
2025-01-20,ELLO.TA,[5658.62031804],21
2025-01-21,ELLO.TA,[5715.87393055],22
2025-01-22,ELLO.TA,[5830.77996685],23
2025-01-23,ELLO.TA,[6089.55999914],24
2025-01-24,ELLO.TA,[6072.29856481],25
2025-01-25,ELLO.TA,[6066.46259684],26
2025-01-26,ELLO.TA,[6011.06902859],27
2025-01-27,ELLO.TA,[6053.48841792],28
2025-01-28,ELLO.TA,[5993.46929528],29
2025-01-29,ELLO.TA,[5840.84325471],30
2024-12-31,ELMR.TA,[1422.65627543],1
2025-01-01,ELMR.TA,[1392.15698016],2
2025-01-02,ELMR.TA,[1367.46943515],3
2025-01-03,ELMR.TA,[1317.11856898],4
2025-01-04,ELMR.TA,[1330.36967164],5
2025-01-05,ELMR.TA,[1348.94340137],6
2025-01-06,ELMR.TA,[1375.45771891],7
2025-01-07,ELMR.TA,[1368.27165452],8
2025-01-08,ELMR.TA,[1384.8379605],9
2025-01-09,ELMR.TA,[1386.18552239],10
2025-01-10,ELMR.TA,[1374.7538682],11
2025-01-11,ELMR.TA,[1384.93215711],12
2025-01-12,ELMR.TA,[1373.81859959],13
2025-01-13,ELMR.TA,[1379.36173253],14
2025-01-14,ELMR.TA,[1358.72621098],15
2025-01-15,ELMR.TA,[1358.97453606],16
2025-01-16,ELMR.TA,[1392.78476986],17
2025-01-17,ELMR.TA,[1411.08624516],18
2025-01-18,ELMR.TA,[1445.11624578],19
2025-01-19,ELMR.TA,[1422.71138804],20
2025-01-20,ELMR.TA,[1444.84740281],21
2025-01-21,ELMR.TA,[1403.34205849],22
2025-01-22,ELMR.TA,[1494.06667845],23
2025-01-23,ELMR.TA,[1514.5657783],24
2025-01-24,ELMR.TA,[1487.87883483],25
2025-01-25,ELMR.TA,[1526.54457135],26
2025-01-26,ELMR.TA,[1496.81469534],27
2025-01-27,ELMR.TA,[1461.08620611],28
2025-01-28,ELMR.TA,[1445.47020579],29
2025-01-29,ELMR.TA,[1450.99338774],30
2024-12-31,ELRN.TA,[457.96858952],1
2025-01-01,ELRN.TA,[469.49583146],2
2025-01-02,ELRN.TA,[467.32700545],3
2025-01-03,ELRN.TA,[454.79416662],4
2025-01-04,ELRN.TA,[439.67219828],5
2025-01-05,ELRN.TA,[429.91515051],6
2025-01-06,ELRN.TA,[462.94587628],7
2025-01-07,ELRN.TA,[470.28352618],8
2025-01-08,ELRN.TA,[481.88774275],9
2025-01-09,ELRN.TA,[479.84753385],10
2025-01-10,ELRN.TA,[456.77351508],11
2025-01-11,ELRN.TA,[445.76497881],12
2025-01-12,ELRN.TA,[434.53675877],13
2025-01-13,ELRN.TA,[432.92892482],14
2025-01-14,ELRN.TA,[419.47159042],15
2025-01-15,ELRN.TA,[415.64355974],16
2025-01-16,ELRN.TA,[376.00019418],17
2025-01-17,ELRN.TA,[391.77885356],18
2025-01-18,ELRN.TA,[409.57665843],19
2025-01-19,ELRN.TA,[392.06564887],20
2025-01-20,ELRN.TA,[415.00284204],21
2025-01-21,ELRN.TA,[401.29540254],22
2025-01-22,ELRN.TA,[392.57134995],23
2025-01-23,ELRN.TA,[366.8933871],24
2025-01-24,ELRN.TA,[360.07296139],25
2025-01-25,ELRN.TA,[351.13713567],26
2025-01-26,ELRN.TA,[355.10653905],27
2025-01-27,ELRN.TA,[363.66342196],28
2025-01-28,ELRN.TA,[356.2063181],29
2025-01-29,ELRN.TA,[353.92749609],30
2024-12-31,ELSPC.TA,[676.52918539],1
2025-01-01,ELSPC.TA,[690.31312471],2
2025-01-02,ELSPC.TA,[689.87769141],3
2025-01-03,ELSPC.TA,[686.98426785],4
2025-01-04,ELSPC.TA,[671.47638829],5
2025-01-05,ELSPC.TA,[668.95002311],6
2025-01-06,ELSPC.TA,[677.52130065],7
2025-01-07,ELSPC.TA,[669.44903966],8
2025-01-08,ELSPC.TA,[669.9398505],9
2025-01-09,ELSPC.TA,[661.00149924],10
2025-01-10,ELSPC.TA,[667.91823034],11
2025-01-11,ELSPC.TA,[677.54688823],12
2025-01-12,ELSPC.TA,[683.71894545],13
2025-01-13,ELSPC.TA,[659.20520888],14
2025-01-14,ELSPC.TA,[652.8889282],15
2025-01-15,ELSPC.TA,[639.63482683],16
2025-01-16,ELSPC.TA,[658.90567985],17
2025-01-17,ELSPC.TA,[658.63126269],18
2025-01-18,ELSPC.TA,[667.25689883],19
2025-01-19,ELSPC.TA,[685.88472974],20
2025-01-20,ELSPC.TA,[649.77835353],21
2025-01-21,ELSPC.TA,[646.44038422],22
2025-01-22,ELSPC.TA,[651.65829653],23
2025-01-23,ELSPC.TA,[646.96514777],24
2025-01-24,ELSPC.TA,[636.33778961],25
2025-01-25,ELSPC.TA,[640.77552974],26
2025-01-26,ELSPC.TA,[656.96772953],27
2025-01-27,ELSPC.TA,[681.06635656],28
2025-01-28,ELSPC.TA,[665.27330248],29
2025-01-29,ELSPC.TA,[657.77690956],30
2024-12-31,EMCO.TA,[918.07894064],1
2025-01-01,EMCO.TA,[912.69581419],2
2025-01-02,EMCO.TA,[903.38553339],3
2025-01-03,EMCO.TA,[914.77673953],4
2025-01-04,EMCO.TA,[909.76305165],5
2025-01-05,EMCO.TA,[897.93471738],6
2025-01-06,EMCO.TA,[914.47659187],7
2025-01-07,EMCO.TA,[918.17153072],8
2025-01-08,EMCO.TA,[914.76503826],9
2025-01-09,EMCO.TA,[913.55055532],10
2025-01-10,EMCO.TA,[922.70782815],11
2025-01-11,EMCO.TA,[929.25564422],12
2025-01-12,EMCO.TA,[931.35983983],13
2025-01-13,EMCO.TA,[957.24517562],14
2025-01-14,EMCO.TA,[960.45798835],15
2025-01-15,EMCO.TA,[964.97207416],16
2025-01-16,EMCO.TA,[968.74763327],17
2025-01-17,EMCO.TA,[982.09549665],18
2025-01-18,EMCO.TA,[985.78115839],19
2025-01-19,EMCO.TA,[966.20644458],20
2025-01-20,EMCO.TA,[971.68374503],21
2025-01-21,EMCO.TA,[973.9350071],22
2025-01-22,EMCO.TA,[980.36736288],23
2025-01-23,EMCO.TA,[1018.34039259],24
2025-01-24,EMCO.TA,[1012.3348826],25
2025-01-25,EMCO.TA,[1013.10437532],26
2025-01-26,EMCO.TA,[1020.3931475],27
2025-01-27,EMCO.TA,[1006.27189208],28
2025-01-28,EMCO.TA,[1024.37992703],29
2025-01-29,EMCO.TA,[1040.49677486],30
2024-12-31,EMDV.TA,[2598.73924506],1
2025-01-01,EMDV.TA,[2589.37034589],2
2025-01-02,EMDV.TA,[2597.70552034],3
2025-01-03,EMDV.TA,[2559.49048434],4
2025-01-04,EMDV.TA,[2542.06371619],5
2025-01-05,EMDV.TA,[2506.88344264],6
2025-01-06,EMDV.TA,[2529.34783395],7
2025-01-07,EMDV.TA,[2545.28286572],8
2025-01-08,EMDV.TA,[2530.75519953],9
2025-01-09,EMDV.TA,[2538.1561174],10
2025-01-10,EMDV.TA,[2539.56616237],11
2025-01-11,EMDV.TA,[2526.5328112],12
2025-01-12,EMDV.TA,[2580.84779331],13
2025-01-13,EMDV.TA,[2567.18050901],14
2025-01-14,EMDV.TA,[2625.74906647],15
2025-01-15,EMDV.TA,[2675.59626174],16
2025-01-16,EMDV.TA,[2712.6566224],17
2025-01-17,EMDV.TA,[2713.03526383],18
2025-01-18,EMDV.TA,[2750.79284338],19
2025-01-19,EMDV.TA,[2697.33203049],20
2025-01-20,EMDV.TA,[2683.00029632],21
2025-01-21,EMDV.TA,[2727.38243284],22
2025-01-22,EMDV.TA,[2646.22573688],23
2025-01-23,EMDV.TA,[2575.16856723],24
2025-01-24,EMDV.TA,[2570.83581471],25
2025-01-25,EMDV.TA,[2632.02440628],26
2025-01-26,EMDV.TA,[2672.21075668],27
2025-01-27,EMDV.TA,[2678.17148994],28
2025-01-28,EMDV.TA,[2716.32119568],29
2025-01-29,EMDV.TA,[2747.37966607],30
2024-12-31,ENOG.TA,[4738.04634757],1
2025-01-01,ENOG.TA,[4735.73612369],2
2025-01-02,ENOG.TA,[4688.64964681],3
2025-01-03,ENOG.TA,[4658.81486052],4
2025-01-04,ENOG.TA,[4668.39533007],5
2025-01-05,ENOG.TA,[4663.26879833],6
2025-01-06,ENOG.TA,[4780.35085997],7
2025-01-07,ENOG.TA,[4695.59037563],8
2025-01-08,ENOG.TA,[4696.73096993],9
2025-01-09,ENOG.TA,[4726.22702748],10
2025-01-10,ENOG.TA,[4672.50190487],11
2025-01-11,ENOG.TA,[4802.97972654],12
2025-01-12,ENOG.TA,[4808.8776532],13
2025-01-13,ENOG.TA,[4708.18926303],14
2025-01-14,ENOG.TA,[4632.73528843],15
2025-01-15,ENOG.TA,[4644.2885601],16
2025-01-16,ENOG.TA,[4615.80665825],17
2025-01-17,ENOG.TA,[4513.58985125],18
2025-01-18,ENOG.TA,[4515.13378866],19
2025-01-19,ENOG.TA,[4622.22611122],20
2025-01-20,ENOG.TA,[4740.84810561],21
2025-01-21,ENOG.TA,[4730.5905989],22
2025-01-22,ENOG.TA,[4703.61251005],23
2025-01-23,ENOG.TA,[4669.16516178],24
2025-01-24,ENOG.TA,[4729.27077347],25
2025-01-25,ENOG.TA,[4960.20676],26
2025-01-26,ENOG.TA,[4917.47148378],27
2025-01-27,ENOG.TA,[5029.16982735],28
2025-01-28,ENOG.TA,[5017.15820832],29
2025-01-29,ENOG.TA,[5021.87640914],30
2024-12-31,ENRG.TA,[1219.48041692],1
2025-01-01,ENRG.TA,[1173.60253787],2
2025-01-02,ENRG.TA,[1163.17393091],3
2025-01-03,ENRG.TA,[1171.19425408],4
2025-01-04,ENRG.TA,[1169.72588201],5
2025-01-05,ENRG.TA,[1191.03574465],6
2025-01-06,ENRG.TA,[1193.69477859],7
2025-01-07,ENRG.TA,[1206.70801136],8
2025-01-08,ENRG.TA,[1225.22591113],9
2025-01-09,ENRG.TA,[1236.95930804],10
2025-01-10,ENRG.TA,[1217.26576953],11
2025-01-11,ENRG.TA,[1216.27478039],12
2025-01-12,ENRG.TA,[1169.86955903],13
2025-01-13,ENRG.TA,[1168.56407913],14
2025-01-14,ENRG.TA,[1150.46486069],15
2025-01-15,ENRG.TA,[1148.26387419],16
2025-01-16,ENRG.TA,[1182.12853146],17
2025-01-17,ENRG.TA,[1178.60277377],18
2025-01-18,ENRG.TA,[1170.70993704],19
2025-01-19,ENRG.TA,[1152.61540839],20
2025-01-20,ENRG.TA,[1137.4544401],21
2025-01-21,ENRG.TA,[1093.5692249],22
2025-01-22,ENRG.TA,[1124.58631873],23
2025-01-23,ENRG.TA,[1122.16325114],24
2025-01-24,ENRG.TA,[1104.56284576],25
2025-01-25,ENRG.TA,[1113.36017062],26
2025-01-26,ENRG.TA,[1103.8217943],27
2025-01-27,ENRG.TA,[1104.18571611],28
2025-01-28,ENRG.TA,[1089.22606759],29
2025-01-29,ENRG.TA,[1102.72834468],30
2024-12-31,ENLT.TA,[6064.32038748],1
2025-01-01,ENLT.TA,[5919.81872102],2
2025-01-02,ENLT.TA,[5850.49000102],3
2025-01-03,ENLT.TA,[5828.02174669],4
2025-01-04,ENLT.TA,[5614.73479975],5
2025-01-05,ENLT.TA,[5521.73337714],6
2025-01-06,ENLT.TA,[5501.15097894],7
2025-01-07,ENLT.TA,[5355.21981154],8
2025-01-08,ENLT.TA,[5294.70866484],9
2025-01-09,ENLT.TA,[5404.61766665],10
2025-01-10,ENLT.TA,[5281.71273442],11
2025-01-11,ENLT.TA,[5164.56504798],12
2025-01-12,ENLT.TA,[5008.73610566],13
2025-01-13,ENLT.TA,[4894.46281391],14
2025-01-14,ENLT.TA,[5097.21064583],15
2025-01-15,ENLT.TA,[5247.72762437],16
2025-01-16,ENLT.TA,[5197.90557792],17
2025-01-17,ENLT.TA,[5161.08327537],18
2025-01-18,ENLT.TA,[5080.76593913],19
2025-01-19,ENLT.TA,[5227.62785554],20
2025-01-20,ENLT.TA,[5366.09346043],21
2025-01-21,ENLT.TA,[5239.58779464],22
2025-01-22,ENLT.TA,[5311.73608261],23
2025-01-23,ENLT.TA,[5372.6890079],24
2025-01-24,ENLT.TA,[5371.60265772],25
2025-01-25,ENLT.TA,[5523.11785805],26
2025-01-26,ENLT.TA,[5538.94624229],27
2025-01-27,ENLT.TA,[5453.68677446],28
2025-01-28,ENLT.TA,[5412.21187341],29
2025-01-29,ENLT.TA,[5328.24466829],30
2024-12-31,ENLV.TA,[440.56387023],1
2025-01-01,ENLV.TA,[445.35925098],2
2025-01-02,ENLV.TA,[490.03334024],3
2025-01-03,ENLV.TA,[470.21749659],4
2025-01-04,ENLV.TA,[490.53538977],5
2025-01-05,ENLV.TA,[495.34637923],6
2025-01-06,ENLV.TA,[497.39494038],7
2025-01-07,ENLV.TA,[476.8022242],8
2025-01-08,ENLV.TA,[482.20225586],9
2025-01-09,ENLV.TA,[503.86147256],10
2025-01-10,ENLV.TA,[517.39436346],11
2025-01-11,ENLV.TA,[511.74852602],12
2025-01-12,ENLV.TA,[513.37700577],13
2025-01-13,ENLV.TA,[516.67976513],14
2025-01-14,ENLV.TA,[484.00802802],15
2025-01-15,ENLV.TA,[506.97368857],16
2025-01-16,ENLV.TA,[555.3226321],17
2025-01-17,ENLV.TA,[583.91488473],18
2025-01-18,ENLV.TA,[582.73761032],19
2025-01-19,ENLV.TA,[560.08185262],20
2025-01-20,ENLV.TA,[547.29279978],21
2025-01-21,ENLV.TA,[541.03793184],22
2025-01-22,ENLV.TA,[551.97731935],23
2025-01-23,ENLV.TA,[517.9959388],24
2025-01-24,ENLV.TA,[509.4318305],25
2025-01-25,ENLV.TA,[492.32316199],26
2025-01-26,ENLV.TA,[466.90771783],27
2025-01-27,ENLV.TA,[466.17253718],28
2025-01-28,ENLV.TA,[466.30965614],29
2025-01-29,ENLV.TA,[474.59646787],30
2024-12-31,EPIT.TA,[484.57146301],1
2025-01-01,EPIT.TA,[365.20133912],2
2025-01-02,EPIT.TA,[317.24585356],3
2025-01-03,EPIT.TA,[210.84458075],4
2025-01-04,EPIT.TA,[228.68865014],5
2025-01-05,EPIT.TA,[248.75925259],6
2025-01-06,EPIT.TA,[257.29086673],7
2025-01-07,EPIT.TA,[293.79554312],8
2025-01-08,EPIT.TA,[316.42360764],9
2025-01-09,EPIT.TA,[324.0134354],10
2025-01-10,EPIT.TA,[392.01723107],11
2025-01-11,EPIT.TA,[396.825817],12
2025-01-12,EPIT.TA,[383.89167494],13
2025-01-13,EPIT.TA,[452.6161039],14
2025-01-14,EPIT.TA,[425.2940098],15
2025-01-15,EPIT.TA,[404.4421371],16
2025-01-16,EPIT.TA,[493.40644501],17
2025-01-17,EPIT.TA,[548.33594936],18
2025-01-18,EPIT.TA,[496.86332881],19
2025-01-19,EPIT.TA,[545.01248114],20
2025-01-20,EPIT.TA,[633.34623366],21
2025-01-21,EPIT.TA,[764.88618328],22
2025-01-22,EPIT.TA,[855.10949758],23
2025-01-23,EPIT.TA,[1062.93509859],24
2025-01-24,EPIT.TA,[1267.80263762],25
2025-01-25,EPIT.TA,[1304.68801652],26
2025-01-26,EPIT.TA,[966.84802846],27
2025-01-27,EPIT.TA,[1060.11316559],28
2025-01-28,EPIT.TA,[1239.68640153],29
2025-01-29,EPIT.TA,[1516.06856954],30
2024-12-31,EQTL.TA,[14632.26083354],1
2025-01-01,EQTL.TA,[14746.63026115],2
2025-01-02,EQTL.TA,[14645.87205981],3
2025-01-03,EQTL.TA,[14601.14085091],4
2025-01-04,EQTL.TA,[14906.70205736],5
2025-01-05,EQTL.TA,[14023.12317121],6
2025-01-06,EQTL.TA,[13461.82472389],7
2025-01-07,EQTL.TA,[13960.76150711],8
2025-01-08,EQTL.TA,[13892.89151122],9
2025-01-09,EQTL.TA,[13513.7295535],10
2025-01-10,EQTL.TA,[13107.38651732],11
2025-01-11,EQTL.TA,[13281.90506497],12
2025-01-12,EQTL.TA,[13946.43349143],13
2025-01-13,EQTL.TA,[13597.74383904],14
2025-01-14,EQTL.TA,[13169.51710058],15
2025-01-15,EQTL.TA,[13611.38958025],16
2025-01-16,EQTL.TA,[13329.38134813],17
2025-01-17,EQTL.TA,[12969.82156807],18
2025-01-18,EQTL.TA,[12884.93671284],19
2025-01-19,EQTL.TA,[13512.14533993],20
2025-01-20,EQTL.TA,[13961.82241386],21
2025-01-21,EQTL.TA,[14042.960495],22
2025-01-22,EQTL.TA,[13838.01905958],23
2025-01-23,EQTL.TA,[13603.43463223],24
2025-01-24,EQTL.TA,[13643.52346552],25
2025-01-25,EQTL.TA,[14190.87328783],26
2025-01-26,EQTL.TA,[13806.65076256],27
2025-01-27,EQTL.TA,[13654.19387832],28
2025-01-28,EQTL.TA,[13746.49190081],29
2025-01-29,EQTL.TA,[13404.67646789],30
2024-12-31,EFNC-M.TA,[236.47613802],1
2025-01-01,EFNC-M.TA,[245.16663012],2
2025-01-02,EFNC-M.TA,[234.00297089],3
2025-01-03,EFNC-M.TA,[235.52273378],4
2025-01-04,EFNC-M.TA,[217.28528949],5
2025-01-05,EFNC-M.TA,[242.05892281],6
2025-01-06,EFNC-M.TA,[239.34436217],7
2025-01-07,EFNC-M.TA,[253.9089193],8
2025-01-08,EFNC-M.TA,[268.29218297],9
2025-01-09,EFNC-M.TA,[291.60323093],10
2025-01-10,EFNC-M.TA,[316.06374789],11
2025-01-11,EFNC-M.TA,[274.73003704],12
2025-01-12,EFNC-M.TA,[275.67044084],13
2025-01-13,EFNC-M.TA,[250.9235625],14
2025-01-14,EFNC-M.TA,[279.37967645],15
2025-01-15,EFNC-M.TA,[257.10952661],16
2025-01-16,EFNC-M.TA,[297.42835723],17
2025-01-17,EFNC-M.TA,[281.97539831],18
2025-01-18,EFNC-M.TA,[297.32666387],19
2025-01-19,EFNC-M.TA,[286.12301245],20
2025-01-20,EFNC-M.TA,[308.69130206],21
2025-01-21,EFNC-M.TA,[336.62616384],22
2025-01-22,EFNC-M.TA,[317.03211872],23
2025-01-23,EFNC-M.TA,[357.06264358],24
2025-01-24,EFNC-M.TA,[343.53527164],25
2025-01-25,EFNC-M.TA,[365.76568753],26
2025-01-26,EFNC-M.TA,[385.10097105],27
2025-01-27,EFNC-M.TA,[351.1936911],28
2025-01-28,EFNC-M.TA,[346.91888151],29
2025-01-29,EFNC-M.TA,[379.592811],30
2024-12-31,BCUR.TA,[26.69254077],1
2025-01-01,BCUR.TA,[27.03502698],2
2025-01-02,BCUR.TA,[28.15796887],3
2025-01-03,BCUR.TA,[26.44234539],4
2025-01-04,BCUR.TA,[25.68301],5
2025-01-05,BCUR.TA,[26.14984841],6
2025-01-06,BCUR.TA,[25.52649188],7
2025-01-07,BCUR.TA,[24.52606273],8
2025-01-08,BCUR.TA,[24.45610942],9
2025-01-09,BCUR.TA,[23.59989206],10
2025-01-10,BCUR.TA,[22.78289528],11
2025-01-11,BCUR.TA,[23.66763886],12
2025-01-12,BCUR.TA,[23.75073325],13
2025-01-13,BCUR.TA,[26.07044101],14
2025-01-14,BCUR.TA,[29.81484934],15
2025-01-15,BCUR.TA,[30.3018932],16
2025-01-16,BCUR.TA,[28.58134808],17
2025-01-17,BCUR.TA,[26.55571695],18
2025-01-18,BCUR.TA,[24.49244009],19
2025-01-19,BCUR.TA,[24.97727265],20
2025-01-20,BCUR.TA,[24.86400129],21
2025-01-21,BCUR.TA,[24.6485901],22
2025-01-22,BCUR.TA,[25.45740371],23
2025-01-23,BCUR.TA,[25.44581922],24
2025-01-24,BCUR.TA,[25.66873542],25
2025-01-25,BCUR.TA,[27.47363984],26
2025-01-26,BCUR.TA,[28.62119179],27
2025-01-27,BCUR.TA,[27.42450687],28
2025-01-28,BCUR.TA,[27.88649814],29
2025-01-29,BCUR.TA,[27.7033628],30
2024-12-31,ETGA.TA,[1759.89597232],1
2025-01-01,ETGA.TA,[1725.07192728],2
2025-01-02,ETGA.TA,[1746.02008031],3
2025-01-03,ETGA.TA,[1714.27713125],4
2025-01-04,ETGA.TA,[1720.71529817],5
2025-01-05,ETGA.TA,[1692.23823851],6
2025-01-06,ETGA.TA,[1685.09266313],7
2025-01-07,ETGA.TA,[1757.06847841],8
2025-01-08,ETGA.TA,[1724.07052188],9
2025-01-09,ETGA.TA,[1649.79465171],10
2025-01-10,ETGA.TA,[1628.38527713],11
2025-01-11,ETGA.TA,[1597.19308764],12
2025-01-12,ETGA.TA,[1655.73210571],13
2025-01-13,ETGA.TA,[1710.97134738],14
2025-01-14,ETGA.TA,[1727.21855682],15
2025-01-15,ETGA.TA,[1808.65492975],16
2025-01-16,ETGA.TA,[1789.65006303],17
2025-01-17,ETGA.TA,[1761.93993992],18
2025-01-18,ETGA.TA,[1813.43775703],19
2025-01-19,ETGA.TA,[1771.21323889],20
2025-01-20,ETGA.TA,[1876.29243925],21
2025-01-21,ETGA.TA,[1910.88037937],22
2025-01-22,ETGA.TA,[1918.8168773],23
2025-01-23,ETGA.TA,[1914.10063172],24
2025-01-24,ETGA.TA,[1862.74958548],25
2025-01-25,ETGA.TA,[1813.27221774],26
2025-01-26,ETGA.TA,[1875.96713456],27
2025-01-27,ETGA.TA,[1813.49559903],28
2025-01-28,ETGA.TA,[1813.71163891],29
2025-01-29,ETGA.TA,[1818.57428275],30
2024-12-31,EVGN.TA,[807.7291112],1
2025-01-01,EVGN.TA,[865.6104023],2
2025-01-02,EVGN.TA,[896.47364468],3
2025-01-03,EVGN.TA,[853.26631567],4
2025-01-04,EVGN.TA,[886.68932834],5
2025-01-05,EVGN.TA,[890.61810049],6
2025-01-06,EVGN.TA,[935.95203676],7
2025-01-07,EVGN.TA,[915.03577089],8
2025-01-08,EVGN.TA,[935.11509472],9
2025-01-09,EVGN.TA,[900.61156659],10
2025-01-10,EVGN.TA,[884.23239274],11
2025-01-11,EVGN.TA,[931.08652095],12
2025-01-12,EVGN.TA,[881.8966884],13
2025-01-13,EVGN.TA,[911.43731651],14
2025-01-14,EVGN.TA,[875.22456911],15
2025-01-15,EVGN.TA,[916.22710642],16
2025-01-16,EVGN.TA,[987.24808974],17
2025-01-17,EVGN.TA,[1065.49785973],18
2025-01-18,EVGN.TA,[1155.52950489],19
2025-01-19,EVGN.TA,[1313.37798056],20
2025-01-20,EVGN.TA,[1241.0532072],21
2025-01-21,EVGN.TA,[1207.39790495],22
2025-01-22,EVGN.TA,[1187.78694454],23
2025-01-23,EVGN.TA,[1232.16146143],24
2025-01-24,EVGN.TA,[1271.99293935],25
2025-01-25,EVGN.TA,[1402.93100335],26
2025-01-26,EVGN.TA,[1291.20662698],27
2025-01-27,EVGN.TA,[1367.86399764],28
2025-01-28,EVGN.TA,[1305.6398511],29
2025-01-29,EVGN.TA,[1432.86158167],30
2024-12-31,EXPO.TA,[5873.15719957],1
2025-01-01,EXPO.TA,[5808.17195207],2
2025-01-02,EXPO.TA,[5828.02259888],3
2025-01-03,EXPO.TA,[5942.49413291],4
2025-01-04,EXPO.TA,[6070.89329662],5
2025-01-05,EXPO.TA,[6113.64172334],6
2025-01-06,EXPO.TA,[6194.01034451],7
2025-01-07,EXPO.TA,[6228.95285691],8
2025-01-08,EXPO.TA,[6325.47946769],9
2025-01-09,EXPO.TA,[6412.88714519],10
2025-01-10,EXPO.TA,[6417.05653263],11
2025-01-11,EXPO.TA,[6520.01489348],12
2025-01-12,EXPO.TA,[6574.51345006],13
2025-01-13,EXPO.TA,[6557.42310166],14
2025-01-14,EXPO.TA,[6548.56554455],15
2025-01-15,EXPO.TA,[6529.80713882],16
2025-01-16,EXPO.TA,[6484.94873005],17
2025-01-17,EXPO.TA,[6372.11629711],18
2025-01-18,EXPO.TA,[6438.28407184],19
2025-01-19,EXPO.TA,[6382.46981319],20
2025-01-20,EXPO.TA,[6486.38016307],21
2025-01-21,EXPO.TA,[6515.0811892],22
2025-01-22,EXPO.TA,[6510.38688428],23
2025-01-23,EXPO.TA,[6556.22880396],24
2025-01-24,EXPO.TA,[6516.448408],25
2025-01-25,EXPO.TA,[6519.67982858],26
2025-01-26,EXPO.TA,[6539.28336315],27
2025-01-27,EXPO.TA,[6563.5512917],28
2025-01-28,EXPO.TA,[6600.39156817],29
2025-01-29,EXPO.TA,[6525.26977424],30
2024-12-31,FTAL.TA,[50640.8392986],1
2025-01-01,FTAL.TA,[51066.312715],2
2025-01-02,FTAL.TA,[52236.03870042],3
2025-01-03,FTAL.TA,[53356.6771561],4
2025-01-04,FTAL.TA,[51813.45485322],5
2025-01-05,FTAL.TA,[52789.03566779],6
2025-01-06,FTAL.TA,[52052.07068209],7
2025-01-07,FTAL.TA,[52900.91470353],8
2025-01-08,FTAL.TA,[52866.6236708],9
2025-01-09,FTAL.TA,[52174.59855878],10
2025-01-10,FTAL.TA,[51672.91939385],11
2025-01-11,FTAL.TA,[52528.0775975],12
2025-01-12,FTAL.TA,[52367.99984284],13
2025-01-13,FTAL.TA,[52514.36593076],14
2025-01-14,FTAL.TA,[52964.42929634],15
2025-01-15,FTAL.TA,[54030.28420465],16
2025-01-16,FTAL.TA,[53961.44005003],17
2025-01-17,FTAL.TA,[54443.85645685],18
2025-01-18,FTAL.TA,[55095.17178007],19
2025-01-19,FTAL.TA,[53478.89492025],20
2025-01-20,FTAL.TA,[53529.43416312],21
2025-01-21,FTAL.TA,[53706.29181016],22
2025-01-22,FTAL.TA,[53244.33528531],23
2025-01-23,FTAL.TA,[53359.45349382],24
2025-01-24,FTAL.TA,[51978.45955004],25
2025-01-25,FTAL.TA,[51636.64436148],26
2025-01-26,FTAL.TA,[51937.45745505],27
2025-01-27,FTAL.TA,[51793.12906165],28
2025-01-28,FTAL.TA,[51190.716589],29
2025-01-29,FTAL.TA,[51221.29928089],30
2024-12-31,FEAT.TA,[221.01838801],1
2025-01-01,FEAT.TA,[208.87703038],2
2025-01-02,FEAT.TA,[233.79441315],3
2025-01-03,FEAT.TA,[234.17591667],4
2025-01-04,FEAT.TA,[185.74282072],5
2025-01-05,FEAT.TA,[173.68363323],6
2025-01-06,FEAT.TA,[173.24174205],7
2025-01-07,FEAT.TA,[181.90767668],8
2025-01-08,FEAT.TA,[172.29017202],9
2025-01-09,FEAT.TA,[111.4116979],10
2025-01-10,FEAT.TA,[99.81573558],11
2025-01-11,FEAT.TA,[103.52829104],12
2025-01-12,FEAT.TA,[129.37079247],13
2025-01-13,FEAT.TA,[103.8791986],14
2025-01-14,FEAT.TA,[74.42677264],15
2025-01-15,FEAT.TA,[109.15058701],16
2025-01-16,FEAT.TA,[161.66416466],17
2025-01-17,FEAT.TA,[159.37677079],18
2025-01-18,FEAT.TA,[158.36702297],19
2025-01-19,FEAT.TA,[173.07309074],20
2025-01-20,FEAT.TA,[178.51713947],21
2025-01-21,FEAT.TA,[218.37179965],22
2025-01-22,FEAT.TA,[227.28483252],23
2025-01-23,FEAT.TA,[278.76169382],24
2025-01-24,FEAT.TA,[272.32302883],25
2025-01-25,FEAT.TA,[227.47005185],26
2025-01-26,FEAT.TA,[299.54515249],27
2025-01-27,FEAT.TA,[186.95023639],28
2025-01-28,FEAT.TA,[160.3615809],29
2025-01-29,FEAT.TA,[170.83065978],30
2024-12-31,FIBI.TA,[16873.51777281],1
2025-01-01,FIBI.TA,[16977.40473442],2
2025-01-02,FIBI.TA,[16680.63586129],3
2025-01-03,FIBI.TA,[16261.07291601],4
2025-01-04,FIBI.TA,[16250.48548828],5
2025-01-05,FIBI.TA,[15828.42598441],6
2025-01-06,FIBI.TA,[16201.46572419],7
2025-01-07,FIBI.TA,[15867.81829468],8
2025-01-08,FIBI.TA,[15842.68175739],9
2025-01-09,FIBI.TA,[15681.99037319],10
2025-01-10,FIBI.TA,[16066.43107923],11
2025-01-11,FIBI.TA,[15129.10060867],12
2025-01-12,FIBI.TA,[15245.7712745],13
2025-01-13,FIBI.TA,[15185.62636793],14
2025-01-14,FIBI.TA,[15228.1526431],15
2025-01-15,FIBI.TA,[15170.30771427],16
2025-01-16,FIBI.TA,[15126.97091752],17
2025-01-17,FIBI.TA,[14790.45800609],18
2025-01-18,FIBI.TA,[14514.67754388],19
2025-01-19,FIBI.TA,[14517.93154425],20
2025-01-20,FIBI.TA,[14543.51945308],21
2025-01-21,FIBI.TA,[13988.36251643],22
2025-01-22,FIBI.TA,[13775.62145424],23
2025-01-23,FIBI.TA,[14023.94914201],24
2025-01-24,FIBI.TA,[14393.49746126],25
2025-01-25,FIBI.TA,[14400.13506567],26
2025-01-26,FIBI.TA,[14383.4536782],27
2025-01-27,FIBI.TA,[14643.90540637],28
2025-01-28,FIBI.TA,[14497.30686605],29
2025-01-29,FIBI.TA,[14234.0310572],30
2024-12-31,FIBIH.TA,[17980.5126073],1
2025-01-01,FIBIH.TA,[17823.82819077],2
2025-01-02,FIBIH.TA,[18011.86592084],3
2025-01-03,FIBIH.TA,[18253.22160799],4
2025-01-04,FIBIH.TA,[18518.92095592],5
2025-01-05,FIBIH.TA,[18415.05093524],6
2025-01-06,FIBIH.TA,[18136.38586777],7
2025-01-07,FIBIH.TA,[18535.49018244],8
2025-01-08,FIBIH.TA,[18217.70419083],9
2025-01-09,FIBIH.TA,[18170.22795108],10
2025-01-10,FIBIH.TA,[17813.08656962],11
2025-01-11,FIBIH.TA,[17982.87243872],12
2025-01-12,FIBIH.TA,[18056.73131093],13
2025-01-13,FIBIH.TA,[18710.60937619],14
2025-01-14,FIBIH.TA,[18465.77089047],15
2025-01-15,FIBIH.TA,[18491.37849191],16
2025-01-16,FIBIH.TA,[18837.74741116],17
2025-01-17,FIBIH.TA,[19141.31138041],18
2025-01-18,FIBIH.TA,[18801.40431096],19
2025-01-19,FIBIH.TA,[18965.0438401],20
2025-01-20,FIBIH.TA,[19131.00569234],21
2025-01-21,FIBIH.TA,[19221.48686944],22
2025-01-22,FIBIH.TA,[19220.9039791],23
2025-01-23,FIBIH.TA,[19169.53936149],24
2025-01-24,FIBIH.TA,[19046.39425169],25
2025-01-25,FIBIH.TA,[19554.26379342],26
2025-01-26,FIBIH.TA,[19452.82005189],27
2025-01-27,FIBIH.TA,[19938.97511433],28
2025-01-28,FIBIH.TA,[19881.28861244],29
2025-01-29,FIBIH.TA,[19745.70688409],30
2024-12-31,FGAS.TA,[1169.51916669],1
2025-01-01,FGAS.TA,[1166.20886426],2
2025-01-02,FGAS.TA,[1159.58710774],3
2025-01-03,FGAS.TA,[1151.68761097],4
2025-01-04,FGAS.TA,[1129.37821476],5
2025-01-05,FGAS.TA,[1123.10138797],6
2025-01-06,FGAS.TA,[1113.96490177],7
2025-01-07,FGAS.TA,[1125.80615995],8
2025-01-08,FGAS.TA,[1138.55940692],9
2025-01-09,FGAS.TA,[1119.67793083],10
2025-01-10,FGAS.TA,[1122.91900343],11
2025-01-11,FGAS.TA,[1100.46665053],12
2025-01-12,FGAS.TA,[1104.58230169],13
2025-01-13,FGAS.TA,[1092.05932278],14
2025-01-14,FGAS.TA,[1077.56152472],15
2025-01-15,FGAS.TA,[1059.6914827],16
2025-01-16,FGAS.TA,[1053.18029715],17
2025-01-17,FGAS.TA,[1041.45649756],18
2025-01-18,FGAS.TA,[1043.94821363],19
2025-01-19,FGAS.TA,[1022.56896082],20
2025-01-20,FGAS.TA,[1008.68617431],21
2025-01-21,FGAS.TA,[1024.66431219],22
2025-01-22,FGAS.TA,[1038.99762404],23
2025-01-23,FGAS.TA,[1051.74725494],24
2025-01-24,FGAS.TA,[1052.5330255],25
2025-01-25,FGAS.TA,[1056.62999069],26
2025-01-26,FGAS.TA,[1068.5989538],27
2025-01-27,FGAS.TA,[1063.43564554],28
2025-01-28,FGAS.TA,[1058.89716257],29
2025-01-29,FGAS.TA,[1054.91242587],30
2024-12-31,FLYS.TA,[59.66389426],1
2025-01-01,FLYS.TA,[60.80770482],2
2025-01-02,FLYS.TA,[61.36637452],3
2025-01-03,FLYS.TA,[62.13772955],4
2025-01-04,FLYS.TA,[60.58455614],5
2025-01-05,FLYS.TA,[60.12954167],6
2025-01-06,FLYS.TA,[59.04165044],7
2025-01-07,FLYS.TA,[57.15603881],8
2025-01-08,FLYS.TA,[56.59084211],9
2025-01-09,FLYS.TA,[55.517073],10
2025-01-10,FLYS.TA,[55.15623356],11
2025-01-11,FLYS.TA,[56.9473816],12
2025-01-12,FLYS.TA,[57.38783131],13
2025-01-13,FLYS.TA,[55.91439455],14
2025-01-14,FLYS.TA,[56.35561503],15
2025-01-15,FLYS.TA,[58.83598649],16
2025-01-16,FLYS.TA,[61.40320064],17
2025-01-17,FLYS.TA,[62.0629657],18
2025-01-18,FLYS.TA,[60.9341717],19
2025-01-19,FLYS.TA,[61.40833828],20
2025-01-20,FLYS.TA,[62.31396426],21
2025-01-21,FLYS.TA,[61.6845626],22
2025-01-22,FLYS.TA,[62.03277593],23
2025-01-23,FLYS.TA,[61.81207875],24
2025-01-24,FLYS.TA,[63.49616115],25
2025-01-25,FLYS.TA,[61.98913297],26
2025-01-26,FLYS.TA,[61.17639761],27
2025-01-27,FLYS.TA,[60.62139066],28
2025-01-28,FLYS.TA,[60.56083746],29
2025-01-29,FLYS.TA,[59.6873749],30
2024-12-31,FBRT.TA,[13444.28373664],1
2025-01-01,FBRT.TA,[13911.84606717],2
2025-01-02,FBRT.TA,[14409.53125771],3
2025-01-03,FBRT.TA,[13947.01219285],4
2025-01-04,FBRT.TA,[14638.87818939],5
2025-01-05,FBRT.TA,[14710.916662],6
2025-01-06,FBRT.TA,[14383.22359074],7
2025-01-07,FBRT.TA,[14466.79417302],8
2025-01-08,FBRT.TA,[14810.78701475],9
2025-01-09,FBRT.TA,[14473.09479512],10
2025-01-10,FBRT.TA,[14370.8397466],11
2025-01-11,FBRT.TA,[14569.66083413],12
2025-01-12,FBRT.TA,[14971.80639129],13
2025-01-13,FBRT.TA,[15149.5337148],14
2025-01-14,FBRT.TA,[15071.57322534],15
2025-01-15,FBRT.TA,[14903.44351258],16
2025-01-16,FBRT.TA,[14254.06689645],17
2025-01-17,FBRT.TA,[14225.7785181],18
2025-01-18,FBRT.TA,[13719.19470727],19
2025-01-19,FBRT.TA,[13926.92995956],20
2025-01-20,FBRT.TA,[13780.67800424],21
2025-01-21,FBRT.TA,[13743.065278],22
2025-01-22,FBRT.TA,[13550.48418232],23
2025-01-23,FBRT.TA,[13446.38272769],24
2025-01-24,FBRT.TA,[13648.30401095],25
2025-01-25,FBRT.TA,[13443.15167626],26
2025-01-26,FBRT.TA,[13449.60878479],27
2025-01-27,FBRT.TA,[13225.99250752],28
2025-01-28,FBRT.TA,[13311.82815726],29
2025-01-29,FBRT.TA,[13444.74504839],30
2024-12-31,FRSX.TA,[24.27304778],1
2025-01-01,FRSX.TA,[41.22585835],2
2025-01-02,FRSX.TA,[6.23666221],3
2025-01-03,FRSX.TA,[5.96363228],4
2025-01-04,FRSX.TA,[5.28712025],5
2025-01-05,FRSX.TA,[-5.10000849],6
2025-01-06,FRSX.TA,[-1.97734138],7
2025-01-07,FRSX.TA,[-1.14588571],8
2025-01-08,FRSX.TA,[-1.17130185],9
2025-01-09,FRSX.TA,[0.41743215],10
2025-01-10,FRSX.TA,[0.83651066],11
2025-01-11,FRSX.TA,[0.88659347],12
2025-01-12,FRSX.TA,[0.85758873],13
2025-01-13,FRSX.TA,[1.54134223],14
2025-01-14,FRSX.TA,[0.52590235],15
2025-01-15,FRSX.TA,[1.0038874],16
2025-01-16,FRSX.TA,[1.1193451],17
2025-01-17,FRSX.TA,[1.21572365],18
2025-01-18,FRSX.TA,[2.28300849],19
2025-01-19,FRSX.TA,[1.72034002],20
2025-01-20,FRSX.TA,[2.73300393],21
2025-01-21,FRSX.TA,[3.48174856],22
2025-01-22,FRSX.TA,[3.51658918],23
2025-01-23,FRSX.TA,[6.36836764],24
2025-01-24,FRSX.TA,[22.09894144],25
2025-01-25,FRSX.TA,[-1.11046215],26
2025-01-26,FRSX.TA,[-1.70345342],27
2025-01-27,FRSX.TA,[-1.73365649],28
2025-01-28,FRSX.TA,[-2.48414777],29
2025-01-29,FRSX.TA,[-1.51060803],30
2024-12-31,FORTY.TA,[30564.31032044],1
2025-01-01,FORTY.TA,[29926.10952201],2
2025-01-02,FORTY.TA,[30025.97471687],3
2025-01-03,FORTY.TA,[30183.08189339],4
2025-01-04,FORTY.TA,[29791.76120391],5
2025-01-05,FORTY.TA,[29746.74139344],6
2025-01-06,FORTY.TA,[29490.70244734],7
2025-01-07,FORTY.TA,[29505.35932317],8
2025-01-08,FORTY.TA,[29730.14142899],9
2025-01-09,FORTY.TA,[29904.19596324],10
2025-01-10,FORTY.TA,[29972.28305478],11
2025-01-11,FORTY.TA,[29639.52698618],12
2025-01-12,FORTY.TA,[29069.02373306],13
2025-01-13,FORTY.TA,[28804.2442485],14
2025-01-14,FORTY.TA,[28074.24400865],15
2025-01-15,FORTY.TA,[28507.04855309],16
2025-01-16,FORTY.TA,[27367.71566205],17
2025-01-17,FORTY.TA,[27219.96087515],18
2025-01-18,FORTY.TA,[28718.64467122],19
2025-01-19,FORTY.TA,[29488.82280748],20
2025-01-20,FORTY.TA,[30278.34617892],21
2025-01-21,FORTY.TA,[29560.89633394],22
2025-01-22,FORTY.TA,[30004.56929827],23
2025-01-23,FORTY.TA,[30347.18340597],24
2025-01-24,FORTY.TA,[29896.20315661],25
2025-01-25,FORTY.TA,[29999.6608907],26
2025-01-26,FORTY.TA,[29536.30843519],27
2025-01-27,FORTY.TA,[29901.97514892],28
2025-01-28,FORTY.TA,[29888.91647695],29
2025-01-29,FORTY.TA,[29501.59213108],30
2024-12-31,FOX.TA,[29255.32715832],1
2025-01-01,FOX.TA,[29583.51448515],2
2025-01-02,FOX.TA,[29281.73080738],3
2025-01-03,FOX.TA,[29750.21050512],4
2025-01-04,FOX.TA,[29877.2402708],5
2025-01-05,FOX.TA,[30034.67160511],6
2025-01-06,FOX.TA,[30023.3765331],7
2025-01-07,FOX.TA,[30062.2869266],8
2025-01-08,FOX.TA,[29462.95416508],9
2025-01-09,FOX.TA,[29376.8578917],10
2025-01-10,FOX.TA,[29169.87888999],11
2025-01-11,FOX.TA,[29714.96509789],12
2025-01-12,FOX.TA,[29738.70499154],13
2025-01-13,FOX.TA,[29428.04628719],14
2025-01-14,FOX.TA,[28255.17022869],15
2025-01-15,FOX.TA,[28613.46485281],16
2025-01-16,FOX.TA,[29225.46676734],17
2025-01-17,FOX.TA,[29812.60637483],18
2025-01-18,FOX.TA,[29792.54475267],19
2025-01-19,FOX.TA,[29936.07023236],20
2025-01-20,FOX.TA,[30061.25185717],21
2025-01-21,FOX.TA,[30268.54834072],22
2025-01-22,FOX.TA,[30876.16166346],23
2025-01-23,FOX.TA,[31549.52459616],24
2025-01-24,FOX.TA,[32240.61104372],25
2025-01-25,FOX.TA,[33160.01077037],26
2025-01-26,FOX.TA,[33182.57434194],27
2025-01-27,FOX.TA,[33202.16952861],28
2025-01-28,FOX.TA,[32967.1887212],29
2025-01-29,FOX.TA,[33552.9647519],30
2024-12-31,FRDN.TA,[5743.00369496],1
2025-01-01,FRDN.TA,[5757.31146801],2
2025-01-02,FRDN.TA,[5715.36267021],3
2025-01-03,FRDN.TA,[5788.463643],4
2025-01-04,FRDN.TA,[5871.17170233],5
2025-01-05,FRDN.TA,[6110.46494757],6
2025-01-06,FRDN.TA,[5934.33911976],7
2025-01-07,FRDN.TA,[5998.16316291],8
2025-01-08,FRDN.TA,[5989.31174118],9
2025-01-09,FRDN.TA,[5989.5467248],10
2025-01-10,FRDN.TA,[6142.21881703],11
2025-01-11,FRDN.TA,[6123.68799216],12
2025-01-12,FRDN.TA,[6255.48195078],13
2025-01-13,FRDN.TA,[6305.35173942],14
2025-01-14,FRDN.TA,[6197.37767191],15
2025-01-15,FRDN.TA,[6054.04180186],16
2025-01-16,FRDN.TA,[6067.67395171],17
2025-01-17,FRDN.TA,[5803.74719255],18
2025-01-18,FRDN.TA,[5820.5088204],19
2025-01-19,FRDN.TA,[5744.68890964],20
2025-01-20,FRDN.TA,[5469.52374043],21
2025-01-21,FRDN.TA,[5406.13827201],22
2025-01-22,FRDN.TA,[5256.94452916],23
2025-01-23,FRDN.TA,[5106.82264994],24
2025-01-24,FRDN.TA,[4921.92977846],25
2025-01-25,FRDN.TA,[4712.47096835],26
2025-01-26,FRDN.TA,[4747.1541205],27
2025-01-27,FRDN.TA,[4845.09611382],28
2025-01-28,FRDN.TA,[4933.80187757],29
2025-01-29,FRDN.TA,[4982.90453055],30
2024-12-31,GOSS.TA,[482.63125511],1
2025-01-01,GOSS.TA,[489.04424279],2
2025-01-02,GOSS.TA,[489.76205613],3
2025-01-03,GOSS.TA,[487.01919433],4
2025-01-04,GOSS.TA,[487.72763217],5
2025-01-05,GOSS.TA,[486.92482621],6
2025-01-06,GOSS.TA,[481.22561073],7
2025-01-07,GOSS.TA,[467.36509382],8
2025-01-08,GOSS.TA,[471.25580138],9
2025-01-09,GOSS.TA,[480.4148999],10
2025-01-10,GOSS.TA,[477.23137759],11
2025-01-11,GOSS.TA,[475.13735973],12
2025-01-12,GOSS.TA,[471.54016657],13
2025-01-13,GOSS.TA,[482.06945337],14
2025-01-14,GOSS.TA,[485.6497215],15
2025-01-15,GOSS.TA,[484.21786688],16
2025-01-16,GOSS.TA,[482.69151944],17
2025-01-17,GOSS.TA,[488.81748794],18
2025-01-18,GOSS.TA,[490.73827837],19
2025-01-19,GOSS.TA,[501.43007783],20
2025-01-20,GOSS.TA,[492.8735069],21
2025-01-21,GOSS.TA,[493.85925636],22
2025-01-22,GOSS.TA,[495.06044369],23
2025-01-23,GOSS.TA,[497.30887691],24
2025-01-24,GOSS.TA,[490.58543301],25
2025-01-25,GOSS.TA,[503.84098584],26
2025-01-26,GOSS.TA,[500.97381531],27
2025-01-27,GOSS.TA,[502.59763155],28
2025-01-28,GOSS.TA,[508.57609858],29
2025-01-29,GOSS.TA,[522.43251356],30
2024-12-31,GCT.TA,[1237.79734514],1
2025-01-01,GCT.TA,[1224.69367676],2
2025-01-02,GCT.TA,[1221.74221889],3
2025-01-03,GCT.TA,[1141.12455613],4
2025-01-04,GCT.TA,[1165.01069109],5
2025-01-05,GCT.TA,[1155.89288757],6
2025-01-06,GCT.TA,[1218.1655383],7
2025-01-07,GCT.TA,[1145.41196132],8
2025-01-08,GCT.TA,[1177.8542408],9
2025-01-09,GCT.TA,[1198.93482779],10
2025-01-10,GCT.TA,[1164.77517364],11
2025-01-11,GCT.TA,[1173.12831159],12
2025-01-12,GCT.TA,[1193.09499268],13
2025-01-13,GCT.TA,[1159.99727369],14
2025-01-14,GCT.TA,[1120.47041474],15
2025-01-15,GCT.TA,[1143.1965528],16
2025-01-16,GCT.TA,[1117.73308549],17
2025-01-17,GCT.TA,[1131.37563073],18
2025-01-18,GCT.TA,[1166.31373025],19
2025-01-19,GCT.TA,[1220.22507395],20
2025-01-20,GCT.TA,[1183.23097867],21
2025-01-21,GCT.TA,[1136.56020909],22
2025-01-22,GCT.TA,[1119.08622473],23
2025-01-23,GCT.TA,[1114.2979622],24
2025-01-24,GCT.TA,[1066.49786663],25
2025-01-25,GCT.TA,[1072.97189423],26
2025-01-26,GCT.TA,[1059.41321909],27
2025-01-27,GCT.TA,[1076.96260144],28
2025-01-28,GCT.TA,[1117.64761025],29
2025-01-29,GCT.TA,[1105.90803684],30
2024-12-31,GPGB-M.TA,[2886.1713078],1
2025-01-01,GPGB-M.TA,[3029.47014208],2
2025-01-02,GPGB-M.TA,[1859.0307915],3
2025-01-03,GPGB-M.TA,[2087.10981563],4
2025-01-04,GPGB-M.TA,[2822.04553699],5
2025-01-05,GPGB-M.TA,[2968.29326069],6
2025-01-06,GPGB-M.TA,[4118.83082907],7
2025-01-07,GPGB-M.TA,[2958.48036864],8
2025-01-08,GPGB-M.TA,[2147.64173938],9
2025-01-09,GPGB-M.TA,[3350.38110862],10
2025-01-10,GPGB-M.TA,[2659.20259406],11
2025-01-11,GPGB-M.TA,[2573.69726664],12
2025-01-12,GPGB-M.TA,[3502.36980853],13
2025-01-13,GPGB-M.TA,[3403.36890326],14
2025-01-14,GPGB-M.TA,[2952.9238812],15
2025-01-15,GPGB-M.TA,[2635.69657391],16
2025-01-16,GPGB-M.TA,[3280.75947272],17
2025-01-17,GPGB-M.TA,[4293.27860392],18
2025-01-18,GPGB-M.TA,[6284.87706059],19
2025-01-19,GPGB-M.TA,[3793.0201226],20
2025-01-20,GPGB-M.TA,[2996.74172125],21
2025-01-21,GPGB-M.TA,[2323.94224539],22
2025-01-22,GPGB-M.TA,[2928.74207271],23
2025-01-23,GPGB-M.TA,[2665.87567523],24
2025-01-24,GPGB-M.TA,[3974.79155451],25
2025-01-25,GPGB-M.TA,[5138.98169028],26
2025-01-26,GPGB-M.TA,[5251.80182491],27
2025-01-27,GPGB-M.TA,[5690.83017137],28
2025-01-28,GPGB-M.TA,[5397.15376033],29
2025-01-29,GPGB-M.TA,[5203.55528053],30
2024-12-31,GMLA.TA,[238.43075727],1
2025-01-01,GMLA.TA,[226.16435116],2
2025-01-02,GMLA.TA,[250.16557149],3
2025-01-03,GMLA.TA,[245.33379652],4
2025-01-04,GMLA.TA,[244.18840722],5
2025-01-05,GMLA.TA,[239.35044463],6
2025-01-06,GMLA.TA,[238.63876797],7
2025-01-07,GMLA.TA,[217.38215721],8
2025-01-08,GMLA.TA,[231.21976647],9
2025-01-09,GMLA.TA,[236.98565859],10
2025-01-10,GMLA.TA,[271.01976529],11
2025-01-11,GMLA.TA,[262.15992026],12
2025-01-12,GMLA.TA,[269.53281008],13
2025-01-13,GMLA.TA,[280.22887922],14
2025-01-14,GMLA.TA,[295.6398708],15
2025-01-15,GMLA.TA,[302.00825263],16
2025-01-16,GMLA.TA,[309.16454205],17
2025-01-17,GMLA.TA,[312.99584368],18
2025-01-18,GMLA.TA,[327.0016036],19
2025-01-19,GMLA.TA,[317.11853243],20
2025-01-20,GMLA.TA,[305.85346266],21
2025-01-21,GMLA.TA,[300.79027249],22
2025-01-22,GMLA.TA,[320.69072614],23
2025-01-23,GMLA.TA,[346.08603209],24
2025-01-24,GMLA.TA,[324.03254437],25
2025-01-25,GMLA.TA,[360.24221663],26
2025-01-26,GMLA.TA,[357.32303133],27
2025-01-27,GMLA.TA,[349.52364517],28
2025-01-28,GMLA.TA,[319.89801193],29
2025-01-29,GMLA.TA,[314.99227353],30
2024-12-31,GSFI.TA,[3696.65689491],1
2025-01-01,GSFI.TA,[3688.38862629],2
2025-01-02,GSFI.TA,[3605.20362257],3
2025-01-03,GSFI.TA,[3565.97763325],4
2025-01-04,GSFI.TA,[3549.52295447],5
2025-01-05,GSFI.TA,[3639.46609745],6
2025-01-06,GSFI.TA,[3583.88438087],7
2025-01-07,GSFI.TA,[3647.81304672],8
2025-01-08,GSFI.TA,[3614.4359818],9
2025-01-09,GSFI.TA,[3587.00823367],10
2025-01-10,GSFI.TA,[3625.9786548],11
2025-01-11,GSFI.TA,[3612.91266596],12
2025-01-12,GSFI.TA,[3495.10212688],13
2025-01-13,GSFI.TA,[3483.34894799],14
2025-01-14,GSFI.TA,[3516.87913704],15
2025-01-15,GSFI.TA,[3580.35003822],16
2025-01-16,GSFI.TA,[3592.57391332],17
2025-01-17,GSFI.TA,[3532.08478402],18
2025-01-18,GSFI.TA,[3650.37377975],19
2025-01-19,GSFI.TA,[3618.30918869],20
2025-01-20,GSFI.TA,[3632.60038046],21
2025-01-21,GSFI.TA,[3731.33462204],22
2025-01-22,GSFI.TA,[3727.14513039],23
2025-01-23,GSFI.TA,[3754.13704274],24
2025-01-24,GSFI.TA,[3915.56360408],25
2025-01-25,GSFI.TA,[3828.11065102],26
2025-01-26,GSFI.TA,[3829.18449324],27
2025-01-27,GSFI.TA,[3886.91898089],28
2025-01-28,GSFI.TA,[3962.77879824],29
2025-01-29,GSFI.TA,[3954.23459746],30
2024-12-31,GAGR.TA,[381.75217782],1
2025-01-01,GAGR.TA,[377.27724828],2
2025-01-02,GAGR.TA,[389.26860303],3
2025-01-03,GAGR.TA,[401.46459233],4
2025-01-04,GAGR.TA,[410.50542173],5
2025-01-05,GAGR.TA,[437.16370773],6
2025-01-06,GAGR.TA,[434.55482118],7
2025-01-07,GAGR.TA,[420.99033114],8
2025-01-08,GAGR.TA,[394.46050379],9
2025-01-09,GAGR.TA,[383.39338653],10
2025-01-10,GAGR.TA,[299.73878631],11
2025-01-11,GAGR.TA,[310.39990725],12
2025-01-12,GAGR.TA,[320.96384986],13
2025-01-13,GAGR.TA,[351.73471536],14
2025-01-14,GAGR.TA,[372.55659608],15
2025-01-15,GAGR.TA,[391.94239871],16
2025-01-16,GAGR.TA,[411.49095372],17
2025-01-17,GAGR.TA,[428.14755864],18
2025-01-18,GAGR.TA,[435.63857233],19
2025-01-19,GAGR.TA,[417.34769587],20
2025-01-20,GAGR.TA,[391.84378766],21
2025-01-21,GAGR.TA,[446.57321921],22
2025-01-22,GAGR.TA,[427.57891494],23
2025-01-23,GAGR.TA,[455.68485184],24
2025-01-24,GAGR.TA,[436.36786902],25
2025-01-25,GAGR.TA,[475.75309275],26
2025-01-26,GAGR.TA,[444.87157232],27
2025-01-27,GAGR.TA,[429.25675118],28
2025-01-28,GAGR.TA,[397.12068136],29
2025-01-29,GAGR.TA,[421.72214119],30
2024-12-31,GAON-M.TA,[949.29594904],1
2025-01-01,GAON-M.TA,[1135.63330034],2
2025-01-02,GAON-M.TA,[1891.01081276],3
2025-01-03,GAON-M.TA,[805.7519399],4
2025-01-04,GAON-M.TA,[1423.14399108],5
2025-01-05,GAON-M.TA,[1496.28062982],6
2025-01-06,GAON-M.TA,[380.76622907],7
2025-01-07,GAON-M.TA,[383.73542559],8
2025-01-08,GAON-M.TA,[1013.80375196],9
2025-01-09,GAON-M.TA,[1093.80659138],10
2025-01-10,GAON-M.TA,[1349.7220878],11
2025-01-11,GAON-M.TA,[1290.74960135],12
2025-01-12,GAON-M.TA,[1780.0239736],13
2025-01-13,GAON-M.TA,[5175.2066815],14
2025-01-14,GAON-M.TA,[6362.37898022],15
2025-01-15,GAON-M.TA,[10171.58674809],16
2025-01-16,GAON-M.TA,[6819.73010738],17
2025-01-17,GAON-M.TA,[-348.21406233],18
2025-01-18,GAON-M.TA,[-60.68064609],19
2025-01-19,GAON-M.TA,[12.13866101],20
2025-01-20,GAON-M.TA,[20.8780917],21
2025-01-21,GAON-M.TA,[21.04282986],22
2025-01-22,GAON-M.TA,[29.38567868],23
2025-01-23,GAON-M.TA,[52.05373377],24
2025-01-24,GAON-M.TA,[101.09774398],25
2025-01-25,GAON-M.TA,[82.62233786],26
2025-01-26,GAON-M.TA,[111.30163705],27
2025-01-27,GAON-M.TA,[86.29416676],28
2025-01-28,GAON-M.TA,[80.38578427],29
2025-01-29,GAON-M.TA,[54.74465597],30
2024-12-31,GVYM.TA,[2834.47548692],1
2025-01-01,GVYM.TA,[2881.53430107],2
2025-01-02,GVYM.TA,[2919.82663708],3
2025-01-03,GVYM.TA,[2820.50642944],4
2025-01-04,GVYM.TA,[2858.75405613],5
2025-01-05,GVYM.TA,[2915.55581973],6
2025-01-06,GVYM.TA,[2917.94798491],7
2025-01-07,GVYM.TA,[2839.98781486],8
2025-01-08,GVYM.TA,[2786.00847896],9
2025-01-09,GVYM.TA,[2816.5247737],10
2025-01-10,GVYM.TA,[2870.94546577],11
2025-01-11,GVYM.TA,[2853.37772324],12
2025-01-12,GVYM.TA,[2958.98693678],13
2025-01-13,GVYM.TA,[2912.15926505],14
2025-01-14,GVYM.TA,[2972.4142954],15
2025-01-15,GVYM.TA,[2952.33603761],16
2025-01-16,GVYM.TA,[2942.89200873],17
2025-01-17,GVYM.TA,[2970.44370453],18
2025-01-18,GVYM.TA,[2920.61783415],19
2025-01-19,GVYM.TA,[2968.81340792],20
2025-01-20,GVYM.TA,[3008.7870551],21
2025-01-21,GVYM.TA,[3034.97573907],22
2025-01-22,GVYM.TA,[3043.69402251],23
2025-01-23,GVYM.TA,[3050.52854234],24
2025-01-24,GVYM.TA,[3173.62133181],25
2025-01-25,GVYM.TA,[3205.40282084],26
2025-01-26,GVYM.TA,[3265.75966001],27
2025-01-27,GVYM.TA,[3293.2452347],28
2025-01-28,GVYM.TA,[3315.5165196],29
2025-01-29,GVYM.TA,[3214.93857295],30
2024-12-31,GEFR.TA,[69.71203239],1
2025-01-01,GEFR.TA,[68.69448195],2
2025-01-02,GEFR.TA,[68.64736312],3
2025-01-03,GEFR.TA,[70.7495564],4
2025-01-04,GEFR.TA,[72.17489653],5
2025-01-05,GEFR.TA,[73.13487024],6
2025-01-06,GEFR.TA,[72.45890418],7
2025-01-07,GEFR.TA,[71.28630281],8
2025-01-08,GEFR.TA,[70.84035077],9
2025-01-09,GEFR.TA,[72.58704996],10
2025-01-10,GEFR.TA,[72.57435556],11
2025-01-11,GEFR.TA,[72.35971593],12
2025-01-12,GEFR.TA,[72.2136219],13
2025-01-13,GEFR.TA,[72.31932621],14
2025-01-14,GEFR.TA,[74.20467026],15
2025-01-15,GEFR.TA,[74.45733736],16
2025-01-16,GEFR.TA,[73.06440601],17
2025-01-17,GEFR.TA,[73.87394287],18
2025-01-18,GEFR.TA,[73.05117539],19
2025-01-19,GEFR.TA,[71.12767816],20
2025-01-20,GEFR.TA,[72.46814576],21
2025-01-21,GEFR.TA,[72.84095518],22
2025-01-22,GEFR.TA,[71.29128172],23
2025-01-23,GEFR.TA,[70.16760168],24
2025-01-24,GEFR.TA,[71.01304401],25
2025-01-25,GEFR.TA,[70.95645335],26
2025-01-26,GEFR.TA,[73.61980488],27
2025-01-27,GEFR.TA,[72.73594128],28
2025-01-28,GEFR.TA,[74.30146276],29
2025-01-29,GEFR.TA,[73.95964262],30
2024-12-31,GNCL.TA,[20.91108808],1
2025-01-01,GNCL.TA,[29.61937053],2
2025-01-02,GNCL.TA,[6.63173433],3
2025-01-03,GNCL.TA,[-3.90321385],4
2025-01-04,GNCL.TA,[1.77263039],5
2025-01-05,GNCL.TA,[0.38009232],6
2025-01-06,GNCL.TA,[0.15035582],7
2025-01-07,GNCL.TA,[0.26308052],8
2025-01-08,GNCL.TA,[0.41880391],9
2025-01-09,GNCL.TA,[-0.08395598],10
2025-01-10,GNCL.TA,[-0.10981683],11
2025-01-11,GNCL.TA,[-0.14063277],12
2025-01-12,GNCL.TA,[-0.13981282],13
2025-01-13,GNCL.TA,[0.00126562],14
2025-01-14,GNCL.TA,[0.0007093],15
2025-01-15,GNCL.TA,[0.00069137],16
2025-01-16,GNCL.TA,[0.00012414],17
2025-01-17,GNCL.TA,[6.39943024e-05],18
2025-01-18,GNCL.TA,[3.09145252e-05],19
2025-01-19,GNCL.TA,[1.38621607e-05],20
2025-01-20,GNCL.TA,[2.06436207e-05],21
2025-01-21,GNCL.TA,[2.55280065e-05],22
2025-01-22,GNCL.TA,[2.63688563e-05],23
2025-01-23,GNCL.TA,[-5.42680493e-06],24
2025-01-24,GNCL.TA,[-2.01838547e-06],25
2025-01-25,GNCL.TA,[-3.19586081e-06],26
2025-01-26,GNCL.TA,[-1.46095489e-06],27
2025-01-27,GNCL.TA,[-2.54831945e-06],28
2025-01-28,GNCL.TA,[3.91699754e-07],29
2025-01-29,GNCL.TA,[7.60389276e-07],30
2024-12-31,GNRS.TA,[73.25271025],1
2025-01-01,GNRS.TA,[71.78165237],2
2025-01-02,GNRS.TA,[71.50514493],3
2025-01-03,GNRS.TA,[70.25867073],4
2025-01-04,GNRS.TA,[69.97590665],5
2025-01-05,GNRS.TA,[70.98671295],6
2025-01-06,GNRS.TA,[71.91558771],7
2025-01-07,GNRS.TA,[71.22883545],8
2025-01-08,GNRS.TA,[71.33779541],9
2025-01-09,GNRS.TA,[72.69266835],10
2025-01-10,GNRS.TA,[72.19997267],11
2025-01-11,GNRS.TA,[70.18521592],12
2025-01-12,GNRS.TA,[73.48722448],13
2025-01-13,GNRS.TA,[73.58029786],14
2025-01-14,GNRS.TA,[73.17917779],15
2025-01-15,GNRS.TA,[71.57118885],16
2025-01-16,GNRS.TA,[70.47730574],17
2025-01-17,GNRS.TA,[71.00412162],18
2025-01-18,GNRS.TA,[71.54485905],19
2025-01-19,GNRS.TA,[71.88698884],20
2025-01-20,GNRS.TA,[73.59502761],21
2025-01-21,GNRS.TA,[74.72022815],22
2025-01-22,GNRS.TA,[74.90007534],23
2025-01-23,GNRS.TA,[76.62003936],24
2025-01-24,GNRS.TA,[77.93602848],25
2025-01-25,GNRS.TA,[80.40443956],26
2025-01-26,GNRS.TA,[80.43653254],27
2025-01-27,GNRS.TA,[80.1327719],28
2025-01-28,GNRS.TA,[79.96215705],29
2025-01-29,GNRS.TA,[79.44970208],30
2024-12-31,GFC-M.TA,[-17427.53492843],1
2025-01-01,GFC-M.TA,[278081.22880355],2
2025-01-02,GFC-M.TA,[-3779193.32008818],3
2025-01-03,GFC-M.TA,[55026684.44407383],4
2025-01-04,GFC-M.TA,[1.81963982e+09],5
2025-01-05,GFC-M.TA,[2.19156854e+10],6
2025-01-06,GFC-M.TA,[1.2910185e+11],7
2025-01-07,GFC-M.TA,[-2.10710032e+12],8
2025-01-08,GFC-M.TA,[-3.60150262e+13],9
2025-01-09,GFC-M.TA,[-5.37943013e+14],10
2025-01-10,GFC-M.TA,[7.41378813e+14],11
2025-01-11,GFC-M.TA,[2.17029175e+16],12
2025-01-12,GFC-M.TA,[3.95433895e+17],13
2025-01-13,GFC-M.TA,[-6.20461249e+18],14
2025-01-14,GFC-M.TA,[8.38490316e+18],15
2025-01-15,GFC-M.TA,[1.02710875e+20],16
2025-01-16,GFC-M.TA,[8.04580171e+20],17
2025-01-17,GFC-M.TA,[6.73748996e+21],18
2025-01-18,GFC-M.TA,[-6.14635247e+22],19
2025-01-19,GFC-M.TA,[3.52895535e+23],20
2025-01-20,GFC-M.TA,[-6.4042682e+22],21
2025-01-21,GFC-M.TA,[3.92071636e+23],22
2025-01-22,GFC-M.TA,[5.54809558e+24],23
2025-01-23,GFC-M.TA,[-1.47830364e+26],24
2025-01-24,GFC-M.TA,[-1.13156474e+27],25
2025-01-25,GFC-M.TA,[5.47519009e+27],26
2025-01-26,GFC-M.TA,[1.6486433e+29],27
2025-01-27,GFC-M.TA,[2.97384327e+30],28
2025-01-28,GFC-M.TA,[6.39371334e+31],29
2025-01-29,GFC-M.TA,[-9.74758324e+32],30
2022-10-28,GIBUI.TA,[0.78372662],1
2022-10-29,GIBUI.TA,[0.89807562],2
2022-10-30,GIBUI.TA,[0.41945445],3
2022-10-31,GIBUI.TA,[0.35643205],4
2022-11-01,GIBUI.TA,[0.43245486],5
2022-11-02,GIBUI.TA,[0.49715282],6
2022-11-03,GIBUI.TA,[0.51748534],7
2022-11-04,GIBUI.TA,[0.62243463],8
2022-11-05,GIBUI.TA,[0.52019403],9
2022-11-06,GIBUI.TA,[0.45058718],10
2022-11-07,GIBUI.TA,[0.60163629],11
2022-11-08,GIBUI.TA,[0.59135472],12
2022-11-09,GIBUI.TA,[0.82749371],13
2022-11-10,GIBUI.TA,[1.10539295],14
2022-11-11,GIBUI.TA,[0.79854686],15
2022-11-12,GIBUI.TA,[1.06146018],16
2022-11-13,GIBUI.TA,[1.06115254],17
2022-11-14,GIBUI.TA,[0.66344113],18
2022-11-15,GIBUI.TA,[0.77418553],19
2022-11-16,GIBUI.TA,[0.66346994],20
2022-11-17,GIBUI.TA,[0.86706067],21
2022-11-18,GIBUI.TA,[0.85229934],22
2022-11-19,GIBUI.TA,[1.1511725],23
2022-11-20,GIBUI.TA,[1.04473949],24
2022-11-21,GIBUI.TA,[0.93577634],25
2022-11-22,GIBUI.TA,[1.085082],26
2022-11-23,GIBUI.TA,[1.24341282],27
2022-11-24,GIBUI.TA,[1.01589761],28
2022-11-25,GIBUI.TA,[1.27475282],29
2022-11-26,GIBUI.TA,[1.30538755],30
2024-12-31,GILT.TA,[2104.96403357],1
2025-01-01,GILT.TA,[2148.82153314],2
2025-01-02,GILT.TA,[2134.54524671],3
2025-01-03,GILT.TA,[2161.23287498],4
2025-01-04,GILT.TA,[2186.70488294],5
2025-01-05,GILT.TA,[2237.31114983],6
2025-01-06,GILT.TA,[2244.71075058],7
2025-01-07,GILT.TA,[2259.59127064],8
2025-01-08,GILT.TA,[2240.0107249],9
2025-01-09,GILT.TA,[2235.2780363],10
2025-01-10,GILT.TA,[2235.53199511],11
2025-01-11,GILT.TA,[2244.06906368],12
2025-01-12,GILT.TA,[2218.73492912],13
2025-01-13,GILT.TA,[2249.43918552],14
2025-01-14,GILT.TA,[2274.70723119],15
2025-01-15,GILT.TA,[2336.35637431],16
2025-01-16,GILT.TA,[2312.80474529],17
2025-01-17,GILT.TA,[2307.46625254],18
2025-01-18,GILT.TA,[2190.36238583],19
2025-01-19,GILT.TA,[2215.69849834],20
2025-01-20,GILT.TA,[2231.49364852],21
2025-01-21,GILT.TA,[2302.71023118],22
2025-01-22,GILT.TA,[2317.16998547],23
2025-01-23,GILT.TA,[2303.62412194],24
2025-01-24,GILT.TA,[2271.49847707],25
2025-01-25,GILT.TA,[2302.80128579],26
2025-01-26,GILT.TA,[2395.91348265],27
2025-01-27,GILT.TA,[2362.25243271],28
2025-01-28,GILT.TA,[2312.85105158],29
2025-01-29,GILT.TA,[2343.39319904],30
2024-12-31,GLTL.TA,[77.0979526],1
2025-01-01,GLTL.TA,[73.66576765],2
2025-01-02,GLTL.TA,[72.6291516],3
2025-01-03,GLTL.TA,[72.4819195],4
2025-01-04,GLTL.TA,[71.28450099],5
2025-01-05,GLTL.TA,[79.19964854],6
2025-01-06,GLTL.TA,[75.32629442],7
2025-01-07,GLTL.TA,[72.32517906],8
2025-01-08,GLTL.TA,[78.27572361],9
2025-01-09,GLTL.TA,[77.44863532],10
2025-01-10,GLTL.TA,[76.39977705],11
2025-01-11,GLTL.TA,[74.03878191],12
2025-01-12,GLTL.TA,[71.79999058],13
2025-01-13,GLTL.TA,[68.80026003],14
2025-01-14,GLTL.TA,[70.11101163],15
2025-01-15,GLTL.TA,[73.49016526],16
2025-01-16,GLTL.TA,[76.31799562],17
2025-01-17,GLTL.TA,[74.63770831],18
2025-01-18,GLTL.TA,[75.66497976],19
2025-01-19,GLTL.TA,[72.81086685],20
2025-01-20,GLTL.TA,[74.54268316],21
2025-01-21,GLTL.TA,[75.96873159],22
2025-01-22,GLTL.TA,[75.34205225],23
2025-01-23,GLTL.TA,[73.3520871],24
2025-01-24,GLTL.TA,[75.17983173],25
2025-01-25,GLTL.TA,[78.44117859],26
2025-01-26,GLTL.TA,[83.45460462],27
2025-01-27,GLTL.TA,[88.68823435],28
2025-01-28,GLTL.TA,[94.83718287],29
2025-01-29,GLTL.TA,[89.52887796],30
2024-12-31,GNGR.TA,[970.23843987],1
2025-01-01,GNGR.TA,[992.93108077],2
2025-01-02,GNGR.TA,[992.64701978],3
2025-01-03,GNGR.TA,[1013.8839526],4
2025-01-04,GNGR.TA,[1006.29545256],5
2025-01-05,GNGR.TA,[972.2533709],6
2025-01-06,GNGR.TA,[951.84660716],7
2025-01-07,GNGR.TA,[960.565644],8
2025-01-08,GNGR.TA,[970.26882212],9
2025-01-09,GNGR.TA,[961.56948799],10
2025-01-10,GNGR.TA,[930.5689209],11
2025-01-11,GNGR.TA,[930.16038623],12
2025-01-12,GNGR.TA,[948.97387316],13
2025-01-13,GNGR.TA,[942.67098464],14
2025-01-14,GNGR.TA,[948.78081698],15
2025-01-15,GNGR.TA,[933.51989988],16
2025-01-16,GNGR.TA,[947.98002704],17
2025-01-17,GNGR.TA,[947.72444872],18
2025-01-18,GNGR.TA,[935.54858928],19
2025-01-19,GNGR.TA,[933.27893165],20
2025-01-20,GNGR.TA,[952.09980101],21
2025-01-21,GNGR.TA,[939.79609781],22
2025-01-22,GNGR.TA,[932.06003859],23
2025-01-23,GNGR.TA,[967.18713956],24
2025-01-24,GNGR.TA,[980.68926302],25
2025-01-25,GNGR.TA,[993.5583068],26
2025-01-26,GNGR.TA,[1020.36131912],27
2025-01-27,GNGR.TA,[1048.40395091],28
2025-01-28,GNGR.TA,[1044.91903915],29
2025-01-29,GNGR.TA,[1029.7570003],30
2024-12-31,GIVO.TA,[20.66105701],1
2025-01-01,GIVO.TA,[19.85531221],2
2025-01-02,GIVO.TA,[20.1563727],3
2025-01-03,GIVO.TA,[20.04755164],4
2025-01-04,GIVO.TA,[19.78400397],5
2025-01-05,GIVO.TA,[19.10670839],6
2025-01-06,GIVO.TA,[18.90695679],7
2025-01-07,GIVO.TA,[19.29981418],8
2025-01-08,GIVO.TA,[18.76581892],9
2025-01-09,GIVO.TA,[19.17393679],10
2025-01-10,GIVO.TA,[19.02828136],11
2025-01-11,GIVO.TA,[18.92479268],12
2025-01-12,GIVO.TA,[19.12433102],13
2025-01-13,GIVO.TA,[20.0378971],14
2025-01-14,GIVO.TA,[19.84384589],15
2025-01-15,GIVO.TA,[20.50971306],16
2025-01-16,GIVO.TA,[20.75035174],17
2025-01-17,GIVO.TA,[22.25079145],18
2025-01-18,GIVO.TA,[23.11283567],19
2025-01-19,GIVO.TA,[23.86206275],20
2025-01-20,GIVO.TA,[23.69867711],21
2025-01-21,GIVO.TA,[23.10492365],22
2025-01-22,GIVO.TA,[22.765308],23
2025-01-23,GIVO.TA,[23.29333467],24
2025-01-24,GIVO.TA,[23.86155481],25
2025-01-25,GIVO.TA,[24.25853533],26
2025-01-26,GIVO.TA,[23.91954155],27
2025-01-27,GIVO.TA,[24.36149829],28
2025-01-28,GIVO.TA,[24.75325542],29
2025-01-29,GIVO.TA,[24.74525778],30
2024-12-31,GIX.TA,[14.14291426],1
2025-01-01,GIX.TA,[13.47686089],2
2025-01-02,GIX.TA,[9.0804238],3
2025-01-03,GIX.TA,[8.13408426],4
2025-01-04,GIX.TA,[7.56135745],5
2025-01-05,GIX.TA,[8.05091588],6
2025-01-06,GIX.TA,[6.31413982],7
2025-01-07,GIX.TA,[7.65933778],8
2025-01-08,GIX.TA,[5.33385517],9
2025-01-09,GIX.TA,[5.62537376],10
2025-01-10,GIX.TA,[6.13476827],11
2025-01-11,GIX.TA,[7.13713222],12
2025-01-12,GIX.TA,[7.51043203],13
2025-01-13,GIX.TA,[7.03438421],14
2025-01-14,GIX.TA,[7.42409066],15
2025-01-15,GIX.TA,[9.53594698],16
2025-01-16,GIX.TA,[11.43628021],17
2025-01-17,GIX.TA,[10.42031299],18
2025-01-18,GIX.TA,[11.40117948],19
2025-01-19,GIX.TA,[13.11555223],20
2025-01-20,GIX.TA,[14.70032798],21
2025-01-21,GIX.TA,[16.55514461],22
2025-01-22,GIX.TA,[19.28182584],23
2025-01-23,GIX.TA,[17.1489191],24
2025-01-24,GIX.TA,[18.25760574],25
2025-01-25,GIX.TA,[18.33859642],26
2025-01-26,GIX.TA,[19.33791963],27
2025-01-27,GIX.TA,[21.05371728],28
2025-01-28,GIX.TA,[19.42007073],29
2025-01-29,GIX.TA,[21.2386983],30
2024-12-31,GKL.TA,[90.74641001],1
2025-01-01,GKL.TA,[85.3488074],2
2025-01-02,GKL.TA,[82.83004807],3
2025-01-03,GKL.TA,[80.41523216],4
2025-01-04,GKL.TA,[78.7873149],5
2025-01-05,GKL.TA,[75.2572666],6
2025-01-06,GKL.TA,[76.06240461],7
2025-01-07,GKL.TA,[76.12183553],8
2025-01-08,GKL.TA,[76.79021624],9
2025-01-09,GKL.TA,[84.75898931],10
2025-01-10,GKL.TA,[87.83802674],11
2025-01-11,GKL.TA,[91.09647811],12
2025-01-12,GKL.TA,[85.24790756],13
2025-01-13,GKL.TA,[81.3395146],14
2025-01-14,GKL.TA,[83.83267431],15
2025-01-15,GKL.TA,[80.80771334],16
2025-01-16,GKL.TA,[83.55952352],17
2025-01-17,GKL.TA,[86.63069016],18
2025-01-18,GKL.TA,[86.00149708],19
2025-01-19,GKL.TA,[85.9819746],20
2025-01-20,GKL.TA,[87.91780442],21
2025-01-21,GKL.TA,[84.87182322],22
2025-01-22,GKL.TA,[85.24503062],23
2025-01-23,GKL.TA,[84.07644819],24
2025-01-24,GKL.TA,[87.13837021],25
2025-01-25,GKL.TA,[92.57740181],26
2025-01-26,GKL.TA,[88.16632739],27
2025-01-27,GKL.TA,[96.8436557],28
2025-01-28,GKL.TA,[92.86015027],29
2025-01-29,GKL.TA,[97.95720612],30
2024-10-09,GLEN-M.TA,[0.01313741],1
2024-10-10,GLEN-M.TA,[0.0147055],2
2024-10-11,GLEN-M.TA,[0.01604813],3
2024-10-12,GLEN-M.TA,[0.02191256],4
2024-10-13,GLEN-M.TA,[0.01988351],5
2024-10-14,GLEN-M.TA,[0.0245604],6
2024-10-15,GLEN-M.TA,[0.02896221],7
2024-10-16,GLEN-M.TA,[0.03063429],8
2024-10-17,GLEN-M.TA,[0.02185992],9
2024-10-18,GLEN-M.TA,[0.02183197],10
2024-10-19,GLEN-M.TA,[0.02763689],11
2024-10-20,GLEN-M.TA,[0.03127553],12
2024-10-21,GLEN-M.TA,[0.04168828],13
2024-10-22,GLEN-M.TA,[0.04118358],14
2024-10-23,GLEN-M.TA,[0.03883615],15
2024-10-24,GLEN-M.TA,[0.05877073],16
2024-10-25,GLEN-M.TA,[0.05895546],17
2024-10-26,GLEN-M.TA,[0.05948711],18
2024-10-27,GLEN-M.TA,[0.04193141],19
2024-10-28,GLEN-M.TA,[0.03544441],20
2024-10-29,GLEN-M.TA,[0.04164374],21
2024-10-30,GLEN-M.TA,[0.03566908],22
2024-10-31,GLEN-M.TA,[0.03348495],23
2024-11-01,GLEN-M.TA,[0.04861084],24
2024-11-02,GLEN-M.TA,[0.05148223],25
2024-11-03,GLEN-M.TA,[0.06047523],26
2024-11-04,GLEN-M.TA,[0.06976342],27
2024-11-05,GLEN-M.TA,[0.05419338],28
2024-11-06,GLEN-M.TA,[0.06140642],29
2024-11-07,GLEN-M.TA,[0.05605972],30
2024-12-31,GLRS.TA,[42782.25148264],1
2025-01-01,GLRS.TA,[42407.84629407],2
2025-01-02,GLRS.TA,[42409.41349387],3
2025-01-03,GLRS.TA,[42828.17845198],4
2025-01-04,GLRS.TA,[42781.56358035],5
2025-01-05,GLRS.TA,[43154.86731606],6
2025-01-06,GLRS.TA,[43236.73322199],7
2025-01-07,GLRS.TA,[43110.26464794],8
2025-01-08,GLRS.TA,[43095.13212288],9
2025-01-09,GLRS.TA,[43080.65881071],10
2025-01-10,GLRS.TA,[43115.05450431],11
2025-01-11,GLRS.TA,[42654.06510755],12
2025-01-12,GLRS.TA,[42610.82114477],13
2025-01-13,GLRS.TA,[42506.90930175],14
2025-01-14,GLRS.TA,[42707.92652978],15
2025-01-15,GLRS.TA,[42612.33608565],16
2025-01-16,GLRS.TA,[42745.67214282],17
2025-01-17,GLRS.TA,[42901.82714257],18
2025-01-18,GLRS.TA,[42693.27594237],19
2025-01-19,GLRS.TA,[42537.90689442],20
2025-01-20,GLRS.TA,[42202.34952175],21
2025-01-21,GLRS.TA,[42030.16106174],22
2025-01-22,GLRS.TA,[41670.45350295],23
2025-01-23,GLRS.TA,[41489.13933254],24
2025-01-24,GLRS.TA,[41512.70054673],25
2025-01-25,GLRS.TA,[41366.07581562],26
2025-01-26,GLRS.TA,[41186.193523],27
2025-01-27,GLRS.TA,[41048.07607204],28
2025-01-28,GLRS.TA,[40812.4306779],29
2025-01-29,GLRS.TA,[40930.78333685],30
2024-12-31,GOTO.TA,[377.14570198],1
2025-01-01,GOTO.TA,[331.60398487],2
2025-01-02,GOTO.TA,[320.49297606],3
2025-01-03,GOTO.TA,[257.00721923],4
2025-01-04,GOTO.TA,[248.9711673],5
2025-01-05,GOTO.TA,[258.52374723],6
2025-01-06,GOTO.TA,[236.24365622],7
2025-01-07,GOTO.TA,[229.29837877],8
2025-01-08,GOTO.TA,[234.71483311],9
2025-01-09,GOTO.TA,[223.61311317],10
2025-01-10,GOTO.TA,[249.7253043],11
2025-01-11,GOTO.TA,[241.60623108],12
2025-01-12,GOTO.TA,[242.82095517],13
2025-01-13,GOTO.TA,[223.85545525],14
2025-01-14,GOTO.TA,[232.12979488],15
2025-01-15,GOTO.TA,[271.11733471],16
2025-01-16,GOTO.TA,[280.92245723],17
2025-01-17,GOTO.TA,[247.47013622],18
2025-01-18,GOTO.TA,[212.853897],19
2025-01-19,GOTO.TA,[217.03215438],20
2025-01-20,GOTO.TA,[225.6641961],21
2025-01-21,GOTO.TA,[227.29261834],22
2025-01-22,GOTO.TA,[246.26371897],23
2025-01-23,GOTO.TA,[239.96958392],24
2025-01-24,GOTO.TA,[250.90223444],25
2025-01-25,GOTO.TA,[248.67348884],26
2025-01-26,GOTO.TA,[258.37399011],27
2025-01-27,GOTO.TA,[183.81919382],28
2025-01-28,GOTO.TA,[192.89509986],29
2025-01-29,GOTO.TA,[202.58900306],30
2024-12-31,GRIN.TA,[1347.27601506],1
2025-01-01,GRIN.TA,[1367.48835146],2
2025-01-02,GRIN.TA,[1380.60054131],3
2025-01-03,GRIN.TA,[1359.7643985],4
2025-01-04,GRIN.TA,[1324.80463244],5
2025-01-05,GRIN.TA,[1348.42508791],6
2025-01-06,GRIN.TA,[1353.69847809],7
2025-01-07,GRIN.TA,[1368.91146934],8
2025-01-08,GRIN.TA,[1359.3430111],9
2025-01-09,GRIN.TA,[1357.46264752],10
2025-01-10,GRIN.TA,[1367.06393085],11
2025-01-11,GRIN.TA,[1344.94463387],12
2025-01-12,GRIN.TA,[1376.84965348],13
2025-01-13,GRIN.TA,[1361.11753636],14
2025-01-14,GRIN.TA,[1354.07100485],15
2025-01-15,GRIN.TA,[1363.7481474],16
2025-01-16,GRIN.TA,[1374.69729308],17
2025-01-17,GRIN.TA,[1377.9100687],18
2025-01-18,GRIN.TA,[1374.53600956],19
2025-01-19,GRIN.TA,[1381.70019043],20
2025-01-20,GRIN.TA,[1370.33912636],21
2025-01-21,GRIN.TA,[1383.85902169],22
2025-01-22,GRIN.TA,[1387.28595023],23
2025-01-23,GRIN.TA,[1405.48548335],24
2025-01-24,GRIN.TA,[1392.45459306],25
2025-01-25,GRIN.TA,[1428.44792036],26
2025-01-26,GRIN.TA,[1456.8096583],27
2025-01-27,GRIN.TA,[1455.98937182],28
2025-01-28,GRIN.TA,[1475.75766208],29
2025-01-29,GRIN.TA,[1522.32525454],30
2024-12-31,GOLD.TA,[17075.99201669],1
2025-01-01,GOLD.TA,[17028.92486772],2
2025-01-02,GOLD.TA,[16767.06898849],3
2025-01-03,GOLD.TA,[16628.14349748],4
2025-01-04,GOLD.TA,[16229.67046508],5
2025-01-05,GOLD.TA,[16056.50721234],6
2025-01-06,GOLD.TA,[16277.81907377],7
2025-01-07,GOLD.TA,[16297.26983986],8
2025-01-08,GOLD.TA,[16190.13729694],9
2025-01-09,GOLD.TA,[16461.37482871],10
2025-01-10,GOLD.TA,[16560.55579739],11
2025-01-11,GOLD.TA,[16840.16690475],12
2025-01-12,GOLD.TA,[16894.9823256],13
2025-01-13,GOLD.TA,[17251.99795101],14
2025-01-14,GOLD.TA,[17698.1150461],15
2025-01-15,GOLD.TA,[17528.6606257],16
2025-01-16,GOLD.TA,[17985.96177802],17
2025-01-17,GOLD.TA,[17845.89796665],18
2025-01-18,GOLD.TA,[17658.56524906],19
2025-01-19,GOLD.TA,[17308.64829359],20
2025-01-20,GOLD.TA,[17757.58087365],21
2025-01-21,GOLD.TA,[17839.39954867],22
2025-01-22,GOLD.TA,[17485.55712274],23
2025-01-23,GOLD.TA,[17690.84442243],24
2025-01-24,GOLD.TA,[17765.99341725],25
2025-01-25,GOLD.TA,[17951.35335299],26
2025-01-26,GOLD.TA,[17865.54527629],27
2025-01-27,GOLD.TA,[17691.21870516],28
2025-01-28,GOLD.TA,[17784.89969368],29
2025-01-29,GOLD.TA,[17733.28002661],30
2024-12-31,GOHO.TA,[2393.2231406],1
2025-01-01,GOHO.TA,[2452.88347483],2
2025-01-02,GOHO.TA,[2573.77148818],3
2025-01-03,GOHO.TA,[2543.92913708],4
2025-01-04,GOHO.TA,[2565.5864462],5
2025-01-05,GOHO.TA,[2621.2438778],6
2025-01-06,GOHO.TA,[2624.42189973],7
2025-01-07,GOHO.TA,[2772.34899335],8
2025-01-08,GOHO.TA,[2744.69266248],9
2025-01-09,GOHO.TA,[2773.70778706],10
2025-01-10,GOHO.TA,[2735.42086044],11
2025-01-11,GOHO.TA,[2663.36616306],12
2025-01-12,GOHO.TA,[2741.81749348],13
2025-01-13,GOHO.TA,[2833.90710367],14
2025-01-14,GOHO.TA,[2830.20910601],15
2025-01-15,GOHO.TA,[2954.31108917],16
2025-01-16,GOHO.TA,[2719.74838591],17
2025-01-17,GOHO.TA,[2725.9163963],18
2025-01-18,GOHO.TA,[2770.65434957],19
2025-01-19,GOHO.TA,[2728.37908035],20
2025-01-20,GOHO.TA,[2709.98327709],21
2025-01-21,GOHO.TA,[2810.56686518],22
2025-01-22,GOHO.TA,[2915.460467],23
2025-01-23,GOHO.TA,[2923.21256834],24
2025-01-24,GOHO.TA,[2996.44090139],25
2025-01-25,GOHO.TA,[2964.14980713],26
2025-01-26,GOHO.TA,[3071.99437382],27
2025-01-27,GOHO.TA,[3173.28967888],28
2025-01-28,GOHO.TA,[3181.06819189],29
2025-01-29,GOHO.TA,[3102.67273104],30
2024-12-31,GOLF.TA,[695.5428393],1
2025-01-01,GOLF.TA,[682.16446129],2
2025-01-02,GOLF.TA,[654.18516316],3
2025-01-03,GOLF.TA,[628.1224498],4
2025-01-04,GOLF.TA,[615.38746637],5
2025-01-05,GOLF.TA,[632.92256333],6
2025-01-06,GOLF.TA,[617.59815247],7
2025-01-07,GOLF.TA,[616.10693413],8
2025-01-08,GOLF.TA,[602.34945032],9
2025-01-09,GOLF.TA,[566.57115096],10
2025-01-10,GOLF.TA,[590.95630171],11
2025-01-11,GOLF.TA,[596.17530984],12
2025-01-12,GOLF.TA,[631.69242763],13
2025-01-13,GOLF.TA,[647.85616621],14
2025-01-14,GOLF.TA,[706.2969673],15
2025-01-15,GOLF.TA,[723.34665938],16
2025-01-16,GOLF.TA,[716.07497165],17
2025-01-17,GOLF.TA,[737.49699537],18
2025-01-18,GOLF.TA,[695.76588305],19
2025-01-19,GOLF.TA,[664.33303865],20
2025-01-20,GOLF.TA,[647.59913595],21
2025-01-21,GOLF.TA,[668.38217799],22
2025-01-22,GOLF.TA,[652.95333887],23
2025-01-23,GOLF.TA,[681.71415384],24
2025-01-24,GOLF.TA,[705.76343897],25
2025-01-25,GOLF.TA,[721.83474238],26
2025-01-26,GOLF.TA,[678.49992185],27
2025-01-27,GOLF.TA,[690.20103913],28
2025-01-28,GOLF.TA,[707.41513873],29
2025-01-29,GOLF.TA,[757.68205254],30
2024-12-31,GRAC.TA,[1505.24127551],1
2025-01-01,GRAC.TA,[1508.15778564],2
2025-01-02,GRAC.TA,[1501.7694727],3
2025-01-03,GRAC.TA,[1503.97502618],4
2025-01-04,GRAC.TA,[1512.16187361],5
2025-01-05,GRAC.TA,[1515.91017083],6
2025-01-06,GRAC.TA,[1511.14532687],7
2025-01-07,GRAC.TA,[1518.54121601],8
2025-01-08,GRAC.TA,[1506.32593783],9
2025-01-09,GRAC.TA,[1513.14960985],10
2025-01-10,GRAC.TA,[1514.08167714],11
2025-01-11,GRAC.TA,[1521.79847685],12
2025-01-12,GRAC.TA,[1528.3818305],13
2025-01-13,GRAC.TA,[1525.26586231],14
2025-01-14,GRAC.TA,[1526.78519803],15
2025-01-15,GRAC.TA,[1530.63587681],16
2025-01-16,GRAC.TA,[1524.3178298],17
2025-01-17,GRAC.TA,[1523.17820209],18
2025-01-18,GRAC.TA,[1530.27251565],19
2025-01-19,GRAC.TA,[1536.4099921],20
2025-01-20,GRAC.TA,[1538.49529825],21
2025-01-21,GRAC.TA,[1537.95552115],22
2025-01-22,GRAC.TA,[1536.35567059],23
2025-01-23,GRAC.TA,[1554.13084445],24
2025-01-24,GRAC.TA,[1559.56407613],25
2025-01-25,GRAC.TA,[1564.29315818],26
2025-01-26,GRAC.TA,[1560.17290628],27
2025-01-27,GRAC.TA,[1547.9769808],28
2025-01-28,GRAC.TA,[1545.43949033],29
2025-01-29,GRAC.TA,[1549.97168259],30
2024-12-31,G107.TA,[48.14030129],1
2025-01-01,G107.TA,[51.78041517],2
2025-01-02,G107.TA,[49.19550112],3
2025-01-03,G107.TA,[47.8527465],4
2025-01-04,G107.TA,[51.09738976],5
2025-01-05,G107.TA,[54.62542623],6
2025-01-06,G107.TA,[54.23621518],7
2025-01-07,G107.TA,[53.78502934],8
2025-01-08,G107.TA,[51.90908229],9
2025-01-09,G107.TA,[55.10178619],10
2025-01-10,G107.TA,[52.98881255],11
2025-01-11,G107.TA,[56.06276223],12
2025-01-12,G107.TA,[53.94754865],13
2025-01-13,G107.TA,[56.91215489],14
2025-01-14,G107.TA,[63.8497052],15
2025-01-15,G107.TA,[66.66425043],16
2025-01-16,G107.TA,[67.54820556],17
2025-01-17,G107.TA,[75.04134621],18
2025-01-18,G107.TA,[80.59247473],19
2025-01-19,G107.TA,[85.36127132],20
2025-01-20,G107.TA,[82.66748867],21
2025-01-21,G107.TA,[76.37443602],22
2025-01-22,G107.TA,[72.05704607],23
2025-01-23,G107.TA,[68.61122564],24
2025-01-24,G107.TA,[70.48648551],25
2025-01-25,G107.TA,[67.81516459],26
2025-01-26,G107.TA,[70.57062296],27
2025-01-27,G107.TA,[72.98562378],28
2025-01-28,G107.TA,[75.47686599],29
2025-01-29,G107.TA,[75.69533551],30
2024-12-31,GUID.TA,[733.90477514],1
2025-01-01,GUID.TA,[756.58180107],2
2025-01-02,GUID.TA,[882.04528742],3
2025-01-03,GUID.TA,[926.68950226],4
2025-01-04,GUID.TA,[1023.46050861],5
2025-01-05,GUID.TA,[1469.07207715],6
2025-01-06,GUID.TA,[1132.60118406],7
2025-01-07,GUID.TA,[1029.17360382],8
2025-01-08,GUID.TA,[1202.46920083],9
2025-01-09,GUID.TA,[1107.44130423],10
2025-01-10,GUID.TA,[1147.11815065],11
2025-01-11,GUID.TA,[1102.04039839],12
2025-01-12,GUID.TA,[745.0070823],13
2025-01-13,GUID.TA,[715.98793105],14
2025-01-14,GUID.TA,[658.75541098],15
2025-01-15,GUID.TA,[705.8125552],16
2025-01-16,GUID.TA,[723.00742547],17
2025-01-17,GUID.TA,[672.6189115],18
2025-01-18,GUID.TA,[632.76622649],19
2025-01-19,GUID.TA,[508.17622577],20
2025-01-20,GUID.TA,[477.33973897],21
2025-01-21,GUID.TA,[518.71998957],22
2025-01-22,GUID.TA,[734.48575412],23
2025-01-23,GUID.TA,[676.76912219],24
2025-01-24,GUID.TA,[585.02040414],25
2025-01-25,GUID.TA,[524.64943085],26
2025-01-26,GUID.TA,[488.40462029],27
2025-01-27,GUID.TA,[307.67889902],28
2025-01-28,GUID.TA,[281.38108757],29
2025-01-29,GUID.TA,[265.69866314],30
2024-12-31,HDST-M.TA,[0.49134983],1
2025-01-01,HDST-M.TA,[0.6731488],2
2025-01-02,HDST-M.TA,[1.16859341],3
2025-01-03,HDST-M.TA,[0.02341298],4
2025-01-04,HDST-M.TA,[0.04312984],5
2025-01-05,HDST-M.TA,[0.05325998],6
2025-01-06,HDST-M.TA,[0.06200813],7
2025-01-07,HDST-M.TA,[0.09075521],8
2025-01-08,HDST-M.TA,[0.07750073],9
2025-01-09,HDST-M.TA,[0.00976473],10
2025-01-10,HDST-M.TA,[0.00892598],11
2025-01-11,HDST-M.TA,[0.01974044],12
2025-01-12,HDST-M.TA,[0.02922658],13
2025-01-13,HDST-M.TA,[0.03028385],14
2025-01-14,HDST-M.TA,[0.04413114],15
2025-01-15,HDST-M.TA,[0.03096798],16
2025-01-16,HDST-M.TA,[0.0649039],17
2025-01-17,HDST-M.TA,[0.12761803],18
2025-01-18,HDST-M.TA,[0.32073052],19
2025-01-19,HDST-M.TA,[0.32571706],20
2025-01-20,HDST-M.TA,[0.6320286],21
2025-01-21,HDST-M.TA,[1.00016326],22
2025-01-22,HDST-M.TA,[0.67716991],23
2025-01-23,HDST-M.TA,[1.02612384],24
2025-01-24,HDST-M.TA,[1.33089982],25
2025-01-25,HDST-M.TA,[1.91079605],26
2025-01-26,HDST-M.TA,[4.09049282],27
2025-01-27,HDST-M.TA,[3.85860251],28
2025-01-28,HDST-M.TA,[8.86638028],29
2025-01-29,HDST-M.TA,[7.05537954],30
2024-12-31,HGG.TA,[2086.45592999],1
2025-01-01,HGG.TA,[2051.93110479],2
2025-01-02,HGG.TA,[2054.29916376],3
2025-01-03,HGG.TA,[2039.75963186],4
2025-01-04,HGG.TA,[2149.10491579],5
2025-01-05,HGG.TA,[2215.37992042],6
2025-01-06,HGG.TA,[2215.32943743],7
2025-01-07,HGG.TA,[2243.57678079],8
2025-01-08,HGG.TA,[2235.1341767],9
2025-01-09,HGG.TA,[2235.30272985],10
2025-01-10,HGG.TA,[2258.69458681],11
2025-01-11,HGG.TA,[2205.38339293],12
2025-01-12,HGG.TA,[2197.30218346],13
2025-01-13,HGG.TA,[2231.81975655],14
2025-01-14,HGG.TA,[2246.4771306],15
2025-01-15,HGG.TA,[2243.02481456],16
2025-01-16,HGG.TA,[2194.40188223],17
2025-01-17,HGG.TA,[2238.00355473],18
2025-01-18,HGG.TA,[2263.15388576],19
2025-01-19,HGG.TA,[2298.44180496],20
2025-01-20,HGG.TA,[2284.0323144],21
2025-01-21,HGG.TA,[2295.02535808],22
2025-01-22,HGG.TA,[2336.31941991],23
2025-01-23,HGG.TA,[2273.6055848],24
2025-01-24,HGG.TA,[2250.51277542],25
2025-01-25,HGG.TA,[2296.75798602],26
2025-01-26,HGG.TA,[2369.51179823],27
2025-01-27,HGG.TA,[2388.89397445],28
2025-01-28,HGG.TA,[2409.25825178],29
2025-01-29,HGG.TA,[2386.42432836],30
2024-12-31,HGGE.TA,[561.72988926],1
2025-01-01,HGGE.TA,[556.71769788],2
2025-01-02,HGGE.TA,[534.60296533],3
2025-01-03,HGGE.TA,[543.55829179],4
2025-01-04,HGGE.TA,[535.87846932],5
2025-01-05,HGGE.TA,[532.7596621],6
2025-01-06,HGGE.TA,[534.31503053],7
2025-01-07,HGGE.TA,[533.59365362],8
2025-01-08,HGGE.TA,[522.5060576],9
2025-01-09,HGGE.TA,[504.5724924],10
2025-01-10,HGGE.TA,[502.46787879],11
2025-01-11,HGGE.TA,[496.55952796],12
2025-01-12,HGGE.TA,[481.83185451],13
2025-01-13,HGGE.TA,[474.17829858],14
2025-01-14,HGGE.TA,[468.67245987],15
2025-01-15,HGGE.TA,[464.43654028],16
2025-01-16,HGGE.TA,[451.23772223],17
2025-01-17,HGGE.TA,[434.58360203],18
2025-01-18,HGGE.TA,[427.19333458],19
2025-01-19,HGGE.TA,[435.66616054],20
2025-01-20,HGGE.TA,[450.018637],21
2025-01-21,HGGE.TA,[460.63647964],22
2025-01-22,HGGE.TA,[466.20783124],23
2025-01-23,HGGE.TA,[467.1003886],24
2025-01-24,HGGE.TA,[471.33876668],25
2025-01-25,HGGE.TA,[475.8762521],26
2025-01-26,HGGE.TA,[479.84017683],27
2025-01-27,HGGE.TA,[477.11338723],28
2025-01-28,HGGE.TA,[486.84933597],29
2025-01-29,HGGE.TA,[484.37938704],30
2024-12-31,HMAM.TA,[-2163.387966],1
2025-01-01,HMAM.TA,[8615.61952392],2
2025-01-02,HMAM.TA,[24146.09002386],3
2025-01-03,HMAM.TA,[-117650.50110251],4
2025-01-04,HMAM.TA,[144522.29946867],5
2025-01-05,HMAM.TA,[708418.25256093],6
2025-01-06,HMAM.TA,[2321927.18257015],7
2025-01-07,HMAM.TA,[-10723173.93191573],8
2025-01-08,HMAM.TA,[-52467760.98414405],9
2025-01-09,HMAM.TA,[-1.77837453e+08],10
2025-01-10,HMAM.TA,[3.64122999e+08],11
2025-01-11,HMAM.TA,[-3.3740349e+08],12
2025-01-12,HMAM.TA,[-4.06604726e+08],13
2025-01-13,HMAM.TA,[3.52538031e+09],14
2025-01-14,HMAM.TA,[1.88967075e+10],15
2025-01-15,HMAM.TA,[-1.39351321e+10],16
2025-01-16,HMAM.TA,[-8.73103382e+10],17
2025-01-17,HMAM.TA,[2.22488896e+10],18
2025-01-18,HMAM.TA,[1.32787103e+11],19
2025-01-19,HMAM.TA,[1.05774309e+12],20
2025-01-20,HMAM.TA,[-2.54137168e+12],21
2025-01-21,HMAM.TA,[1.1234857e+13],22
2025-01-22,HMAM.TA,[-2.42452738e+13],23
2025-01-23,HMAM.TA,[8.32558793e+13],24
2025-01-24,HMAM.TA,[-1.3958813e+14],25
2025-01-25,HMAM.TA,[-6.91595929e+14],26
2025-01-26,HMAM.TA,[-1.87298573e+14],27
2025-01-27,HMAM.TA,[-1.32792619e+15],28
2025-01-28,HMAM.TA,[-7.51866987e+15],29
2025-01-29,HMAM.TA,[6.34654701e+15],30
2024-12-31,MSBI.TA,[115.20741608],1
2025-01-01,MSBI.TA,[112.21042829],2
2025-01-02,MSBI.TA,[110.45229268],3
2025-01-03,MSBI.TA,[109.5864791],4
2025-01-04,MSBI.TA,[112.90750868],5
2025-01-05,MSBI.TA,[113.07474516],6
2025-01-06,MSBI.TA,[110.44269893],7
2025-01-07,MSBI.TA,[106.89303826],8
2025-01-08,MSBI.TA,[108.53383535],9
2025-01-09,MSBI.TA,[102.08678172],10
2025-01-10,MSBI.TA,[98.21614871],11
2025-01-11,MSBI.TA,[101.33867662],12
2025-01-12,MSBI.TA,[99.2125983],13
2025-01-13,MSBI.TA,[104.22250001],14
2025-01-14,MSBI.TA,[101.09537259],15
2025-01-15,MSBI.TA,[100.74136373],16
2025-01-16,MSBI.TA,[102.92763032],17
2025-01-17,MSBI.TA,[103.97677857],18
2025-01-18,MSBI.TA,[102.99794142],19
2025-01-19,MSBI.TA,[103.79375741],20
2025-01-20,MSBI.TA,[105.97014962],21
2025-01-21,MSBI.TA,[106.01829855],22
2025-01-22,MSBI.TA,[104.23466357],23
2025-01-23,MSBI.TA,[104.40797406],24
2025-01-24,MSBI.TA,[107.46746956],25
2025-01-25,MSBI.TA,[103.44250023],26
2025-01-26,MSBI.TA,[100.75989268],27
2025-01-27,MSBI.TA,[98.20499437],28
2025-01-28,MSBI.TA,[99.52013393],29
2025-01-29,MSBI.TA,[100.42463232],30
2024-12-31,HAMAT.TA,[1716.28917007],1
2025-01-01,HAMAT.TA,[1740.18133705],2
2025-01-02,HAMAT.TA,[1749.75517052],3
2025-01-03,HAMAT.TA,[1704.34503596],4
2025-01-04,HAMAT.TA,[1538.28938848],5
2025-01-05,HAMAT.TA,[1600.71948279],6
2025-01-06,HAMAT.TA,[1584.11521484],7
2025-01-07,HAMAT.TA,[1682.59254045],8
2025-01-08,HAMAT.TA,[1773.10850889],9
2025-01-09,HAMAT.TA,[1894.11633689],10
2025-01-10,HAMAT.TA,[1872.00783303],11
2025-01-11,HAMAT.TA,[1828.98175448],12
2025-01-12,HAMAT.TA,[1760.32156032],13
2025-01-13,HAMAT.TA,[1840.56529421],14
2025-01-14,HAMAT.TA,[1721.23999377],15
2025-01-15,HAMAT.TA,[1710.29732402],16
2025-01-16,HAMAT.TA,[1740.4268109],17
2025-01-17,HAMAT.TA,[1766.19097264],18
2025-01-18,HAMAT.TA,[1808.74252926],19
2025-01-19,HAMAT.TA,[1809.33394427],20
2025-01-20,HAMAT.TA,[1766.99644569],21
2025-01-21,HAMAT.TA,[1728.64385963],22
2025-01-22,HAMAT.TA,[1749.01571265],23
2025-01-23,HAMAT.TA,[1708.49876136],24
2025-01-24,HAMAT.TA,[1781.52626711],25
2025-01-25,HAMAT.TA,[1827.77359186],26
2025-01-26,HAMAT.TA,[1978.67045634],27
2025-01-27,HAMAT.TA,[1967.00407624],28
2025-01-28,HAMAT.TA,[1924.61606268],29
2025-01-29,HAMAT.TA,[2015.78134795],30
2024-12-31,HARL.TA,[4885.43051944],1
2025-01-01,HARL.TA,[4837.45502928],2
2025-01-02,HARL.TA,[4720.93996648],3
2025-01-03,HARL.TA,[4717.25144064],4
2025-01-04,HARL.TA,[4728.14857979],5
2025-01-05,HARL.TA,[4658.6980141],6
2025-01-06,HARL.TA,[4590.87593905],7
2025-01-07,HARL.TA,[4624.42050106],8
2025-01-08,HARL.TA,[4594.04063597],9
2025-01-09,HARL.TA,[4496.54738066],10
2025-01-10,HARL.TA,[4456.36161732],11
2025-01-11,HARL.TA,[4331.39784886],12
2025-01-12,HARL.TA,[4203.95747863],13
2025-01-13,HARL.TA,[4177.45556225],14
2025-01-14,HARL.TA,[4100.47037551],15
2025-01-15,HARL.TA,[4128.40428941],16
2025-01-16,HARL.TA,[4259.21924068],17
2025-01-17,HARL.TA,[4220.1718478],18
2025-01-18,HARL.TA,[4237.53056884],19
2025-01-19,HARL.TA,[4247.58874708],20
2025-01-20,HARL.TA,[4283.81725649],21
2025-01-21,HARL.TA,[4276.32123292],22
2025-01-22,HARL.TA,[4376.48844846],23
2025-01-23,HARL.TA,[4423.42385921],24
2025-01-24,HARL.TA,[4427.06712403],25
2025-01-25,HARL.TA,[4379.72901943],26
2025-01-26,HARL.TA,[4316.04744178],27
2025-01-27,HARL.TA,[4347.32430996],28
2025-01-28,HARL.TA,[4388.64040632],29
2025-01-29,HARL.TA,[4322.70067058],30
2024-12-31,HICN.TA,[391.48805098],1
2025-01-01,HICN.TA,[1165.77211694],2
2025-01-02,HICN.TA,[1360.81995511],3
2025-01-03,HICN.TA,[2785.55429089],4
2025-01-04,HICN.TA,[12102.07940884],5
2025-01-05,HICN.TA,[14129.16957084],6
2025-01-06,HICN.TA,[34912.01198746],7
2025-01-07,HICN.TA,[63569.90545304],8
2025-01-08,HICN.TA,[123173.68877066],9
2025-01-09,HICN.TA,[322358.80615323],10
2025-01-10,HICN.TA,[720913.64283717],11
2025-01-11,HICN.TA,[808133.43237452],12
2025-01-12,HICN.TA,[684022.50122828],13
2025-01-13,HICN.TA,[1859438.32718629],14
2025-01-14,HICN.TA,[3429189.56473397],15
2025-01-15,HICN.TA,[17417751.63482203],16
2025-01-16,HICN.TA,[47145512.75836609],17
2025-01-17,HICN.TA,[65263493.88869594],18
2025-01-18,HICN.TA,[-42644794.64651414],19
2025-01-19,HICN.TA,[-83852607.46923986],20
2025-01-20,HICN.TA,[-2.83843782e+08],21
2025-01-21,HICN.TA,[1.54861719e+08],22
2025-01-22,HICN.TA,[1.42279678e+08],23
2025-01-23,HICN.TA,[1.53054305e+08],24
2025-01-24,HICN.TA,[5.56634402e+08],25
2025-01-25,HICN.TA,[6.92826571e+08],26
2025-01-26,HICN.TA,[1.6970392e+09],27
2025-01-27,HICN.TA,[3.47051219e+09],28
2025-01-28,HICN.TA,[-8.76492942e+08],29
2025-01-29,HICN.TA,[-2.89985758e+09],30
2024-12-31,HLAN.TA,[21643.80149505],1
2025-01-01,HLAN.TA,[21759.83735356],2
2025-01-02,HLAN.TA,[21988.28606248],3
2025-01-03,HLAN.TA,[22022.90762485],4
2025-01-04,HLAN.TA,[21837.20872653],5
2025-01-05,HLAN.TA,[21951.01428817],6
2025-01-06,HLAN.TA,[21938.72815607],7
2025-01-07,HLAN.TA,[21404.03799393],8
2025-01-08,HLAN.TA,[20990.2065086],9
2025-01-09,HLAN.TA,[21030.63939845],10
2025-01-10,HLAN.TA,[20822.10318999],11
2025-01-11,HLAN.TA,[20702.24621962],12
2025-01-12,HLAN.TA,[20930.63913289],13
2025-01-13,HLAN.TA,[20839.97360002],14
2025-01-14,HLAN.TA,[20265.55671028],15
2025-01-15,HLAN.TA,[20099.02068939],16
2025-01-16,HLAN.TA,[19851.49592809],17
2025-01-17,HLAN.TA,[20400.19804943],18
2025-01-18,HLAN.TA,[20208.39103798],19
2025-01-19,HLAN.TA,[20557.52663383],20
2025-01-20,HLAN.TA,[20528.21345564],21
2025-01-21,HLAN.TA,[20533.0108768],22
2025-01-22,HLAN.TA,[20362.5605455],23
2025-01-23,HLAN.TA,[19611.66647723],24
2025-01-24,HLAN.TA,[19449.47490808],25
2025-01-25,HLAN.TA,[19759.7438368],26
2025-01-26,HLAN.TA,[19523.48404447],27
2025-01-27,HLAN.TA,[19546.39872855],28
2025-01-28,HLAN.TA,[20014.59426309],29
2025-01-29,HLAN.TA,[20126.07245215],30
2024-12-31,HIPR.TA,[1619.43091251],1
2025-01-01,HIPR.TA,[1617.31054176],2
2025-01-02,HIPR.TA,[1598.40963473],3
2025-01-03,HIPR.TA,[1602.15655696],4
2025-01-04,HIPR.TA,[1605.4277609],5
2025-01-05,HIPR.TA,[1613.55649282],6
2025-01-06,HIPR.TA,[1599.47757482],7
2025-01-07,HIPR.TA,[1578.04805614],8
2025-01-08,HIPR.TA,[1563.29295572],9
2025-01-09,HIPR.TA,[1561.11423136],10
2025-01-10,HIPR.TA,[1558.17093958],11
2025-01-11,HIPR.TA,[1554.8605634],12
2025-01-12,HIPR.TA,[1560.8756527],13
2025-01-13,HIPR.TA,[1567.76663518],14
2025-01-14,HIPR.TA,[1570.70637784],15
2025-01-15,HIPR.TA,[1593.53917525],16
2025-01-16,HIPR.TA,[1614.51892244],17
2025-01-17,HIPR.TA,[1598.14488148],18
2025-01-18,HIPR.TA,[1614.85812623],19
2025-01-19,HIPR.TA,[1615.09840033],20
2025-01-20,HIPR.TA,[1618.58335472],21
2025-01-21,HIPR.TA,[1609.07246202],22
2025-01-22,HIPR.TA,[1586.52911296],23
2025-01-23,HIPR.TA,[1599.38810608],24
2025-01-24,HIPR.TA,[1602.70445678],25
2025-01-25,HIPR.TA,[1589.15625266],26
2025-01-26,HIPR.TA,[1589.32405206],27
2025-01-27,HIPR.TA,[1585.9508862],28
2025-01-28,HIPR.TA,[1591.3725617],29
2025-01-29,HIPR.TA,[1586.09023652],30
2024-12-31,HRON.TA,[226638.90963889],1
2025-01-01,HRON.TA,[218152.25483449],2
2025-01-02,HRON.TA,[222847.35263196],3
2025-01-03,HRON.TA,[225090.84645512],4
2025-01-04,HRON.TA,[221499.04451553],5
2025-01-05,HRON.TA,[226587.45284645],6
2025-01-06,HRON.TA,[240301.60869305],7
2025-01-07,HRON.TA,[233468.54391637],8
2025-01-08,HRON.TA,[248406.17050302],9
2025-01-09,HRON.TA,[238056.77112997],10
2025-01-10,HRON.TA,[229416.41385031],11
2025-01-11,HRON.TA,[213042.67706667],12
2025-01-12,HRON.TA,[194766.30358588],13
2025-01-13,HRON.TA,[199685.9901004],14
2025-01-14,HRON.TA,[194510.17194652],15
2025-01-15,HRON.TA,[202964.4090953],16
2025-01-16,HRON.TA,[187964.20004931],17
2025-01-17,HRON.TA,[176273.79732069],18
2025-01-18,HRON.TA,[175610.04079431],19
2025-01-19,HRON.TA,[173912.26672201],20
2025-01-20,HRON.TA,[161289.0934671],21
2025-01-21,HRON.TA,[158765.84892097],22
2025-01-22,HRON.TA,[155077.98776075],23
2025-01-23,HRON.TA,[161319.23254338],24
2025-01-24,HRON.TA,[153358.40441351],25
2025-01-25,HRON.TA,[150112.31761174],26
2025-01-26,HRON.TA,[152473.66157991],27
2025-01-27,HRON.TA,[161100.8601831],28
2025-01-28,HRON.TA,[156003.80352093],29
2025-01-29,HRON.TA,[150985.78949649],30
2023-10-20,HIVE.TA,[1.27186666],1
2023-10-21,HIVE.TA,[1.36766755],2
2023-10-22,HIVE.TA,[1.41954699],3
2023-10-23,HIVE.TA,[1.34548809],4
2023-10-24,HIVE.TA,[1.22765814],5
2023-10-25,HIVE.TA,[1.11809614],6
2023-10-26,HIVE.TA,[1.06096926],7
2023-10-27,HIVE.TA,[1.03665481],8
2023-10-28,HIVE.TA,[1.01699744],9
2023-10-29,HIVE.TA,[1.00784808],10
2023-10-30,HIVE.TA,[0.99005582],11
2023-10-31,HIVE.TA,[1.10322567],12
2023-11-01,HIVE.TA,[1.17048211],13
2023-11-02,HIVE.TA,[1.21023826],14
2023-11-03,HIVE.TA,[1.16215479],15
2023-11-04,HIVE.TA,[1.11492135],16
2023-11-05,HIVE.TA,[1.16276769],17
2023-11-06,HIVE.TA,[1.28087281],18
2023-11-07,HIVE.TA,[1.28628497],19
2023-11-08,HIVE.TA,[1.25959456],20
2023-11-09,HIVE.TA,[1.28199857],21
2023-11-10,HIVE.TA,[1.27898452],22
2023-11-11,HIVE.TA,[1.46669523],23
2023-11-12,HIVE.TA,[1.55847921],24
2023-11-13,HIVE.TA,[1.65556224],25
2023-11-14,HIVE.TA,[1.65174884],26
2023-11-15,HIVE.TA,[1.77156776],27
2023-11-16,HIVE.TA,[1.79291256],28
2023-11-17,HIVE.TA,[1.75571989],29
2023-11-18,HIVE.TA,[1.79986126],30
2024-12-31,HOD.TA,[4961.37222854],1
2025-01-01,HOD.TA,[5111.65497803],2
2025-01-02,HOD.TA,[5086.15207175],3
2025-01-03,HOD.TA,[4908.09868294],4
2025-01-04,HOD.TA,[4964.63604969],5
2025-01-05,HOD.TA,[5040.57942127],6
2025-01-06,HOD.TA,[4796.32900299],7
2025-01-07,HOD.TA,[4662.50526741],8
2025-01-08,HOD.TA,[4704.74062641],9
2025-01-09,HOD.TA,[4598.25797275],10
2025-01-10,HOD.TA,[4498.55341421],11
2025-01-11,HOD.TA,[4273.59127846],12
2025-01-12,HOD.TA,[4120.78813803],13
2025-01-13,HOD.TA,[4181.30369186],14
2025-01-14,HOD.TA,[4009.8807426],15
2025-01-15,HOD.TA,[3913.68364946],16
2025-01-16,HOD.TA,[3823.88986561],17
2025-01-17,HOD.TA,[3765.29538542],18
2025-01-18,HOD.TA,[3780.77601273],19
2025-01-19,HOD.TA,[3760.58560701],20
2025-01-20,HOD.TA,[3597.03303062],21
2025-01-21,HOD.TA,[3551.22787316],22
2025-01-22,HOD.TA,[3541.47749163],23
2025-01-23,HOD.TA,[3539.6796505],24
2025-01-24,HOD.TA,[3488.57434405],25
2025-01-25,HOD.TA,[3459.32402282],26
2025-01-26,HOD.TA,[3546.83763691],27
2025-01-27,HOD.TA,[3526.45195055],28
2025-01-28,HOD.TA,[3414.92052616],29
2025-01-29,HOD.TA,[3580.29454359],30
2024-12-31,HLMS.TA,[526.07934942],1
2025-01-01,HLMS.TA,[526.1063827],2
2025-01-02,HLMS.TA,[540.42984826],3
2025-01-03,HLMS.TA,[537.6947689],4
2025-01-04,HLMS.TA,[540.80548878],5
2025-01-05,HLMS.TA,[545.8927259],6
2025-01-06,HLMS.TA,[545.62567479],7
2025-01-07,HLMS.TA,[561.04982805],8
2025-01-08,HLMS.TA,[558.38774091],9
2025-01-09,HLMS.TA,[578.27065945],10
2025-01-10,HLMS.TA,[563.45443917],11
2025-01-11,HLMS.TA,[559.21212863],12
2025-01-12,HLMS.TA,[560.29539241],13
2025-01-13,HLMS.TA,[566.36284206],14
2025-01-14,HLMS.TA,[576.53822338],15
2025-01-15,HLMS.TA,[575.95096765],16
2025-01-16,HLMS.TA,[582.29381465],17
2025-01-17,HLMS.TA,[611.91836897],18
2025-01-18,HLMS.TA,[619.70752364],19
2025-01-19,HLMS.TA,[627.14593508],20
2025-01-20,HLMS.TA,[635.6478646],21
2025-01-21,HLMS.TA,[626.05485583],22
2025-01-22,HLMS.TA,[640.52773067],23
2025-01-23,HLMS.TA,[654.39542335],24
2025-01-24,HLMS.TA,[632.91983264],25
2025-01-25,HLMS.TA,[628.21869069],26
2025-01-26,HLMS.TA,[619.70260738],27
2025-01-27,HLMS.TA,[627.98004605],28
2025-01-28,HLMS.TA,[630.52489423],29
2025-01-29,HLMS.TA,[649.62481069],30
2024-12-31,HMGS.TA,[346.73777059],1
2025-01-01,HMGS.TA,[399.43470759],2
2025-01-02,HMGS.TA,[290.55187899],3
2025-01-03,HMGS.TA,[265.81465854],4
2025-01-04,HMGS.TA,[276.41928147],5
2025-01-05,HMGS.TA,[273.24304193],6
2025-01-06,HMGS.TA,[196.41156074],7
2025-01-07,HMGS.TA,[195.08150394],8
2025-01-08,HMGS.TA,[180.25126455],9
2025-01-09,HMGS.TA,[90.40063053],10
2025-01-10,HMGS.TA,[92.03096355],11
2025-01-11,HMGS.TA,[98.127252],12
2025-01-12,HMGS.TA,[130.80746823],13
2025-01-13,HMGS.TA,[129.40334541],14
2025-01-14,HMGS.TA,[151.85311059],15
2025-01-15,HMGS.TA,[62.23100923],16
2025-01-16,HMGS.TA,[71.57448131],17
2025-01-17,HMGS.TA,[46.24797523],18
2025-01-18,HMGS.TA,[55.42914604],19
2025-01-19,HMGS.TA,[39.17602444],20
2025-01-20,HMGS.TA,[53.15696034],21
2025-01-21,HMGS.TA,[59.3644044],22
2025-01-22,HMGS.TA,[67.04828342],23
2025-01-23,HMGS.TA,[91.25443461],24
2025-01-24,HMGS.TA,[65.31288161],25
2025-01-25,HMGS.TA,[76.6317021],26
2025-01-26,HMGS.TA,[97.40919858],27
2025-01-27,HMGS.TA,[99.85776733],28
2025-01-28,HMGS.TA,[58.71108207],29
2025-01-29,HMGS.TA,[70.06387511],30
2024-12-31,HUMX.TA,[51.68051655],1
2025-01-01,HUMX.TA,[58.43348893],2
2025-01-02,HUMX.TA,[59.84470362],3
2025-01-03,HUMX.TA,[63.46557749],4
2025-01-04,HUMX.TA,[70.60139095],5
2025-01-05,HUMX.TA,[72.9582892],6
2025-01-06,HUMX.TA,[81.14218171],7
2025-01-07,HUMX.TA,[103.31882369],8
2025-01-08,HUMX.TA,[104.00278899],9
2025-01-09,HUMX.TA,[60.83969298],10
2025-01-10,HUMX.TA,[59.28160157],11
2025-01-11,HUMX.TA,[62.04517366],12
2025-01-12,HUMX.TA,[56.02172035],13
2025-01-13,HUMX.TA,[61.81420882],14
2025-01-14,HUMX.TA,[57.79161499],15
2025-01-15,HUMX.TA,[46.49765359],16
2025-01-16,HUMX.TA,[38.35349041],17
2025-01-17,HUMX.TA,[45.53803071],18
2025-01-18,HUMX.TA,[43.74941042],19
2025-01-19,HUMX.TA,[43.85906819],20
2025-01-20,HUMX.TA,[46.74667952],21
2025-01-21,HUMX.TA,[54.73664907],22
2025-01-22,HUMX.TA,[57.89022242],23
2025-01-23,HUMX.TA,[71.48728458],24
2025-01-24,HUMX.TA,[57.00892331],25
2025-01-25,HUMX.TA,[50.3568579],26
2025-01-26,HUMX.TA,[45.17882169],27
2025-01-27,HUMX.TA,[49.28184228],28
2025-01-28,HUMX.TA,[62.32570337],29
2025-01-29,HUMX.TA,[70.77864221],30
2024-12-31,IARG.TA,[82.54152285],1
2025-01-01,IARG.TA,[76.06214456],2
2025-01-02,IARG.TA,[80.80111206],3
2025-01-03,IARG.TA,[83.20375503],4
2025-01-04,IARG.TA,[86.10150345],5
2025-01-05,IARG.TA,[94.71029518],6
2025-01-06,IARG.TA,[92.38148723],7
2025-01-07,IARG.TA,[95.68592561],8
2025-01-08,IARG.TA,[96.74985686],9
2025-01-09,IARG.TA,[96.44961029],10
2025-01-10,IARG.TA,[102.36749033],11
2025-01-11,IARG.TA,[88.45855711],12
2025-01-12,IARG.TA,[82.62271346],13
2025-01-13,IARG.TA,[85.05707863],14
2025-01-14,IARG.TA,[84.38260946],15
2025-01-15,IARG.TA,[79.20082001],16
2025-01-16,IARG.TA,[82.00154266],17
2025-01-17,IARG.TA,[90.53659729],18
2025-01-18,IARG.TA,[85.58249636],19
2025-01-19,IARG.TA,[88.63581854],20
2025-01-20,IARG.TA,[88.49954242],21
2025-01-21,IARG.TA,[91.98444997],22
2025-01-22,IARG.TA,[98.27190861],23
2025-01-23,IARG.TA,[94.6783063],24
2025-01-24,IARG.TA,[93.97072006],25
2025-01-25,IARG.TA,[89.70903919],26
2025-01-26,IARG.TA,[90.08933056],27
2025-01-27,IARG.TA,[93.67318305],28
2025-01-28,IARG.TA,[89.23745537],29
2025-01-29,IARG.TA,[92.30925267],30
2024-12-31,ICL.TA,[1686.62025242],1
2025-01-01,ICL.TA,[1721.61231089],2
2025-01-02,ICL.TA,[1678.52258421],3
2025-01-03,ICL.TA,[1645.0058513],4
2025-01-04,ICL.TA,[1633.71840876],5
2025-01-05,ICL.TA,[1688.69139269],6
2025-01-06,ICL.TA,[1653.52333308],7
2025-01-07,ICL.TA,[1618.30806794],8
2025-01-08,ICL.TA,[1658.07059473],9
2025-01-09,ICL.TA,[1636.90052329],10
2025-01-10,ICL.TA,[1628.60010829],11
2025-01-11,ICL.TA,[1642.78700258],12
2025-01-12,ICL.TA,[1711.94473718],13
2025-01-13,ICL.TA,[1769.62857415],14
2025-01-14,ICL.TA,[1748.26663958],15
2025-01-15,ICL.TA,[1716.18642882],16
2025-01-16,ICL.TA,[1685.296149],17
2025-01-17,ICL.TA,[1701.5382506],18
2025-01-18,ICL.TA,[1707.11877024],19
2025-01-19,ICL.TA,[1806.18710625],20
2025-01-20,ICL.TA,[1751.29051144],21
2025-01-21,ICL.TA,[1864.48670581],22
2025-01-22,ICL.TA,[1772.37178948],23
2025-01-23,ICL.TA,[1795.54334203],24
2025-01-24,ICL.TA,[1750.88803549],25
2025-01-25,ICL.TA,[1765.20390762],26
2025-01-26,ICL.TA,[1786.94789373],27
2025-01-27,ICL.TA,[1870.84115791],28
2025-01-28,ICL.TA,[1901.29283632],29
2025-01-29,ICL.TA,[1843.79637038],30
2024-12-31,ICON.TA,[436.94233695],1
2025-01-01,ICON.TA,[430.14517755],2
2025-01-02,ICON.TA,[434.92680687],3
2025-01-03,ICON.TA,[426.12168475],4
2025-01-04,ICON.TA,[427.22256347],5
2025-01-05,ICON.TA,[430.93570798],6
2025-01-06,ICON.TA,[430.75463609],7
2025-01-07,ICON.TA,[429.6308226],8
2025-01-08,ICON.TA,[428.22536239],9
2025-01-09,ICON.TA,[433.11120638],10
2025-01-10,ICON.TA,[446.43512446],11
2025-01-11,ICON.TA,[441.94004185],12
2025-01-12,ICON.TA,[442.55651924],13
2025-01-13,ICON.TA,[442.51001027],14
2025-01-14,ICON.TA,[444.21899234],15
2025-01-15,ICON.TA,[437.77985859],16
2025-01-16,ICON.TA,[434.14523632],17
2025-01-17,ICON.TA,[436.02634685],18
2025-01-18,ICON.TA,[443.552368],19
2025-01-19,ICON.TA,[440.531582],20
2025-01-20,ICON.TA,[428.00283254],21
2025-01-21,ICON.TA,[431.19165021],22
2025-01-22,ICON.TA,[437.93502273],23
2025-01-23,ICON.TA,[427.88574259],24
2025-01-24,ICON.TA,[433.04649521],25
2025-01-25,ICON.TA,[437.62162481],26
2025-01-26,ICON.TA,[440.9477999],27
2025-01-27,ICON.TA,[446.87596561],28
2025-01-28,ICON.TA,[454.57529284],29
2025-01-29,ICON.TA,[470.39946809],30
2024-12-31,IDNT.TA,[223.2544192],1
2025-01-01,IDNT.TA,[206.10303094],2
2025-01-02,IDNT.TA,[173.2319077],3
2025-01-03,IDNT.TA,[146.62430856],4
2025-01-04,IDNT.TA,[137.82891599],5
2025-01-05,IDNT.TA,[134.81329455],6
2025-01-06,IDNT.TA,[136.27456434],7
2025-01-07,IDNT.TA,[158.72831106],8
2025-01-08,IDNT.TA,[157.35418392],9
2025-01-09,IDNT.TA,[118.6563828],10
2025-01-10,IDNT.TA,[131.76453893],11
2025-01-11,IDNT.TA,[129.16407802],12
2025-01-12,IDNT.TA,[151.0972496],13
2025-01-13,IDNT.TA,[151.5856134],14
2025-01-14,IDNT.TA,[123.91654889],15
2025-01-15,IDNT.TA,[125.26404638],16
2025-01-16,IDNT.TA,[132.83751903],17
2025-01-17,IDNT.TA,[117.12304145],18
2025-01-18,IDNT.TA,[133.20729601],19
2025-01-19,IDNT.TA,[143.8738042],20
2025-01-20,IDNT.TA,[107.08064852],21
2025-01-21,IDNT.TA,[41.16961258],22
2025-01-22,IDNT.TA,[37.09716939],23
2025-01-23,IDNT.TA,[36.59892906],24
2025-01-24,IDNT.TA,[36.57657358],25
2025-01-25,IDNT.TA,[41.61400229],26
2025-01-26,IDNT.TA,[39.48941324],27
2025-01-27,IDNT.TA,[30.10743314],28
2025-01-28,IDNT.TA,[22.05753389],29
2025-01-29,IDNT.TA,[20.91730896],30
2024-12-31,IDIN.TA,[12747.07329958],1
2025-01-01,IDIN.TA,[12753.59472245],2
2025-01-02,IDIN.TA,[12949.89848737],3
2025-01-03,IDIN.TA,[12793.16424985],4
2025-01-04,IDIN.TA,[13088.0931286],5
2025-01-05,IDIN.TA,[12965.10665818],6
2025-01-06,IDIN.TA,[13034.37895532],7
2025-01-07,IDIN.TA,[13139.0232771],8
2025-01-08,IDIN.TA,[13169.99164997],9
2025-01-09,IDIN.TA,[13245.58268595],10
2025-01-10,IDIN.TA,[13321.79517127],11
2025-01-11,IDIN.TA,[13806.12327113],12
2025-01-12,IDIN.TA,[14023.94219585],13
2025-01-13,IDIN.TA,[13692.39357804],14
2025-01-14,IDIN.TA,[13719.01279215],15
2025-01-15,IDIN.TA,[13791.04462824],16
2025-01-16,IDIN.TA,[14096.82559766],17
2025-01-17,IDIN.TA,[13920.00771723],18
2025-01-18,IDIN.TA,[13836.85749508],19
2025-01-19,IDIN.TA,[13841.04166997],20
2025-01-20,IDIN.TA,[13517.29095498],21
2025-01-21,IDIN.TA,[13328.01792996],22
2025-01-22,IDIN.TA,[13301.3197956],23
2025-01-23,IDIN.TA,[13048.16478627],24
2025-01-24,IDIN.TA,[13295.78160973],25
2025-01-25,IDIN.TA,[13416.53014837],26
2025-01-26,IDIN.TA,[12853.7695059],27
2025-01-27,IDIN.TA,[13092.69679866],28
2025-01-28,IDIN.TA,[12830.82551744],29
2025-01-29,IDIN.TA,[12734.15156566],30
2024-12-31,IDMO.TA,[437.08711205],1
2025-01-01,IDMO.TA,[453.74302154],2
2025-01-02,IDMO.TA,[482.73418211],3
2025-01-03,IDMO.TA,[458.89872466],4
2025-01-04,IDMO.TA,[478.54317838],5
2025-01-05,IDMO.TA,[463.74949106],6
2025-01-06,IDMO.TA,[413.77577566],7
2025-01-07,IDMO.TA,[393.83427767],8
2025-01-08,IDMO.TA,[368.34681815],9
2025-01-09,IDMO.TA,[344.66255167],10
2025-01-10,IDMO.TA,[330.43546803],11
2025-01-11,IDMO.TA,[336.9303767],12
2025-01-12,IDMO.TA,[281.38938851],13
2025-01-13,IDMO.TA,[299.05120621],14
2025-01-14,IDMO.TA,[293.13684376],15
2025-01-15,IDMO.TA,[271.26750248],16
2025-01-16,IDMO.TA,[294.36492013],17
2025-01-17,IDMO.TA,[319.530798],18
2025-01-18,IDMO.TA,[328.98063605],19
2025-01-19,IDMO.TA,[264.03296932],20
2025-01-20,IDMO.TA,[269.68821554],21
2025-01-21,IDMO.TA,[258.29113162],22
2025-01-22,IDMO.TA,[218.49740992],23
2025-01-23,IDMO.TA,[217.66524335],24
2025-01-24,IDMO.TA,[236.35039022],25
2025-01-25,IDMO.TA,[212.06693836],26
2025-01-26,IDMO.TA,[188.14894602],27
2025-01-27,IDMO.TA,[201.37192077],28
2025-01-28,IDMO.TA,[189.63685694],29
2025-01-29,IDMO.TA,[216.4092524],30
2024-12-31,IES.TA,[24464.48806826],1
2025-01-01,IES.TA,[24781.86533078],2
2025-01-02,IES.TA,[25118.6823065],3
2025-01-03,IES.TA,[24793.94674527],4
2025-01-04,IES.TA,[24105.42822298],5
2025-01-05,IES.TA,[24307.65327166],6
2025-01-06,IES.TA,[24300.91702591],7
2025-01-07,IES.TA,[24267.46599021],8
2025-01-08,IES.TA,[24048.73460768],9
2025-01-09,IES.TA,[24026.78388503],10
2025-01-10,IES.TA,[23448.87821331],11
2025-01-11,IES.TA,[23483.67428215],12
2025-01-12,IES.TA,[23750.54683803],13
2025-01-13,IES.TA,[23612.45325341],14
2025-01-14,IES.TA,[23479.21920703],15
2025-01-15,IES.TA,[23358.51954991],16
2025-01-16,IES.TA,[22637.05135721],17
2025-01-17,IES.TA,[22758.10013096],18
2025-01-18,IES.TA,[22191.78086498],19
2025-01-19,IES.TA,[22626.57113414],20
2025-01-20,IES.TA,[22512.25177327],21
2025-01-21,IES.TA,[22103.21120812],22
2025-01-22,IES.TA,[21912.05571231],23
2025-01-23,IES.TA,[21794.34108543],24
2025-01-24,IES.TA,[21679.08659164],25
2025-01-25,IES.TA,[22112.7345651],26
2025-01-26,IES.TA,[22407.11138707],27
2025-01-27,IES.TA,[22305.24627972],28
2025-01-28,IES.TA,[23122.82451091],29
2025-01-29,IES.TA,[22351.67437329],30
2024-12-31,ILDR.TA,[723.72635324],1
2025-01-01,ILDR.TA,[722.38123008],2
2025-01-02,ILDR.TA,[754.16290319],3
2025-01-03,ILDR.TA,[764.15704311],4
2025-01-04,ILDR.TA,[767.90469855],5
2025-01-05,ILDR.TA,[767.81109551],6
2025-01-06,ILDR.TA,[756.46078537],7
2025-01-07,ILDR.TA,[727.75099548],8
2025-01-08,ILDR.TA,[714.84342613],9
2025-01-09,ILDR.TA,[708.4648042],10
2025-01-10,ILDR.TA,[709.31593495],11
2025-01-11,ILDR.TA,[699.77635812],12
2025-01-12,ILDR.TA,[727.00774712],13
2025-01-13,ILDR.TA,[747.18501866],14
2025-01-14,ILDR.TA,[734.40938599],15
2025-01-15,ILDR.TA,[710.26193024],16
2025-01-16,ILDR.TA,[724.8271764],17
2025-01-17,ILDR.TA,[710.33687902],18
2025-01-18,ILDR.TA,[730.83870947],19
2025-01-19,ILDR.TA,[723.38957064],20
2025-01-20,ILDR.TA,[730.21527198],21
2025-01-21,ILDR.TA,[713.22100197],22
2025-01-22,ILDR.TA,[736.30433197],23
2025-01-23,ILDR.TA,[745.36071001],24
2025-01-24,ILDR.TA,[750.50502294],25
2025-01-25,ILDR.TA,[737.26067428],26
2025-01-26,ILDR.TA,[733.94677218],27
2025-01-27,ILDR.TA,[764.89181386],28
2025-01-28,ILDR.TA,[771.49846276],29
2025-01-29,ILDR.TA,[769.78594604],30
2024-12-31,ILX.TA,[7435.82519107],1
2025-01-01,ILX.TA,[7254.46882876],2
2025-01-02,ILX.TA,[7346.58183908],3
2025-01-03,ILX.TA,[7438.43642276],4
2025-01-04,ILX.TA,[7564.3742399],5
2025-01-05,ILX.TA,[7426.32245358],6
2025-01-06,ILX.TA,[7382.78216071],7
2025-01-07,ILX.TA,[7191.5996476],8
2025-01-08,ILX.TA,[7154.02643279],9
2025-01-09,ILX.TA,[7434.03245388],10
2025-01-10,ILX.TA,[7288.28552008],11
2025-01-11,ILX.TA,[7388.75135769],12
2025-01-12,ILX.TA,[7476.07480822],13
2025-01-13,ILX.TA,[7599.32879359],14
2025-01-14,ILX.TA,[7542.35366081],15
2025-01-15,ILX.TA,[7407.67355634],16
2025-01-16,ILX.TA,[7432.56019142],17
2025-01-17,ILX.TA,[7123.00535409],18
2025-01-18,ILX.TA,[6901.42052365],19
2025-01-19,ILX.TA,[6799.79160518],20
2025-01-20,ILX.TA,[7013.10914032],21
2025-01-21,ILX.TA,[6983.08582386],22
2025-01-22,ILX.TA,[7252.73347464],23
2025-01-23,ILX.TA,[7015.72532095],24
2025-01-24,ILX.TA,[7025.72188549],25
2025-01-25,ILX.TA,[7009.05971098],26
2025-01-26,ILX.TA,[6917.04074211],27
2025-01-27,ILX.TA,[6956.38674537],28
2025-01-28,ILX.TA,[6639.56539149],29
2025-01-29,ILX.TA,[6715.23800145],30
2024-12-31,ISI.TA,[1305.27949659],1
2025-01-01,ISI.TA,[1321.76039875],2
2025-01-02,ISI.TA,[1315.98777629],3
2025-01-03,ISI.TA,[1307.89782663],4
2025-01-04,ISI.TA,[1301.43999581],5
2025-01-05,ISI.TA,[1288.77900707],6
2025-01-06,ISI.TA,[1299.23933439],7
2025-01-07,ISI.TA,[1303.91993637],8
2025-01-08,ISI.TA,[1303.44321117],9
2025-01-09,ISI.TA,[1287.34830689],10
2025-01-10,ISI.TA,[1286.02589859],11
2025-01-11,ISI.TA,[1290.14532178],12
2025-01-12,ISI.TA,[1283.51435399],13
2025-01-13,ISI.TA,[1268.02028471],14
2025-01-14,ISI.TA,[1268.63524024],15
2025-01-15,ISI.TA,[1284.4553099],16
2025-01-16,ISI.TA,[1298.22200414],17
2025-01-17,ISI.TA,[1269.48097548],18
2025-01-18,ISI.TA,[1274.94607153],19
2025-01-19,ISI.TA,[1273.2082663],20
2025-01-20,ISI.TA,[1283.05325191],21
2025-01-21,ISI.TA,[1328.04163813],22
2025-01-22,ISI.TA,[1325.14321485],23
2025-01-23,ISI.TA,[1313.31112124],24
2025-01-24,ISI.TA,[1294.13328647],25
2025-01-25,ISI.TA,[1297.23934389],26
2025-01-26,ISI.TA,[1284.47709446],27
2025-01-27,ISI.TA,[1281.72789994],28
2025-01-28,ISI.TA,[1263.97878989],29
2025-01-29,ISI.TA,[1275.5012801],30
2024-12-31,IMCO.TA,[3217.01636138],1
2025-01-01,IMCO.TA,[3098.85306332],2
2025-01-02,IMCO.TA,[2982.81361975],3
2025-01-03,IMCO.TA,[2982.09063842],4
2025-01-04,IMCO.TA,[2985.38931676],5
2025-01-05,IMCO.TA,[2978.9452851],6
2025-01-06,IMCO.TA,[2987.01045854],7
2025-01-07,IMCO.TA,[2992.22240577],8
2025-01-08,IMCO.TA,[2986.32472932],9
2025-01-09,IMCO.TA,[2873.8568014],10
2025-01-10,IMCO.TA,[2851.39516681],11
2025-01-11,IMCO.TA,[2876.85930017],12
2025-01-12,IMCO.TA,[2939.51503734],13
2025-01-13,IMCO.TA,[3013.15205463],14
2025-01-14,IMCO.TA,[3018.81792049],15
2025-01-15,IMCO.TA,[3021.3525702],16
2025-01-16,IMCO.TA,[3043.67995389],17
2025-01-17,IMCO.TA,[3121.69363337],18
2025-01-18,IMCO.TA,[3136.45978647],19
2025-01-19,IMCO.TA,[3097.32468307],20
2025-01-20,IMCO.TA,[3174.14578245],21
2025-01-21,IMCO.TA,[3172.87733726],22
2025-01-22,IMCO.TA,[3176.68853473],23
2025-01-23,IMCO.TA,[3134.89229645],24
2025-01-24,IMCO.TA,[3176.99327504],25
2025-01-25,IMCO.TA,[3141.9680245],26
2025-01-26,IMCO.TA,[3100.56495574],27
2025-01-27,IMCO.TA,[3041.50084342],28
2025-01-28,IMCO.TA,[3053.20267684],29
2025-01-29,IMCO.TA,[3060.66466824],30
2024-12-31,IMED.TA,[-669.18692986],1
2025-01-01,IMED.TA,[-78.24733319],2
2025-01-02,IMED.TA,[-336.32055609],3
2025-01-03,IMED.TA,[788.72768453],4
2025-01-04,IMED.TA,[3504.63524767],5
2025-01-05,IMED.TA,[-5707.94953976],6
2025-01-06,IMED.TA,[-22518.5373126],7
2025-01-07,IMED.TA,[-101710.7342782],8
2025-01-08,IMED.TA,[-101020.8901327],9
2025-01-09,IMED.TA,[-404308.33195517],10
2025-01-10,IMED.TA,[1157790.5796495],11
2025-01-11,IMED.TA,[11547.74444476],12
2025-01-12,IMED.TA,[-15578.1462425],13
2025-01-13,IMED.TA,[-18948.20133558],14
2025-01-14,IMED.TA,[-14280.29128623],15
2025-01-15,IMED.TA,[23383.24435382],16
2025-01-16,IMED.TA,[29045.16262772],17
2025-01-17,IMED.TA,[99378.38203903],18
2025-01-18,IMED.TA,[225936.67953365],19
2025-01-19,IMED.TA,[123799.16231211],20
2025-01-20,IMED.TA,[474078.47330549],21
2025-01-21,IMED.TA,[191177.31641349],22
2025-01-22,IMED.TA,[851983.96720693],23
2025-01-23,IMED.TA,[1516130.09460719],24
2025-01-24,IMED.TA,[5938438.84389586],25
2025-01-25,IMED.TA,[1413422.30589577],26
2025-01-26,IMED.TA,[-3718293.46621161],27
2025-01-27,IMED.TA,[-5396619.15623478],28
2025-01-28,IMED.TA,[-14220310.84651424],29
2025-01-29,IMED.TA,[19550917.49078392],30
2024-12-31,INRM.TA,[1693.94311582],1
2025-01-01,INRM.TA,[1730.97749629],2
2025-01-02,INRM.TA,[1722.20965063],3
2025-01-03,INRM.TA,[1767.7519814],4
2025-01-04,INRM.TA,[1769.27517577],5
2025-01-05,INRM.TA,[1800.23805735],6
2025-01-06,INRM.TA,[1797.94388735],7
2025-01-07,INRM.TA,[1821.4198465],8
2025-01-08,INRM.TA,[1854.03984968],9
2025-01-09,INRM.TA,[1861.26330113],10
2025-01-10,INRM.TA,[1793.07257678],11
2025-01-11,INRM.TA,[1823.37810478],12
2025-01-12,INRM.TA,[1802.80219738],13
2025-01-13,INRM.TA,[1771.13502368],14
2025-01-14,INRM.TA,[1755.41319393],15
2025-01-15,INRM.TA,[1743.54191722],16
2025-01-16,INRM.TA,[1700.1547994],17
2025-01-17,INRM.TA,[1660.9954929],18
2025-01-18,INRM.TA,[1680.93700012],19
2025-01-19,INRM.TA,[1711.53290044],20
2025-01-20,INRM.TA,[1699.20895059],21
2025-01-21,INRM.TA,[1743.47512365],22
2025-01-22,INRM.TA,[1753.33070752],23
2025-01-23,INRM.TA,[1698.48422929],24
2025-01-24,INRM.TA,[1699.28454641],25
2025-01-25,INRM.TA,[1702.94594396],26
2025-01-26,INRM.TA,[1726.481614],27
2025-01-27,INRM.TA,[1738.62644543],28
2025-01-28,INRM.TA,[1725.90467334],29
2025-01-29,INRM.TA,[1675.68834341],30
2024-12-31,ININ.TA,[229.91696706],1
2025-01-01,ININ.TA,[280.64573674],2
2025-01-02,ININ.TA,[237.2203901],3
2025-01-03,ININ.TA,[225.72036874],4
2025-01-04,ININ.TA,[204.80038908],5
2025-01-05,ININ.TA,[199.17946524],6
2025-01-06,ININ.TA,[209.85901472],7
2025-01-07,ININ.TA,[197.1831893],8
2025-01-08,ININ.TA,[225.30466875],9
2025-01-09,ININ.TA,[248.36138512],10
2025-01-10,ININ.TA,[254.88699321],11
2025-01-11,ININ.TA,[295.63520052],12
2025-01-12,ININ.TA,[275.3056356],13
2025-01-13,ININ.TA,[293.94066989],14
2025-01-14,ININ.TA,[280.39505352],15
2025-01-15,ININ.TA,[330.24383198],16
2025-01-16,ININ.TA,[382.71050265],17
2025-01-17,ININ.TA,[385.65116059],18
2025-01-18,ININ.TA,[402.63143427],19
2025-01-19,ININ.TA,[352.75104284],20
2025-01-20,ININ.TA,[442.34599125],21
2025-01-21,ININ.TA,[499.47333827],22
2025-01-22,ININ.TA,[523.62319443],23
2025-01-23,ININ.TA,[545.64646468],24
2025-01-24,ININ.TA,[582.67523894],25
2025-01-25,ININ.TA,[494.10156369],26
2025-01-26,ININ.TA,[513.08392777],27
2025-01-27,ININ.TA,[545.88379815],28
2025-01-28,ININ.TA,[519.63260658],29
2025-01-29,ININ.TA,[560.04131225],30
2024-12-31,INCR.TA,[621.80160915],1
2025-01-01,INCR.TA,[606.39618345],2
2025-01-02,INCR.TA,[612.47560988],3
2025-01-03,INCR.TA,[620.12119607],4
2025-01-04,INCR.TA,[604.84326094],5
2025-01-05,INCR.TA,[620.17989497],6
2025-01-06,INCR.TA,[596.34218356],7
2025-01-07,INCR.TA,[581.80535413],8
2025-01-08,INCR.TA,[566.38700207],9
2025-01-09,INCR.TA,[562.10075339],10
2025-01-10,INCR.TA,[539.55605166],11
2025-01-11,INCR.TA,[515.99642866],12
2025-01-12,INCR.TA,[540.34853706],13
2025-01-13,INCR.TA,[550.72216948],14
2025-01-14,INCR.TA,[552.95548628],15
2025-01-15,INCR.TA,[569.76784063],16
2025-01-16,INCR.TA,[585.57920005],17
2025-01-17,INCR.TA,[581.30507259],18
2025-01-18,INCR.TA,[577.09054581],19
2025-01-19,INCR.TA,[563.68357161],20
2025-01-20,INCR.TA,[554.1158475],21
2025-01-21,INCR.TA,[562.03704084],22
2025-01-22,INCR.TA,[582.71172823],23
2025-01-23,INCR.TA,[565.21468182],24
2025-01-24,INCR.TA,[562.33116702],25
2025-01-25,INCR.TA,[526.29004165],26
2025-01-26,INCR.TA,[524.94351172],27
2025-01-27,INCR.TA,[543.40729552],28
2025-01-28,INCR.TA,[551.70981948],29
2025-01-29,INCR.TA,[556.30716674],30
2024-12-31,INTR.TA,[17617.24448796],1
2025-01-01,INTR.TA,[5508.914781],2
2025-01-02,INTR.TA,[-3148.22958144],3
2025-01-03,INTR.TA,[-6443.82584166],4
2025-01-04,INTR.TA,[-10261.40595527],5
2025-01-05,INTR.TA,[-10798.50645491],6
2025-01-06,INTR.TA,[-17408.87957858],7
2025-01-07,INTR.TA,[-26033.85613889],8
2025-01-08,INTR.TA,[-24495.55274175],9
2025-01-09,INTR.TA,[-83989.9034911],10
2025-01-10,INTR.TA,[-108883.70152383],11
2025-01-11,INTR.TA,[-102489.30427294],12
2025-01-12,INTR.TA,[-154507.88511337],13
2025-01-13,INTR.TA,[-158314.43333197],14
2025-01-14,INTR.TA,[-273811.75205184],15
2025-01-15,INTR.TA,[-335073.00445893],16
2025-01-16,INTR.TA,[-223048.73067963],17
2025-01-17,INTR.TA,[-303199.68070438],18
2025-01-18,INTR.TA,[-255806.32594681],19
2025-01-19,INTR.TA,[111326.6096585],20
2025-01-20,INTR.TA,[-6741.76175429],21
2025-01-21,INTR.TA,[-13665.53740652],22
2025-01-22,INTR.TA,[-10288.54077293],23
2025-01-23,INTR.TA,[-10655.85787413],24
2025-01-24,INTR.TA,[-11610.38462728],25
2025-01-25,INTR.TA,[-4483.47940968],26
2025-01-26,INTR.TA,[-1809.12611197],27
2025-01-27,INTR.TA,[-2485.36150685],28
2025-01-28,INTR.TA,[2259.71231234],29
2025-01-29,INTR.TA,[3791.46570617],30
2024-12-31,IGLD.TA,[1537602.32552857],1
2025-01-01,IGLD.TA,[61698899.27158695],2
2025-01-02,IGLD.TA,[7.47670056e+09],3
2025-01-03,IGLD.TA,[-1.99731405e+11],4
2025-01-04,IGLD.TA,[1.28892626e+13],5
2025-01-05,IGLD.TA,[-2.22066326e+14],6
2025-01-06,IGLD.TA,[2.0287899e+16],7
2025-01-07,IGLD.TA,[7.12743564e+17],8
2025-01-08,IGLD.TA,[-1.22537607e+20],9
2025-01-09,IGLD.TA,[1.61400656e+22],10
2025-01-10,IGLD.TA,[7.88377892e+23],11
2025-01-11,IGLD.TA,[-1.65071778e+25],12
2025-01-12,IGLD.TA,[-5.11302811e+26],13
2025-01-13,IGLD.TA,[4.46119598e+28],14
2025-01-14,IGLD.TA,[-2.57664165e+30],15
2025-01-15,IGLD.TA,[-2.54629475e+32],16
2025-01-16,IGLD.TA,[3.13136162e+33],17
2025-01-17,IGLD.TA,[3.71327051e+35],18
2025-01-18,IGLD.TA,[2.29207903e+37],19
2025-01-19,IGLD.TA,[-1.98477763e+38],20
2025-01-20,IGLD.TA,[7.16231326e+39],21
2025-01-21,IGLD.TA,[-2.47414702e+40],22
2025-01-22,IGLD.TA,[-7.88459455e+40],23
2025-01-23,IGLD.TA,[1.7426588e+42],24
2025-01-24,IGLD.TA,[5.74180951e+43],25
2025-01-25,IGLD.TA,[-3.10394631e+45],26
2025-01-26,IGLD.TA,[1.47948419e+47],27
2025-01-27,IGLD.TA,[8.0311067e+48],28
2025-01-28,IGLD.TA,[-3.98538857e+50],29
2025-01-29,IGLD.TA,[-5.01408164e+51],30
2024-12-31,ISCN.TA,[1469.96136264],1
2025-01-01,ISCN.TA,[1440.51745155],2
2025-01-02,ISCN.TA,[1388.03746596],3
2025-01-03,ISCN.TA,[1506.31732592],4
2025-01-04,ISCN.TA,[1505.76451484],5
2025-01-05,ISCN.TA,[1593.26672904],6
2025-01-06,ISCN.TA,[1583.18214691],7
2025-01-07,ISCN.TA,[1565.78171764],8
2025-01-08,ISCN.TA,[1597.32968814],9
2025-01-09,ISCN.TA,[1580.00650118],10
2025-01-10,ISCN.TA,[1610.88988255],11
2025-01-11,ISCN.TA,[1550.904506],12
2025-01-12,ISCN.TA,[1584.00164632],13
2025-01-13,ISCN.TA,[1633.84611277],14
2025-01-14,ISCN.TA,[1690.16244079],15
2025-01-15,ISCN.TA,[1764.88656107],16
2025-01-16,ISCN.TA,[1711.96228465],17
2025-01-17,ISCN.TA,[1688.92026986],18
2025-01-18,ISCN.TA,[1625.30381633],19
2025-01-19,ISCN.TA,[1647.01036916],20
2025-01-20,ISCN.TA,[1584.96660655],21
2025-01-21,ISCN.TA,[1584.99573594],22
2025-01-22,ISCN.TA,[1562.09163226],23
2025-01-23,ISCN.TA,[1599.32782193],24
2025-01-24,ISCN.TA,[1527.06308005],25
2025-01-25,ISCN.TA,[1535.4512339],26
2025-01-26,ISCN.TA,[1552.99061608],27
2025-01-27,ISCN.TA,[1520.23647695],28
2025-01-28,ISCN.TA,[1536.73397819],29
2025-01-29,ISCN.TA,[1531.021684],30
2024-12-31,ILDC.TA,[3365.1075661],1
2025-01-01,ILDC.TA,[3398.35140551],2
2025-01-02,ILDC.TA,[3319.18270717],3
2025-01-03,ILDC.TA,[3309.38602408],4
2025-01-04,ILDC.TA,[3367.90846592],5
2025-01-05,ILDC.TA,[3255.3334733],6
2025-01-06,ILDC.TA,[3371.50832338],7
2025-01-07,ILDC.TA,[3419.54559617],8
2025-01-08,ILDC.TA,[3354.71481748],9
2025-01-09,ILDC.TA,[3400.52118269],10
2025-01-10,ILDC.TA,[3480.54306234],11
2025-01-11,ILDC.TA,[3520.61184627],12
2025-01-12,ILDC.TA,[3544.76325236],13
2025-01-13,ILDC.TA,[3534.28033338],14
2025-01-14,ILDC.TA,[3611.42373455],15
2025-01-15,ILDC.TA,[3719.81191824],16
2025-01-16,ILDC.TA,[3744.60100943],17
2025-01-17,ILDC.TA,[3739.86459755],18
2025-01-18,ILDC.TA,[3623.07548469],19
2025-01-19,ILDC.TA,[3539.5998012],20
2025-01-20,ILDC.TA,[3717.85030551],21
2025-01-21,ILDC.TA,[3585.85192488],22
2025-01-22,ILDC.TA,[3642.45345152],23
2025-01-23,ILDC.TA,[3761.94680537],24
2025-01-24,ILDC.TA,[3743.48190335],25
2025-01-25,ILDC.TA,[3722.00402881],26
2025-01-26,ILDC.TA,[3620.76493533],27
2025-01-27,ILDC.TA,[3626.08729063],28
2025-01-28,ILDC.TA,[3611.58547133],29
2025-01-29,ILDC.TA,[3740.59466896],30
2024-12-31,ISOP.TA,[75.89891063],1
2025-01-01,ISOP.TA,[75.37474935],2
2025-01-02,ISOP.TA,[72.31797723],3
2025-01-03,ISOP.TA,[68.83097143],4
2025-01-04,ISOP.TA,[69.95289141],5
2025-01-05,ISOP.TA,[73.45111782],6
2025-01-06,ISOP.TA,[73.50196627],7
2025-01-07,ISOP.TA,[74.41795298],8
2025-01-08,ISOP.TA,[73.60559064],9
2025-01-09,ISOP.TA,[72.19138499],10
2025-01-10,ISOP.TA,[73.227165],11
2025-01-11,ISOP.TA,[74.12724499],12
2025-01-12,ISOP.TA,[73.15937161],13
2025-01-13,ISOP.TA,[76.19483559],14
2025-01-14,ISOP.TA,[72.48690108],15
2025-01-15,ISOP.TA,[73.61886183],16
2025-01-16,ISOP.TA,[73.09127679],17
2025-01-17,ISOP.TA,[75.95668282],18
2025-01-18,ISOP.TA,[78.69112391],19
2025-01-19,ISOP.TA,[77.31069145],20
2025-01-20,ISOP.TA,[78.9971644],21
2025-01-21,ISOP.TA,[77.16870122],22
2025-01-22,ISOP.TA,[77.08209593],23
2025-01-23,ISOP.TA,[77.69002464],24
2025-01-24,ISOP.TA,[76.84519223],25
2025-01-25,ISOP.TA,[78.3759877],26
2025-01-26,ISOP.TA,[77.98472257],27
2025-01-27,ISOP.TA,[77.49979483],28
2025-01-28,ISOP.TA,[78.28745961],29
2025-01-29,ISOP.TA,[80.18208239],30
2024-12-31,ISHI.TA,[9556.59509158],1
2025-01-01,ISHI.TA,[9798.88087528],2
2025-01-02,ISHI.TA,[10127.75032874],3
2025-01-03,ISHI.TA,[10388.26932834],4
2025-01-04,ISHI.TA,[10814.36812045],5
2025-01-05,ISHI.TA,[10870.85176818],6
2025-01-06,ISHI.TA,[10757.9437143],7
2025-01-07,ISHI.TA,[10805.96048769],8
2025-01-08,ISHI.TA,[10795.13687361],9
2025-01-09,ISHI.TA,[10866.46377483],10
2025-01-10,ISHI.TA,[10864.4843902],11
2025-01-11,ISHI.TA,[10752.91786483],12
2025-01-12,ISHI.TA,[10637.95875491],13
2025-01-13,ISHI.TA,[9880.40933614],14
2025-01-14,ISHI.TA,[9900.6382415],15
2025-01-15,ISHI.TA,[10212.71183382],16
2025-01-16,ISHI.TA,[10522.20255636],17
2025-01-17,ISHI.TA,[10715.27915566],18
2025-01-18,ISHI.TA,[10527.49811751],19
2025-01-19,ISHI.TA,[10782.94087046],20
2025-01-20,ISHI.TA,[10706.71611594],21
2025-01-21,ISHI.TA,[10496.94667557],22
2025-01-22,ISHI.TA,[10792.08537728],23
2025-01-23,ISHI.TA,[11042.8643849],24
2025-01-24,ISHI.TA,[10958.0107993],25
2025-01-25,ISHI.TA,[10714.77251257],26
2025-01-26,ISHI.TA,[10480.94625342],27
2025-01-27,ISHI.TA,[10009.23350028],28
2025-01-28,ISHI.TA,[10457.78880314],29
2025-01-29,ISHI.TA,[10478.83515536],30
2024-12-31,ISRG.TA,[166.14070481],1
2025-01-01,ISRG.TA,[167.05225467],2
2025-01-02,ISRG.TA,[168.60037732],3
2025-01-03,ISRG.TA,[168.86850964],4
2025-01-04,ISRG.TA,[168.57277699],5
2025-01-05,ISRG.TA,[168.11495311],6
2025-01-06,ISRG.TA,[166.81358204],7
2025-01-07,ISRG.TA,[165.82380204],8
2025-01-08,ISRG.TA,[167.34610188],9
2025-01-09,ISRG.TA,[169.0421108],10
2025-01-10,ISRG.TA,[169.31525795],11
2025-01-11,ISRG.TA,[168.82233885],12
2025-01-12,ISRG.TA,[170.85090729],13
2025-01-13,ISRG.TA,[168.78014257],14
2025-01-14,ISRG.TA,[170.68315766],15
2025-01-15,ISRG.TA,[168.59540254],16
2025-01-16,ISRG.TA,[168.86578313],17
2025-01-17,ISRG.TA,[167.36708379],18
2025-01-18,ISRG.TA,[168.58287953],19
2025-01-19,ISRG.TA,[168.87758961],20
2025-01-20,ISRG.TA,[167.03960849],21
2025-01-21,ISRG.TA,[164.42461201],22
2025-01-22,ISRG.TA,[165.54677245],23
2025-01-23,ISRG.TA,[169.63348874],24
2025-01-24,ISRG.TA,[169.06250108],25
2025-01-25,ISRG.TA,[169.08215662],26
2025-01-26,ISRG.TA,[170.19314041],27
2025-01-27,ISRG.TA,[169.42376883],28
2025-01-28,ISRG.TA,[171.41743149],29
2025-01-29,ISRG.TA,[170.36920786],30
2024-12-31,ISRA.TA,[183.73245683],1
2025-01-01,ISRA.TA,[189.41723053],2
2025-01-02,ISRA.TA,[185.65904827],3
2025-01-03,ISRA.TA,[186.71378515],4
2025-01-04,ISRA.TA,[187.97193797],5
2025-01-05,ISRA.TA,[187.94910878],6
2025-01-06,ISRA.TA,[189.34672582],7
2025-01-07,ISRA.TA,[191.17474994],8
2025-01-08,ISRA.TA,[194.58609897],9
2025-01-09,ISRA.TA,[200.07713226],10
2025-01-10,ISRA.TA,[201.31698663],11
2025-01-11,ISRA.TA,[196.83360706],12
2025-01-12,ISRA.TA,[191.72745984],13
2025-01-13,ISRA.TA,[192.03020465],14
2025-01-14,ISRA.TA,[193.67018345],15
2025-01-15,ISRA.TA,[198.3380252],16
2025-01-16,ISRA.TA,[197.82510966],17
2025-01-17,ISRA.TA,[200.42031143],18
2025-01-18,ISRA.TA,[200.90705722],19
2025-01-19,ISRA.TA,[200.83831839],20
2025-01-20,ISRA.TA,[200.8756527],21
2025-01-21,ISRA.TA,[198.97584177],22
2025-01-22,ISRA.TA,[200.51238475],23
2025-01-23,ISRA.TA,[197.85072345],24
2025-01-24,ISRA.TA,[197.5410743],25
2025-01-25,ISRA.TA,[201.64939418],26
2025-01-26,ISRA.TA,[196.58560538],27
2025-01-27,ISRA.TA,[191.60328741],28
2025-01-28,ISRA.TA,[191.97167813],29
2025-01-29,ISRA.TA,[197.68847863],30
2024-12-31,ISRS.TA,[84091.00833678],1
2025-01-01,ISRS.TA,[85661.24166641],2
2025-01-02,ISRS.TA,[86350.92367828],3
2025-01-03,ISRS.TA,[86740.38621584],4
2025-01-04,ISRS.TA,[85302.75182134],5
2025-01-05,ISRS.TA,[83911.61369726],6
2025-01-06,ISRS.TA,[84697.43950448],7
2025-01-07,ISRS.TA,[86594.84985757],8
2025-01-08,ISRS.TA,[86939.69525618],9
2025-01-09,ISRS.TA,[86783.27128041],10
2025-01-10,ISRS.TA,[87750.24523493],11
2025-01-11,ISRS.TA,[87108.92793412],12
2025-01-12,ISRS.TA,[87811.09045091],13
2025-01-13,ISRS.TA,[87956.58794129],14
2025-01-14,ISRS.TA,[89428.6310357],15
2025-01-15,ISRS.TA,[89388.7439758],16
2025-01-16,ISRS.TA,[89243.9005907],17
2025-01-17,ISRS.TA,[88697.29417342],18
2025-01-18,ISRS.TA,[88392.33876069],19
2025-01-19,ISRS.TA,[89714.37889401],20
2025-01-20,ISRS.TA,[90475.71472904],21
2025-01-21,ISRS.TA,[93282.87404585],22
2025-01-22,ISRS.TA,[94261.31049978],23
2025-01-23,ISRS.TA,[96225.31578297],24
2025-01-24,ISRS.TA,[94649.78794364],25
2025-01-25,ISRS.TA,[93926.76897526],26
2025-01-26,ISRS.TA,[95397.32868367],27
2025-01-27,ISRS.TA,[94140.56964359],28
2025-01-28,ISRS.TA,[94376.82974942],29
2025-01-29,ISRS.TA,[95194.38335202],30
2024-12-31,ISRO.TA,[8694.71757679],1
2025-01-01,ISRO.TA,[8783.05097837],2
2025-01-02,ISRO.TA,[8813.30115295],3
2025-01-03,ISRO.TA,[8723.5792576],4
2025-01-04,ISRO.TA,[8777.88524596],5
2025-01-05,ISRO.TA,[8769.99818256],6
2025-01-06,ISRO.TA,[8867.84662167],7
2025-01-07,ISRO.TA,[9061.64092608],8
2025-01-08,ISRO.TA,[8934.3362931],9
2025-01-09,ISRO.TA,[8866.63924448],10
2025-01-10,ISRO.TA,[8687.82573584],11
2025-01-11,ISRO.TA,[8851.03656772],12
2025-01-12,ISRO.TA,[8768.78664297],13
2025-01-13,ISRO.TA,[8799.19365869],14
2025-01-14,ISRO.TA,[9098.88712885],15
2025-01-15,ISRO.TA,[8893.45711067],16
2025-01-16,ISRO.TA,[8894.47026172],17
2025-01-17,ISRO.TA,[8996.42627479],18
2025-01-18,ISRO.TA,[9001.67889461],19
2025-01-19,ISRO.TA,[8934.00250998],20
2025-01-20,ISRO.TA,[8876.51394519],21
2025-01-21,ISRO.TA,[8816.97715869],22
2025-01-22,ISRO.TA,[8799.54826941],23
2025-01-23,ISRO.TA,[8632.29633796],24
2025-01-24,ISRO.TA,[8342.81662676],25
2025-01-25,ISRO.TA,[8083.8329159],26
2025-01-26,ISRO.TA,[8221.27805646],27
2025-01-27,ISRO.TA,[8370.59969648],28
2025-01-28,ISRO.TA,[8311.99835833],29
2025-01-29,ISRO.TA,[8506.26940951],30
2024-12-31,ISTA.TA,[9138.40683079],1
2025-01-01,ISTA.TA,[9107.46759413],2
2025-01-02,ISTA.TA,[9079.41287238],3
2025-01-03,ISTA.TA,[9066.33811968],4
2025-01-04,ISTA.TA,[9130.56146672],5
2025-01-05,ISTA.TA,[9022.68143645],6
2025-01-06,ISTA.TA,[9124.4134991],7
2025-01-07,ISTA.TA,[9110.29603923],8
2025-01-08,ISTA.TA,[8945.90870352],9
2025-01-09,ISTA.TA,[8677.85092484],10
2025-01-10,ISTA.TA,[8523.03872357],11
2025-01-11,ISTA.TA,[8800.6726796],12
2025-01-12,ISTA.TA,[8754.71607226],13
2025-01-13,ISTA.TA,[8800.92762658],14
2025-01-14,ISTA.TA,[8849.22796292],15
2025-01-15,ISTA.TA,[8574.2981919],16
2025-01-16,ISTA.TA,[8893.95979737],17
2025-01-17,ISTA.TA,[8799.61304903],18
2025-01-18,ISTA.TA,[9087.74405488],19
2025-01-19,ISTA.TA,[8967.92688518],20
2025-01-20,ISTA.TA,[8882.13453149],21
2025-01-21,ISTA.TA,[9114.32991196],22
2025-01-22,ISTA.TA,[9553.17832202],23
2025-01-23,ISTA.TA,[9620.59707617],24
2025-01-24,ISTA.TA,[9724.98542112],25
2025-01-25,ISTA.TA,[9822.6411421],26
2025-01-26,ISTA.TA,[9706.72613713],27
2025-01-27,ISTA.TA,[9775.90039083],28
2025-01-28,ISTA.TA,[10079.81431095],29
2025-01-29,ISTA.TA,[10197.68035271],30
2024-12-31,JCFN.TA,[2012.94484305],1
2025-01-01,JCFN.TA,[1966.85976482],2
2025-01-02,JCFN.TA,[1977.60576813],3
2025-01-03,JCFN.TA,[1986.08230542],4
2025-01-04,JCFN.TA,[1980.37675401],5
2025-01-05,JCFN.TA,[1945.72271686],6
2025-01-06,JCFN.TA,[2001.06453497],7
2025-01-07,JCFN.TA,[1986.57888037],8
2025-01-08,JCFN.TA,[1955.74252046],9
2025-01-09,JCFN.TA,[1955.0695324],10
2025-01-10,JCFN.TA,[1885.81405902],11
2025-01-11,JCFN.TA,[1848.2742499],12
2025-01-12,JCFN.TA,[1818.30219249],13
2025-01-13,JCFN.TA,[1772.88050327],14
2025-01-14,JCFN.TA,[1784.32505816],15
2025-01-15,JCFN.TA,[1810.38160961],16
2025-01-16,JCFN.TA,[1792.68240761],17
2025-01-17,JCFN.TA,[1766.34765017],18
2025-01-18,JCFN.TA,[1731.56083237],19
2025-01-19,JCFN.TA,[1764.73715756],20
2025-01-20,JCFN.TA,[1734.82844399],21
2025-01-21,JCFN.TA,[1767.75090416],22
2025-01-22,JCFN.TA,[1755.09561902],23
2025-01-23,JCFN.TA,[1752.77149938],24
2025-01-24,JCFN.TA,[1781.42577403],25
2025-01-25,JCFN.TA,[1792.8157456],26
2025-01-26,JCFN.TA,[1828.41750102],27
2025-01-27,JCFN.TA,[1814.33911307],28
2025-01-28,JCFN.TA,[1812.18129691],29
2025-01-29,JCFN.TA,[1797.02904472],30
2024-12-31,JBNK.TA,[1649.80031424],1
2025-01-01,JBNK.TA,[1653.1888197],2
2025-01-02,JBNK.TA,[1652.7279453],3
2025-01-03,JBNK.TA,[1641.75489818],4
2025-01-04,JBNK.TA,[1683.41681456],5
2025-01-05,JBNK.TA,[1705.98858021],6
2025-01-06,JBNK.TA,[1724.48281516],7
2025-01-07,JBNK.TA,[1718.60473211],8
2025-01-08,JBNK.TA,[1734.23694706],9
2025-01-09,JBNK.TA,[1792.58769913],10
2025-01-10,JBNK.TA,[1780.14222943],11
2025-01-11,JBNK.TA,[1783.4127895],12
2025-01-12,JBNK.TA,[1822.47089942],13
2025-01-13,JBNK.TA,[1805.84346773],14
2025-01-14,JBNK.TA,[1812.56829134],15
2025-01-15,JBNK.TA,[1791.66204587],16
2025-01-16,JBNK.TA,[1786.86586679],17
2025-01-17,JBNK.TA,[1813.52619371],18
2025-01-18,JBNK.TA,[1822.83596528],19
2025-01-19,JBNK.TA,[1769.29249339],20
2025-01-20,JBNK.TA,[1717.37064138],21
2025-01-21,JBNK.TA,[1712.92492272],22
2025-01-22,JBNK.TA,[1687.94657553],23
2025-01-23,JBNK.TA,[1735.95514454],24
2025-01-24,JBNK.TA,[1795.73563178],25
2025-01-25,JBNK.TA,[1826.63662503],26
2025-01-26,JBNK.TA,[1804.2175399],27
2025-01-27,JBNK.TA,[1758.25806181],28
2025-01-28,JBNK.TA,[1748.90941077],29
2025-01-29,JBNK.TA,[1713.47511937],30
2024-12-31,JNGO.TA,[311.74954857],1
2025-01-01,JNGO.TA,[309.73640109],2
2025-01-02,JNGO.TA,[295.26034367],3
2025-01-03,JNGO.TA,[298.7221664],4
2025-01-04,JNGO.TA,[269.18618032],5
2025-01-05,JNGO.TA,[286.08294534],6
2025-01-06,JNGO.TA,[337.88487104],7
2025-01-07,JNGO.TA,[338.86845003],8
2025-01-08,JNGO.TA,[364.53458755],9
2025-01-09,JNGO.TA,[358.80045979],10
2025-01-10,JNGO.TA,[374.36908924],11
2025-01-11,JNGO.TA,[410.31404723],12
2025-01-12,JNGO.TA,[421.22798915],13
2025-01-13,JNGO.TA,[365.96999707],14
2025-01-14,JNGO.TA,[429.12757373],15
2025-01-15,JNGO.TA,[415.96640199],16
2025-01-16,JNGO.TA,[423.15239127],17
2025-01-17,JNGO.TA,[420.39247282],18
2025-01-18,JNGO.TA,[380.09375156],19
2025-01-19,JNGO.TA,[357.29351457],20
2025-01-20,JNGO.TA,[324.27732478],21
2025-01-21,JNGO.TA,[328.55642702],22
2025-01-22,JNGO.TA,[350.62460164],23
2025-01-23,JNGO.TA,[405.60264201],24
2025-01-24,JNGO.TA,[361.54472609],25
2025-01-25,JNGO.TA,[393.93088382],26
2025-01-26,JNGO.TA,[438.63392368],27
2025-01-27,JNGO.TA,[489.18206843],28
2025-01-28,JNGO.TA,[324.59767202],29
2025-01-29,JNGO.TA,[323.47522921],30
2024-12-31,KDST.TA,[1456.67744291],1
2025-01-01,KDST.TA,[1452.82073068],2
2025-01-02,KDST.TA,[1286.39303475],3
2025-01-03,KDST.TA,[1405.27793348],4
2025-01-04,KDST.TA,[1484.53212487],5
2025-01-05,KDST.TA,[1738.89316868],6
2025-01-06,KDST.TA,[1842.76040342],7
2025-01-07,KDST.TA,[1972.29274397],8
2025-01-08,KDST.TA,[2002.55549574],9
2025-01-09,KDST.TA,[1886.58629781],10
2025-01-10,KDST.TA,[1609.58047331],11
2025-01-11,KDST.TA,[1778.72996595],12
2025-01-12,KDST.TA,[1616.26862198],13
2025-01-13,KDST.TA,[1856.13303145],14
2025-01-14,KDST.TA,[1991.95536157],15
2025-01-15,KDST.TA,[1975.91851063],16
2025-01-16,KDST.TA,[1798.83904864],17
2025-01-17,KDST.TA,[2024.51796995],18
2025-01-18,KDST.TA,[2017.40042921],19
2025-01-19,KDST.TA,[2184.33621282],20
2025-01-20,KDST.TA,[2303.40373262],21
2025-01-21,KDST.TA,[2227.35562669],22
2025-01-22,KDST.TA,[2251.74482676],23
2025-01-23,KDST.TA,[2029.2426395],24
2025-01-24,KDST.TA,[2050.20824756],25
2025-01-25,KDST.TA,[1865.30433558],26
2025-01-26,KDST.TA,[1932.15571159],27
2025-01-27,KDST.TA,[2144.4574521],28
2025-01-28,KDST.TA,[2421.70937675],29
2025-01-29,KDST.TA,[2324.9977274],30
2024-12-31,KAFR.TA,[2934.26029951],1
2025-01-01,KAFR.TA,[2856.29799047],2
2025-01-02,KAFR.TA,[2876.30875768],3
2025-01-03,KAFR.TA,[2908.01952941],4
2025-01-04,KAFR.TA,[2966.53276517],5
2025-01-05,KAFR.TA,[3011.73778097],6
2025-01-06,KAFR.TA,[3034.57601067],7
2025-01-07,KAFR.TA,[2932.84918505],8
2025-01-08,KAFR.TA,[2913.26934343],9
2025-01-09,KAFR.TA,[2997.7510396],10
2025-01-10,KAFR.TA,[3078.4815815],11
2025-01-11,KAFR.TA,[3023.20947673],12
2025-01-12,KAFR.TA,[3145.10032055],13
2025-01-13,KAFR.TA,[3195.84352036],14
2025-01-14,KAFR.TA,[3190.16886087],15
2025-01-15,KAFR.TA,[3156.25828315],16
2025-01-16,KAFR.TA,[3153.35075538],17
2025-01-17,KAFR.TA,[3106.53901964],18
2025-01-18,KAFR.TA,[3166.064286],19
2025-01-19,KAFR.TA,[3178.23744848],20
2025-01-20,KAFR.TA,[3141.05736517],21
2025-01-21,KAFR.TA,[3167.0795281],22
2025-01-22,KAFR.TA,[3158.25169232],23
2025-01-23,KAFR.TA,[3329.56697542],24
2025-01-24,KAFR.TA,[3358.59517812],25
2025-01-25,KAFR.TA,[3378.47286753],26
2025-01-26,KAFR.TA,[3328.36530215],27
2025-01-27,KAFR.TA,[3335.71244298],28
2025-01-28,KAFR.TA,[3394.07443958],29
2025-01-29,KAFR.TA,[3390.93974747],30
2024-12-31,KMDA.TA,[2198.73797878],1
2025-01-01,KMDA.TA,[2123.90909509],2
2025-01-02,KMDA.TA,[2104.90052354],3
2025-01-03,KMDA.TA,[2121.44038057],4
2025-01-04,KMDA.TA,[2161.85575229],5
2025-01-05,KMDA.TA,[2216.97631979],6
2025-01-06,KMDA.TA,[2225.92711777],7
2025-01-07,KMDA.TA,[2213.50655352],8
2025-01-08,KMDA.TA,[2101.74874411],9
2025-01-09,KMDA.TA,[2090.57999333],10
2025-01-10,KMDA.TA,[2106.20019168],11
2025-01-11,KMDA.TA,[2070.81944383],12
2025-01-12,KMDA.TA,[2078.12790377],13
2025-01-13,KMDA.TA,[2134.52806522],14
2025-01-14,KMDA.TA,[2135.69541457],15
2025-01-15,KMDA.TA,[2172.36428349],16
2025-01-16,KMDA.TA,[2225.25904709],17
2025-01-17,KMDA.TA,[2200.38477749],18
2025-01-18,KMDA.TA,[2211.35166693],19
2025-01-19,KMDA.TA,[2196.18409952],20
2025-01-20,KMDA.TA,[2224.09995696],21
2025-01-21,KMDA.TA,[2266.52166917],22
2025-01-22,KMDA.TA,[2262.30748295],23
2025-01-23,KMDA.TA,[2298.64232062],24
2025-01-24,KMDA.TA,[2213.51466275],25
2025-01-25,KMDA.TA,[2209.83176375],26
2025-01-26,KMDA.TA,[2259.55370213],27
2025-01-27,KMDA.TA,[2210.94887852],28
2025-01-28,KMDA.TA,[2244.20177864],29
2025-01-29,KMDA.TA,[2251.50010096],30
2024-12-31,KRDI.TA,[300.76253056],1
2025-01-01,KRDI.TA,[298.85455476],2
2025-01-02,KRDI.TA,[299.00158611],3
2025-01-03,KRDI.TA,[298.20866495],4
2025-01-04,KRDI.TA,[296.76172657],5
2025-01-05,KRDI.TA,[294.34538613],6
2025-01-06,KRDI.TA,[291.45437957],7
2025-01-07,KRDI.TA,[296.49645064],8
2025-01-08,KRDI.TA,[290.59673487],9
2025-01-09,KRDI.TA,[294.1789968],10
2025-01-10,KRDI.TA,[296.47458936],11
2025-01-11,KRDI.TA,[298.71673671],12
2025-01-12,KRDI.TA,[302.39198497],13
2025-01-13,KRDI.TA,[306.01521177],14
2025-01-14,KRDI.TA,[308.44863285],15
2025-01-15,KRDI.TA,[313.25605969],16
2025-01-16,KRDI.TA,[317.30063748],17
2025-01-17,KRDI.TA,[314.68746147],18
2025-01-18,KRDI.TA,[317.31609755],19
2025-01-19,KRDI.TA,[328.43874929],20
2025-01-20,KRDI.TA,[340.20971563],21
2025-01-21,KRDI.TA,[328.3122048],22
2025-01-22,KRDI.TA,[328.9851182],23
2025-01-23,KRDI.TA,[330.40553099],24
2025-01-24,KRDI.TA,[332.90257206],25
2025-01-25,KRDI.TA,[330.26624892],26
2025-01-26,KRDI.TA,[327.27574041],27
2025-01-27,KRDI.TA,[332.29870425],28
2025-01-28,KRDI.TA,[334.38437033],29
2025-01-29,KRDI.TA,[338.99246293],30
2024-12-31,KARE.TA,[539.67329843],1
2025-01-01,KARE.TA,[531.76170659],2
2025-01-02,KARE.TA,[539.57415751],3
2025-01-03,KARE.TA,[526.76957297],4
2025-01-04,KARE.TA,[516.28852193],5
2025-01-05,KARE.TA,[516.48994307],6
2025-01-06,KARE.TA,[519.60868522],7
2025-01-07,KARE.TA,[526.13023279],8
2025-01-08,KARE.TA,[521.306223],9
2025-01-09,KARE.TA,[530.65836232],10
2025-01-10,KARE.TA,[530.45870382],11
2025-01-11,KARE.TA,[538.29194269],12
2025-01-12,KARE.TA,[536.74813246],13
2025-01-13,KARE.TA,[523.70656555],14
2025-01-14,KARE.TA,[529.07800117],15
2025-01-15,KARE.TA,[540.29607146],16
2025-01-16,KARE.TA,[548.44102907],17
2025-01-17,KARE.TA,[556.74382454],18
2025-01-18,KARE.TA,[559.00535224],19
2025-01-19,KARE.TA,[551.09395572],20
2025-01-20,KARE.TA,[543.3031075],21
2025-01-21,KARE.TA,[557.39295924],22
2025-01-22,KARE.TA,[558.05069436],23
2025-01-23,KARE.TA,[552.38476478],24
2025-01-24,KARE.TA,[554.1460386],25
2025-01-25,KARE.TA,[553.77885546],26
2025-01-26,KARE.TA,[550.78011891],27
2025-01-27,KARE.TA,[541.50120032],28
2025-01-28,KARE.TA,[545.68383968],29
2025-01-29,KARE.TA,[552.07605431],30
2024-12-31,KEN.TA,[11690.46788884],1
2025-01-01,KEN.TA,[11810.51435411],2
2025-01-02,KEN.TA,[11618.89141036],3
2025-01-03,KEN.TA,[11577.62308853],4
2025-01-04,KEN.TA,[11782.22792035],5
2025-01-05,KEN.TA,[12000.28137745],6
2025-01-06,KEN.TA,[11996.17972638],7
2025-01-07,KEN.TA,[12149.68747309],8
2025-01-08,KEN.TA,[12417.72322034],9
2025-01-09,KEN.TA,[12594.65149953],10
2025-01-10,KEN.TA,[12612.56529205],11
2025-01-11,KEN.TA,[12966.13676711],12
2025-01-12,KEN.TA,[13176.67975756],13
2025-01-13,KEN.TA,[13145.27630783],14
2025-01-14,KEN.TA,[13250.85148582],15
2025-01-15,KEN.TA,[13379.08325277],16
2025-01-16,KEN.TA,[13107.97595297],17
2025-01-17,KEN.TA,[13232.11206204],18
2025-01-18,KEN.TA,[13303.68312099],19
2025-01-19,KEN.TA,[13500.29691275],20
2025-01-20,KEN.TA,[13572.46489477],21
2025-01-21,KEN.TA,[13421.08054921],22
2025-01-22,KEN.TA,[13086.80807676],23
2025-01-23,KEN.TA,[13239.05531703],24
2025-01-24,KEN.TA,[13322.56035743],25
2025-01-25,KEN.TA,[13306.58279766],26
2025-01-26,KEN.TA,[13291.92409651],27
2025-01-27,KEN.TA,[13302.81022834],28
2025-01-28,KEN.TA,[13522.95409557],29
2025-01-29,KEN.TA,[13564.95865462],30
2024-12-31,KRUR.TA,[7397.26882739],1
2025-01-01,KRUR.TA,[7536.73154203],2
2025-01-02,KRUR.TA,[7613.34665329],3
2025-01-03,KRUR.TA,[7582.75112332],4
2025-01-04,KRUR.TA,[7683.08154124],5
2025-01-05,KRUR.TA,[7722.813153],6
2025-01-06,KRUR.TA,[7689.86090292],7
2025-01-07,KRUR.TA,[7823.43864595],8
2025-01-08,KRUR.TA,[7759.15814448],9
2025-01-09,KRUR.TA,[7799.31224583],10
2025-01-10,KRUR.TA,[7730.22222838],11
2025-01-11,KRUR.TA,[7744.04074957],12
2025-01-12,KRUR.TA,[7994.52843581],13
2025-01-13,KRUR.TA,[8081.83483388],14
2025-01-14,KRUR.TA,[8190.04381173],15
2025-01-15,KRUR.TA,[8225.66136499],16
2025-01-16,KRUR.TA,[8334.33756352],17
2025-01-17,KRUR.TA,[8177.33154789],18
2025-01-18,KRUR.TA,[8163.45628718],19
2025-01-19,KRUR.TA,[8202.2671241],20
2025-01-20,KRUR.TA,[8009.04301192],21
2025-01-21,KRUR.TA,[7889.15849835],22
2025-01-22,KRUR.TA,[7789.02246598],23
2025-01-23,KRUR.TA,[7759.52214132],24
2025-01-24,KRUR.TA,[7701.96411203],25
2025-01-25,KRUR.TA,[7867.6458669],26
2025-01-26,KRUR.TA,[7834.32288683],27
2025-01-27,KRUR.TA,[7941.54429016],28
2025-01-28,KRUR.TA,[8063.69236816],29
2025-01-29,KRUR.TA,[7958.91037623],30
2024-12-31,KSTN.TA,[574.46986446],1
2025-01-01,KSTN.TA,[568.64264544],2
2025-01-02,KSTN.TA,[572.87987078],3
2025-01-03,KSTN.TA,[572.64267808],4
2025-01-04,KSTN.TA,[579.80741466],5
2025-01-05,KSTN.TA,[578.42557455],6
2025-01-06,KSTN.TA,[583.20766743],7
2025-01-07,KSTN.TA,[586.49188083],8
2025-01-08,KSTN.TA,[590.43448326],9
2025-01-09,KSTN.TA,[589.2140029],10
2025-01-10,KSTN.TA,[591.3302552],11
2025-01-11,KSTN.TA,[600.63856157],12
2025-01-12,KSTN.TA,[601.46628334],13
2025-01-13,KSTN.TA,[599.11890002],14
2025-01-14,KSTN.TA,[602.5885005],15
2025-01-15,KSTN.TA,[594.60913869],16
2025-01-16,KSTN.TA,[589.77062516],17
2025-01-17,KSTN.TA,[595.42833494],18
2025-01-18,KSTN.TA,[596.34525345],19
2025-01-19,KSTN.TA,[602.87903486],20
2025-01-20,KSTN.TA,[601.51167086],21
2025-01-21,KSTN.TA,[607.93322442],22
2025-01-22,KSTN.TA,[609.48199875],23
2025-01-23,KSTN.TA,[611.61073633],24
2025-01-24,KSTN.TA,[614.06407331],25
2025-01-25,KSTN.TA,[607.56258799],26
2025-01-26,KSTN.TA,[612.73612164],27
2025-01-27,KSTN.TA,[616.67559681],28
2025-01-28,KSTN.TA,[617.82441654],29
2025-01-29,KSTN.TA,[619.02909353],30
2024-12-31,KLIL.TA,[23997.94384078],1
2025-01-01,KLIL.TA,[24099.44895158],2
2025-01-02,KLIL.TA,[24363.38056054],3
2025-01-03,KLIL.TA,[24145.088155],4
2025-01-04,KLIL.TA,[24257.21809378],5
2025-01-05,KLIL.TA,[23833.09870079],6
2025-01-06,KLIL.TA,[24199.58970489],7
2025-01-07,KLIL.TA,[24748.59802355],8
2025-01-08,KLIL.TA,[24580.38681152],9
2025-01-09,KLIL.TA,[24811.7077997],10
2025-01-10,KLIL.TA,[25245.7519042],11
2025-01-11,KLIL.TA,[24662.60946243],12
2025-01-12,KLIL.TA,[23561.08549846],13
2025-01-13,KLIL.TA,[24133.73216588],14
2025-01-14,KLIL.TA,[23765.26334703],15
2025-01-15,KLIL.TA,[23936.74722109],16
2025-01-16,KLIL.TA,[24234.33155374],17
2025-01-17,KLIL.TA,[24949.63117959],18
2025-01-18,KLIL.TA,[24200.56578687],19
2025-01-19,KLIL.TA,[25174.74276156],20
2025-01-20,KLIL.TA,[24841.0825356],21
2025-01-21,KLIL.TA,[26066.94623838],22
2025-01-22,KLIL.TA,[25870.88606543],23
2025-01-23,KLIL.TA,[26436.95254442],24
2025-01-24,KLIL.TA,[26003.77519169],25
2025-01-25,KLIL.TA,[25135.49897676],26
2025-01-26,KLIL.TA,[25252.41141648],27
2025-01-27,KLIL.TA,[25771.62588372],28
2025-01-28,KLIL.TA,[25649.66907611],29
2025-01-29,KLIL.TA,[25242.20758047],30
2024-12-31,KNFM.TA,[1474.04523843],1
2025-01-01,KNFM.TA,[1449.26158804],2
2025-01-02,KNFM.TA,[1500.67722575],3
2025-01-03,KNFM.TA,[1477.22549043],4
2025-01-04,KNFM.TA,[1462.42038273],5
2025-01-05,KNFM.TA,[1451.80878858],6
2025-01-06,KNFM.TA,[1448.78937379],7
2025-01-07,KNFM.TA,[1434.7191852],8
2025-01-08,KNFM.TA,[1408.92059683],9
2025-01-09,KNFM.TA,[1446.61779615],10
2025-01-10,KNFM.TA,[1475.53590088],11
2025-01-11,KNFM.TA,[1450.34279603],12
2025-01-12,KNFM.TA,[1440.86183144],13
2025-01-13,KNFM.TA,[1497.92882322],14
2025-01-14,KNFM.TA,[1485.82654286],15
2025-01-15,KNFM.TA,[1517.97580857],16
2025-01-16,KNFM.TA,[1497.37986769],17
2025-01-17,KNFM.TA,[1466.99157274],18
2025-01-18,KNFM.TA,[1446.97376086],19
2025-01-19,KNFM.TA,[1466.81240397],20
2025-01-20,KNFM.TA,[1465.26093479],21
2025-01-21,KNFM.TA,[1453.19981522],22
2025-01-22,KNFM.TA,[1460.06794509],23
2025-01-23,KNFM.TA,[1491.43047545],24
2025-01-24,KNFM.TA,[1459.62579017],25
2025-01-25,KNFM.TA,[1383.04623386],26
2025-01-26,KNFM.TA,[1427.66909434],27
2025-01-27,KNFM.TA,[1453.08534385],28
2025-01-28,KNFM.TA,[1461.42258009],29
2025-01-29,KNFM.TA,[1422.00196603],30
2024-12-31,LHIS.TA,[2482.75296902],1
2025-01-01,LHIS.TA,[2519.75612393],2
2025-01-02,LHIS.TA,[2619.94106083],3
2025-01-03,LHIS.TA,[2633.60125373],4
2025-01-04,LHIS.TA,[2810.81976597],5
2025-01-05,LHIS.TA,[2256.23455071],6
2025-01-06,LHIS.TA,[2323.21222733],7
2025-01-07,LHIS.TA,[2280.53788345],8
2025-01-08,LHIS.TA,[2037.13619039],9
2025-01-09,LHIS.TA,[1827.30164812],10
2025-01-10,LHIS.TA,[1864.12640084],11
2025-01-11,LHIS.TA,[1519.14662416],12
2025-01-12,LHIS.TA,[1610.0248507],13
2025-01-13,LHIS.TA,[1749.04003096],14
2025-01-14,LHIS.TA,[1840.83292276],15
2025-01-15,LHIS.TA,[2112.56744311],16
2025-01-16,LHIS.TA,[2407.58887952],17
2025-01-17,LHIS.TA,[2261.82575671],18
2025-01-18,LHIS.TA,[2364.86408271],19
2025-01-19,LHIS.TA,[2203.5325853],20
2025-01-20,LHIS.TA,[2329.67845992],21
2025-01-21,LHIS.TA,[2063.04450293],22
2025-01-22,LHIS.TA,[2031.15414564],23
2025-01-23,LHIS.TA,[2055.91687532],24
2025-01-24,LHIS.TA,[2369.15921253],25
2025-01-25,LHIS.TA,[2228.74883066],26
2025-01-26,LHIS.TA,[1992.97765905],27
2025-01-27,LHIS.TA,[2034.9267128],28
2025-01-28,LHIS.TA,[2119.02176916],29
2025-01-29,LHIS.TA,[2110.10140707],30
2024-12-31,LAHAV.TA,[506.74912365],1
2025-01-01,LAHAV.TA,[513.71274257],2
2025-01-02,LAHAV.TA,[507.89625624],3
2025-01-03,LAHAV.TA,[510.88908065],4
2025-01-04,LAHAV.TA,[524.71657073],5
2025-01-05,LAHAV.TA,[519.16036544],6
2025-01-06,LAHAV.TA,[532.48500988],7
2025-01-07,LAHAV.TA,[540.0204122],8
2025-01-08,LAHAV.TA,[536.70446532],9
2025-01-09,LAHAV.TA,[534.70631885],10
2025-01-10,LAHAV.TA,[536.35407471],11
2025-01-11,LAHAV.TA,[550.25319024],12
2025-01-12,LAHAV.TA,[549.95728519],13
2025-01-13,LAHAV.TA,[543.41101423],14
2025-01-14,LAHAV.TA,[545.2478378],15
2025-01-15,LAHAV.TA,[547.0657812],16
2025-01-16,LAHAV.TA,[550.49077632],17
2025-01-17,LAHAV.TA,[556.51387413],18
2025-01-18,LAHAV.TA,[562.80478733],19
2025-01-19,LAHAV.TA,[546.38971332],20
2025-01-20,LAHAV.TA,[540.68285195],21
2025-01-21,LAHAV.TA,[545.58656877],22
2025-01-22,LAHAV.TA,[552.43239236],23
2025-01-23,LAHAV.TA,[555.65666926],24
2025-01-24,LAHAV.TA,[563.9370336],25
2025-01-25,LAHAV.TA,[562.99529625],26
2025-01-26,LAHAV.TA,[568.33526418],27
2025-01-27,LAHAV.TA,[580.16480361],28
2025-01-28,LAHAV.TA,[596.99265631],29
2025-01-29,LAHAV.TA,[593.13764751],30
2024-12-30,LPHL.TA,[106.69073606],1
2024-12-31,LPHL.TA,[107.0088749],2
2025-01-01,LPHL.TA,[105.64593764],3
2025-01-02,LPHL.TA,[105.68465195],4
2025-01-03,LPHL.TA,[105.60220762],5
2025-01-04,LPHL.TA,[105.54092623],6
2025-01-05,LPHL.TA,[103.06914394],7
2025-01-06,LPHL.TA,[102.72797577],8
2025-01-07,LPHL.TA,[105.6540007],9
2025-01-08,LPHL.TA,[107.50626863],10
2025-01-09,LPHL.TA,[108.78657603],11
2025-01-10,LPHL.TA,[107.99004497],12
2025-01-11,LPHL.TA,[106.12453443],13
2025-01-12,LPHL.TA,[106.5889921],14
2025-01-13,LPHL.TA,[107.45683873],15
2025-01-14,LPHL.TA,[104.91931552],16
2025-01-15,LPHL.TA,[106.52506039],17
2025-01-16,LPHL.TA,[109.06022771],18
2025-01-17,LPHL.TA,[111.12116308],19
2025-01-18,LPHL.TA,[111.91638932],20
2025-01-19,LPHL.TA,[113.27888745],21
2025-01-20,LPHL.TA,[113.22292485],22
2025-01-21,LPHL.TA,[113.31038407],23
2025-01-22,LPHL.TA,[112.33334645],24
2025-01-23,LPHL.TA,[113.94479058],25
2025-01-24,LPHL.TA,[113.54390618],26
2025-01-25,LPHL.TA,[113.02662779],27
2025-01-26,LPHL.TA,[113.05135465],28
2025-01-27,LPHL.TA,[114.03184826],29
2025-01-28,LPHL.TA,[114.29053228],30
2024-12-31,LSCO.TA,[386.91753228],1
2025-01-01,LSCO.TA,[391.02812494],2
2025-01-02,LSCO.TA,[399.91684831],3
2025-01-03,LSCO.TA,[405.95627707],4
2025-01-04,LSCO.TA,[420.84006894],5
2025-01-05,LSCO.TA,[426.87540949],6
2025-01-06,LSCO.TA,[419.10165287],7
2025-01-07,LSCO.TA,[422.06334135],8
2025-01-08,LSCO.TA,[425.8763468],9
2025-01-09,LSCO.TA,[433.83442308],10
2025-01-10,LSCO.TA,[416.06280432],11
2025-01-11,LSCO.TA,[415.97340609],12
2025-01-12,LSCO.TA,[417.29739182],13
2025-01-13,LSCO.TA,[415.30796693],14
2025-01-14,LSCO.TA,[423.83080446],15
2025-01-15,LSCO.TA,[406.98767131],16
2025-01-16,LSCO.TA,[431.78108303],17
2025-01-17,LSCO.TA,[418.38367635],18
2025-01-18,LSCO.TA,[423.01754224],19
2025-01-19,LSCO.TA,[424.46638613],20
2025-01-20,LSCO.TA,[426.49589868],21
2025-01-21,LSCO.TA,[431.42427912],22
2025-01-22,LSCO.TA,[440.49883156],23
2025-01-23,LSCO.TA,[457.20288493],24
2025-01-24,LSCO.TA,[460.62326243],25
2025-01-25,LSCO.TA,[479.13479389],26
2025-01-26,LSCO.TA,[458.13552392],27
2025-01-27,LSCO.TA,[455.69916515],28
2025-01-28,LSCO.TA,[466.09124226],29
2025-01-29,LSCO.TA,[473.34980815],30
2024-12-31,LUMI.TA,[4030.40576686],1
2025-01-01,LUMI.TA,[4013.2301176],2
2025-01-02,LUMI.TA,[3989.69510016],3
2025-01-03,LUMI.TA,[3994.85967045],4
2025-01-04,LUMI.TA,[4017.32061098],5
2025-01-05,LUMI.TA,[4063.50025613],6
2025-01-06,LUMI.TA,[4044.89197744],7
2025-01-07,LUMI.TA,[4068.61512623],8
2025-01-08,LUMI.TA,[4113.66839969],9
2025-01-09,LUMI.TA,[4143.17280197],10
2025-01-10,LUMI.TA,[4190.60925889],11
2025-01-11,LUMI.TA,[4239.94847582],12
2025-01-12,LUMI.TA,[4285.98831469],13
2025-01-13,LUMI.TA,[4270.75866141],14
2025-01-14,LUMI.TA,[4298.82456202],15
2025-01-15,LUMI.TA,[4269.20009151],16
2025-01-16,LUMI.TA,[4289.61022394],17
2025-01-17,LUMI.TA,[4307.76698725],18
2025-01-18,LUMI.TA,[4350.28486383],19
2025-01-19,LUMI.TA,[4368.38484575],20
2025-01-20,LUMI.TA,[4383.88607376],21
2025-01-21,LUMI.TA,[4328.498445],22
2025-01-22,LUMI.TA,[4405.0158324],23
2025-01-23,LUMI.TA,[4487.03114789],24
2025-01-24,LUMI.TA,[4545.46324817],25
2025-01-25,LUMI.TA,[4539.25096541],26
2025-01-26,LUMI.TA,[4550.24154523],27
2025-01-27,LUMI.TA,[4620.82430635],28
2025-01-28,LUMI.TA,[4653.49825846],29
2025-01-29,LUMI.TA,[4713.64447076],30
2024-12-31,LEOF.TA,[265.75833124],1
2025-01-01,LEOF.TA,[279.74888569],2
2025-01-02,LEOF.TA,[288.81891496],3
2025-01-03,LEOF.TA,[287.00719316],4
2025-01-04,LEOF.TA,[301.55214406],5
2025-01-05,LEOF.TA,[300.70681874],6
2025-01-06,LEOF.TA,[297.42556367],7
2025-01-07,LEOF.TA,[296.95234599],8
2025-01-08,LEOF.TA,[287.0513139],9
2025-01-09,LEOF.TA,[308.45960582],10
2025-01-10,LEOF.TA,[315.47409209],11
2025-01-11,LEOF.TA,[323.01141428],12
2025-01-12,LEOF.TA,[348.05098791],13
2025-01-13,LEOF.TA,[347.97280289],14
2025-01-14,LEOF.TA,[377.21666518],15
2025-01-15,LEOF.TA,[388.82864821],16
2025-01-16,LEOF.TA,[385.91809945],17
2025-01-17,LEOF.TA,[396.27843262],18
2025-01-18,LEOF.TA,[393.09110748],19
2025-01-19,LEOF.TA,[400.03904559],20
2025-01-20,LEOF.TA,[404.29019818],21
2025-01-21,LEOF.TA,[411.29952192],22
2025-01-22,LEOF.TA,[395.0073733],23
2025-01-23,LEOF.TA,[385.36761156],24
2025-01-24,LEOF.TA,[390.00304492],25
2025-01-25,LEOF.TA,[368.28998252],26
2025-01-26,LEOF.TA,[386.77450109],27
2025-01-27,LEOF.TA,[378.22230154],28
2025-01-28,LEOF.TA,[391.01025957],29
2025-01-29,LEOF.TA,[394.21936823],30
2024-12-31,LEVI.TA,[39423.72002618],1
2025-01-01,LEVI.TA,[39752.24296891],2
2025-01-02,LEVI.TA,[39729.46841492],3
2025-01-03,LEVI.TA,[39972.56244448],4
2025-01-04,LEVI.TA,[41105.05913158],5
2025-01-05,LEVI.TA,[40902.93844345],6
2025-01-06,LEVI.TA,[41650.53183398],7
2025-01-07,LEVI.TA,[41726.37365366],8
2025-01-08,LEVI.TA,[41752.69351054],9
2025-01-09,LEVI.TA,[40724.90896408],10
2025-01-10,LEVI.TA,[41701.16824942],11
2025-01-11,LEVI.TA,[43418.53877506],12
2025-01-12,LEVI.TA,[42866.88267825],13
2025-01-13,LEVI.TA,[43588.6378476],14
2025-01-14,LEVI.TA,[42634.31231576],15
2025-01-15,LEVI.TA,[42174.64093119],16
2025-01-16,LEVI.TA,[42992.12116793],17
2025-01-17,LEVI.TA,[42254.05872849],18
2025-01-18,LEVI.TA,[42566.3261852],19
2025-01-19,LEVI.TA,[42559.86565524],20
2025-01-20,LEVI.TA,[42194.3252535],21
2025-01-21,LEVI.TA,[43775.47727028],22
2025-01-22,LEVI.TA,[43963.4796242],23
2025-01-23,LEVI.TA,[43164.98276001],24
2025-01-24,LEVI.TA,[42112.17095224],25
2025-01-25,LEVI.TA,[43163.17333506],26
2025-01-26,LEVI.TA,[43152.30545477],27
2025-01-27,LEVI.TA,[43133.61820736],28
2025-01-28,LEVI.TA,[42663.18465477],29
2025-01-29,LEVI.TA,[42632.92581619],30
2024-12-31,LBRA.TA,[692.50929848],1
2025-01-01,LBRA.TA,[692.02492152],2
2025-01-02,LBRA.TA,[689.45269813],3
2025-01-03,LBRA.TA,[682.67372567],4
2025-01-04,LBRA.TA,[683.01196449],5
2025-01-05,LBRA.TA,[680.3097504],6
2025-01-06,LBRA.TA,[681.33084686],7
2025-01-07,LBRA.TA,[687.51225438],8
2025-01-08,LBRA.TA,[691.33878623],9
2025-01-09,LBRA.TA,[688.03551823],10
2025-01-10,LBRA.TA,[693.95286661],11
2025-01-11,LBRA.TA,[702.45609131],12
2025-01-12,LBRA.TA,[703.70145294],13
2025-01-13,LBRA.TA,[704.2555516],14
2025-01-14,LBRA.TA,[704.91826737],15
2025-01-15,LBRA.TA,[704.41299343],16
2025-01-16,LBRA.TA,[706.97356225],17
2025-01-17,LBRA.TA,[714.4000913],18
2025-01-18,LBRA.TA,[718.16296905],19
2025-01-19,LBRA.TA,[718.25632418],20
2025-01-20,LBRA.TA,[718.40340329],21
2025-01-21,LBRA.TA,[722.64583902],22
2025-01-22,LBRA.TA,[726.5125767],23
2025-01-23,LBRA.TA,[732.14170523],24
2025-01-24,LBRA.TA,[740.1572063],25
2025-01-25,LBRA.TA,[740.58846921],26
2025-01-26,LBRA.TA,[745.26870096],27
2025-01-27,LBRA.TA,[747.95185098],28
2025-01-28,LBRA.TA,[754.49364901],29
2025-01-29,LBRA.TA,[749.54471664],30
2024-12-31,LCTX.TA,[191.01893292],1
2025-01-01,LCTX.TA,[194.72177717],2
2025-01-02,LCTX.TA,[192.56085362],3
2025-01-03,LCTX.TA,[192.54880759],4
2025-01-04,LCTX.TA,[186.57765789],5
2025-01-05,LCTX.TA,[176.28317002],6
2025-01-06,LCTX.TA,[172.63571256],7
2025-01-07,LCTX.TA,[183.66865953],8
2025-01-08,LCTX.TA,[185.97256433],9
2025-01-09,LCTX.TA,[192.49276001],10
2025-01-10,LCTX.TA,[188.69746689],11
2025-01-11,LCTX.TA,[191.26135784],12
2025-01-12,LCTX.TA,[182.86246986],13
2025-01-13,LCTX.TA,[184.05504688],14
2025-01-14,LCTX.TA,[181.41544414],15
2025-01-15,LCTX.TA,[176.08332205],16
2025-01-16,LCTX.TA,[169.31267194],17
2025-01-17,LCTX.TA,[170.63552157],18
2025-01-18,LCTX.TA,[167.41648616],19
2025-01-19,LCTX.TA,[164.77561034],20
2025-01-20,LCTX.TA,[168.82425037],21
2025-01-21,LCTX.TA,[166.28811681],22
2025-01-22,LCTX.TA,[154.11304218],23
2025-01-23,LCTX.TA,[143.8993577],24
2025-01-24,LCTX.TA,[142.9555035],25
2025-01-25,LCTX.TA,[146.64372966],26
2025-01-26,LCTX.TA,[138.35930706],27
2025-01-27,LCTX.TA,[143.60426617],28
2025-01-28,LCTX.TA,[142.96545205],29
2025-01-29,LCTX.TA,[145.42742518],30
2024-12-31,LPSN.TA,[2564.19288891],1
2025-01-01,LPSN.TA,[4415.71561345],2
2025-01-02,LPSN.TA,[8343.82961112],3
2025-01-03,LPSN.TA,[12658.67342122],4
2025-01-04,LPSN.TA,[25965.64898462],5
2025-01-05,LPSN.TA,[38057.71479169],6
2025-01-06,LPSN.TA,[30175.65205082],7
2025-01-07,LPSN.TA,[37839.67186212],8
2025-01-08,LPSN.TA,[71869.62375751],9
2025-01-09,LPSN.TA,[-47879.40636481],10
2025-01-10,LPSN.TA,[-134798.08932938],11
2025-01-11,LPSN.TA,[-401568.1992839],12
2025-01-12,LPSN.TA,[-1207380.36156407],13
2025-01-13,LPSN.TA,[265670.0743029],14
2025-01-14,LPSN.TA,[652563.44166114],15
2025-01-15,LPSN.TA,[1576861.2794115],16
2025-01-16,LPSN.TA,[2582476.66980302],17
2025-01-17,LPSN.TA,[611803.5498324],18
2025-01-18,LPSN.TA,[513440.68808379],19
2025-01-19,LPSN.TA,[922046.13677658],20
2025-01-20,LPSN.TA,[179011.51607991],21
2025-01-21,LPSN.TA,[55024.00511861],22
2025-01-22,LPSN.TA,[212618.80751893],23
2025-01-23,LPSN.TA,[450602.11042695],24
2025-01-24,LPSN.TA,[583873.98101599],25
2025-01-25,LPSN.TA,[871176.5309361],26
2025-01-26,LPSN.TA,[607494.55790331],27
2025-01-27,LPSN.TA,[443375.37394292],28
2025-01-28,LPSN.TA,[82824.15968701],29
2025-01-29,LPSN.TA,[136589.02150685],30
2024-12-31,LODZ.TA,[6136.64724912],1
2025-01-01,LODZ.TA,[-2323.19094589],2
2025-01-02,LODZ.TA,[-2292.49541569],3
2025-01-03,LODZ.TA,[-2505.10738046],4
2025-01-04,LODZ.TA,[-4121.87719181],5
2025-01-05,LODZ.TA,[-484.94774938],6
2025-01-06,LODZ.TA,[-100.86465803],7
2025-01-07,LODZ.TA,[-17.55667423],8
2025-01-08,LODZ.TA,[-19.45651703],9
2025-01-09,LODZ.TA,[-27.17364995],10
2025-01-10,LODZ.TA,[-24.15112486],11
2025-01-11,LODZ.TA,[-52.44378419],12
2025-01-12,LODZ.TA,[36.91292582],13
2025-01-13,LODZ.TA,[18.50086021],14
2025-01-14,LODZ.TA,[17.82708071],15
2025-01-15,LODZ.TA,[18.150231],16
2025-01-16,LODZ.TA,[29.29597544],17
2025-01-17,LODZ.TA,[0.20976616],18
2025-01-18,LODZ.TA,[0.07474155],19
2025-01-19,LODZ.TA,[0.07901933],20
2025-01-20,LODZ.TA,[0.08706006],21
2025-01-21,LODZ.TA,[0.18718905],22
2025-01-22,LODZ.TA,[0.16342282],23
2025-01-23,LODZ.TA,[0.13576218],24
2025-01-24,LODZ.TA,[0.0238102],25
2025-01-25,LODZ.TA,[0.02885669],26
2025-01-26,LODZ.TA,[0.03979089],27
2025-01-27,LODZ.TA,[-0.00068105],28
2025-01-28,LODZ.TA,[-0.00088216],29
2025-01-29,LODZ.TA,[-0.00098999],30
2024-12-31,LUDN.TA,[2027.40214171],1
2025-01-01,LUDN.TA,[2020.77754156],2
2025-01-02,LUDN.TA,[1984.13246187],3
2025-01-03,LUDN.TA,[2040.74082527],4
2025-01-04,LUDN.TA,[2036.71516172],5
2025-01-05,LUDN.TA,[2029.77772999],6
2025-01-06,LUDN.TA,[2077.01973499],7
2025-01-07,LUDN.TA,[2147.95365603],8
2025-01-08,LUDN.TA,[2183.62420399],9
2025-01-09,LUDN.TA,[2198.79114354],10
2025-01-10,LUDN.TA,[2154.29860663],11
2025-01-11,LUDN.TA,[2119.14289026],12
2025-01-12,LUDN.TA,[2084.40374374],13
2025-01-13,LUDN.TA,[2149.45239842],14
2025-01-14,LUDN.TA,[2188.37610642],15
2025-01-15,LUDN.TA,[2206.77019004],16
2025-01-16,LUDN.TA,[2207.56494552],17
2025-01-17,LUDN.TA,[2116.2190299],18
2025-01-18,LUDN.TA,[2170.80579797],19
2025-01-19,LUDN.TA,[2160.82823649],20
2025-01-20,LUDN.TA,[2200.09165957],21
2025-01-21,LUDN.TA,[2194.36302517],22
2025-01-22,LUDN.TA,[2190.19885851],23
2025-01-23,LUDN.TA,[2242.74213526],24
2025-01-24,LUDN.TA,[2251.60273452],25
2025-01-25,LUDN.TA,[2126.00735515],26
2025-01-26,LUDN.TA,[2083.60831244],27
2025-01-27,LUDN.TA,[2079.73374408],28
2025-01-28,LUDN.TA,[2121.6990406],29
2025-01-29,LUDN.TA,[2096.77623874],30
2024-12-31,LUZN.TA,[251.80011262],1
2025-01-01,LUZN.TA,[253.66440711],2
2025-01-02,LUZN.TA,[254.43410017],3
2025-01-03,LUZN.TA,[259.52524812],4
2025-01-04,LUZN.TA,[255.23839121],5
2025-01-05,LUZN.TA,[256.33490295],6
2025-01-06,LUZN.TA,[255.07107127],7
2025-01-07,LUZN.TA,[254.64017463],8
2025-01-08,LUZN.TA,[260.90067796],9
2025-01-09,LUZN.TA,[258.84151655],10
2025-01-10,LUZN.TA,[259.04936781],11
2025-01-11,LUZN.TA,[255.03339705],12
2025-01-12,LUZN.TA,[258.00653591],13
2025-01-13,LUZN.TA,[260.82169713],14
2025-01-14,LUZN.TA,[258.7288119],15
2025-01-15,LUZN.TA,[259.98228982],16
2025-01-16,LUZN.TA,[264.18806804],17
2025-01-17,LUZN.TA,[260.51510724],18
2025-01-18,LUZN.TA,[255.43352303],19
2025-01-19,LUZN.TA,[257.44598656],20
2025-01-20,LUZN.TA,[259.84623496],21
2025-01-21,LUZN.TA,[258.62713549],22
2025-01-22,LUZN.TA,[254.55726147],23
2025-01-23,LUZN.TA,[253.81693262],24
2025-01-24,LUZN.TA,[253.64976377],25
2025-01-25,LUZN.TA,[251.25988615],26
2025-01-26,LUZN.TA,[253.01008421],27
2025-01-27,LUZN.TA,[257.28614557],28
2025-01-28,LUZN.TA,[257.68925439],29
2025-01-29,LUZN.TA,[260.40013492],30
2024-12-31,LURO.TA,[1819.94935984],1
2025-01-01,LURO.TA,[1819.65139704],2
2025-01-02,LURO.TA,[1822.3127702],3
2025-01-03,LURO.TA,[1821.0423668],4
2025-01-04,LURO.TA,[1821.42006459],5
2025-01-05,LURO.TA,[1821.2577315],6
2025-01-06,LURO.TA,[1822.77413374],7
2025-01-07,LURO.TA,[1824.15889036],8
2025-01-08,LURO.TA,[1825.05350517],9
2025-01-09,LURO.TA,[1823.68072313],10
2025-01-10,LURO.TA,[1823.03303741],11
2025-01-11,LURO.TA,[1822.6952562],12
2025-01-12,LURO.TA,[1823.34272503],13
2025-01-13,LURO.TA,[1823.50440599],14
2025-01-14,LURO.TA,[1822.30581197],15
2025-01-15,LURO.TA,[1823.16500638],16
2025-01-16,LURO.TA,[1822.29817339],17
2025-01-17,LURO.TA,[1822.38901767],18
2025-01-18,LURO.TA,[1825.65269765],19
2025-01-19,LURO.TA,[1824.95025677],20
2025-01-20,LURO.TA,[1826.58389868],21
2025-01-21,LURO.TA,[1825.95517599],22
2025-01-22,LURO.TA,[1825.86544643],23
2025-01-23,LURO.TA,[1825.92359334],24
2025-01-24,LURO.TA,[1825.34495596],25
2025-01-25,LURO.TA,[1825.18575638],26
2025-01-26,LURO.TA,[1826.7595549],27
2025-01-27,LURO.TA,[1826.37566144],28
2025-01-28,LURO.TA,[1826.93598799],29
2025-01-29,LURO.TA,[1825.45695903],30
2024-12-31,MGIC.TA,[4315.05199809],1
2025-01-01,MGIC.TA,[4217.172329],2
2025-01-02,MGIC.TA,[4179.53936113],3
2025-01-03,MGIC.TA,[4338.55694222],4
2025-01-04,MGIC.TA,[4397.60591762],5
2025-01-05,MGIC.TA,[4307.64695969],6
2025-01-06,MGIC.TA,[4224.94832651],7
2025-01-07,MGIC.TA,[4136.74844259],8
2025-01-08,MGIC.TA,[4168.9896741],9
2025-01-09,MGIC.TA,[4181.37873608],10
2025-01-10,MGIC.TA,[4203.8745682],11
2025-01-11,MGIC.TA,[4270.92994249],12
2025-01-12,MGIC.TA,[4433.42817749],13
2025-01-13,MGIC.TA,[4410.61954862],14
2025-01-14,MGIC.TA,[4306.54036455],15
2025-01-15,MGIC.TA,[4319.67569805],16
2025-01-16,MGIC.TA,[4393.86636662],17
2025-01-17,MGIC.TA,[4450.29276089],18
2025-01-18,MGIC.TA,[4443.46697911],19
2025-01-19,MGIC.TA,[4481.8994018],20
2025-01-20,MGIC.TA,[4479.57014844],21
2025-01-21,MGIC.TA,[4497.14380953],22
2025-01-22,MGIC.TA,[4571.27573475],23
2025-01-23,MGIC.TA,[4606.493681],24
2025-01-24,MGIC.TA,[4478.99238719],25
2025-01-25,MGIC.TA,[4502.31512825],26
2025-01-26,MGIC.TA,[4477.10247409],27
2025-01-27,MGIC.TA,[4616.30760558],28
2025-01-28,MGIC.TA,[4650.30809529],29
2025-01-29,MGIC.TA,[4688.89735815],30
2024-12-31,MLTM.TA,[7783.63175388],1
2025-01-01,MLTM.TA,[8016.71576601],2
2025-01-02,MLTM.TA,[7791.13418498],3
2025-01-03,MLTM.TA,[7599.28359063],4
2025-01-04,MLTM.TA,[7500.67412654],5
2025-01-05,MLTM.TA,[7661.06217205],6
2025-01-06,MLTM.TA,[7734.08550229],7
2025-01-07,MLTM.TA,[7440.6732752],8
2025-01-08,MLTM.TA,[7477.12463796],9
2025-01-09,MLTM.TA,[7389.18007984],10
2025-01-10,MLTM.TA,[7415.84177617],11
2025-01-11,MLTM.TA,[7220.3627035],12
2025-01-12,MLTM.TA,[7301.5731173],13
2025-01-13,MLTM.TA,[7139.26361045],14
2025-01-14,MLTM.TA,[7263.75478224],15
2025-01-15,MLTM.TA,[6969.38279093],16
2025-01-16,MLTM.TA,[6834.30711541],17
2025-01-17,MLTM.TA,[7112.37078725],18
2025-01-18,MLTM.TA,[7241.12011092],19
2025-01-19,MLTM.TA,[7496.67501408],20
2025-01-20,MLTM.TA,[7429.87663767],21
2025-01-21,MLTM.TA,[7468.68907574],22
2025-01-22,MLTM.TA,[7563.14095847],23
2025-01-23,MLTM.TA,[7289.35623518],24
2025-01-24,MLTM.TA,[7214.91343052],25
2025-01-25,MLTM.TA,[7384.19887363],26
2025-01-26,MLTM.TA,[7369.00293845],27
2025-01-27,MLTM.TA,[7400.76385518],28
2025-01-28,MLTM.TA,[7126.23627743],29
2025-01-29,MLTM.TA,[7510.33168006],30
2024-12-31,MSLA.TA,[1308.25551576],1
2025-01-01,MSLA.TA,[1309.3736742],2
2025-01-02,MSLA.TA,[1304.98562214],3
2025-01-03,MSLA.TA,[1291.44967683],4
2025-01-04,MSLA.TA,[1281.35812342],5
2025-01-05,MSLA.TA,[1272.25962189],6
2025-01-06,MSLA.TA,[1291.25759185],7
2025-01-07,MSLA.TA,[1295.70317309],8
2025-01-08,MSLA.TA,[1298.98704408],9
2025-01-09,MSLA.TA,[1285.33071083],10
2025-01-10,MSLA.TA,[1280.9416183],11
2025-01-11,MSLA.TA,[1275.17485536],12
2025-01-12,MSLA.TA,[1293.98393832],13
2025-01-13,MSLA.TA,[1291.32269901],14
2025-01-14,MSLA.TA,[1277.64647741],15
2025-01-15,MSLA.TA,[1279.1727142],16
2025-01-16,MSLA.TA,[1309.37855831],17
2025-01-17,MSLA.TA,[1293.48215487],18
2025-01-18,MSLA.TA,[1289.84033782],19
2025-01-19,MSLA.TA,[1262.11244834],20
2025-01-20,MSLA.TA,[1247.39300976],21
2025-01-21,MSLA.TA,[1255.62277166],22
2025-01-22,MSLA.TA,[1278.08072996],23
2025-01-23,MSLA.TA,[1253.7451375],24
2025-01-24,MSLA.TA,[1246.31276747],25
2025-01-25,MSLA.TA,[1262.71900784],26
2025-01-26,MSLA.TA,[1286.19726758],27
2025-01-27,MSLA.TA,[1281.76892109],28
2025-01-28,MSLA.TA,[1247.22357565],29
2025-01-29,MSLA.TA,[1271.57135334],30
2024-12-31,MSVT.TA,[219.61330681],1
2025-01-01,MSVT.TA,[195.63725551],2
2025-01-02,MSVT.TA,[126.34320474],3
2025-01-03,MSVT.TA,[165.78116435],4
2025-01-04,MSVT.TA,[150.87241194],5
2025-01-05,MSVT.TA,[146.34655327],6
2025-01-06,MSVT.TA,[216.91137405],7
2025-01-07,MSVT.TA,[133.38694677],8
2025-01-08,MSVT.TA,[138.63705563],9
2025-01-09,MSVT.TA,[158.77888624],10
2025-01-10,MSVT.TA,[150.70103006],11
2025-01-11,MSVT.TA,[143.44086285],12
2025-01-12,MSVT.TA,[153.21276288],13
2025-01-13,MSVT.TA,[147.30105818],14
2025-01-14,MSVT.TA,[176.65701666],15
2025-01-15,MSVT.TA,[168.16277682],16
2025-01-16,MSVT.TA,[157.22347242],17
2025-01-17,MSVT.TA,[103.15441112],18
2025-01-18,MSVT.TA,[126.5668464],19
2025-01-19,MSVT.TA,[123.43358048],20
2025-01-20,MSVT.TA,[113.39147883],21
2025-01-21,MSVT.TA,[156.09637855],22
2025-01-22,MSVT.TA,[135.19032131],23
2025-01-23,MSVT.TA,[136.92856179],24
2025-01-24,MSVT.TA,[136.87848292],25
2025-01-25,MSVT.TA,[133.84175997],26
2025-01-26,MSVT.TA,[131.18963993],27
2025-01-27,MSVT.TA,[151.67239065],28
2025-01-28,MSVT.TA,[136.72191897],29
2025-01-29,MSVT.TA,[137.69181667],30
2024-12-31,MTLF.TA,[353.67583126],1
2025-01-01,MTLF.TA,[367.78359429],2
2025-01-02,MTLF.TA,[372.20839636],3
2025-01-03,MTLF.TA,[347.29486358],4
2025-01-04,MTLF.TA,[343.08823325],5
2025-01-05,MTLF.TA,[352.38523352],6
2025-01-06,MTLF.TA,[353.31577558],7
2025-01-07,MTLF.TA,[331.34044705],8
2025-01-08,MTLF.TA,[323.46203083],9
2025-01-09,MTLF.TA,[317.04513451],10
2025-01-10,MTLF.TA,[323.41472465],11
2025-01-11,MTLF.TA,[322.05882495],12
2025-01-12,MTLF.TA,[312.70024541],13
2025-01-13,MTLF.TA,[317.07109881],14
2025-01-14,MTLF.TA,[309.9821621],15
2025-01-15,MTLF.TA,[306.6512922],16
2025-01-16,MTLF.TA,[300.85624165],17
2025-01-17,MTLF.TA,[301.3045656],18
2025-01-18,MTLF.TA,[294.63818677],19
2025-01-19,MTLF.TA,[311.93990423],20
2025-01-20,MTLF.TA,[309.84976033],21
2025-01-21,MTLF.TA,[306.60385664],22
2025-01-22,MTLF.TA,[304.19300074],23
2025-01-23,MTLF.TA,[314.43373577],24
2025-01-24,MTLF.TA,[318.6756982],25
2025-01-25,MTLF.TA,[313.60118414],26
2025-01-26,MTLF.TA,[306.6822655],27
2025-01-27,MTLF.TA,[308.70958596],28
2025-01-28,MTLF.TA,[312.8019057],29
2025-01-29,MTLF.TA,[314.71558027],30
2024-12-31,MTRX.TA,[8290.71793068],1
2025-01-01,MTRX.TA,[8275.88060935],2
2025-01-02,MTRX.TA,[8147.01379632],3
2025-01-03,MTRX.TA,[8143.05165395],4
2025-01-04,MTRX.TA,[8228.28844384],5
2025-01-05,MTRX.TA,[8197.23067878],6
2025-01-06,MTRX.TA,[8219.01335709],7
2025-01-07,MTRX.TA,[8356.85386411],8
2025-01-08,MTRX.TA,[8265.47331033],9
2025-01-09,MTRX.TA,[8139.97574527],10
2025-01-10,MTRX.TA,[8164.61646504],11
2025-01-11,MTRX.TA,[8164.86242245],12
2025-01-12,MTRX.TA,[8053.79744893],13
2025-01-13,MTRX.TA,[8018.1060919],14
2025-01-14,MTRX.TA,[8219.2519297],15
2025-01-15,MTRX.TA,[8283.93498895],16
2025-01-16,MTRX.TA,[8155.74147936],17
2025-01-17,MTRX.TA,[8111.71294265],18
2025-01-18,MTRX.TA,[8106.05159332],19
2025-01-19,MTRX.TA,[8171.88937597],20
2025-01-20,MTRX.TA,[8044.31736412],21
2025-01-21,MTRX.TA,[8141.95377662],22
2025-01-22,MTRX.TA,[8306.23748462],23
2025-01-23,MTRX.TA,[8253.51135942],24
2025-01-24,MTRX.TA,[8312.23831949],25
2025-01-25,MTRX.TA,[8473.43419918],26
2025-01-26,MTRX.TA,[8308.0736995],27
2025-01-27,MTRX.TA,[8306.47844193],28
2025-01-28,MTRX.TA,[8250.97575997],29
2025-01-29,MTRX.TA,[8192.64784339],30
2024-12-31,MAXO.TA,[1177.52769045],1
2025-01-01,MAXO.TA,[1190.94328892],2
2025-01-02,MAXO.TA,[1204.61719204],3
2025-01-03,MAXO.TA,[1187.00813331],4
2025-01-04,MAXO.TA,[1168.92553018],5
2025-01-05,MAXO.TA,[1176.78658466],6
2025-01-06,MAXO.TA,[1197.65593634],7
2025-01-07,MAXO.TA,[1215.02048509],8
2025-01-08,MAXO.TA,[1207.46589016],9
2025-01-09,MAXO.TA,[1192.29529928],10
2025-01-10,MAXO.TA,[1194.4796036],11
2025-01-11,MAXO.TA,[1158.03566843],12
2025-01-12,MAXO.TA,[1149.31763052],13
2025-01-13,MAXO.TA,[1162.19945162],14
2025-01-14,MAXO.TA,[1169.38863805],15
2025-01-15,MAXO.TA,[1192.65662354],16
2025-01-16,MAXO.TA,[1186.82709314],17
2025-01-17,MAXO.TA,[1204.71625512],18
2025-01-18,MAXO.TA,[1228.99786084],19
2025-01-19,MAXO.TA,[1225.61542334],20
2025-01-20,MAXO.TA,[1187.46717939],21
2025-01-21,MAXO.TA,[1217.99408143],22
2025-01-22,MAXO.TA,[1200.6177526],23
2025-01-23,MAXO.TA,[1214.9963934],24
2025-01-24,MAXO.TA,[1226.76441329],25
2025-01-25,MAXO.TA,[1238.85041788],26
2025-01-26,MAXO.TA,[1240.78321651],27
2025-01-27,MAXO.TA,[1246.72647715],28
2025-01-28,MAXO.TA,[1258.16970298],29
2025-01-29,MAXO.TA,[1316.23919712],30
2024-12-31,MTRN.TA,[1441.04855064],1
2025-01-01,MTRN.TA,[1035.90823424],2
2025-01-02,MTRN.TA,[739.99072161],3
2025-01-03,MTRN.TA,[1054.95463436],4
2025-01-04,MTRN.TA,[682.43575313],5
2025-01-05,MTRN.TA,[704.31049832],6
2025-01-06,MTRN.TA,[616.9795847],7
2025-01-07,MTRN.TA,[514.51170512],8
2025-01-08,MTRN.TA,[132.48150796],9
2025-01-09,MTRN.TA,[158.58578528],10
2025-01-10,MTRN.TA,[180.2300934],11
2025-01-11,MTRN.TA,[241.36393768],12
2025-01-12,MTRN.TA,[259.24001164],13
2025-01-13,MTRN.TA,[190.09526292],14
2025-01-14,MTRN.TA,[257.67812713],15
2025-01-15,MTRN.TA,[226.7965238],16
2025-01-16,MTRN.TA,[260.73097748],17
2025-01-17,MTRN.TA,[182.84320494],18
2025-01-18,MTRN.TA,[171.78896561],19
2025-01-19,MTRN.TA,[52.18632255],20
2025-01-20,MTRN.TA,[44.82879693],21
2025-01-21,MTRN.TA,[66.90561454],22
2025-01-22,MTRN.TA,[113.25308129],23
2025-01-23,MTRN.TA,[67.94349709],24
2025-01-24,MTRN.TA,[64.35077667],25
2025-01-25,MTRN.TA,[75.45429717],26
2025-01-26,MTRN.TA,[38.81481816],27
2025-01-27,MTRN.TA,[33.69883427],28
2025-01-28,MTRN.TA,[38.68920819],29
2025-01-29,MTRN.TA,[15.58893657],30
2024-12-31,MDPR.TA,[630.0148278],1
2025-01-01,MDPR.TA,[624.83504457],2
2025-01-02,MDPR.TA,[612.69618036],3
2025-01-03,MDPR.TA,[625.26603736],4
2025-01-04,MDPR.TA,[607.78450421],5
2025-01-05,MDPR.TA,[624.54526074],6
2025-01-06,MDPR.TA,[616.45772844],7
2025-01-07,MDPR.TA,[625.230354],8
2025-01-08,MDPR.TA,[627.6044913],9
2025-01-09,MDPR.TA,[624.32186682],10
2025-01-10,MDPR.TA,[626.68980281],11
2025-01-11,MDPR.TA,[637.00389679],12
2025-01-12,MDPR.TA,[624.54159895],13
2025-01-13,MDPR.TA,[632.58685346],14
2025-01-14,MDPR.TA,[641.29823286],15
2025-01-15,MDPR.TA,[627.80247178],16
2025-01-16,MDPR.TA,[633.12079582],17
2025-01-17,MDPR.TA,[641.39944134],18
2025-01-18,MDPR.TA,[641.21291151],19
2025-01-19,MDPR.TA,[638.71254533],20
2025-01-20,MDPR.TA,[658.18447894],21
2025-01-21,MDPR.TA,[656.64362008],22
2025-01-22,MDPR.TA,[657.04095292],23
2025-01-23,MDPR.TA,[665.77464226],24
2025-01-24,MDPR.TA,[675.53195816],25
2025-01-25,MDPR.TA,[669.13944664],26
2025-01-26,MDPR.TA,[690.5618461],27
2025-01-27,MDPR.TA,[684.74471435],28
2025-01-28,MDPR.TA,[672.18033112],29
2025-01-29,MDPR.TA,[681.07579557],30
2024-12-31,MPRS.TA,[550.3388782],1
2025-01-01,MPRS.TA,[-1782.30619276],2
2025-01-02,MPRS.TA,[-60519.43574721],3
2025-01-03,MPRS.TA,[873332.5037442],4
2025-01-04,MPRS.TA,[-915505.55491234],5
2025-01-05,MPRS.TA,[-5628629.09883831],6
2025-01-06,MPRS.TA,[-44431636.3557843],7
2025-01-07,MPRS.TA,[-1.50366662e+08],8
2025-01-08,MPRS.TA,[2.14350691e+09],9
2025-01-09,MPRS.TA,[1.60259403e+10],10
2025-01-10,MPRS.TA,[-5.94579117e+11],11
2025-01-11,MPRS.TA,[1.66932601e+13],12
2025-01-12,MPRS.TA,[-2.34832789e+14],13
2025-01-13,MPRS.TA,[-5.99135369e+15],14
2025-01-14,MPRS.TA,[-9.80517938e+16],15
2025-01-15,MPRS.TA,[1.08606105e+18],16
2025-01-16,MPRS.TA,[-5.08000856e+18],17
2025-01-17,MPRS.TA,[-7.78772609e+19],18
2025-01-18,MPRS.TA,[-2.61025233e+21],19
2025-01-19,MPRS.TA,[1.92897537e+22],20
2025-01-20,MPRS.TA,[-1.2448307e+22],21
2025-01-21,MPRS.TA,[5.3607202e+22],22
2025-01-22,MPRS.TA,[6.86328719e+23],23
2025-01-23,MPRS.TA,[4.80340735e+24],24
2025-01-24,MPRS.TA,[4.10530304e+25],25
2025-01-25,MPRS.TA,[-3.12079933e+26],26
2025-01-26,MPRS.TA,[-3.47050519e+27],27
2025-01-27,MPRS.TA,[-5.94766962e+27],28
2025-01-28,MPRS.TA,[-2.42288498e+28],29
2025-01-29,MPRS.TA,[3.28137953e+29],30
2024-12-31,MDTR.TA,[983.69985903],1
2025-01-01,MDTR.TA,[971.97000164],2
2025-01-02,MDTR.TA,[996.63277868],3
2025-01-03,MDTR.TA,[968.87449706],4
2025-01-04,MDTR.TA,[955.52422462],5
2025-01-05,MDTR.TA,[948.13104537],6
2025-01-06,MDTR.TA,[993.67711004],7
2025-01-07,MDTR.TA,[968.59145095],8
2025-01-08,MDTR.TA,[977.07850822],9
2025-01-09,MDTR.TA,[956.47246399],10
2025-01-10,MDTR.TA,[964.63003707],11
2025-01-11,MDTR.TA,[976.43991022],12
2025-01-12,MDTR.TA,[1003.7019946],13
2025-01-13,MDTR.TA,[979.27962888],14
2025-01-14,MDTR.TA,[990.08818707],15
2025-01-15,MDTR.TA,[1013.5165147],16
2025-01-16,MDTR.TA,[992.75084672],17
2025-01-17,MDTR.TA,[993.04376902],18
2025-01-18,MDTR.TA,[995.87149079],19
2025-01-19,MDTR.TA,[1009.67572206],20
2025-01-20,MDTR.TA,[996.77206757],21
2025-01-21,MDTR.TA,[997.32446819],22
2025-01-22,MDTR.TA,[990.22560003],23
2025-01-23,MDTR.TA,[974.59609453],24
2025-01-24,MDTR.TA,[985.90196531],25
2025-01-25,MDTR.TA,[973.65700869],26
2025-01-26,MDTR.TA,[983.80898672],27
2025-01-27,MDTR.TA,[1016.34652683],28
2025-01-28,MDTR.TA,[1020.13171833],29
2025-01-29,MDTR.TA,[1006.4866968],30
2024-12-31,MGOR.TA,[11755.55101833],1
2025-01-01,MGOR.TA,[11449.71497757],2
2025-01-02,MGOR.TA,[11663.56540991],3
2025-01-03,MGOR.TA,[11870.79442019],4
2025-01-04,MGOR.TA,[11374.39722689],5
2025-01-05,MGOR.TA,[11545.96911927],6
2025-01-06,MGOR.TA,[11561.18605498],7
2025-01-07,MGOR.TA,[11299.7953072],8
2025-01-08,MGOR.TA,[11398.52179411],9
2025-01-09,MGOR.TA,[11526.7703895],10
2025-01-10,MGOR.TA,[11719.56604091],11
2025-01-11,MGOR.TA,[11712.12240016],12
2025-01-12,MGOR.TA,[11929.34238872],13
2025-01-13,MGOR.TA,[11848.27137428],14
2025-01-14,MGOR.TA,[11677.71111793],15
2025-01-15,MGOR.TA,[12087.43016447],16
2025-01-16,MGOR.TA,[11898.78083285],17
2025-01-17,MGOR.TA,[11856.78697773],18
2025-01-18,MGOR.TA,[11898.62808258],19
2025-01-19,MGOR.TA,[12013.9493105],20
2025-01-20,MGOR.TA,[12186.13608523],21
2025-01-21,MGOR.TA,[11974.00523399],22
2025-01-22,MGOR.TA,[11744.00787703],23
2025-01-23,MGOR.TA,[12000.12033571],24
2025-01-24,MGOR.TA,[12427.90364357],25
2025-01-25,MGOR.TA,[12842.56648686],26
2025-01-26,MGOR.TA,[12649.64529974],27
2025-01-27,MGOR.TA,[13007.27897293],28
2025-01-28,MGOR.TA,[13429.39528703],29
2025-01-29,MGOR.TA,[13321.94795295],30
2024-12-31,MEDN.TA,[17737.24497139],1
2025-01-01,MEDN.TA,[17444.88932873],2
2025-01-02,MEDN.TA,[18067.17023066],3
2025-01-03,MEDN.TA,[17858.58215273],4
2025-01-04,MEDN.TA,[18367.77076896],5
2025-01-05,MEDN.TA,[18480.32047408],6
2025-01-06,MEDN.TA,[17864.45088656],7
2025-01-07,MEDN.TA,[18149.18211349],8
2025-01-08,MEDN.TA,[18294.74838225],9
2025-01-09,MEDN.TA,[18131.39276333],10
2025-01-10,MEDN.TA,[18781.57640169],11
2025-01-11,MEDN.TA,[18880.26461824],12
2025-01-12,MEDN.TA,[18529.19263279],13
2025-01-13,MEDN.TA,[18248.87570167],14
2025-01-14,MEDN.TA,[18130.02860215],15
2025-01-15,MEDN.TA,[18274.05927348],16
2025-01-16,MEDN.TA,[18494.10920608],17
2025-01-17,MEDN.TA,[17562.38188284],18
2025-01-18,MEDN.TA,[17846.47891989],19
2025-01-19,MEDN.TA,[18265.89837234],20
2025-01-20,MEDN.TA,[18188.81238944],21
2025-01-21,MEDN.TA,[18384.32321993],22
2025-01-22,MEDN.TA,[18621.8845097],23
2025-01-23,MEDN.TA,[18204.1258375],24
2025-01-24,MEDN.TA,[18216.22631459],25
2025-01-25,MEDN.TA,[18647.12842542],26
2025-01-26,MEDN.TA,[18918.0270503],27
2025-01-27,MEDN.TA,[19430.89265584],28
2025-01-28,MEDN.TA,[19201.19676621],29
2025-01-29,MEDN.TA,[19083.26258314],30
2024-12-31,MLSR.TA,[31908.39883548],1
2025-01-01,MLSR.TA,[31677.8006086],2
2025-01-02,MLSR.TA,[31993.10866731],3
2025-01-03,MLSR.TA,[31602.88472935],4
2025-01-04,MLSR.TA,[31227.07707113],5
2025-01-05,MLSR.TA,[30881.55625359],6
2025-01-06,MLSR.TA,[30376.81409705],7
2025-01-07,MLSR.TA,[30260.04247991],8
2025-01-08,MLSR.TA,[30847.00827811],9
2025-01-09,MLSR.TA,[31656.38858409],10
2025-01-10,MLSR.TA,[32142.95782253],11
2025-01-11,MLSR.TA,[33016.22704203],12
2025-01-12,MLSR.TA,[33018.06797761],13
2025-01-13,MLSR.TA,[32383.50721336],14
2025-01-14,MLSR.TA,[32780.57185461],15
2025-01-15,MLSR.TA,[32577.57509513],16
2025-01-16,MLSR.TA,[32882.4038454],17
2025-01-17,MLSR.TA,[32264.75394921],18
2025-01-18,MLSR.TA,[32592.96191892],19
2025-01-19,MLSR.TA,[32064.30982951],20
2025-01-20,MLSR.TA,[32681.36211714],21
2025-01-21,MLSR.TA,[32405.16669937],22
2025-01-22,MLSR.TA,[32583.86272219],23
2025-01-23,MLSR.TA,[32706.70918482],24
2025-01-24,MLSR.TA,[32619.83727475],25
2025-01-25,MLSR.TA,[32354.4881037],26
2025-01-26,MLSR.TA,[31989.4358084],27
2025-01-27,MLSR.TA,[31782.91648054],28
2025-01-28,MLSR.TA,[31876.5666079],29
2025-01-29,MLSR.TA,[32497.88442181],30
2024-12-31,MNIN.TA,[1365.3609884],1
2025-01-01,MNIN.TA,[1419.04666985],2
2025-01-02,MNIN.TA,[1418.02091848],3
2025-01-03,MNIN.TA,[1401.95608388],4
2025-01-04,MNIN.TA,[1438.77537203],5
2025-01-05,MNIN.TA,[1435.91857574],6
2025-01-06,MNIN.TA,[1461.31276758],7
2025-01-07,MNIN.TA,[1530.89817313],8
2025-01-08,MNIN.TA,[1526.920658],9
2025-01-09,MNIN.TA,[1496.42773855],10
2025-01-10,MNIN.TA,[1543.22810805],11
2025-01-11,MNIN.TA,[1531.97908896],12
2025-01-12,MNIN.TA,[1555.29939304],13
2025-01-13,MNIN.TA,[1532.15633604],14
2025-01-14,MNIN.TA,[1512.39255447],15
2025-01-15,MNIN.TA,[1518.90192539],16
2025-01-16,MNIN.TA,[1469.94828052],17
2025-01-17,MNIN.TA,[1448.22688892],18
2025-01-18,MNIN.TA,[1472.77234082],19
2025-01-19,MNIN.TA,[1482.84231204],20
2025-01-20,MNIN.TA,[1513.43493896],21
2025-01-21,MNIN.TA,[1573.77017991],22
2025-01-22,MNIN.TA,[1579.89283171],23
2025-01-23,MNIN.TA,[1551.39626117],24
2025-01-24,MNIN.TA,[1559.76970052],25
2025-01-25,MNIN.TA,[1542.30198024],26
2025-01-26,MNIN.TA,[1543.76781],27
2025-01-27,MNIN.TA,[1525.00293861],28
2025-01-28,MNIN.TA,[1567.02442031],29
2025-01-29,MNIN.TA,[1575.86235647],30
2024-12-31,MNIF.TA,[1505.50369938],1
2025-01-01,MNIF.TA,[1504.74084544],2
2025-01-02,MNIF.TA,[1485.85701648],3
2025-01-03,MNIF.TA,[1492.5236019],4
2025-01-04,MNIF.TA,[1496.40675626],5
2025-01-05,MNIF.TA,[1479.23631014],6
2025-01-06,MNIF.TA,[1474.16362925],7
2025-01-07,MNIF.TA,[1477.74631709],8
2025-01-08,MNIF.TA,[1495.22907273],9
2025-01-09,MNIF.TA,[1517.72348504],10
2025-01-10,MNIF.TA,[1536.54763906],11
2025-01-11,MNIF.TA,[1539.05970054],12
2025-01-12,MNIF.TA,[1537.40696922],13
2025-01-13,MNIF.TA,[1550.85257576],14
2025-01-14,MNIF.TA,[1546.40180949],15
2025-01-15,MNIF.TA,[1563.30522096],16
2025-01-16,MNIF.TA,[1564.35716359],17
2025-01-17,MNIF.TA,[1564.11122774],18
2025-01-18,MNIF.TA,[1577.86253105],19
2025-01-19,MNIF.TA,[1553.42624472],20
2025-01-20,MNIF.TA,[1571.07850268],21
2025-01-21,MNIF.TA,[1576.69365503],22
2025-01-22,MNIF.TA,[1589.32921752],23
2025-01-23,MNIF.TA,[1603.98909992],24
2025-01-24,MNIF.TA,[1579.78117292],25
2025-01-25,MNIF.TA,[1562.15445357],26
2025-01-26,MNIF.TA,[1558.05016549],27
2025-01-27,MNIF.TA,[1570.99156965],28
2025-01-28,MNIF.TA,[1555.90280836],29
2025-01-29,MNIF.TA,[1600.35100758],30
2024-12-31,MNRT.TA,[202.75851959],1
2025-01-01,MNRT.TA,[208.45909284],2
2025-01-02,MNRT.TA,[212.4331372],3
2025-01-03,MNRT.TA,[213.36344331],4
2025-01-04,MNRT.TA,[210.90873208],5
2025-01-05,MNRT.TA,[208.78038421],6
2025-01-06,MNRT.TA,[209.45655665],7
2025-01-07,MNRT.TA,[212.45549227],8
2025-01-08,MNRT.TA,[216.82869386],9
2025-01-09,MNRT.TA,[215.56467466],10
2025-01-10,MNRT.TA,[216.94181614],11
2025-01-11,MNRT.TA,[215.3227062],12
2025-01-12,MNRT.TA,[220.88606753],13
2025-01-13,MNRT.TA,[227.0622336],14
2025-01-14,MNRT.TA,[228.70721277],15
2025-01-15,MNRT.TA,[232.11424656],16
2025-01-16,MNRT.TA,[231.08010872],17
2025-01-17,MNRT.TA,[225.69542678],18
2025-01-18,MNRT.TA,[223.45617229],19
2025-01-19,MNRT.TA,[221.96341271],20
2025-01-20,MNRT.TA,[225.26083429],21
2025-01-21,MNRT.TA,[223.57959006],22
2025-01-22,MNRT.TA,[224.24102387],23
2025-01-23,MNRT.TA,[225.78419044],24
2025-01-24,MNRT.TA,[221.19219586],25
2025-01-25,MNRT.TA,[225.09597371],26
2025-01-26,MNRT.TA,[225.60411316],27
2025-01-27,MNRT.TA,[224.55986013],28
2025-01-28,MNRT.TA,[226.00268594],29
2025-01-29,MNRT.TA,[224.50524733],30
2024-12-31,MMHD.TA,[12853.3376747],1
2025-01-01,MMHD.TA,[13120.33582316],2
2025-01-02,MMHD.TA,[13262.06922539],3
2025-01-03,MMHD.TA,[13305.82704614],4
2025-01-04,MMHD.TA,[13533.15203247],5
2025-01-05,MMHD.TA,[13602.6746743],6
2025-01-06,MMHD.TA,[13538.83714197],7
2025-01-07,MMHD.TA,[13296.33480651],8
2025-01-08,MMHD.TA,[13110.45777479],9
2025-01-09,MMHD.TA,[12885.6257896],10
2025-01-10,MMHD.TA,[12712.22917173],11
2025-01-11,MMHD.TA,[12620.7819124],12
2025-01-12,MMHD.TA,[12995.64157528],13
2025-01-13,MMHD.TA,[13157.56532506],14
2025-01-14,MMHD.TA,[13249.03920345],15
2025-01-15,MMHD.TA,[13512.60094134],16
2025-01-16,MMHD.TA,[13369.66015455],17
2025-01-17,MMHD.TA,[13398.48916499],18
2025-01-18,MMHD.TA,[13647.13510851],19
2025-01-19,MMHD.TA,[13872.11149459],20
2025-01-20,MMHD.TA,[14048.10131861],21
2025-01-21,MMHD.TA,[14211.95054088],22
2025-01-22,MMHD.TA,[14359.70283184],23
2025-01-23,MMHD.TA,[14120.9569494],24
2025-01-24,MMHD.TA,[14191.53311159],25
2025-01-25,MMHD.TA,[14266.12184549],26
2025-01-26,MMHD.TA,[14406.05235828],27
2025-01-27,MMHD.TA,[14283.60439365],28
2025-01-28,MMHD.TA,[14354.7216304],29
2025-01-29,MMHD.TA,[14255.41752479],30
2024-12-31,CMER.TA,[2073.15091864],1
2025-01-01,CMER.TA,[1977.92493505],2
2025-01-02,CMER.TA,[1933.96401822],3
2025-01-03,CMER.TA,[2000.2443685],4
2025-01-04,CMER.TA,[1969.31828623],5
2025-01-05,CMER.TA,[1977.38164096],6
2025-01-06,CMER.TA,[1973.8341042],7
2025-01-07,CMER.TA,[2041.91092199],8
2025-01-08,CMER.TA,[2008.38679631],9
2025-01-09,CMER.TA,[2012.67220614],10
2025-01-10,CMER.TA,[1981.42080938],11
2025-01-11,CMER.TA,[1958.02288062],12
2025-01-12,CMER.TA,[1986.64586586],13
2025-01-13,CMER.TA,[1964.25710612],14
2025-01-14,CMER.TA,[2040.73286622],15
2025-01-15,CMER.TA,[2104.91269498],16
2025-01-16,CMER.TA,[2087.82082768],17
2025-01-17,CMER.TA,[2102.26705226],18
2025-01-18,CMER.TA,[2086.06258942],19
2025-01-19,CMER.TA,[2089.27238983],20
2025-01-20,CMER.TA,[2092.66789003],21
2025-01-21,CMER.TA,[2055.53946335],22
2025-01-22,CMER.TA,[1985.94014672],23
2025-01-23,CMER.TA,[1984.26704533],24
2025-01-24,CMER.TA,[2018.53069355],25
2025-01-25,CMER.TA,[2066.93907108],26
2025-01-26,CMER.TA,[2062.08053746],27
2025-01-27,CMER.TA,[2086.06676016],28
2025-01-28,CMER.TA,[2171.28690492],29
2025-01-29,CMER.TA,[2238.66270882],30
2024-12-31,MRHL.TA,[43.24621902],1
2025-01-01,MRHL.TA,[56.03759257],2
2025-01-02,MRHL.TA,[54.28185657],3
2025-01-03,MRHL.TA,[122.69680956],4
2025-01-04,MRHL.TA,[66.72939435],5
2025-01-05,MRHL.TA,[81.39685249],6
2025-01-06,MRHL.TA,[104.82838827],7
2025-01-07,MRHL.TA,[211.91323963],8
2025-01-08,MRHL.TA,[94.42775066],9
2025-01-09,MRHL.TA,[68.41923],10
2025-01-10,MRHL.TA,[17.58475495],11
2025-01-11,MRHL.TA,[14.72674839],12
2025-01-12,MRHL.TA,[6.84485669],13
2025-01-13,MRHL.TA,[5.58377162],14
2025-01-14,MRHL.TA,[10.54014317],15
2025-01-15,MRHL.TA,[9.06851472],16
2025-01-16,MRHL.TA,[15.25424218],17
2025-01-17,MRHL.TA,[16.94222271],18
2025-01-18,MRHL.TA,[30.10087469],19
2025-01-19,MRHL.TA,[25.60966972],20
2025-01-20,MRHL.TA,[17.89580052],21
2025-01-21,MRHL.TA,[12.39240272],22
2025-01-22,MRHL.TA,[6.19024084],23
2025-01-23,MRHL.TA,[7.85989268],24
2025-01-24,MRHL.TA,[12.7427357],25
2025-01-25,MRHL.TA,[20.5179012],26
2025-01-26,MRHL.TA,[21.25170971],27
2025-01-27,MRHL.TA,[16.00960038],28
2025-01-28,MRHL.TA,[32.19621422],29
2025-01-29,MRHL.TA,[32.96795106],30
2024-12-31,MSKE.TA,[256.21705093],1
2025-01-01,MSKE.TA,[260.14828028],2
2025-01-02,MSKE.TA,[262.16579508],3
2025-01-03,MSKE.TA,[270.60715541],4
2025-01-04,MSKE.TA,[285.34525698],5
2025-01-05,MSKE.TA,[293.78338276],6
2025-01-06,MSKE.TA,[305.72444554],7
2025-01-07,MSKE.TA,[307.12712093],8
2025-01-08,MSKE.TA,[319.50507744],9
2025-01-09,MSKE.TA,[323.76642293],10
2025-01-10,MSKE.TA,[321.53796625],11
2025-01-11,MSKE.TA,[320.01834544],12
2025-01-12,MSKE.TA,[339.528429],13
2025-01-13,MSKE.TA,[363.01387677],14
2025-01-14,MSKE.TA,[370.54064858],15
2025-01-15,MSKE.TA,[361.93519256],16
2025-01-16,MSKE.TA,[374.68300191],17
2025-01-17,MSKE.TA,[382.43850022],18
2025-01-18,MSKE.TA,[385.70689445],19
2025-01-19,MSKE.TA,[379.89915718],20
2025-01-20,MSKE.TA,[347.54553022],21
2025-01-21,MSKE.TA,[344.90136468],22
2025-01-22,MSKE.TA,[375.29167084],23
2025-01-23,MSKE.TA,[382.09113791],24
2025-01-24,MSKE.TA,[374.5080248],25
2025-01-25,MSKE.TA,[374.06252334],26
2025-01-26,MSKE.TA,[392.39484563],27
2025-01-27,MSKE.TA,[394.67171516],28
2025-01-28,MSKE.TA,[399.69564076],29
2025-01-29,MSKE.TA,[423.55410998],30
2024-12-31,MGRT.TA,[561.022844],1
2025-01-01,MGRT.TA,[552.28756529],2
2025-01-02,MGRT.TA,[557.7502961],3
2025-01-03,MGRT.TA,[568.38211725],4
2025-01-04,MGRT.TA,[562.39699705],5
2025-01-05,MGRT.TA,[579.3717425],6
2025-01-06,MGRT.TA,[586.53342718],7
2025-01-07,MGRT.TA,[586.16931692],8
2025-01-08,MGRT.TA,[567.82052952],9
2025-01-09,MGRT.TA,[575.51933903],10
2025-01-10,MGRT.TA,[590.78780273],11
2025-01-11,MGRT.TA,[598.26778466],12
2025-01-12,MGRT.TA,[615.93322967],13
2025-01-13,MGRT.TA,[619.72875057],14
2025-01-14,MGRT.TA,[610.64359647],15
2025-01-15,MGRT.TA,[606.95514113],16
2025-01-16,MGRT.TA,[607.96900597],17
2025-01-17,MGRT.TA,[622.98383621],18
2025-01-18,MGRT.TA,[608.34685145],19
2025-01-19,MGRT.TA,[607.01056471],20
2025-01-20,MGRT.TA,[593.11757046],21
2025-01-21,MGRT.TA,[594.06330066],22
2025-01-22,MGRT.TA,[601.12796257],23
2025-01-23,MGRT.TA,[599.20492369],24
2025-01-24,MGRT.TA,[598.83039799],25
2025-01-25,MGRT.TA,[594.19837908],26
2025-01-26,MGRT.TA,[606.53942924],27
2025-01-27,MGRT.TA,[599.97954494],28
2025-01-28,MGRT.TA,[601.67414397],29
2025-01-29,MGRT.TA,[593.33207134],30
2024-12-31,MIA.TA,[39.31323419],1
2025-01-01,MIA.TA,[36.28430717],2
2025-01-02,MIA.TA,[40.53845237],3
2025-01-03,MIA.TA,[41.6869331],4
2025-01-04,MIA.TA,[42.45800686],5
2025-01-05,MIA.TA,[41.25716012],6
2025-01-06,MIA.TA,[34.21793573],7
2025-01-07,MIA.TA,[31.43460211],8
2025-01-08,MIA.TA,[28.95173105],9
2025-01-09,MIA.TA,[30.5015117],10
2025-01-10,MIA.TA,[32.7650493],11
2025-01-11,MIA.TA,[34.55286282],12
2025-01-12,MIA.TA,[30.18766152],13
2025-01-13,MIA.TA,[30.68134814],14
2025-01-14,MIA.TA,[32.48943449],15
2025-01-15,MIA.TA,[30.55731918],16
2025-01-16,MIA.TA,[35.22397845],17
2025-01-17,MIA.TA,[40.40997277],18
2025-01-18,MIA.TA,[47.60939676],19
2025-01-19,MIA.TA,[51.70646699],20
2025-01-20,MIA.TA,[56.48352862],21
2025-01-21,MIA.TA,[63.20927691],22
2025-01-22,MIA.TA,[55.31223701],23
2025-01-23,MIA.TA,[56.67829741],24
2025-01-24,MIA.TA,[58.77329469],25
2025-01-25,MIA.TA,[55.27370804],26
2025-01-26,MIA.TA,[53.90569651],27
2025-01-27,MIA.TA,[52.88504971],28
2025-01-28,MIA.TA,[48.03972503],29
2025-01-29,MIA.TA,[44.3145998],30
2024-12-31,MCLL.TA,[885.26250711],1
2025-01-01,MCLL.TA,[863.15342673],2
2025-01-02,MCLL.TA,[870.17276145],3
2025-01-03,MCLL.TA,[928.12030102],4
2025-01-04,MCLL.TA,[907.63265722],5
2025-01-05,MCLL.TA,[950.30464545],6
2025-01-06,MCLL.TA,[989.99551154],7
2025-01-07,MCLL.TA,[992.77278993],8
2025-01-08,MCLL.TA,[989.74233638],9
2025-01-09,MCLL.TA,[1032.25979072],10
2025-01-10,MCLL.TA,[1041.72008467],11
2025-01-11,MCLL.TA,[1010.67348867],12
2025-01-12,MCLL.TA,[1083.07050933],13
2025-01-13,MCLL.TA,[1060.50655877],14
2025-01-14,MCLL.TA,[1025.80126041],15
2025-01-15,MCLL.TA,[1057.96563096],16
2025-01-16,MCLL.TA,[1033.67723198],17
2025-01-17,MCLL.TA,[1049.39138669],18
2025-01-18,MCLL.TA,[1090.48528992],19
2025-01-19,MCLL.TA,[1115.10339839],20
2025-01-20,MCLL.TA,[1108.25989508],21
2025-01-21,MCLL.TA,[1093.76989616],22
2025-01-22,MCLL.TA,[1098.35674968],23
2025-01-23,MCLL.TA,[1040.26901762],24
2025-01-24,MCLL.TA,[1056.46552417],25
2025-01-25,MCLL.TA,[1103.92250181],26
2025-01-26,MCLL.TA,[1109.27441774],27
2025-01-27,MCLL.TA,[1104.71209037],28
2025-01-28,MCLL.TA,[1093.86431914],29
2025-01-29,MCLL.TA,[1106.36768619],30
2024-12-31,MCMN.TA,[23033.55196804],1
2025-01-01,MCMN.TA,[23159.08437402],2
2025-01-02,MCMN.TA,[22936.93639786],3
2025-01-03,MCMN.TA,[22987.53850987],4
2025-01-04,MCMN.TA,[23519.58181491],5
2025-01-05,MCMN.TA,[23055.29647906],6
2025-01-06,MCMN.TA,[23229.78677435],7
2025-01-07,MCMN.TA,[23387.91322844],8
2025-01-08,MCMN.TA,[24014.1604226],9
2025-01-09,MCMN.TA,[24560.70113673],10
2025-01-10,MCMN.TA,[24592.09142488],11
2025-01-11,MCMN.TA,[24565.10056273],12
2025-01-12,MCMN.TA,[24366.6155981],13
2025-01-13,MCMN.TA,[24501.10484521],14
2025-01-14,MCMN.TA,[24893.48699711],15
2025-01-15,MCMN.TA,[25173.48101062],16
2025-01-16,MCMN.TA,[24984.54150837],17
2025-01-17,MCMN.TA,[25407.3415183],18
2025-01-18,MCMN.TA,[25654.21898221],19
2025-01-19,MCMN.TA,[25830.98141649],20
2025-01-20,MCMN.TA,[25711.36679638],21
2025-01-21,MCMN.TA,[25616.15990636],22
2025-01-22,MCMN.TA,[25694.26036701],23
2025-01-23,MCMN.TA,[26107.01112827],24
2025-01-24,MCMN.TA,[25933.68140733],25
2025-01-25,MCMN.TA,[25771.92189611],26
2025-01-26,MCMN.TA,[25809.99518154],27
2025-01-27,MCMN.TA,[25967.02877507],28
2025-01-28,MCMN.TA,[26547.69393184],29
2025-01-29,MCMN.TA,[26587.71852441],30
2024-12-31,MCRNT.TA,[211.15775641],1
2025-01-01,MCRNT.TA,[195.78635188],2
2025-01-02,MCRNT.TA,[205.63562605],3
2025-01-03,MCRNT.TA,[187.58460787],4
2025-01-04,MCRNT.TA,[211.14641108],5
2025-01-05,MCRNT.TA,[226.88738079],6
2025-01-06,MCRNT.TA,[226.38221461],7
2025-01-07,MCRNT.TA,[238.38154125],8
2025-01-08,MCRNT.TA,[239.93897272],9
2025-01-09,MCRNT.TA,[248.29484627],10
2025-01-10,MCRNT.TA,[271.49402638],11
2025-01-11,MCRNT.TA,[260.61438812],12
2025-01-12,MCRNT.TA,[231.30500484],13
2025-01-13,MCRNT.TA,[253.9027573],14
2025-01-14,MCRNT.TA,[261.09507913],15
2025-01-15,MCRNT.TA,[269.02652078],16
2025-01-16,MCRNT.TA,[276.57203141],17
2025-01-17,MCRNT.TA,[275.01905089],18
2025-01-18,MCRNT.TA,[306.45830694],19
2025-01-19,MCRNT.TA,[334.63406308],20
2025-01-20,MCRNT.TA,[332.9059716],21
2025-01-21,MCRNT.TA,[328.90191844],22
2025-01-22,MCRNT.TA,[363.66665907],23
2025-01-23,MCRNT.TA,[332.02781649],24
2025-01-24,MCRNT.TA,[360.46528251],25
2025-01-25,MCRNT.TA,[327.04968832],26
2025-01-26,MCRNT.TA,[336.98155366],27
2025-01-27,MCRNT.TA,[346.05709761],28
2025-01-28,MCRNT.TA,[357.73736253],29
2025-01-29,MCRNT.TA,[343.77504414],30
2024-12-31,MGDL.TA,[663.4998354],1
2025-01-01,MGDL.TA,[665.99383065],2
2025-01-02,MGDL.TA,[660.71332717],3
2025-01-03,MGDL.TA,[646.23183689],4
2025-01-04,MGDL.TA,[646.92406508],5
2025-01-05,MGDL.TA,[636.69150413],6
2025-01-06,MGDL.TA,[631.34432095],7
2025-01-07,MGDL.TA,[627.14333869],8
2025-01-08,MGDL.TA,[636.74239831],9
2025-01-09,MGDL.TA,[651.68819461],10
2025-01-10,MGDL.TA,[645.0271677],11
2025-01-11,MGDL.TA,[658.6242314],12
2025-01-12,MGDL.TA,[663.57815425],13
2025-01-13,MGDL.TA,[678.64380341],14
2025-01-14,MGDL.TA,[682.80116256],15
2025-01-15,MGDL.TA,[679.23985976],16
2025-01-16,MGDL.TA,[705.99954562],17
2025-01-17,MGDL.TA,[712.29449518],18
2025-01-18,MGDL.TA,[722.2962329],19
2025-01-19,MGDL.TA,[701.27265444],20
2025-01-20,MGDL.TA,[698.80843117],21
2025-01-21,MGDL.TA,[702.20751279],22
2025-01-22,MGDL.TA,[712.06866158],23
2025-01-23,MGDL.TA,[725.21463913],24
2025-01-24,MGDL.TA,[716.54858969],25
2025-01-25,MGDL.TA,[719.43633509],26
2025-01-26,MGDL.TA,[712.70037151],27
2025-01-27,MGDL.TA,[725.97310823],28
2025-01-28,MGDL.TA,[741.46992793],29
2025-01-29,MGDL.TA,[765.59929367],30
2024-12-31,MIFT.TA,[141.22380237],1
2025-01-01,MIFT.TA,[127.57997233],2
2025-01-02,MIFT.TA,[121.44522804],3
2025-01-03,MIFT.TA,[123.35851887],4
2025-01-04,MIFT.TA,[146.34919682],5
2025-01-05,MIFT.TA,[208.23104872],6
2025-01-06,MIFT.TA,[278.24046116],7
2025-01-07,MIFT.TA,[331.02500273],8
2025-01-08,MIFT.TA,[359.42154131],9
2025-01-09,MIFT.TA,[187.56975266],10
2025-01-10,MIFT.TA,[183.80288295],11
2025-01-11,MIFT.TA,[202.68542861],12
2025-01-12,MIFT.TA,[124.1249027],13
2025-01-13,MIFT.TA,[145.71296749],14
2025-01-14,MIFT.TA,[108.38826629],15
2025-01-15,MIFT.TA,[99.15630557],16
2025-01-16,MIFT.TA,[92.45016716],17
2025-01-17,MIFT.TA,[90.77386969],18
2025-01-18,MIFT.TA,[110.64591717],19
2025-01-19,MIFT.TA,[122.32856177],20
2025-01-20,MIFT.TA,[152.63015895],21
2025-01-21,MIFT.TA,[184.85926193],22
2025-01-22,MIFT.TA,[187.73330749],23
2025-01-23,MIFT.TA,[172.28386948],24
2025-01-24,MIFT.TA,[108.09400708],25
2025-01-25,MIFT.TA,[104.46002557],26
2025-01-26,MIFT.TA,[121.47030445],27
2025-01-27,MIFT.TA,[123.80044698],28
2025-01-28,MIFT.TA,[124.35368703],29
2025-01-29,MIFT.TA,[106.60949036],30
2024-12-31,MLD.TA,[0.01780899],1
2025-01-01,MLD.TA,[0.02954447],2
2025-01-02,MLD.TA,[0.03648306],3
2025-01-03,MLD.TA,[0.03493919],4
2025-01-04,MLD.TA,[0.04580121],5
2025-01-05,MLD.TA,[0.03772548],6
2025-01-06,MLD.TA,[0.03841706],7
2025-01-07,MLD.TA,[0.01593805],8
2025-01-08,MLD.TA,[0.01625186],9
2025-01-09,MLD.TA,[0.01469943],10
2025-01-10,MLD.TA,[0.0214244],11
2025-01-11,MLD.TA,[0.01775269],12
2025-01-12,MLD.TA,[0.01286342],13
2025-01-13,MLD.TA,[0.01659238],14
2025-01-14,MLD.TA,[0.01790728],15
2025-01-15,MLD.TA,[0.01539067],16
2025-01-16,MLD.TA,[0.02000432],17
2025-01-17,MLD.TA,[0.03775951],18
2025-01-18,MLD.TA,[0.04987763],19
2025-01-19,MLD.TA,[0.04319867],20
2025-01-20,MLD.TA,[0.0709111],21
2025-01-21,MLD.TA,[0.09693131],22
2025-01-22,MLD.TA,[0.10784423],23
2025-01-23,MLD.TA,[0.03295066],24
2025-01-24,MLD.TA,[0.02941261],25
2025-01-25,MLD.TA,[0.03492498],26
2025-01-26,MLD.TA,[0.03154058],27
2025-01-27,MLD.TA,[0.02913353],28
2025-01-28,MLD.TA,[0.02720988],29
2025-01-29,MLD.TA,[0.02179175],30
2024-12-31,MSHR.TA,[687.69714659],1
2025-01-01,MSHR.TA,[690.53315204],2
2025-01-02,MSHR.TA,[699.06556743],3
2025-01-03,MSHR.TA,[701.94161653],4
2025-01-04,MSHR.TA,[705.67527421],5
2025-01-05,MSHR.TA,[693.6385052],6
2025-01-06,MSHR.TA,[692.19396967],7
2025-01-07,MSHR.TA,[686.98624037],8
2025-01-08,MSHR.TA,[687.57832643],9
2025-01-09,MSHR.TA,[681.3292868],10
2025-01-10,MSHR.TA,[691.01545831],11
2025-01-11,MSHR.TA,[689.30916054],12
2025-01-12,MSHR.TA,[697.84325363],13
2025-01-13,MSHR.TA,[705.42033117],14
2025-01-14,MSHR.TA,[716.63032991],15
2025-01-15,MSHR.TA,[716.66682755],16
2025-01-16,MSHR.TA,[711.8316329],17
2025-01-17,MSHR.TA,[716.57485792],18
2025-01-18,MSHR.TA,[723.98272954],19
2025-01-19,MSHR.TA,[727.62152007],20
2025-01-20,MSHR.TA,[732.32872357],21
2025-01-21,MSHR.TA,[735.15233542],22
2025-01-22,MSHR.TA,[747.54802376],23
2025-01-23,MSHR.TA,[758.64585264],24
2025-01-24,MSHR.TA,[764.02175504],25
2025-01-25,MSHR.TA,[757.42653363],26
2025-01-26,MSHR.TA,[758.09416575],27
2025-01-27,MSHR.TA,[759.93352788],28
2025-01-28,MSHR.TA,[748.47410992],29
2025-01-29,MSHR.TA,[750.55103325],30
2024-12-31,MVNE.TA,[1036.42542787],1
2025-01-01,MVNE.TA,[1031.97984506],2
2025-01-02,MVNE.TA,[1044.34400352],3
2025-01-03,MVNE.TA,[1030.20008581],4
2025-01-04,MVNE.TA,[1023.95894103],5
2025-01-05,MVNE.TA,[1020.14776318],6
2025-01-06,MVNE.TA,[1010.5637632],7
2025-01-07,MVNE.TA,[1021.56906144],8
2025-01-08,MVNE.TA,[1019.22339094],9
2025-01-09,MVNE.TA,[1030.58460664],10
2025-01-10,MVNE.TA,[1019.0977311],11
2025-01-11,MVNE.TA,[1006.58812064],12
2025-01-12,MVNE.TA,[1004.24257704],13
2025-01-13,MVNE.TA,[1015.35288093],14
2025-01-14,MVNE.TA,[1024.14949841],15
2025-01-15,MVNE.TA,[1039.64372076],16
2025-01-16,MVNE.TA,[1063.0497175],17
2025-01-17,MVNE.TA,[1064.83402329],18
2025-01-18,MVNE.TA,[1084.32559465],19
2025-01-19,MVNE.TA,[1087.23645962],20
2025-01-20,MVNE.TA,[1079.70160593],21
2025-01-21,MVNE.TA,[1074.67904234],22
2025-01-22,MVNE.TA,[1049.37738517],23
2025-01-23,MVNE.TA,[1055.68462152],24
2025-01-24,MVNE.TA,[1077.31506478],25
2025-01-25,MVNE.TA,[1074.18625785],26
2025-01-26,MVNE.TA,[1120.54045995],27
2025-01-27,MVNE.TA,[1139.11569897],28
2025-01-28,MVNE.TA,[1147.83478893],29
2025-01-29,MVNE.TA,[1170.12675043],30
2024-12-31,MISH.TA,[19111.94167184],1
2025-01-01,MISH.TA,[18627.08704104],2
2025-01-02,MISH.TA,[20796.61407769],3
2025-01-03,MISH.TA,[22570.43327557],4
2025-01-04,MISH.TA,[21552.33775715],5
2025-01-05,MISH.TA,[21473.51722966],6
2025-01-06,MISH.TA,[22697.21168831],7
2025-01-07,MISH.TA,[24299.85494606],8
2025-01-08,MISH.TA,[28852.29364182],9
2025-01-09,MISH.TA,[28292.55158996],10
2025-01-10,MISH.TA,[31191.8957125],11
2025-01-11,MISH.TA,[34818.80290127],12
2025-01-12,MISH.TA,[34946.50914802],13
2025-01-13,MISH.TA,[28661.45367728],14
2025-01-14,MISH.TA,[25728.67875714],15
2025-01-15,MISH.TA,[28751.13439885],16
2025-01-16,MISH.TA,[26325.16018665],17
2025-01-17,MISH.TA,[28379.87608436],18
2025-01-18,MISH.TA,[28103.73090113],19
2025-01-19,MISH.TA,[28607.51480079],20
2025-01-20,MISH.TA,[25986.0832725],21
2025-01-21,MISH.TA,[27980.58443148],22
2025-01-22,MISH.TA,[27667.45191575],23
2025-01-23,MISH.TA,[28667.35993806],24
2025-01-24,MISH.TA,[25673.24131971],25
2025-01-25,MISH.TA,[23603.16427937],26
2025-01-26,MISH.TA,[23178.08208639],27
2025-01-27,MISH.TA,[23336.65518043],28
2025-01-28,MISH.TA,[18765.30740154],29
2025-01-29,MISH.TA,[17872.0837108],30
2024-12-31,MZTF.TA,[15193.06800697],1
2025-01-01,MZTF.TA,[15080.78922973],2
2025-01-02,MZTF.TA,[15095.55549851],3
2025-01-03,MZTF.TA,[14883.90212703],4
2025-01-04,MZTF.TA,[15006.31265789],5
2025-01-05,MZTF.TA,[14907.62624059],6
2025-01-06,MZTF.TA,[14940.0104396],7
2025-01-07,MZTF.TA,[14936.33161311],8
2025-01-08,MZTF.TA,[14961.19573731],9
2025-01-09,MZTF.TA,[15133.28095279],10
2025-01-10,MZTF.TA,[15213.85600001],11
2025-01-11,MZTF.TA,[15324.56577457],12
2025-01-12,MZTF.TA,[14833.09956028],13
2025-01-13,MZTF.TA,[14943.00661998],14
2025-01-14,MZTF.TA,[14993.41176698],15
2025-01-15,MZTF.TA,[15010.28580979],16
2025-01-16,MZTF.TA,[15143.88688843],17
2025-01-17,MZTF.TA,[15154.32662208],18
2025-01-18,MZTF.TA,[15391.14653175],19
2025-01-19,MZTF.TA,[15108.62827547],20
2025-01-20,MZTF.TA,[15089.97457368],21
2025-01-21,MZTF.TA,[15210.97527235],22
2025-01-22,MZTF.TA,[14918.11526922],23
2025-01-23,MZTF.TA,[14939.33517061],24
2025-01-24,MZTF.TA,[14818.19610107],25
2025-01-25,MZTF.TA,[14681.58703368],26
2025-01-26,MZTF.TA,[14699.46197399],27
2025-01-27,MZTF.TA,[14610.19201798],28
2025-01-28,MZTF.TA,[14875.14970546],29
2025-01-29,MZTF.TA,[14960.18404171],30
2024-12-31,MLRN.TA,[730.68026257],1
2025-01-01,MLRN.TA,[734.3152073],2
2025-01-02,MLRN.TA,[751.08350543],3
2025-01-03,MLRN.TA,[751.66554076],4
2025-01-04,MLRN.TA,[758.2666565],5
2025-01-05,MLRN.TA,[776.98799894],6
2025-01-06,MLRN.TA,[777.32331131],7
2025-01-07,MLRN.TA,[779.6943788],8
2025-01-08,MLRN.TA,[784.25943701],9
2025-01-09,MLRN.TA,[765.33859603],10
2025-01-10,MLRN.TA,[774.32076891],11
2025-01-11,MLRN.TA,[774.35579058],12
2025-01-12,MLRN.TA,[768.72132267],13
2025-01-13,MLRN.TA,[775.86324862],14
2025-01-14,MLRN.TA,[808.07940005],15
2025-01-15,MLRN.TA,[825.72609784],16
2025-01-16,MLRN.TA,[828.55318732],17
2025-01-17,MLRN.TA,[806.12252086],18
2025-01-18,MLRN.TA,[826.66131238],19
2025-01-19,MLRN.TA,[832.6788259],20
2025-01-20,MLRN.TA,[822.49995147],21
2025-01-21,MLRN.TA,[813.58932333],22
2025-01-22,MLRN.TA,[826.04876073],23
2025-01-23,MLRN.TA,[827.23416404],24
2025-01-24,MLRN.TA,[833.12728862],25
2025-01-25,MLRN.TA,[821.74505999],26
2025-01-26,MLRN.TA,[820.39883194],27
2025-01-27,MLRN.TA,[828.64955236],28
2025-01-28,MLRN.TA,[828.4942347],29
2025-01-29,MLRN.TA,[820.11096755],30
2024-12-31,MDIN.TA,[147.47776179],1
2025-01-01,MDIN.TA,[145.66439847],2
2025-01-02,MDIN.TA,[144.02132302],3
2025-01-03,MDIN.TA,[148.40283453],4
2025-01-04,MDIN.TA,[143.42884828],5
2025-01-05,MDIN.TA,[141.00845594],6
2025-01-06,MDIN.TA,[143.80080162],7
2025-01-07,MDIN.TA,[144.77859081],8
2025-01-08,MDIN.TA,[139.36523024],9
2025-01-09,MDIN.TA,[142.40606427],10
2025-01-10,MDIN.TA,[143.74582074],11
2025-01-11,MDIN.TA,[144.28177864],12
2025-01-12,MDIN.TA,[145.86554477],13
2025-01-13,MDIN.TA,[142.13324314],14
2025-01-14,MDIN.TA,[138.68435666],15
2025-01-15,MDIN.TA,[138.74022392],16
2025-01-16,MDIN.TA,[139.87842991],17
2025-01-17,MDIN.TA,[140.89691283],18
2025-01-18,MDIN.TA,[141.49534152],19
2025-01-19,MDIN.TA,[140.98253005],20
2025-01-20,MDIN.TA,[139.60155796],21
2025-01-21,MDIN.TA,[137.52919909],22
2025-01-22,MDIN.TA,[135.30417709],23
2025-01-23,MDIN.TA,[136.8236657],24
2025-01-24,MDIN.TA,[133.96146796],25
2025-01-25,MDIN.TA,[131.2272405],26
2025-01-26,MDIN.TA,[131.0476658],27
2025-01-27,MDIN.TA,[130.73724751],28
2025-01-28,MDIN.TA,[129.47576544],29
2025-01-29,MDIN.TA,[128.80147992],30
2024-12-31,MRG.TA,[1130.95809616],1
2025-01-01,MRG.TA,[1062.56726881],2
2025-01-02,MRG.TA,[1224.60073221],3
2025-01-03,MRG.TA,[1209.79467863],4
2025-01-04,MRG.TA,[1443.97001994],5
2025-01-05,MRG.TA,[1388.24539646],6
2025-01-06,MRG.TA,[1254.43653344],7
2025-01-07,MRG.TA,[1202.56755512],8
2025-01-08,MRG.TA,[1086.44701698],9
2025-01-09,MRG.TA,[1200.92508927],10
2025-01-10,MRG.TA,[1178.94195753],11
2025-01-11,MRG.TA,[1360.68110895],12
2025-01-12,MRG.TA,[1630.41245031],13
2025-01-13,MRG.TA,[1213.48462518],14
2025-01-14,MRG.TA,[1109.24989466],15
2025-01-15,MRG.TA,[977.89203815],16
2025-01-16,MRG.TA,[1004.32275382],17
2025-01-17,MRG.TA,[1060.06725239],18
2025-01-18,MRG.TA,[1089.62652909],19
2025-01-19,MRG.TA,[779.98565722],20
2025-01-20,MRG.TA,[827.75480242],21
2025-01-21,MRG.TA,[821.94940642],22
2025-01-22,MRG.TA,[815.3082407],23
2025-01-23,MRG.TA,[833.0466011],24
2025-01-24,MRG.TA,[789.39880057],25
2025-01-25,MRG.TA,[846.51368122],26
2025-01-26,MRG.TA,[687.80997904],27
2025-01-27,MRG.TA,[730.02357786],28
2025-01-28,MRG.TA,[735.94570169],29
2025-01-29,MRG.TA,[710.77356083],30
2024-12-31,MYDS.TA,[-557.66798623],1
2025-01-01,MYDS.TA,[-2275.76910784],2
2025-01-02,MYDS.TA,[-44971.56603851],3
2025-01-03,MYDS.TA,[-433115.61177802],4
2025-01-04,MYDS.TA,[5009179.76365077],5
2025-01-05,MYDS.TA,[31776122.41271616],6
2025-01-06,MYDS.TA,[-6.1541948e+08],7
2025-01-07,MYDS.TA,[-7.42094961e+09],8
2025-01-08,MYDS.TA,[-9.05965933e+10],9
2025-01-09,MYDS.TA,[-6.82896893e+11],10
2025-01-10,MYDS.TA,[-2.45890526e+12],11
2025-01-11,MYDS.TA,[1.73345228e+13],12
2025-01-12,MYDS.TA,[1.27403052e+14],13
2025-01-13,MYDS.TA,[-1.06515552e+14],14
2025-01-14,MYDS.TA,[-9.17921269e+13],15
2025-01-15,MYDS.TA,[9.35810808e+14],16
2025-01-16,MYDS.TA,[-6.14396362e+15],17
2025-01-17,MYDS.TA,[-1.12275886e+17],18
2025-01-18,MYDS.TA,[-1.33382311e+18],19
2025-01-19,MYDS.TA,[1.49788583e+19],20
2025-01-20,MYDS.TA,[-2.6130722e+18],21
2025-01-21,MYDS.TA,[2.43516241e+19],22
2025-01-22,MYDS.TA,[-1.99867141e+20],23
2025-01-23,MYDS.TA,[3.36865167e+20],24
2025-01-24,MYDS.TA,[-3.60419829e+21],25
2025-01-25,MYDS.TA,[-6.61388472e+21],26
2025-01-26,MYDS.TA,[-4.99314203e+22],27
2025-01-27,MYDS.TA,[4.58655787e+23],28
2025-01-28,MYDS.TA,[-1.02232209e+24],29
2025-01-29,MYDS.TA,[-1.67767397e+25],30
2024-12-31,NFTA.TA,[2243.42855458],1
2025-01-01,NFTA.TA,[2378.20475046],2
2025-01-02,NFTA.TA,[2360.27849889],3
2025-01-03,NFTA.TA,[2319.46286916],4
2025-01-04,NFTA.TA,[2379.07033623],5
2025-01-05,NFTA.TA,[2354.54584561],6
2025-01-06,NFTA.TA,[2271.00594372],7
2025-01-07,NFTA.TA,[2260.42085473],8
2025-01-08,NFTA.TA,[2333.6691205],9
2025-01-09,NFTA.TA,[2352.82806871],10
2025-01-10,NFTA.TA,[2345.90525491],11
2025-01-11,NFTA.TA,[2257.23022116],12
2025-01-12,NFTA.TA,[2248.99018432],13
2025-01-13,NFTA.TA,[2370.4244418],14
2025-01-14,NFTA.TA,[2337.75973371],15
2025-01-15,NFTA.TA,[2253.70844356],16
2025-01-16,NFTA.TA,[2277.1588372],17
2025-01-17,NFTA.TA,[2284.48644514],18
2025-01-18,NFTA.TA,[2290.3069997],19
2025-01-19,NFTA.TA,[2284.97965979],20
2025-01-20,NFTA.TA,[2140.79132049],21
2025-01-21,NFTA.TA,[2120.77540557],22
2025-01-22,NFTA.TA,[2108.96263782],23
2025-01-23,NFTA.TA,[2140.97827994],24
2025-01-24,NFTA.TA,[2065.875604],25
2025-01-25,NFTA.TA,[1992.33613731],26
2025-01-26,NFTA.TA,[1968.77794883],27
2025-01-27,NFTA.TA,[2048.29493655],28
2025-01-28,NFTA.TA,[1901.35541539],29
2025-01-29,NFTA.TA,[1735.52568524],30
2024-12-31,NVPT.TA,[6490.0968732],1
2025-01-01,NVPT.TA,[6688.12329755],2
2025-01-02,NVPT.TA,[6870.78609261],3
2025-01-03,NVPT.TA,[6894.05203354],4
2025-01-04,NVPT.TA,[6985.71945013],5
2025-01-05,NVPT.TA,[7282.61983458],6
2025-01-06,NVPT.TA,[7094.28791991],7
2025-01-07,NVPT.TA,[6959.37467745],8
2025-01-08,NVPT.TA,[6916.52711231],9
2025-01-09,NVPT.TA,[7144.0195823],10
2025-01-10,NVPT.TA,[7172.68353571],11
2025-01-11,NVPT.TA,[7034.92071951],12
2025-01-12,NVPT.TA,[6952.69951616],13
2025-01-13,NVPT.TA,[6996.11270243],14
2025-01-14,NVPT.TA,[7047.46252856],15
2025-01-15,NVPT.TA,[7042.88425154],16
2025-01-16,NVPT.TA,[7190.0449002],17
2025-01-17,NVPT.TA,[7231.57307629],18
2025-01-18,NVPT.TA,[7359.49860464],19
2025-01-19,NVPT.TA,[7184.82590319],20
2025-01-20,NVPT.TA,[7241.64239718],21
2025-01-21,NVPT.TA,[7293.33327296],22
2025-01-22,NVPT.TA,[7541.5220994],23
2025-01-23,NVPT.TA,[7744.77972478],24
2025-01-24,NVPT.TA,[7578.36984145],25
2025-01-25,NVPT.TA,[7716.15245238],26
2025-01-26,NVPT.TA,[7659.0975436],27
2025-01-27,NVPT.TA,[7912.89517423],28
2025-01-28,NVPT.TA,[8030.53271865],29
2025-01-29,NVPT.TA,[8186.92120917],30
2024-12-31,NAWI.TA,[3792.04342681],1
2025-01-01,NAWI.TA,[3880.82259595],2
2025-01-02,NAWI.TA,[3942.8024763],3
2025-01-03,NAWI.TA,[3914.91181014],4
2025-01-04,NAWI.TA,[3895.1310981],5
2025-01-05,NAWI.TA,[3883.7356446],6
2025-01-06,NAWI.TA,[3890.70578997],7
2025-01-07,NAWI.TA,[3897.10593462],8
2025-01-08,NAWI.TA,[3933.6640681],9
2025-01-09,NAWI.TA,[3914.98167816],10
2025-01-10,NAWI.TA,[3949.11789524],11
2025-01-11,NAWI.TA,[4029.76401716],12
2025-01-12,NAWI.TA,[3955.56760916],13
2025-01-13,NAWI.TA,[3891.51712879],14
2025-01-14,NAWI.TA,[3863.86455316],15
2025-01-15,NAWI.TA,[3959.70101313],16
2025-01-16,NAWI.TA,[4080.57584338],17
2025-01-17,NAWI.TA,[4086.53922315],18
2025-01-18,NAWI.TA,[3998.69008165],19
2025-01-19,NAWI.TA,[3987.84286138],20
2025-01-20,NAWI.TA,[4022.95896675],21
2025-01-21,NAWI.TA,[3975.71918292],22
2025-01-22,NAWI.TA,[3939.54770587],23
2025-01-23,NAWI.TA,[3935.52979215],24
2025-01-24,NAWI.TA,[3882.90923302],25
2025-01-25,NAWI.TA,[3981.16361627],26
2025-01-26,NAWI.TA,[3971.07747047],27
2025-01-27,NAWI.TA,[3987.71549382],28
2025-01-28,NAWI.TA,[3889.7339787],29
2025-01-29,NAWI.TA,[3897.40902684],30
2024-12-31,NYAX.TA,[10113.78262633],1
2025-01-01,NYAX.TA,[10018.22228351],2
2025-01-02,NYAX.TA,[10107.70147893],3
2025-01-03,NYAX.TA,[10474.35913093],4
2025-01-04,NYAX.TA,[10108.76582156],5
2025-01-05,NYAX.TA,[10394.01311378],6
2025-01-06,NYAX.TA,[10243.45839483],7
2025-01-07,NYAX.TA,[10120.69395739],8
2025-01-08,NYAX.TA,[10339.8765004],9
2025-01-09,NYAX.TA,[10116.98668055],10
2025-01-10,NYAX.TA,[10073.45530007],11
2025-01-11,NYAX.TA,[9857.00392313],12
2025-01-12,NYAX.TA,[9996.40980123],13
2025-01-13,NYAX.TA,[9994.5467227],14
2025-01-14,NYAX.TA,[10176.28386224],15
2025-01-15,NYAX.TA,[10226.7082119],16
2025-01-16,NYAX.TA,[10592.97811318],17
2025-01-17,NYAX.TA,[10975.93609341],18
2025-01-18,NYAX.TA,[10811.98504709],19
2025-01-19,NYAX.TA,[11081.38614069],20
2025-01-20,NYAX.TA,[10900.81330964],21
2025-01-21,NYAX.TA,[11184.61588596],22
2025-01-22,NYAX.TA,[10869.535928],23
2025-01-23,NYAX.TA,[10807.59281931],24
2025-01-24,NYAX.TA,[10861.3857209],25
2025-01-25,NYAX.TA,[10979.72428215],26
2025-01-26,NYAX.TA,[11113.43665867],27
2025-01-27,NYAX.TA,[11315.77881658],28
2025-01-28,NYAX.TA,[11057.14745449],29
2025-01-29,NYAX.TA,[11044.20521567],30
2024-12-31,NTGR.TA,[1328.84657464],1
2025-01-01,NTGR.TA,[1316.57078019],2
2025-01-02,NTGR.TA,[1328.68247162],3
2025-01-03,NTGR.TA,[1302.78580854],4
2025-01-04,NTGR.TA,[1315.96769308],5
2025-01-05,NTGR.TA,[1312.96541653],6
2025-01-06,NTGR.TA,[1302.26401182],7
2025-01-07,NTGR.TA,[1277.89739703],8
2025-01-08,NTGR.TA,[1266.45819456],9
2025-01-09,NTGR.TA,[1285.04086723],10
2025-01-10,NTGR.TA,[1283.9458527],11
2025-01-11,NTGR.TA,[1298.60810279],12
2025-01-12,NTGR.TA,[1290.22752862],13
2025-01-13,NTGR.TA,[1303.13603796],14
2025-01-14,NTGR.TA,[1292.68119388],15
2025-01-15,NTGR.TA,[1281.69604376],16
2025-01-16,NTGR.TA,[1264.3180478],17
2025-01-17,NTGR.TA,[1256.57450593],18
2025-01-18,NTGR.TA,[1248.91155768],19
2025-01-19,NTGR.TA,[1265.53753947],20
2025-01-20,NTGR.TA,[1253.28753457],21
2025-01-21,NTGR.TA,[1244.27176591],22
2025-01-22,NTGR.TA,[1227.62508472],23
2025-01-23,NTGR.TA,[1217.8009172],24
2025-01-24,NTGR.TA,[1202.63050746],25
2025-01-25,NTGR.TA,[1218.47093795],26
2025-01-26,NTGR.TA,[1212.17052598],27
2025-01-27,NTGR.TA,[1193.63327853],28
2025-01-28,NTGR.TA,[1163.13262248],29
2025-01-29,NTGR.TA,[1190.15147598],30
2024-12-31,NTNB.TA,[207.55509087],1
2025-01-01,NTNB.TA,[208.28812311],2
2025-01-02,NTNB.TA,[207.76659653],3
2025-01-03,NTNB.TA,[207.9234563],4
2025-01-04,NTNB.TA,[209.01101987],5
2025-01-05,NTNB.TA,[209.22493945],6
2025-01-06,NTNB.TA,[208.08072066],7
2025-01-07,NTNB.TA,[208.28840317],8
2025-01-08,NTNB.TA,[208.08813047],9
2025-01-09,NTNB.TA,[209.04119275],10
2025-01-10,NTNB.TA,[209.76883322],11
2025-01-11,NTNB.TA,[209.68249182],12
2025-01-12,NTNB.TA,[209.23405185],13
2025-01-13,NTNB.TA,[210.46592524],14
2025-01-14,NTNB.TA,[210.44040552],15
2025-01-15,NTNB.TA,[209.82431538],16
2025-01-16,NTNB.TA,[211.06585166],17
2025-01-17,NTNB.TA,[210.83891123],18
2025-01-18,NTNB.TA,[211.26153044],19
2025-01-19,NTNB.TA,[212.47206533],20
2025-01-20,NTNB.TA,[213.00303506],21
2025-01-21,NTNB.TA,[212.64027065],22
2025-01-22,NTNB.TA,[212.73236016],23
2025-01-23,NTNB.TA,[212.75740731],24
2025-01-24,NTNB.TA,[213.57641792],25
2025-01-25,NTNB.TA,[213.80111805],26
2025-01-26,NTNB.TA,[213.9806744],27
2025-01-27,NTNB.TA,[213.70769083],28
2025-01-28,NTNB.TA,[213.5156643],29
2025-01-29,NTNB.TA,[212.44678209],30
2024-12-31,NTO.TA,[10040.54848462],1
2025-01-01,NTO.TA,[10039.09305364],2
2025-01-02,NTO.TA,[10462.00704397],3
2025-01-03,NTO.TA,[10776.72596517],4
2025-01-04,NTO.TA,[10886.23398008],5
2025-01-05,NTO.TA,[11228.61714779],6
2025-01-06,NTO.TA,[11234.08578647],7
2025-01-07,NTO.TA,[11452.75067246],8
2025-01-08,NTO.TA,[11225.5760561],9
2025-01-09,NTO.TA,[11205.29646219],10
2025-01-10,NTO.TA,[10969.96167522],11
2025-01-11,NTO.TA,[10954.43838626],12
2025-01-12,NTO.TA,[10974.46436154],13
2025-01-13,NTO.TA,[10853.00335072],14
2025-01-14,NTO.TA,[10900.54642172],15
2025-01-15,NTO.TA,[10700.1095786],16
2025-01-16,NTO.TA,[10790.04963777],17
2025-01-17,NTO.TA,[10834.67832373],18
2025-01-18,NTO.TA,[10880.21621215],19
2025-01-19,NTO.TA,[10696.62325824],20
2025-01-20,NTO.TA,[10575.38993765],21
2025-01-21,NTO.TA,[10856.54080006],22
2025-01-22,NTO.TA,[10717.43582024],23
2025-01-23,NTO.TA,[10980.3112037],24
2025-01-24,NTO.TA,[11102.15375087],25
2025-01-25,NTO.TA,[11156.48468057],26
2025-01-26,NTO.TA,[10954.78042183],27
2025-01-27,NTO.TA,[11085.40113942],28
2025-01-28,NTO.TA,[11514.53839377],29
2025-01-29,NTO.TA,[11602.31608265],30
2024-12-31,NTML.TA,[7664.07064501],1
2025-01-01,NTML.TA,[7539.74328582],2
2025-01-02,NTML.TA,[7135.22355778],3
2025-01-03,NTML.TA,[7339.15237358],4
2025-01-04,NTML.TA,[7347.22811536],5
2025-01-05,NTML.TA,[7315.67143607],6
2025-01-06,NTML.TA,[7357.19395747],7
2025-01-07,NTML.TA,[7207.22513704],8
2025-01-08,NTML.TA,[7202.0316674],9
2025-01-09,NTML.TA,[7112.4101979],10
2025-01-10,NTML.TA,[7132.12232809],11
2025-01-11,NTML.TA,[6913.41486142],12
2025-01-12,NTML.TA,[7232.67938455],13
2025-01-13,NTML.TA,[7402.9049136],14
2025-01-14,NTML.TA,[7599.84369781],15
2025-01-15,NTML.TA,[7333.99653515],16
2025-01-16,NTML.TA,[7279.87029747],17
2025-01-17,NTML.TA,[7195.75631771],18
2025-01-18,NTML.TA,[6803.86258215],19
2025-01-19,NTML.TA,[7001.06869475],20
2025-01-20,NTML.TA,[7039.90102803],21
2025-01-21,NTML.TA,[7224.38045942],22
2025-01-22,NTML.TA,[7382.69480257],23
2025-01-23,NTML.TA,[7459.39127363],24
2025-01-24,NTML.TA,[7611.82750749],25
2025-01-25,NTML.TA,[7581.44002211],26
2025-01-26,NTML.TA,[7628.42796689],27
2025-01-27,NTML.TA,[7620.56854586],28
2025-01-28,NTML.TA,[7669.11047519],29
2025-01-29,NTML.TA,[7699.51955082],30
2024-12-31,NWMD.TA,[1055.3239828],1
2025-01-01,NWMD.TA,[1032.19699949],2
2025-01-02,NWMD.TA,[1017.20442247],3
2025-01-03,NWMD.TA,[1030.58805542],4
2025-01-04,NWMD.TA,[1044.09092875],5
2025-01-05,NWMD.TA,[1052.00425119],6
2025-01-06,NWMD.TA,[1054.98499709],7
2025-01-07,NWMD.TA,[1059.17188709],8
2025-01-08,NWMD.TA,[1069.83752202],9
2025-01-09,NWMD.TA,[1058.40098804],10
2025-01-10,NWMD.TA,[1078.90078206],11
2025-01-11,NWMD.TA,[1087.28726967],12
2025-01-12,NWMD.TA,[1097.60842372],13
2025-01-13,NWMD.TA,[1121.03537858],14
2025-01-14,NWMD.TA,[1095.17290135],15
2025-01-15,NWMD.TA,[1092.01202291],16
2025-01-16,NWMD.TA,[1099.43253022],17
2025-01-17,NWMD.TA,[1079.27253762],18
2025-01-18,NWMD.TA,[1070.65424148],19
2025-01-19,NWMD.TA,[1095.97982058],20
2025-01-20,NWMD.TA,[1091.61542385],21
2025-01-21,NWMD.TA,[1066.5514231],22
2025-01-22,NWMD.TA,[1038.85170782],23
2025-01-23,NWMD.TA,[1053.64151859],24
2025-01-24,NWMD.TA,[1080.73674838],25
2025-01-25,NWMD.TA,[1076.62813662],26
2025-01-26,NWMD.TA,[1065.35575604],27
2025-01-27,NWMD.TA,[1040.32030989],28
2025-01-28,NWMD.TA,[1023.2176821],29
2025-01-29,NWMD.TA,[1030.9396685],30
2024-12-31,NXSN.TA,[4900.77724687],1
2025-01-01,NXSN.TA,[4933.93307506],2
2025-01-02,NXSN.TA,[4755.65824014],3
2025-01-03,NXSN.TA,[4644.58880278],4
2025-01-04,NXSN.TA,[4751.56128042],5
2025-01-05,NXSN.TA,[4853.94432439],6
2025-01-06,NXSN.TA,[4773.51074128],7
2025-01-07,NXSN.TA,[4842.37535923],8
2025-01-08,NXSN.TA,[4930.68980178],9
2025-01-09,NXSN.TA,[4900.72284653],10
2025-01-10,NXSN.TA,[5123.18255142],11
2025-01-11,NXSN.TA,[4797.45445146],12
2025-01-12,NXSN.TA,[4693.29876516],13
2025-01-13,NXSN.TA,[4708.69713761],14
2025-01-14,NXSN.TA,[4914.15735981],15
2025-01-15,NXSN.TA,[4938.25643861],16
2025-01-16,NXSN.TA,[5145.41569898],17
2025-01-17,NXSN.TA,[5180.33025024],18
2025-01-18,NXSN.TA,[5222.57169781],19
2025-01-19,NXSN.TA,[5287.65928436],20
2025-01-20,NXSN.TA,[5165.43262973],21
2025-01-21,NXSN.TA,[5189.52955882],22
2025-01-22,NXSN.TA,[5107.15134153],23
2025-01-23,NXSN.TA,[5127.00134136],24
2025-01-24,NXSN.TA,[5236.70597248],25
2025-01-25,NXSN.TA,[5222.6471719],26
2025-01-26,NXSN.TA,[5429.56366479],27
2025-01-27,NXSN.TA,[5635.34455859],28
2025-01-28,NXSN.TA,[5889.6901373],29
2025-01-29,NXSN.TA,[5682.21378173],30
2024-12-31,NXTG.TA,[27.67575589],1
2025-01-01,NXTG.TA,[40.4249082],2
2025-01-02,NXTG.TA,[41.27926559],3
2025-01-03,NXTG.TA,[26.85665233],4
2025-01-04,NXTG.TA,[0.36570175],5
2025-01-05,NXTG.TA,[0.20382896],6
2025-01-06,NXTG.TA,[0.01763781],7
2025-01-07,NXTG.TA,[0.02200175],8
2025-01-08,NXTG.TA,[0.01336297],9
2025-01-09,NXTG.TA,[0.00018875],10
2025-01-10,NXTG.TA,[0.00026875],11
2025-01-11,NXTG.TA,[-4.35680243e-05],12
2025-01-12,NXTG.TA,[-4.47634582e-05],13
2025-01-13,NXTG.TA,[-1.45459935e-05],14
2025-01-14,NXTG.TA,[-2.8068661e-05],15
2025-01-15,NXTG.TA,[-3.36454353e-05],16
2025-01-16,NXTG.TA,[-9.4704349e-07],17
2025-01-17,NXTG.TA,[-2.84390296e-07],18
2025-01-18,NXTG.TA,[-5.89953491e-07],19
2025-01-19,NXTG.TA,[-6.52502639e-07],20
2025-01-20,NXTG.TA,[-5.44145265e-07],21
2025-01-21,NXTG.TA,[-1.33999224e-06],22
2025-01-22,NXTG.TA,[-2.04352617e-06],23
2025-01-23,NXTG.TA,[-3.61163879e-06],24
2025-01-24,NXTG.TA,[-7.21797242e-07],25
2025-01-25,NXTG.TA,[-1.07248784e-07],26
2025-01-26,NXTG.TA,[-1.17451295e-07],27
2025-01-27,NXTG.TA,[-2.64908398e-07],28
2025-01-28,NXTG.TA,[-1.32628928e-07],29
2025-01-29,NXTG.TA,[-6.67895198e-09],30
2024-12-31,NXTM.TA,[673.94363138],1
2025-01-01,NXTM.TA,[677.52203483],2
2025-01-02,NXTM.TA,[695.90388876],3
2025-01-03,NXTM.TA,[699.13228039],4
2025-01-04,NXTM.TA,[698.04072737],5
2025-01-05,NXTM.TA,[695.95058526],6
2025-01-06,NXTM.TA,[703.7591354],7
2025-01-07,NXTM.TA,[695.10756188],8
2025-01-08,NXTM.TA,[688.44015412],9
2025-01-09,NXTM.TA,[688.95581764],10
2025-01-10,NXTM.TA,[688.61504141],11
2025-01-11,NXTM.TA,[678.36785871],12
2025-01-12,NXTM.TA,[670.82748552],13
2025-01-13,NXTM.TA,[676.15464035],14
2025-01-14,NXTM.TA,[658.22242498],15
2025-01-15,NXTM.TA,[657.43518705],16
2025-01-16,NXTM.TA,[665.46845033],17
2025-01-17,NXTM.TA,[676.79369258],18
2025-01-18,NXTM.TA,[674.04784741],19
2025-01-19,NXTM.TA,[660.8195486],20
2025-01-20,NXTM.TA,[649.04132233],21
2025-01-21,NXTM.TA,[646.44518812],22
2025-01-22,NXTM.TA,[666.64246821],23
2025-01-23,NXTM.TA,[664.01765854],24
2025-01-24,NXTM.TA,[684.24976862],25
2025-01-25,NXTM.TA,[680.99472384],26
2025-01-26,NXTM.TA,[680.59738148],27
2025-01-27,NXTM.TA,[680.95569286],28
2025-01-28,NXTM.TA,[681.39463963],29
2025-01-29,NXTM.TA,[676.33388228],30
2024-12-31,NXFR.TA,[122.93886714],1
2025-01-01,NXFR.TA,[174.84561531],2
2025-01-02,NXFR.TA,[97.94835532],3
2025-01-03,NXFR.TA,[-9.16334945],4
2025-01-04,NXFR.TA,[-18.62751216],5
2025-01-05,NXFR.TA,[-33.23623169],6
2025-01-06,NXFR.TA,[-22.59783248],7
2025-01-07,NXFR.TA,[-42.67073699],8
2025-01-08,NXFR.TA,[-22.26801785],9
2025-01-09,NXFR.TA,[-18.24799422],10
2025-01-10,NXFR.TA,[-24.31276645],11
2025-01-11,NXFR.TA,[4.78021655],12
2025-01-12,NXFR.TA,[1.00374825],13
2025-01-13,NXFR.TA,[0.07366942],14
2025-01-14,NXFR.TA,[0.0362226],15
2025-01-15,NXFR.TA,[0.04080077],16
2025-01-16,NXFR.TA,[0.10803566],17
2025-01-17,NXFR.TA,[0.00381516],18
2025-01-18,NXFR.TA,[-7.42667205e-05],19
2025-01-19,NXFR.TA,[-8.77825675e-05],20
2025-01-20,NXFR.TA,[-0.0001261],21
2025-01-21,NXFR.TA,[-0.0002716],22
2025-01-22,NXFR.TA,[3.06806191e-05],23
2025-01-23,NXFR.TA,[3.75209641e-06],24
2025-01-24,NXFR.TA,[1.18710612e-06],25
2025-01-25,NXFR.TA,[1.96483579e-06],26
2025-01-26,NXFR.TA,[5.05048142e-06],27
2025-01-27,NXFR.TA,[-1.40041754e-06],28
2025-01-28,NXFR.TA,[-3.04185223e-06],29
2025-01-29,NXFR.TA,[-4.00089614e-06],30
2024-12-31,NXGN.TA,[70.86301041],1
2025-01-01,NXGN.TA,[73.24462999],2
2025-01-02,NXGN.TA,[60.72868382],3
2025-01-03,NXGN.TA,[59.4498785],4
2025-01-04,NXGN.TA,[57.26706492],5
2025-01-05,NXGN.TA,[72.38280721],6
2025-01-06,NXGN.TA,[88.00392246],7
2025-01-07,NXGN.TA,[96.47169049],8
2025-01-08,NXGN.TA,[119.66302515],9
2025-01-09,NXGN.TA,[122.78566912],10
2025-01-10,NXGN.TA,[198.63000417],11
2025-01-11,NXGN.TA,[148.63407119],12
2025-01-12,NXGN.TA,[124.57719805],13
2025-01-13,NXGN.TA,[133.39664113],14
2025-01-14,NXGN.TA,[135.36479506],15
2025-01-15,NXGN.TA,[131.97407639],16
2025-01-16,NXGN.TA,[150.79496217],17
2025-01-17,NXGN.TA,[110.3295117],18
2025-01-18,NXGN.TA,[100.31048358],19
2025-01-19,NXGN.TA,[122.25593329],20
2025-01-20,NXGN.TA,[145.81090586],21
2025-01-21,NXGN.TA,[128.89121154],22
2025-01-22,NXGN.TA,[135.45261008],23
2025-01-23,NXGN.TA,[190.54058807],24
2025-01-24,NXGN.TA,[168.66183802],25
2025-01-25,NXGN.TA,[171.4004192],26
2025-01-26,NXGN.TA,[141.56285241],27
2025-01-27,NXGN.TA,[158.60172165],28
2025-01-28,NXGN.TA,[126.33748541],29
2025-01-29,NXGN.TA,[108.92852322],30
2024-12-31,NICE.TA,[60638.61635214],1
2025-01-01,NICE.TA,[57184.23077271],2
2025-01-02,NICE.TA,[57215.42686779],3
2025-01-03,NICE.TA,[56037.32447536],4
2025-01-04,NICE.TA,[57477.17414787],5
2025-01-05,NICE.TA,[57039.08377671],6
2025-01-06,NICE.TA,[56744.17982665],7
2025-01-07,NICE.TA,[57147.66624879],8
2025-01-08,NICE.TA,[57333.66964582],9
2025-01-09,NICE.TA,[57157.50620745],10
2025-01-10,NICE.TA,[58847.80798212],11
2025-01-11,NICE.TA,[59417.94790162],12
2025-01-12,NICE.TA,[58700.66851203],13
2025-01-13,NICE.TA,[58075.63632026],14
2025-01-14,NICE.TA,[56549.66004578],15
2025-01-15,NICE.TA,[55122.04799723],16
2025-01-16,NICE.TA,[54936.65845789],17
2025-01-17,NICE.TA,[54468.06725222],18
2025-01-18,NICE.TA,[55086.4963998],19
2025-01-19,NICE.TA,[56090.91647026],20
2025-01-20,NICE.TA,[56393.0735848],21
2025-01-21,NICE.TA,[58415.3232154],22
2025-01-22,NICE.TA,[56615.73764798],23
2025-01-23,NICE.TA,[57787.72995296],24
2025-01-24,NICE.TA,[57663.67270897],25
2025-01-25,NICE.TA,[58562.73468497],26
2025-01-26,NICE.TA,[57880.34011561],27
2025-01-27,NICE.TA,[59406.16489965],28
2025-01-28,NICE.TA,[58079.88095109],29
2025-01-29,NICE.TA,[57222.76844154],30
2024-12-31,NISA.TA,[1293.37418524],1
2025-01-01,NISA.TA,[1266.50703876],2
2025-01-02,NISA.TA,[1284.02204358],3
2025-01-03,NISA.TA,[1334.23811472],4
2025-01-04,NISA.TA,[1340.65543594],5
2025-01-05,NISA.TA,[1342.68262792],6
2025-01-06,NISA.TA,[1310.80605966],7
2025-01-07,NISA.TA,[1333.73491406],8
2025-01-08,NISA.TA,[1366.92158618],9
2025-01-09,NISA.TA,[1379.50339573],10
2025-01-10,NISA.TA,[1372.77916457],11
2025-01-11,NISA.TA,[1357.37146426],12
2025-01-12,NISA.TA,[1353.97159168],13
2025-01-13,NISA.TA,[1330.14782459],14
2025-01-14,NISA.TA,[1268.79013608],15
2025-01-15,NISA.TA,[1263.49396578],16
2025-01-16,NISA.TA,[1230.77456056],17
2025-01-17,NISA.TA,[1263.34520197],18
2025-01-18,NISA.TA,[1296.13922455],19
2025-01-19,NISA.TA,[1265.80463003],20
2025-01-20,NISA.TA,[1253.96461218],21
2025-01-21,NISA.TA,[1271.58756311],22
2025-01-22,NISA.TA,[1300.63456583],23
2025-01-23,NISA.TA,[1344.8960362],24
2025-01-24,NISA.TA,[1360.11803869],25
2025-01-25,NISA.TA,[1276.81153448],26
2025-01-26,NISA.TA,[1263.10781781],27
2025-01-27,NISA.TA,[1272.2918754],28
2025-01-28,NISA.TA,[1310.83548765],29
2025-01-29,NISA.TA,[1298.46879254],30
2024-12-31,NOFR.TA,[8650.07874694],1
2025-01-01,NOFR.TA,[8890.70420597],2
2025-01-02,NOFR.TA,[9061.56020546],3
2025-01-03,NOFR.TA,[9198.60139525],4
2025-01-04,NOFR.TA,[9402.51535838],5
2025-01-05,NOFR.TA,[9235.25636834],6
2025-01-06,NOFR.TA,[9066.10809505],7
2025-01-07,NOFR.TA,[9197.54827392],8
2025-01-08,NOFR.TA,[9383.1280453],9
2025-01-09,NOFR.TA,[9268.73211527],10
2025-01-10,NOFR.TA,[9332.15299128],11
2025-01-11,NOFR.TA,[9287.13457727],12
2025-01-12,NOFR.TA,[9388.48492802],13
2025-01-13,NOFR.TA,[9603.39992276],14
2025-01-14,NOFR.TA,[9606.4891508],15
2025-01-15,NOFR.TA,[9627.43979807],16
2025-01-16,NOFR.TA,[9689.57430982],17
2025-01-17,NOFR.TA,[9575.559526],18
2025-01-18,NOFR.TA,[9419.07479555],19
2025-01-19,NOFR.TA,[9337.33516534],20
2025-01-20,NOFR.TA,[9513.80479069],21
2025-01-21,NOFR.TA,[9303.93382743],22
2025-01-22,NOFR.TA,[9075.55558101],23
2025-01-23,NOFR.TA,[9248.29090891],24
2025-01-24,NOFR.TA,[8988.87070105],25
2025-01-25,NOFR.TA,[8899.44963793],26
2025-01-26,NOFR.TA,[8787.64379062],27
2025-01-27,NOFR.TA,[8797.99922523],28
2025-01-28,NOFR.TA,[8714.12575303],29
2025-01-29,NOFR.TA,[8855.69773748],30
2024-12-31,NSTR.TA,[1070.78216943],1
2025-01-01,NSTR.TA,[1083.64265415],2
2025-01-02,NSTR.TA,[1175.01416308],3
2025-01-03,NSTR.TA,[1259.5907887],4
2025-01-04,NSTR.TA,[1416.95375323],5
2025-01-05,NSTR.TA,[1501.08314278],6
2025-01-06,NSTR.TA,[1599.17717469],7
2025-01-07,NSTR.TA,[1705.36483313],8
2025-01-08,NSTR.TA,[1952.90337588],9
2025-01-09,NSTR.TA,[1987.89160283],10
2025-01-10,NSTR.TA,[2015.29738053],11
2025-01-11,NSTR.TA,[2030.18279844],12
2025-01-12,NSTR.TA,[1953.76736843],13
2025-01-13,NSTR.TA,[1845.51096807],14
2025-01-14,NSTR.TA,[1989.94914503],15
2025-01-15,NSTR.TA,[2140.54572391],16
2025-01-16,NSTR.TA,[2211.90785378],17
2025-01-17,NSTR.TA,[2227.54934842],18
2025-01-18,NSTR.TA,[2245.29176128],19
2025-01-19,NSTR.TA,[2172.15460469],20
2025-01-20,NSTR.TA,[2179.56823965],21
2025-01-21,NSTR.TA,[2044.12703646],22
2025-01-22,NSTR.TA,[2164.69237953],23
2025-01-23,NSTR.TA,[2117.24129917],24
2025-01-24,NSTR.TA,[2057.97630426],25
2025-01-25,NSTR.TA,[2126.30020631],26
2025-01-26,NSTR.TA,[2119.22294441],27
2025-01-27,NSTR.TA,[2212.84707243],28
2025-01-28,NSTR.TA,[2149.84262866],29
2025-01-29,NSTR.TA,[2206.59524301],30
2024-12-31,NVMI.TA,[75634.21002383],1
2025-01-01,NVMI.TA,[74309.69242891],2
2025-01-02,NVMI.TA,[76031.8644866],3
2025-01-03,NVMI.TA,[76722.12089873],4
2025-01-04,NVMI.TA,[77532.82988526],5
2025-01-05,NVMI.TA,[77050.74978847],6
2025-01-06,NVMI.TA,[78000.46404876],7
2025-01-07,NVMI.TA,[79658.30965747],8
2025-01-08,NVMI.TA,[83673.10989477],9
2025-01-09,NVMI.TA,[83451.13717095],10
2025-01-10,NVMI.TA,[85538.82744997],11
2025-01-11,NVMI.TA,[91166.3767002],12
2025-01-12,NVMI.TA,[100991.1538381],13
2025-01-13,NVMI.TA,[106408.09757871],14
2025-01-14,NVMI.TA,[100373.09869515],15
2025-01-15,NVMI.TA,[99469.8116452],16
2025-01-16,NVMI.TA,[99015.03499789],17
2025-01-17,NVMI.TA,[101427.82671488],18
2025-01-18,NVMI.TA,[99602.99665189],19
2025-01-19,NVMI.TA,[103222.82933122],20
2025-01-20,NVMI.TA,[107917.14982201],21
2025-01-21,NVMI.TA,[104313.93418915],22
2025-01-22,NVMI.TA,[108614.90111823],23
2025-01-23,NVMI.TA,[113729.38542133],24
2025-01-24,NVMI.TA,[106367.92403586],25
2025-01-25,NVMI.TA,[115016.30355266],26
2025-01-26,NVMI.TA,[115264.91670307],27
2025-01-27,NVMI.TA,[114275.11869564],28
2025-01-28,NVMI.TA,[112601.07595575],29
2025-01-29,NVMI.TA,[113474.67286569],30
2024-12-31,NVLG.TA,[175.2111512],1
2025-01-01,NVLG.TA,[178.12918872],2
2025-01-02,NVLG.TA,[173.40990238],3
2025-01-03,NVLG.TA,[171.93912227],4
2025-01-04,NVLG.TA,[169.41538798],5
2025-01-05,NVLG.TA,[162.19935616],6
2025-01-06,NVLG.TA,[164.78800185],7
2025-01-07,NVLG.TA,[164.40927191],8
2025-01-08,NVLG.TA,[166.50879872],9
2025-01-09,NVLG.TA,[165.64887649],10
2025-01-10,NVLG.TA,[157.57382882],11
2025-01-11,NVLG.TA,[166.41325187],12
2025-01-12,NVLG.TA,[170.88601494],13
2025-01-13,NVLG.TA,[174.98338095],14
2025-01-14,NVLG.TA,[177.94018737],15
2025-01-15,NVLG.TA,[179.28540489],16
2025-01-16,NVLG.TA,[174.13186522],17
2025-01-17,NVLG.TA,[178.56444747],18
2025-01-18,NVLG.TA,[179.82424275],19
2025-01-19,NVLG.TA,[181.12776266],20
2025-01-20,NVLG.TA,[182.88269156],21
2025-01-21,NVLG.TA,[185.51349121],22
2025-01-22,NVLG.TA,[184.33091018],23
2025-01-23,NVLG.TA,[184.3863946],24
2025-01-24,NVLG.TA,[188.95108067],25
2025-01-25,NVLG.TA,[189.14475851],26
2025-01-26,NVLG.TA,[192.16206412],27
2025-01-27,NVLG.TA,[200.98835707],28
2025-01-28,NVLG.TA,[197.80349923],29
2025-01-29,NVLG.TA,[197.67402689],30
2024-12-31,NRGN.TA,[301.28379744],1
2025-01-01,NRGN.TA,[288.65420983],2
2025-01-02,NRGN.TA,[300.87209362],3
2025-01-03,NRGN.TA,[320.73028576],4
2025-01-04,NRGN.TA,[325.6517304],5
2025-01-05,NRGN.TA,[345.37492395],6
2025-01-06,NRGN.TA,[335.96590697],7
2025-01-07,NRGN.TA,[351.16153353],8
2025-01-08,NRGN.TA,[356.74618008],9
2025-01-09,NRGN.TA,[334.22693818],10
2025-01-10,NRGN.TA,[314.12361316],11
2025-01-11,NRGN.TA,[303.99292841],12
2025-01-12,NRGN.TA,[309.71227656],13
2025-01-13,NRGN.TA,[306.75659153],14
2025-01-14,NRGN.TA,[291.37241934],15
2025-01-15,NRGN.TA,[303.41843726],16
2025-01-16,NRGN.TA,[320.00021513],17
2025-01-17,NRGN.TA,[340.37957725],18
2025-01-18,NRGN.TA,[344.94306843],19
2025-01-19,NRGN.TA,[345.79120349],20
2025-01-20,NRGN.TA,[335.7357063],21
2025-01-21,NRGN.TA,[351.16401484],22
2025-01-22,NRGN.TA,[369.57578022],23
2025-01-23,NRGN.TA,[360.07737699],24
2025-01-24,NRGN.TA,[350.17743717],25
2025-01-25,NRGN.TA,[318.96732629],26
2025-01-26,NRGN.TA,[310.26444995],27
2025-01-27,NRGN.TA,[309.97458148],28
2025-01-28,NRGN.TA,[313.01794481],29
2025-01-29,NRGN.TA,[310.62376321],30
2024-12-31,NURI.TA,[1074.88128825],1
2025-01-01,NURI.TA,[927.24656077],2
2025-01-02,NURI.TA,[845.45950501],3
2025-01-03,NURI.TA,[940.16324127],4
2025-01-04,NURI.TA,[1273.14829931],5
2025-01-05,NURI.TA,[1521.77726303],6
2025-01-06,NURI.TA,[1363.84454932],7
2025-01-07,NURI.TA,[991.32658181],8
2025-01-08,NURI.TA,[726.93070345],9
2025-01-09,NURI.TA,[708.50809263],10
2025-01-10,NURI.TA,[698.807585],11
2025-01-11,NURI.TA,[486.86980778],12
2025-01-12,NURI.TA,[522.88539958],13
2025-01-13,NURI.TA,[622.24400702],14
2025-01-14,NURI.TA,[615.41768033],15
2025-01-15,NURI.TA,[671.11954093],16
2025-01-16,NURI.TA,[673.45515862],17
2025-01-17,NURI.TA,[625.58323991],18
2025-01-18,NURI.TA,[601.0853628],19
2025-01-19,NURI.TA,[657.91566562],20
2025-01-20,NURI.TA,[598.79007241],21
2025-01-21,NURI.TA,[521.74356634],22
2025-01-22,NURI.TA,[626.01260674],23
2025-01-23,NURI.TA,[741.94945927],24
2025-01-24,NURI.TA,[922.37584949],25
2025-01-25,NURI.TA,[1001.53573592],26
2025-01-26,NURI.TA,[1124.2050932],27
2025-01-27,NURI.TA,[1079.24733391],28
2025-01-28,NURI.TA,[1110.55734701],29
2025-01-29,NURI.TA,[739.5745706],30
2024-12-31,ORTC.TA,[918.8313792],1
2025-01-01,ORTC.TA,[872.17895546],2
2025-01-02,ORTC.TA,[878.87148978],3
2025-01-03,ORTC.TA,[784.44893057],4
2025-01-04,ORTC.TA,[788.31986326],5
2025-01-05,ORTC.TA,[827.09124141],6
2025-01-06,ORTC.TA,[848.77295778],7
2025-01-07,ORTC.TA,[909.68590414],8
2025-01-08,ORTC.TA,[973.24531112],9
2025-01-09,ORTC.TA,[969.19953832],10
2025-01-10,ORTC.TA,[969.9866317],11
2025-01-11,ORTC.TA,[1007.1550116],12
2025-01-12,ORTC.TA,[965.03051356],13
2025-01-13,ORTC.TA,[998.57060766],14
2025-01-14,ORTC.TA,[924.84683441],15
2025-01-15,ORTC.TA,[998.90309871],16
2025-01-16,ORTC.TA,[1054.00055554],17
2025-01-17,ORTC.TA,[1099.25578586],18
2025-01-18,ORTC.TA,[1191.14114133],19
2025-01-19,ORTC.TA,[1188.64105062],20
2025-01-20,ORTC.TA,[1221.32935117],21
2025-01-21,ORTC.TA,[1231.60092511],22
2025-01-22,ORTC.TA,[1283.79874594],23
2025-01-23,ORTC.TA,[1296.89837296],24
2025-01-24,ORTC.TA,[1319.36751255],25
2025-01-25,ORTC.TA,[1316.56402573],26
2025-01-26,ORTC.TA,[1209.98245397],27
2025-01-27,ORTC.TA,[1145.94015063],28
2025-01-28,ORTC.TA,[1153.87979296],29
2025-01-29,ORTC.TA,[1192.55340063],30
2024-12-31,ONE.TA,[6713.21026332],1
2025-01-01,ONE.TA,[7048.91159243],2
2025-01-02,ONE.TA,[7004.59252365],3
2025-01-03,ONE.TA,[7123.10541495],4
2025-01-04,ONE.TA,[7087.27769816],5
2025-01-05,ONE.TA,[7278.79164138],6
2025-01-06,ONE.TA,[7438.62784256],7
2025-01-07,ONE.TA,[7504.57073206],8
2025-01-08,ONE.TA,[7647.62723162],9
2025-01-09,ONE.TA,[7600.37204718],10
2025-01-10,ONE.TA,[7660.15351781],11
2025-01-11,ONE.TA,[7724.11463332],12
2025-01-12,ONE.TA,[7728.03569996],13
2025-01-13,ONE.TA,[7650.56895236],14
2025-01-14,ONE.TA,[7821.95274516],15
2025-01-15,ONE.TA,[7828.85510146],16
2025-01-16,ONE.TA,[7883.64669738],17
2025-01-17,ONE.TA,[7997.65486741],18
2025-01-18,ONE.TA,[7969.24660003],19
2025-01-19,ONE.TA,[8014.32863705],20
2025-01-20,ONE.TA,[7940.69214521],21
2025-01-21,ONE.TA,[7935.4386818],22
2025-01-22,ONE.TA,[7960.22556805],23
2025-01-23,ONE.TA,[8007.41114873],24
2025-01-24,ONE.TA,[8042.02017562],25
2025-01-25,ONE.TA,[8053.12104548],26
2025-01-26,ONE.TA,[7908.3082758],27
2025-01-27,ONE.TA,[8020.29201549],28
2025-01-28,ONE.TA,[7813.48141798],29
2025-01-29,ONE.TA,[7933.46046097],30
2024-12-31,OPAL.TA,[237.25486405],1
2025-01-01,OPAL.TA,[232.20451921],2
2025-01-02,OPAL.TA,[234.08474093],3
2025-01-03,OPAL.TA,[236.87567034],4
2025-01-04,OPAL.TA,[242.54772023],5
2025-01-05,OPAL.TA,[246.20696484],6
2025-01-06,OPAL.TA,[237.76643964],7
2025-01-07,OPAL.TA,[246.00769619],8
2025-01-08,OPAL.TA,[249.42547803],9
2025-01-09,OPAL.TA,[248.11066952],10
2025-01-10,OPAL.TA,[250.73221812],11
2025-01-11,OPAL.TA,[264.75996118],12
2025-01-12,OPAL.TA,[268.5666892],13
2025-01-13,OPAL.TA,[277.67425349],14
2025-01-14,OPAL.TA,[277.3941621],15
2025-01-15,OPAL.TA,[281.48419724],16
2025-01-16,OPAL.TA,[286.56590736],17
2025-01-17,OPAL.TA,[298.17013822],18
2025-01-18,OPAL.TA,[288.6447863],19
2025-01-19,OPAL.TA,[285.20043343],20
2025-01-20,OPAL.TA,[283.44307996],21
2025-01-21,OPAL.TA,[292.22788955],22
2025-01-22,OPAL.TA,[280.51780788],23
2025-01-23,OPAL.TA,[278.01397942],24
2025-01-24,OPAL.TA,[281.70311444],25
2025-01-25,OPAL.TA,[276.4879425],26
2025-01-26,OPAL.TA,[268.56678125],27
2025-01-27,OPAL.TA,[273.07160178],28
2025-01-28,OPAL.TA,[265.74196174],29
2025-01-29,OPAL.TA,[266.16164596],30
2024-12-31,OPCE.TA,[2864.51389936],1
2025-01-01,OPCE.TA,[2777.66188744],2
2025-01-02,OPCE.TA,[2739.78826184],3
2025-01-03,OPCE.TA,[2710.2915928],4
2025-01-04,OPCE.TA,[2786.5611822],5
2025-01-05,OPCE.TA,[2741.44025122],6
2025-01-06,OPCE.TA,[2679.46919372],7
2025-01-07,OPCE.TA,[2650.36658144],8
2025-01-08,OPCE.TA,[2577.24962052],9
2025-01-09,OPCE.TA,[2595.22783647],10
2025-01-10,OPCE.TA,[2570.3880218],11
2025-01-11,OPCE.TA,[2563.94394293],12
2025-01-12,OPCE.TA,[2565.10584526],13
2025-01-13,OPCE.TA,[2542.01653578],14
2025-01-14,OPCE.TA,[2510.98283555],15
2025-01-15,OPCE.TA,[2446.69878079],16
2025-01-16,OPCE.TA,[2450.67320237],17
2025-01-17,OPCE.TA,[2394.00148197],18
2025-01-18,OPCE.TA,[2415.93469152],19
2025-01-19,OPCE.TA,[2366.63825416],20
2025-01-20,OPCE.TA,[2365.33824609],21
2025-01-21,OPCE.TA,[2313.75100929],22
2025-01-22,OPCE.TA,[2367.43480507],23
2025-01-23,OPCE.TA,[2371.06071495],24
2025-01-24,OPCE.TA,[2285.55979777],25
2025-01-25,OPCE.TA,[2249.51140402],26
2025-01-26,OPCE.TA,[2240.40634067],27
2025-01-27,OPCE.TA,[2246.9040677],28
2025-01-28,OPCE.TA,[2300.52659342],29
2025-01-29,OPCE.TA,[2247.11386763],30
2024-12-31,OPK.TA,[510.85851979],1
2025-01-01,OPK.TA,[513.07226626],2
2025-01-02,OPK.TA,[507.37077953],3
2025-01-03,OPK.TA,[523.81566715],4
2025-01-04,OPK.TA,[544.38826083],5
2025-01-05,OPK.TA,[523.23615797],6
2025-01-06,OPK.TA,[534.26390945],7
2025-01-07,OPK.TA,[560.56897784],8
2025-01-08,OPK.TA,[593.73848674],9
2025-01-09,OPK.TA,[560.59082336],10
2025-01-10,OPK.TA,[517.31085266],11
2025-01-11,OPK.TA,[515.32865118],12
2025-01-12,OPK.TA,[535.85749768],13
2025-01-13,OPK.TA,[524.38993702],14
2025-01-14,OPK.TA,[523.83561911],15
2025-01-15,OPK.TA,[520.76587318],16
2025-01-16,OPK.TA,[508.46879989],17
2025-01-17,OPK.TA,[506.39601312],18
2025-01-18,OPK.TA,[527.46784297],19
2025-01-19,OPK.TA,[506.94701999],20
2025-01-20,OPK.TA,[507.81437309],21
2025-01-21,OPK.TA,[495.78004368],22
2025-01-22,OPK.TA,[433.37399709],23
2025-01-23,OPK.TA,[443.64517276],24
2025-01-24,OPK.TA,[438.8714579],25
2025-01-25,OPK.TA,[449.39733746],26
2025-01-26,OPK.TA,[419.77400425],27
2025-01-27,OPK.TA,[402.22302651],28
2025-01-28,OPK.TA,[419.59488962],29
2025-01-29,OPK.TA,[411.33121448],30
2024-12-31,ORAD.TA,[59.53419269],1
2025-01-01,ORAD.TA,[58.24302648],2
2025-01-02,ORAD.TA,[58.3473813],3
2025-01-03,ORAD.TA,[60.56849941],4
2025-01-04,ORAD.TA,[59.28700961],5
2025-01-05,ORAD.TA,[57.67365938],6
2025-01-06,ORAD.TA,[59.4444264],7
2025-01-07,ORAD.TA,[59.7071585],8
2025-01-08,ORAD.TA,[58.37566953],9
2025-01-09,ORAD.TA,[60.10067855],10
2025-01-10,ORAD.TA,[59.95465663],11
2025-01-11,ORAD.TA,[59.26142422],12
2025-01-12,ORAD.TA,[59.5162206],13
2025-01-13,ORAD.TA,[59.07853154],14
2025-01-14,ORAD.TA,[57.3779373],15
2025-01-15,ORAD.TA,[54.1284479],16
2025-01-16,ORAD.TA,[54.46016644],17
2025-01-17,ORAD.TA,[56.8961717],18
2025-01-18,ORAD.TA,[56.42867888],19
2025-01-19,ORAD.TA,[57.72747763],20
2025-01-20,ORAD.TA,[58.4255124],21
2025-01-21,ORAD.TA,[56.72820483],22
2025-01-22,ORAD.TA,[56.05166922],23
2025-01-23,ORAD.TA,[56.33194149],24
2025-01-24,ORAD.TA,[57.04653519],25
2025-01-25,ORAD.TA,[57.54831222],26
2025-01-26,ORAD.TA,[58.94215114],27
2025-01-27,ORAD.TA,[60.09327671],28
2025-01-28,ORAD.TA,[58.79924313],29
2025-01-29,ORAD.TA,[60.64324624],30
2024-12-31,ORMP.TA,[867.91740619],1
2025-01-01,ORMP.TA,[857.25588332],2
2025-01-02,ORMP.TA,[840.66151755],3
2025-01-03,ORMP.TA,[861.83095536],4
2025-01-04,ORMP.TA,[840.40740175],5
2025-01-05,ORMP.TA,[863.21045631],6
2025-01-06,ORMP.TA,[890.46680022],7
2025-01-07,ORMP.TA,[882.82221883],8
2025-01-08,ORMP.TA,[904.2514744],9
2025-01-09,ORMP.TA,[872.96946072],10
2025-01-10,ORMP.TA,[842.04943771],11
2025-01-11,ORMP.TA,[809.77118186],12
2025-01-12,ORMP.TA,[820.8287152],13
2025-01-13,ORMP.TA,[834.56453831],14
2025-01-14,ORMP.TA,[851.26375387],15
2025-01-15,ORMP.TA,[878.13342411],16
2025-01-16,ORMP.TA,[865.02331021],17
2025-01-17,ORMP.TA,[865.51028601],18
2025-01-18,ORMP.TA,[854.69704207],19
2025-01-19,ORMP.TA,[897.43290448],20
2025-01-20,ORMP.TA,[901.67090019],21
2025-01-21,ORMP.TA,[889.37275759],22
2025-01-22,ORMP.TA,[897.76209985],23
2025-01-23,ORMP.TA,[900.9243856],24
2025-01-24,ORMP.TA,[901.38407381],25
2025-01-25,ORMP.TA,[879.01039706],26
2025-01-26,ORMP.TA,[882.8049308],27
2025-01-27,ORMP.TA,[878.98889843],28
2025-01-28,ORMP.TA,[878.23461314],29
2025-01-29,ORMP.TA,[857.91700784],30
2024-12-31,ORBI.TA,[2782.71275354],1
2025-01-01,ORBI.TA,[2718.83202827],2
2025-01-02,ORBI.TA,[2675.55184644],3
2025-01-03,ORBI.TA,[2721.22729864],4
2025-01-04,ORBI.TA,[2635.64810095],5
2025-01-05,ORBI.TA,[2615.25624754],6
2025-01-06,ORBI.TA,[2710.98135894],7
2025-01-07,ORBI.TA,[2668.6173421],8
2025-01-08,ORBI.TA,[2713.22434639],9
2025-01-09,ORBI.TA,[2811.60632923],10
2025-01-10,ORBI.TA,[2852.29568057],11
2025-01-11,ORBI.TA,[2832.49194438],12
2025-01-12,ORBI.TA,[2849.57376722],13
2025-01-13,ORBI.TA,[2877.08526361],14
2025-01-14,ORBI.TA,[2774.38250964],15
2025-01-15,ORBI.TA,[2784.3875795],16
2025-01-16,ORBI.TA,[2771.15545792],17
2025-01-17,ORBI.TA,[2794.51249112],18
2025-01-18,ORBI.TA,[2850.84738976],19
2025-01-19,ORBI.TA,[2795.66497201],20
2025-01-20,ORBI.TA,[2792.24774113],21
2025-01-21,ORBI.TA,[2825.76525493],22
2025-01-22,ORBI.TA,[2780.69286207],23
2025-01-23,ORBI.TA,[2738.29188333],24
2025-01-24,ORBI.TA,[2752.93618812],25
2025-01-25,ORBI.TA,[2789.62328591],26
2025-01-26,ORBI.TA,[2790.64149061],27
2025-01-27,ORBI.TA,[2879.20236246],28
2025-01-28,ORBI.TA,[2789.84480053],29
2025-01-29,ORBI.TA,[2889.41110145],30
2024-12-31,ORIN.TA,[1904.5229448],1
2025-01-01,ORIN.TA,[1965.05678432],2
2025-01-02,ORIN.TA,[1947.02702595],3
2025-01-03,ORIN.TA,[1628.92515571],4
2025-01-04,ORIN.TA,[1516.22533135],5
2025-01-05,ORIN.TA,[1723.41348615],6
2025-01-06,ORIN.TA,[1806.50341621],7
2025-01-07,ORIN.TA,[1756.96533685],8
2025-01-08,ORIN.TA,[1933.97129222],9
2025-01-09,ORIN.TA,[1716.97105129],10
2025-01-10,ORIN.TA,[1718.88276722],11
2025-01-11,ORIN.TA,[1932.32599417],12
2025-01-12,ORIN.TA,[1953.29528983],13
2025-01-13,ORIN.TA,[1996.35274496],14
2025-01-14,ORIN.TA,[2040.32247689],15
2025-01-15,ORIN.TA,[2017.56357957],16
2025-01-16,ORIN.TA,[1890.02551339],17
2025-01-17,ORIN.TA,[1879.36372921],18
2025-01-18,ORIN.TA,[1855.04347378],19
2025-01-19,ORIN.TA,[1930.72492985],20
2025-01-20,ORIN.TA,[1847.85596386],21
2025-01-21,ORIN.TA,[1790.60156914],22
2025-01-22,ORIN.TA,[1908.72910604],23
2025-01-23,ORIN.TA,[1923.30121406],24
2025-01-24,ORIN.TA,[2127.81722528],25
2025-01-25,ORIN.TA,[2288.39713554],26
2025-01-26,ORIN.TA,[2317.85476983],27
2025-01-27,ORIN.TA,[2459.67292894],28
2025-01-28,ORIN.TA,[2561.95642741],29
2025-01-29,ORIN.TA,[2411.02136924],30
2024-12-31,ORA.TA,[24858.68078545],1
2025-01-01,ORA.TA,[24581.59168233],2
2025-01-02,ORA.TA,[24687.93100625],3
2025-01-03,ORA.TA,[24696.70226714],4
2025-01-04,ORA.TA,[24846.23022184],5
2025-01-05,ORA.TA,[24822.05821218],6
2025-01-06,ORA.TA,[25477.05924983],7
2025-01-07,ORA.TA,[25577.99793368],8
2025-01-08,ORA.TA,[25651.69557665],9
2025-01-09,ORA.TA,[25135.15268738],10
2025-01-10,ORA.TA,[25118.25936926],11
2025-01-11,ORA.TA,[25613.67796052],12
2025-01-12,ORA.TA,[25789.17303685],13
2025-01-13,ORA.TA,[26540.7588183],14
2025-01-14,ORA.TA,[26153.79335267],15
2025-01-15,ORA.TA,[26907.03733826],16
2025-01-16,ORA.TA,[27131.66569312],17
2025-01-17,ORA.TA,[26372.85855138],18
2025-01-18,ORA.TA,[26754.21521423],19
2025-01-19,ORA.TA,[27064.87509493],20
2025-01-20,ORA.TA,[27321.7792574],21
2025-01-21,ORA.TA,[27014.71785659],22
2025-01-22,ORA.TA,[26645.36650738],23
2025-01-23,ORA.TA,[26692.60660193],24
2025-01-24,ORA.TA,[26135.05316169],25
2025-01-25,ORA.TA,[25846.46177877],26
2025-01-26,ORA.TA,[26161.11934489],27
2025-01-27,ORA.TA,[26631.73332605],28
2025-01-28,ORA.TA,[26182.96745103],29
2025-01-29,ORA.TA,[26741.14315086],30
2024-12-31,ORON.TA,[1036.64942604],1
2025-01-01,ORON.TA,[1066.37537572],2
2025-01-02,ORON.TA,[1075.29012244],3
2025-01-03,ORON.TA,[1096.93717147],4
2025-01-04,ORON.TA,[1122.74306791],5
2025-01-05,ORON.TA,[1085.86340829],6
2025-01-06,ORON.TA,[1110.75954887],7
2025-01-07,ORON.TA,[1114.25105551],8
2025-01-08,ORON.TA,[1097.71931249],9
2025-01-09,ORON.TA,[1097.27472836],10
2025-01-10,ORON.TA,[1091.6862391],11
2025-01-11,ORON.TA,[1111.52054679],12
2025-01-12,ORON.TA,[1145.38199114],13
2025-01-13,ORON.TA,[1124.4336899],14
2025-01-14,ORON.TA,[1128.65258568],15
2025-01-15,ORON.TA,[1105.947548],16
2025-01-16,ORON.TA,[1047.42367437],17
2025-01-17,ORON.TA,[1047.01210108],18
2025-01-18,ORON.TA,[1068.03118181],19
2025-01-19,ORON.TA,[1066.22709554],20
2025-01-20,ORON.TA,[1048.56037311],21
2025-01-21,ORON.TA,[1090.04494869],22
2025-01-22,ORON.TA,[1038.18224215],23
2025-01-23,ORON.TA,[1047.91350412],24
2025-01-24,ORON.TA,[1042.14931874],25
2025-01-25,ORON.TA,[1044.30691326],26
2025-01-26,ORON.TA,[1032.22402054],27
2025-01-27,ORON.TA,[1046.97759486],28
2025-01-28,ORON.TA,[1084.40665648],29
2025-01-29,ORON.TA,[1090.3910867],30
2024-12-31,OVRS.TA,[396.89380467],1
2025-01-01,OVRS.TA,[387.852052],2
2025-01-02,OVRS.TA,[378.02965403],3
2025-01-03,OVRS.TA,[370.44621283],4
2025-01-04,OVRS.TA,[378.98704463],5
2025-01-05,OVRS.TA,[379.70162497],6
2025-01-06,OVRS.TA,[378.97616312],7
2025-01-07,OVRS.TA,[377.40233061],8
2025-01-08,OVRS.TA,[380.0363273],9
2025-01-09,OVRS.TA,[377.31903547],10
2025-01-10,OVRS.TA,[383.43931439],11
2025-01-11,OVRS.TA,[393.20464025],12
2025-01-12,OVRS.TA,[397.58150313],13
2025-01-13,OVRS.TA,[391.17688329],14
2025-01-14,OVRS.TA,[390.10705814],15
2025-01-15,OVRS.TA,[396.62970787],16
2025-01-16,OVRS.TA,[404.70971916],17
2025-01-17,OVRS.TA,[410.43783347],18
2025-01-18,OVRS.TA,[405.49966005],19
2025-01-19,OVRS.TA,[406.67513229],20
2025-01-20,OVRS.TA,[403.66030734],21
2025-01-21,OVRS.TA,[405.43327229],22
2025-01-22,OVRS.TA,[395.40333632],23
2025-01-23,OVRS.TA,[391.66052064],24
2025-01-24,OVRS.TA,[394.85157657],25
2025-01-25,OVRS.TA,[400.79708419],26
2025-01-26,OVRS.TA,[388.438551],27
2025-01-27,OVRS.TA,[387.36236911],28
2025-01-28,OVRS.TA,[393.38628124],29
2025-01-29,OVRS.TA,[394.81914149],30
2024-12-31,PLRM.TA,[7239.1455128],1
2025-01-01,PLRM.TA,[7140.3466226],2
2025-01-02,PLRM.TA,[7343.70817763],3
2025-01-03,PLRM.TA,[7338.02932073],4
2025-01-04,PLRM.TA,[7471.22737212],5
2025-01-05,PLRM.TA,[7109.43683897],6
2025-01-06,PLRM.TA,[7062.75241546],7
2025-01-07,PLRM.TA,[7228.92960464],8
2025-01-08,PLRM.TA,[7002.11581488],9
2025-01-09,PLRM.TA,[7111.79393677],10
2025-01-10,PLRM.TA,[7352.74082983],11
2025-01-11,PLRM.TA,[7295.34193342],12
2025-01-12,PLRM.TA,[7293.97225069],13
2025-01-13,PLRM.TA,[7504.32084355],14
2025-01-14,PLRM.TA,[7596.30112933],15
2025-01-15,PLRM.TA,[7166.16740732],16
2025-01-16,PLRM.TA,[7374.99870805],17
2025-01-17,PLRM.TA,[7696.57969692],18
2025-01-18,PLRM.TA,[7841.33949789],19
2025-01-19,PLRM.TA,[8159.76024708],20
2025-01-20,PLRM.TA,[8815.31351286],21
2025-01-21,PLRM.TA,[8693.73261051],22
2025-01-22,PLRM.TA,[8985.32658475],23
2025-01-23,PLRM.TA,[8477.95965989],24
2025-01-24,PLRM.TA,[9061.05045003],25
2025-01-25,PLRM.TA,[8887.45870085],26
2025-01-26,PLRM.TA,[9061.11080065],27
2025-01-27,PLRM.TA,[9069.31263206],28
2025-01-28,PLRM.TA,[8830.78887897],29
2025-01-29,PLRM.TA,[9216.15851023],30
2024-12-31,PRKM.TA,[458.9038418],1
2025-01-01,PRKM.TA,[460.76305274],2
2025-01-02,PRKM.TA,[460.60807614],3
2025-01-03,PRKM.TA,[462.43799406],4
2025-01-04,PRKM.TA,[461.33831111],5
2025-01-05,PRKM.TA,[461.09770679],6
2025-01-06,PRKM.TA,[458.20280978],7
2025-01-07,PRKM.TA,[455.34168787],8
2025-01-08,PRKM.TA,[457.52428517],9
2025-01-09,PRKM.TA,[456.0531778],10
2025-01-10,PRKM.TA,[455.44952596],11
2025-01-11,PRKM.TA,[456.71516479],12
2025-01-12,PRKM.TA,[462.18237618],13
2025-01-13,PRKM.TA,[465.36326871],14
2025-01-14,PRKM.TA,[467.49776366],15
2025-01-15,PRKM.TA,[466.12600516],16
2025-01-16,PRKM.TA,[464.85583185],17
2025-01-17,PRKM.TA,[463.72908942],18
2025-01-18,PRKM.TA,[459.67475235],19
2025-01-19,PRKM.TA,[454.62214095],20
2025-01-20,PRKM.TA,[453.43118022],21
2025-01-21,PRKM.TA,[445.76074645],22
2025-01-22,PRKM.TA,[447.64632172],23
2025-01-23,PRKM.TA,[448.75145828],24
2025-01-24,PRKM.TA,[446.93414249],25
2025-01-25,PRKM.TA,[450.85042522],26
2025-01-26,PRKM.TA,[455.74063064],27
2025-01-27,PRKM.TA,[459.99581921],28
2025-01-28,PRKM.TA,[465.80302018],29
2025-01-29,PRKM.TA,[461.19412094],30
2024-12-31,PTNR.TA,[2403.96991385],1
2025-01-01,PTNR.TA,[2369.25966703],2
2025-01-02,PTNR.TA,[2384.66686529],3
2025-01-03,PTNR.TA,[2465.3429275],4
2025-01-04,PTNR.TA,[2442.54424153],5
2025-01-05,PTNR.TA,[2451.4452359],6
2025-01-06,PTNR.TA,[2496.98118711],7
2025-01-07,PTNR.TA,[2599.33637495],8
2025-01-08,PTNR.TA,[2616.07554801],9
2025-01-09,PTNR.TA,[2554.39998727],10
2025-01-10,PTNR.TA,[2719.82355306],11
2025-01-11,PTNR.TA,[2735.35975482],12
2025-01-12,PTNR.TA,[2688.61130167],13
2025-01-13,PTNR.TA,[2745.21703463],14
2025-01-14,PTNR.TA,[2873.54445536],15
2025-01-15,PTNR.TA,[3044.38626657],16
2025-01-16,PTNR.TA,[2977.01426745],17
2025-01-17,PTNR.TA,[3094.93180451],18
2025-01-18,PTNR.TA,[3048.27346796],19
2025-01-19,PTNR.TA,[3134.60500862],20
2025-01-20,PTNR.TA,[3100.75552104],21
2025-01-21,PTNR.TA,[3077.44294662],22
2025-01-22,PTNR.TA,[3202.1192145],23
2025-01-23,PTNR.TA,[3238.38101187],24
2025-01-24,PTNR.TA,[3397.99071135],25
2025-01-25,PTNR.TA,[3458.62258852],26
2025-01-26,PTNR.TA,[3488.23648223],27
2025-01-27,PTNR.TA,[3471.38071487],28
2025-01-28,PTNR.TA,[3426.0031942],29
2025-01-29,PTNR.TA,[3484.2012675],30
2024-12-31,PMNT.TA,[279.51742477],1
2025-01-01,PMNT.TA,[300.92476692],2
2025-01-02,PMNT.TA,[269.52416385],3
2025-01-03,PMNT.TA,[276.00095881],4
2025-01-04,PMNT.TA,[249.43909528],5
2025-01-05,PMNT.TA,[265.05574655],6
2025-01-06,PMNT.TA,[276.53175109],7
2025-01-07,PMNT.TA,[258.51801778],8
2025-01-08,PMNT.TA,[236.51742076],9
2025-01-09,PMNT.TA,[251.72932252],10
2025-01-10,PMNT.TA,[253.55201354],11
2025-01-11,PMNT.TA,[249.106252],12
2025-01-12,PMNT.TA,[257.94896399],13
2025-01-13,PMNT.TA,[244.7758821],14
2025-01-14,PMNT.TA,[245.09007723],15
2025-01-15,PMNT.TA,[253.02017288],16
2025-01-16,PMNT.TA,[245.7245625],17
2025-01-17,PMNT.TA,[262.91986601],18
2025-01-18,PMNT.TA,[264.55983316],19
2025-01-19,PMNT.TA,[263.61198798],20
2025-01-20,PMNT.TA,[271.332793],21
2025-01-21,PMNT.TA,[272.25278704],22
2025-01-22,PMNT.TA,[276.43287982],23
2025-01-23,PMNT.TA,[286.56032524],24
2025-01-24,PMNT.TA,[281.54160512],25
2025-01-25,PMNT.TA,[291.43466043],26
2025-01-26,PMNT.TA,[310.6695988],27
2025-01-27,PMNT.TA,[306.91259289],28
2025-01-28,PMNT.TA,[288.74979542],29
2025-01-29,PMNT.TA,[279.79854003],30
2024-12-31,PAYT.TA,[6824.10319],1
2025-01-01,PAYT.TA,[6869.72600129],2
2025-01-02,PAYT.TA,[6797.20064932],3
2025-01-03,PAYT.TA,[6787.70926301],4
2025-01-04,PAYT.TA,[6796.963184],5
2025-01-05,PAYT.TA,[6740.08419091],6
2025-01-06,PAYT.TA,[6676.6702613],7
2025-01-07,PAYT.TA,[6654.4478353],8
2025-01-08,PAYT.TA,[6491.72306522],9
2025-01-09,PAYT.TA,[6531.37458296],10
2025-01-10,PAYT.TA,[6540.21353006],11
2025-01-11,PAYT.TA,[6440.59637709],12
2025-01-12,PAYT.TA,[6313.81643101],13
2025-01-13,PAYT.TA,[6371.37722591],14
2025-01-14,PAYT.TA,[6199.50774077],15
2025-01-15,PAYT.TA,[6301.91175656],16
2025-01-16,PAYT.TA,[6467.66412927],17
2025-01-17,PAYT.TA,[6472.67476628],18
2025-01-18,PAYT.TA,[6399.87722428],19
2025-01-19,PAYT.TA,[6395.84131259],20
2025-01-20,PAYT.TA,[6493.94375916],21
2025-01-21,PAYT.TA,[6595.01517606],22
2025-01-22,PAYT.TA,[6633.63232007],23
2025-01-23,PAYT.TA,[6660.79291785],24
2025-01-24,PAYT.TA,[6749.22580888],25
2025-01-25,PAYT.TA,[6587.03507375],26
2025-01-26,PAYT.TA,[6551.03390435],27
2025-01-27,PAYT.TA,[6597.39282736],28
2025-01-28,PAYT.TA,[6708.99896857],29
2025-01-29,PAYT.TA,[6565.3709578],30
2024-12-31,PAZ.TA,[43997.08490093],1
2025-01-01,PAZ.TA,[43576.01107223],2
2025-01-02,PAZ.TA,[43371.27458544],3
2025-01-03,PAZ.TA,[42784.74962556],4
2025-01-04,PAZ.TA,[42660.44951632],5
2025-01-05,PAZ.TA,[43738.76824898],6
2025-01-06,PAZ.TA,[43689.55100615],7
2025-01-07,PAZ.TA,[44268.15292415],8
2025-01-08,PAZ.TA,[43995.1135104],9
2025-01-09,PAZ.TA,[44262.10406892],10
2025-01-10,PAZ.TA,[45396.28020531],11
2025-01-11,PAZ.TA,[45863.26455814],12
2025-01-12,PAZ.TA,[46207.78160577],13
2025-01-13,PAZ.TA,[46290.6410468],14
2025-01-14,PAZ.TA,[44886.92408133],15
2025-01-15,PAZ.TA,[44175.85628512],16
2025-01-16,PAZ.TA,[45241.75365691],17
2025-01-17,PAZ.TA,[45620.9798408],18
2025-01-18,PAZ.TA,[45491.55217436],19
2025-01-19,PAZ.TA,[45586.56969811],20
2025-01-20,PAZ.TA,[45124.53232588],21
2025-01-21,PAZ.TA,[46140.40112873],22
2025-01-22,PAZ.TA,[45320.57353365],23
2025-01-23,PAZ.TA,[46111.27645113],24
2025-01-24,PAZ.TA,[45802.18041336],25
2025-01-25,PAZ.TA,[45296.10570027],26
2025-01-26,PAZ.TA,[45752.73652816],27
2025-01-27,PAZ.TA,[45953.54886021],28
2025-01-28,PAZ.TA,[46477.46031741],29
2025-01-29,PAZ.TA,[47501.19025998],30
2024-12-31,PCBT.TA,[694.30801251],1
2025-01-01,PCBT.TA,[690.30281587],2
2025-01-02,PCBT.TA,[672.57748053],3
2025-01-03,PCBT.TA,[650.90704175],4
2025-01-04,PCBT.TA,[660.73994114],5
2025-01-05,PCBT.TA,[708.31606733],6
2025-01-06,PCBT.TA,[689.01274282],7
2025-01-07,PCBT.TA,[673.424912],8
2025-01-08,PCBT.TA,[660.25258322],9
2025-01-09,PCBT.TA,[684.00536301],10
2025-01-10,PCBT.TA,[681.67398497],11
2025-01-11,PCBT.TA,[651.29387554],12
2025-01-12,PCBT.TA,[621.39717812],13
2025-01-13,PCBT.TA,[641.01390427],14
2025-01-14,PCBT.TA,[665.1573781],15
2025-01-15,PCBT.TA,[680.02389066],16
2025-01-16,PCBT.TA,[622.9350724],17
2025-01-17,PCBT.TA,[638.3216923],18
2025-01-18,PCBT.TA,[672.27784275],19
2025-01-19,PCBT.TA,[681.63551221],20
2025-01-20,PCBT.TA,[705.08514005],21
2025-01-21,PCBT.TA,[756.5239306],22
2025-01-22,PCBT.TA,[788.89669893],23
2025-01-23,PCBT.TA,[780.49146865],24
2025-01-24,PCBT.TA,[794.06481595],25
2025-01-25,PCBT.TA,[764.99769541],26
2025-01-26,PCBT.TA,[748.55651624],27
2025-01-27,PCBT.TA,[768.96206488],28
2025-01-28,PCBT.TA,[825.71487707],29
2025-01-29,PCBT.TA,[834.49742342],30
2024-12-31,PEN.TA,[210.67117683],1
2025-01-01,PEN.TA,[216.469678],2
2025-01-02,PEN.TA,[209.4734084],3
2025-01-03,PEN.TA,[209.76658044],4
2025-01-04,PEN.TA,[206.14744325],5
2025-01-05,PEN.TA,[199.30384567],6
2025-01-06,PEN.TA,[197.78916918],7
2025-01-07,PEN.TA,[199.65415715],8
2025-01-08,PEN.TA,[204.5908314],9
2025-01-09,PEN.TA,[204.26720995],10
2025-01-10,PEN.TA,[200.890545],11
2025-01-11,PEN.TA,[200.58429657],12
2025-01-12,PEN.TA,[200.15073092],13
2025-01-13,PEN.TA,[199.78214446],14
2025-01-14,PEN.TA,[198.14741633],15
2025-01-15,PEN.TA,[197.22424447],16
2025-01-16,PEN.TA,[194.8279734],17
2025-01-17,PEN.TA,[197.78836272],18
2025-01-18,PEN.TA,[197.51206587],19
2025-01-19,PEN.TA,[197.04655736],20
2025-01-20,PEN.TA,[193.08559361],21
2025-01-21,PEN.TA,[189.29549861],22
2025-01-22,PEN.TA,[190.04141113],23
2025-01-23,PEN.TA,[192.73356813],24
2025-01-24,PEN.TA,[193.46619405],25
2025-01-25,PEN.TA,[197.25849498],26
2025-01-26,PEN.TA,[200.06429728],27
2025-01-27,PEN.TA,[197.30136006],28
2025-01-28,PEN.TA,[200.8063178],29
2025-01-29,PEN.TA,[201.18695025],30
2024-12-31,PERI.TA,[2956.39572513],1
2025-01-01,PERI.TA,[2954.42231282],2
2025-01-02,PERI.TA,[2924.35985735],3
2025-01-03,PERI.TA,[2901.26733237],4
2025-01-04,PERI.TA,[3006.35048202],5
2025-01-05,PERI.TA,[3253.74984068],6
2025-01-06,PERI.TA,[3043.80268358],7
2025-01-07,PERI.TA,[3024.5972243],8
2025-01-08,PERI.TA,[2813.44669428],9
2025-01-09,PERI.TA,[2957.71151563],10
2025-01-10,PERI.TA,[2896.60463138],11
2025-01-11,PERI.TA,[3240.10853664],12
2025-01-12,PERI.TA,[3208.44933943],13
2025-01-13,PERI.TA,[3172.19532507],14
2025-01-14,PERI.TA,[3196.82554293],15
2025-01-15,PERI.TA,[3071.63220336],16
2025-01-16,PERI.TA,[3494.52372074],17
2025-01-17,PERI.TA,[3676.38913729],18
2025-01-18,PERI.TA,[3758.14900511],19
2025-01-19,PERI.TA,[3511.99604475],20
2025-01-20,PERI.TA,[3373.13224764],21
2025-01-21,PERI.TA,[3658.13096497],22
2025-01-22,PERI.TA,[3354.46001951],23
2025-01-23,PERI.TA,[3609.26464441],24
2025-01-24,PERI.TA,[3437.7042509],25
2025-01-25,PERI.TA,[3448.85366875],26
2025-01-26,PERI.TA,[3561.39556653],27
2025-01-27,PERI.TA,[3907.43622186],28
2025-01-28,PERI.TA,[3638.76261269],29
2025-01-29,PERI.TA,[3329.12949539],30
2024-12-31,PTCH.TA,[170.26247309],1
2025-01-01,PTCH.TA,[170.87853987],2
2025-01-02,PTCH.TA,[168.25340142],3
2025-01-03,PTCH.TA,[164.85044245],4
2025-01-04,PTCH.TA,[161.28309474],5
2025-01-05,PTCH.TA,[164.23322692],6
2025-01-06,PTCH.TA,[160.14340728],7
2025-01-07,PTCH.TA,[163.70681934],8
2025-01-08,PTCH.TA,[168.18433137],9
2025-01-09,PTCH.TA,[172.64210664],10
2025-01-10,PTCH.TA,[168.831199],11
2025-01-11,PTCH.TA,[168.37649252],12
2025-01-12,PTCH.TA,[166.62215046],13
2025-01-13,PTCH.TA,[165.49137836],14
2025-01-14,PTCH.TA,[165.93220885],15
2025-01-15,PTCH.TA,[167.84853961],16
2025-01-16,PTCH.TA,[164.58513576],17
2025-01-17,PTCH.TA,[165.82440676],18
2025-01-18,PTCH.TA,[161.26120329],19
2025-01-19,PTCH.TA,[164.1104014],20
2025-01-20,PTCH.TA,[164.40595593],21
2025-01-21,PTCH.TA,[161.31121188],22
2025-01-22,PTCH.TA,[167.22146183],23
2025-01-23,PTCH.TA,[167.04542476],24
2025-01-24,PTCH.TA,[166.79835702],25
2025-01-25,PTCH.TA,[171.49441737],26
2025-01-26,PTCH.TA,[167.00184127],27
2025-01-27,PTCH.TA,[169.92530935],28
2025-01-28,PTCH.TA,[168.11877988],29
2025-01-29,PTCH.TA,[168.93483022],30
2024-12-31,PTX.TA,[117.70767282],1
2025-01-01,PTX.TA,[113.808369],2
2025-01-02,PTX.TA,[110.67466103],3
2025-01-03,PTX.TA,[109.97336012],4
2025-01-04,PTX.TA,[111.92445686],5
2025-01-05,PTX.TA,[116.34482599],6
2025-01-06,PTX.TA,[119.98770648],7
2025-01-07,PTX.TA,[114.94039173],8
2025-01-08,PTX.TA,[105.4977651],9
2025-01-09,PTX.TA,[102.9283875],10
2025-01-10,PTX.TA,[110.81119157],11
2025-01-11,PTX.TA,[121.53156938],12
2025-01-12,PTX.TA,[120.26982084],13
2025-01-13,PTX.TA,[126.48717814],14
2025-01-14,PTX.TA,[122.36756885],15
2025-01-15,PTX.TA,[120.99671443],16
2025-01-16,PTX.TA,[123.18963026],17
2025-01-17,PTX.TA,[134.15104928],18
2025-01-18,PTX.TA,[131.32353136],19
2025-01-19,PTX.TA,[128.60792215],20
2025-01-20,PTX.TA,[131.24191686],21
2025-01-21,PTX.TA,[139.72637255],22
2025-01-22,PTX.TA,[137.19943565],23
2025-01-23,PTX.TA,[131.48123967],24
2025-01-24,PTX.TA,[150.47019953],25
2025-01-25,PTX.TA,[141.52623577],26
2025-01-26,PTX.TA,[138.80313862],27
2025-01-27,PTX.TA,[135.67879319],28
2025-01-28,PTX.TA,[128.31524293],29
2025-01-29,PTX.TA,[125.68228551],30
2024-12-31,PHOE.TA,[4831.71123481],1
2025-01-01,PHOE.TA,[4893.1164778],2
2025-01-02,PHOE.TA,[4969.04721221],3
2025-01-03,PHOE.TA,[4853.1770111],4
2025-01-04,PHOE.TA,[4911.75847847],5
2025-01-05,PHOE.TA,[4875.86421498],6
2025-01-06,PHOE.TA,[4780.91268878],7
2025-01-07,PHOE.TA,[4794.73291214],8
2025-01-08,PHOE.TA,[4776.98700769],9
2025-01-09,PHOE.TA,[4620.2895008],10
2025-01-10,PHOE.TA,[4550.05985161],11
2025-01-11,PHOE.TA,[4625.29128982],12
2025-01-12,PHOE.TA,[4508.74098155],13
2025-01-13,PHOE.TA,[4571.96422382],14
2025-01-14,PHOE.TA,[4520.38551547],15
2025-01-15,PHOE.TA,[4492.42169664],16
2025-01-16,PHOE.TA,[4556.63144882],17
2025-01-17,PHOE.TA,[4588.81300025],18
2025-01-18,PHOE.TA,[4667.77123432],19
2025-01-19,PHOE.TA,[4768.26486185],20
2025-01-20,PHOE.TA,[4789.00834976],21
2025-01-21,PHOE.TA,[4660.37494705],22
2025-01-22,PHOE.TA,[4632.24124088],23
2025-01-23,PHOE.TA,[4622.73780919],24
2025-01-24,PHOE.TA,[4678.70161016],25
2025-01-25,PHOE.TA,[4736.06951909],26
2025-01-26,PHOE.TA,[4658.62283723],27
2025-01-27,PHOE.TA,[4621.66616132],28
2025-01-28,PHOE.TA,[4520.97636584],29
2025-01-29,PHOE.TA,[4485.16130473],30
2024-12-31,PHTM.TA,[2824.62234008],1
2025-01-01,PHTM.TA,[2817.62006445],2
2025-01-02,PHTM.TA,[2817.79444647],3
2025-01-03,PHTM.TA,[2784.63681724],4
2025-01-04,PHTM.TA,[2805.56948771],5
2025-01-05,PHTM.TA,[2797.16760638],6
2025-01-06,PHTM.TA,[2825.73153316],7
2025-01-07,PHTM.TA,[2829.36025916],8
2025-01-08,PHTM.TA,[2851.23341962],9
2025-01-09,PHTM.TA,[2880.59935389],10
2025-01-10,PHTM.TA,[2861.25101692],11
2025-01-11,PHTM.TA,[2841.46333154],12
2025-01-12,PHTM.TA,[2870.01597353],13
2025-01-13,PHTM.TA,[2880.9860687],14
2025-01-14,PHTM.TA,[2839.88480493],15
2025-01-15,PHTM.TA,[2849.43935151],16
2025-01-16,PHTM.TA,[2799.55132865],17
2025-01-17,PHTM.TA,[2751.61591922],18
2025-01-18,PHTM.TA,[2788.9654669],19
2025-01-19,PHTM.TA,[2808.40427426],20
2025-01-20,PHTM.TA,[2869.78172805],21
2025-01-21,PHTM.TA,[2928.7119123],22
2025-01-22,PHTM.TA,[2947.14870183],23
2025-01-23,PHTM.TA,[2889.04226405],24
2025-01-24,PHTM.TA,[2995.50018338],25
2025-01-25,PHTM.TA,[3036.08447903],26
2025-01-26,PHTM.TA,[3080.71500529],27
2025-01-27,PHTM.TA,[3033.99581793],28
2025-01-28,PHTM.TA,[2998.87034166],29
2025-01-29,PHTM.TA,[2950.17532961],30
2024-12-31,PLNT.TA,[540.52493197],1
2025-01-01,PLNT.TA,[784.20998299],2
2025-01-02,PLNT.TA,[556.66489093],3
2025-01-03,PLNT.TA,[819.97941844],4
2025-01-04,PLNT.TA,[695.39851703],5
2025-01-05,PLNT.TA,[434.2290422],6
2025-01-06,PLNT.TA,[379.00055752],7
2025-01-07,PLNT.TA,[327.87379615],8
2025-01-08,PLNT.TA,[279.56596493],9
2025-01-09,PLNT.TA,[408.58847372],10
2025-01-10,PLNT.TA,[367.90687822],11
2025-01-11,PLNT.TA,[429.21122553],12
2025-01-12,PLNT.TA,[576.69266175],13
2025-01-13,PLNT.TA,[464.45597023],14
2025-01-14,PLNT.TA,[324.66045627],15
2025-01-15,PLNT.TA,[402.36056352],16
2025-01-16,PLNT.TA,[275.8815882],17
2025-01-17,PLNT.TA,[205.60630918],18
2025-01-18,PLNT.TA,[210.35689817],19
2025-01-19,PLNT.TA,[227.02770586],20
2025-01-20,PLNT.TA,[202.91049531],21
2025-01-21,PLNT.TA,[185.32391373],22
2025-01-22,PLNT.TA,[118.67663562],23
2025-01-23,PLNT.TA,[102.9840884],24
2025-01-24,PLNT.TA,[79.47001686],25
2025-01-25,PLNT.TA,[102.19551401],26
2025-01-26,PLNT.TA,[77.32253174],27
2025-01-27,PLNT.TA,[127.47449913],28
2025-01-28,PLNT.TA,[58.30600665],29
2025-01-29,PLNT.TA,[60.69256129],30
2024-12-31,PLSN.TA,[17239.51592276],1
2025-01-01,PLSN.TA,[17387.28115567],2
2025-01-02,PLSN.TA,[17205.42476822],3
2025-01-03,PLSN.TA,[17046.99321533],4
2025-01-04,PLSN.TA,[16889.61894005],5
2025-01-05,PLSN.TA,[16480.9834146],6
2025-01-06,PLSN.TA,[16294.97353739],7
2025-01-07,PLSN.TA,[16236.49032196],8
2025-01-08,PLSN.TA,[16699.38876925],9
2025-01-09,PLSN.TA,[16585.07105952],10
2025-01-10,PLSN.TA,[16299.09217898],11
2025-01-11,PLSN.TA,[16448.60761418],12
2025-01-12,PLSN.TA,[16275.19710179],13
2025-01-13,PLSN.TA,[16471.08714069],14
2025-01-14,PLSN.TA,[16033.67437993],15
2025-01-15,PLSN.TA,[16445.88196185],16
2025-01-16,PLSN.TA,[16005.26916621],17
2025-01-17,PLSN.TA,[16474.94914988],18
2025-01-18,PLSN.TA,[16749.7638617],19
2025-01-19,PLSN.TA,[17122.57630449],20
2025-01-20,PLSN.TA,[17310.07437866],21
2025-01-21,PLSN.TA,[17221.43197885],22
2025-01-22,PLSN.TA,[17055.72565725],23
2025-01-23,PLSN.TA,[17193.69260691],24
2025-01-24,PLSN.TA,[17233.62534615],25
2025-01-25,PLSN.TA,[17601.5474614],26
2025-01-26,PLSN.TA,[17151.70422062],27
2025-01-27,PLSN.TA,[17014.19880875],28
2025-01-28,PLSN.TA,[17278.68093477],29
2025-01-29,PLSN.TA,[17580.08884617],30
2024-12-31,PLCR.TA,[-109.80581297],1
2025-01-01,PLCR.TA,[-139.13714158],2
2025-01-02,PLCR.TA,[-239.27570495],3
2025-01-03,PLCR.TA,[-161.58023804],4
2025-01-04,PLCR.TA,[-301.15230757],5
2025-01-05,PLCR.TA,[-322.02366524],6
2025-01-06,PLCR.TA,[-335.80292324],7
2025-01-07,PLCR.TA,[-653.04020446],8
2025-01-08,PLCR.TA,[-127.49477343],9
2025-01-09,PLCR.TA,[-260.70514416],10
2025-01-10,PLCR.TA,[-489.36952397],11
2025-01-11,PLCR.TA,[-470.21689817],12
2025-01-12,PLCR.TA,[-602.47543553],13
2025-01-13,PLCR.TA,[-449.62438261],14
2025-01-14,PLCR.TA,[-740.58919374],15
2025-01-15,PLCR.TA,[-687.93813745],16
2025-01-16,PLCR.TA,[58.5174561],17
2025-01-17,PLCR.TA,[67.79451957],18
2025-01-18,PLCR.TA,[99.05116225],19
2025-01-19,PLCR.TA,[109.07216058],20
2025-01-20,PLCR.TA,[192.25420573],21
2025-01-21,PLCR.TA,[327.74831641],22
2025-01-22,PLCR.TA,[490.58251255],23
2025-01-23,PLCR.TA,[300.28675261],24
2025-01-24,PLCR.TA,[365.93506269],25
2025-01-25,PLCR.TA,[415.34883424],26
2025-01-26,PLCR.TA,[662.41083959],27
2025-01-27,PLCR.TA,[814.39672513],28
2025-01-28,PLCR.TA,[1142.96945308],29
2025-01-29,PLCR.TA,[1522.96881327],30
2024-12-31,PPIL.TA,[2680.93014161],1
2025-01-01,PPIL.TA,[1761.20732113],2
2025-01-02,PPIL.TA,[8070.57575417],3
2025-01-03,PPIL.TA,[-66056.19867122],4
2025-01-04,PPIL.TA,[264490.82265632],5
2025-01-05,PPIL.TA,[1357903.85047853],6
2025-01-06,PPIL.TA,[-1137843.94932281],7
2025-01-07,PPIL.TA,[9166681.48026901],8
2025-01-08,PPIL.TA,[-29373216.75117416],9
2025-01-09,PPIL.TA,[-3.00892541e+08],10
2025-01-10,PPIL.TA,[-2.4747761e+09],11
2025-01-11,PPIL.TA,[-1.22241228e+10],12
2025-01-12,PPIL.TA,[4.11210351e+10],13
2025-01-13,PPIL.TA,[7.82050875e+09],14
2025-01-14,PPIL.TA,[-1.73831796e+10],15
2025-01-15,PPIL.TA,[-9.93009588e+10],16
2025-01-16,PPIL.TA,[3.23184686e+11],17
2025-01-17,PPIL.TA,[1.07283567e+12],18
2025-01-18,PPIL.TA,[-4.06974237e+12],19
2025-01-19,PPIL.TA,[3.47793027e+13],20
2025-01-20,PPIL.TA,[8.72354284e+13],21
2025-01-21,PPIL.TA,[6.5981568e+14],22
2025-01-22,PPIL.TA,[-5.26888827e+15],23
2025-01-23,PPIL.TA,[-2.82280762e+15],24
2025-01-24,PPIL.TA,[1.0262953e+15],25
2025-01-25,PPIL.TA,[1.24711083e+16],26
2025-01-26,PPIL.TA,[2.3649252e+16],27
2025-01-27,PPIL.TA,[1.1315012e+17],28
2025-01-28,PPIL.TA,[-7.11249608e+17],29
2025-01-29,PPIL.TA,[3.55717599e+18],30
2024-12-31,PLAZ-L.TA,[147.38876917],1
2025-01-01,PLAZ-L.TA,[122.6557779],2
2025-01-02,PLAZ-L.TA,[128.74312],3
2025-01-03,PLAZ-L.TA,[113.88196556],4
2025-01-04,PLAZ-L.TA,[100.33211249],5
2025-01-05,PLAZ-L.TA,[99.86122548],6
2025-01-06,PLAZ-L.TA,[95.9652544],7
2025-01-07,PLAZ-L.TA,[109.55475918],8
2025-01-08,PLAZ-L.TA,[98.4677336],9
2025-01-09,PLAZ-L.TA,[93.32814674],10
2025-01-10,PLAZ-L.TA,[101.4606816],11
2025-01-11,PLAZ-L.TA,[89.57079087],12
2025-01-12,PLAZ-L.TA,[96.4047046],13
2025-01-13,PLAZ-L.TA,[105.38007636],14
2025-01-14,PLAZ-L.TA,[110.74749872],15
2025-01-15,PLAZ-L.TA,[120.32734237],16
2025-01-16,PLAZ-L.TA,[137.33155009],17
2025-01-17,PLAZ-L.TA,[149.99562067],18
2025-01-18,PLAZ-L.TA,[145.00887338],19
2025-01-19,PLAZ-L.TA,[167.16086073],20
2025-01-20,PLAZ-L.TA,[182.02528786],21
2025-01-21,PLAZ-L.TA,[173.2773204],22
2025-01-22,PLAZ-L.TA,[180.29332677],23
2025-01-23,PLAZ-L.TA,[159.5511361],24
2025-01-24,PLAZ-L.TA,[169.45253425],25
2025-01-25,PLAZ-L.TA,[188.73531625],26
2025-01-26,PLAZ-L.TA,[144.13433807],27
2025-01-27,PLAZ-L.TA,[156.47047378],28
2025-01-28,PLAZ-L.TA,[160.70257153],29
2025-01-29,PLAZ-L.TA,[161.25633002],30
2024-12-31,PLUR.TA,[1815.03776526],1
2025-01-01,PLUR.TA,[1827.47662343],2
2025-01-02,PLUR.TA,[1754.90901105],3
2025-01-03,PLUR.TA,[1570.94420546],4
2025-01-04,PLUR.TA,[1548.80305078],5
2025-01-05,PLUR.TA,[1584.7669171],6
2025-01-06,PLUR.TA,[1573.38171876],7
2025-01-07,PLUR.TA,[1586.4760868],8
2025-01-08,PLUR.TA,[1636.42508624],9
2025-01-09,PLUR.TA,[1529.78075689],10
2025-01-10,PLUR.TA,[1436.21716556],11
2025-01-11,PLUR.TA,[1458.4397115],12
2025-01-12,PLUR.TA,[1392.6548006],13
2025-01-13,PLUR.TA,[1447.85031083],14
2025-01-14,PLUR.TA,[1544.37761182],15
2025-01-15,PLUR.TA,[1518.22938078],16
2025-01-16,PLUR.TA,[1377.24422295],17
2025-01-17,PLUR.TA,[1336.42841132],18
2025-01-18,PLUR.TA,[1367.08145886],19
2025-01-19,PLUR.TA,[1320.08593016],20
2025-01-20,PLUR.TA,[1355.30098569],21
2025-01-21,PLUR.TA,[1206.46525263],22
2025-01-22,PLUR.TA,[1176.88668433],23
2025-01-23,PLUR.TA,[1213.00528775],24
2025-01-24,PLUR.TA,[1278.77577193],25
2025-01-25,PLUR.TA,[1288.61124949],26
2025-01-26,PLUR.TA,[1240.59845526],27
2025-01-27,PLUR.TA,[1181.7733812],28
2025-01-28,PLUR.TA,[1075.60856411],29
2025-01-29,PLUR.TA,[1062.45199038],30
2024-12-31,POLI.TA,[4020.83472987],1
2025-01-01,POLI.TA,[4036.6137293],2
2025-01-02,POLI.TA,[3998.25749695],3
2025-01-03,POLI.TA,[3954.57754317],4
2025-01-04,POLI.TA,[3930.61481202],5
2025-01-05,POLI.TA,[3946.76193169],6
2025-01-06,POLI.TA,[3938.10959345],7
2025-01-07,POLI.TA,[3902.68850832],8
2025-01-08,POLI.TA,[3909.43195367],9
2025-01-09,POLI.TA,[3866.94849989],10
2025-01-10,POLI.TA,[3834.94478838],11
2025-01-11,POLI.TA,[3838.64465409],12
2025-01-12,POLI.TA,[3864.16510093],13
2025-01-13,POLI.TA,[3924.9120958],14
2025-01-14,POLI.TA,[3966.73500163],15
2025-01-15,POLI.TA,[3948.11640191],16
2025-01-16,POLI.TA,[3970.64331724],17
2025-01-17,POLI.TA,[3925.06309533],18
2025-01-18,POLI.TA,[3946.98071852],19
2025-01-19,POLI.TA,[4009.06325006],20
2025-01-20,POLI.TA,[3999.53999331],21
2025-01-21,POLI.TA,[4102.9172024],22
2025-01-22,POLI.TA,[4116.96152256],23
2025-01-23,POLI.TA,[4157.71602235],24
2025-01-24,POLI.TA,[4155.32176477],25
2025-01-25,POLI.TA,[4130.19797674],26
2025-01-26,POLI.TA,[4156.08220224],27
2025-01-27,POLI.TA,[4321.20540693],28
2025-01-28,POLI.TA,[4368.89447208],29
2025-01-29,POLI.TA,[4290.63813675],30
2024-12-31,POLY.TA,[4193.97805616],1
2025-01-01,POLY.TA,[4281.05472628],2
2025-01-02,POLY.TA,[4362.20349571],3
2025-01-03,POLY.TA,[4411.25173797],4
2025-01-04,POLY.TA,[4316.22886451],5
2025-01-05,POLY.TA,[4309.74218385],6
2025-01-06,POLY.TA,[4182.54019321],7
2025-01-07,POLY.TA,[4195.37183709],8
2025-01-08,POLY.TA,[4117.42605801],9
2025-01-09,POLY.TA,[4170.74855388],10
2025-01-10,POLY.TA,[4291.26366266],11
2025-01-11,POLY.TA,[4197.74788183],12
2025-01-12,POLY.TA,[4116.27962336],13
2025-01-13,POLY.TA,[4121.46925027],14
2025-01-14,POLY.TA,[4145.63007953],15
2025-01-15,POLY.TA,[4208.50659637],16
2025-01-16,POLY.TA,[4286.41362747],17
2025-01-17,POLY.TA,[4240.24698975],18
2025-01-18,POLY.TA,[4287.18957169],19
2025-01-19,POLY.TA,[4278.44860265],20
2025-01-20,POLY.TA,[4200.21880595],21
2025-01-21,POLY.TA,[4211.25203468],22
2025-01-22,POLY.TA,[4267.59033408],23
2025-01-23,POLY.TA,[4137.15150431],24
2025-01-24,POLY.TA,[4069.29395543],25
2025-01-25,POLY.TA,[3944.97610519],26
2025-01-26,POLY.TA,[3881.31746398],27
2025-01-27,POLY.TA,[3949.57583089],28
2025-01-28,POLY.TA,[3967.52843635],29
2025-01-29,POLY.TA,[3990.97917858],30
2024-12-31,POLP.TA,[1182.50370809],1
2025-01-01,POLP.TA,[1182.20172722],2
2025-01-02,POLP.TA,[1191.8781153],3
2025-01-03,POLP.TA,[1196.49400235],4
2025-01-04,POLP.TA,[1192.02971153],5
2025-01-05,POLP.TA,[1195.09676921],6
2025-01-06,POLP.TA,[1234.10329624],7
2025-01-07,POLP.TA,[1207.63868673],8
2025-01-08,POLP.TA,[1207.11394464],9
2025-01-09,POLP.TA,[1203.86477431],10
2025-01-10,POLP.TA,[1215.64483785],11
2025-01-11,POLP.TA,[1229.84705279],12
2025-01-12,POLP.TA,[1251.01772522],13
2025-01-13,POLP.TA,[1202.2704995],14
2025-01-14,POLP.TA,[1234.70599227],15
2025-01-15,POLP.TA,[1229.27144895],16
2025-01-16,POLP.TA,[1240.72503421],17
2025-01-17,POLP.TA,[1237.3417083],18
2025-01-18,POLP.TA,[1238.33369459],19
2025-01-19,POLP.TA,[1224.93355758],20
2025-01-20,POLP.TA,[1258.79529577],21
2025-01-21,POLP.TA,[1262.23773132],22
2025-01-22,POLP.TA,[1312.59111927],23
2025-01-23,POLP.TA,[1285.71858355],24
2025-01-24,POLP.TA,[1306.92017956],25
2025-01-25,POLP.TA,[1306.45020268],26
2025-01-26,POLP.TA,[1266.1673726],27
2025-01-27,POLP.TA,[1268.08918462],28
2025-01-28,POLP.TA,[1239.22010692],29
2025-01-29,POLP.TA,[1241.90897778],30
2024-12-31,PMVM.TA,[784.29073092],1
2025-01-01,PMVM.TA,[868.78210637],2
2025-01-02,PMVM.TA,[711.87512878],3
2025-01-03,PMVM.TA,[861.71466794],4
2025-01-04,PMVM.TA,[775.6411667],5
2025-01-05,PMVM.TA,[956.5330463],6
2025-01-06,PMVM.TA,[917.11148608],7
2025-01-07,PMVM.TA,[1376.10447026],8
2025-01-08,PMVM.TA,[731.2851275],9
2025-01-09,PMVM.TA,[787.4245104],10
2025-01-10,PMVM.TA,[906.02703458],11
2025-01-11,PMVM.TA,[1075.36417774],12
2025-01-12,PMVM.TA,[956.41328286],13
2025-01-13,PMVM.TA,[869.07746546],14
2025-01-14,PMVM.TA,[1185.4696766],15
2025-01-15,PMVM.TA,[1679.61128733],16
2025-01-16,PMVM.TA,[2504.29758051],17
2025-01-17,PMVM.TA,[1400.98863617],18
2025-01-18,PMVM.TA,[1634.43807552],19
2025-01-19,PMVM.TA,[1114.8618749],20
2025-01-20,PMVM.TA,[1082.77195866],21
2025-01-21,PMVM.TA,[1302.6155006],22
2025-01-22,PMVM.TA,[1518.91362337],23
2025-01-23,PMVM.TA,[1314.80556302],24
2025-01-24,PMVM.TA,[1217.50757528],25
2025-01-25,PMVM.TA,[1319.13761031],26
2025-01-26,PMVM.TA,[1181.14867825],27
2025-01-27,PMVM.TA,[1471.71997896],28
2025-01-28,PMVM.TA,[1687.457639],29
2025-01-29,PMVM.TA,[1954.8002418],30
2024-12-31,PRSK.TA,[11323.54533379],1
2025-01-01,PRSK.TA,[11207.49707724],2
2025-01-02,PRSK.TA,[11240.2755086],3
2025-01-03,PRSK.TA,[11454.75441501],4
2025-01-04,PRSK.TA,[11388.25746239],5
2025-01-05,PRSK.TA,[11642.01941945],6
2025-01-06,PRSK.TA,[11692.67263556],7
2025-01-07,PRSK.TA,[11911.64670126],8
2025-01-08,PRSK.TA,[12136.26409342],9
2025-01-09,PRSK.TA,[12435.95356182],10
2025-01-10,PRSK.TA,[12664.23141903],11
2025-01-11,PRSK.TA,[13013.74162327],12
2025-01-12,PRSK.TA,[12823.17098133],13
2025-01-13,PRSK.TA,[12845.21951433],14
2025-01-14,PRSK.TA,[13017.17284181],15
2025-01-15,PRSK.TA,[12929.95827822],16
2025-01-16,PRSK.TA,[12876.66091016],17
2025-01-17,PRSK.TA,[13178.58880583],18
2025-01-18,PRSK.TA,[12569.90292776],19
2025-01-19,PRSK.TA,[12946.82957722],20
2025-01-20,PRSK.TA,[12412.23695153],21
2025-01-21,PRSK.TA,[12702.95653424],22
2025-01-22,PRSK.TA,[12867.70362356],23
2025-01-23,PRSK.TA,[12849.70194586],24
2025-01-24,PRSK.TA,[12396.08262238],25
2025-01-25,PRSK.TA,[12771.34331027],26
2025-01-26,PRSK.TA,[12896.3872042],27
2025-01-27,PRSK.TA,[12770.04044143],28
2025-01-28,PRSK.TA,[12876.81506191],29
2025-01-29,PRSK.TA,[13006.17005365],30
2024-12-31,PRIM.TA,[896.34702047],1
2025-01-01,PRIM.TA,[922.53575902],2
2025-01-02,PRIM.TA,[872.04264228],3
2025-01-03,PRIM.TA,[854.92611158],4
2025-01-04,PRIM.TA,[915.95974235],5
2025-01-05,PRIM.TA,[891.45565499],6
2025-01-06,PRIM.TA,[852.30573811],7
2025-01-07,PRIM.TA,[797.58017532],8
2025-01-08,PRIM.TA,[818.79637005],9
2025-01-09,PRIM.TA,[757.31524117],10
2025-01-10,PRIM.TA,[723.07058821],11
2025-01-11,PRIM.TA,[702.95414205],12
2025-01-12,PRIM.TA,[778.2663833],13
2025-01-13,PRIM.TA,[804.15087043],14
2025-01-14,PRIM.TA,[756.75167835],15
2025-01-15,PRIM.TA,[727.53736178],16
2025-01-16,PRIM.TA,[792.79541487],17
2025-01-17,PRIM.TA,[841.33297303],18
2025-01-18,PRIM.TA,[813.83309484],19
2025-01-19,PRIM.TA,[820.50284339],20
2025-01-20,PRIM.TA,[714.1236629],21
2025-01-21,PRIM.TA,[672.08215668],22
2025-01-22,PRIM.TA,[671.65577732],23
2025-01-23,PRIM.TA,[659.60465078],24
2025-01-24,PRIM.TA,[618.67494713],25
2025-01-25,PRIM.TA,[629.99348951],26
2025-01-26,PRIM.TA,[763.21982681],27
2025-01-27,PRIM.TA,[754.86619105],28
2025-01-28,PRIM.TA,[785.99937926],29
2025-01-29,PRIM.TA,[884.77093912],30
2024-12-31,PRMG.TA,[1375.28212616],1
2025-01-01,PRMG.TA,[1386.21426875],2
2025-01-02,PRMG.TA,[1412.88896628],3
2025-01-03,PRMG.TA,[1456.18573474],4
2025-01-04,PRMG.TA,[1530.34971988],5
2025-01-05,PRMG.TA,[1630.57347901],6
2025-01-06,PRMG.TA,[1622.04685011],7
2025-01-07,PRMG.TA,[1584.98615694],8
2025-01-08,PRMG.TA,[1615.53942534],9
2025-01-09,PRMG.TA,[1673.96386166],10
2025-01-10,PRMG.TA,[1653.38258104],11
2025-01-11,PRMG.TA,[1582.38876899],12
2025-01-12,PRMG.TA,[1585.1953321],13
2025-01-13,PRMG.TA,[1623.0296228],14
2025-01-14,PRMG.TA,[1573.980496],15
2025-01-15,PRMG.TA,[1583.49852375],16
2025-01-16,PRMG.TA,[1561.46751795],17
2025-01-17,PRMG.TA,[1609.9735826],18
2025-01-18,PRMG.TA,[1631.56690736],19
2025-01-19,PRMG.TA,[1665.15963572],20
2025-01-20,PRMG.TA,[1642.20832462],21
2025-01-21,PRMG.TA,[1641.44503767],22
2025-01-22,PRMG.TA,[1646.0598511],23
2025-01-23,PRMG.TA,[1700.08335461],24
2025-01-24,PRMG.TA,[1710.04526965],25
2025-01-25,PRMG.TA,[1759.51294932],26
2025-01-26,PRMG.TA,[1735.13968257],27
2025-01-27,PRMG.TA,[1689.38708689],28
2025-01-28,PRMG.TA,[1716.58208553],29
2025-01-29,PRMG.TA,[1709.82674092],30
2024-12-31,PRTC.TA,[17577.49036176],1
2025-01-01,PRTC.TA,[18039.99920533],2
2025-01-02,PRTC.TA,[18898.05966875],3
2025-01-03,PRTC.TA,[20059.79160331],4
2025-01-04,PRTC.TA,[19726.63193325],5
2025-01-05,PRTC.TA,[20700.1014174],6
2025-01-06,PRTC.TA,[20660.67412874],7
2025-01-07,PRTC.TA,[21183.98118181],8
2025-01-08,PRTC.TA,[19702.56792263],9
2025-01-09,PRTC.TA,[19811.5244917],10
2025-01-10,PRTC.TA,[19566.04485528],11
2025-01-11,PRTC.TA,[19286.82973264],12
2025-01-12,PRTC.TA,[18136.06957662],13
2025-01-13,PRTC.TA,[18804.24440813],14
2025-01-14,PRTC.TA,[19155.48335753],15
2025-01-15,PRTC.TA,[19483.1361374],16
2025-01-16,PRTC.TA,[19724.90110701],17
2025-01-17,PRTC.TA,[19317.98861838],18
2025-01-18,PRTC.TA,[19528.18432492],19
2025-01-19,PRTC.TA,[20366.42453608],20
2025-01-20,PRTC.TA,[19638.1603928],21
2025-01-21,PRTC.TA,[18716.34319101],22
2025-01-22,PRTC.TA,[18162.02313623],23
2025-01-23,PRTC.TA,[19924.12069745],24
2025-01-24,PRTC.TA,[20102.06939947],25
2025-01-25,PRTC.TA,[20879.38808756],26
2025-01-26,PRTC.TA,[19500.00119375],27
2025-01-27,PRTC.TA,[19946.50416294],28
2025-01-28,PRTC.TA,[20833.34349107],29
2025-01-29,PRTC.TA,[19773.86890902],30
2024-12-31,PRPD.TA,[2228.1875234],1
2025-01-01,PRPD.TA,[2232.95807809],2
2025-01-02,PRPD.TA,[2220.28922535],3
2025-01-03,PRPD.TA,[2198.73359476],4
2025-01-04,PRPD.TA,[2213.64428143],5
2025-01-05,PRPD.TA,[2207.20636545],6
2025-01-06,PRPD.TA,[2216.51193744],7
2025-01-07,PRPD.TA,[2240.60687529],8
2025-01-08,PRPD.TA,[2235.40345572],9
2025-01-09,PRPD.TA,[2235.58436718],10
2025-01-10,PRPD.TA,[2212.65876877],11
2025-01-11,PRPD.TA,[2226.58921913],12
2025-01-12,PRPD.TA,[2210.41557498],13
2025-01-13,PRPD.TA,[2212.98127855],14
2025-01-14,PRPD.TA,[2207.39379675],15
2025-01-15,PRPD.TA,[2219.03250182],16
2025-01-16,PRPD.TA,[2206.74767071],17
2025-01-17,PRPD.TA,[2190.17275097],18
2025-01-18,PRPD.TA,[2196.24186994],19
2025-01-19,PRPD.TA,[2183.33810667],20
2025-01-20,PRPD.TA,[2182.49380325],21
2025-01-21,PRPD.TA,[2188.99616534],22
2025-01-22,PRPD.TA,[2203.89866412],23
2025-01-23,PRPD.TA,[2200.2489576],24
2025-01-24,PRPD.TA,[2196.13632263],25
2025-01-25,PRPD.TA,[2187.19971607],26
2025-01-26,PRPD.TA,[2179.92892602],27
2025-01-27,PRPD.TA,[2182.82967843],28
2025-01-28,PRPD.TA,[2191.7535856],29
2025-01-29,PRPD.TA,[2199.6125463],30
2024-12-31,PTBL.TA,[25081.83086191],1
2025-01-01,PTBL.TA,[26285.29674378],2
2025-01-02,PTBL.TA,[26269.20155849],3
2025-01-03,PTBL.TA,[26610.36646023],4
2025-01-04,PTBL.TA,[27444.4345703],5
2025-01-05,PTBL.TA,[27769.27872303],6
2025-01-06,PTBL.TA,[28029.33790241],7
2025-01-07,PTBL.TA,[27738.1819955],8
2025-01-08,PTBL.TA,[27474.98934551],9
2025-01-09,PTBL.TA,[26839.62005123],10
2025-01-10,PTBL.TA,[27748.28415255],11
2025-01-11,PTBL.TA,[27520.93743402],12
2025-01-12,PTBL.TA,[28269.37579823],13
2025-01-13,PTBL.TA,[28894.84279808],14
2025-01-14,PTBL.TA,[28950.47503214],15
2025-01-15,PTBL.TA,[28093.24365019],16
2025-01-16,PTBL.TA,[27836.52876334],17
2025-01-17,PTBL.TA,[28279.97600698],18
2025-01-18,PTBL.TA,[27912.18581016],19
2025-01-19,PTBL.TA,[28716.58129683],20
2025-01-20,PTBL.TA,[28287.2775729],21
2025-01-21,PTBL.TA,[28820.8965058],22
2025-01-22,PTBL.TA,[28528.80361462],23
2025-01-23,PTBL.TA,[29237.6799094],24
2025-01-24,PTBL.TA,[29325.05243261],25
2025-01-25,PTBL.TA,[29163.88864233],26
2025-01-26,PTBL.TA,[29419.06604339],27
2025-01-27,PTBL.TA,[29955.81661316],28
2025-01-28,PTBL.TA,[30632.97896495],29
2025-01-29,PTBL.TA,[30445.6993121],30
2024-12-31,PULS.TA,[405.56351193],1
2025-01-01,PULS.TA,[530.34557418],2
2025-01-02,PULS.TA,[364.62396531],3
2025-01-03,PULS.TA,[388.33711151],4
2025-01-04,PULS.TA,[459.76836499],5
2025-01-05,PULS.TA,[375.26606854],6
2025-01-06,PULS.TA,[311.98842984],7
2025-01-07,PULS.TA,[290.25563482],8
2025-01-08,PULS.TA,[263.97110777],9
2025-01-09,PULS.TA,[187.4481414],10
2025-01-10,PULS.TA,[137.38152572],11
2025-01-11,PULS.TA,[142.85201015],12
2025-01-12,PULS.TA,[135.86224729],13
2025-01-13,PULS.TA,[142.05187954],14
2025-01-14,PULS.TA,[136.91613457],15
2025-01-15,PULS.TA,[130.42967736],16
2025-01-16,PULS.TA,[138.14759418],17
2025-01-17,PULS.TA,[125.85219521],18
2025-01-18,PULS.TA,[153.91548639],19
2025-01-19,PULS.TA,[180.31893933],20
2025-01-20,PULS.TA,[173.69369227],21
2025-01-21,PULS.TA,[162.49527647],22
2025-01-22,PULS.TA,[148.22975717],23
2025-01-23,PULS.TA,[149.20296254],24
2025-01-24,PULS.TA,[149.43740769],25
2025-01-25,PULS.TA,[146.9797632],26
2025-01-26,PULS.TA,[176.12084658],27
2025-01-27,PULS.TA,[183.29551121],28
2025-01-28,PULS.TA,[127.30087549],29
2025-01-29,PULS.TA,[123.01710666],30
2024-12-31,PPBT.TA,[-18.44562723],1
2025-01-01,PPBT.TA,[-8.66812172],2
2025-01-02,PPBT.TA,[8.7384179],3
2025-01-03,PPBT.TA,[-10.36216405],4
2025-01-04,PPBT.TA,[-31.62533609],5
2025-01-05,PPBT.TA,[34.90770467],6
2025-01-06,PPBT.TA,[99.5319344],7
2025-01-07,PPBT.TA,[443.79486756],8
2025-01-08,PPBT.TA,[-937.30103157],9
2025-01-09,PPBT.TA,[-228.99468559],10
2025-01-10,PPBT.TA,[19.815316],11
2025-01-11,PPBT.TA,[109.73390236],12
2025-01-12,PPBT.TA,[196.80849899],13
2025-01-13,PPBT.TA,[-1179.37398464],14
2025-01-14,PPBT.TA,[-2245.67289701],15
2025-01-15,PPBT.TA,[-11010.82213032],16
2025-01-16,PPBT.TA,[-13855.60608618],17
2025-01-17,PPBT.TA,[-57126.02783198],18
2025-01-18,PPBT.TA,[-131426.07067071],19
2025-01-19,PPBT.TA,[769411.1951225],20
2025-01-20,PPBT.TA,[2099914.52750197],21
2025-01-21,PPBT.TA,[-13032071.3433308],22
2025-01-22,PPBT.TA,[-47176447.97648589],23
2025-01-23,PPBT.TA,[-62449189.10524155],24
2025-01-24,PPBT.TA,[-1.78551443e+08],25
2025-01-25,PPBT.TA,[-3.04227238e+08],26
2025-01-26,PPBT.TA,[-2.01679414e+09],27
2025-01-27,PPBT.TA,[-2.87790601e+09],28
2025-01-28,PPBT.TA,[2.5596905e+09],29
2025-01-29,PPBT.TA,[1.175569e+10],30
2024-12-31,QLTU.TA,[17374.79045843],1
2025-01-01,QLTU.TA,[17153.4589728],2
2025-01-02,QLTU.TA,[17522.088646],3
2025-01-03,QLTU.TA,[17904.16163856],4
2025-01-04,QLTU.TA,[18316.1106643],5
2025-01-05,QLTU.TA,[18897.65539757],6
2025-01-06,QLTU.TA,[19825.9868021],7
2025-01-07,QLTU.TA,[19465.29553151],8
2025-01-08,QLTU.TA,[19109.24878447],9
2025-01-09,QLTU.TA,[19788.9297558],10
2025-01-10,QLTU.TA,[19055.87751995],11
2025-01-11,QLTU.TA,[19868.58156215],12
2025-01-12,QLTU.TA,[19298.34580358],13
2025-01-13,QLTU.TA,[19773.5691967],14
2025-01-14,QLTU.TA,[19456.41623452],15
2025-01-15,QLTU.TA,[19448.67035981],16
2025-01-16,QLTU.TA,[19315.57967032],17
2025-01-17,QLTU.TA,[19462.85919108],18
2025-01-18,QLTU.TA,[19477.30885676],19
2025-01-19,QLTU.TA,[19563.41039502],20
2025-01-20,QLTU.TA,[19685.65909698],21
2025-01-21,QLTU.TA,[19655.08245655],22
2025-01-22,QLTU.TA,[19845.12996885],23
2025-01-23,QLTU.TA,[20586.18188064],24
2025-01-24,QLTU.TA,[20455.35474753],25
2025-01-25,QLTU.TA,[20697.95688091],26
2025-01-26,QLTU.TA,[21702.33812195],27
2025-01-27,QLTU.TA,[21059.58717054],28
2025-01-28,QLTU.TA,[21678.77813553],29
2025-01-29,QLTU.TA,[20182.55408872],30
2024-12-31,QNCO.TA,[683.94931831],1
2025-01-01,QNCO.TA,[697.99463636],2
2025-01-02,QNCO.TA,[690.25998509],3
2025-01-03,QNCO.TA,[717.27107679],4
2025-01-04,QNCO.TA,[759.11633427],5
2025-01-05,QNCO.TA,[754.97133548],6
2025-01-06,QNCO.TA,[831.21078153],7
2025-01-07,QNCO.TA,[841.13085417],8
2025-01-08,QNCO.TA,[852.84617093],9
2025-01-09,QNCO.TA,[877.29484423],10
2025-01-10,QNCO.TA,[927.76785749],11
2025-01-11,QNCO.TA,[943.46978905],12
2025-01-12,QNCO.TA,[923.55404114],13
2025-01-13,QNCO.TA,[934.9696605],14
2025-01-14,QNCO.TA,[929.01154111],15
2025-01-15,QNCO.TA,[918.28720529],16
2025-01-16,QNCO.TA,[914.02592277],17
2025-01-17,QNCO.TA,[868.35464788],18
2025-01-18,QNCO.TA,[864.9539318],19
2025-01-19,QNCO.TA,[845.18390958],20
2025-01-20,QNCO.TA,[854.67417537],21
2025-01-21,QNCO.TA,[895.61238432],22
2025-01-22,QNCO.TA,[901.56554066],23
2025-01-23,QNCO.TA,[922.42731592],24
2025-01-24,QNCO.TA,[938.55330611],25
2025-01-25,QNCO.TA,[986.21873071],26
2025-01-26,QNCO.TA,[1000.23972838],27
2025-01-27,QNCO.TA,[978.27784095],28
2025-01-28,QNCO.TA,[906.06685347],29
2025-01-29,QNCO.TA,[854.74180305],30
2024-12-31,QLRD.TA,[2916.8159205],1
2025-01-01,QLRD.TA,[2838.36285096],2
2025-01-02,QLRD.TA,[2892.81812821],3
2025-01-03,QLRD.TA,[2982.97772494],4
2025-01-04,QLRD.TA,[2979.81139672],5
2025-01-05,QLRD.TA,[3023.97856707],6
2025-01-06,QLRD.TA,[3061.72990508],7
2025-01-07,QLRD.TA,[3001.5078465],8
2025-01-08,QLRD.TA,[2888.40532717],9
2025-01-09,QLRD.TA,[2897.33317682],10
2025-01-10,QLRD.TA,[2941.57412911],11
2025-01-11,QLRD.TA,[3001.75493111],12
2025-01-12,QLRD.TA,[3083.50781977],13
2025-01-13,QLRD.TA,[3105.15160522],14
2025-01-14,QLRD.TA,[3060.38838549],15
2025-01-15,QLRD.TA,[2957.06546936],16
2025-01-16,QLRD.TA,[3003.49939818],17
2025-01-17,QLRD.TA,[3036.9495927],18
2025-01-18,QLRD.TA,[3012.31353501],19
2025-01-19,QLRD.TA,[3143.80414727],20
2025-01-20,QLRD.TA,[3176.24003426],21
2025-01-21,QLRD.TA,[3176.813097],22
2025-01-22,QLRD.TA,[3210.72884877],23
2025-01-23,QLRD.TA,[3226.31655229],24
2025-01-24,QLRD.TA,[3306.83838444],25
2025-01-25,QLRD.TA,[3286.82536895],26
2025-01-26,QLRD.TA,[3224.02014844],27
2025-01-27,QLRD.TA,[3287.86922976],28
2025-01-28,QLRD.TA,[3224.07639146],29
2025-01-29,QLRD.TA,[3227.99025295],30
2024-12-31,RLCO.TA,[4501.81208036],1
2025-01-01,RLCO.TA,[4424.76561661],2
2025-01-02,RLCO.TA,[4469.73802899],3
2025-01-03,RLCO.TA,[4358.64134762],4
2025-01-04,RLCO.TA,[4407.36587611],5
2025-01-05,RLCO.TA,[4415.34455218],6
2025-01-06,RLCO.TA,[4406.96773538],7
2025-01-07,RLCO.TA,[4495.13878679],8
2025-01-08,RLCO.TA,[4561.70537649],9
2025-01-09,RLCO.TA,[4536.74522382],10
2025-01-10,RLCO.TA,[4527.82572728],11
2025-01-11,RLCO.TA,[4567.64256677],12
2025-01-12,RLCO.TA,[4470.20856195],13
2025-01-13,RLCO.TA,[4439.87352295],14
2025-01-14,RLCO.TA,[4426.17761661],15
2025-01-15,RLCO.TA,[4546.38426683],16
2025-01-16,RLCO.TA,[4561.33005445],17
2025-01-17,RLCO.TA,[4691.86574289],18
2025-01-18,RLCO.TA,[4664.87227064],19
2025-01-19,RLCO.TA,[4727.83072742],20
2025-01-20,RLCO.TA,[4681.4048322],21
2025-01-21,RLCO.TA,[4723.64862915],22
2025-01-22,RLCO.TA,[4684.34322645],23
2025-01-23,RLCO.TA,[4715.72627485],24
2025-01-24,RLCO.TA,[4856.8323463],25
2025-01-25,RLCO.TA,[4856.45025896],26
2025-01-26,RLCO.TA,[4799.08522345],27
2025-01-27,RLCO.TA,[4783.46750863],28
2025-01-28,RLCO.TA,[4725.4846968],29
2025-01-29,RLCO.TA,[4614.70508311],30
2024-12-31,RMN.TA,[1542.60724745],1
2025-01-01,RMN.TA,[1569.17344533],2
2025-01-02,RMN.TA,[1585.20413219],3
2025-01-03,RMN.TA,[1566.38421008],4
2025-01-04,RMN.TA,[1572.63293345],5
2025-01-05,RMN.TA,[1580.22360828],6
2025-01-06,RMN.TA,[1544.48367588],7
2025-01-07,RMN.TA,[1558.18139339],8
2025-01-08,RMN.TA,[1569.28777255],9
2025-01-09,RMN.TA,[1583.41611515],10
2025-01-10,RMN.TA,[1553.53504108],11
2025-01-11,RMN.TA,[1554.08254521],12
2025-01-12,RMN.TA,[1556.45718273],13
2025-01-13,RMN.TA,[1545.57572092],14
2025-01-14,RMN.TA,[1532.15812857],15
2025-01-15,RMN.TA,[1555.80240965],16
2025-01-16,RMN.TA,[1585.02163269],17
2025-01-17,RMN.TA,[1609.69605049],18
2025-01-18,RMN.TA,[1589.25629731],19
2025-01-19,RMN.TA,[1576.5479163],20
2025-01-20,RMN.TA,[1547.59969252],21
2025-01-21,RMN.TA,[1572.54501661],22
2025-01-22,RMN.TA,[1572.08543495],23
2025-01-23,RMN.TA,[1562.12063661],24
2025-01-24,RMN.TA,[1538.630598],25
2025-01-25,RMN.TA,[1524.59845476],26
2025-01-26,RMN.TA,[1512.77277571],27
2025-01-27,RMN.TA,[1509.88098862],28
2025-01-28,RMN.TA,[1489.23374356],29
2025-01-29,RMN.TA,[1499.52783109],30
2024-12-31,RMLI.TA,[24161.10266198],1
2025-01-01,RMLI.TA,[24168.70927917],2
2025-01-02,RMLI.TA,[24435.51005241],3
2025-01-03,RMLI.TA,[24846.95953582],4
2025-01-04,RMLI.TA,[23999.84559664],5
2025-01-05,RMLI.TA,[24095.9541018],6
2025-01-06,RMLI.TA,[23473.14358403],7
2025-01-07,RMLI.TA,[23636.31405338],8
2025-01-08,RMLI.TA,[23580.03955439],9
2025-01-09,RMLI.TA,[23367.08932899],10
2025-01-10,RMLI.TA,[22813.80736443],11
2025-01-11,RMLI.TA,[22306.15730725],12
2025-01-12,RMLI.TA,[22093.49726325],13
2025-01-13,RMLI.TA,[22290.6451311],14
2025-01-14,RMLI.TA,[22232.50577967],15
2025-01-15,RMLI.TA,[22429.50034961],16
2025-01-16,RMLI.TA,[22189.84596361],17
2025-01-17,RMLI.TA,[22231.12070423],18
2025-01-18,RMLI.TA,[22482.02075514],19
2025-01-19,RMLI.TA,[22388.82038846],20
2025-01-20,RMLI.TA,[22237.63958347],21
2025-01-21,RMLI.TA,[22464.4264465],22
2025-01-22,RMLI.TA,[22025.02540887],23
2025-01-23,RMLI.TA,[21947.48119485],24
2025-01-24,RMLI.TA,[21986.65673341],25
2025-01-25,RMLI.TA,[22594.33022896],26
2025-01-26,RMLI.TA,[22447.33913681],27
2025-01-27,RMLI.TA,[22225.14378699],28
2025-01-28,RMLI.TA,[22574.31806282],29
2025-01-29,RMLI.TA,[22567.95791873],30
2024-12-31,RANI.TA,[421.35793884],1
2025-01-01,RANI.TA,[437.08976976],2
2025-01-02,RANI.TA,[441.22778453],3
2025-01-03,RANI.TA,[447.57374424],4
2025-01-04,RANI.TA,[460.9692389],5
2025-01-05,RANI.TA,[477.69020092],6
2025-01-06,RANI.TA,[495.32222281],7
2025-01-07,RANI.TA,[484.17035122],8
2025-01-08,RANI.TA,[478.24099184],9
2025-01-09,RANI.TA,[475.88679306],10
2025-01-10,RANI.TA,[460.95680764],11
2025-01-11,RANI.TA,[451.2005084],12
2025-01-12,RANI.TA,[432.892243],13
2025-01-13,RANI.TA,[420.60069756],14
2025-01-14,RANI.TA,[431.89150545],15
2025-01-15,RANI.TA,[425.14429358],16
2025-01-16,RANI.TA,[428.67246757],17
2025-01-17,RANI.TA,[442.911488],18
2025-01-18,RANI.TA,[434.20013134],19
2025-01-19,RANI.TA,[440.83927122],20
2025-01-20,RANI.TA,[452.03175755],21
2025-01-21,RANI.TA,[445.69766567],22
2025-01-22,RANI.TA,[475.18244964],23
2025-01-23,RANI.TA,[469.73165074],24
2025-01-24,RANI.TA,[459.1916309],25
2025-01-25,RANI.TA,[489.70430074],26
2025-01-26,RANI.TA,[484.58883434],27
2025-01-27,RANI.TA,[483.2357273],28
2025-01-28,RANI.TA,[502.90403298],29
2025-01-29,RANI.TA,[496.4285],30
2024-12-31,RPAC.TA,[2700.18939502],1
2025-01-01,RPAC.TA,[2705.40285055],2
2025-01-02,RPAC.TA,[2725.02675476],3
2025-01-03,RPAC.TA,[2739.56089542],4
2025-01-04,RPAC.TA,[2763.64779392],5
2025-01-05,RPAC.TA,[2725.23746712],6
2025-01-06,RPAC.TA,[2730.8900762],7
2025-01-07,RPAC.TA,[2700.79505957],8
2025-01-08,RPAC.TA,[2753.46545489],9
2025-01-09,RPAC.TA,[2722.39758142],10
2025-01-10,RPAC.TA,[2744.3959565],11
2025-01-11,RPAC.TA,[2728.83959435],12
2025-01-12,RPAC.TA,[2734.14863131],13
2025-01-13,RPAC.TA,[2712.22633322],14
2025-01-14,RPAC.TA,[2717.52211764],15
2025-01-15,RPAC.TA,[2711.36444936],16
2025-01-16,RPAC.TA,[2707.35259346],17
2025-01-17,RPAC.TA,[2749.51361021],18
2025-01-18,RPAC.TA,[2746.33392871],19
2025-01-19,RPAC.TA,[2709.60980071],20
2025-01-20,RPAC.TA,[2720.23160507],21
2025-01-21,RPAC.TA,[2700.53549754],22
2025-01-22,RPAC.TA,[2736.40739372],23
2025-01-23,RPAC.TA,[2719.96643012],24
2025-01-24,RPAC.TA,[2767.41035871],25
2025-01-25,RPAC.TA,[2737.74578414],26
2025-01-26,RPAC.TA,[2753.27123755],27
2025-01-27,RPAC.TA,[2714.17274864],28
2025-01-28,RPAC.TA,[2673.97293681],29
2025-01-29,RPAC.TA,[2608.88637714],30
2024-12-31,RATI.TA,[329.37083508],1
2025-01-01,RATI.TA,[328.96034867],2
2025-01-02,RATI.TA,[328.93163548],3
2025-01-03,RATI.TA,[329.62076484],4
2025-01-04,RATI.TA,[330.87778011],5
2025-01-05,RATI.TA,[334.86706728],6
2025-01-06,RATI.TA,[339.76753393],7
2025-01-07,RATI.TA,[340.77175669],8
2025-01-08,RATI.TA,[345.58173122],9
2025-01-09,RATI.TA,[338.47146786],10
2025-01-10,RATI.TA,[330.67199035],11
2025-01-11,RATI.TA,[334.71982847],12
2025-01-12,RATI.TA,[332.20058116],13
2025-01-13,RATI.TA,[339.13287517],14
2025-01-14,RATI.TA,[350.71707251],15
2025-01-15,RATI.TA,[355.72451682],16
2025-01-16,RATI.TA,[354.65887254],17
2025-01-17,RATI.TA,[366.30562574],18
2025-01-18,RATI.TA,[371.52541788],19
2025-01-19,RATI.TA,[374.4164523],20
2025-01-20,RATI.TA,[379.35776534],21
2025-01-21,RATI.TA,[372.28596956],22
2025-01-22,RATI.TA,[377.21944744],23
2025-01-23,RATI.TA,[367.25738379],24
2025-01-24,RATI.TA,[375.93431433],25
2025-01-25,RATI.TA,[382.44859284],26
2025-01-26,RATI.TA,[375.82960217],27
2025-01-27,RATI.TA,[368.99561921],28
2025-01-28,RATI.TA,[364.03019814],29
2025-01-29,RATI.TA,[349.16497016],30
2024-12-31,RTPT.TA,[30.25108621],1
2025-01-01,RTPT.TA,[27.56768862],2
2025-01-02,RTPT.TA,[31.64166528],3
2025-01-03,RTPT.TA,[31.71751525],4
2025-01-04,RTPT.TA,[34.59312023],5
2025-01-05,RTPT.TA,[42.36465488],6
2025-01-06,RTPT.TA,[37.09762995],7
2025-01-07,RTPT.TA,[39.27745742],8
2025-01-08,RTPT.TA,[39.94761732],9
2025-01-09,RTPT.TA,[39.03559443],10
2025-01-10,RTPT.TA,[37.21347459],11
2025-01-11,RTPT.TA,[35.50032104],12
2025-01-12,RTPT.TA,[38.32239691],13
2025-01-13,RTPT.TA,[39.26870527],14
2025-01-14,RTPT.TA,[40.69489753],15
2025-01-15,RTPT.TA,[38.14799503],16
2025-01-16,RTPT.TA,[36.27403795],17
2025-01-17,RTPT.TA,[40.16131013],18
2025-01-18,RTPT.TA,[40.40370632],19
2025-01-19,RTPT.TA,[41.61435811],20
2025-01-20,RTPT.TA,[42.58804195],21
2025-01-21,RTPT.TA,[45.15277157],22
2025-01-22,RTPT.TA,[42.84029036],23
2025-01-23,RTPT.TA,[50.76560974],24
2025-01-24,RTPT.TA,[47.4856377],25
2025-01-25,RTPT.TA,[45.03625469],26
2025-01-26,RTPT.TA,[45.96534125],27
2025-01-27,RTPT.TA,[45.20094548],28
2025-01-28,RTPT.TA,[36.42490534],29
2025-01-29,RTPT.TA,[39.09253433],30
2024-12-31,BRIH.TA,[78.73259969],1
2025-01-01,BRIH.TA,[78.14215719],2
2025-01-02,BRIH.TA,[76.58193284],3
2025-01-03,BRIH.TA,[75.03984665],4
2025-01-04,BRIH.TA,[76.08348126],5
2025-01-05,BRIH.TA,[74.30103933],6
2025-01-06,BRIH.TA,[73.87112257],7
2025-01-07,BRIH.TA,[74.23489787],8
2025-01-08,BRIH.TA,[73.83987605],9
2025-01-09,BRIH.TA,[75.36239981],10
2025-01-10,BRIH.TA,[74.67835876],11
2025-01-11,BRIH.TA,[74.26072046],12
2025-01-12,BRIH.TA,[74.48709986],13
2025-01-13,BRIH.TA,[76.34145182],14
2025-01-14,BRIH.TA,[76.05097109],15
2025-01-15,BRIH.TA,[76.80409156],16
2025-01-16,BRIH.TA,[77.96538258],17
2025-01-17,BRIH.TA,[78.42642394],18
2025-01-18,BRIH.TA,[80.17336981],19
2025-01-19,BRIH.TA,[82.05309219],20
2025-01-20,BRIH.TA,[82.55902447],21
2025-01-21,BRIH.TA,[85.29494274],22
2025-01-22,BRIH.TA,[83.78986381],23
2025-01-23,BRIH.TA,[83.73215238],24
2025-01-24,BRIH.TA,[83.10743606],25
2025-01-25,BRIH.TA,[82.70205633],26
2025-01-26,BRIH.TA,[82.85733246],27
2025-01-27,BRIH.TA,[82.25333607],28
2025-01-28,BRIH.TA,[83.38430805],29
2025-01-29,BRIH.TA,[85.18824577],30
2024-12-31,RAVD.TA,[827.15559604],1
2025-01-01,RAVD.TA,[838.67957254],2
2025-01-02,RAVD.TA,[827.8709553],3
2025-01-03,RAVD.TA,[839.62051835],4
2025-01-04,RAVD.TA,[841.57916898],5
2025-01-05,RAVD.TA,[845.34952537],6
2025-01-06,RAVD.TA,[851.78723926],7
2025-01-07,RAVD.TA,[856.63818962],8
2025-01-08,RAVD.TA,[861.45463575],9
2025-01-09,RAVD.TA,[870.4928115],10
2025-01-10,RAVD.TA,[873.64767486],11
2025-01-11,RAVD.TA,[902.12858377],12
2025-01-12,RAVD.TA,[911.81393268],13
2025-01-13,RAVD.TA,[900.68295941],14
2025-01-14,RAVD.TA,[915.92874809],15
2025-01-15,RAVD.TA,[922.97457073],16
2025-01-16,RAVD.TA,[908.36166167],17
2025-01-17,RAVD.TA,[897.2608775],18
2025-01-18,RAVD.TA,[883.00439585],19
2025-01-19,RAVD.TA,[912.65721445],20
2025-01-20,RAVD.TA,[939.45342037],21
2025-01-21,RAVD.TA,[912.72170969],22
2025-01-22,RAVD.TA,[934.66777903],23
2025-01-23,RAVD.TA,[912.92768039],24
2025-01-24,RAVD.TA,[903.1710187],25
2025-01-25,RAVD.TA,[895.35714801],26
2025-01-26,RAVD.TA,[906.16671607],27
2025-01-27,RAVD.TA,[888.67558366],28
2025-01-28,RAVD.TA,[897.66101612],29
2025-01-29,RAVD.TA,[896.2438044],30
2024-12-31,RVL.TA,[259.56776503],1
2025-01-01,RVL.TA,[217.20290499],2
2025-01-02,RVL.TA,[207.27499442],3
2025-01-03,RVL.TA,[196.49116935],4
2025-01-04,RVL.TA,[225.72982603],5
2025-01-05,RVL.TA,[223.55151603],6
2025-01-06,RVL.TA,[208.17968784],7
2025-01-07,RVL.TA,[197.9745941],8
2025-01-08,RVL.TA,[195.4414272],9
2025-01-09,RVL.TA,[188.23567994],10
2025-01-10,RVL.TA,[217.83597949],11
2025-01-11,RVL.TA,[224.49511958],12
2025-01-12,RVL.TA,[216.53716731],13
2025-01-13,RVL.TA,[205.51062498],14
2025-01-14,RVL.TA,[246.23793555],15
2025-01-15,RVL.TA,[263.22746793],16
2025-01-16,RVL.TA,[255.4991757],17
2025-01-17,RVL.TA,[277.44466773],18
2025-01-18,RVL.TA,[301.67021144],19
2025-01-19,RVL.TA,[319.26791482],20
2025-01-20,RVL.TA,[332.50918076],21
2025-01-21,RVL.TA,[359.85122314],22
2025-01-22,RVL.TA,[365.00500609],23
2025-01-23,RVL.TA,[365.4389912],24
2025-01-24,RVL.TA,[348.48546116],25
2025-01-25,RVL.TA,[306.07767878],26
2025-01-26,RVL.TA,[340.36364403],27
2025-01-27,RVL.TA,[374.77085828],28
2025-01-28,RVL.TA,[402.91134407],29
2025-01-29,RVL.TA,[466.14679898],30
2024-12-31,RAYG-M.TA,[56.41703326],1
2025-01-01,RAYG-M.TA,[39.10718633],2
2025-01-02,RAYG-M.TA,[104.92808185],3
2025-01-03,RAYG-M.TA,[226.20503796],4
2025-01-04,RAYG-M.TA,[316.06198232],5
2025-01-05,RAYG-M.TA,[306.79168269],6
2025-01-06,RAYG-M.TA,[492.78816262],7
2025-01-07,RAYG-M.TA,[586.29687151],8
2025-01-08,RAYG-M.TA,[584.24865413],9
2025-01-09,RAYG-M.TA,[446.32785177],10
2025-01-10,RAYG-M.TA,[659.69668948],11
2025-01-11,RAYG-M.TA,[431.56640498],12
2025-01-12,RAYG-M.TA,[380.38462102],13
2025-01-13,RAYG-M.TA,[484.12728739],14
2025-01-14,RAYG-M.TA,[982.07716212],15
2025-01-15,RAYG-M.TA,[298.73735199],16
2025-01-16,RAYG-M.TA,[579.82024689],17
2025-01-17,RAYG-M.TA,[563.93899877],18
2025-01-18,RAYG-M.TA,[489.86302075],19
2025-01-19,RAYG-M.TA,[-187.77269289],20
2025-01-20,RAYG-M.TA,[-85.89629776],21
2025-01-21,RAYG-M.TA,[-154.78647964],22
2025-01-22,RAYG-M.TA,[-287.08316658],23
2025-01-23,RAYG-M.TA,[-603.38374978],24
2025-01-24,RAYG-M.TA,[133.23217069],25
2025-01-25,RAYG-M.TA,[219.81125617],26
2025-01-26,RAYG-M.TA,[498.89375514],27
2025-01-27,RAYG-M.TA,[811.03849404],28
2025-01-28,RAYG-M.TA,[1185.32510829],29
2025-01-29,RAYG-M.TA,[2030.85955164],30
2024-12-31,RZR.TA,[548.08976914],1
2025-01-01,RZR.TA,[486.09732994],2
2025-01-02,RZR.TA,[541.61944861],3
2025-01-03,RZR.TA,[550.989976],4
2025-01-04,RZR.TA,[613.58744788],5
2025-01-05,RZR.TA,[568.82352738],6
2025-01-06,RZR.TA,[578.85533608],7
2025-01-07,RZR.TA,[565.84505044],8
2025-01-08,RZR.TA,[591.70966552],9
2025-01-09,RZR.TA,[622.73722118],10
2025-01-10,RZR.TA,[617.93345235],11
2025-01-11,RZR.TA,[647.49942009],12
2025-01-12,RZR.TA,[563.5192086],13
2025-01-13,RZR.TA,[504.14651667],14
2025-01-14,RZR.TA,[560.73575804],15
2025-01-15,RZR.TA,[532.79302929],16
2025-01-16,RZR.TA,[547.15421403],17
2025-01-17,RZR.TA,[544.80144249],18
2025-01-18,RZR.TA,[511.93641635],19
2025-01-19,RZR.TA,[584.08186411],20
2025-01-20,RZR.TA,[558.502078],21
2025-01-21,RZR.TA,[563.06704207],22
2025-01-22,RZR.TA,[564.99741417],23
2025-01-23,RZR.TA,[529.22039175],24
2025-01-24,RZR.TA,[523.27619476],25
2025-01-25,RZR.TA,[510.38111918],26
2025-01-26,RZR.TA,[465.74101705],27
2025-01-27,RZR.TA,[498.59666521],28
2025-01-28,RZR.TA,[536.16462893],29
2025-01-29,RZR.TA,[506.91201774],30
2024-12-31,RIT1.TA,[1794.27677535],1
2025-01-01,RIT1.TA,[1844.1635891],2
2025-01-02,RIT1.TA,[1851.648944],3
2025-01-03,RIT1.TA,[1844.05613383],4
2025-01-04,RIT1.TA,[1874.96895945],5
2025-01-05,RIT1.TA,[1861.00981157],6
2025-01-06,RIT1.TA,[1840.86909641],7
2025-01-07,RIT1.TA,[1832.493362],8
2025-01-08,RIT1.TA,[1804.95710676],9
2025-01-09,RIT1.TA,[1786.91506342],10
2025-01-10,RIT1.TA,[1805.05009409],11
2025-01-11,RIT1.TA,[1808.0814071],12
2025-01-12,RIT1.TA,[1754.44143593],13
2025-01-13,RIT1.TA,[1753.66331588],14
2025-01-14,RIT1.TA,[1759.54319387],15
2025-01-15,RIT1.TA,[1765.38921079],16
2025-01-16,RIT1.TA,[1767.20299588],17
2025-01-17,RIT1.TA,[1782.76308141],18
2025-01-18,RIT1.TA,[1800.38911505],19
2025-01-19,RIT1.TA,[1823.58928269],20
2025-01-20,RIT1.TA,[1802.08602846],21
2025-01-21,RIT1.TA,[1879.46156361],22
2025-01-22,RIT1.TA,[1951.37938574],23
2025-01-23,RIT1.TA,[1937.16143372],24
2025-01-24,RIT1.TA,[1977.99188667],25
2025-01-25,RIT1.TA,[1933.9901189],26
2025-01-26,RIT1.TA,[1907.68076354],27
2025-01-27,RIT1.TA,[1899.13772519],28
2025-01-28,RIT1.TA,[1906.28822971],29
2025-01-29,RIT1.TA,[1875.18253844],30
2024-12-31,AZRT.TA,[508.92435554],1
2025-01-01,AZRT.TA,[488.03497743],2
2025-01-02,AZRT.TA,[492.17103708],3
2025-01-03,AZRT.TA,[515.96601025],4
2025-01-04,AZRT.TA,[539.27617119],5
2025-01-05,AZRT.TA,[568.59278711],6
2025-01-06,AZRT.TA,[578.39405539],7
2025-01-07,AZRT.TA,[626.01533875],8
2025-01-08,AZRT.TA,[632.66290048],9
2025-01-09,AZRT.TA,[591.31437876],10
2025-01-10,AZRT.TA,[620.49363138],11
2025-01-11,AZRT.TA,[598.90777768],12
2025-01-12,AZRT.TA,[586.55390339],13
2025-01-13,AZRT.TA,[612.69460689],14
2025-01-14,AZRT.TA,[600.72899922],15
2025-01-15,AZRT.TA,[555.61695263],16
2025-01-16,AZRT.TA,[546.15808699],17
2025-01-17,AZRT.TA,[533.4056584],18
2025-01-18,AZRT.TA,[525.93553751],19
2025-01-19,AZRT.TA,[538.62519516],20
2025-01-20,AZRT.TA,[555.10565683],21
2025-01-21,AZRT.TA,[554.68380463],22
2025-01-22,AZRT.TA,[544.67848235],23
2025-01-23,AZRT.TA,[525.89888833],24
2025-01-24,AZRT.TA,[531.0387563],25
2025-01-25,AZRT.TA,[553.09645598],26
2025-01-26,AZRT.TA,[558.87758156],27
2025-01-27,AZRT.TA,[574.41741881],28
2025-01-28,AZRT.TA,[571.78651644],29
2025-01-29,AZRT.TA,[592.53206752],30
2024-12-31,REKA.TA,[1236.58286344],1
2025-01-01,REKA.TA,[1225.16837963],2
2025-01-02,REKA.TA,[1273.6339584],3
2025-01-03,REKA.TA,[1273.86822572],4
2025-01-04,REKA.TA,[1213.05005361],5
2025-01-05,REKA.TA,[1189.1181599],6
2025-01-06,REKA.TA,[1259.04028341],7
2025-01-07,REKA.TA,[1280.53042469],8
2025-01-08,REKA.TA,[1311.88117896],9
2025-01-09,REKA.TA,[1266.83201489],10
2025-01-10,REKA.TA,[1246.96863423],11
2025-01-11,REKA.TA,[1230.27008445],12
2025-01-12,REKA.TA,[1203.73740172],13
2025-01-13,REKA.TA,[1221.84356068],14
2025-01-14,REKA.TA,[1269.77465056],15
2025-01-15,REKA.TA,[1253.30382202],16
2025-01-16,REKA.TA,[1248.65994061],17
2025-01-17,REKA.TA,[1315.34864633],18
2025-01-18,REKA.TA,[1368.27245345],19
2025-01-19,REKA.TA,[1341.86994367],20
2025-01-20,REKA.TA,[1378.04095595],21
2025-01-21,REKA.TA,[1379.97484161],22
2025-01-22,REKA.TA,[1408.7967753],23
2025-01-23,REKA.TA,[1388.62028394],24
2025-01-24,REKA.TA,[1370.87833687],25
2025-01-25,REKA.TA,[1410.46319656],26
2025-01-26,REKA.TA,[1400.85084444],27
2025-01-27,REKA.TA,[1394.78738808],28
2025-01-28,REKA.TA,[1388.64054885],29
2025-01-29,REKA.TA,[1381.4017432],30
2024-12-31,RTMD-L.TA,[33.23180058],1
2025-01-01,RTMD-L.TA,[23.89573642],2
2025-01-02,RTMD-L.TA,[20.58675487],3
2025-01-03,RTMD-L.TA,[11.63562473],4
2025-01-04,RTMD-L.TA,[15.54547456],5
2025-01-05,RTMD-L.TA,[11.8031788],6
2025-01-06,RTMD-L.TA,[16.8306628],7
2025-01-07,RTMD-L.TA,[25.89266582],8
2025-01-08,RTMD-L.TA,[24.79833474],9
2025-01-09,RTMD-L.TA,[25.29380248],10
2025-01-10,RTMD-L.TA,[16.50228583],11
2025-01-11,RTMD-L.TA,[23.02642279],12
2025-01-12,RTMD-L.TA,[20.62396246],13
2025-01-13,RTMD-L.TA,[29.51701588],14
2025-01-14,RTMD-L.TA,[15.5652504],15
2025-01-15,RTMD-L.TA,[12.35945623],16
2025-01-16,RTMD-L.TA,[12.00197019],17
2025-01-17,RTMD-L.TA,[15.23864382],18
2025-01-18,RTMD-L.TA,[14.38927653],19
2025-01-19,RTMD-L.TA,[21.37944009],20
2025-01-20,RTMD-L.TA,[24.46728681],21
2025-01-21,RTMD-L.TA,[34.25109808],22
2025-01-22,RTMD-L.TA,[58.78748723],23
2025-01-23,RTMD-L.TA,[66.7645851],24
2025-01-24,RTMD-L.TA,[57.81421085],25
2025-01-25,RTMD-L.TA,[62.17873018],26
2025-01-26,RTMD-L.TA,[53.69699826],27
2025-01-27,RTMD-L.TA,[40.9540479],28
2025-01-28,RTMD-L.TA,[39.14480147],29
2025-01-29,RTMD-L.TA,[52.69448609],30
2024-12-31,RTLS.TA,[7397.98299538],1
2025-01-01,RTLS.TA,[7377.60023682],2
2025-01-02,RTLS.TA,[7628.83113574],3
2025-01-03,RTLS.TA,[7387.98192833],4
2025-01-04,RTLS.TA,[7508.87151675],5
2025-01-05,RTLS.TA,[7388.21735037],6
2025-01-06,RTLS.TA,[7452.70719952],7
2025-01-07,RTLS.TA,[7566.21159979],8
2025-01-08,RTLS.TA,[7324.49623008],9
2025-01-09,RTLS.TA,[7329.22664871],10
2025-01-10,RTLS.TA,[7513.37507037],11
2025-01-11,RTLS.TA,[7240.6293294],12
2025-01-12,RTLS.TA,[7303.28394288],13
2025-01-13,RTLS.TA,[7202.87210008],14
2025-01-14,RTLS.TA,[7420.95712788],15
2025-01-15,RTLS.TA,[7338.59377898],16
2025-01-16,RTLS.TA,[7327.96721797],17
2025-01-17,RTLS.TA,[7388.43340932],18
2025-01-18,RTLS.TA,[7197.68373525],19
2025-01-19,RTLS.TA,[7186.80692992],20
2025-01-20,RTLS.TA,[6934.64704513],21
2025-01-21,RTLS.TA,[6881.99256866],22
2025-01-22,RTLS.TA,[7016.00568555],23
2025-01-23,RTLS.TA,[7124.06891881],24
2025-01-24,RTLS.TA,[7049.32033881],25
2025-01-25,RTLS.TA,[7101.75583031],26
2025-01-26,RTLS.TA,[7007.4811351],27
2025-01-27,RTLS.TA,[7236.4968903],28
2025-01-28,RTLS.TA,[7352.78060562],29
2025-01-29,RTLS.TA,[7293.4139055],30
2024-12-31,RMON.TA,[4188.74671163],1
2025-01-01,RMON.TA,[4154.9728745],2
2025-01-02,RMON.TA,[4168.2329269],3
2025-01-03,RMON.TA,[4251.42558714],4
2025-01-04,RMON.TA,[4212.611701],5
2025-01-05,RMON.TA,[4338.90904316],6
2025-01-06,RMON.TA,[4342.03318347],7
2025-01-07,RMON.TA,[4192.05171728],8
2025-01-08,RMON.TA,[4111.02016414],9
2025-01-09,RMON.TA,[4062.0122461],10
2025-01-10,RMON.TA,[4032.30060724],11
2025-01-11,RMON.TA,[3975.69762901],12
2025-01-12,RMON.TA,[3919.39720411],13
2025-01-13,RMON.TA,[3899.21249823],14
2025-01-14,RMON.TA,[3885.3608451],15
2025-01-15,RMON.TA,[3778.81790858],16
2025-01-16,RMON.TA,[3757.90807868],17
2025-01-17,RMON.TA,[3740.41057767],18
2025-01-18,RMON.TA,[3823.28217429],19
2025-01-19,RMON.TA,[3812.63390337],20
2025-01-20,RMON.TA,[3844.41019963],21
2025-01-21,RMON.TA,[3887.77780096],22
2025-01-22,RMON.TA,[3755.86164012],23
2025-01-23,RMON.TA,[3762.59122047],24
2025-01-24,RMON.TA,[3780.81697765],25
2025-01-25,RMON.TA,[3820.57784119],26
2025-01-26,RMON.TA,[3864.42606073],27
2025-01-27,RMON.TA,[3912.72030197],28
2025-01-28,RMON.TA,[3958.47248032],29
2025-01-29,RMON.TA,[4014.45786219],30
2024-12-31,RIMO.TA,[4933.60559695],1
2025-01-01,RIMO.TA,[5014.13829426],2
2025-01-02,RIMO.TA,[4947.53235713],3
2025-01-03,RIMO.TA,[4813.39178762],4
2025-01-04,RIMO.TA,[4904.24508107],5
2025-01-05,RIMO.TA,[5006.57060605],6
2025-01-06,RIMO.TA,[5047.45255612],7
2025-01-07,RIMO.TA,[4926.49368062],8
2025-01-08,RIMO.TA,[4917.71856492],9
2025-01-09,RIMO.TA,[5138.83516236],10
2025-01-10,RIMO.TA,[5031.34629413],11
2025-01-11,RIMO.TA,[5163.07332761],12
2025-01-12,RIMO.TA,[5121.49613793],13
2025-01-13,RIMO.TA,[5024.74171043],14
2025-01-14,RIMO.TA,[4925.39789742],15
2025-01-15,RIMO.TA,[4932.42996403],16
2025-01-16,RIMO.TA,[4881.16288216],17
2025-01-17,RIMO.TA,[4893.40999864],18
2025-01-18,RIMO.TA,[4815.89787538],19
2025-01-19,RIMO.TA,[4691.92935114],20
2025-01-20,RIMO.TA,[4492.32640156],21
2025-01-21,RIMO.TA,[4540.38051824],22
2025-01-22,RIMO.TA,[4543.85759386],23
2025-01-23,RIMO.TA,[4539.05858266],24
2025-01-24,RIMO.TA,[4469.13950689],25
2025-01-25,RIMO.TA,[4531.8464765],26
2025-01-26,RIMO.TA,[4679.62791925],27
2025-01-27,RIMO.TA,[4731.08912891],28
2025-01-28,RIMO.TA,[4770.5714339],29
2025-01-29,RIMO.TA,[4767.43668677],30
2024-12-31,ROBO.TA,[147.9865947],1
2025-01-01,ROBO.TA,[125.41860239],2
2025-01-02,ROBO.TA,[125.78976437],3
2025-01-03,ROBO.TA,[122.28166106],4
2025-01-04,ROBO.TA,[116.07095257],5
2025-01-05,ROBO.TA,[106.23142582],6
2025-01-06,ROBO.TA,[82.9568168],7
2025-01-07,ROBO.TA,[79.5826515],8
2025-01-08,ROBO.TA,[76.86329058],9
2025-01-09,ROBO.TA,[69.13985741],10
2025-01-10,ROBO.TA,[79.42910588],11
2025-01-11,ROBO.TA,[72.91538307],12
2025-01-12,ROBO.TA,[93.20553245],13
2025-01-13,ROBO.TA,[98.73104],14
2025-01-14,ROBO.TA,[112.1069559],15
2025-01-15,ROBO.TA,[115.0803662],16
2025-01-16,ROBO.TA,[143.85911627],17
2025-01-17,ROBO.TA,[133.71599828],18
2025-01-18,ROBO.TA,[159.96689611],19
2025-01-19,ROBO.TA,[169.799305],20
2025-01-20,ROBO.TA,[167.83620837],21
2025-01-21,ROBO.TA,[129.76476535],22
2025-01-22,ROBO.TA,[137.42379111],23
2025-01-23,ROBO.TA,[146.07522948],24
2025-01-24,ROBO.TA,[152.67816941],25
2025-01-25,ROBO.TA,[175.20775801],26
2025-01-26,ROBO.TA,[167.24209923],27
2025-01-27,ROBO.TA,[200.14996041],28
2025-01-28,ROBO.TA,[210.68291526],29
2025-01-29,ROBO.TA,[150.53568355],30
2024-12-31,RTEN.TA,[250.79183626],1
2025-01-01,RTEN.TA,[227.10837189],2
2025-01-02,RTEN.TA,[212.38436242],3
2025-01-03,RTEN.TA,[213.5411706],4
2025-01-04,RTEN.TA,[214.0357879],5
2025-01-05,RTEN.TA,[209.99862493],6
2025-01-06,RTEN.TA,[197.31112758],7
2025-01-07,RTEN.TA,[184.23823184],8
2025-01-08,RTEN.TA,[173.14342444],9
2025-01-09,RTEN.TA,[160.68509983],10
2025-01-10,RTEN.TA,[171.97918973],11
2025-01-11,RTEN.TA,[164.99128019],12
2025-01-12,RTEN.TA,[163.1071595],13
2025-01-13,RTEN.TA,[177.10120783],14
2025-01-14,RTEN.TA,[167.52003711],15
2025-01-15,RTEN.TA,[164.0034193],16
2025-01-16,RTEN.TA,[157.59795555],17
2025-01-17,RTEN.TA,[157.57340177],18
2025-01-18,RTEN.TA,[164.30844863],19
2025-01-19,RTEN.TA,[163.66532489],20
2025-01-20,RTEN.TA,[154.50655485],21
2025-01-21,RTEN.TA,[159.44234037],22
2025-01-22,RTEN.TA,[171.1660277],23
2025-01-23,RTEN.TA,[167.90309912],24
2025-01-24,RTEN.TA,[187.00600956],25
2025-01-25,RTEN.TA,[182.45442917],26
2025-01-26,RTEN.TA,[170.41912746],27
2025-01-27,RTEN.TA,[161.38595554],28
2025-01-28,RTEN.TA,[164.19126365],29
2025-01-29,RTEN.TA,[170.29148557],30
2024-12-31,ROTS.TA,[5816.00787637],1
2025-01-01,ROTS.TA,[5759.91172359],2
2025-01-02,ROTS.TA,[5852.44513791],3
2025-01-03,ROTS.TA,[5939.67955848],4
2025-01-04,ROTS.TA,[5693.53221559],5
2025-01-05,ROTS.TA,[5931.69197075],6
2025-01-06,ROTS.TA,[6027.12581365],7
2025-01-07,ROTS.TA,[6067.47869221],8
2025-01-08,ROTS.TA,[6093.53984624],9
2025-01-09,ROTS.TA,[6132.56261056],10
2025-01-10,ROTS.TA,[6117.23189117],11
2025-01-11,ROTS.TA,[6192.23895481],12
2025-01-12,ROTS.TA,[6153.91793841],13
2025-01-13,ROTS.TA,[6189.31502214],14
2025-01-14,ROTS.TA,[6358.60201842],15
2025-01-15,ROTS.TA,[6302.87580354],16
2025-01-16,ROTS.TA,[6211.07697269],17
2025-01-17,ROTS.TA,[6221.28763757],18
2025-01-18,ROTS.TA,[6295.90423358],19
2025-01-19,ROTS.TA,[6425.59805488],20
2025-01-20,ROTS.TA,[6370.19083881],21
2025-01-21,ROTS.TA,[6223.15233147],22
2025-01-22,ROTS.TA,[6371.75508895],23
2025-01-23,ROTS.TA,[6390.85145233],24
2025-01-24,ROTS.TA,[6334.87782922],25
2025-01-25,ROTS.TA,[6481.74964503],26
2025-01-26,ROTS.TA,[6479.71068138],27
2025-01-27,ROTS.TA,[6437.73984258],28
2025-01-28,ROTS.TA,[6655.48714736],29
2025-01-29,ROTS.TA,[6858.80721431],30
2024-12-31,RSEL.TA,[897.28060245],1
2025-01-01,RSEL.TA,[922.23160998],2
2025-01-02,RSEL.TA,[942.95775435],3
2025-01-03,RSEL.TA,[974.40708418],4
2025-01-04,RSEL.TA,[997.69095108],5
2025-01-05,RSEL.TA,[989.90286993],6
2025-01-06,RSEL.TA,[1038.95593052],7
2025-01-07,RSEL.TA,[1082.05261453],8
2025-01-08,RSEL.TA,[1064.50891907],9
2025-01-09,RSEL.TA,[1099.24328627],10
2025-01-10,RSEL.TA,[1180.55755572],11
2025-01-11,RSEL.TA,[1142.2604882],12
2025-01-12,RSEL.TA,[1151.37012305],13
2025-01-13,RSEL.TA,[1194.95055016],14
2025-01-14,RSEL.TA,[1245.17793364],15
2025-01-15,RSEL.TA,[1222.22001105],16
2025-01-16,RSEL.TA,[1195.07751656],17
2025-01-17,RSEL.TA,[1086.33187039],18
2025-01-18,RSEL.TA,[1026.49716753],19
2025-01-19,RSEL.TA,[1066.86552065],20
2025-01-20,RSEL.TA,[1040.46222687],21
2025-01-21,RSEL.TA,[1088.86698189],22
2025-01-22,RSEL.TA,[1081.6349263],23
2025-01-23,RSEL.TA,[1064.54678209],24
2025-01-24,RSEL.TA,[1143.13095138],25
2025-01-25,RSEL.TA,[1140.53374873],26
2025-01-26,RSEL.TA,[1116.50296376],27
2025-01-27,RSEL.TA,[1086.89646577],28
2025-01-28,RSEL.TA,[1099.0234448],29
2025-01-29,RSEL.TA,[1040.14090419],30
2024-12-31,SRAC.TA,[4031.90083464],1
2025-01-01,SRAC.TA,[4176.52556571],2
2025-01-02,SRAC.TA,[4149.38232927],3
2025-01-03,SRAC.TA,[4122.29012381],4
2025-01-04,SRAC.TA,[4040.38359312],5
2025-01-05,SRAC.TA,[4059.17065903],6
2025-01-06,SRAC.TA,[4043.15398776],7
2025-01-07,SRAC.TA,[4223.46924951],8
2025-01-08,SRAC.TA,[4196.71563823],9
2025-01-09,SRAC.TA,[4097.77581389],10
2025-01-10,SRAC.TA,[4029.49737739],11
2025-01-11,SRAC.TA,[4009.90129398],12
2025-01-12,SRAC.TA,[3970.63036116],13
2025-01-13,SRAC.TA,[3945.64410813],14
2025-01-14,SRAC.TA,[3926.96226547],15
2025-01-15,SRAC.TA,[3969.48409957],16
2025-01-16,SRAC.TA,[4013.80755188],17
2025-01-17,SRAC.TA,[4086.80851547],18
2025-01-18,SRAC.TA,[3994.12353157],19
2025-01-19,SRAC.TA,[4044.45253392],20
2025-01-20,SRAC.TA,[4106.62551488],21
2025-01-21,SRAC.TA,[4062.02449933],22
2025-01-22,SRAC.TA,[3962.07133943],23
2025-01-23,SRAC.TA,[3772.73778758],24
2025-01-24,SRAC.TA,[3842.53689423],25
2025-01-25,SRAC.TA,[3817.30973584],26
2025-01-26,SRAC.TA,[3862.19801533],27
2025-01-27,SRAC.TA,[3708.3243339],28
2025-01-28,SRAC.TA,[3638.74057113],29
2025-01-29,SRAC.TA,[3659.9126746],30
2024-12-31,SANO1.TA,[34061.49364267],1
2025-01-01,SANO1.TA,[33509.62893145],2
2025-01-02,SANO1.TA,[33393.52894294],3
2025-01-03,SANO1.TA,[34437.86993082],4
2025-01-04,SANO1.TA,[34523.87995661],5
2025-01-05,SANO1.TA,[33755.80146524],6
2025-01-06,SANO1.TA,[34882.21453794],7
2025-01-07,SANO1.TA,[35040.64813907],8
2025-01-08,SANO1.TA,[36105.51528673],9
2025-01-09,SANO1.TA,[37125.42751262],10
2025-01-10,SANO1.TA,[37475.32844166],11
2025-01-11,SANO1.TA,[37917.25619237],12
2025-01-12,SANO1.TA,[38870.39045888],13
2025-01-13,SANO1.TA,[38507.00203071],14
2025-01-14,SANO1.TA,[38567.90259913],15
2025-01-15,SANO1.TA,[38652.80071207],16
2025-01-16,SANO1.TA,[37955.00965283],17
2025-01-17,SANO1.TA,[37664.39009557],18
2025-01-18,SANO1.TA,[37430.06582086],19
2025-01-19,SANO1.TA,[37666.98366609],20
2025-01-20,SANO1.TA,[37967.74858289],21
2025-01-21,SANO1.TA,[37746.08055683],22
2025-01-22,SANO1.TA,[37419.40059132],23
2025-01-23,SANO1.TA,[37799.08216993],24
2025-01-24,SANO1.TA,[37259.81495697],25
2025-01-25,SANO1.TA,[37625.72814344],26
2025-01-26,SANO1.TA,[38486.04532477],27
2025-01-27,SANO1.TA,[38606.43711401],28
2025-01-28,SANO1.TA,[37998.54952974],29
2025-01-29,SANO1.TA,[38942.36873813],30
2024-12-31,SPNS.TA,[9667.08060429],1
2025-01-01,SPNS.TA,[10386.99993413],2
2025-01-02,SPNS.TA,[10256.60148822],3
2025-01-03,SPNS.TA,[10172.98227492],4
2025-01-04,SPNS.TA,[10779.49715431],5
2025-01-05,SPNS.TA,[10557.4647983],6
2025-01-06,SPNS.TA,[9883.33098125],7
2025-01-07,SPNS.TA,[9735.54409771],8
2025-01-08,SPNS.TA,[9539.20622398],9
2025-01-09,SPNS.TA,[9183.29284398],10
2025-01-10,SPNS.TA,[9121.42785862],11
2025-01-11,SPNS.TA,[9349.40815987],12
2025-01-12,SPNS.TA,[9296.51035276],13
2025-01-13,SPNS.TA,[9066.93742112],14
2025-01-14,SPNS.TA,[8552.6103421],15
2025-01-15,SPNS.TA,[8288.7283407],16
2025-01-16,SPNS.TA,[8664.15551818],17
2025-01-17,SPNS.TA,[8106.30297501],18
2025-01-18,SPNS.TA,[8121.70213851],19
2025-01-19,SPNS.TA,[7949.52308691],20
2025-01-20,SPNS.TA,[8240.29926522],21
2025-01-21,SPNS.TA,[8376.50230274],22
2025-01-22,SPNS.TA,[8052.00088558],23
2025-01-23,SPNS.TA,[8376.31704269],24
2025-01-24,SPNS.TA,[8368.03712709],25
2025-01-25,SPNS.TA,[8518.36947339],26
2025-01-26,SPNS.TA,[8635.79920329],27
2025-01-27,SPNS.TA,[8627.04830073],28
2025-01-28,SPNS.TA,[8023.88133941],29
2025-01-29,SPNS.TA,[7789.03078765],30
2024-12-31,SRFT.TA,[4005.74147227],1
2025-01-01,SRFT.TA,[4074.91250264],2
2025-01-02,SRFT.TA,[4061.70868719],3
2025-01-03,SRFT.TA,[4054.1715627],4
2025-01-04,SRFT.TA,[3980.66001162],5
2025-01-05,SRFT.TA,[3867.35863259],6
2025-01-06,SRFT.TA,[3796.46265595],7
2025-01-07,SRFT.TA,[3848.29088561],8
2025-01-08,SRFT.TA,[3765.48431015],9
2025-01-09,SRFT.TA,[3693.72684545],10
2025-01-10,SRFT.TA,[3742.89386437],11
2025-01-11,SRFT.TA,[3824.45537782],12
2025-01-12,SRFT.TA,[3835.59542311],13
2025-01-13,SRFT.TA,[3901.13223045],14
2025-01-14,SRFT.TA,[3996.19434092],15
2025-01-15,SRFT.TA,[4021.54233748],16
2025-01-16,SRFT.TA,[4023.72737428],17
2025-01-17,SRFT.TA,[3992.29692951],18
2025-01-18,SRFT.TA,[3989.68161612],19
2025-01-19,SRFT.TA,[4025.55566517],20
2025-01-20,SRFT.TA,[3862.68795867],21
2025-01-21,SRFT.TA,[3877.39928587],22
2025-01-22,SRFT.TA,[3937.82456701],23
2025-01-23,SRFT.TA,[4022.36106955],24
2025-01-24,SRFT.TA,[4136.73993319],25
2025-01-25,SRFT.TA,[4166.52482913],26
2025-01-26,SRFT.TA,[4293.09162438],27
2025-01-27,SRFT.TA,[4245.60515925],28
2025-01-28,SRFT.TA,[4309.40737661],29
2025-01-29,SRFT.TA,[4244.42308025],30
2024-12-31,SARN.TA,[61.36111551],1
2025-01-01,SARN.TA,[61.31339519],2
2025-01-02,SARN.TA,[62.14703903],3
2025-01-03,SARN.TA,[61.78537186],4
2025-01-04,SARN.TA,[61.66836335],5
2025-01-05,SARN.TA,[62.76426219],6
2025-01-06,SARN.TA,[64.4829111],7
2025-01-07,SARN.TA,[63.75732485],8
2025-01-08,SARN.TA,[64.54887147],9
2025-01-09,SARN.TA,[64.52922893],10
2025-01-10,SARN.TA,[64.95109786],11
2025-01-11,SARN.TA,[65.34353771],12
2025-01-12,SARN.TA,[66.99716989],13
2025-01-13,SARN.TA,[65.95074608],14
2025-01-14,SARN.TA,[66.00632624],15
2025-01-15,SARN.TA,[65.54256824],16
2025-01-16,SARN.TA,[65.55434036],17
2025-01-17,SARN.TA,[65.22158277],18
2025-01-18,SARN.TA,[64.77659093],19
2025-01-19,SARN.TA,[65.44044481],20
2025-01-20,SARN.TA,[65.69483524],21
2025-01-21,SARN.TA,[64.56095723],22
2025-01-22,SARN.TA,[64.05988395],23
2025-01-23,SARN.TA,[65.25612776],24
2025-01-24,SARN.TA,[65.71702688],25
2025-01-25,SARN.TA,[66.45309293],26
2025-01-26,SARN.TA,[65.58469514],27
2025-01-27,SARN.TA,[65.14284787],28
2025-01-28,SARN.TA,[64.79799344],29
2025-01-29,SARN.TA,[64.27366005],30
2024-12-31,SVRE.TA,[285.62042538],1
2025-01-01,SVRE.TA,[1522.10117057],2
2025-01-02,SVRE.TA,[10305.79191631],3
2025-01-03,SVRE.TA,[52393.60861356],4
2025-01-04,SVRE.TA,[220619.7363342],5
2025-01-05,SVRE.TA,[-2136359.57764804],6
2025-01-06,SVRE.TA,[-23815899.53721317],7
2025-01-07,SVRE.TA,[1.32577742e+08],8
2025-01-08,SVRE.TA,[7.06932538e+08],9
2025-01-09,SVRE.TA,[9.86216449e+09],10
2025-01-10,SVRE.TA,[4.38390983e+10],11
2025-01-11,SVRE.TA,[6.03956429e+10],12
2025-01-12,SVRE.TA,[1.73698855e+11],13
2025-01-13,SVRE.TA,[7.33203708e+11],14
2025-01-14,SVRE.TA,[-5.46276249e+12],15
2025-01-15,SVRE.TA,[-2.45892356e+13],16
2025-01-16,SVRE.TA,[-2.3821386e+14],17
2025-01-17,SVRE.TA,[-1.7979023e+15],18
2025-01-18,SVRE.TA,[-1.89130374e+16],19
2025-01-19,SVRE.TA,[1.88934685e+17],20
2025-01-20,SVRE.TA,[-9.0717017e+17],21
2025-01-21,SVRE.TA,[9.77021256e+17],22
2025-01-22,SVRE.TA,[-2.38847942e+18],23
2025-01-23,SVRE.TA,[1.43402611e+19],24
2025-01-24,SVRE.TA,[-7.51176131e+19],25
2025-01-25,SVRE.TA,[8.53156245e+20],26
2025-01-26,SVRE.TA,[4.47112478e+21],27
2025-01-27,SVRE.TA,[-4.41490803e+22],28
2025-01-28,SVRE.TA,[-1.11584333e+23],29
2025-01-29,SVRE.TA,[-1.08782974e+24],30
2024-12-31,SVRT.TA,[7.0567731],1
2025-01-01,SVRT.TA,[8.45187482],2
2025-01-02,SVRT.TA,[11.88564978],3
2025-01-03,SVRT.TA,[22.65997191],4
2025-01-04,SVRT.TA,[6.7166812],5
2025-01-05,SVRT.TA,[3.65314998],6
2025-01-06,SVRT.TA,[6.2732342],7
2025-01-07,SVRT.TA,[10.84189853],8
2025-01-08,SVRT.TA,[21.49660467],9
2025-01-09,SVRT.TA,[46.36077272],10
2025-01-10,SVRT.TA,[80.54235374],11
2025-01-11,SVRT.TA,[46.66751781],12
2025-01-12,SVRT.TA,[42.23416806],13
2025-01-13,SVRT.TA,[39.38006039],14
2025-01-14,SVRT.TA,[23.69080132],15
2025-01-15,SVRT.TA,[45.56292483],16
2025-01-16,SVRT.TA,[37.3035991],17
2025-01-17,SVRT.TA,[29.60933129],18
2025-01-18,SVRT.TA,[35.34214565],19
2025-01-19,SVRT.TA,[51.867281],20
2025-01-20,SVRT.TA,[99.12771577],21
2025-01-21,SVRT.TA,[249.84891596],22
2025-01-22,SVRT.TA,[268.12532913],23
2025-01-23,SVRT.TA,[187.27625042],24
2025-01-24,SVRT.TA,[118.01235194],25
2025-01-25,SVRT.TA,[201.06114684],26
2025-01-26,SVRT.TA,[448.55329342],27
2025-01-27,SVRT.TA,[-52.6148849],28
2025-01-28,SVRT.TA,[-42.50110717],29
2025-01-29,SVRT.TA,[-62.90496692],30
2024-12-31,SHNP.TA,[1607.73191997],1
2025-01-01,SHNP.TA,[1625.27117114],2
2025-01-02,SHNP.TA,[1718.07347872],3
2025-01-03,SHNP.TA,[1765.80428195],4
2025-01-04,SHNP.TA,[1818.21481988],5
2025-01-05,SHNP.TA,[1907.64603961],6
2025-01-06,SHNP.TA,[1891.20754889],7
2025-01-07,SHNP.TA,[1851.4372588],8
2025-01-08,SHNP.TA,[1909.52754978],9
2025-01-09,SHNP.TA,[1904.9333323],10
2025-01-10,SHNP.TA,[1896.30306751],11
2025-01-11,SHNP.TA,[1976.01180867],12
2025-01-12,SHNP.TA,[2019.64505294],13
2025-01-13,SHNP.TA,[2121.82053138],14
2025-01-14,SHNP.TA,[2152.61738798],15
2025-01-15,SHNP.TA,[2175.97200026],16
2025-01-16,SHNP.TA,[2280.19083854],17
2025-01-17,SHNP.TA,[2254.80325755],18
2025-01-18,SHNP.TA,[2246.5402423],19
2025-01-19,SHNP.TA,[2182.88864756],20
2025-01-20,SHNP.TA,[2191.11592262],21
2025-01-21,SHNP.TA,[2173.64422723],22
2025-01-22,SHNP.TA,[2202.43280867],23
2025-01-23,SHNP.TA,[2158.41490095],24
2025-01-24,SHNP.TA,[2254.42561025],25
2025-01-25,SHNP.TA,[2319.19873649],26
2025-01-26,SHNP.TA,[2337.87039883],27
2025-01-27,SHNP.TA,[2350.64004564],28
2025-01-28,SHNP.TA,[2299.21116707],29
2025-01-29,SHNP.TA,[2337.08507145],30
2024-12-31,SCDX.TA,[356.90073401],1
2025-01-01,SCDX.TA,[353.88462048],2
2025-01-02,SCDX.TA,[350.54343225],3
2025-01-03,SCDX.TA,[357.24009811],4
2025-01-04,SCDX.TA,[366.43135571],5
2025-01-05,SCDX.TA,[356.29035594],6
2025-01-06,SCDX.TA,[349.27457272],7
2025-01-07,SCDX.TA,[331.01236501],8
2025-01-08,SCDX.TA,[326.82090577],9
2025-01-09,SCDX.TA,[341.51338706],10
2025-01-10,SCDX.TA,[337.29814328],11
2025-01-11,SCDX.TA,[338.22414473],12
2025-01-12,SCDX.TA,[336.16742772],13
2025-01-13,SCDX.TA,[333.86745193],14
2025-01-14,SCDX.TA,[331.28872617],15
2025-01-15,SCDX.TA,[330.39980752],16
2025-01-16,SCDX.TA,[332.58217325],17
2025-01-17,SCDX.TA,[346.23455494],18
2025-01-18,SCDX.TA,[330.9291038],19
2025-01-19,SCDX.TA,[334.21490628],20
2025-01-20,SCDX.TA,[325.08037285],21
2025-01-21,SCDX.TA,[337.03440953],22
2025-01-22,SCDX.TA,[339.68493016],23
2025-01-23,SCDX.TA,[334.64404907],24
2025-01-24,SCDX.TA,[346.51506968],25
2025-01-25,SCDX.TA,[338.07597433],26
2025-01-26,SCDX.TA,[354.06410753],27
2025-01-27,SCDX.TA,[356.90451739],28
2025-01-28,SCDX.TA,[355.03811322],29
2025-01-29,SCDX.TA,[347.58986571],30
2024-12-31,SCOP.TA,[14082.69084733],1
2025-01-01,SCOP.TA,[14052.81985246],2
2025-01-02,SCOP.TA,[14199.07417844],3
2025-01-03,SCOP.TA,[14497.93831911],4
2025-01-04,SCOP.TA,[14590.62174978],5
2025-01-05,SCOP.TA,[14189.48827055],6
2025-01-06,SCOP.TA,[14243.67893464],7
2025-01-07,SCOP.TA,[14488.3442666],8
2025-01-08,SCOP.TA,[14340.54632093],9
2025-01-09,SCOP.TA,[14065.83988933],10
2025-01-10,SCOP.TA,[13692.50984854],11
2025-01-11,SCOP.TA,[13480.9440899],12
2025-01-12,SCOP.TA,[13628.44992795],13
2025-01-13,SCOP.TA,[13055.97485701],14
2025-01-14,SCOP.TA,[13181.55534506],15
2025-01-15,SCOP.TA,[13286.46236601],16
2025-01-16,SCOP.TA,[13370.01480988],17
2025-01-17,SCOP.TA,[13433.49222025],18
2025-01-18,SCOP.TA,[13527.47808764],19
2025-01-19,SCOP.TA,[13803.23592196],20
2025-01-20,SCOP.TA,[13802.01866507],21
2025-01-21,SCOP.TA,[13702.62905799],22
2025-01-22,SCOP.TA,[13753.2796237],23
2025-01-23,SCOP.TA,[13722.17103272],24
2025-01-24,SCOP.TA,[13859.06066611],25
2025-01-25,SCOP.TA,[13761.91325568],26
2025-01-26,SCOP.TA,[13605.11809271],27
2025-01-27,SCOP.TA,[13700.44980044],28
2025-01-28,SCOP.TA,[13641.55682554],29
2025-01-29,SCOP.TA,[13548.66565502],30
2024-12-31,SEMG.TA,[321.59421935],1
2025-01-01,SEMG.TA,[377.3103173],2
2025-01-02,SEMG.TA,[405.47626892],3
2025-01-03,SEMG.TA,[414.10235082],4
2025-01-04,SEMG.TA,[440.79527537],5
2025-01-05,SEMG.TA,[414.06712701],6
2025-01-06,SEMG.TA,[376.49757143],7
2025-01-07,SEMG.TA,[339.67638237],8
2025-01-08,SEMG.TA,[359.38003155],9
2025-01-09,SEMG.TA,[379.53832004],10
2025-01-10,SEMG.TA,[423.27067306],11
2025-01-11,SEMG.TA,[338.34168532],12
2025-01-12,SEMG.TA,[352.57367034],13
2025-01-13,SEMG.TA,[363.59429315],14
2025-01-14,SEMG.TA,[354.04555912],15
2025-01-15,SEMG.TA,[306.53150779],16
2025-01-16,SEMG.TA,[333.64559627],17
2025-01-17,SEMG.TA,[312.98141063],18
2025-01-18,SEMG.TA,[291.29899071],19
2025-01-19,SEMG.TA,[292.13444411],20
2025-01-20,SEMG.TA,[276.83556505],21
2025-01-21,SEMG.TA,[292.37132576],22
2025-01-22,SEMG.TA,[221.39101568],23
2025-01-23,SEMG.TA,[212.92374066],24
2025-01-24,SEMG.TA,[213.19554664],25
2025-01-25,SEMG.TA,[187.19958123],26
2025-01-26,SEMG.TA,[187.40532742],27
2025-01-27,SEMG.TA,[192.61674151],28
2025-01-28,SEMG.TA,[190.18565515],29
2025-01-29,SEMG.TA,[174.82104833],30
2024-12-31,SLARL.TA,[904.55407526],1
2025-01-01,SLARL.TA,[912.99365447],2
2025-01-02,SLARL.TA,[908.00365126],3
2025-01-03,SLARL.TA,[891.63070797],4
2025-01-04,SLARL.TA,[901.74219929],5
2025-01-05,SLARL.TA,[906.17994091],6
2025-01-06,SLARL.TA,[923.40981285],7
2025-01-07,SLARL.TA,[927.3427761],8
2025-01-08,SLARL.TA,[939.17773196],9
2025-01-09,SLARL.TA,[907.60343239],10
2025-01-10,SLARL.TA,[908.8570098],11
2025-01-11,SLARL.TA,[925.02991188],12
2025-01-12,SLARL.TA,[911.89800799],13
2025-01-13,SLARL.TA,[929.72164667],14
2025-01-14,SLARL.TA,[947.59831622],15
2025-01-15,SLARL.TA,[953.01363868],16
2025-01-16,SLARL.TA,[972.6653196],17
2025-01-17,SLARL.TA,[980.19605421],18
2025-01-18,SLARL.TA,[972.52763672],19
2025-01-19,SLARL.TA,[1007.12388142],20
2025-01-20,SLARL.TA,[990.59381858],21
2025-01-21,SLARL.TA,[973.72463555],22
2025-01-22,SLARL.TA,[965.87066642],23
2025-01-23,SLARL.TA,[981.16585881],24
2025-01-24,SLARL.TA,[1001.79084136],25
2025-01-25,SLARL.TA,[1002.96716409],26
2025-01-26,SLARL.TA,[991.82003665],27
2025-01-27,SLARL.TA,[990.15540303],28
2025-01-28,SLARL.TA,[968.93408561],29
2025-01-29,SLARL.TA,[969.02601394],30
2024-12-31,SHGR.TA,[1280.46150054],1
2025-01-01,SHGR.TA,[1261.52661553],2
2025-01-02,SHGR.TA,[1273.49122706],3
2025-01-03,SHGR.TA,[1286.88252699],4
2025-01-04,SHGR.TA,[1283.38191911],5
2025-01-05,SHGR.TA,[1266.60231896],6
2025-01-06,SHGR.TA,[1238.8656709],7
2025-01-07,SHGR.TA,[1240.3111092],8
2025-01-08,SHGR.TA,[1258.19395264],9
2025-01-09,SHGR.TA,[1293.74661642],10
2025-01-10,SHGR.TA,[1331.9235017],11
2025-01-11,SHGR.TA,[1344.6555992],12
2025-01-12,SHGR.TA,[1403.30544298],13
2025-01-13,SHGR.TA,[1456.51980835],14
2025-01-14,SHGR.TA,[1455.45934506],15
2025-01-15,SHGR.TA,[1394.44019363],16
2025-01-16,SHGR.TA,[1423.86498474],17
2025-01-17,SHGR.TA,[1416.17933935],18
2025-01-18,SHGR.TA,[1410.81481509],19
2025-01-19,SHGR.TA,[1422.03771265],20
2025-01-20,SHGR.TA,[1397.95322227],21
2025-01-21,SHGR.TA,[1355.33053604],22
2025-01-22,SHGR.TA,[1387.19344215],23
2025-01-23,SHGR.TA,[1429.62362177],24
2025-01-24,SHGR.TA,[1426.29784723],25
2025-01-25,SHGR.TA,[1439.83771837],26
2025-01-26,SHGR.TA,[1449.45658368],27
2025-01-27,SHGR.TA,[1440.72409041],28
2025-01-28,SHGR.TA,[1441.57222555],29
2025-01-29,SHGR.TA,[1449.96109113],30
2024-12-31,SHMM.TA,[125.46837181],1
2025-01-01,SHMM.TA,[56.32387296],2
2025-01-02,SHMM.TA,[49.76851666],3
2025-01-03,SHMM.TA,[40.37651732],4
2025-01-04,SHMM.TA,[36.24033425],5
2025-01-05,SHMM.TA,[39.76346768],6
2025-01-06,SHMM.TA,[34.25624316],7
2025-01-07,SHMM.TA,[34.45034019],8
2025-01-08,SHMM.TA,[52.92766717],9
2025-01-09,SHMM.TA,[51.05972783],10
2025-01-10,SHMM.TA,[57.99551275],11
2025-01-11,SHMM.TA,[50.47748335],12
2025-01-12,SHMM.TA,[23.52787462],13
2025-01-13,SHMM.TA,[35.40751097],14
2025-01-14,SHMM.TA,[31.96158072],15
2025-01-15,SHMM.TA,[20.62583031],16
2025-01-16,SHMM.TA,[26.83760436],17
2025-01-17,SHMM.TA,[25.80139149],18
2025-01-18,SHMM.TA,[9.67467649],19
2025-01-19,SHMM.TA,[9.82018834],20
2025-01-20,SHMM.TA,[16.53371322],21
2025-01-21,SHMM.TA,[22.60107838],22
2025-01-22,SHMM.TA,[24.5617993],23
2025-01-23,SHMM.TA,[42.87539727],24
2025-01-24,SHMM.TA,[31.0934963],25
2025-01-25,SHMM.TA,[60.71846296],26
2025-01-26,SHMM.TA,[95.52413005],27
2025-01-27,SHMM.TA,[96.38627861],28
2025-01-28,SHMM.TA,[133.62134137],29
2025-01-29,SHMM.TA,[99.43204088],30
2024-12-31,SHAN.TA,[393.58896984],1
2025-01-01,SHAN.TA,[398.47103682],2
2025-01-02,SHAN.TA,[408.2309297],3
2025-01-03,SHAN.TA,[408.17697267],4
2025-01-04,SHAN.TA,[403.56671268],5
2025-01-05,SHAN.TA,[402.86960901],6
2025-01-06,SHAN.TA,[396.2405147],7
2025-01-07,SHAN.TA,[381.98980292],8
2025-01-08,SHAN.TA,[392.20557587],9
2025-01-09,SHAN.TA,[392.92749077],10
2025-01-10,SHAN.TA,[391.79632706],11
2025-01-11,SHAN.TA,[386.71991719],12
2025-01-12,SHAN.TA,[382.35500768],13
2025-01-13,SHAN.TA,[384.9355887],14
2025-01-14,SHAN.TA,[387.87381686],15
2025-01-15,SHAN.TA,[389.02275674],16
2025-01-16,SHAN.TA,[393.2326168],17
2025-01-17,SHAN.TA,[397.09595862],18
2025-01-18,SHAN.TA,[400.21027147],19
2025-01-19,SHAN.TA,[403.2648567],20
2025-01-20,SHAN.TA,[396.22584339],21
2025-01-21,SHAN.TA,[393.33842281],22
2025-01-22,SHAN.TA,[392.04058384],23
2025-01-23,SHAN.TA,[391.60914783],24
2025-01-24,SHAN.TA,[391.93507221],25
2025-01-25,SHAN.TA,[387.40273466],26
2025-01-26,SHAN.TA,[386.42572934],27
2025-01-27,SHAN.TA,[393.1901814],28
2025-01-28,SHAN.TA,[392.03366747],29
2025-01-29,SHAN.TA,[399.70494976],30
2024-12-31,SPEN.TA,[2804.9808585],1
2025-01-01,SPEN.TA,[2948.3326561],2
2025-01-02,SPEN.TA,[2866.92123699],3
2025-01-03,SPEN.TA,[2938.07853675],4
2025-01-04,SPEN.TA,[2964.77521945],5
2025-01-05,SPEN.TA,[2988.0033806],6
2025-01-06,SPEN.TA,[2988.19415519],7
2025-01-07,SPEN.TA,[3071.30672517],8
2025-01-08,SPEN.TA,[3114.4373789],9
2025-01-09,SPEN.TA,[3108.98823399],10
2025-01-10,SPEN.TA,[3024.63795204],11
2025-01-11,SPEN.TA,[3181.92600804],12
2025-01-12,SPEN.TA,[3139.14063688],13
2025-01-13,SPEN.TA,[3234.47990285],14
2025-01-14,SPEN.TA,[3345.25665566],15
2025-01-15,SPEN.TA,[3356.81632951],16
2025-01-16,SPEN.TA,[3418.33147911],17
2025-01-17,SPEN.TA,[3464.90453317],18
2025-01-18,SPEN.TA,[3403.50826215],19
2025-01-19,SPEN.TA,[3541.18590532],20
2025-01-20,SPEN.TA,[3537.78654044],21
2025-01-21,SPEN.TA,[3567.35235179],22
2025-01-22,SPEN.TA,[3560.91327854],23
2025-01-23,SPEN.TA,[3611.44545994],24
2025-01-24,SPEN.TA,[3559.74093553],25
2025-01-25,SPEN.TA,[3452.7069097],26
2025-01-26,SPEN.TA,[3386.41543459],27
2025-01-27,SPEN.TA,[3361.99150545],28
2025-01-28,SPEN.TA,[3548.73067052],29
2025-01-29,SPEN.TA,[3444.5981861],30
2024-12-31,SMNR.TA,[1794.89238644],1
2025-01-01,SMNR.TA,[1776.01087965],2
2025-01-02,SMNR.TA,[1746.17216064],3
2025-01-03,SMNR.TA,[1756.72278765],4
2025-01-04,SMNR.TA,[1781.71371413],5
2025-01-05,SMNR.TA,[1732.40478689],6
2025-01-06,SMNR.TA,[1704.28536334],7
2025-01-07,SMNR.TA,[1668.37337487],8
2025-01-08,SMNR.TA,[1636.86113164],9
2025-01-09,SMNR.TA,[1608.50628988],10
2025-01-10,SMNR.TA,[1568.25935046],11
2025-01-11,SMNR.TA,[1539.17699954],12
2025-01-12,SMNR.TA,[1558.69707625],13
2025-01-13,SMNR.TA,[1544.89126296],14
2025-01-14,SMNR.TA,[1486.75036639],15
2025-01-15,SMNR.TA,[1463.33780536],16
2025-01-16,SMNR.TA,[1507.66439829],17
2025-01-17,SMNR.TA,[1547.00210727],18
2025-01-18,SMNR.TA,[1510.46965846],19
2025-01-19,SMNR.TA,[1503.47220611],20
2025-01-20,SMNR.TA,[1516.44358444],21
2025-01-21,SMNR.TA,[1513.83420386],22
2025-01-22,SMNR.TA,[1520.71092375],23
2025-01-23,SMNR.TA,[1521.20424171],24
2025-01-24,SMNR.TA,[1501.55903076],25
2025-01-25,SMNR.TA,[1555.86880063],26
2025-01-26,SMNR.TA,[1569.44335119],27
2025-01-27,SMNR.TA,[1616.42467879],28
2025-01-28,SMNR.TA,[1604.32377451],29
2025-01-29,SMNR.TA,[1596.98925482],30
2024-12-31,SBEN.TA,[226.79859998],1
2025-01-01,SBEN.TA,[228.35966825],2
2025-01-02,SBEN.TA,[228.69920651],3
2025-01-03,SBEN.TA,[229.26935556],4
2025-01-04,SBEN.TA,[224.8257856],5
2025-01-05,SBEN.TA,[228.49739699],6
2025-01-06,SBEN.TA,[225.36572504],7
2025-01-07,SBEN.TA,[226.32267409],8
2025-01-08,SBEN.TA,[225.02709127],9
2025-01-09,SBEN.TA,[224.17378946],10
2025-01-10,SBEN.TA,[222.56700695],11
2025-01-11,SBEN.TA,[227.01345447],12
2025-01-12,SBEN.TA,[229.02265796],13
2025-01-13,SBEN.TA,[231.67680169],14
2025-01-14,SBEN.TA,[230.94578898],15
2025-01-15,SBEN.TA,[231.92635032],16
2025-01-16,SBEN.TA,[230.61873098],17
2025-01-17,SBEN.TA,[229.30711157],18
2025-01-18,SBEN.TA,[228.04023851],19
2025-01-19,SBEN.TA,[226.04036643],20
2025-01-20,SBEN.TA,[225.79132199],21
2025-01-21,SBEN.TA,[225.70855756],22
2025-01-22,SBEN.TA,[229.18209531],23
2025-01-23,SBEN.TA,[226.32637993],24
2025-01-24,SBEN.TA,[222.58032862],25
2025-01-25,SBEN.TA,[225.46477549],26
2025-01-26,SBEN.TA,[226.14771519],27
2025-01-27,SBEN.TA,[223.70109481],28
2025-01-28,SBEN.TA,[225.84963993],29
2025-01-29,SBEN.TA,[227.1153984],30
2024-12-31,SKBN.TA,[1216.65995591],1
2025-01-01,SKBN.TA,[1223.26136187],2
2025-01-02,SKBN.TA,[1159.32377614],3
2025-01-03,SKBN.TA,[1194.71712973],4
2025-01-04,SKBN.TA,[1209.92491946],5
2025-01-05,SKBN.TA,[1221.1712207],6
2025-01-06,SKBN.TA,[1236.12349011],7
2025-01-07,SKBN.TA,[1234.41907632],8
2025-01-08,SKBN.TA,[1228.62330148],9
2025-01-09,SKBN.TA,[1207.2051003],10
2025-01-10,SKBN.TA,[1256.18514977],11
2025-01-11,SKBN.TA,[1323.72019942],12
2025-01-12,SKBN.TA,[1358.32148173],13
2025-01-13,SKBN.TA,[1411.39165873],14
2025-01-14,SKBN.TA,[1423.56531373],15
2025-01-15,SKBN.TA,[1465.53034581],16
2025-01-16,SKBN.TA,[1496.05481417],17
2025-01-17,SKBN.TA,[1536.92666096],18
2025-01-18,SKBN.TA,[1527.52020399],19
2025-01-19,SKBN.TA,[1532.58282831],20
2025-01-20,SKBN.TA,[1508.59322194],21
2025-01-21,SKBN.TA,[1512.86517971],22
2025-01-22,SKBN.TA,[1614.44959],23
2025-01-23,SKBN.TA,[1539.58137333],24
2025-01-24,SKBN.TA,[1495.03631427],25
2025-01-25,SKBN.TA,[1488.47247268],26
2025-01-26,SKBN.TA,[1490.47983737],27
2025-01-27,SKBN.TA,[1512.70988224],28
2025-01-28,SKBN.TA,[1523.81233983],29
2025-01-29,SKBN.TA,[1517.56388476],30
2024-12-31,SHOM.TA,[762.32270666],1
2025-01-01,SHOM.TA,[772.95994067],2
2025-01-02,SHOM.TA,[762.51682375],3
2025-01-03,SHOM.TA,[764.86228688],4
2025-01-04,SHOM.TA,[773.85164975],5
2025-01-05,SHOM.TA,[776.19730375],6
2025-01-06,SHOM.TA,[783.98061157],7
2025-01-07,SHOM.TA,[796.79474716],8
2025-01-08,SHOM.TA,[820.95679565],9
2025-01-09,SHOM.TA,[814.05225719],10
2025-01-10,SHOM.TA,[827.9985702],11
2025-01-11,SHOM.TA,[839.17291191],12
2025-01-12,SHOM.TA,[865.85853358],13
2025-01-13,SHOM.TA,[858.56898291],14
2025-01-14,SHOM.TA,[863.60660674],15
2025-01-15,SHOM.TA,[868.2419696],16
2025-01-16,SHOM.TA,[868.06909391],17
2025-01-17,SHOM.TA,[878.83898543],18
2025-01-18,SHOM.TA,[879.02938448],19
2025-01-19,SHOM.TA,[863.82809212],20
2025-01-20,SHOM.TA,[879.1877183],21
2025-01-21,SHOM.TA,[894.70040097],22
2025-01-22,SHOM.TA,[892.24864762],23
2025-01-23,SHOM.TA,[901.78726209],24
2025-01-24,SHOM.TA,[884.8085136],25
2025-01-25,SHOM.TA,[872.23281516],26
2025-01-26,SHOM.TA,[869.49781908],27
2025-01-27,SHOM.TA,[870.05190004],28
2025-01-28,SHOM.TA,[871.07616956],29
2025-01-29,SHOM.TA,[890.25659828],30
2024-12-31,SAE.TA,[3513.80927237],1
2025-01-01,SAE.TA,[3523.70771671],2
2025-01-02,SAE.TA,[3480.34602717],3
2025-01-03,SAE.TA,[3485.07419402],4
2025-01-04,SAE.TA,[3480.5756236],5
2025-01-05,SAE.TA,[3436.99330944],6
2025-01-06,SAE.TA,[3417.45953259],7
2025-01-07,SAE.TA,[3400.38818462],8
2025-01-08,SAE.TA,[3315.78513876],9
2025-01-09,SAE.TA,[3299.70590436],10
2025-01-10,SAE.TA,[3171.52435944],11
2025-01-11,SAE.TA,[3118.59907515],12
2025-01-12,SAE.TA,[3184.99612354],13
2025-01-13,SAE.TA,[3234.10086738],14
2025-01-14,SAE.TA,[3263.15891084],15
2025-01-15,SAE.TA,[3320.75586614],16
2025-01-16,SAE.TA,[3376.38750817],17
2025-01-17,SAE.TA,[3354.9341574],18
2025-01-18,SAE.TA,[3343.43260035],19
2025-01-19,SAE.TA,[3330.70880941],20
2025-01-20,SAE.TA,[3364.14556809],21
2025-01-21,SAE.TA,[3406.68725439],22
2025-01-22,SAE.TA,[3421.26787805],23
2025-01-23,SAE.TA,[3410.10178973],24
2025-01-24,SAE.TA,[3433.89889774],25
2025-01-25,SAE.TA,[3425.69298896],26
2025-01-26,SAE.TA,[3472.96972157],27
2025-01-27,SAE.TA,[3559.11426842],28
2025-01-28,SAE.TA,[3561.20160698],29
2025-01-29,SAE.TA,[3632.00327532],30
2024-12-31,SKLN.TA,[1921.70519734],1
2025-01-01,SKLN.TA,[1952.29859287],2
2025-01-02,SKLN.TA,[1955.00241646],3
2025-01-03,SKLN.TA,[1967.9810878],4
2025-01-04,SKLN.TA,[1984.94490821],5
2025-01-05,SKLN.TA,[1964.82013035],6
2025-01-06,SKLN.TA,[1944.72200248],7
2025-01-07,SKLN.TA,[1922.01960127],8
2025-01-08,SKLN.TA,[1931.35453448],9
2025-01-09,SKLN.TA,[1943.74538597],10
2025-01-10,SKLN.TA,[1937.6980932],11
2025-01-11,SKLN.TA,[1906.24260944],12
2025-01-12,SKLN.TA,[1888.96236921],13
2025-01-13,SKLN.TA,[1857.0209257],14
2025-01-14,SKLN.TA,[1827.68469007],15
2025-01-15,SKLN.TA,[1777.81973499],16
2025-01-16,SKLN.TA,[1789.3674991],17
2025-01-17,SKLN.TA,[1806.96190783],18
2025-01-18,SKLN.TA,[1825.06855365],19
2025-01-19,SKLN.TA,[1821.19178692],20
2025-01-20,SKLN.TA,[1851.00211662],21
2025-01-21,SKLN.TA,[1817.33055004],22
2025-01-22,SKLN.TA,[1812.23575061],23
2025-01-23,SKLN.TA,[1802.05719121],24
2025-01-24,SKLN.TA,[1773.55919927],25
2025-01-25,SKLN.TA,[1768.23448195],26
2025-01-26,SKLN.TA,[1739.95696018],27
2025-01-27,SKLN.TA,[1711.20768679],28
2025-01-28,SKLN.TA,[1734.20115991],29
2025-01-29,SKLN.TA,[1770.67519716],30
2024-12-31,SLRM.TA,[391.6137912],1
2025-01-01,SLRM.TA,[368.54215578],2
2025-01-02,SLRM.TA,[388.87252596],3
2025-01-03,SLRM.TA,[418.82410594],4
2025-01-04,SLRM.TA,[380.01480615],5
2025-01-05,SLRM.TA,[394.4222992],6
2025-01-06,SLRM.TA,[400.61951801],7
2025-01-07,SLRM.TA,[375.05917603],8
2025-01-08,SLRM.TA,[398.73524741],9
2025-01-09,SLRM.TA,[396.9648829],10
2025-01-10,SLRM.TA,[411.89426448],11
2025-01-11,SLRM.TA,[417.21924738],12
2025-01-12,SLRM.TA,[429.58955525],13
2025-01-13,SLRM.TA,[421.45593001],14
2025-01-14,SLRM.TA,[448.55221054],15
2025-01-15,SLRM.TA,[472.22502061],16
2025-01-16,SLRM.TA,[470.23577762],17
2025-01-17,SLRM.TA,[498.05038474],18
2025-01-18,SLRM.TA,[519.28431965],19
2025-01-19,SLRM.TA,[518.11246546],20
2025-01-20,SLRM.TA,[530.16410066],21
2025-01-21,SLRM.TA,[518.15644382],22
2025-01-22,SLRM.TA,[518.86943436],23
2025-01-23,SLRM.TA,[530.43158944],24
2025-01-24,SLRM.TA,[537.95590715],25
2025-01-25,SLRM.TA,[570.47422085],26
2025-01-26,SLRM.TA,[575.34152374],27
2025-01-27,SLRM.TA,[575.24075397],28
2025-01-28,SLRM.TA,[586.52276744],29
2025-01-29,SLRM.TA,[603.84883593],30
2024-12-31,SMAG.TA,[324.22220263],1
2025-01-01,SMAG.TA,[313.07277271],2
2025-01-02,SMAG.TA,[322.57276041],3
2025-01-03,SMAG.TA,[311.89446503],4
2025-01-04,SMAG.TA,[295.96758853],5
2025-01-05,SMAG.TA,[354.56624806],6
2025-01-06,SMAG.TA,[353.99117272],7
2025-01-07,SMAG.TA,[363.492135],8
2025-01-08,SMAG.TA,[383.63082718],9
2025-01-09,SMAG.TA,[423.52326093],10
2025-01-10,SMAG.TA,[435.8605043],11
2025-01-11,SMAG.TA,[381.27782911],12
2025-01-12,SMAG.TA,[352.89595399],13
2025-01-13,SMAG.TA,[417.70654023],14
2025-01-14,SMAG.TA,[468.26819909],15
2025-01-15,SMAG.TA,[483.68379524],16
2025-01-16,SMAG.TA,[424.03107301],17
2025-01-17,SMAG.TA,[422.73179577],18
2025-01-18,SMAG.TA,[457.56011032],19
2025-01-19,SMAG.TA,[505.0752048],20
2025-01-20,SMAG.TA,[531.60357056],21
2025-01-21,SMAG.TA,[543.73588101],22
2025-01-22,SMAG.TA,[632.92704484],23
2025-01-23,SMAG.TA,[748.79672629],24
2025-01-24,SMAG.TA,[735.0485611],25
2025-01-25,SMAG.TA,[857.55668557],26
2025-01-26,SMAG.TA,[780.54626203],27
2025-01-27,SMAG.TA,[733.92514498],28
2025-01-28,SMAG.TA,[734.75293099],29
2025-01-29,SMAG.TA,[705.6477549],30
2024-12-31,SOFW.TA,[1615.18793179],1
2025-01-01,SOFW.TA,[1615.98828221],2
2025-01-02,SOFW.TA,[1603.45794676],3
2025-01-03,SOFW.TA,[1625.95958142],4
2025-01-04,SOFW.TA,[1582.85952355],5
2025-01-05,SOFW.TA,[1613.8613068],6
2025-01-06,SOFW.TA,[1617.28194875],7
2025-01-07,SOFW.TA,[1636.70689076],8
2025-01-08,SOFW.TA,[1647.24319417],9
2025-01-09,SOFW.TA,[1637.18896922],10
2025-01-10,SOFW.TA,[1657.29076143],11
2025-01-11,SOFW.TA,[1617.91529115],12
2025-01-12,SOFW.TA,[1585.71402374],13
2025-01-13,SOFW.TA,[1529.26684301],14
2025-01-14,SOFW.TA,[1517.54571763],15
2025-01-15,SOFW.TA,[1462.27911204],16
2025-01-16,SOFW.TA,[1470.22526177],17
2025-01-17,SOFW.TA,[1442.94368591],18
2025-01-18,SOFW.TA,[1445.45575616],19
2025-01-19,SOFW.TA,[1465.42892358],20
2025-01-20,SOFW.TA,[1456.10207044],21
2025-01-21,SOFW.TA,[1445.58924675],22
2025-01-22,SOFW.TA,[1458.40207946],23
2025-01-23,SOFW.TA,[1478.63854356],24
2025-01-24,SOFW.TA,[1444.89856081],25
2025-01-25,SOFW.TA,[1380.14314956],26
2025-01-26,SOFW.TA,[1402.60149725],27
2025-01-27,SOFW.TA,[1382.62038072],28
2025-01-28,SOFW.TA,[1382.20629379],29
2025-01-29,SOFW.TA,[1408.62642502],30
2024-12-31,SOLR.TA,[3604.13402442],1
2025-01-01,SOLR.TA,[3640.62187788],2
2025-01-02,SOLR.TA,[3805.48550031],3
2025-01-03,SOLR.TA,[3894.94049566],4
2025-01-04,SOLR.TA,[3897.4040178],5
2025-01-05,SOLR.TA,[3851.09177573],6
2025-01-06,SOLR.TA,[3931.05186264],7
2025-01-07,SOLR.TA,[3790.35395644],8
2025-01-08,SOLR.TA,[3928.72245519],9
2025-01-09,SOLR.TA,[3919.60986391],10
2025-01-10,SOLR.TA,[4029.24474331],11
2025-01-11,SOLR.TA,[4088.58110193],12
2025-01-12,SOLR.TA,[4171.19210637],13
2025-01-13,SOLR.TA,[4047.62744278],14
2025-01-14,SOLR.TA,[4162.8477436],15
2025-01-15,SOLR.TA,[4109.9282559],16
2025-01-16,SOLR.TA,[4244.34414701],17
2025-01-17,SOLR.TA,[4369.22503466],18
2025-01-18,SOLR.TA,[4353.84810348],19
2025-01-19,SOLR.TA,[4383.00502872],20
2025-01-20,SOLR.TA,[4366.66221317],21
2025-01-21,SOLR.TA,[4423.80225549],22
2025-01-22,SOLR.TA,[4364.11438951],23
2025-01-23,SOLR.TA,[4282.12057539],24
2025-01-24,SOLR.TA,[4474.69094633],25
2025-01-25,SOLR.TA,[4463.82592378],26
2025-01-26,SOLR.TA,[4528.81595025],27
2025-01-27,SOLR.TA,[4535.65398306],28
2025-01-28,SOLR.TA,[4553.93156656],29
2025-01-29,SOLR.TA,[4539.33743426],30
2024-12-31,SONO.TA,[59.46266148],1
2025-01-01,SONO.TA,[79.23401027],2
2025-01-02,SONO.TA,[101.04193893],3
2025-01-03,SONO.TA,[119.29968577],4
2025-01-04,SONO.TA,[120.7429318],5
2025-01-05,SONO.TA,[126.45405199],6
2025-01-06,SONO.TA,[112.58309689],7
2025-01-07,SONO.TA,[115.16203277],8
2025-01-08,SONO.TA,[147.37157604],9
2025-01-09,SONO.TA,[219.1878048],10
2025-01-10,SONO.TA,[262.35842665],11
2025-01-11,SONO.TA,[224.71339181],12
2025-01-12,SONO.TA,[238.76982279],13
2025-01-13,SONO.TA,[422.1057948],14
2025-01-14,SONO.TA,[513.26996179],15
2025-01-15,SONO.TA,[525.24496032],16
2025-01-16,SONO.TA,[752.73757316],17
2025-01-17,SONO.TA,[832.12713126],18
2025-01-18,SONO.TA,[902.63097134],19
2025-01-19,SONO.TA,[871.35861462],20
2025-01-20,SONO.TA,[544.69720915],21
2025-01-21,SONO.TA,[496.25513675],22
2025-01-22,SONO.TA,[559.41792565],23
2025-01-23,SONO.TA,[494.62652509],24
2025-01-24,SONO.TA,[720.87967129],25
2025-01-25,SONO.TA,[625.90901856],26
2025-01-26,SONO.TA,[769.97644857],27
2025-01-27,SONO.TA,[1395.66626995],28
2025-01-28,SONO.TA,[1091.71018822],29
2025-01-29,SONO.TA,[906.89151969],30
2024-12-31,SCC.TA,[43.43314081],1
2025-01-01,SCC.TA,[29.5051998],2
2025-01-02,SCC.TA,[22.06647245],3
2025-01-03,SCC.TA,[23.21755926],4
2025-01-04,SCC.TA,[23.89296802],5
2025-01-05,SCC.TA,[35.97546921],6
2025-01-06,SCC.TA,[29.3193103],7
2025-01-07,SCC.TA,[41.15360999],8
2025-01-08,SCC.TA,[42.99605916],9
2025-01-09,SCC.TA,[64.18444869],10
2025-01-10,SCC.TA,[63.94533919],11
2025-01-11,SCC.TA,[70.91969186],12
2025-01-12,SCC.TA,[52.34752196],13
2025-01-13,SCC.TA,[35.46166498],14
2025-01-14,SCC.TA,[33.10958192],15
2025-01-15,SCC.TA,[20.72197776],16
2025-01-16,SCC.TA,[9.2667953],17
2025-01-17,SCC.TA,[11.14640426],18
2025-01-18,SCC.TA,[9.21041918],19
2025-01-19,SCC.TA,[16.28887044],20
2025-01-20,SCC.TA,[13.39030375],21
2025-01-21,SCC.TA,[10.54057217],22
2025-01-22,SCC.TA,[16.02909138],23
2025-01-23,SCC.TA,[17.63916966],24
2025-01-24,SCC.TA,[21.07348755],25
2025-01-25,SCC.TA,[35.23809995],26
2025-01-26,SCC.TA,[35.34781294],27
2025-01-27,SCC.TA,[49.11413229],28
2025-01-28,SCC.TA,[62.34766087],29
2025-01-29,SCC.TA,[74.23302048],30
2024-12-31,SPDV.TA,[339.87888598],1
2025-01-01,SPDV.TA,[326.5663956],2
2025-01-02,SPDV.TA,[334.91839342],3
2025-01-03,SPDV.TA,[355.02338571],4
2025-01-04,SPDV.TA,[347.88503155],5
2025-01-05,SPDV.TA,[356.89992994],6
2025-01-06,SPDV.TA,[347.57546489],7
2025-01-07,SPDV.TA,[359.60313836],8
2025-01-08,SPDV.TA,[374.73874841],9
2025-01-09,SPDV.TA,[365.33632678],10
2025-01-10,SPDV.TA,[360.66259672],11
2025-01-11,SPDV.TA,[349.86692552],12
2025-01-12,SPDV.TA,[334.93529249],13
2025-01-13,SPDV.TA,[336.92461853],14
2025-01-14,SPDV.TA,[309.33072729],15
2025-01-15,SPDV.TA,[298.06648442],16
2025-01-16,SPDV.TA,[297.32252145],17
2025-01-17,SPDV.TA,[306.16373274],18
2025-01-18,SPDV.TA,[298.74026382],19
2025-01-19,SPDV.TA,[304.69069031],20
2025-01-20,SPDV.TA,[304.27776791],21
2025-01-21,SPDV.TA,[308.05782804],22
2025-01-22,SPDV.TA,[303.97741426],23
2025-01-23,SPDV.TA,[312.93109112],24
2025-01-24,SPDV.TA,[319.61370235],25
2025-01-25,SPDV.TA,[311.59316313],26
2025-01-26,SPDV.TA,[305.96401401],27
2025-01-27,SPDV.TA,[301.12071468],28
2025-01-28,SPDV.TA,[308.44167892],29
2025-01-29,SPDV.TA,[329.90279137],30
2024-12-31,SPRG.TA,[-82.43988147],1
2025-01-01,SPRG.TA,[50.39766174],2
2025-01-02,SPRG.TA,[-34.66605974],3
2025-01-03,SPRG.TA,[-82.96013545],4
2025-01-04,SPRG.TA,[47.57273066],5
2025-01-05,SPRG.TA,[1.1106465],6
2025-01-06,SPRG.TA,[6.20945248],7
2025-01-07,SPRG.TA,[9.60992213],8
2025-01-08,SPRG.TA,[33.65726369],9
2025-01-09,SPRG.TA,[112.52999995],10
2025-01-10,SPRG.TA,[343.93111484],11
2025-01-11,SPRG.TA,[609.20639686],12
2025-01-12,SPRG.TA,[935.43015786],13
2025-01-13,SPRG.TA,[111.40400919],14
2025-01-14,SPRG.TA,[213.83886691],15
2025-01-15,SPRG.TA,[260.61993521],16
2025-01-16,SPRG.TA,[631.88723947],17
2025-01-17,SPRG.TA,[1244.97416084],18
2025-01-18,SPRG.TA,[468.51945692],19
2025-01-19,SPRG.TA,[-296.1599678],20
2025-01-20,SPRG.TA,[480.94970232],21
2025-01-21,SPRG.TA,[-288.39905179],22
2025-01-22,SPRG.TA,[-623.13182364],23
2025-01-23,SPRG.TA,[-416.64332683],24
2025-01-24,SPRG.TA,[-684.65344435],25
2025-01-25,SPRG.TA,[-1182.37859677],26
2025-01-26,SPRG.TA,[1882.83009389],27
2025-01-27,SPRG.TA,[4808.4812854],28
2025-01-28,SPRG.TA,[8595.6714004],29
2025-01-29,SPRG.TA,[18005.00406731],30
2024-12-31,SPNTC.TA,[393.87728339],1
2025-01-01,SPNTC.TA,[393.27897147],2
2025-01-02,SPNTC.TA,[393.48634825],3
2025-01-03,SPNTC.TA,[412.70238164],4
2025-01-04,SPNTC.TA,[420.14499669],5
2025-01-05,SPNTC.TA,[425.85363119],6
2025-01-06,SPNTC.TA,[399.6526873],7
2025-01-07,SPNTC.TA,[393.97303933],8
2025-01-08,SPNTC.TA,[404.78102042],9
2025-01-09,SPNTC.TA,[419.81030589],10
2025-01-10,SPNTC.TA,[414.88631394],11
2025-01-11,SPNTC.TA,[411.33175225],12
2025-01-12,SPNTC.TA,[416.76870613],13
2025-01-13,SPNTC.TA,[418.88941796],14
2025-01-14,SPNTC.TA,[430.85159115],15
2025-01-15,SPNTC.TA,[417.93857131],16
2025-01-16,SPNTC.TA,[422.27004464],17
2025-01-17,SPNTC.TA,[410.89881012],18
2025-01-18,SPNTC.TA,[415.68439399],19
2025-01-19,SPNTC.TA,[417.6456609],20
2025-01-20,SPNTC.TA,[415.95889336],21
2025-01-21,SPNTC.TA,[426.01063831],22
2025-01-22,SPNTC.TA,[423.12503844],23
2025-01-23,SPNTC.TA,[423.14524075],24
2025-01-24,SPNTC.TA,[432.48137516],25
2025-01-25,SPNTC.TA,[436.26241216],26
2025-01-26,SPNTC.TA,[437.58816659],27
2025-01-27,SPNTC.TA,[427.31594491],28
2025-01-28,SPNTC.TA,[429.50759037],29
2025-01-29,SPNTC.TA,[435.19040068],30
2024-12-31,STG.TA,[3887.78862047],1
2025-01-01,STG.TA,[3908.36668612],2
2025-01-02,STG.TA,[3877.28025447],3
2025-01-03,STG.TA,[3926.29257206],4
2025-01-04,STG.TA,[3985.69928795],5
2025-01-05,STG.TA,[3903.42847294],6
2025-01-06,STG.TA,[3904.53291234],7
2025-01-07,STG.TA,[3936.02931397],8
2025-01-08,STG.TA,[3968.88290763],9
2025-01-09,STG.TA,[3999.19169317],10
2025-01-10,STG.TA,[4078.02690704],11
2025-01-11,STG.TA,[4080.90815506],12
2025-01-12,STG.TA,[4115.12346665],13
2025-01-13,STG.TA,[4146.47575771],14
2025-01-14,STG.TA,[4114.30140078],15
2025-01-15,STG.TA,[4149.06946876],16
2025-01-16,STG.TA,[4131.33605276],17
2025-01-17,STG.TA,[4062.82881535],18
2025-01-18,STG.TA,[4009.13970323],19
2025-01-19,STG.TA,[4005.81092764],20
2025-01-20,STG.TA,[4032.65840492],21
2025-01-21,STG.TA,[4057.47090243],22
2025-01-22,STG.TA,[4097.38426831],23
2025-01-23,STG.TA,[4116.1736464],24
2025-01-24,STG.TA,[4133.71096696],25
2025-01-25,STG.TA,[4113.37250952],26
2025-01-26,STG.TA,[4047.58154242],27
2025-01-27,STG.TA,[4028.00028696],28
2025-01-28,STG.TA,[4035.74919711],29
2025-01-29,STG.TA,[4084.79446249],30
2024-12-31,STRG.TA,[49.36088528],1
2025-01-01,STRG.TA,[46.83756856],2
2025-01-02,STRG.TA,[48.52980667],3
2025-01-03,STRG.TA,[46.83973284],4
2025-01-04,STRG.TA,[61.54785743],5
2025-01-05,STRG.TA,[58.96872175],6
2025-01-06,STRG.TA,[69.37123961],7
2025-01-07,STRG.TA,[77.14640278],8
2025-01-08,STRG.TA,[67.02318705],9
2025-01-09,STRG.TA,[84.63527524],10
2025-01-10,STRG.TA,[66.90282668],11
2025-01-11,STRG.TA,[64.79137515],12
2025-01-12,STRG.TA,[82.65869614],13
2025-01-13,STRG.TA,[72.18866461],14
2025-01-14,STRG.TA,[75.14974556],15
2025-01-15,STRG.TA,[78.9369435],16
2025-01-16,STRG.TA,[67.32800198],17
2025-01-17,STRG.TA,[78.98304295],18
2025-01-18,STRG.TA,[73.43506965],19
2025-01-19,STRG.TA,[69.97432345],20
2025-01-20,STRG.TA,[52.19946519],21
2025-01-21,STRG.TA,[49.41516147],22
2025-01-22,STRG.TA,[53.81466816],23
2025-01-23,STRG.TA,[52.96277757],24
2025-01-24,STRG.TA,[60.40439621],25
2025-01-25,STRG.TA,[52.01598376],26
2025-01-26,STRG.TA,[39.5980394],27
2025-01-27,STRG.TA,[39.40763901],28
2025-01-28,STRG.TA,[42.92493896],29
2025-01-29,STRG.TA,[42.43010364],30
2024-12-31,STRS.TA,[6518.59235294],1
2025-01-01,STRS.TA,[6377.63491744],2
2025-01-02,STRS.TA,[6386.11929869],3
2025-01-03,STRS.TA,[6369.27821508],4
2025-01-04,STRS.TA,[6446.01778355],5
2025-01-05,STRS.TA,[6402.86617657],6
2025-01-06,STRS.TA,[6423.47688965],7
2025-01-07,STRS.TA,[6522.56275239],8
2025-01-08,STRS.TA,[6648.17044307],9
2025-01-09,STRS.TA,[6786.70717312],10
2025-01-10,STRS.TA,[6910.35779195],11
2025-01-11,STRS.TA,[6911.85664313],12
2025-01-12,STRS.TA,[7095.88612127],13
2025-01-13,STRS.TA,[7210.78319196],14
2025-01-14,STRS.TA,[7172.14820418],15
2025-01-15,STRS.TA,[7135.94536979],16
2025-01-16,STRS.TA,[7033.10250598],17
2025-01-17,STRS.TA,[7149.98070667],18
2025-01-18,STRS.TA,[7195.3863401],19
2025-01-19,STRS.TA,[7114.46296937],20
2025-01-20,STRS.TA,[7013.4183504],21
2025-01-21,STRS.TA,[7047.47606769],22
2025-01-22,STRS.TA,[7165.59133388],23
2025-01-23,STRS.TA,[7281.21051339],24
2025-01-24,STRS.TA,[7417.27006925],25
2025-01-25,STRS.TA,[7421.39825132],26
2025-01-26,STRS.TA,[7323.00496709],27
2025-01-27,STRS.TA,[7156.36685683],28
2025-01-28,STRS.TA,[7033.08948859],29
2025-01-29,STRS.TA,[6892.63525001],30
2024-12-31,STRW.TA,[3671.15391749],1
2025-01-01,STRW.TA,[3688.45333663],2
2025-01-02,STRW.TA,[3663.58465205],3
2025-01-03,STRW.TA,[3660.27398576],4
2025-01-04,STRW.TA,[3647.43958529],5
2025-01-05,STRW.TA,[3670.50913236],6
2025-01-06,STRW.TA,[3658.835685],7
2025-01-07,STRW.TA,[3655.13505748],8
2025-01-08,STRW.TA,[3643.49259606],9
2025-01-09,STRW.TA,[3659.73452768],10
2025-01-10,STRW.TA,[3677.56137116],11
2025-01-11,STRW.TA,[3670.28951082],12
2025-01-12,STRW.TA,[3653.95478393],13
2025-01-13,STRW.TA,[3646.38094327],14
2025-01-14,STRW.TA,[3643.62937953],15
2025-01-15,STRW.TA,[3648.21732127],16
2025-01-16,STRW.TA,[3639.61217661],17
2025-01-17,STRW.TA,[3655.93288385],18
2025-01-18,STRW.TA,[3646.70785564],19
2025-01-19,STRW.TA,[3631.28123897],20
2025-01-20,STRW.TA,[3657.23836973],21
2025-01-21,STRW.TA,[3657.14637296],22
2025-01-22,STRW.TA,[3658.70697585],23
2025-01-23,STRW.TA,[3686.77603599],24
2025-01-24,STRW.TA,[3658.53166954],25
2025-01-25,STRW.TA,[3681.40722599],26
2025-01-26,STRW.TA,[3687.15524186],27
2025-01-27,STRW.TA,[3709.3865515],28
2025-01-28,STRW.TA,[3733.76510326],29
2025-01-29,STRW.TA,[3731.41194409],30
2024-12-31,SFRN.TA,[712.335698],1
2025-01-01,SFRN.TA,[713.29017632],2
2025-01-02,SFRN.TA,[701.96839864],3
2025-01-03,SFRN.TA,[735.83667888],4
2025-01-04,SFRN.TA,[745.41245465],5
2025-01-05,SFRN.TA,[755.95031779],6
2025-01-06,SFRN.TA,[761.58642145],7
2025-01-07,SFRN.TA,[752.37797951],8
2025-01-08,SFRN.TA,[768.09591877],9
2025-01-09,SFRN.TA,[782.04849028],10
2025-01-10,SFRN.TA,[804.32190223],11
2025-01-11,SFRN.TA,[832.5642581],12
2025-01-12,SFRN.TA,[841.17720963],13
2025-01-13,SFRN.TA,[854.79376882],14
2025-01-14,SFRN.TA,[848.87086032],15
2025-01-15,SFRN.TA,[847.32270209],16
2025-01-16,SFRN.TA,[858.64388574],17
2025-01-17,SFRN.TA,[850.0682972],18
2025-01-18,SFRN.TA,[858.61376298],19
2025-01-19,SFRN.TA,[849.19727911],20
2025-01-20,SFRN.TA,[841.23490749],21
2025-01-21,SFRN.TA,[841.72431813],22
2025-01-22,SFRN.TA,[838.66618548],23
2025-01-23,SFRN.TA,[836.8087053],24
2025-01-24,SFRN.TA,[836.57532407],25
2025-01-25,SFRN.TA,[830.13860397],26
2025-01-26,SFRN.TA,[827.02901532],27
2025-01-27,SFRN.TA,[830.92767366],28
2025-01-28,SFRN.TA,[825.2483795],29
2025-01-29,SFRN.TA,[840.70698155],30
2024-12-31,SMT.TA,[5312.74410466],1
2025-01-01,SMT.TA,[5251.41125803],2
2025-01-02,SMT.TA,[5422.8538945],3
2025-01-03,SMT.TA,[5480.80743509],4
2025-01-04,SMT.TA,[5507.22131478],5
2025-01-05,SMT.TA,[5556.56855944],6
2025-01-06,SMT.TA,[5350.12344735],7
2025-01-07,SMT.TA,[5204.20089384],8
2025-01-08,SMT.TA,[5213.49089019],9
2025-01-09,SMT.TA,[5110.34770069],10
2025-01-10,SMT.TA,[5274.32536576],11
2025-01-11,SMT.TA,[5178.65922883],12
2025-01-12,SMT.TA,[5142.79497492],13
2025-01-13,SMT.TA,[4944.31101734],14
2025-01-14,SMT.TA,[4932.97925025],15
2025-01-15,SMT.TA,[4873.5777675],16
2025-01-16,SMT.TA,[4929.96109238],17
2025-01-17,SMT.TA,[4984.98164435],18
2025-01-18,SMT.TA,[4842.88544051],19
2025-01-19,SMT.TA,[4616.85140909],20
2025-01-20,SMT.TA,[4617.08288208],21
2025-01-21,SMT.TA,[4770.57355528],22
2025-01-22,SMT.TA,[4692.87316773],23
2025-01-23,SMT.TA,[4553.30720458],24
2025-01-24,SMT.TA,[4620.74630961],25
2025-01-25,SMT.TA,[4538.94647744],26
2025-01-26,SMT.TA,[4428.17533876],27
2025-01-27,SMT.TA,[4388.72177567],28
2025-01-28,SMT.TA,[4498.16546486],29
2025-01-29,SMT.TA,[4400.95974498],30
2024-12-31,SNFL.TA,[599.99299804],1
2025-01-01,SNFL.TA,[615.21769002],2
2025-01-02,SNFL.TA,[595.4848645],3
2025-01-03,SNFL.TA,[570.12885821],4
2025-01-04,SNFL.TA,[559.14559104],5
2025-01-05,SNFL.TA,[568.399566],6
2025-01-06,SNFL.TA,[575.55906095],7
2025-01-07,SNFL.TA,[589.94436423],8
2025-01-08,SNFL.TA,[587.12098417],9
2025-01-09,SNFL.TA,[602.75711719],10
2025-01-10,SNFL.TA,[586.81233228],11
2025-01-11,SNFL.TA,[627.40462352],12
2025-01-12,SNFL.TA,[637.71259485],13
2025-01-13,SNFL.TA,[672.24563588],14
2025-01-14,SNFL.TA,[700.98641205],15
2025-01-15,SNFL.TA,[684.60799856],16
2025-01-16,SNFL.TA,[670.60602017],17
2025-01-17,SNFL.TA,[647.79816993],18
2025-01-18,SNFL.TA,[666.2097475],19
2025-01-19,SNFL.TA,[692.46605528],20
2025-01-20,SNFL.TA,[689.01909778],21
2025-01-21,SNFL.TA,[695.06915041],22
2025-01-22,SNFL.TA,[699.94245525],23
2025-01-23,SNFL.TA,[684.1298959],24
2025-01-24,SNFL.TA,[652.0840919],25
2025-01-25,SNFL.TA,[645.96793946],26
2025-01-26,SNFL.TA,[616.95552216],27
2025-01-27,SNFL.TA,[638.13041773],28
2025-01-28,SNFL.TA,[649.53211829],29
2025-01-29,SNFL.TA,[682.9751145],30
2024-12-31,SNCM.TA,[128.5563659],1
2025-01-01,SNCM.TA,[129.20640688],2
2025-01-02,SNCM.TA,[127.16371372],3
2025-01-03,SNCM.TA,[128.98397615],4
2025-01-04,SNCM.TA,[130.19247448],5
2025-01-05,SNCM.TA,[129.02494767],6
2025-01-06,SNCM.TA,[130.80380222],7
2025-01-07,SNCM.TA,[124.54437456],8
2025-01-08,SNCM.TA,[124.3777004],9
2025-01-09,SNCM.TA,[123.41696882],10
2025-01-10,SNCM.TA,[123.2721495],11
2025-01-11,SNCM.TA,[119.81420004],12
2025-01-12,SNCM.TA,[119.89168456],13
2025-01-13,SNCM.TA,[119.48842688],14
2025-01-14,SNCM.TA,[121.20827675],15
2025-01-15,SNCM.TA,[119.77108519],16
2025-01-16,SNCM.TA,[122.05641826],17
2025-01-17,SNCM.TA,[124.58925847],18
2025-01-18,SNCM.TA,[124.74804822],19
2025-01-19,SNCM.TA,[124.1506655],20
2025-01-20,SNCM.TA,[125.9690955],21
2025-01-21,SNCM.TA,[124.75060785],22
2025-01-22,SNCM.TA,[127.23658108],23
2025-01-23,SNCM.TA,[126.92358656],24
2025-01-24,SNCM.TA,[125.66228631],25
2025-01-25,SNCM.TA,[126.82620408],26
2025-01-26,SNCM.TA,[123.61924193],27
2025-01-27,SNCM.TA,[121.83726481],28
2025-01-28,SNCM.TA,[120.62652824],29
2025-01-29,SNCM.TA,[117.46791983],30
2024-12-31,STEC.TA,[1005.08682935],1
2025-01-01,STEC.TA,[855.92580684],2
2025-01-02,STEC.TA,[569.96548629],3
2025-01-03,STEC.TA,[809.15533644],4
2025-01-04,STEC.TA,[1050.38869703],5
2025-01-05,STEC.TA,[975.56885241],6
2025-01-06,STEC.TA,[827.94292714],7
2025-01-07,STEC.TA,[888.45455388],8
2025-01-08,STEC.TA,[1106.75681986],9
2025-01-09,STEC.TA,[845.04096193],10
2025-01-10,STEC.TA,[758.9515013],11
2025-01-11,STEC.TA,[877.71906723],12
2025-01-12,STEC.TA,[822.32890426],13
2025-01-13,STEC.TA,[1061.03778003],14
2025-01-14,STEC.TA,[1431.38799874],15
2025-01-15,STEC.TA,[1408.82488928],16
2025-01-16,STEC.TA,[1083.5454452],17
2025-01-17,STEC.TA,[751.34646945],18
2025-01-18,STEC.TA,[1006.1964398],19
2025-01-19,STEC.TA,[819.92494857],20
2025-01-20,STEC.TA,[778.16462158],21
2025-01-21,STEC.TA,[771.38763232],22
2025-01-22,STEC.TA,[917.8481436],23
2025-01-23,STEC.TA,[761.12327015],24
2025-01-24,STEC.TA,[839.43554335],25
2025-01-25,STEC.TA,[906.69890555],26
2025-01-26,STEC.TA,[961.1776571],27
2025-01-27,STEC.TA,[1098.99818993],28
2025-01-28,STEC.TA,[958.8603447],29
2025-01-29,STEC.TA,[800.33674821],30
2024-12-31,SNEL.TA,[1450.87115447],1
2025-01-01,SNEL.TA,[1426.43003454],2
2025-01-02,SNEL.TA,[1425.23013352],3
2025-01-03,SNEL.TA,[1421.99460954],4
2025-01-04,SNEL.TA,[1401.49065752],5
2025-01-05,SNEL.TA,[1410.89584417],6
2025-01-06,SNEL.TA,[1417.20339754],7
2025-01-07,SNEL.TA,[1419.0366235],8
2025-01-08,SNEL.TA,[1462.47663151],9
2025-01-09,SNEL.TA,[1488.48645807],10
2025-01-10,SNEL.TA,[1471.24448885],11
2025-01-11,SNEL.TA,[1474.93507086],12
2025-01-12,SNEL.TA,[1412.63151843],13
2025-01-13,SNEL.TA,[1401.34180034],14
2025-01-14,SNEL.TA,[1379.90872165],15
2025-01-15,SNEL.TA,[1378.49995404],16
2025-01-16,SNEL.TA,[1363.95404019],17
2025-01-17,SNEL.TA,[1340.63752152],18
2025-01-18,SNEL.TA,[1350.27327355],19
2025-01-19,SNEL.TA,[1350.17200572],20
2025-01-20,SNEL.TA,[1358.97368495],21
2025-01-21,SNEL.TA,[1355.98056295],22
2025-01-22,SNEL.TA,[1363.55710072],23
2025-01-23,SNEL.TA,[1366.70207481],24
2025-01-24,SNEL.TA,[1313.55889242],25
2025-01-25,SNEL.TA,[1331.24285878],26
2025-01-26,SNEL.TA,[1353.70150668],27
2025-01-27,SNEL.TA,[1336.66719294],28
2025-01-28,SNEL.TA,[1331.80100588],29
2025-01-29,SNEL.TA,[1325.05454639],30
2024-12-31,TDRN.TA,[25250.43295237],1
2025-01-01,TDRN.TA,[26001.74921459],2
2025-01-02,TDRN.TA,[26798.89917917],3
2025-01-03,TDRN.TA,[26463.20624936],4
2025-01-04,TDRN.TA,[25979.98313864],5
2025-01-05,TDRN.TA,[26658.77702559],6
2025-01-06,TDRN.TA,[27470.67799028],7
2025-01-07,TDRN.TA,[26661.03046624],8
2025-01-08,TDRN.TA,[27589.88365268],9
2025-01-09,TDRN.TA,[28545.2622905],10
2025-01-10,TDRN.TA,[28919.5736972],11
2025-01-11,TDRN.TA,[29480.00374258],12
2025-01-12,TDRN.TA,[29352.38288255],13
2025-01-13,TDRN.TA,[30162.18186912],14
2025-01-14,TDRN.TA,[29327.72921159],15
2025-01-15,TDRN.TA,[29532.69254524],16
2025-01-16,TDRN.TA,[29565.06233164],17
2025-01-17,TDRN.TA,[29961.32946818],18
2025-01-18,TDRN.TA,[30099.1476959],19
2025-01-19,TDRN.TA,[29518.7599595],20
2025-01-20,TDRN.TA,[29371.79364929],21
2025-01-21,TDRN.TA,[30396.62278131],22
2025-01-22,TDRN.TA,[30834.31983002],23
2025-01-23,TDRN.TA,[29956.62429555],24
2025-01-24,TDRN.TA,[29413.64528965],25
2025-01-25,TDRN.TA,[30147.92840978],26
2025-01-26,TDRN.TA,[30232.31849541],27
2025-01-27,TDRN.TA,[31149.86610815],28
2025-01-28,TDRN.TA,[31502.7859952],29
2025-01-29,TDRN.TA,[32043.55648447],30
2024-12-31,TMRP.TA,[2217.55038209],1
2025-01-01,TMRP.TA,[2200.14022854],2
2025-01-02,TMRP.TA,[2183.17100053],3
2025-01-03,TMRP.TA,[2177.63638286],4
2025-01-04,TMRP.TA,[2182.11041264],5
2025-01-05,TMRP.TA,[2172.17873161],6
2025-01-06,TMRP.TA,[2166.75949835],7
2025-01-07,TMRP.TA,[2217.56169469],8
2025-01-08,TMRP.TA,[2198.45073019],9
2025-01-09,TMRP.TA,[2197.8197888],10
2025-01-10,TMRP.TA,[2189.1322451],11
2025-01-11,TMRP.TA,[2216.17957066],12
2025-01-12,TMRP.TA,[2191.01680565],13
2025-01-13,TMRP.TA,[2175.42742234],14
2025-01-14,TMRP.TA,[2153.28460574],15
2025-01-15,TMRP.TA,[2154.26576571],16
2025-01-16,TMRP.TA,[2108.59673379],17
2025-01-17,TMRP.TA,[2109.72801509],18
2025-01-18,TMRP.TA,[2125.58520959],19
2025-01-19,TMRP.TA,[2141.32383369],20
2025-01-20,TMRP.TA,[2139.28145518],21
2025-01-21,TMRP.TA,[2170.8517284],22
2025-01-22,TMRP.TA,[2174.74427802],23
2025-01-23,TMRP.TA,[2173.97636137],24
2025-01-24,TMRP.TA,[2154.80033249],25
2025-01-25,TMRP.TA,[2172.50407973],26
2025-01-26,TMRP.TA,[2134.19450442],27
2025-01-27,TMRP.TA,[2184.18998557],28
2025-01-28,TMRP.TA,[2214.99281152],29
2025-01-29,TMRP.TA,[2228.87113206],30
2024-12-31,TRA.TA,[39.11289583],1
2025-01-01,TRA.TA,[36.26740366],2
2025-01-02,TRA.TA,[34.36662242],3
2025-01-03,TRA.TA,[33.15159411],4
2025-01-04,TRA.TA,[31.37471326],5
2025-01-05,TRA.TA,[33.91792031],6
2025-01-06,TRA.TA,[37.09072408],7
2025-01-07,TRA.TA,[36.73002839],8
2025-01-08,TRA.TA,[32.091754],9
2025-01-09,TRA.TA,[31.73188017],10
2025-01-10,TRA.TA,[28.9924859],11
2025-01-11,TRA.TA,[32.1947848],12
2025-01-12,TRA.TA,[30.94272827],13
2025-01-13,TRA.TA,[28.1775219],14
2025-01-14,TRA.TA,[27.6452001],15
2025-01-15,TRA.TA,[30.72411158],16
2025-01-16,TRA.TA,[29.08533896],17
2025-01-17,TRA.TA,[30.44001039],18
2025-01-18,TRA.TA,[30.64176157],19
2025-01-19,TRA.TA,[30.40709954],20
2025-01-20,TRA.TA,[30.45766933],21
2025-01-21,TRA.TA,[34.01489894],22
2025-01-22,TRA.TA,[35.66140266],23
2025-01-23,TRA.TA,[39.71373395],24
2025-01-24,TRA.TA,[42.70683844],25
2025-01-25,TRA.TA,[43.56949105],26
2025-01-26,TRA.TA,[46.0562909],27
2025-01-27,TRA.TA,[40.64961264],28
2025-01-28,TRA.TA,[43.15259199],29
2025-01-29,TRA.TA,[40.924367],30
2024-12-31,TATT.TA,[7547.88574708],1
2025-01-01,TATT.TA,[7477.57832599],2
2025-01-02,TATT.TA,[7650.29816169],3
2025-01-03,TATT.TA,[7798.00733071],4
2025-01-04,TATT.TA,[7578.97966265],5
2025-01-05,TATT.TA,[7514.36330167],6
2025-01-06,TATT.TA,[7317.30756894],7
2025-01-07,TATT.TA,[7274.91131935],8
2025-01-08,TATT.TA,[7054.3821793],9
2025-01-09,TATT.TA,[6870.30737032],10
2025-01-10,TATT.TA,[6956.21535625],11
2025-01-11,TATT.TA,[7073.98319349],12
2025-01-12,TATT.TA,[7284.57937896],13
2025-01-13,TATT.TA,[7191.74843542],14
2025-01-14,TATT.TA,[7384.66805976],15
2025-01-15,TATT.TA,[7551.78888525],16
2025-01-16,TATT.TA,[7577.87985336],17
2025-01-17,TATT.TA,[7547.36190083],18
2025-01-18,TATT.TA,[7584.5370099],19
2025-01-19,TATT.TA,[7406.08977682],20
2025-01-20,TATT.TA,[6967.22384706],21
2025-01-21,TATT.TA,[7072.91413063],22
2025-01-22,TATT.TA,[7238.18374242],23
2025-01-23,TATT.TA,[7812.30062951],24
2025-01-24,TATT.TA,[7706.01984235],25
2025-01-25,TATT.TA,[7896.91678273],26
2025-01-26,TATT.TA,[7977.88768496],27
2025-01-27,TATT.TA,[8190.09479408],28
2025-01-28,TATT.TA,[8797.10128173],29
2025-01-29,TATT.TA,[8915.2766776],30
2024-12-31,TAYA.TA,[6538.14763815],1
2025-01-01,TAYA.TA,[6506.847223],2
2025-01-02,TAYA.TA,[6584.12940904],3
2025-01-03,TAYA.TA,[6649.591391],4
2025-01-04,TAYA.TA,[6714.19135424],5
2025-01-05,TAYA.TA,[6744.8556948],6
2025-01-06,TAYA.TA,[6615.2573941],7
2025-01-07,TAYA.TA,[6731.58504647],8
2025-01-08,TAYA.TA,[6789.97476221],9
2025-01-09,TAYA.TA,[6899.57454219],10
2025-01-10,TAYA.TA,[7087.96335251],11
2025-01-11,TAYA.TA,[7223.1827495],12
2025-01-12,TAYA.TA,[7174.59137245],13
2025-01-13,TAYA.TA,[7230.14566984],14
2025-01-14,TAYA.TA,[7295.73734706],15
2025-01-15,TAYA.TA,[7435.74012178],16
2025-01-16,TAYA.TA,[7613.08581975],17
2025-01-17,TAYA.TA,[7777.51591766],18
2025-01-18,TAYA.TA,[7814.17082865],19
2025-01-19,TAYA.TA,[7862.9039014],20
2025-01-20,TAYA.TA,[8016.89570412],21
2025-01-21,TAYA.TA,[7878.68622224],22
2025-01-22,TAYA.TA,[7866.50054838],23
2025-01-23,TAYA.TA,[8010.24416787],24
2025-01-24,TAYA.TA,[7853.03395276],25
2025-01-25,TAYA.TA,[7861.16296796],26
2025-01-26,TAYA.TA,[7950.92656957],27
2025-01-27,TAYA.TA,[7860.49943876],28
2025-01-28,TAYA.TA,[7765.35135895],29
2025-01-29,TAYA.TA,[7748.91298442],30
2024-12-31,TNPV.TA,[834.48821598],1
2025-01-01,TNPV.TA,[529.05682901],2
2025-01-02,TNPV.TA,[-105.54672552],3
2025-01-03,TNPV.TA,[-53.18617052],4
2025-01-04,TNPV.TA,[-23.91621146],5
2025-01-05,TNPV.TA,[5.15337358],6
2025-01-06,TNPV.TA,[-0.23096616],7
2025-01-07,TNPV.TA,[-0.26935969],8
2025-01-08,TNPV.TA,[-0.18815533],9
2025-01-09,TNPV.TA,[-0.1692825],10
2025-01-10,TNPV.TA,[0.04733971],11
2025-01-11,TNPV.TA,[0.05164286],12
2025-01-12,TNPV.TA,[0.0498043],13
2025-01-13,TNPV.TA,[0.04499437],14
2025-01-14,TNPV.TA,[0.02232362],15
2025-01-15,TNPV.TA,[0.04073223],16
2025-01-16,TNPV.TA,[0.06143263],17
2025-01-17,TNPV.TA,[0.02003791],18
2025-01-18,TNPV.TA,[0.00085972],19
2025-01-19,TNPV.TA,[-2.51678323e-05],20
2025-01-20,TNPV.TA,[-1.60029887e-05],21
2025-01-21,TNPV.TA,[-1.63529927e-05],22
2025-01-22,TNPV.TA,[-7.4184334e-06],23
2025-01-23,TNPV.TA,[-3.77769133e-06],24
2025-01-24,TNPV.TA,[-1.78011811e-06],25
2025-01-25,TNPV.TA,[-2.65846157e-06],26
2025-01-26,TNPV.TA,[-5.8395837e-06],27
2025-01-27,TNPV.TA,[-1.14531367e-05],28
2025-01-28,TNPV.TA,[-1.97864934e-05],29
2025-01-29,TNPV.TA,[-3.12538374e-05],30
2024-12-31,TECT.TA,[493.92332948],1
2025-01-01,TECT.TA,[450.56723817],2
2025-01-02,TECT.TA,[456.87754227],3
2025-01-03,TECT.TA,[419.7109092],4
2025-01-04,TECT.TA,[362.84168782],5
2025-01-05,TECT.TA,[359.44491921],6
2025-01-06,TECT.TA,[364.99645596],7
2025-01-07,TECT.TA,[398.07092275],8
2025-01-08,TECT.TA,[411.00367544],9
2025-01-09,TECT.TA,[401.78789931],10
2025-01-10,TECT.TA,[475.14649368],11
2025-01-11,TECT.TA,[448.27057585],12
2025-01-12,TECT.TA,[467.39574875],13
2025-01-13,TECT.TA,[505.81639926],14
2025-01-14,TECT.TA,[454.85164543],15
2025-01-15,TECT.TA,[453.56014332],16
2025-01-16,TECT.TA,[476.65324422],17
2025-01-17,TECT.TA,[478.28063945],18
2025-01-18,TECT.TA,[502.11272426],19
2025-01-19,TECT.TA,[506.66324081],20
2025-01-20,TECT.TA,[534.86173393],21
2025-01-21,TECT.TA,[544.73528184],22
2025-01-22,TECT.TA,[540.22974766],23
2025-01-23,TECT.TA,[527.24524851],24
2025-01-24,TECT.TA,[497.67661004],25
2025-01-25,TECT.TA,[489.98054201],26
2025-01-26,TECT.TA,[529.62260996],27
2025-01-27,TECT.TA,[559.60563753],28
2025-01-28,TECT.TA,[495.85326085],29
2025-01-29,TECT.TA,[484.44549779],30
2024-12-31,TEDE.TA,[1148.35110116],1
2025-01-01,TEDE.TA,[1827.46745952],2
2025-01-02,TEDE.TA,[3616.59166504],3
2025-01-03,TEDE.TA,[1111.91011562],4
2025-01-04,TEDE.TA,[407.34772083],5
2025-01-05,TEDE.TA,[355.3349322],6
2025-01-06,TEDE.TA,[795.56622659],7
2025-01-07,TEDE.TA,[998.56785551],8
2025-01-08,TEDE.TA,[1603.48521318],9
2025-01-09,TEDE.TA,[938.10843931],10
2025-01-10,TEDE.TA,[1318.19162243],11
2025-01-11,TEDE.TA,[2702.65661911],12
2025-01-12,TEDE.TA,[1755.91940439],13
2025-01-13,TEDE.TA,[4651.87199663],14
2025-01-14,TEDE.TA,[6803.4520872],15
2025-01-15,TEDE.TA,[5924.60582604],16
2025-01-16,TEDE.TA,[5289.02619849],17
2025-01-17,TEDE.TA,[7844.70646876],18
2025-01-18,TEDE.TA,[12347.88831575],19
2025-01-19,TEDE.TA,[10449.85292318],20
2025-01-20,TEDE.TA,[26633.74215282],21
2025-01-21,TEDE.TA,[26956.55458276],22
2025-01-22,TEDE.TA,[56389.12507907],23
2025-01-23,TEDE.TA,[70008.86144737],24
2025-01-24,TEDE.TA,[155915.41592061],25
2025-01-25,TEDE.TA,[229702.37528292],26
2025-01-26,TEDE.TA,[-121487.92056731],27
2025-01-27,TEDE.TA,[-63968.72189688],28
2025-01-28,TEDE.TA,[-66061.33514522],29
2025-01-29,TEDE.TA,[-52322.72178567],30
2024-12-31,TFRLF.TA,[3062.00090469],1
2025-01-01,TFRLF.TA,[3111.88950458],2
2025-01-02,TFRLF.TA,[3122.22948068],3
2025-01-03,TFRLF.TA,[3088.94532156],4
2025-01-04,TFRLF.TA,[3173.86231322],5
2025-01-05,TFRLF.TA,[3215.55549225],6
2025-01-06,TFRLF.TA,[3188.46050811],7
2025-01-07,TFRLF.TA,[3197.98512642],8
2025-01-08,TFRLF.TA,[3203.47146924],9
2025-01-09,TFRLF.TA,[3226.5565839],10
2025-01-10,TFRLF.TA,[3249.67835299],11
2025-01-11,TFRLF.TA,[3259.79621424],12
2025-01-12,TFRLF.TA,[3266.33335907],13
2025-01-13,TFRLF.TA,[3360.51347919],14
2025-01-14,TFRLF.TA,[3368.30235294],15
2025-01-15,TFRLF.TA,[3413.42666802],16
2025-01-16,TFRLF.TA,[3387.76965855],17
2025-01-17,TFRLF.TA,[3358.67013055],18
2025-01-18,TFRLF.TA,[3414.25376795],19
2025-01-19,TFRLF.TA,[3410.4376817],20
2025-01-20,TFRLF.TA,[3440.00022473],21
2025-01-21,TFRLF.TA,[3473.91024617],22
2025-01-22,TFRLF.TA,[3429.8182876],23
2025-01-23,TFRLF.TA,[3394.4569025],24
2025-01-24,TFRLF.TA,[3357.8864598],25
2025-01-25,TFRLF.TA,[3334.65091271],26
2025-01-26,TFRLF.TA,[3321.91275925],27
2025-01-27,TFRLF.TA,[3336.55935711],28
2025-01-28,TFRLF.TA,[3337.63007964],29
2025-01-29,TFRLF.TA,[3315.43530939],30
2024-12-31,TLSY.TA,[17842.95090191],1
2025-01-01,TLSY.TA,[17499.52256436],2
2025-01-02,TLSY.TA,[18060.28901543],3
2025-01-03,TLSY.TA,[18284.64475652],4
2025-01-04,TLSY.TA,[19248.79572161],5
2025-01-05,TLSY.TA,[19001.9106826],6
2025-01-06,TLSY.TA,[19419.06237935],7
2025-01-07,TLSY.TA,[20103.36508146],8
2025-01-08,TLSY.TA,[21265.31435003],9
2025-01-09,TLSY.TA,[20366.97413405],10
2025-01-10,TLSY.TA,[20990.40086735],11
2025-01-11,TLSY.TA,[20795.210515],12
2025-01-12,TLSY.TA,[20514.58297853],13
2025-01-13,TLSY.TA,[20199.65743206],14
2025-01-14,TLSY.TA,[20195.53456658],15
2025-01-15,TLSY.TA,[21116.8228664],16
2025-01-16,TLSY.TA,[20740.77891954],17
2025-01-17,TLSY.TA,[20674.74089257],18
2025-01-18,TLSY.TA,[20456.22160152],19
2025-01-19,TLSY.TA,[20001.68541126],20
2025-01-20,TLSY.TA,[19970.03792314],21
2025-01-21,TLSY.TA,[20291.78285157],22
2025-01-22,TLSY.TA,[20664.82781886],23
2025-01-23,TLSY.TA,[20347.25201513],24
2025-01-24,TLSY.TA,[20569.47209572],25
2025-01-25,TLSY.TA,[20372.11592129],26
2025-01-26,TLSY.TA,[20330.60984916],27
2025-01-27,TLSY.TA,[20369.8342307],28
2025-01-28,TLSY.TA,[20286.26520917],29
2025-01-29,TLSY.TA,[20121.26200377],30
2024-12-31,TRLT.TA,[645.38549659],1
2025-01-01,TRLT.TA,[649.283425],2
2025-01-02,TRLT.TA,[658.98659076],3
2025-01-03,TRLT.TA,[664.60085203],4
2025-01-04,TRLT.TA,[665.69312035],5
2025-01-05,TRLT.TA,[668.70134848],6
2025-01-06,TRLT.TA,[664.13039775],7
2025-01-07,TRLT.TA,[663.36629628],8
2025-01-08,TRLT.TA,[666.80762943],9
2025-01-09,TRLT.TA,[667.63536293],10
2025-01-10,TRLT.TA,[664.44350075],11
2025-01-11,TRLT.TA,[670.7971734],12
2025-01-12,TRLT.TA,[668.99600819],13
2025-01-13,TRLT.TA,[662.22111497],14
2025-01-14,TRLT.TA,[680.74332886],15
2025-01-15,TRLT.TA,[681.19352561],16
2025-01-16,TRLT.TA,[688.11247677],17
2025-01-17,TRLT.TA,[676.19811273],18
2025-01-18,TRLT.TA,[676.54425938],19
2025-01-19,TRLT.TA,[670.43345701],20
2025-01-20,TRLT.TA,[664.2020137],21
2025-01-21,TRLT.TA,[670.29619389],22
2025-01-22,TRLT.TA,[667.65222474],23
2025-01-23,TRLT.TA,[663.72444053],24
2025-01-24,TRLT.TA,[667.21450225],25
2025-01-25,TRLT.TA,[661.98781328],26
2025-01-26,TRLT.TA,[654.84996669],27
2025-01-27,TRLT.TA,[661.22038021],28
2025-01-28,TRLT.TA,[660.05076954],29
2025-01-29,TRLT.TA,[660.25922431],30
2024-12-31,TRX.TA,[425.96476345],1
2025-01-01,TRX.TA,[437.72311596],2
2025-01-02,TRX.TA,[422.71848099],3
2025-01-03,TRX.TA,[417.64448374],4
2025-01-04,TRX.TA,[411.84064732],5
2025-01-05,TRX.TA,[428.64068394],6
2025-01-06,TRX.TA,[429.24995961],7
2025-01-07,TRX.TA,[438.70652878],8
2025-01-08,TRX.TA,[440.15295705],9
2025-01-09,TRX.TA,[427.35747768],10
2025-01-10,TRX.TA,[449.82605372],11
2025-01-11,TRX.TA,[444.99366797],12
2025-01-12,TRX.TA,[437.28000219],13
2025-01-13,TRX.TA,[453.45296049],14
2025-01-14,TRX.TA,[437.77349066],15
2025-01-15,TRX.TA,[438.35702201],16
2025-01-16,TRX.TA,[436.15106562],17
2025-01-17,TRX.TA,[440.77557817],18
2025-01-18,TRX.TA,[432.10425824],19
2025-01-19,TRX.TA,[427.213093],20
2025-01-20,TRX.TA,[398.65383782],21
2025-01-21,TRX.TA,[408.02077494],22
2025-01-22,TRX.TA,[411.67584661],23
2025-01-23,TRX.TA,[414.42605909],24
2025-01-24,TRX.TA,[387.70757853],25
2025-01-25,TRX.TA,[378.81083581],26
2025-01-26,TRX.TA,[377.96810672],27
2025-01-27,TRX.TA,[368.12977583],28
2025-01-28,TRX.TA,[374.04745612],29
2025-01-29,TRX.TA,[359.80051912],30
2024-12-31,TUZA.TA,[38.55127097],1
2025-01-01,TUZA.TA,[38.48721958],2
2025-01-02,TUZA.TA,[36.73344335],3
2025-01-03,TUZA.TA,[38.02665344],4
2025-01-04,TUZA.TA,[37.51705042],5
2025-01-05,TUZA.TA,[36.15596246],6
2025-01-06,TUZA.TA,[35.07108709],7
2025-01-07,TUZA.TA,[35.43453616],8
2025-01-08,TUZA.TA,[36.20392361],9
2025-01-09,TUZA.TA,[36.56093497],10
2025-01-10,TUZA.TA,[36.25006465],11
2025-01-11,TUZA.TA,[35.13884612],12
2025-01-12,TUZA.TA,[35.63256158],13
2025-01-13,TUZA.TA,[34.83998253],14
2025-01-14,TUZA.TA,[33.68965524],15
2025-01-15,TUZA.TA,[33.5545711],16
2025-01-16,TUZA.TA,[34.21075615],17
2025-01-17,TUZA.TA,[34.50258695],18
2025-01-18,TUZA.TA,[32.7404964],19
2025-01-19,TUZA.TA,[31.75499539],20
2025-01-20,TUZA.TA,[32.27547855],21
2025-01-21,TUZA.TA,[32.40646722],22
2025-01-22,TUZA.TA,[32.30099243],23
2025-01-23,TUZA.TA,[32.01533745],24
2025-01-24,TUZA.TA,[31.91656174],25
2025-01-25,TUZA.TA,[31.70259836],26
2025-01-26,TUZA.TA,[33.10020552],27
2025-01-27,TUZA.TA,[32.85186586],28
2025-01-28,TUZA.TA,[31.75192333],29
2025-01-29,TUZA.TA,[31.29990785],30
2024-12-31,TEVA.TA,[7650.54489529],1
2025-01-01,TEVA.TA,[7743.04147547],2
2025-01-02,TEVA.TA,[7768.73334102],3
2025-01-03,TEVA.TA,[7704.31092717],4
2025-01-04,TEVA.TA,[7762.50383578],5
2025-01-05,TEVA.TA,[7919.56439257],6
2025-01-06,TEVA.TA,[8005.89436542],7
2025-01-07,TEVA.TA,[8027.75263772],8
2025-01-08,TEVA.TA,[8119.75974251],9
2025-01-09,TEVA.TA,[8216.6920831],10
2025-01-10,TEVA.TA,[8086.22230664],11
2025-01-11,TEVA.TA,[7988.83059334],12
2025-01-12,TEVA.TA,[7879.98566645],13
2025-01-13,TEVA.TA,[7760.41986991],14
2025-01-14,TEVA.TA,[7785.26631524],15
2025-01-15,TEVA.TA,[7943.38935948],16
2025-01-16,TEVA.TA,[8080.45826614],17
2025-01-17,TEVA.TA,[8275.30939716],18
2025-01-18,TEVA.TA,[8311.39481092],19
2025-01-19,TEVA.TA,[8301.8390946],20
2025-01-20,TEVA.TA,[8305.9310446],21
2025-01-21,TEVA.TA,[8191.26320822],22
2025-01-22,TEVA.TA,[8166.46167697],23
2025-01-23,TEVA.TA,[7996.17774009],24
2025-01-24,TEVA.TA,[8208.0084767],25
2025-01-25,TEVA.TA,[8437.14452501],26
2025-01-26,TEVA.TA,[8454.43267616],27
2025-01-27,TEVA.TA,[8378.62152148],28
2025-01-28,TEVA.TA,[8202.08946663],29
2025-01-29,TEVA.TA,[8194.83174604],30
2024-12-31,TGI.TA,[177.49627813],1
2025-01-01,TGI.TA,[173.42867663],2
2025-01-02,TGI.TA,[180.44610697],3
2025-01-03,TGI.TA,[182.43901475],4
2025-01-04,TGI.TA,[183.87225346],5
2025-01-05,TGI.TA,[192.68638876],6
2025-01-06,TGI.TA,[197.57683633],7
2025-01-07,TGI.TA,[203.10593135],8
2025-01-08,TGI.TA,[203.05888089],9
2025-01-09,TGI.TA,[205.15308707],10
2025-01-10,TGI.TA,[198.90092804],11
2025-01-11,TGI.TA,[199.61858669],12
2025-01-12,TGI.TA,[200.94549255],13
2025-01-13,TGI.TA,[201.02516299],14
2025-01-14,TGI.TA,[209.6607974],15
2025-01-15,TGI.TA,[213.63578058],16
2025-01-16,TGI.TA,[220.32513812],17
2025-01-17,TGI.TA,[223.74028111],18
2025-01-18,TGI.TA,[227.58427088],19
2025-01-19,TGI.TA,[220.12627317],20
2025-01-20,TGI.TA,[219.27795199],21
2025-01-21,TGI.TA,[218.12584898],22
2025-01-22,TGI.TA,[218.47084135],23
2025-01-23,TGI.TA,[211.67121836],24
2025-01-24,TGI.TA,[212.96302169],25
2025-01-25,TGI.TA,[210.62130679],26
2025-01-26,TGI.TA,[216.67766963],27
2025-01-27,TGI.TA,[210.47130905],28
2025-01-28,TGI.TA,[221.46593051],29
2025-01-29,TGI.TA,[220.35625528],30
2024-12-31,ILCO.TA,[91337.77336456],1
2025-01-01,ILCO.TA,[89063.77011881],2
2025-01-02,ILCO.TA,[92275.32749989],3
2025-01-03,ILCO.TA,[96668.28014603],4
2025-01-04,ILCO.TA,[98712.535496],5
2025-01-05,ILCO.TA,[96461.84883222],6
2025-01-06,ILCO.TA,[98631.3515648],7
2025-01-07,ILCO.TA,[100006.17356137],8
2025-01-08,ILCO.TA,[103215.19275472],9
2025-01-09,ILCO.TA,[105419.75431096],10
2025-01-10,ILCO.TA,[108244.14028497],11
2025-01-11,ILCO.TA,[109844.27480555],12
2025-01-12,ILCO.TA,[109416.09722739],13
2025-01-13,ILCO.TA,[117025.22918561],14
2025-01-14,ILCO.TA,[115647.67665169],15
2025-01-15,ILCO.TA,[116743.31002816],16
2025-01-16,ILCO.TA,[119684.38446082],17
2025-01-17,ILCO.TA,[122600.04323073],18
2025-01-18,ILCO.TA,[119791.16173184],19
2025-01-19,ILCO.TA,[113148.21186085],20
2025-01-20,ILCO.TA,[112308.87697233],21
2025-01-21,ILCO.TA,[107979.20023598],22
2025-01-22,ILCO.TA,[106402.17659114],23
2025-01-23,ILCO.TA,[106765.76485063],24
2025-01-24,ILCO.TA,[107443.27540182],25
2025-01-25,ILCO.TA,[110496.62673276],26
2025-01-26,ILCO.TA,[113114.08563348],27
2025-01-27,ILCO.TA,[114715.23683795],28
2025-01-28,ILCO.TA,[110688.61478477],29
2025-01-29,ILCO.TA,[110504.9559237],30
2024-12-31,TMIS.TA,[1640.68399166],1
2025-01-01,TMIS.TA,[1657.08547018],2
2025-01-02,TMIS.TA,[1829.92343116],3
2025-01-03,TMIS.TA,[1870.42124539],4
2025-01-04,TMIS.TA,[1932.67209248],5
2025-01-05,TMIS.TA,[1913.096016],6
2025-01-06,TMIS.TA,[1973.66518817],7
2025-01-07,TMIS.TA,[2010.16306557],8
2025-01-08,TMIS.TA,[2032.34849079],9
2025-01-09,TMIS.TA,[1831.49350398],10
2025-01-10,TMIS.TA,[1805.47841231],11
2025-01-11,TMIS.TA,[1786.0331638],12
2025-01-12,TMIS.TA,[1854.28902445],13
2025-01-13,TMIS.TA,[1749.26398966],14
2025-01-14,TMIS.TA,[1761.83993788],15
2025-01-15,TMIS.TA,[1842.84645445],16
2025-01-16,TMIS.TA,[1958.93173374],17
2025-01-17,TMIS.TA,[1990.31557606],18
2025-01-18,TMIS.TA,[2023.63034208],19
2025-01-19,TMIS.TA,[2002.16222736],20
2025-01-20,TMIS.TA,[1886.41285739],21
2025-01-21,TMIS.TA,[2051.43365951],22
2025-01-22,TMIS.TA,[2060.0823128],23
2025-01-23,TMIS.TA,[2006.78762757],24
2025-01-24,TMIS.TA,[1687.66008603],25
2025-01-25,TMIS.TA,[1685.21578965],26
2025-01-26,TMIS.TA,[1640.22156482],27
2025-01-27,TMIS.TA,[1430.30926289],28
2025-01-28,TMIS.TA,[1374.79495509],29
2025-01-29,TMIS.TA,[1340.57635037],30
2024-12-31,THES.TA,[349.51288609],1
2025-01-01,THES.TA,[347.65669391],2
2025-01-02,THES.TA,[348.93847537],3
2025-01-03,THES.TA,[355.96387627],4
2025-01-04,THES.TA,[355.50389879],5
2025-01-05,THES.TA,[360.05720676],6
2025-01-06,THES.TA,[382.91322501],7
2025-01-07,THES.TA,[365.09175981],8
2025-01-08,THES.TA,[348.18943975],9
2025-01-09,THES.TA,[351.32748628],10
2025-01-10,THES.TA,[341.934847],11
2025-01-11,THES.TA,[319.40817877],12
2025-01-12,THES.TA,[324.15459171],13
2025-01-13,THES.TA,[323.69690799],14
2025-01-14,THES.TA,[338.1546002],15
2025-01-15,THES.TA,[347.29243683],16
2025-01-16,THES.TA,[322.13205817],17
2025-01-17,THES.TA,[315.92488169],18
2025-01-18,THES.TA,[329.9618526],19
2025-01-19,THES.TA,[333.67875526],20
2025-01-20,THES.TA,[343.9764654],21
2025-01-21,THES.TA,[336.72066329],22
2025-01-22,THES.TA,[344.87554683],23
2025-01-23,THES.TA,[342.01999289],24
2025-01-24,THES.TA,[349.31149813],25
2025-01-25,THES.TA,[347.11819545],26
2025-01-26,THES.TA,[349.7809222],27
2025-01-27,THES.TA,[328.37445766],28
2025-01-28,THES.TA,[313.37254883],29
2025-01-29,THES.TA,[300.36254974],30
2024-12-31,TIGBUR.TA,[5243.21969895],1
2025-01-01,TIGBUR.TA,[5249.67205337],2
2025-01-02,TIGBUR.TA,[5432.44142222],3
2025-01-03,TIGBUR.TA,[5543.75516597],4
2025-01-04,TIGBUR.TA,[5486.2780157],5
2025-01-05,TIGBUR.TA,[5453.77321366],6
2025-01-06,TIGBUR.TA,[5547.4613355],7
2025-01-07,TIGBUR.TA,[5542.94620472],8
2025-01-08,TIGBUR.TA,[5426.415924],9
2025-01-09,TIGBUR.TA,[5538.85203332],10
2025-01-10,TIGBUR.TA,[5322.17219977],11
2025-01-11,TIGBUR.TA,[5246.1547372],12
2025-01-12,TIGBUR.TA,[5258.97982338],13
2025-01-13,TIGBUR.TA,[5220.05544959],14
2025-01-14,TIGBUR.TA,[5358.94348096],15
2025-01-15,TIGBUR.TA,[5378.73252571],16
2025-01-16,TIGBUR.TA,[5326.80443698],17
2025-01-17,TIGBUR.TA,[5341.04380929],18
2025-01-18,TIGBUR.TA,[5304.68334813],19
2025-01-19,TIGBUR.TA,[5446.53689586],20
2025-01-20,TIGBUR.TA,[5378.23194957],21
2025-01-21,TIGBUR.TA,[5404.66401596],22
2025-01-22,TIGBUR.TA,[5422.43035793],23
2025-01-23,TIGBUR.TA,[5479.71736655],24
2025-01-24,TIGBUR.TA,[5417.2228973],25
2025-01-25,TIGBUR.TA,[5404.3327372],26
2025-01-26,TIGBUR.TA,[5480.99747024],27
2025-01-27,TIGBUR.TA,[5353.74816774],28
2025-01-28,TIGBUR.TA,[5406.92137129],29
2025-01-29,TIGBUR.TA,[5504.57608315],30
2024-12-31,TIGI.TA,[713.42538993],1
2025-01-01,TIGI.TA,[693.68656309],2
2025-01-02,TIGI.TA,[731.33484416],3
2025-01-03,TIGI.TA,[701.91569711],4
2025-01-04,TIGI.TA,[690.95053071],5
2025-01-05,TIGI.TA,[734.28069915],6
2025-01-06,TIGI.TA,[834.57972871],7
2025-01-07,TIGI.TA,[828.937074],8
2025-01-08,TIGI.TA,[842.9416741],9
2025-01-09,TIGI.TA,[869.45083404],10
2025-01-10,TIGI.TA,[876.66728272],11
2025-01-11,TIGI.TA,[943.51819315],12
2025-01-12,TIGI.TA,[966.65543896],13
2025-01-13,TIGI.TA,[1051.63063762],14
2025-01-14,TIGI.TA,[1010.03202878],15
2025-01-15,TIGI.TA,[1047.14722655],16
2025-01-16,TIGI.TA,[1051.47415136],17
2025-01-17,TIGI.TA,[1030.24920322],18
2025-01-18,TIGI.TA,[1084.84306928],19
2025-01-19,TIGI.TA,[967.19579081],20
2025-01-20,TIGI.TA,[939.2338942],21
2025-01-21,TIGI.TA,[981.8475576],22
2025-01-22,TIGI.TA,[953.16480854],23
2025-01-23,TIGI.TA,[1020.60831297],24
2025-01-24,TIGI.TA,[998.85944022],25
2025-01-25,TIGI.TA,[1085.85399074],26
2025-01-26,TIGI.TA,[1033.06676296],27
2025-01-27,TIGI.TA,[1041.04839801],28
2025-01-28,TIGI.TA,[1020.78889947],29
2025-01-29,TIGI.TA,[1033.27643602],30
2024-12-31,TKUN.TA,[145.57097844],1
2025-01-01,TKUN.TA,[370.49576896],2
2025-01-02,TKUN.TA,[-58.25560867],3
2025-01-03,TKUN.TA,[4.2016614],4
2025-01-04,TKUN.TA,[-1.67412269],5
2025-01-05,TKUN.TA,[3.03755142],6
2025-01-06,TKUN.TA,[1.73013098],7
2025-01-07,TKUN.TA,[0.96758391],8
2025-01-08,TKUN.TA,[2.11595883],9
2025-01-09,TKUN.TA,[3.95629306],10
2025-01-10,TKUN.TA,[8.39703778],11
2025-01-11,TKUN.TA,[14.31254475],12
2025-01-12,TKUN.TA,[19.96696309],13
2025-01-13,TKUN.TA,[17.407282],14
2025-01-14,TKUN.TA,[10.05230603],15
2025-01-15,TKUN.TA,[3.9941408],16
2025-01-16,TKUN.TA,[9.99045242],17
2025-01-17,TKUN.TA,[3.89720653],18
2025-01-18,TKUN.TA,[6.82073724],19
2025-01-19,TKUN.TA,[11.42397648],20
2025-01-20,TKUN.TA,[19.28601871],21
2025-01-21,TKUN.TA,[14.91708881],22
2025-01-22,TKUN.TA,[10.66434704],23
2025-01-23,TKUN.TA,[8.42832839],24
2025-01-24,TKUN.TA,[11.41653879],25
2025-01-25,TKUN.TA,[9.85876342],26
2025-01-26,TKUN.TA,[5.25670293],27
2025-01-27,TKUN.TA,[13.41677687],28
2025-01-28,TKUN.TA,[22.9099557],29
2025-01-29,TKUN.TA,[26.67087805],30
2024-12-31,TTAM.TA,[650.43430768],1
2025-01-01,TTAM.TA,[677.06585524],2
2025-01-02,TTAM.TA,[669.99297857],3
2025-01-03,TTAM.TA,[670.05578277],4
2025-01-04,TTAM.TA,[679.48471553],5
2025-01-05,TTAM.TA,[667.80695699],6
2025-01-06,TTAM.TA,[679.48462587],7
2025-01-07,TTAM.TA,[672.71676864],8
2025-01-08,TTAM.TA,[698.59874901],9
2025-01-09,TTAM.TA,[687.39381788],10
2025-01-10,TTAM.TA,[696.4448085],11
2025-01-11,TTAM.TA,[684.95007935],12
2025-01-12,TTAM.TA,[677.73955773],13
2025-01-13,TTAM.TA,[688.60464788],14
2025-01-14,TTAM.TA,[680.21460234],15
2025-01-15,TTAM.TA,[679.45461876],16
2025-01-16,TTAM.TA,[675.32500357],17
2025-01-17,TTAM.TA,[654.28294813],18
2025-01-18,TTAM.TA,[668.44475604],19
2025-01-19,TTAM.TA,[661.68964346],20
2025-01-20,TTAM.TA,[656.70768546],21
2025-01-21,TTAM.TA,[649.6240154],22
2025-01-22,TTAM.TA,[647.42264306],23
2025-01-23,TTAM.TA,[661.17033766],24
2025-01-24,TTAM.TA,[648.31851962],25
2025-01-25,TTAM.TA,[616.57221607],26
2025-01-26,TTAM.TA,[613.52564462],27
2025-01-27,TTAM.TA,[616.152631],28
2025-01-28,TTAM.TA,[599.3019596],29
2025-01-29,TTAM.TA,[575.31702968],30
2024-12-31,TGTR.TA,[397.68411666],1
2025-01-01,TGTR.TA,[417.00483846],2
2025-01-02,TGTR.TA,[431.98870389],3
2025-01-03,TGTR.TA,[445.47562785],4
2025-01-04,TGTR.TA,[441.90687195],5
2025-01-05,TGTR.TA,[406.95364781],6
2025-01-06,TGTR.TA,[394.25793166],7
2025-01-07,TGTR.TA,[409.6835502],8
2025-01-08,TGTR.TA,[448.80143414],9
2025-01-09,TGTR.TA,[421.2105882],10
2025-01-10,TGTR.TA,[412.51145623],11
2025-01-11,TGTR.TA,[410.36579347],12
2025-01-12,TGTR.TA,[391.87151423],13
2025-01-13,TGTR.TA,[383.76966135],14
2025-01-14,TGTR.TA,[361.41359475],15
2025-01-15,TGTR.TA,[371.41057665],16
2025-01-16,TGTR.TA,[342.60594053],17
2025-01-17,TGTR.TA,[340.97922794],18
2025-01-18,TGTR.TA,[319.39438076],19
2025-01-19,TGTR.TA,[315.63310167],20
2025-01-20,TGTR.TA,[302.5823488],21
2025-01-21,TGTR.TA,[287.48305127],22
2025-01-22,TGTR.TA,[285.20404935],23
2025-01-23,TGTR.TA,[285.55941269],24
2025-01-24,TGTR.TA,[284.85246463],25
2025-01-25,TGTR.TA,[280.50799695],26
2025-01-26,TGTR.TA,[269.85348022],27
2025-01-27,TGTR.TA,[276.8787551],28
2025-01-28,TGTR.TA,[265.93891816],29
2025-01-29,TGTR.TA,[264.94447475],30
2024-12-31,TOEN.TA,[1736.23371736],1
2025-01-01,TOEN.TA,[1763.69398198],2
2025-01-02,TOEN.TA,[1739.91719306],3
2025-01-03,TOEN.TA,[1752.56978449],4
2025-01-04,TOEN.TA,[1771.23486827],5
2025-01-05,TOEN.TA,[1773.82445304],6
2025-01-06,TOEN.TA,[1752.98169595],7
2025-01-07,TOEN.TA,[1756.09760069],8
2025-01-08,TOEN.TA,[1768.73457944],9
2025-01-09,TOEN.TA,[1697.26581617],10
2025-01-10,TOEN.TA,[1675.0362615],11
2025-01-11,TOEN.TA,[1684.62559375],12
2025-01-12,TOEN.TA,[1766.98334703],13
2025-01-13,TOEN.TA,[1736.85533842],14
2025-01-14,TOEN.TA,[1769.42005331],15
2025-01-15,TOEN.TA,[1725.45993082],16
2025-01-16,TOEN.TA,[1763.20091371],17
2025-01-17,TOEN.TA,[1739.80374149],18
2025-01-18,TOEN.TA,[1747.26115102],19
2025-01-19,TOEN.TA,[1778.09888065],20
2025-01-20,TOEN.TA,[1795.07842793],21
2025-01-21,TOEN.TA,[1798.79786342],22
2025-01-22,TOEN.TA,[1834.83213888],23
2025-01-23,TOEN.TA,[1883.36049625],24
2025-01-24,TOEN.TA,[1895.65551809],25
2025-01-25,TOEN.TA,[1816.59635897],26
2025-01-26,TOEN.TA,[1817.50629864],27
2025-01-27,TOEN.TA,[1824.48186279],28
2025-01-28,TOEN.TA,[1882.53828108],29
2025-01-29,TOEN.TA,[1892.9708703],30
2024-12-31,TNDO.TA,[379.36257483],1
2025-01-01,TNDO.TA,[368.81167261],2
2025-01-02,TNDO.TA,[373.17312763],3
2025-01-03,TNDO.TA,[371.90535268],4
2025-01-04,TNDO.TA,[383.68198035],5
2025-01-05,TNDO.TA,[396.61549725],6
2025-01-06,TNDO.TA,[413.25613424],7
2025-01-07,TNDO.TA,[407.27015556],8
2025-01-08,TNDO.TA,[397.43490804],9
2025-01-09,TNDO.TA,[385.46372106],10
2025-01-10,TNDO.TA,[405.93094592],11
2025-01-11,TNDO.TA,[405.03859663],12
2025-01-12,TNDO.TA,[393.07935534],13
2025-01-13,TNDO.TA,[403.14553895],14
2025-01-14,TNDO.TA,[416.22808859],15
2025-01-15,TNDO.TA,[427.3813583],16
2025-01-16,TNDO.TA,[431.3609015],17
2025-01-17,TNDO.TA,[409.48332808],18
2025-01-18,TNDO.TA,[398.50739352],19
2025-01-19,TNDO.TA,[419.0063283],20
2025-01-20,TNDO.TA,[429.33968475],21
2025-01-21,TNDO.TA,[430.2752572],22
2025-01-22,TNDO.TA,[448.13159036],23
2025-01-23,TNDO.TA,[464.92686821],24
2025-01-24,TNDO.TA,[461.09878793],25
2025-01-25,TNDO.TA,[450.84984368],26
2025-01-26,TNDO.TA,[451.43396653],27
2025-01-27,TNDO.TA,[456.17883803],28
2025-01-28,TNDO.TA,[433.99246929],29
2025-01-29,TNDO.TA,[420.56149924],30
2024-12-31,TOPS.TA,[1074.77059372],1
2025-01-01,TOPS.TA,[1093.18657618],2
2025-01-02,TOPS.TA,[1098.16344953],3
2025-01-03,TOPS.TA,[1112.4020844],4
2025-01-04,TOPS.TA,[1097.86184771],5
2025-01-05,TOPS.TA,[1076.69985863],6
2025-01-06,TOPS.TA,[1054.93318488],7
2025-01-07,TOPS.TA,[1040.49658768],8
2025-01-08,TOPS.TA,[1044.72157006],9
2025-01-09,TOPS.TA,[1068.93621546],10
2025-01-10,TOPS.TA,[1083.62065497],11
2025-01-11,TOPS.TA,[1107.12744314],12
2025-01-12,TOPS.TA,[1118.78627761],13
2025-01-13,TOPS.TA,[1110.81450706],14
2025-01-14,TOPS.TA,[1126.83138015],15
2025-01-15,TOPS.TA,[1118.81875814],16
2025-01-16,TOPS.TA,[1078.06255174],17
2025-01-17,TOPS.TA,[1107.4777628],18
2025-01-18,TOPS.TA,[1089.53199251],19
2025-01-19,TOPS.TA,[1079.96780401],20
2025-01-20,TOPS.TA,[1058.54356057],21
2025-01-21,TOPS.TA,[1069.80243635],22
2025-01-22,TOPS.TA,[1056.62273701],23
2025-01-23,TOPS.TA,[1073.44844464],24
2025-01-24,TOPS.TA,[1058.99310465],25
2025-01-25,TOPS.TA,[1028.66262628],26
2025-01-26,TOPS.TA,[1029.50348502],27
2025-01-27,TOPS.TA,[1033.0831638],28
2025-01-28,TOPS.TA,[1006.87449344],29
2025-01-29,TOPS.TA,[1028.19390449],30
2024-12-31,TSEM.TA,[17985.52979222],1
2025-01-01,TSEM.TA,[18400.11006861],2
2025-01-02,TSEM.TA,[18203.48626772],3
2025-01-03,TSEM.TA,[18103.11307191],4
2025-01-04,TSEM.TA,[18196.4500841],5
2025-01-05,TSEM.TA,[17845.32112832],6
2025-01-06,TSEM.TA,[17788.51009151],7
2025-01-07,TSEM.TA,[18525.74742691],8
2025-01-08,TSEM.TA,[17737.30619356],9
2025-01-09,TSEM.TA,[18132.09646049],10
2025-01-10,TSEM.TA,[18355.82003543],11
2025-01-11,TSEM.TA,[18255.08712075],12
2025-01-12,TSEM.TA,[18246.84529953],13
2025-01-13,TSEM.TA,[18589.72154852],14
2025-01-14,TSEM.TA,[18590.84477986],15
2025-01-15,TSEM.TA,[18957.3672776],16
2025-01-16,TSEM.TA,[19021.84797932],17
2025-01-17,TSEM.TA,[19338.42069968],18
2025-01-18,TSEM.TA,[19177.16424402],19
2025-01-19,TSEM.TA,[19303.59754557],20
2025-01-20,TSEM.TA,[19466.60352364],21
2025-01-21,TSEM.TA,[19169.83020161],22
2025-01-22,TSEM.TA,[19258.42654638],23
2025-01-23,TSEM.TA,[18383.36124456],24
2025-01-24,TSEM.TA,[18457.39689272],25
2025-01-25,TSEM.TA,[18274.39871644],26
2025-01-26,TSEM.TA,[18581.5873635],27
2025-01-27,TSEM.TA,[18477.74931207],28
2025-01-28,TSEM.TA,[18413.50700745],29
2025-01-29,TSEM.TA,[18605.10131868],30
2024-12-31,TRAN.TA,[116.39169654],1
2025-01-01,TRAN.TA,[116.46591774],2
2025-01-02,TRAN.TA,[95.8402228],3
2025-01-03,TRAN.TA,[105.20850316],4
2025-01-04,TRAN.TA,[109.30645387],5
2025-01-05,TRAN.TA,[122.47980949],6
2025-01-06,TRAN.TA,[116.24979159],7
2025-01-07,TRAN.TA,[106.75161182],8
2025-01-08,TRAN.TA,[92.12474137],9
2025-01-09,TRAN.TA,[106.48637278],10
2025-01-10,TRAN.TA,[106.63883709],11
2025-01-11,TRAN.TA,[111.74763123],12
2025-01-12,TRAN.TA,[97.33460322],13
2025-01-13,TRAN.TA,[100.37403002],14
2025-01-14,TRAN.TA,[94.61354063],15
2025-01-15,TRAN.TA,[101.52160793],16
2025-01-16,TRAN.TA,[101.01611023],17
2025-01-17,TRAN.TA,[104.26706725],18
2025-01-18,TRAN.TA,[98.6473411],19
2025-01-19,TRAN.TA,[111.48756382],20
2025-01-20,TRAN.TA,[125.65160954],21
2025-01-21,TRAN.TA,[140.80776624],22
2025-01-22,TRAN.TA,[142.75029608],23
2025-01-23,TRAN.TA,[144.50610164],24
2025-01-24,TRAN.TA,[141.12633961],25
2025-01-25,TRAN.TA,[113.58810933],26
2025-01-26,TRAN.TA,[116.17976268],27
2025-01-27,TRAN.TA,[87.26053729],28
2025-01-28,TRAN.TA,[84.54747026],29
2025-01-29,TRAN.TA,[91.4585832],30
2024-12-31,TSG.TA,[16448.50711906],1
2025-01-01,TSG.TA,[16436.58428301],2
2025-01-02,TSG.TA,[16439.75664235],3
2025-01-03,TSG.TA,[16421.00102359],4
2025-01-04,TSG.TA,[16427.45400431],5
2025-01-05,TSG.TA,[16416.14853771],6
2025-01-06,TSG.TA,[16415.29702061],7
2025-01-07,TSG.TA,[16394.97338431],8
2025-01-08,TSG.TA,[16402.65792661],9
2025-01-09,TSG.TA,[16405.25095411],10
2025-01-10,TSG.TA,[16399.13570331],11
2025-01-11,TSG.TA,[16397.34529344],12
2025-01-12,TSG.TA,[16374.95873165],13
2025-01-13,TSG.TA,[16372.52093651],14
2025-01-14,TSG.TA,[16371.70040592],15
2025-01-15,TSG.TA,[16365.28868858],16
2025-01-16,TSG.TA,[16350.18146406],17
2025-01-17,TSG.TA,[16335.14508897],18
2025-01-18,TSG.TA,[16328.96556114],19
2025-01-19,TSG.TA,[16333.78040798],20
2025-01-20,TSG.TA,[16328.81517163],21
2025-01-21,TSG.TA,[16333.30701099],22
2025-01-22,TSG.TA,[16328.37975877],23
2025-01-23,TSG.TA,[16324.47817463],24
2025-01-24,TSG.TA,[16320.46856192],25
2025-01-25,TSG.TA,[16318.03462027],26
2025-01-26,TSG.TA,[16307.41446689],27
2025-01-27,TSG.TA,[16317.93013533],28
2025-01-28,TSG.TA,[16309.93033056],29
2025-01-29,TSG.TA,[16311.39043158],30
2024-12-31,TURB.TA,[815.99176214],1
2025-01-01,TURB.TA,[867.82616408],2
2025-01-02,TURB.TA,[866.73442401],3
2025-01-03,TURB.TA,[879.74788079],4
2025-01-04,TURB.TA,[911.03928101],5
2025-01-05,TURB.TA,[922.75118198],6
2025-01-06,TURB.TA,[917.26235102],7
2025-01-07,TURB.TA,[951.86122271],8
2025-01-08,TURB.TA,[935.60074235],9
2025-01-09,TURB.TA,[908.49199618],10
2025-01-10,TURB.TA,[928.71542112],11
2025-01-11,TURB.TA,[911.10787539],12
2025-01-12,TURB.TA,[902.55532367],13
2025-01-13,TURB.TA,[862.47303338],14
2025-01-14,TURB.TA,[864.13113957],15
2025-01-15,TURB.TA,[864.01295664],16
2025-01-16,TURB.TA,[859.0975933],17
2025-01-17,TURB.TA,[821.07751431],18
2025-01-18,TURB.TA,[780.30769472],19
2025-01-19,TURB.TA,[780.04438233],20
2025-01-20,TURB.TA,[784.8133978],21
2025-01-21,TURB.TA,[813.71296824],22
2025-01-22,TURB.TA,[830.1148564],23
2025-01-23,TURB.TA,[793.750392],24
2025-01-24,TURB.TA,[748.051405],25
2025-01-25,TURB.TA,[773.4800318],26
2025-01-26,TURB.TA,[767.81351886],27
2025-01-27,TURB.TA,[756.12455592],28
2025-01-28,TURB.TA,[776.99682484],29
2025-01-29,TURB.TA,[778.41455289],30
2024-12-31,TRPZ.TA,[1899.60990505],1
2025-01-01,TRPZ.TA,[1930.31893746],2
2025-01-02,TRPZ.TA,[1909.155832],3
2025-01-03,TRPZ.TA,[1927.44123731],4
2025-01-04,TRPZ.TA,[1945.29568117],5
2025-01-05,TRPZ.TA,[1982.83752236],6
2025-01-06,TRPZ.TA,[1982.14305657],7
2025-01-07,TRPZ.TA,[1960.07931422],8
2025-01-08,TRPZ.TA,[1982.78284151],9
2025-01-09,TRPZ.TA,[2013.10594217],10
2025-01-10,TRPZ.TA,[1996.0513362],11
2025-01-11,TRPZ.TA,[2015.55875501],12
2025-01-12,TRPZ.TA,[2006.17884079],13
2025-01-13,TRPZ.TA,[2003.59536906],14
2025-01-14,TRPZ.TA,[1991.29309403],15
2025-01-15,TRPZ.TA,[1995.32955988],16
2025-01-16,TRPZ.TA,[1979.40373238],17
2025-01-17,TRPZ.TA,[1970.01224595],18
2025-01-18,TRPZ.TA,[1984.02239633],19
2025-01-19,TRPZ.TA,[2007.97920289],20
2025-01-20,TRPZ.TA,[2025.62519038],21
2025-01-21,TRPZ.TA,[2039.07477928],22
2025-01-22,TRPZ.TA,[2011.46304058],23
2025-01-23,TRPZ.TA,[1995.31428982],24
2025-01-24,TRPZ.TA,[2000.85548973],25
2025-01-25,TRPZ.TA,[2000.88388179],26
2025-01-26,TRPZ.TA,[1978.0971449],27
2025-01-27,TRPZ.TA,[1985.95191789],28
2025-01-28,TRPZ.TA,[1955.73668411],29
2025-01-29,TRPZ.TA,[1949.14018902],30
2024-12-31,UMH.TA,[7980.68945193],1
2025-01-01,UMH.TA,[9084.34639793],2
2025-01-02,UMH.TA,[10863.89585767],3
2025-01-03,UMH.TA,[11258.30467539],4
2025-01-04,UMH.TA,[10668.37295206],5
2025-01-05,UMH.TA,[9356.71460943],6
2025-01-06,UMH.TA,[10562.19907217],7
2025-01-07,UMH.TA,[10032.7946417],8
2025-01-08,UMH.TA,[8774.23073931],9
2025-01-09,UMH.TA,[8263.6582917],10
2025-01-10,UMH.TA,[8422.36140417],11
2025-01-11,UMH.TA,[8910.76936835],12
2025-01-12,UMH.TA,[8064.65738974],13
2025-01-13,UMH.TA,[8887.9553155],14
2025-01-14,UMH.TA,[8752.28235589],15
2025-01-15,UMH.TA,[6999.21108615],16
2025-01-16,UMH.TA,[6146.74665719],17
2025-01-17,UMH.TA,[6276.7963508],18
2025-01-18,UMH.TA,[6935.68178437],19
2025-01-19,UMH.TA,[5788.98771067],20
2025-01-20,UMH.TA,[5301.44739461],21
2025-01-21,UMH.TA,[5513.9951323],22
2025-01-22,UMH.TA,[6483.84541052],23
2025-01-23,UMH.TA,[6317.33221788],24
2025-01-24,UMH.TA,[6682.4674248],25
2025-01-25,UMH.TA,[6993.2547937],26
2025-01-26,UMH.TA,[7057.55480127],27
2025-01-27,UMH.TA,[6910.36273418],28
2025-01-28,UMH.TA,[8196.85169655],29
2025-01-29,UMH.TA,[7539.92270836],30
2024-12-31,UNTC.TA,[-37.12388054],1
2025-01-01,UNTC.TA,[-79.52338654],2
2025-01-02,UNTC.TA,[-202.0871096],3
2025-01-03,UNTC.TA,[-421.51091682],4
2025-01-04,UNTC.TA,[-75.89152521],5
2025-01-05,UNTC.TA,[-82.12227284],6
2025-01-06,UNTC.TA,[-68.39967582],7
2025-01-07,UNTC.TA,[-86.58233096],8
2025-01-08,UNTC.TA,[19.07609078],9
2025-01-09,UNTC.TA,[31.00110056],10
2025-01-10,UNTC.TA,[-11.87568444],11
2025-01-11,UNTC.TA,[-29.9657033],12
2025-01-12,UNTC.TA,[-34.09877868],13
2025-01-13,UNTC.TA,[-96.55514894],14
2025-01-14,UNTC.TA,[-108.71322717],15
2025-01-15,UNTC.TA,[-43.93326939],16
2025-01-16,UNTC.TA,[-83.69979228],17
2025-01-17,UNTC.TA,[-101.23735936],18
2025-01-18,UNTC.TA,[-79.39087782],19
2025-01-19,UNTC.TA,[-102.2008613],20
2025-01-20,UNTC.TA,[-105.06161614],21
2025-01-21,UNTC.TA,[-109.25758582],22
2025-01-22,UNTC.TA,[-111.10009389],23
2025-01-23,UNTC.TA,[-187.80967024],24
2025-01-24,UNTC.TA,[25.85952968],25
2025-01-25,UNTC.TA,[19.27805182],26
2025-01-26,UNTC.TA,[45.89666435],27
2025-01-27,UNTC.TA,[17.9123659],28
2025-01-28,UNTC.TA,[29.89240563],29
2025-01-29,UNTC.TA,[78.70630611],30
2024-12-31,UNCT.TA,[163.3049829],1
2025-01-01,UNCT.TA,[-1048.93438417],2
2025-01-02,UNCT.TA,[-645.94091355],3
2025-01-03,UNCT.TA,[-3588.86375834],4
2025-01-04,UNCT.TA,[12935.07577464],5
2025-01-05,UNCT.TA,[60338.86896038],6
2025-01-06,UNCT.TA,[139586.02134484],7
2025-01-07,UNCT.TA,[745025.90100763],8
2025-01-08,UNCT.TA,[-14821847.88530537],9
2025-01-09,UNCT.TA,[-99010769.6351648],10
2025-01-10,UNCT.TA,[-3.03228022e+08],11
2025-01-11,UNCT.TA,[1.63105856e+09],12
2025-01-12,UNCT.TA,[-1.84672666e+10],13
2025-01-13,UNCT.TA,[-3.09312981e+11],14
2025-01-14,UNCT.TA,[-3.93283548e+12],15
2025-01-15,UNCT.TA,[-3.82126424e+13],16
2025-01-16,UNCT.TA,[-1.06492532e+15],17
2025-01-17,UNCT.TA,[-2.03445993e+16],18
2025-01-18,UNCT.TA,[3.38446137e+16],19
2025-01-19,UNCT.TA,[4.00118704e+17],20
2025-01-20,UNCT.TA,[2.52053612e+18],21
2025-01-21,UNCT.TA,[6.61114395e+18],22
2025-01-22,UNCT.TA,[6.92433326e+19],23
2025-01-23,UNCT.TA,[-6.49884561e+20],24
2025-01-24,UNCT.TA,[1.10225059e+22],25
2025-01-25,UNCT.TA,[-3.80238058e+22],26
2025-01-26,UNCT.TA,[-1.43025804e+24],27
2025-01-27,UNCT.TA,[2.36759589e+25],28
2025-01-28,UNCT.TA,[3.26421115e+26],29
2025-01-29,UNCT.TA,[-4.83664261e+27],30
2024-12-31,UNIT.TA,[2554.60773772],1
2025-01-01,UNIT.TA,[2600.77068313],2
2025-01-02,UNIT.TA,[2707.28668696],3
2025-01-03,UNIT.TA,[2671.99668248],4
2025-01-04,UNIT.TA,[2674.98050643],5
2025-01-05,UNIT.TA,[2723.34577203],6
2025-01-06,UNIT.TA,[2844.55933886],7
2025-01-07,UNIT.TA,[2817.26581452],8
2025-01-08,UNIT.TA,[2973.46185343],9
2025-01-09,UNIT.TA,[3012.5222428],10
2025-01-10,UNIT.TA,[3091.72045869],11
2025-01-11,UNIT.TA,[3298.18996208],12
2025-01-12,UNIT.TA,[3228.67012102],13
2025-01-13,UNIT.TA,[3265.06533028],14
2025-01-14,UNIT.TA,[3300.83265544],15
2025-01-15,UNIT.TA,[3412.19580018],16
2025-01-16,UNIT.TA,[3284.53199057],17
2025-01-17,UNIT.TA,[3232.65976033],18
2025-01-18,UNIT.TA,[3344.58605377],19
2025-01-19,UNIT.TA,[3318.19645086],20
2025-01-20,UNIT.TA,[3269.07385439],21
2025-01-21,UNIT.TA,[3363.03852463],22
2025-01-22,UNIT.TA,[3504.46529903],23
2025-01-23,UNIT.TA,[3559.73311172],24
2025-01-24,UNIT.TA,[3357.39600819],25
2025-01-25,UNIT.TA,[3211.85519959],26
2025-01-26,UNIT.TA,[3057.92796026],27
2025-01-27,UNIT.TA,[3215.08644791],28
2025-01-28,UNIT.TA,[3187.99549721],29
2025-01-29,UNIT.TA,[3205.63343636],30
2024-12-31,UPSL.TA,[42.7291205],1
2025-01-01,UPSL.TA,[27.79868823],2
2025-01-02,UPSL.TA,[35.63828145],3
2025-01-03,UPSL.TA,[29.18663891],4
2025-01-04,UPSL.TA,[47.56679298],5
2025-01-05,UPSL.TA,[23.8181718],6
2025-01-06,UPSL.TA,[31.57379864],7
2025-01-07,UPSL.TA,[56.78277266],8
2025-01-08,UPSL.TA,[50.99661611],9
2025-01-09,UPSL.TA,[50.79787939],10
2025-01-10,UPSL.TA,[84.23892026],11
2025-01-11,UPSL.TA,[66.90670302],12
2025-01-12,UPSL.TA,[75.40580711],13
2025-01-13,UPSL.TA,[66.0477491],14
2025-01-14,UPSL.TA,[12.3147279],15
2025-01-15,UPSL.TA,[18.17246186],16
2025-01-16,UPSL.TA,[10.64064349],17
2025-01-17,UPSL.TA,[12.86433713],18
2025-01-18,UPSL.TA,[15.95617259],19
2025-01-19,UPSL.TA,[15.84308742],20
2025-01-20,UPSL.TA,[5.7584294],21
2025-01-21,UPSL.TA,[6.26210847],22
2025-01-22,UPSL.TA,[3.74871041],23
2025-01-23,UPSL.TA,[4.01592988],24
2025-01-24,UPSL.TA,[8.13460204],25
2025-01-25,UPSL.TA,[6.2613909],26
2025-01-26,UPSL.TA,[7.66836879],27
2025-01-27,UPSL.TA,[5.82710882],28
2025-01-28,UPSL.TA,[0.26968865],29
2025-01-29,UPSL.TA,[0.31100017],30
2024-12-31,UTRN.TA,[492.12669163],1
2025-01-01,UTRN.TA,[485.47867475],2
2025-01-02,UTRN.TA,[478.34808589],3
2025-01-03,UTRN.TA,[472.63477622],4
2025-01-04,UTRN.TA,[480.74161978],5
2025-01-05,UTRN.TA,[488.89885676],6
2025-01-06,UTRN.TA,[477.45418428],7
2025-01-07,UTRN.TA,[485.86625737],8
2025-01-08,UTRN.TA,[493.94250345],9
2025-01-09,UTRN.TA,[539.75132507],10
2025-01-10,UTRN.TA,[519.88426248],11
2025-01-11,UTRN.TA,[516.52120796],12
2025-01-12,UTRN.TA,[544.26386855],13
2025-01-13,UTRN.TA,[555.44871125],14
2025-01-14,UTRN.TA,[532.09297977],15
2025-01-15,UTRN.TA,[533.76792734],16
2025-01-16,UTRN.TA,[509.84969335],17
2025-01-17,UTRN.TA,[521.27457714],18
2025-01-18,UTRN.TA,[521.80331811],19
2025-01-19,UTRN.TA,[549.22213568],20
2025-01-20,UTRN.TA,[562.94111339],21
2025-01-21,UTRN.TA,[548.80301802],22
2025-01-22,UTRN.TA,[521.17379233],23
2025-01-23,UTRN.TA,[522.8983574],24
2025-01-24,UTRN.TA,[497.87231321],25
2025-01-25,UTRN.TA,[483.32597578],26
2025-01-26,UTRN.TA,[488.75594632],27
2025-01-27,UTRN.TA,[499.73885842],28
2025-01-28,UTRN.TA,[476.09973422],29
2025-01-29,UTRN.TA,[449.93127195],30
2024-12-31,VRDS.TA,[2148.41786106],1
2025-01-01,VRDS.TA,[2198.68796651],2
2025-01-02,VRDS.TA,[2150.53171224],3
2025-01-03,VRDS.TA,[2161.1900628],4
2025-01-04,VRDS.TA,[2155.31021339],5
2025-01-05,VRDS.TA,[2181.37905376],6
2025-01-06,VRDS.TA,[2199.72182304],7
2025-01-07,VRDS.TA,[2242.07086287],8
2025-01-08,VRDS.TA,[2238.96228697],9
2025-01-09,VRDS.TA,[2189.38136543],10
2025-01-10,VRDS.TA,[2173.7877532],11
2025-01-11,VRDS.TA,[2217.51544749],12
2025-01-12,VRDS.TA,[2229.13340565],13
2025-01-13,VRDS.TA,[2207.66138357],14
2025-01-14,VRDS.TA,[2172.68839867],15
2025-01-15,VRDS.TA,[2164.34430621],16
2025-01-16,VRDS.TA,[2193.00574235],17
2025-01-17,VRDS.TA,[2200.31162944],18
2025-01-18,VRDS.TA,[2288.1166929],19
2025-01-19,VRDS.TA,[2317.05588808],20
2025-01-20,VRDS.TA,[2331.8237892],21
2025-01-21,VRDS.TA,[2318.54966555],22
2025-01-22,VRDS.TA,[2349.38706364],23
2025-01-23,VRDS.TA,[2352.23621052],24
2025-01-24,VRDS.TA,[2378.1776109],25
2025-01-25,VRDS.TA,[2446.28639029],26
2025-01-26,VRDS.TA,[2556.20478024],27
2025-01-27,VRDS.TA,[2548.81909075],28
2025-01-28,VRDS.TA,[2563.93194031],29
2025-01-29,VRDS.TA,[2592.79448069],30
2024-12-31,VCTR.TA,[5634.3424466],1
2025-01-01,VCTR.TA,[5852.77544479],2
2025-01-02,VCTR.TA,[5658.87207499],3
2025-01-03,VCTR.TA,[5581.73745485],4
2025-01-04,VCTR.TA,[5645.34495082],5
2025-01-05,VCTR.TA,[5606.19154368],6
2025-01-06,VCTR.TA,[5767.76999877],7
2025-01-07,VCTR.TA,[5996.57861451],8
2025-01-08,VCTR.TA,[6069.54107686],9
2025-01-09,VCTR.TA,[6063.68235312],10
2025-01-10,VCTR.TA,[6378.4637762],11
2025-01-11,VCTR.TA,[6337.71459124],12
2025-01-12,VCTR.TA,[6434.7326188],13
2025-01-13,VCTR.TA,[6509.35735078],14
2025-01-14,VCTR.TA,[6757.32508973],15
2025-01-15,VCTR.TA,[6574.78730945],16
2025-01-16,VCTR.TA,[6529.30536069],17
2025-01-17,VCTR.TA,[6383.14165468],18
2025-01-18,VCTR.TA,[6238.62978876],19
2025-01-19,VCTR.TA,[6324.24071038],20
2025-01-20,VCTR.TA,[6407.32116528],21
2025-01-21,VCTR.TA,[6097.89844026],22
2025-01-22,VCTR.TA,[6097.97366419],23
2025-01-23,VCTR.TA,[5994.02175728],24
2025-01-24,VCTR.TA,[6103.8674334],25
2025-01-25,VCTR.TA,[6173.29886082],26
2025-01-26,VCTR.TA,[6077.70166813],27
2025-01-27,VCTR.TA,[6004.84375693],28
2025-01-28,VCTR.TA,[6167.17284129],29
2025-01-29,VCTR.TA,[6225.08740534],30
2024-12-31,VILR.TA,[15843.55333575],1
2025-01-01,VILR.TA,[16009.36347457],2
2025-01-02,VILR.TA,[15699.80610506],3
2025-01-03,VILR.TA,[15585.9556718],4
2025-01-04,VILR.TA,[15511.01477408],5
2025-01-05,VILR.TA,[15751.90962802],6
2025-01-06,VILR.TA,[15282.98465097],7
2025-01-07,VILR.TA,[15196.34340198],8
2025-01-08,VILR.TA,[14840.42913418],9
2025-01-09,VILR.TA,[15006.0401346],10
2025-01-10,VILR.TA,[15101.00765809],11
2025-01-11,VILR.TA,[15268.82467838],12
2025-01-12,VILR.TA,[15285.29624349],13
2025-01-13,VILR.TA,[15365.58732277],14
2025-01-14,VILR.TA,[15149.59363298],15
2025-01-15,VILR.TA,[15442.08531507],16
2025-01-16,VILR.TA,[15049.67858049],17
2025-01-17,VILR.TA,[14610.80533128],18
2025-01-18,VILR.TA,[15077.07904167],19
2025-01-19,VILR.TA,[14887.42525709],20
2025-01-20,VILR.TA,[14443.07028668],21
2025-01-21,VILR.TA,[14678.71922311],22
2025-01-22,VILR.TA,[14833.58091863],23
2025-01-23,VILR.TA,[15349.78259246],24
2025-01-24,VILR.TA,[15133.71228543],25
2025-01-25,VILR.TA,[15401.83416227],26
2025-01-26,VILR.TA,[15136.63978864],27
2025-01-27,VILR.TA,[15264.84049685],28
2025-01-28,VILR.TA,[15371.52327077],29
2025-01-29,VILR.TA,[15184.34960216],30
2024-12-31,VISN.TA,[-162.23222544],1
2025-01-01,VISN.TA,[1219.4391767],2
2025-01-02,VISN.TA,[-517.39634399],3
2025-01-03,VISN.TA,[-2499.09680181],4
2025-01-04,VISN.TA,[-19282.88825481],5
2025-01-05,VISN.TA,[-38301.68814825],6
2025-01-06,VISN.TA,[-167622.57350681],7
2025-01-07,VISN.TA,[-1740599.62768128],8
2025-01-08,VISN.TA,[-4371680.1448542],9
2025-01-09,VISN.TA,[11913025.51104951],10
2025-01-10,VISN.TA,[-35485055.0065649],11
2025-01-11,VISN.TA,[-40899648.41942747],12
2025-01-12,VISN.TA,[39087867.25802281],13
2025-01-13,VISN.TA,[21163772.67792851],14
2025-01-14,VISN.TA,[59231212.09024173],15
2025-01-15,VISN.TA,[2.17566494e+08],16
2025-01-16,VISN.TA,[28805506.88789262],17
2025-01-17,VISN.TA,[1.475132e+08],18
2025-01-18,VISN.TA,[-9.20487043e+08],19
2025-01-19,VISN.TA,[9.09115909e+09],20
2025-01-20,VISN.TA,[1.77241812e+10],21
2025-01-21,VISN.TA,[3.4327751e+10],22
2025-01-22,VISN.TA,[-2.26639329e+11],23
2025-01-23,VISN.TA,[4.50839694e+11],24
2025-01-24,VISN.TA,[-2.74187109e+12],25
2025-01-25,VISN.TA,[1.57666776e+13],26
2025-01-26,VISN.TA,[-1.6675312e+13],27
2025-01-27,VISN.TA,[-2.44445212e+13],28
2025-01-28,VISN.TA,[-7.45676124e+13],29
2025-01-29,VISN.TA,[-6.63932966e+14],30
2024-12-31,VTNA.TA,[2361.89860127],1
2025-01-01,VTNA.TA,[2320.02266358],2
2025-01-02,VTNA.TA,[2318.21884825],3
2025-01-03,VTNA.TA,[2365.76517985],4
2025-01-04,VTNA.TA,[2422.58591814],5
2025-01-05,VTNA.TA,[2466.40694141],6
2025-01-06,VTNA.TA,[2467.87963254],7
2025-01-07,VTNA.TA,[2471.44388863],8
2025-01-08,VTNA.TA,[2429.48273026],9
2025-01-09,VTNA.TA,[2471.56397973],10
2025-01-10,VTNA.TA,[2430.18120208],11
2025-01-11,VTNA.TA,[2411.05656692],12
2025-01-12,VTNA.TA,[2297.14938928],13
2025-01-13,VTNA.TA,[2282.69714546],14
2025-01-14,VTNA.TA,[2293.17892289],15
2025-01-15,VTNA.TA,[2303.64825831],16
2025-01-16,VTNA.TA,[2288.99261374],17
2025-01-17,VTNA.TA,[2265.88557324],18
2025-01-18,VTNA.TA,[2250.11090227],19
2025-01-19,VTNA.TA,[2290.26710037],20
2025-01-20,VTNA.TA,[2308.61553791],21
2025-01-21,VTNA.TA,[2284.0708986],22
2025-01-22,VTNA.TA,[2290.32844655],23
2025-01-23,VTNA.TA,[2273.01214299],24
2025-01-24,VTNA.TA,[2276.44309767],25
2025-01-25,VTNA.TA,[2261.45094854],26
2025-01-26,VTNA.TA,[2313.95844818],27
2025-01-27,VTNA.TA,[2344.43454427],28
2025-01-28,VTNA.TA,[2319.51707893],29
2025-01-29,VTNA.TA,[2347.4161585],30
2024-12-31,WATR.TA,[134.53253587],1
2025-01-01,WATR.TA,[146.75764876],2
2025-01-02,WATR.TA,[170.78648594],3
2025-01-03,WATR.TA,[191.83688166],4
2025-01-04,WATR.TA,[162.80887483],5
2025-01-05,WATR.TA,[163.04271426],6
2025-01-06,WATR.TA,[258.53965074],7
2025-01-07,WATR.TA,[246.84558817],8
2025-01-08,WATR.TA,[174.52021513],9
2025-01-09,WATR.TA,[170.40506194],10
2025-01-10,WATR.TA,[203.03582504],11
2025-01-11,WATR.TA,[257.67266244],12
2025-01-12,WATR.TA,[230.41608347],13
2025-01-13,WATR.TA,[248.46099894],14
2025-01-14,WATR.TA,[251.31763312],15
2025-01-15,WATR.TA,[253.25821233],16
2025-01-16,WATR.TA,[208.65401672],17
2025-01-17,WATR.TA,[199.2023366],18
2025-01-18,WATR.TA,[211.19606764],19
2025-01-19,WATR.TA,[226.31335251],20
2025-01-20,WATR.TA,[311.55955921],21
2025-01-21,WATR.TA,[428.02338599],22
2025-01-22,WATR.TA,[689.84281663],23
2025-01-23,WATR.TA,[467.12968775],24
2025-01-24,WATR.TA,[287.6890943],25
2025-01-25,WATR.TA,[365.29478748],26
2025-01-26,WATR.TA,[469.21110853],27
2025-01-27,WATR.TA,[371.79354624],28
2025-01-28,WATR.TA,[431.60459241],29
2025-01-29,WATR.TA,[333.65290809],30
2024-12-31,WESR.TA,[551.14604005],1
2025-01-01,WESR.TA,[533.72896146],2
2025-01-02,WESR.TA,[538.17579267],3
2025-01-03,WESR.TA,[534.25940678],4
2025-01-04,WESR.TA,[551.85290453],5
2025-01-05,WESR.TA,[537.99292059],6
2025-01-06,WESR.TA,[575.48701408],7
2025-01-07,WESR.TA,[568.95923577],8
2025-01-08,WESR.TA,[530.77362244],9
2025-01-09,WESR.TA,[521.56725496],10
2025-01-10,WESR.TA,[540.77469054],11
2025-01-11,WESR.TA,[544.10440808],12
2025-01-12,WESR.TA,[547.48667004],13
2025-01-13,WESR.TA,[551.44430162],14
2025-01-14,WESR.TA,[559.13892247],15
2025-01-15,WESR.TA,[573.30844811],16
2025-01-16,WESR.TA,[594.61211622],17
2025-01-17,WESR.TA,[597.9646351],18
2025-01-18,WESR.TA,[604.86633007],19
2025-01-19,WESR.TA,[612.92454039],20
2025-01-20,WESR.TA,[595.95625027],21
2025-01-21,WESR.TA,[584.63892726],22
2025-01-22,WESR.TA,[572.37484555],23
2025-01-23,WESR.TA,[542.65351975],24
2025-01-24,WESR.TA,[545.66489851],25
2025-01-25,WESR.TA,[571.22035749],26
2025-01-26,WESR.TA,[574.77883843],27
2025-01-27,WESR.TA,[552.68807756],28
2025-01-28,WESR.TA,[563.87016558],29
2025-01-29,WESR.TA,[585.0688514],30
2024-12-31,WILK.TA,[41.55918421],1
2025-01-01,WILK.TA,[43.04136681],2
2025-01-02,WILK.TA,[39.58649302],3
2025-01-03,WILK.TA,[42.68882816],4
2025-01-04,WILK.TA,[44.29795774],5
2025-01-05,WILK.TA,[45.53846278],6
2025-01-06,WILK.TA,[47.46027717],7
2025-01-07,WILK.TA,[48.01756731],8
2025-01-08,WILK.TA,[51.22509677],9
2025-01-09,WILK.TA,[52.04798786],10
2025-01-10,WILK.TA,[52.31650431],11
2025-01-11,WILK.TA,[52.68853503],12
2025-01-12,WILK.TA,[50.38096874],13
2025-01-13,WILK.TA,[48.76271433],14
2025-01-14,WILK.TA,[47.04119108],15
2025-01-15,WILK.TA,[45.61825557],16
2025-01-16,WILK.TA,[45.91018251],17
2025-01-17,WILK.TA,[47.65148178],18
2025-01-18,WILK.TA,[54.03246553],19
2025-01-19,WILK.TA,[58.46145401],20
2025-01-20,WILK.TA,[59.68639795],21
2025-01-21,WILK.TA,[60.284016],22
2025-01-22,WILK.TA,[64.34866478],23
2025-01-23,WILK.TA,[63.88852636],24
2025-01-24,WILK.TA,[66.22874843],25
2025-01-25,WILK.TA,[63.10107262],26
2025-01-26,WILK.TA,[62.45867514],27
2025-01-27,WILK.TA,[70.19845705],28
2025-01-28,WILK.TA,[69.71495613],29
2025-01-29,WILK.TA,[67.4006119],30
2024-12-31,WLFD.TA,[2600.46631429],1
2025-01-01,WLFD.TA,[2633.01726763],2
2025-01-02,WLFD.TA,[2620.2057948],3
2025-01-03,WLFD.TA,[2646.78948663],4
2025-01-04,WLFD.TA,[2794.55249649],5
2025-01-05,WLFD.TA,[2705.86515329],6
2025-01-06,WLFD.TA,[2831.98307028],7
2025-01-07,WLFD.TA,[2842.355995],8
2025-01-08,WLFD.TA,[3001.44252131],9
2025-01-09,WLFD.TA,[2955.37191427],10
2025-01-10,WLFD.TA,[2912.75090966],11
2025-01-11,WLFD.TA,[2808.78533268],12
2025-01-12,WLFD.TA,[2793.58288292],13
2025-01-13,WLFD.TA,[2813.26539029],14
2025-01-14,WLFD.TA,[2821.73855503],15
2025-01-15,WLFD.TA,[2785.34127961],16
2025-01-16,WLFD.TA,[2704.02417529],17
2025-01-17,WLFD.TA,[2639.47567344],18
2025-01-18,WLFD.TA,[2584.80306417],19
2025-01-19,WLFD.TA,[2757.23450853],20
2025-01-20,WLFD.TA,[2860.23780192],21
2025-01-21,WLFD.TA,[2882.11421061],22
2025-01-22,WLFD.TA,[2902.72075908],23
2025-01-23,WLFD.TA,[2863.9392478],24
2025-01-24,WLFD.TA,[2812.23844114],25
2025-01-25,WLFD.TA,[2907.19337382],26
2025-01-26,WLFD.TA,[2965.62255306],27
2025-01-27,WLFD.TA,[3010.12936229],28
2025-01-28,WLFD.TA,[3105.20161204],29
2025-01-29,WLFD.TA,[2925.00013492],30
2024-12-31,WILC.TA,[5838.76537748],1
2025-01-01,WILC.TA,[5517.7619424],2
2025-01-02,WILC.TA,[5422.89338669],3
2025-01-03,WILC.TA,[5590.03617146],4
2025-01-04,WILC.TA,[5704.56967867],5
2025-01-05,WILC.TA,[5652.23038188],6
2025-01-06,WILC.TA,[5837.18898517],7
2025-01-07,WILC.TA,[5886.71456641],8
2025-01-08,WILC.TA,[5972.79272407],9
2025-01-09,WILC.TA,[6160.01807983],10
2025-01-10,WILC.TA,[6393.53334173],11
2025-01-11,WILC.TA,[6141.8169364],12
2025-01-12,WILC.TA,[6344.55865824],13
2025-01-13,WILC.TA,[6292.38785214],14
2025-01-14,WILC.TA,[6721.74579422],15
2025-01-15,WILC.TA,[7040.51737666],16
2025-01-16,WILC.TA,[6690.80784142],17
2025-01-17,WILC.TA,[6343.74540675],18
2025-01-18,WILC.TA,[6505.8226997],19
2025-01-19,WILC.TA,[6936.42381126],20
2025-01-20,WILC.TA,[7120.38390053],21
2025-01-21,WILC.TA,[7276.84332983],22
2025-01-22,WILC.TA,[7328.09291943],23
2025-01-23,WILC.TA,[7399.43676878],24
2025-01-24,WILC.TA,[7693.3032452],25
2025-01-25,WILC.TA,[7368.24252624],26
2025-01-26,WILC.TA,[7257.70379423],27
2025-01-27,WILC.TA,[7589.00002644],28
2025-01-28,WILC.TA,[7348.53642728],29
2025-01-29,WILC.TA,[7672.92004562],30
2024-12-31,WNBZ.TA,[15.04369891],1
2025-01-01,WNBZ.TA,[15.39288814],2
2025-01-02,WNBZ.TA,[14.45226558],3
2025-01-03,WNBZ.TA,[13.34210839],4
2025-01-04,WNBZ.TA,[12.8944537],5
2025-01-05,WNBZ.TA,[13.55319374],6
2025-01-06,WNBZ.TA,[13.63757615],7
2025-01-07,WNBZ.TA,[14.24793886],8
2025-01-08,WNBZ.TA,[12.78637825],9
2025-01-09,WNBZ.TA,[12.14036512],10
2025-01-10,WNBZ.TA,[11.09441762],11
2025-01-11,WNBZ.TA,[11.86440863],12
2025-01-12,WNBZ.TA,[12.78504417],13
2025-01-13,WNBZ.TA,[12.58952442],14
2025-01-14,WNBZ.TA,[14.77369348],15
2025-01-15,WNBZ.TA,[14.72523472],16
2025-01-16,WNBZ.TA,[14.38732722],17
2025-01-17,WNBZ.TA,[14.38225683],18
2025-01-18,WNBZ.TA,[15.36921912],19
2025-01-19,WNBZ.TA,[15.83362721],20
2025-01-20,WNBZ.TA,[15.57268931],21
2025-01-21,WNBZ.TA,[15.32301706],22
2025-01-22,WNBZ.TA,[14.52759918],23
2025-01-23,WNBZ.TA,[15.06360449],24
2025-01-24,WNBZ.TA,[16.47061287],25
2025-01-25,WNBZ.TA,[15.67216183],26
2025-01-26,WNBZ.TA,[15.29819803],27
2025-01-27,WNBZ.TA,[14.79398927],28
2025-01-28,WNBZ.TA,[13.94065954],29
2025-01-29,WNBZ.TA,[13.6299223],30
2024-12-31,XTLB.TA,[7.09990458],1
2025-01-01,XTLB.TA,[6.74300943],2
2025-01-02,XTLB.TA,[7.27303563],3
2025-01-03,XTLB.TA,[7.53277875],4
2025-01-04,XTLB.TA,[7.50479274],5
2025-01-05,XTLB.TA,[7.88378558],6
2025-01-06,XTLB.TA,[8.16978679],7
2025-01-07,XTLB.TA,[9.35134241],8
2025-01-08,XTLB.TA,[9.52721123],9
2025-01-09,XTLB.TA,[8.80779713],10
2025-01-10,XTLB.TA,[8.41809515],11
2025-01-11,XTLB.TA,[7.42145016],12
2025-01-12,XTLB.TA,[7.49803271],13
2025-01-13,XTLB.TA,[7.1703733],14
2025-01-14,XTLB.TA,[6.64119666],15
2025-01-15,XTLB.TA,[6.11497898],16
2025-01-16,XTLB.TA,[6.110094],17
2025-01-17,XTLB.TA,[6.70614975],18
2025-01-18,XTLB.TA,[6.6352119],19
2025-01-19,XTLB.TA,[6.21256202],20
2025-01-20,XTLB.TA,[6.16389979],21
2025-01-21,XTLB.TA,[6.00305466],22
2025-01-22,XTLB.TA,[5.53501164],23
2025-01-23,XTLB.TA,[5.54816578],24
2025-01-24,XTLB.TA,[5.52562556],25
2025-01-25,XTLB.TA,[6.1939371],26
2025-01-26,XTLB.TA,[6.96188577],27
2025-01-27,XTLB.TA,[7.29703502],28
2025-01-28,XTLB.TA,[7.18131446],29
2025-01-29,XTLB.TA,[7.15437506],30
2024-12-31,YBRD.TA,[3356.56319303],1
2025-01-01,YBRD.TA,[3712.66485279],2
2025-01-02,YBRD.TA,[-15712.49893453],3
2025-01-03,YBRD.TA,[-29400.11595214],4
2025-01-04,YBRD.TA,[-74928.57610275],5
2025-01-05,YBRD.TA,[51938.97759493],6
2025-01-06,YBRD.TA,[-9641.70678628],7
2025-01-07,YBRD.TA,[-18827.38360269],8
2025-01-08,YBRD.TA,[8938.12726062],9
2025-01-09,YBRD.TA,[5663.30955373],10
2025-01-10,YBRD.TA,[-13462.93654034],11
2025-01-11,YBRD.TA,[17452.70088213],12
2025-01-12,YBRD.TA,[34555.04831427],13
2025-01-13,YBRD.TA,[152203.93050631],14
2025-01-14,YBRD.TA,[266362.59829299],15
2025-01-15,YBRD.TA,[700813.40462979],16
2025-01-16,YBRD.TA,[2522640.90831503],17
2025-01-17,YBRD.TA,[6227038.93186519],18
2025-01-18,YBRD.TA,[10064565.84688818],19
2025-01-19,YBRD.TA,[41220891.65660663],20
2025-01-20,YBRD.TA,[-96303592.11065155],21
2025-01-21,YBRD.TA,[1.91164901e+08],22
2025-01-22,YBRD.TA,[1.9079096e+08],23
2025-01-23,YBRD.TA,[1.33955035e+08],24
2025-01-24,YBRD.TA,[-1.33122117e+08],25
2025-01-25,YBRD.TA,[-1.36603562e+08],26
2025-01-26,YBRD.TA,[-1.10799541e+08],27
2025-01-27,YBRD.TA,[64508030.6489806],28
2025-01-28,YBRD.TA,[75043214.86648932],29
2025-01-29,YBRD.TA,[2.4055283e+08],30
2024-12-31,YBOX.TA,[102.36615583],1
2025-01-01,YBOX.TA,[100.03767202],2
2025-01-02,YBOX.TA,[96.67358526],3
2025-01-03,YBOX.TA,[98.54238208],4
2025-01-04,YBOX.TA,[100.52273158],5
2025-01-05,YBOX.TA,[99.39665086],6
2025-01-06,YBOX.TA,[98.12743741],7
2025-01-07,YBOX.TA,[94.3093069],8
2025-01-08,YBOX.TA,[96.47470158],9
2025-01-09,YBOX.TA,[98.31808945],10
2025-01-10,YBOX.TA,[102.0741923],11
2025-01-11,YBOX.TA,[103.91608224],12
2025-01-12,YBOX.TA,[102.30690179],13
2025-01-13,YBOX.TA,[98.5158772],14
2025-01-14,YBOX.TA,[103.64460942],15
2025-01-15,YBOX.TA,[105.98013232],16
2025-01-16,YBOX.TA,[103.22372235],17
2025-01-17,YBOX.TA,[106.09582907],18
2025-01-18,YBOX.TA,[104.62665184],19
2025-01-19,YBOX.TA,[105.58617696],20
2025-01-20,YBOX.TA,[107.07122208],21
2025-01-21,YBOX.TA,[106.81692903],22
2025-01-22,YBOX.TA,[112.29712262],23
2025-01-23,YBOX.TA,[114.69471775],24
2025-01-24,YBOX.TA,[123.69511854],25
2025-01-25,YBOX.TA,[121.20362139],26
2025-01-26,YBOX.TA,[122.36532394],27
2025-01-27,YBOX.TA,[123.52619484],28
2025-01-28,YBOX.TA,[121.87308947],29
2025-01-29,YBOX.TA,[121.64288308],30
2024-12-31,YHNF.TA,[22436.04096823],1
2025-01-01,YHNF.TA,[22685.15974062],2
2025-01-02,YHNF.TA,[22677.96656589],3
2025-01-03,YHNF.TA,[22296.65874293],4
2025-01-04,YHNF.TA,[21662.38525098],5
2025-01-05,YHNF.TA,[21787.10513457],6
2025-01-06,YHNF.TA,[21236.32935863],7
2025-01-07,YHNF.TA,[22440.37258181],8
2025-01-08,YHNF.TA,[22844.9464362],9
2025-01-09,YHNF.TA,[22517.62619747],10
2025-01-10,YHNF.TA,[22605.88006281],11
2025-01-11,YHNF.TA,[22442.16057562],12
2025-01-12,YHNF.TA,[22382.28534993],13
2025-01-13,YHNF.TA,[22653.71787553],14
2025-01-14,YHNF.TA,[22120.32421208],15
2025-01-15,YHNF.TA,[22488.4001999],16
2025-01-16,YHNF.TA,[22167.69269129],17
2025-01-17,YHNF.TA,[22033.57240788],18
2025-01-18,YHNF.TA,[21933.7145766],19
2025-01-19,YHNF.TA,[21637.07660513],20
2025-01-20,YHNF.TA,[21441.50721547],21
2025-01-21,YHNF.TA,[22210.9869864],22
2025-01-22,YHNF.TA,[22093.06364095],23
2025-01-23,YHNF.TA,[22537.63224611],24
2025-01-24,YHNF.TA,[22762.23566463],25
2025-01-25,YHNF.TA,[23531.98548111],26
2025-01-26,YHNF.TA,[23495.71567266],27
2025-01-27,YHNF.TA,[23756.24446698],28
2025-01-28,YHNF.TA,[24148.57852009],29
2025-01-29,YHNF.TA,[24147.58612796],30
2024-12-31,ZNKL.TA,[3703.74309941],1
2025-01-01,ZNKL.TA,[3718.35548685],2
2025-01-02,ZNKL.TA,[3680.57156761],3
2025-01-03,ZNKL.TA,[3617.37619838],4
2025-01-04,ZNKL.TA,[3572.7637471],5
2025-01-05,ZNKL.TA,[3670.4711055],6
2025-01-06,ZNKL.TA,[3633.23744085],7
2025-01-07,ZNKL.TA,[3623.61782311],8
2025-01-08,ZNKL.TA,[3654.81685535],9
2025-01-09,ZNKL.TA,[3698.11652364],10
2025-01-10,ZNKL.TA,[3695.68916447],11
2025-01-11,ZNKL.TA,[3743.39543047],12
2025-01-12,ZNKL.TA,[3715.45371381],13
2025-01-13,ZNKL.TA,[3655.1557184],14
2025-01-14,ZNKL.TA,[3721.30521913],15
2025-01-15,ZNKL.TA,[3659.44008365],16
2025-01-16,ZNKL.TA,[3573.2791479],17
2025-01-17,ZNKL.TA,[3669.46935358],18
2025-01-18,ZNKL.TA,[3668.94266198],19
2025-01-19,ZNKL.TA,[3597.92811262],20
2025-01-20,ZNKL.TA,[3586.29111929],21
2025-01-21,ZNKL.TA,[3597.28375654],22
2025-01-22,ZNKL.TA,[3588.16445242],23
2025-01-23,ZNKL.TA,[3616.0517169],24
2025-01-24,ZNKL.TA,[3571.37876184],25
2025-01-25,ZNKL.TA,[3625.08100071],26
2025-01-26,ZNKL.TA,[3670.66461982],27
2025-01-27,ZNKL.TA,[3722.65656324],28
2025-01-28,ZNKL.TA,[3706.2803784],29
2025-01-29,ZNKL.TA,[3716.53314152],30
2024-12-31,ZPRS.TA,[1249.02107335],1
2025-01-01,ZPRS.TA,[1254.141314],2
2025-01-02,ZPRS.TA,[1232.71324532],3
2025-01-03,ZPRS.TA,[1247.51617677],4
2025-01-04,ZPRS.TA,[1235.12928982],5
2025-01-05,ZPRS.TA,[1248.52185665],6
2025-01-06,ZPRS.TA,[1270.22109618],7
2025-01-07,ZPRS.TA,[1258.76108947],8
2025-01-08,ZPRS.TA,[1265.11731804],9
2025-01-09,ZPRS.TA,[1267.31092618],10
2025-01-10,ZPRS.TA,[1248.12081807],11
2025-01-11,ZPRS.TA,[1267.81122305],12
2025-01-12,ZPRS.TA,[1279.93212708],13
2025-01-13,ZPRS.TA,[1283.18372844],14
2025-01-14,ZPRS.TA,[1264.22110555],15
2025-01-15,ZPRS.TA,[1276.79450825],16
2025-01-16,ZPRS.TA,[1292.68293489],17
2025-01-17,ZPRS.TA,[1301.4117055],18
2025-01-18,ZPRS.TA,[1278.54474477],19
2025-01-19,ZPRS.TA,[1288.99060225],20
2025-01-20,ZPRS.TA,[1286.58040824],21
2025-01-21,ZPRS.TA,[1293.62570176],22
2025-01-22,ZPRS.TA,[1281.63444273],23
2025-01-23,ZPRS.TA,[1284.09557044],24
2025-01-24,ZPRS.TA,[1285.72676381],25
2025-01-25,ZPRS.TA,[1293.3468333],26
2025-01-26,ZPRS.TA,[1293.96877298],27
2025-01-27,ZPRS.TA,[1289.82768558],28
2025-01-28,ZPRS.TA,[1307.48569457],29
2025-01-29,ZPRS.TA,[1307.58531294],30
2024-12-31,ZMH.TA,[3598.32876567],1
2025-01-01,ZMH.TA,[3548.28723852],2
2025-01-02,ZMH.TA,[3387.19752784],3
2025-01-03,ZMH.TA,[3396.93167539],4
2025-01-04,ZMH.TA,[3424.60491292],5
2025-01-05,ZMH.TA,[3465.02833969],6
2025-01-06,ZMH.TA,[3466.02777758],7
2025-01-07,ZMH.TA,[3458.99557074],8
2025-01-08,ZMH.TA,[3443.85828047],9
2025-01-09,ZMH.TA,[3484.12145121],10
2025-01-10,ZMH.TA,[3523.61166909],11
2025-01-11,ZMH.TA,[3593.82960071],12
2025-01-12,ZMH.TA,[3757.30081901],13
2025-01-13,ZMH.TA,[3673.28969415],14
2025-01-14,ZMH.TA,[3608.92041618],15
2025-01-15,ZMH.TA,[3562.51874257],16
2025-01-16,ZMH.TA,[3460.86928066],17
2025-01-17,ZMH.TA,[3522.28887367],18
2025-01-18,ZMH.TA,[3499.37759646],19
2025-01-19,ZMH.TA,[3490.10679431],20
2025-01-20,ZMH.TA,[3452.71878569],21
2025-01-21,ZMH.TA,[3356.36309881],22
2025-01-22,ZMH.TA,[3424.4619888],23
2025-01-23,ZMH.TA,[3471.00130866],24
2025-01-24,ZMH.TA,[3508.15058347],25
2025-01-25,ZMH.TA,[3473.86624808],26
2025-01-26,ZMH.TA,[3537.68367547],27
2025-01-27,ZMH.TA,[3609.31212556],28
2025-01-28,ZMH.TA,[3625.62148219],29
2025-01-29,ZMH.TA,[3542.19398523],30
2024-12-31,ZOOZ.TA,[869.48597613],1
2025-01-01,ZOOZ.TA,[848.75826022],2
2025-01-02,ZOOZ.TA,[882.55612606],3
2025-01-03,ZOOZ.TA,[883.6227192],4
2025-01-04,ZOOZ.TA,[873.50339574],5
2025-01-05,ZOOZ.TA,[873.28223045],6
2025-01-06,ZOOZ.TA,[853.29781821],7
2025-01-07,ZOOZ.TA,[913.19764236],8
2025-01-08,ZOOZ.TA,[908.60884848],9
2025-01-09,ZOOZ.TA,[875.67233236],10
2025-01-10,ZOOZ.TA,[802.91745484],11
2025-01-11,ZOOZ.TA,[776.7459821],12
2025-01-12,ZOOZ.TA,[734.63703502],13
2025-01-13,ZOOZ.TA,[703.48766953],14
2025-01-14,ZOOZ.TA,[707.34826944],15
2025-01-15,ZOOZ.TA,[709.440397],16
2025-01-16,ZOOZ.TA,[736.9508578],17
2025-01-17,ZOOZ.TA,[724.52266117],18
2025-01-18,ZOOZ.TA,[673.51449427],19
2025-01-19,ZOOZ.TA,[684.95531999],20
2025-01-20,ZOOZ.TA,[691.15555782],21
2025-01-21,ZOOZ.TA,[698.01661392],22
2025-01-22,ZOOZ.TA,[654.53432149],23
2025-01-23,ZOOZ.TA,[696.66476491],24
2025-01-24,ZOOZ.TA,[705.24963286],25
2025-01-25,ZOOZ.TA,[649.95113939],26
2025-01-26,ZOOZ.TA,[681.36974155],27
2025-01-27,ZOOZ.TA,[676.59817652],28
2025-01-28,ZOOZ.TA,[689.26033147],29
2025-01-29,ZOOZ.TA,[614.23599168],30
2024-12-31,ZUR.TA,[804.90622339],1
2025-01-01,ZUR.TA,[825.97642519],2
2025-01-02,ZUR.TA,[814.97804444],3
2025-01-03,ZUR.TA,[833.7469092],4
2025-01-04,ZUR.TA,[844.65049208],5
2025-01-05,ZUR.TA,[839.27160507],6
2025-01-06,ZUR.TA,[832.14956852],7
2025-01-07,ZUR.TA,[856.8088913],8
2025-01-08,ZUR.TA,[874.89101045],9
2025-01-09,ZUR.TA,[879.97709716],10
2025-01-10,ZUR.TA,[897.52719073],11
2025-01-11,ZUR.TA,[915.82585968],12
2025-01-12,ZUR.TA,[909.77969682],13
2025-01-13,ZUR.TA,[903.35735629],14
2025-01-14,ZUR.TA,[889.37257474],15
2025-01-15,ZUR.TA,[919.143394],16
2025-01-16,ZUR.TA,[933.85198321],17
2025-01-17,ZUR.TA,[926.59980844],18
2025-01-18,ZUR.TA,[922.82098926],19
2025-01-19,ZUR.TA,[929.03485776],20
2025-01-20,ZUR.TA,[942.8665274],21
2025-01-21,ZUR.TA,[969.66281348],22
2025-01-22,ZUR.TA,[992.92299274],23
2025-01-23,ZUR.TA,[1021.38708162],24
2025-01-24,ZUR.TA,[1029.06519345],25
2025-01-25,ZUR.TA,[1052.28295459],26
2025-01-26,ZUR.TA,[1043.62454717],27
2025-01-27,ZUR.TA,[1038.76444714],28
2025-01-28,ZUR.TA,[1031.9291934],29
2025-01-29,ZUR.TA,[1044.33242209],30
