Date,Ticker,Forecast,Days_Ahead
31/12/2024,ABRA.TA,296.4432,1
01/01/2025,ABRA.TA,301.39688,2
02/01/2025,ABRA.TA,304.69223,3
03/01/2025,ABRA.TA,295.50366,4
04/01/2025,ABRA.TA,296.00662,5
05/01/2025,ABRA.TA,293.84763,6
06/01/2025,ABRA.TA,297.72958,7
07/01/2025,ABRA.TA,294.5594,8
08/01/2025,ABRA.TA,296.06894,9
09/01/2025,ABRA.TA,302.6144,10
10/01/2025,ABRA.TA,308.1005,11
11/01/2025,ABRA.TA,312.8923,12
12/01/2025,ABRA.TA,308.4412,13
13/01/2025,ABRA.TA,308.22043,14
14/01/2025,ABRA.TA,311.34805,15
15/01/2025,ABRA.TA,300.6949,16
16/01/2025,ABRA.TA,297.89093,17
17/01/2025,ABRA.TA,302.93652,18
18/01/2025,ABRA.TA,296.96298,19
19/01/2025,ABRA.TA,292.26898,20
20/01/2025,ABRA.TA,291.7246,21
21/01/2025,ABRA.TA,291.02078,22
22/01/2025,ABRA.TA,295.899,23
23/01/2025,ABRA.TA,298.0506,24
24/01/2025,ABRA.TA,303.2489,25
25/01/2025,ABRA.TA,301.26364,26
26/01/2025,ABRA.TA,301.1864,27
27/01/2025,ABRA.TA,292.95038,28
28/01/2025,ABRA.TA,293.89398,29
29/01/2025,ABRA.TA,296.32587,30
31/12/2024,ACCL.TA,128.82008,1
01/01/2025,ACCL.TA,132.98514,2
02/01/2025,ACCL.TA,135.91144,3
03/01/2025,ACCL.TA,131.54498,4
04/01/2025,ACCL.TA,129.70563,5
05/01/2025,ACCL.TA,131.94368,6
06/01/2025,ACCL.TA,133.11162,7
07/01/2025,ACCL.TA,135.75226,8
08/01/2025,ACCL.TA,134.26013,9
09/01/2025,ACCL.TA,132.7472,10
10/01/2025,ACCL.TA,132.69771,11
11/01/2025,ACCL.TA,132.70355,12
12/01/2025,ACCL.TA,132.29285,13
13/01/2025,ACCL.TA,130.60605,14
14/01/2025,ACCL.TA,130.60274,15
15/01/2025,ACCL.TA,126.40154,16
16/01/2025,ACCL.TA,127.67065,17
17/01/2025,ACCL.TA,132.07382,18
18/01/2025,ACCL.TA,133.33507,19
19/01/2025,ACCL.TA,134.43819,20
20/01/2025,ACCL.TA,136.02486,21
21/01/2025,ACCL.TA,140.82231,22
22/01/2025,ACCL.TA,143.09186,23
23/01/2025,ACCL.TA,147.98701,24
24/01/2025,ACCL.TA,150.65617,25
25/01/2025,ACCL.TA,154.11374,26
26/01/2025,ACCL.TA,152.41493,27
27/01/2025,ACCL.TA,148.02052,28
28/01/2025,ACCL.TA,148.50227,29
29/01/2025,ACCL.TA,144.97435,30
31/12/2024,ACKR.TA,763.5763,1
01/01/2025,ACKR.TA,775.74304,2
02/01/2025,ACKR.TA,771.7933,3
03/01/2025,ACKR.TA,753.7152,4
04/01/2025,ACKR.TA,754.2965,5
05/01/2025,ACKR.TA,809.6733,6
06/01/2025,ACKR.TA,865.70386,7
07/01/2025,ACKR.TA,883.44556,8
08/01/2025,ACKR.TA,889.3611,9
09/01/2025,ACKR.TA,916.2845,10
10/01/2025,ACKR.TA,918.879,11
11/01/2025,ACKR.TA,931.3965,12
12/01/2025,ACKR.TA,922.57733,13
13/01/2025,ACKR.TA,951.38245,14
14/01/2025,ACKR.TA,958.70026,15
15/01/2025,ACKR.TA,984.2282,16
16/01/2025,ACKR.TA,1013.64417,17
17/01/2025,ACKR.TA,1031.5302,18
18/01/2025,ACKR.TA,1005.62836,19
19/01/2025,ACKR.TA,988.2319,20
20/01/2025,ACKR.TA,1020.3569,21
21/01/2025,ACKR.TA,960.98175,22
22/01/2025,ACKR.TA,987.4979,23
23/01/2025,ACKR.TA,981.611,24
24/01/2025,ACKR.TA,969.7473,25
25/01/2025,ACKR.TA,1004.7662,26
26/01/2025,ACKR.TA,1004.5219,27
27/01/2025,ACKR.TA,1012.80237,28
28/01/2025,ACKR.TA,1067.8948,29
29/01/2025,ACKR.TA,1123.1316,30
31/12/2024,ACRO.TA,5338.3027,1
01/01/2025,ACRO.TA,5274.1504,2
02/01/2025,ACRO.TA,5275.9487,3
03/01/2025,ACRO.TA,5302.443,4
04/01/2025,ACRO.TA,5400.263,5
05/01/2025,ACRO.TA,5447.9272,6
06/01/2025,ACRO.TA,5567.958,7
07/01/2025,ACRO.TA,5781.247,8
08/01/2025,ACRO.TA,5782.3594,9
09/01/2025,ACRO.TA,5773.698,10
10/01/2025,ACRO.TA,5689.754,11
11/01/2025,ACRO.TA,5849.4897,12
12/01/2025,ACRO.TA,5733.1763,13
13/01/2025,ACRO.TA,5761.0376,14
14/01/2025,ACRO.TA,5768.9004,15
15/01/2025,ACRO.TA,5803.7734,16
16/01/2025,ACRO.TA,5853.654,17
17/01/2025,ACRO.TA,5877.467,18
18/01/2025,ACRO.TA,5865.4175,19
19/01/2025,ACRO.TA,5915.6055,20
20/01/2025,ACRO.TA,5891.776,21
21/01/2025,ACRO.TA,6003.2295,22
22/01/2025,ACRO.TA,5903.8994,23
23/01/2025,ACRO.TA,6077.908,24
24/01/2025,ACRO.TA,6167.157,25
25/01/2025,ACRO.TA,6063.3403,26
26/01/2025,ACRO.TA,6248.9575,27
27/01/2025,ACRO.TA,6329.632,28
28/01/2025,ACRO.TA,6359.3394,29
29/01/2025,ACRO.TA,6353.095,30
31/12/2024,ADGR.TA,545.4225,1
01/01/2025,ADGR.TA,568.26355,2
02/01/2025,ADGR.TA,575.8332,3
03/01/2025,ADGR.TA,581.04016,4
04/01/2025,ADGR.TA,581.04584,5
05/01/2025,ADGR.TA,584.19885,6
06/01/2025,ADGR.TA,593.15186,7
07/01/2025,ADGR.TA,600.4471,8
08/01/2025,ADGR.TA,622.10297,9
09/01/2025,ADGR.TA,614.1396,10
10/01/2025,ADGR.TA,611.11304,11
11/01/2025,ADGR.TA,612.1578,12
12/01/2025,ADGR.TA,627.3905,13
13/01/2025,ADGR.TA,637.5435,14
14/01/2025,ADGR.TA,657.30524,15
15/01/2025,ADGR.TA,661.50745,16
16/01/2025,ADGR.TA,654.2544,17
17/01/2025,ADGR.TA,638.95514,18
18/01/2025,ADGR.TA,640.1475,19
19/01/2025,ADGR.TA,635.9125,20
20/01/2025,ADGR.TA,623.30133,21
21/01/2025,ADGR.TA,602.1657,22
22/01/2025,ADGR.TA,617.3523,23
23/01/2025,ADGR.TA,618.093,24
24/01/2025,ADGR.TA,611.1964,25
25/01/2025,ADGR.TA,604.16156,26
26/01/2025,ADGR.TA,599.10565,27
27/01/2025,ADGR.TA,597.73737,28
28/01/2025,ADGR.TA,621.6657,29
29/01/2025,ADGR.TA,605.45483,30
31/12/2024,ARDM.TA,60.343533,1
01/01/2025,ARDM.TA,54.770576,2
02/01/2025,ARDM.TA,53.81078,3
03/01/2025,ARDM.TA,56.830944,4
04/01/2025,ARDM.TA,59.79258,5
05/01/2025,ARDM.TA,61.84059,6
06/01/2025,ARDM.TA,50.157906,7
07/01/2025,ARDM.TA,53.679527,8
08/01/2025,ARDM.TA,62.554295,9
09/01/2025,ARDM.TA,49.11348,10
10/01/2025,ARDM.TA,47.8795,11
11/01/2025,ARDM.TA,46.116985,12
12/01/2025,ARDM.TA,46.089226,13
13/01/2025,ARDM.TA,51.534916,14
14/01/2025,ARDM.TA,42.81053,15
15/01/2025,ARDM.TA,47.6371,16
16/01/2025,ARDM.TA,56.186295,17
17/01/2025,ARDM.TA,55.984917,18
18/01/2025,ARDM.TA,49.329967,19
19/01/2025,ARDM.TA,48.618053,20
20/01/2025,ARDM.TA,44.23881,21
21/01/2025,ARDM.TA,48.206886,22
22/01/2025,ARDM.TA,49.050392,23
23/01/2025,ARDM.TA,50.41166,24
24/01/2025,ARDM.TA,45.17163,25
25/01/2025,ARDM.TA,43.611954,26
26/01/2025,ARDM.TA,47.20495,27
27/01/2025,ARDM.TA,42.595608,28
28/01/2025,ARDM.TA,44.242718,29
29/01/2025,ARDM.TA,40.442684,30
31/12/2024,AFHL.TA,17562.545,1
01/01/2025,AFHL.TA,17661.863,2
02/01/2025,AFHL.TA,17427.002,3
03/01/2025,AFHL.TA,17562.83,4
04/01/2025,AFHL.TA,17496.033,5
05/01/2025,AFHL.TA,17687.838,6
06/01/2025,AFHL.TA,17959.258,7
07/01/2025,AFHL.TA,17634.098,8
08/01/2025,AFHL.TA,17289.816,9
09/01/2025,AFHL.TA,17256.787,10
10/01/2025,AFHL.TA,17295.217,11
11/01/2025,AFHL.TA,17535.127,12
12/01/2025,AFHL.TA,17370.154,13
13/01/2025,AFHL.TA,17134.787,14
14/01/2025,AFHL.TA,16817.107,15
15/01/2025,AFHL.TA,17343.854,16
16/01/2025,AFHL.TA,17876.479,17
17/01/2025,AFHL.TA,17714.562,18
18/01/2025,AFHL.TA,17853.031,19
19/01/2025,AFHL.TA,17913.488,20
20/01/2025,AFHL.TA,17849.408,21
21/01/2025,AFHL.TA,18130.273,22
22/01/2025,AFHL.TA,18273.94,23
23/01/2025,AFHL.TA,18502.258,24
24/01/2025,AFHL.TA,18700.443,25
25/01/2025,AFHL.TA,18936.266,26
26/01/2025,AFHL.TA,19414.354,27
27/01/2025,AFHL.TA,19455.129,28
28/01/2025,AFHL.TA,19355.63,29
29/01/2025,AFHL.TA,19330.367,30
31/12/2024,AFPR.TA,17503.43,1
01/01/2025,AFPR.TA,17486.342,2
02/01/2025,AFPR.TA,17388.508,3
03/01/2025,AFPR.TA,17467.885,4
04/01/2025,AFPR.TA,17786.457,5
05/01/2025,AFPR.TA,17439.77,6
06/01/2025,AFPR.TA,17218.148,7
07/01/2025,AFPR.TA,16919.236,8
08/01/2025,AFPR.TA,16925.543,9
09/01/2025,AFPR.TA,16932.238,10
10/01/2025,AFPR.TA,17018.617,11
11/01/2025,AFPR.TA,17137.42,12
12/01/2025,AFPR.TA,16974.746,13
13/01/2025,AFPR.TA,17121.484,14
14/01/2025,AFPR.TA,16626.482,15
15/01/2025,AFPR.TA,16639.25,16
16/01/2025,AFPR.TA,16728.14,17
17/01/2025,AFPR.TA,16212.913,18
18/01/2025,AFPR.TA,15722.07,19
19/01/2025,AFPR.TA,15724.057,20
20/01/2025,AFPR.TA,15851.581,21
21/01/2025,AFPR.TA,16014.49,22
22/01/2025,AFPR.TA,15867.064,23
23/01/2025,AFPR.TA,15685.323,24
24/01/2025,AFPR.TA,16069.069,25
25/01/2025,AFPR.TA,16033.664,26
26/01/2025,AFPR.TA,16039.01,27
27/01/2025,AFPR.TA,15997.8125,28
28/01/2025,AFPR.TA,15828.757,29
29/01/2025,AFPR.TA,15875.37,30
31/12/2024,AFRE.TA,26272.996,1
01/01/2025,AFRE.TA,27023.805,2
02/01/2025,AFRE.TA,27162.77,3
03/01/2025,AFRE.TA,27433.814,4
04/01/2025,AFRE.TA,26463.338,5
05/01/2025,AFRE.TA,25756.15,6
06/01/2025,AFRE.TA,25447.535,7
07/01/2025,AFRE.TA,25176.719,8
08/01/2025,AFRE.TA,25305.463,9
09/01/2025,AFRE.TA,25483.771,10
10/01/2025,AFRE.TA,25917.13,11
11/01/2025,AFRE.TA,25886.531,12
12/01/2025,AFRE.TA,26231.574,13
13/01/2025,AFRE.TA,26388.7,14
14/01/2025,AFRE.TA,26430.123,15
15/01/2025,AFRE.TA,26768.11,16
16/01/2025,AFRE.TA,27206.404,17
17/01/2025,AFRE.TA,27591.635,18
18/01/2025,AFRE.TA,28102.51,19
19/01/2025,AFRE.TA,29441.809,20
20/01/2025,AFRE.TA,29393.523,21
21/01/2025,AFRE.TA,29494.578,22
22/01/2025,AFRE.TA,30000.598,23
23/01/2025,AFRE.TA,29688.387,24
24/01/2025,AFRE.TA,30578.195,25
25/01/2025,AFRE.TA,30746.99,26
26/01/2025,AFRE.TA,31127.557,27
27/01/2025,AFRE.TA,32655.701,28
28/01/2025,AFRE.TA,33505.79,29
29/01/2025,AFRE.TA,32797.3,30
31/12/2024,ARPT.TA,5804.449,1
01/01/2025,ARPT.TA,5887.8276,2
02/01/2025,ARPT.TA,5836.557,3
03/01/2025,ARPT.TA,5826.863,4
04/01/2025,ARPT.TA,5978.68,5
05/01/2025,ARPT.TA,5997.029,6
06/01/2025,ARPT.TA,5989.884,7
07/01/2025,ARPT.TA,6012.99,8
08/01/2025,ARPT.TA,6004.201,9
09/01/2025,ARPT.TA,6125.5283,10
10/01/2025,ARPT.TA,6234.35,11
11/01/2025,ARPT.TA,6224.903,12
12/01/2025,ARPT.TA,6332.446,13
13/01/2025,ARPT.TA,6300.2026,14
14/01/2025,ARPT.TA,6315.8906,15
15/01/2025,ARPT.TA,6218.994,16
16/01/2025,ARPT.TA,6233.524,17
17/01/2025,ARPT.TA,6106.84,18
18/01/2025,ARPT.TA,6024.383,19
19/01/2025,ARPT.TA,5948.635,20
20/01/2025,ARPT.TA,6074.366,21
21/01/2025,ARPT.TA,6099.4316,22
22/01/2025,ARPT.TA,5940.673,23
23/01/2025,ARPT.TA,5837.0435,24
24/01/2025,ARPT.TA,5953.231,25
25/01/2025,ARPT.TA,5919.9287,26
26/01/2025,ARPT.TA,6018.191,27
27/01/2025,ARPT.TA,5914.621,28
28/01/2025,ARPT.TA,5854.368,29
29/01/2025,ARPT.TA,5981.3384,30
31/12/2024,ARTS.TA,48.99135,1
01/01/2025,ARTS.TA,49.381947,2
02/01/2025,ARTS.TA,46.60019,3
03/01/2025,ARTS.TA,53.82515,4
04/01/2025,ARTS.TA,51.472763,5
05/01/2025,ARTS.TA,60.127625,6
06/01/2025,ARTS.TA,55.339634,7
07/01/2025,ARTS.TA,60.85896,8
08/01/2025,ARTS.TA,61.561565,9
09/01/2025,ARTS.TA,55.790092,10
10/01/2025,ARTS.TA,58.062695,11
11/01/2025,ARTS.TA,54.46635,12
12/01/2025,ARTS.TA,57.3006,13
13/01/2025,ARTS.TA,59.708588,14
14/01/2025,ARTS.TA,58.669178,15
15/01/2025,ARTS.TA,69.63598,16
16/01/2025,ARTS.TA,77.17422,17
17/01/2025,ARTS.TA,88.43422,18
18/01/2025,ARTS.TA,103.98204,19
19/01/2025,ARTS.TA,113.57576,20
20/01/2025,ARTS.TA,135.78238,21
21/01/2025,ARTS.TA,148.34702,22
22/01/2025,ARTS.TA,144.84041,23
23/01/2025,ARTS.TA,132.1843,24
24/01/2025,ARTS.TA,122.75855,25
25/01/2025,ARTS.TA,132.30807,26
26/01/2025,ARTS.TA,148.67822,27
27/01/2025,ARTS.TA,183.45273,28
28/01/2025,ARTS.TA,173.00394,29
29/01/2025,ARTS.TA,165.98811,30
31/12/2024,ALAR.TA,565.9023,1
01/01/2025,ALAR.TA,591.37805,2
02/01/2025,ALAR.TA,579.6737,3
03/01/2025,ALAR.TA,651.99146,4
04/01/2025,ALAR.TA,687.92377,5
05/01/2025,ALAR.TA,700.01013,6
06/01/2025,ALAR.TA,740.5316,7
07/01/2025,ALAR.TA,775.5117,8
08/01/2025,ALAR.TA,765.29425,9
09/01/2025,ALAR.TA,779.9913,10
10/01/2025,ALAR.TA,766.7295,11
11/01/2025,ALAR.TA,740.2444,12
12/01/2025,ALAR.TA,776.0578,13
13/01/2025,ALAR.TA,725.4864,14
14/01/2025,ALAR.TA,690.95605,15
15/01/2025,ALAR.TA,726.4279,16
16/01/2025,ALAR.TA,687.52167,17
17/01/2025,ALAR.TA,644.0848,18
18/01/2025,ALAR.TA,610.8172,19
19/01/2025,ALAR.TA,590.2695,20
20/01/2025,ALAR.TA,618.6196,21
21/01/2025,ALAR.TA,515.21216,22
22/01/2025,ALAR.TA,570.9823,23
23/01/2025,ALAR.TA,519.4171,24
24/01/2025,ALAR.TA,524.01794,25
25/01/2025,ALAR.TA,469.9308,26
26/01/2025,ALAR.TA,482.3669,27
27/01/2025,ALAR.TA,469.30164,28
28/01/2025,ALAR.TA,474.23444,29
29/01/2025,ALAR.TA,429.42575,30
31/12/2024,ALBA.TA,1836.7417,1
01/01/2025,ALBA.TA,1940.2773,2
02/01/2025,ALBA.TA,1844.051,3
03/01/2025,ALBA.TA,1973.5981,4
04/01/2025,ALBA.TA,1968.3867,5
05/01/2025,ALBA.TA,1832.0651,6
06/01/2025,ALBA.TA,1762.7197,7
07/01/2025,ALBA.TA,1832.0358,8
08/01/2025,ALBA.TA,1844.6066,9
09/01/2025,ALBA.TA,1889.249,10
10/01/2025,ALBA.TA,1989.4641,11
11/01/2025,ALBA.TA,1971.4257,12
12/01/2025,ALBA.TA,1889.2935,13
13/01/2025,ALBA.TA,1854.2024,14
14/01/2025,ALBA.TA,1859.1024,15
15/01/2025,ALBA.TA,1764.1874,16
16/01/2025,ALBA.TA,1718.4336,17
17/01/2025,ALBA.TA,1658.0895,18
18/01/2025,ALBA.TA,1646.8695,19
19/01/2025,ALBA.TA,1592.7365,20
20/01/2025,ALBA.TA,1554.3203,21
21/01/2025,ALBA.TA,1579.0839,22
22/01/2025,ALBA.TA,1691.0823,23
23/01/2025,ALBA.TA,1637.9979,24
24/01/2025,ALBA.TA,1634.5469,25
25/01/2025,ALBA.TA,1629.6925,26
26/01/2025,ALBA.TA,1728.5809,27
27/01/2025,ALBA.TA,1704.6981,28
28/01/2025,ALBA.TA,1723.6461,29
29/01/2025,ALBA.TA,1686.3988,30
31/12/2024,ALMD.TA,35.546154,1
01/01/2025,ALMD.TA,37.570065,2
02/01/2025,ALMD.TA,37.932907,3
03/01/2025,ALMD.TA,36.789925,4
04/01/2025,ALMD.TA,35.69059,5
05/01/2025,ALMD.TA,37.184254,6
06/01/2025,ALMD.TA,36.49047,7
07/01/2025,ALMD.TA,35.701942,8
08/01/2025,ALMD.TA,35.835766,9
09/01/2025,ALMD.TA,35.238525,10
10/01/2025,ALMD.TA,34.804905,11
11/01/2025,ALMD.TA,33.264004,12
12/01/2025,ALMD.TA,33.139606,13
13/01/2025,ALMD.TA,33.19572,14
14/01/2025,ALMD.TA,33.247505,15
15/01/2025,ALMD.TA,32.906372,16
16/01/2025,ALMD.TA,33.718407,17
17/01/2025,ALMD.TA,33.31704,18
18/01/2025,ALMD.TA,32.843147,19
19/01/2025,ALMD.TA,32.5692,20
20/01/2025,ALMD.TA,31.249043,21
21/01/2025,ALMD.TA,32.730206,22
22/01/2025,ALMD.TA,33.44641,23
23/01/2025,ALMD.TA,33.459095,24
24/01/2025,ALMD.TA,34.12232,25
25/01/2025,ALMD.TA,33.29293,26
26/01/2025,ALMD.TA,33.522404,27
27/01/2025,ALMD.TA,33.32242,28
28/01/2025,ALMD.TA,32.346992,29
29/01/2025,ALMD.TA,33.61406,30
31/12/2024,ALLT.TA,2075.38,1
01/01/2025,ALLT.TA,2060.7913,2
02/01/2025,ALLT.TA,2339.4211,3
03/01/2025,ALLT.TA,2093.7634,4
04/01/2025,ALLT.TA,2246.2107,5
05/01/2025,ALLT.TA,2205.0188,6
06/01/2025,ALLT.TA,2319.85,7
07/01/2025,ALLT.TA,2476.7847,8
08/01/2025,ALLT.TA,2667.0198,9
09/01/2025,ALLT.TA,2617.002,10
10/01/2025,ALLT.TA,2383.3213,11
11/01/2025,ALLT.TA,2334.7688,12
12/01/2025,ALLT.TA,2115.5747,13
13/01/2025,ALLT.TA,1966.4254,14
14/01/2025,ALLT.TA,1974.8053,15
15/01/2025,ALLT.TA,1912.1091,16
16/01/2025,ALLT.TA,1902.2104,17
17/01/2025,ALLT.TA,1930.1145,18
18/01/2025,ALLT.TA,1947.0071,19
19/01/2025,ALLT.TA,2231.383,20
20/01/2025,ALLT.TA,2251.6882,21
21/01/2025,ALLT.TA,2068.9639,22
22/01/2025,ALLT.TA,2277.6045,23
23/01/2025,ALLT.TA,2105.3606,24
24/01/2025,ALLT.TA,2032.5316,25
25/01/2025,ALLT.TA,2203.0554,26
26/01/2025,ALLT.TA,2312.9617,27
27/01/2025,ALLT.TA,2410.6697,28
28/01/2025,ALLT.TA,2088.0654,29
29/01/2025,ALLT.TA,2208.7144,30
31/12/2024,ALMY.TA,-1322.004,1
01/01/2025,ALMY.TA,-2449.3047,2
02/01/2025,ALMY.TA,4247.0723,3
03/01/2025,ALMY.TA,3966.451,4
04/01/2025,ALMY.TA,13990.702,5
05/01/2025,ALMY.TA,-15396.876,6
06/01/2025,ALMY.TA,-25621.658,7
07/01/2025,ALMY.TA,-12600.798,8
08/01/2025,ALMY.TA,30599.607,9
09/01/2025,ALMY.TA,59946.87,10
10/01/2025,ALMY.TA,43842.336,11
11/01/2025,ALMY.TA,92304.516,12
12/01/2025,ALMY.TA,184001.56,13
13/01/2025,ALMY.TA,112270.38,14
14/01/2025,ALMY.TA,140429.88,15
15/01/2025,ALMY.TA,-325856.47,16
16/01/2025,ALMY.TA,-201673.55,17
17/01/2025,ALMY.TA,272111.4,18
18/01/2025,ALMY.TA,-905.2974,19
19/01/2025,ALMY.TA,-209.124,20
20/01/2025,ALMY.TA,-85.16456,21
21/01/2025,ALMY.TA,143.83606,22
22/01/2025,ALMY.TA,307.15942,23
23/01/2025,ALMY.TA,163.8024,24
24/01/2025,ALMY.TA,-206.17671,25
25/01/2025,ALMY.TA,-491.12387,26
26/01/2025,ALMY.TA,1082.834,27
27/01/2025,ALMY.TA,5241.3306,28
28/01/2025,ALMY.TA,1987.6826,29
29/01/2025,ALMY.TA,4469.4355,30
26/12/2024,AMDA.TA,158.53207,1
27/12/2024,AMDA.TA,158.34892,2
28/12/2024,AMDA.TA,154.5196,3
29/12/2024,AMDA.TA,161.31522,4
30/12/2024,AMDA.TA,158.14935,5
31/12/2024,AMDA.TA,160.92905,6
01/01/2025,AMDA.TA,158.52794,7
02/01/2025,AMDA.TA,151.30235,8
03/01/2025,AMDA.TA,146.64664,9
04/01/2025,AMDA.TA,147.21002,10
05/01/2025,AMDA.TA,145.47014,11
06/01/2025,AMDA.TA,143.39636,12
07/01/2025,AMDA.TA,139.70259,13
08/01/2025,AMDA.TA,142.42917,14
09/01/2025,AMDA.TA,150.01627,15
10/01/2025,AMDA.TA,147.41309,16
11/01/2025,AMDA.TA,151.01619,17
12/01/2025,AMDA.TA,152.77133,18
13/01/2025,AMDA.TA,160.0698,19
14/01/2025,AMDA.TA,154.01869,20
15/01/2025,AMDA.TA,152.13364,21
16/01/2025,AMDA.TA,153.76842,22
17/01/2025,AMDA.TA,143.61232,23
18/01/2025,AMDA.TA,143.82414,24
19/01/2025,AMDA.TA,144.67122,25
20/01/2025,AMDA.TA,144.32841,26
21/01/2025,AMDA.TA,143.56017,27
22/01/2025,AMDA.TA,144.25148,28
23/01/2025,AMDA.TA,143.78296,29
24/01/2025,AMDA.TA,139.28223,30
31/12/2024,ALMA.TA,1080.0533,1
01/01/2025,ALMA.TA,1108.0143,2
02/01/2025,ALMA.TA,1129.8033,3
03/01/2025,ALMA.TA,1110.1366,4
04/01/2025,ALMA.TA,1111.4932,5
05/01/2025,ALMA.TA,1091.2845,6
06/01/2025,ALMA.TA,1104.0946,7
07/01/2025,ALMA.TA,1103.0209,8
08/01/2025,ALMA.TA,1114.1085,9
09/01/2025,ALMA.TA,1112.6058,10
10/01/2025,ALMA.TA,1096.0765,11
11/01/2025,ALMA.TA,1082.301,12
12/01/2025,ALMA.TA,1053.5175,13
13/01/2025,ALMA.TA,1052.8889,14
14/01/2025,ALMA.TA,1052.9692,15
15/01/2025,ALMA.TA,1068.486,16
16/01/2025,ALMA.TA,1055.1141,17
17/01/2025,ALMA.TA,1034.9603,18
18/01/2025,ALMA.TA,1060.593,19
19/01/2025,ALMA.TA,1048.4395,20
20/01/2025,ALMA.TA,1043.7687,21
21/01/2025,ALMA.TA,1074.6027,22
22/01/2025,ALMA.TA,1078.8885,23
23/01/2025,ALMA.TA,1047.5729,24
24/01/2025,ALMA.TA,1057.2214,25
25/01/2025,ALMA.TA,1062.2625,26
26/01/2025,ALMA.TA,1078.2614,27
27/01/2025,ALMA.TA,1082.7386,28
28/01/2025,ALMA.TA,1061.4563,29
29/01/2025,ALMA.TA,1092.9327,30
31/12/2024,ALHE.TA,2902.8293,1
01/01/2025,ALHE.TA,2866.9211,2
02/01/2025,ALHE.TA,2787.1194,3
03/01/2025,ALHE.TA,2758.811,4
04/01/2025,ALHE.TA,2787.4805,5
05/01/2025,ALHE.TA,2706.3608,6
06/01/2025,ALHE.TA,2836.0752,7
07/01/2025,ALHE.TA,3032.8562,8
08/01/2025,ALHE.TA,3073.5798,9
09/01/2025,ALHE.TA,3146.0793,10
10/01/2025,ALHE.TA,3121.1775,11
11/01/2025,ALHE.TA,3275.6182,12
12/01/2025,ALHE.TA,3300.1226,13
13/01/2025,ALHE.TA,3169.5261,14
14/01/2025,ALHE.TA,3154.5012,15
15/01/2025,ALHE.TA,3199.1152,16
16/01/2025,ALHE.TA,2953.3328,17
17/01/2025,ALHE.TA,2958.335,18
18/01/2025,ALHE.TA,2950.368,19
19/01/2025,ALHE.TA,3043.1912,20
20/01/2025,ALHE.TA,3049.6145,21
21/01/2025,ALHE.TA,2992.6248,22
22/01/2025,ALHE.TA,2984.9224,23
23/01/2025,ALHE.TA,3110.5725,24
24/01/2025,ALHE.TA,3164.0605,25
25/01/2025,ALHE.TA,3233.4424,26
26/01/2025,ALHE.TA,3218.3672,27
27/01/2025,ALHE.TA,3166.936,28
28/01/2025,ALHE.TA,3091.2021,29
29/01/2025,ALHE.TA,3167.8762,30
31/12/2024,ALRPR.TA,16902.266,1
01/01/2025,ALRPR.TA,17123.3,2
02/01/2025,ALRPR.TA,17687.89,3
03/01/2025,ALRPR.TA,18145.088,4
04/01/2025,ALRPR.TA,17695.945,5
05/01/2025,ALRPR.TA,17854.857,6
06/01/2025,ALRPR.TA,17576.441,7
07/01/2025,ALRPR.TA,17986.854,8
08/01/2025,ALRPR.TA,17888.242,9
09/01/2025,ALRPR.TA,17906.33,10
10/01/2025,ALRPR.TA,17902.615,11
11/01/2025,ALRPR.TA,18491.662,12
12/01/2025,ALRPR.TA,18357.191,13
13/01/2025,ALRPR.TA,18058.244,14
14/01/2025,ALRPR.TA,18293.418,15
15/01/2025,ALRPR.TA,18356.883,16
16/01/2025,ALRPR.TA,18109.98,17
17/01/2025,ALRPR.TA,18236.46,18
18/01/2025,ALRPR.TA,18292.53,19
19/01/2025,ALRPR.TA,17993.064,20
20/01/2025,ALRPR.TA,18355.176,21
21/01/2025,ALRPR.TA,18646.285,22
22/01/2025,ALRPR.TA,18938.775,23
23/01/2025,ALRPR.TA,19112.68,24
24/01/2025,ALRPR.TA,19087.227,25
25/01/2025,ALRPR.TA,19213.05,26
26/01/2025,ALRPR.TA,19286.441,27
27/01/2025,ALRPR.TA,19706.451,28
28/01/2025,ALRPR.TA,19794.803,29
29/01/2025,ALRPR.TA,19731.709,30
31/12/2024,ALUMA.TA,37.405685,1
01/01/2025,ALUMA.TA,34.81221,2
02/01/2025,ALUMA.TA,34.682545,3
03/01/2025,ALUMA.TA,36.887783,4
04/01/2025,ALUMA.TA,36.447327,5
05/01/2025,ALUMA.TA,39.861515,6
06/01/2025,ALUMA.TA,37.052467,7
07/01/2025,ALUMA.TA,36.99817,8
08/01/2025,ALUMA.TA,42.58053,9
09/01/2025,ALUMA.TA,42.17742,10
10/01/2025,ALUMA.TA,45.91385,11
11/01/2025,ALUMA.TA,51.091476,12
12/01/2025,ALUMA.TA,50.530266,13
13/01/2025,ALUMA.TA,50.489445,14
14/01/2025,ALUMA.TA,47.23565,15
15/01/2025,ALUMA.TA,46.76029,16
16/01/2025,ALUMA.TA,53.693676,17
17/01/2025,ALUMA.TA,50.968414,18
18/01/2025,ALUMA.TA,54.266964,19
19/01/2025,ALUMA.TA,51.322983,20
20/01/2025,ALUMA.TA,48.23649,21
21/01/2025,ALUMA.TA,52.86451,22
22/01/2025,ALUMA.TA,51.804966,23
23/01/2025,ALUMA.TA,52.226368,24
24/01/2025,ALUMA.TA,59.435413,25
25/01/2025,ALUMA.TA,62.198345,26
26/01/2025,ALUMA.TA,63.59936,27
27/01/2025,ALUMA.TA,58.56171,28
28/01/2025,ALUMA.TA,62.037125,29
29/01/2025,ALUMA.TA,60.296165,30
31/12/2024,AMAN.TA,1615.4796,1
01/01/2025,AMAN.TA,1627.7236,2
02/01/2025,AMAN.TA,1604.9736,3
03/01/2025,AMAN.TA,1617.6672,4
04/01/2025,AMAN.TA,1605.0044,5
05/01/2025,AMAN.TA,1638.1606,6
06/01/2025,AMAN.TA,1616.8376,7
07/01/2025,AMAN.TA,1598.193,8
08/01/2025,AMAN.TA,1648.4696,9
09/01/2025,AMAN.TA,1671.8269,10
10/01/2025,AMAN.TA,1699.4891,11
11/01/2025,AMAN.TA,1679.4926,12
12/01/2025,AMAN.TA,1704.2076,13
13/01/2025,AMAN.TA,1695.2172,14
14/01/2025,AMAN.TA,1645.8751,15
15/01/2025,AMAN.TA,1661.8706,16
16/01/2025,AMAN.TA,1665.7205,17
17/01/2025,AMAN.TA,1714.774,18
18/01/2025,AMAN.TA,1690.9761,19
19/01/2025,AMAN.TA,1675.4279,20
20/01/2025,AMAN.TA,1686.1935,21
21/01/2025,AMAN.TA,1689.1082,22
22/01/2025,AMAN.TA,1679.0472,23
23/01/2025,AMAN.TA,1712.5005,24
24/01/2025,AMAN.TA,1704.3508,25
25/01/2025,AMAN.TA,1683.8777,26
26/01/2025,AMAN.TA,1670.4517,27
27/01/2025,AMAN.TA,1665.0256,28
28/01/2025,AMAN.TA,1643.9102,29
29/01/2025,AMAN.TA,1625.6409,30
31/12/2024,AMD.TA,925.61414,1
01/01/2025,AMD.TA,932.63055,2
02/01/2025,AMD.TA,944.6553,3
03/01/2025,AMD.TA,951.6055,4
04/01/2025,AMD.TA,954.59753,5
05/01/2025,AMD.TA,938.29047,6
06/01/2025,AMD.TA,942.95416,7
07/01/2025,AMD.TA,942.37506,8
08/01/2025,AMD.TA,959.9215,9
09/01/2025,AMD.TA,958.0064,10
10/01/2025,AMD.TA,953.0668,11
11/01/2025,AMD.TA,948.05414,12
12/01/2025,AMD.TA,929.7098,13
13/01/2025,AMD.TA,918.154,14
14/01/2025,AMD.TA,919.4071,15
15/01/2025,AMD.TA,923.12427,16
16/01/2025,AMD.TA,922.01306,17
17/01/2025,AMD.TA,920.76697,18
18/01/2025,AMD.TA,922.75775,19
19/01/2025,AMD.TA,928.25726,20
20/01/2025,AMD.TA,927.67725,21
21/01/2025,AMD.TA,917.0075,22
22/01/2025,AMD.TA,907.9779,23
23/01/2025,AMD.TA,902.44,24
24/01/2025,AMD.TA,902.7789,25
25/01/2025,AMD.TA,916.6037,26
26/01/2025,AMD.TA,894.0511,27
27/01/2025,AMD.TA,879.5614,28
28/01/2025,AMD.TA,898.2656,29
29/01/2025,AMD.TA,898.07025,30
31/12/2024,AMRK.TA,2781.1936,1
01/01/2025,AMRK.TA,2750.9648,2
02/01/2025,AMRK.TA,2772.1147,3
03/01/2025,AMRK.TA,2801.1926,4
04/01/2025,AMRK.TA,2810.0352,5
05/01/2025,AMRK.TA,3006.319,6
06/01/2025,AMRK.TA,2980.4727,7
07/01/2025,AMRK.TA,2942.3633,8
08/01/2025,AMRK.TA,3020.1538,9
09/01/2025,AMRK.TA,3023.865,10
10/01/2025,AMRK.TA,2988.782,11
11/01/2025,AMRK.TA,2911.0781,12
12/01/2025,AMRK.TA,2868.8474,13
13/01/2025,AMRK.TA,2722.7488,14
14/01/2025,AMRK.TA,2629.437,15
15/01/2025,AMRK.TA,2574.6099,16
16/01/2025,AMRK.TA,2471.191,17
17/01/2025,AMRK.TA,2537.1914,18
18/01/2025,AMRK.TA,2513.5947,19
19/01/2025,AMRK.TA,2473.5369,20
20/01/2025,AMRK.TA,2510.058,21
21/01/2025,AMRK.TA,2400.754,22
22/01/2025,AMRK.TA,2357.2998,23
23/01/2025,AMRK.TA,2471.6445,24
24/01/2025,AMRK.TA,2484.1533,25
25/01/2025,AMRK.TA,2405.3247,26
26/01/2025,AMRK.TA,2407.7449,27
27/01/2025,AMRK.TA,2363.7634,28
28/01/2025,AMRK.TA,2455.0427,29
29/01/2025,AMRK.TA,2428.8762,30
31/12/2024,AMOT.TA,1964.0132,1
01/01/2025,AMOT.TA,2013.8364,2
02/01/2025,AMOT.TA,1968.9298,3
03/01/2025,AMOT.TA,2015.3438,4
04/01/2025,AMOT.TA,2011.5491,5
05/01/2025,AMOT.TA,1969.588,6
06/01/2025,AMOT.TA,1981.5599,7
07/01/2025,AMOT.TA,2004.2378,8
08/01/2025,AMOT.TA,2048.7124,9
09/01/2025,AMOT.TA,2035.1455,10
10/01/2025,AMOT.TA,2113.531,11
11/01/2025,AMOT.TA,2159.308,12
12/01/2025,AMOT.TA,2139.2837,13
13/01/2025,AMOT.TA,2120.7556,14
14/01/2025,AMOT.TA,2109.912,15
15/01/2025,AMOT.TA,2097.3413,16
16/01/2025,AMOT.TA,2105.5872,17
17/01/2025,AMOT.TA,2124.746,18
18/01/2025,AMOT.TA,2164.2412,19
19/01/2025,AMOT.TA,2130.6519,20
20/01/2025,AMOT.TA,2124.8826,21
21/01/2025,AMOT.TA,2125.757,22
22/01/2025,AMOT.TA,2137.0195,23
23/01/2025,AMOT.TA,2111.837,24
24/01/2025,AMOT.TA,2179.5974,25
25/01/2025,AMOT.TA,2164.2107,26
26/01/2025,AMOT.TA,2208.391,27
27/01/2025,AMOT.TA,2268.2378,28
28/01/2025,AMOT.TA,2266.6367,29
29/01/2025,AMOT.TA,2282.6309,30
31/12/2024,AMRM.TA,3169.7424,1
01/01/2025,AMRM.TA,3166.1663,2
02/01/2025,AMRM.TA,3166.1814,3
03/01/2025,AMRM.TA,3171.3154,4
04/01/2025,AMRM.TA,3167.862,5
05/01/2025,AMRM.TA,3154.2234,6
06/01/2025,AMRM.TA,3166.937,7
07/01/2025,AMRM.TA,3163.6091,8
08/01/2025,AMRM.TA,3163.117,9
09/01/2025,AMRM.TA,3166.6162,10
10/01/2025,AMRM.TA,3167.7097,11
11/01/2025,AMRM.TA,3174.9536,12
12/01/2025,AMRM.TA,3179.593,13
13/01/2025,AMRM.TA,3171.0093,14
14/01/2025,AMRM.TA,3167.5059,15
15/01/2025,AMRM.TA,3179.1487,16
16/01/2025,AMRM.TA,3173.252,17
17/01/2025,AMRM.TA,3183.6614,18
18/01/2025,AMRM.TA,3188.9941,19
19/01/2025,AMRM.TA,3197.8042,20
20/01/2025,AMRM.TA,3200.1086,21
21/01/2025,AMRM.TA,3218.089,22
22/01/2025,AMRM.TA,3227.2332,23
23/01/2025,AMRM.TA,3223.0745,24
24/01/2025,AMRM.TA,3232.4387,25
25/01/2025,AMRM.TA,3236.4658,26
26/01/2025,AMRM.TA,3237.0684,27
27/01/2025,AMRM.TA,3230.4978,28
28/01/2025,AMRM.TA,3226.5515,29
29/01/2025,AMRM.TA,3210.657,30
31/12/2024,ANGL.TA,3737.5706,1
01/01/2025,ANGL.TA,3617.5,2
02/01/2025,ANGL.TA,3566.0261,3
03/01/2025,ANGL.TA,3419.06,4
04/01/2025,ANGL.TA,3420.9329,5
05/01/2025,ANGL.TA,3249.5842,6
06/01/2025,ANGL.TA,3400.1367,7
07/01/2025,ANGL.TA,3397.8298,8
08/01/2025,ANGL.TA,3392.7495,9
09/01/2025,ANGL.TA,3398.7722,10
10/01/2025,ANGL.TA,3507.0884,11
11/01/2025,ANGL.TA,3415.786,12
12/01/2025,ANGL.TA,3377.027,13
13/01/2025,ANGL.TA,3212.217,14
14/01/2025,ANGL.TA,3223.4355,15
15/01/2025,ANGL.TA,3269.6125,16
16/01/2025,ANGL.TA,3196.0005,17
17/01/2025,ANGL.TA,3171.4668,18
18/01/2025,ANGL.TA,3217.6577,19
19/01/2025,ANGL.TA,3289.281,20
20/01/2025,ANGL.TA,3388.5913,21
21/01/2025,ANGL.TA,3491.4434,22
22/01/2025,ANGL.TA,3370.718,23
23/01/2025,ANGL.TA,3375.626,24
24/01/2025,ANGL.TA,3480.8337,25
25/01/2025,ANGL.TA,3554.9736,26
26/01/2025,ANGL.TA,3506.5774,27
27/01/2025,ANGL.TA,3548.1785,28
28/01/2025,ANGL.TA,3522.4902,29
29/01/2025,ANGL.TA,3617.4429,30
31/12/2024,APLP.TA,367.20654,1
01/01/2025,APLP.TA,436.16995,2
02/01/2025,APLP.TA,401.6134,3
03/01/2025,APLP.TA,535.72723,4
04/01/2025,APLP.TA,639.6526,5
05/01/2025,APLP.TA,504.40106,6
06/01/2025,APLP.TA,547.90765,7
07/01/2025,APLP.TA,468.47693,8
08/01/2025,APLP.TA,507.993,9
09/01/2025,APLP.TA,442.2369,10
10/01/2025,APLP.TA,431.40714,11
11/01/2025,APLP.TA,548.28906,12
12/01/2025,APLP.TA,463.9052,13
13/01/2025,APLP.TA,476.5185,14
14/01/2025,APLP.TA,475.90256,15
15/01/2025,APLP.TA,535.26227,16
16/01/2025,APLP.TA,478.01114,17
17/01/2025,APLP.TA,431.89285,18
18/01/2025,APLP.TA,525.31494,19
19/01/2025,APLP.TA,528.6524,20
20/01/2025,APLP.TA,592.1968,21
21/01/2025,APLP.TA,442.674,22
22/01/2025,APLP.TA,437.12723,23
23/01/2025,APLP.TA,618.7842,24
24/01/2025,APLP.TA,407.7631,25
25/01/2025,APLP.TA,467.03912,26
26/01/2025,APLP.TA,467.18555,27
27/01/2025,APLP.TA,485.11652,28
28/01/2025,APLP.TA,516.60187,29
29/01/2025,APLP.TA,480.194,30
31/12/2024,AQUA.TA,102.59012,1
01/01/2025,AQUA.TA,73.93075,2
02/01/2025,AQUA.TA,87.71669,3
03/01/2025,AQUA.TA,109.32222,4
04/01/2025,AQUA.TA,131.16696,5
05/01/2025,AQUA.TA,120.36339,6
06/01/2025,AQUA.TA,123.196976,7
07/01/2025,AQUA.TA,65.31681,8
08/01/2025,AQUA.TA,32.732315,9
09/01/2025,AQUA.TA,39.905678,10
10/01/2025,AQUA.TA,50.67433,11
11/01/2025,AQUA.TA,58.401947,12
12/01/2025,AQUA.TA,37.779335,13
13/01/2025,AQUA.TA,49.901463,14
14/01/2025,AQUA.TA,51.042633,15
15/01/2025,AQUA.TA,82.162186,16
16/01/2025,AQUA.TA,67.70961,17
17/01/2025,AQUA.TA,71.26624,18
18/01/2025,AQUA.TA,92.08463,19
19/01/2025,AQUA.TA,112.289246,20
20/01/2025,AQUA.TA,132.79413,21
21/01/2025,AQUA.TA,110.04964,22
22/01/2025,AQUA.TA,172.30696,23
23/01/2025,AQUA.TA,113.121605,24
24/01/2025,AQUA.TA,109.91594,25
25/01/2025,AQUA.TA,124.695694,26
26/01/2025,AQUA.TA,105.1057,27
27/01/2025,AQUA.TA,115.65342,28
28/01/2025,AQUA.TA,119.01359,29
29/01/2025,AQUA.TA,115.62661,30
31/12/2024,ARD.TA,5002.1445,1
01/01/2025,ARD.TA,5096.0957,2
02/01/2025,ARD.TA,5153.7314,3
03/01/2025,ARD.TA,5102.0693,4
04/01/2025,ARD.TA,5022.3916,5
05/01/2025,ARD.TA,5142.9766,6
06/01/2025,ARD.TA,5186.4834,7
07/01/2025,ARD.TA,5388.84,8
08/01/2025,ARD.TA,5467.0737,9
09/01/2025,ARD.TA,5381.926,10
10/01/2025,ARD.TA,5408.1753,11
11/01/2025,ARD.TA,5444.897,12
12/01/2025,ARD.TA,5524.2617,13
13/01/2025,ARD.TA,5583.4595,14
14/01/2025,ARD.TA,5468.927,15
15/01/2025,ARD.TA,5589.8677,16
16/01/2025,ARD.TA,5533.0386,17
17/01/2025,ARD.TA,5488.176,18
18/01/2025,ARD.TA,5414.589,19
19/01/2025,ARD.TA,5498.7485,20
20/01/2025,ARD.TA,5519.9507,21
21/01/2025,ARD.TA,5624.1562,22
22/01/2025,ARD.TA,5798.4697,23
23/01/2025,ARD.TA,5788.8867,24
24/01/2025,ARD.TA,5719.675,25
25/01/2025,ARD.TA,5745.4893,26
26/01/2025,ARD.TA,5792.0566,27
27/01/2025,ARD.TA,5928.7983,28
28/01/2025,ARD.TA,5966.904,29
29/01/2025,ARD.TA,6091.6797,30
31/12/2024,ARAN.TA,1941.2294,1
01/01/2025,ARAN.TA,1940.0936,2
02/01/2025,ARAN.TA,1964.9474,3
03/01/2025,ARAN.TA,1933.5367,4
04/01/2025,ARAN.TA,1938.9386,5
05/01/2025,ARAN.TA,1951.9869,6
06/01/2025,ARAN.TA,1927.5369,7
07/01/2025,ARAN.TA,1900.3972,8
08/01/2025,ARAN.TA,1896.933,9
09/01/2025,ARAN.TA,1888.3414,10
10/01/2025,ARAN.TA,1903.4338,11
11/01/2025,ARAN.TA,1925.3892,12
12/01/2025,ARAN.TA,1939.9661,13
13/01/2025,ARAN.TA,1946.5394,14
14/01/2025,ARAN.TA,1917.2758,15
15/01/2025,ARAN.TA,1926.7234,16
16/01/2025,ARAN.TA,1934.1001,17
17/01/2025,ARAN.TA,1983.1241,18
18/01/2025,ARAN.TA,1982.9158,19
19/01/2025,ARAN.TA,2009.717,20
20/01/2025,ARAN.TA,2008.7706,21
21/01/2025,ARAN.TA,2000.2103,22
22/01/2025,ARAN.TA,2016.3871,23
23/01/2025,ARAN.TA,2007.6628,24
24/01/2025,ARAN.TA,1989.8743,25
25/01/2025,ARAN.TA,1975.8672,26
26/01/2025,ARAN.TA,1992.512,27
27/01/2025,ARAN.TA,1996.3217,28
28/01/2025,ARAN.TA,2000.1879,29
29/01/2025,ARAN.TA,2027.3036,30
31/12/2024,ARBE.TA,665.1436,1
01/01/2025,ARBE.TA,667.8252,2
02/01/2025,ARBE.TA,665.71893,3
03/01/2025,ARBE.TA,668.11536,4
04/01/2025,ARBE.TA,663.5764,5
05/01/2025,ARBE.TA,663.29,6
06/01/2025,ARBE.TA,662.43524,7
07/01/2025,ARBE.TA,664.6041,8
08/01/2025,ARBE.TA,667.9348,9
09/01/2025,ARBE.TA,671.87646,10
10/01/2025,ARBE.TA,676.18256,11
11/01/2025,ARBE.TA,677.95856,12
12/01/2025,ARBE.TA,680.8885,13
13/01/2025,ARBE.TA,687.76465,14
14/01/2025,ARBE.TA,686.298,15
15/01/2025,ARBE.TA,693.6592,16
16/01/2025,ARBE.TA,697.2287,17
17/01/2025,ARBE.TA,698.42267,18
18/01/2025,ARBE.TA,705.6906,19
19/01/2025,ARBE.TA,709.42633,20
20/01/2025,ARBE.TA,715.5313,21
21/01/2025,ARBE.TA,714.7676,22
22/01/2025,ARBE.TA,714.1201,23
23/01/2025,ARBE.TA,714.253,24
24/01/2025,ARBE.TA,716.078,25
25/01/2025,ARBE.TA,715.34485,26
26/01/2025,ARBE.TA,720.65375,27
27/01/2025,ARBE.TA,727.1952,28
28/01/2025,ARBE.TA,723.15485,29
29/01/2025,ARBE.TA,727.67035,30
31/12/2024,ARGO.TA,9857.941,1
01/01/2025,ARGO.TA,10189.534,2
02/01/2025,ARGO.TA,9755.656,3
03/01/2025,ARGO.TA,9674.239,4
04/01/2025,ARGO.TA,9833.127,5
05/01/2025,ARGO.TA,9846.001,6
06/01/2025,ARGO.TA,10094.3,7
07/01/2025,ARGO.TA,10197.96,8
08/01/2025,ARGO.TA,10167.145,9
09/01/2025,ARGO.TA,10006.092,10
10/01/2025,ARGO.TA,10278.934,11
11/01/2025,ARGO.TA,10330.732,12
12/01/2025,ARGO.TA,10047.194,13
13/01/2025,ARGO.TA,10136.226,14
14/01/2025,ARGO.TA,10136.765,15
15/01/2025,ARGO.TA,10174.876,16
16/01/2025,ARGO.TA,9907.122,17
17/01/2025,ARGO.TA,9986.423,18
18/01/2025,ARGO.TA,9947.383,19
19/01/2025,ARGO.TA,9977.275,20
20/01/2025,ARGO.TA,9957.5,21
21/01/2025,ARGO.TA,9811.995,22
22/01/2025,ARGO.TA,9968.414,23
23/01/2025,ARGO.TA,10168.579,24
24/01/2025,ARGO.TA,10018.461,25
25/01/2025,ARGO.TA,9725.991,26
26/01/2025,ARGO.TA,9788.207,27
27/01/2025,ARGO.TA,9716.807,28
28/01/2025,ARGO.TA,9724.615,29
29/01/2025,ARGO.TA,9752.265,30
31/12/2024,ARIN.TA,230.26251,1
01/01/2025,ARIN.TA,225.43015,2
02/01/2025,ARIN.TA,225.36261,3
03/01/2025,ARIN.TA,220.3472,4
04/01/2025,ARIN.TA,216.53337,5
05/01/2025,ARIN.TA,230.03194,6
06/01/2025,ARIN.TA,230.4428,7
07/01/2025,ARIN.TA,223.41084,8
08/01/2025,ARIN.TA,222.14488,9
09/01/2025,ARIN.TA,223.45859,10
10/01/2025,ARIN.TA,231.6199,11
11/01/2025,ARIN.TA,230.74585,12
12/01/2025,ARIN.TA,221.47215,13
13/01/2025,ARIN.TA,220.63412,14
14/01/2025,ARIN.TA,230.1802,15
15/01/2025,ARIN.TA,233.09293,16
16/01/2025,ARIN.TA,235.06445,17
17/01/2025,ARIN.TA,240.12103,18
18/01/2025,ARIN.TA,245.63884,19
19/01/2025,ARIN.TA,249.55171,20
20/01/2025,ARIN.TA,256.35223,21
21/01/2025,ARIN.TA,269.16824,22
22/01/2025,ARIN.TA,278.701,23
23/01/2025,ARIN.TA,295.232,24
24/01/2025,ARIN.TA,291.8716,25
25/01/2025,ARIN.TA,289.02905,26
26/01/2025,ARIN.TA,295.5624,27
27/01/2025,ARIN.TA,296.11316,28
28/01/2025,ARIN.TA,288.9494,29
29/01/2025,ARIN.TA,284.22195,30
31/12/2024,ARYT.TA,698.0885,1
01/01/2025,ARYT.TA,726.20734,2
02/01/2025,ARYT.TA,720.84924,3
03/01/2025,ARYT.TA,737.3502,4
04/01/2025,ARYT.TA,706.4057,5
05/01/2025,ARYT.TA,723.16425,6
06/01/2025,ARYT.TA,727.0553,7
07/01/2025,ARYT.TA,717.8499,8
08/01/2025,ARYT.TA,736.1478,9
09/01/2025,ARYT.TA,765.52606,10
10/01/2025,ARYT.TA,761.3924,11
11/01/2025,ARYT.TA,761.2939,12
12/01/2025,ARYT.TA,742.69653,13
13/01/2025,ARYT.TA,753.8336,14
14/01/2025,ARYT.TA,736.4954,15
15/01/2025,ARYT.TA,736.601,16
16/01/2025,ARYT.TA,730.6418,17
17/01/2025,ARYT.TA,731.8086,18
18/01/2025,ARYT.TA,731.93317,19
19/01/2025,ARYT.TA,738.52637,20
20/01/2025,ARYT.TA,717.2306,21
21/01/2025,ARYT.TA,712.9646,22
22/01/2025,ARYT.TA,690.4541,23
23/01/2025,ARYT.TA,710.8098,24
24/01/2025,ARYT.TA,683.63354,25
25/01/2025,ARYT.TA,671.42816,26
26/01/2025,ARYT.TA,670.6536,27
27/01/2025,ARYT.TA,695.95276,28
28/01/2025,ARYT.TA,690.9969,29
29/01/2025,ARYT.TA,696.0493,30
31/12/2024,ARF.TA,5682.8047,1
01/01/2025,ARF.TA,5706.4604,2
02/01/2025,ARF.TA,5695.3125,3
03/01/2025,ARF.TA,5655.0674,4
04/01/2025,ARF.TA,5570.9033,5
05/01/2025,ARF.TA,5602.2954,6
06/01/2025,ARF.TA,5676.473,7
07/01/2025,ARF.TA,5699.387,8
08/01/2025,ARF.TA,5745.558,9
09/01/2025,ARF.TA,5671.3257,10
10/01/2025,ARF.TA,5610.589,11
11/01/2025,ARF.TA,5576.113,12
12/01/2025,ARF.TA,5513.508,13
13/01/2025,ARF.TA,5473.7207,14
14/01/2025,ARF.TA,5463.3066,15
15/01/2025,ARF.TA,5396.9165,16
16/01/2025,ARF.TA,5350.994,17
17/01/2025,ARF.TA,5360.5337,18
18/01/2025,ARF.TA,5349.806,19
19/01/2025,ARF.TA,5329.5967,20
20/01/2025,ARF.TA,5310.6387,21
21/01/2025,ARF.TA,5247.487,22
22/01/2025,ARF.TA,5252.9736,23
23/01/2025,ARF.TA,5203.596,24
24/01/2025,ARF.TA,5232.865,25
25/01/2025,ARF.TA,5257.5513,26
26/01/2025,ARF.TA,5283.9062,27
27/01/2025,ARF.TA,5256.158,28
28/01/2025,ARF.TA,5252.107,29
29/01/2025,ARF.TA,5259.755,30
31/12/2024,ASHO.TA,3958.9844,1
01/01/2025,ASHO.TA,3899.4883,2
02/01/2025,ASHO.TA,3942.0486,3
03/01/2025,ASHO.TA,4127.102,4
04/01/2025,ASHO.TA,4221.953,5
05/01/2025,ASHO.TA,4330.0967,6
06/01/2025,ASHO.TA,4283.1704,7
07/01/2025,ASHO.TA,4297.045,8
08/01/2025,ASHO.TA,4419.561,9
09/01/2025,ASHO.TA,4478.014,10
10/01/2025,ASHO.TA,4526.003,11
11/01/2025,ASHO.TA,4591.6704,12
12/01/2025,ASHO.TA,4437.817,13
13/01/2025,ASHO.TA,4495.5923,14
14/01/2025,ASHO.TA,4640.3374,15
15/01/2025,ASHO.TA,4595.065,16
16/01/2025,ASHO.TA,4686.9854,17
17/01/2025,ASHO.TA,4782.805,18
18/01/2025,ASHO.TA,4835.8564,19
19/01/2025,ASHO.TA,4938.849,20
20/01/2025,ASHO.TA,4982.8823,21
21/01/2025,ASHO.TA,5193.225,22
22/01/2025,ASHO.TA,5204.9683,23
23/01/2025,ASHO.TA,5192.746,24
24/01/2025,ASHO.TA,5265.6553,25
25/01/2025,ASHO.TA,5025.1465,26
26/01/2025,ASHO.TA,4972.6646,27
27/01/2025,ASHO.TA,4920.07,28
28/01/2025,ASHO.TA,5042.9253,29
29/01/2025,ASHO.TA,5021.21,30
31/12/2024,ASHG.TA,6188.9478,1
01/01/2025,ASHG.TA,6404.423,2
02/01/2025,ASHG.TA,6490.796,3
03/01/2025,ASHG.TA,6447.763,4
04/01/2025,ASHG.TA,6246.0396,5
05/01/2025,ASHG.TA,6319.904,6
06/01/2025,ASHG.TA,6294.7803,7
07/01/2025,ASHG.TA,6299.2925,8
08/01/2025,ASHG.TA,6218.983,9
09/01/2025,ASHG.TA,6209.2935,10
10/01/2025,ASHG.TA,6283.127,11
11/01/2025,ASHG.TA,6371.294,12
12/01/2025,ASHG.TA,6304.969,13
13/01/2025,ASHG.TA,6122.685,14
14/01/2025,ASHG.TA,6016.9766,15
15/01/2025,ASHG.TA,6071.8906,16
16/01/2025,ASHG.TA,6154.813,17
17/01/2025,ASHG.TA,6293.82,18
18/01/2025,ASHG.TA,6151.0205,19
19/01/2025,ASHG.TA,5944.097,20
20/01/2025,ASHG.TA,5986.0493,21
21/01/2025,ASHG.TA,5832.774,22
22/01/2025,ASHG.TA,5841.037,23
23/01/2025,ASHG.TA,6058.945,24
24/01/2025,ASHG.TA,5927.541,25
25/01/2025,ASHG.TA,5939.829,26
26/01/2025,ASHG.TA,6021.4507,27
27/01/2025,ASHG.TA,5729.014,28
28/01/2025,ASHG.TA,5690.5996,29
29/01/2025,ASHG.TA,5733.9033,30
31/12/2024,ASGR.TA,668.23346,1
01/01/2025,ASGR.TA,689.5242,2
02/01/2025,ASGR.TA,691.17706,3
03/01/2025,ASGR.TA,685.6898,4
04/01/2025,ASGR.TA,668.5308,5
05/01/2025,ASGR.TA,657.5426,6
06/01/2025,ASGR.TA,645.69556,7
07/01/2025,ASGR.TA,634.2222,8
08/01/2025,ASGR.TA,636.1414,9
09/01/2025,ASGR.TA,611.11096,10
10/01/2025,ASGR.TA,602.7623,11
11/01/2025,ASGR.TA,601.59326,12
12/01/2025,ASGR.TA,618.7083,13
13/01/2025,ASGR.TA,622.67444,14
14/01/2025,ASGR.TA,633.4016,15
15/01/2025,ASGR.TA,638.4583,16
16/01/2025,ASGR.TA,620.9204,17
17/01/2025,ASGR.TA,609.8477,18
18/01/2025,ASGR.TA,611.76715,19
19/01/2025,ASGR.TA,618.38837,20
20/01/2025,ASGR.TA,630.8633,21
21/01/2025,ASGR.TA,627.8023,22
22/01/2025,ASGR.TA,654.5989,23
23/01/2025,ASGR.TA,624.24945,24
24/01/2025,ASGR.TA,635.09344,25
25/01/2025,ASGR.TA,623.8117,26
26/01/2025,ASGR.TA,615.2975,27
27/01/2025,ASGR.TA,625.53687,28
28/01/2025,ASGR.TA,609.25226,29
29/01/2025,ASGR.TA,588.55664,30
31/12/2024,AUDC.TA,3371.0583,1
01/01/2025,AUDC.TA,3509.319,2
02/01/2025,AUDC.TA,3865.7537,3
03/01/2025,AUDC.TA,3770.3113,4
04/01/2025,AUDC.TA,3920.0854,5
05/01/2025,AUDC.TA,3796.1602,6
06/01/2025,AUDC.TA,3522.4934,7
07/01/2025,AUDC.TA,3680.043,8
08/01/2025,AUDC.TA,3813.5398,9
09/01/2025,AUDC.TA,3829.128,10
10/01/2025,AUDC.TA,3656.1892,11
11/01/2025,AUDC.TA,3553.5134,12
12/01/2025,AUDC.TA,3525.1985,13
13/01/2025,AUDC.TA,3227.821,14
14/01/2025,AUDC.TA,3325.7622,15
15/01/2025,AUDC.TA,3464.5793,16
16/01/2025,AUDC.TA,3413.0942,17
17/01/2025,AUDC.TA,3518.9685,18
18/01/2025,AUDC.TA,3556.5942,19
19/01/2025,AUDC.TA,3571.1006,20
20/01/2025,AUDC.TA,3761.4854,21
21/01/2025,AUDC.TA,3663.6997,22
22/01/2025,AUDC.TA,3906.0083,23
23/01/2025,AUDC.TA,3615.542,24
24/01/2025,AUDC.TA,3543.3157,25
25/01/2025,AUDC.TA,3105.7732,26
26/01/2025,AUDC.TA,2905.105,27
27/01/2025,AUDC.TA,2832.2778,28
28/01/2025,AUDC.TA,2644.204,29
29/01/2025,AUDC.TA,2646.91,30
31/12/2024,AUGN.TA,441.221,1
01/01/2025,AUGN.TA,513.53357,2
02/01/2025,AUGN.TA,515.6106,3
03/01/2025,AUGN.TA,443.28943,4
04/01/2025,AUGN.TA,453.70386,5
05/01/2025,AUGN.TA,474.7331,6
06/01/2025,AUGN.TA,425.0973,7
07/01/2025,AUGN.TA,380.1136,8
08/01/2025,AUGN.TA,414.75003,9
09/01/2025,AUGN.TA,431.20938,10
10/01/2025,AUGN.TA,455.24222,11
11/01/2025,AUGN.TA,463.4131,12
12/01/2025,AUGN.TA,525.3465,13
13/01/2025,AUGN.TA,509.65936,14
14/01/2025,AUGN.TA,536.0556,15
15/01/2025,AUGN.TA,535.6728,16
16/01/2025,AUGN.TA,525.14996,17
17/01/2025,AUGN.TA,558.0063,18
18/01/2025,AUGN.TA,531.3354,19
19/01/2025,AUGN.TA,562.377,20
20/01/2025,AUGN.TA,567.39526,21
21/01/2025,AUGN.TA,596.8052,22
22/01/2025,AUGN.TA,557.8103,23
23/01/2025,AUGN.TA,509.65643,24
24/01/2025,AUGN.TA,531.1678,25
25/01/2025,AUGN.TA,503.89554,26
26/01/2025,AUGN.TA,588.06885,27
27/01/2025,AUGN.TA,545.67773,28
28/01/2025,AUGN.TA,609.8793,29
29/01/2025,AUGN.TA,531.43066,30
31/12/2024,AURA.TA,1988.917,1
01/01/2025,AURA.TA,2021.9397,2
02/01/2025,AURA.TA,2028.0275,3
03/01/2025,AURA.TA,1998.9264,4
04/01/2025,AURA.TA,1922.7758,5
05/01/2025,AURA.TA,1869.2723,6
06/01/2025,AURA.TA,1861.8234,7
07/01/2025,AURA.TA,1793.0504,8
08/01/2025,AURA.TA,1732.5358,9
09/01/2025,AURA.TA,1692.7377,10
10/01/2025,AURA.TA,1679.2365,11
11/01/2025,AURA.TA,1724.1144,12
12/01/2025,AURA.TA,1697.345,13
13/01/2025,AURA.TA,1615.0677,14
14/01/2025,AURA.TA,1586.9608,15
15/01/2025,AURA.TA,1556.3965,16
16/01/2025,AURA.TA,1637.0767,17
17/01/2025,AURA.TA,1582.361,18
18/01/2025,AURA.TA,1612.7933,19
19/01/2025,AURA.TA,1712.1781,20
20/01/2025,AURA.TA,1817.6384,21
21/01/2025,AURA.TA,1834.4858,22
22/01/2025,AURA.TA,1902.2545,23
23/01/2025,AURA.TA,2073.9275,24
24/01/2025,AURA.TA,2155.6233,25
25/01/2025,AURA.TA,2001.5768,26
26/01/2025,AURA.TA,2048.4116,27
27/01/2025,AURA.TA,2084.1118,28
28/01/2025,AURA.TA,2112.2798,29
29/01/2025,AURA.TA,2126.7183,30
31/12/2024,AUSA-M.TA,20.157516,1
01/01/2025,AUSA-M.TA,32.92943,2
02/01/2025,AUSA-M.TA,28.652475,3
03/01/2025,AUSA-M.TA,19.238752,4
04/01/2025,AUSA-M.TA,30.625698,5
05/01/2025,AUSA-M.TA,87.91857,6
06/01/2025,AUSA-M.TA,53.153275,7
07/01/2025,AUSA-M.TA,23.61181,8
08/01/2025,AUSA-M.TA,32.69243,9
09/01/2025,AUSA-M.TA,-14.118467,10
10/01/2025,AUSA-M.TA,-13.527878,11
11/01/2025,AUSA-M.TA,-5.8541994,12
12/01/2025,AUSA-M.TA,-5.941768,13
13/01/2025,AUSA-M.TA,1.3086985,14
14/01/2025,AUSA-M.TA,0.5731378,15
15/01/2025,AUSA-M.TA,0.78983325,16
16/01/2025,AUSA-M.TA,1.499353,17
17/01/2025,AUSA-M.TA,1.1567048,18
18/01/2025,AUSA-M.TA,-0.16840045,19
19/01/2025,AUSA-M.TA,0.04233759,20
20/01/2025,AUSA-M.TA,0.06254963,21
21/01/2025,AUSA-M.TA,0.04266729,22
22/01/2025,AUSA-M.TA,0.06128481,23
23/01/2025,AUSA-M.TA,-0.01695592,24
24/01/2025,AUSA-M.TA,-0.00919343,25
25/01/2025,AUSA-M.TA,-0.01025771,26
26/01/2025,AUSA-M.TA,0.01253687,27
27/01/2025,AUSA-M.TA,0.01719466,28
28/01/2025,AUSA-M.TA,0.02010191,29
29/01/2025,AUSA-M.TA,0.03713996,30
31/12/2024,AUIS.TA,712.05646,1
01/01/2025,AUIS.TA,839.8086,2
02/01/2025,AUIS.TA,476.37183,3
03/01/2025,AUIS.TA,357.34808,4
04/01/2025,AUIS.TA,590.3318,5
05/01/2025,AUIS.TA,379.0826,6
06/01/2025,AUIS.TA,546.8503,7
07/01/2025,AUIS.TA,637.0813,8
08/01/2025,AUIS.TA,588.4455,9
09/01/2025,AUIS.TA,936.5841,10
10/01/2025,AUIS.TA,1157.8169,11
11/01/2025,AUIS.TA,1359.3441,12
12/01/2025,AUIS.TA,1719.2518,13
13/01/2025,AUIS.TA,2258.085,14
14/01/2025,AUIS.TA,3190.972,15
15/01/2025,AUIS.TA,4151.4834,16
16/01/2025,AUIS.TA,6399.441,17
17/01/2025,AUIS.TA,3671.0317,18
18/01/2025,AUIS.TA,2248.6255,19
19/01/2025,AUIS.TA,1667.3657,20
20/01/2025,AUIS.TA,1300.9965,21
21/01/2025,AUIS.TA,996.07635,22
22/01/2025,AUIS.TA,648.48865,23
23/01/2025,AUIS.TA,703.28516,24
24/01/2025,AUIS.TA,788.46136,25
25/01/2025,AUIS.TA,1073.2565,26
26/01/2025,AUIS.TA,1338.1013,27
27/01/2025,AUIS.TA,1840.47,28
28/01/2025,AUIS.TA,2207.1062,29
29/01/2025,AUIS.TA,1380.4458,30
31/12/2024,AMX.TA,19.740318,1
01/01/2025,AMX.TA,18.337809,2
02/01/2025,AMX.TA,20.801003,3
03/01/2025,AMX.TA,21.226137,4
04/01/2025,AMX.TA,21.050875,5
05/01/2025,AMX.TA,22.907568,6
06/01/2025,AMX.TA,24.441025,7
07/01/2025,AMX.TA,25.104244,8
08/01/2025,AMX.TA,25.205307,9
09/01/2025,AMX.TA,25.897131,10
10/01/2025,AMX.TA,26.043364,11
11/01/2025,AMX.TA,27.214214,12
12/01/2025,AMX.TA,27.919226,13
13/01/2025,AMX.TA,27.624743,14
14/01/2025,AMX.TA,26.338615,15
15/01/2025,AMX.TA,27.65959,16
16/01/2025,AMX.TA,27.473312,17
17/01/2025,AMX.TA,28.143337,18
18/01/2025,AMX.TA,28.102722,19
19/01/2025,AMX.TA,25.061749,20
20/01/2025,AMX.TA,24.049393,21
21/01/2025,AMX.TA,22.151628,22
22/01/2025,AMX.TA,22.51609,23
23/01/2025,AMX.TA,21.36161,24
24/01/2025,AMX.TA,21.038485,25
25/01/2025,AMX.TA,20.236578,26
26/01/2025,AMX.TA,19.60194,27
27/01/2025,AMX.TA,18.66639,28
28/01/2025,AMX.TA,19.105402,29
29/01/2025,AMX.TA,19.54046,30
31/12/2024,AVER.TA,1160.5493,1
01/01/2025,AVER.TA,1186.4655,2
02/01/2025,AVER.TA,1213.9177,3
03/01/2025,AVER.TA,1170.2765,4
04/01/2025,AVER.TA,1183.5186,5
05/01/2025,AVER.TA,1146.4198,6
06/01/2025,AVER.TA,1177.8357,7
07/01/2025,AVER.TA,1235.622,8
08/01/2025,AVER.TA,1150.3605,9
09/01/2025,AVER.TA,1189.6108,10
10/01/2025,AVER.TA,1228.1426,11
11/01/2025,AVER.TA,1233.0485,12
12/01/2025,AVER.TA,1250.5842,13
13/01/2025,AVER.TA,1196.5598,14
14/01/2025,AVER.TA,1259.1501,15
15/01/2025,AVER.TA,1248.0853,16
16/01/2025,AVER.TA,1239.8706,17
17/01/2025,AVER.TA,1276.6971,18
18/01/2025,AVER.TA,1299.3668,19
19/01/2025,AVER.TA,1324.2911,20
20/01/2025,AVER.TA,1284.1023,21
21/01/2025,AVER.TA,1319.7716,22
22/01/2025,AVER.TA,1356.7036,23
23/01/2025,AVER.TA,1347.3345,24
24/01/2025,AVER.TA,1219.498,25
25/01/2025,AVER.TA,1259.6505,26
26/01/2025,AVER.TA,1231.3427,27
27/01/2025,AVER.TA,1207.53,28
28/01/2025,AVER.TA,1217.6437,29
29/01/2025,AVER.TA,1190.0012,30
31/12/2024,AVGD.TA,2078.3933,1
01/01/2025,AVGD.TA,2055.523,2
02/01/2025,AVGD.TA,2002.0924,3
03/01/2025,AVGD.TA,2035.5448,4
04/01/2025,AVGD.TA,2034.6798,5
05/01/2025,AVGD.TA,2089.3254,6
06/01/2025,AVGD.TA,2047.5813,7
07/01/2025,AVGD.TA,2100.0686,8
08/01/2025,AVGD.TA,2060.996,9
09/01/2025,AVGD.TA,2043.2482,10
10/01/2025,AVGD.TA,2035.6326,11
11/01/2025,AVGD.TA,2054.381,12
12/01/2025,AVGD.TA,2049.6123,13
13/01/2025,AVGD.TA,2084.5293,14
14/01/2025,AVGD.TA,2117.419,15
15/01/2025,AVGD.TA,2159.104,16
16/01/2025,AVGD.TA,2117.1335,17
17/01/2025,AVGD.TA,2193.3174,18
18/01/2025,AVGD.TA,2257.6694,19
19/01/2025,AVGD.TA,2231.4658,20
20/01/2025,AVGD.TA,2213.2893,21
21/01/2025,AVGD.TA,2268.5796,22
22/01/2025,AVGD.TA,2325.2202,23
23/01/2025,AVGD.TA,2403.2588,24
24/01/2025,AVGD.TA,2422.683,25
25/01/2025,AVGD.TA,2459.7344,26
26/01/2025,AVGD.TA,2437.2654,27
27/01/2025,AVGD.TA,2495.5864,28
28/01/2025,AVGD.TA,2481.6997,29
29/01/2025,AVGD.TA,2485.734,30
31/12/2024,AVGL.TA,140.70541,1
01/01/2025,AVGL.TA,138.9432,2
02/01/2025,AVGL.TA,142.60368,3
03/01/2025,AVGL.TA,140.21529,4
04/01/2025,AVGL.TA,137.0052,5
05/01/2025,AVGL.TA,139.68584,6
06/01/2025,AVGL.TA,144.99376,7
07/01/2025,AVGL.TA,138.39806,8
08/01/2025,AVGL.TA,142.60863,9
09/01/2025,AVGL.TA,142.76672,10
10/01/2025,AVGL.TA,145.3863,11
11/01/2025,AVGL.TA,144.18886,12
12/01/2025,AVGL.TA,142.57188,13
13/01/2025,AVGL.TA,145.0288,14
14/01/2025,AVGL.TA,153.65039,15
15/01/2025,AVGL.TA,159.07372,16
16/01/2025,AVGL.TA,164.11226,17
17/01/2025,AVGL.TA,172.06825,18
18/01/2025,AVGL.TA,175.71979,19
19/01/2025,AVGL.TA,174.13326,20
20/01/2025,AVGL.TA,167.5043,21
21/01/2025,AVGL.TA,163.97066,22
22/01/2025,AVGL.TA,168.73196,23
23/01/2025,AVGL.TA,164.07095,24
24/01/2025,AVGL.TA,162.92961,25
25/01/2025,AVGL.TA,162.5797,26
26/01/2025,AVGL.TA,159.28001,27
27/01/2025,AVGL.TA,159.3673,28
28/01/2025,AVGL.TA,165.99335,29
29/01/2025,AVGL.TA,165.7169,30
31/12/2024,AVIA.TA,1566.7327,1
01/01/2025,AVIA.TA,1565.8097,2
02/01/2025,AVIA.TA,1614.6504,3
03/01/2025,AVIA.TA,1731.2987,4
04/01/2025,AVIA.TA,1676.1046,5
05/01/2025,AVIA.TA,1713.3323,6
06/01/2025,AVIA.TA,1659.9939,7
07/01/2025,AVIA.TA,1692.9669,8
08/01/2025,AVIA.TA,1723.4161,9
09/01/2025,AVIA.TA,1912.8066,10
10/01/2025,AVIA.TA,1974.5192,11
11/01/2025,AVIA.TA,2010.1396,12
12/01/2025,AVIA.TA,2096.2314,13
13/01/2025,AVIA.TA,1868.8629,14
14/01/2025,AVIA.TA,1797.1677,15
15/01/2025,AVIA.TA,1761.9084,16
16/01/2025,AVIA.TA,1740.9288,17
17/01/2025,AVIA.TA,1840.9893,18
18/01/2025,AVIA.TA,1873.5288,19
19/01/2025,AVIA.TA,1948.112,20
20/01/2025,AVIA.TA,1903.5197,21
21/01/2025,AVIA.TA,1913.0109,22
22/01/2025,AVIA.TA,1864.0012,23
23/01/2025,AVIA.TA,1843.8806,24
24/01/2025,AVIA.TA,1854.3625,25
25/01/2025,AVIA.TA,1644.3508,26
26/01/2025,AVIA.TA,1579.816,27
27/01/2025,AVIA.TA,1656.7045,28
28/01/2025,AVIA.TA,1507.5234,29
29/01/2025,AVIA.TA,1453.759,30
31/12/2024,AVIV.TA,2088.108,1
01/01/2025,AVIV.TA,2196.111,2
02/01/2025,AVIV.TA,2188.0945,3
03/01/2025,AVIV.TA,2077.8074,4
04/01/2025,AVIV.TA,2049.9568,5
05/01/2025,AVIV.TA,2127.9146,6
06/01/2025,AVIV.TA,2098.787,7
07/01/2025,AVIV.TA,2170.122,8
08/01/2025,AVIV.TA,2123.9368,9
09/01/2025,AVIV.TA,2070.1096,10
10/01/2025,AVIV.TA,2074.512,11
11/01/2025,AVIV.TA,2113.584,12
12/01/2025,AVIV.TA,2154.3323,13
13/01/2025,AVIV.TA,2267.4534,14
14/01/2025,AVIV.TA,2271.4524,15
15/01/2025,AVIV.TA,2334.8496,16
16/01/2025,AVIV.TA,2370.6787,17
17/01/2025,AVIV.TA,2392.745,18
18/01/2025,AVIV.TA,2513.9285,19
19/01/2025,AVIV.TA,2411.3167,20
20/01/2025,AVIV.TA,2336.9517,21
21/01/2025,AVIV.TA,2479.2786,22
22/01/2025,AVIV.TA,2653.4841,23
23/01/2025,AVIV.TA,2705.7625,24
24/01/2025,AVIV.TA,2886.1885,25
25/01/2025,AVIV.TA,2939.5212,26
26/01/2025,AVIV.TA,2988.0059,27
27/01/2025,AVIV.TA,2858.235,28
28/01/2025,AVIV.TA,2849.9937,29
29/01/2025,AVIV.TA,2929.2354,30
31/12/2024,AVRT.TA,1.2861475,1
01/01/2025,AVRT.TA,2.178854,2
02/01/2025,AVRT.TA,4.251271,3
03/01/2025,AVRT.TA,7.179876,4
04/01/2025,AVRT.TA,7.068949,5
05/01/2025,AVRT.TA,9.03283,6
06/01/2025,AVRT.TA,8.33683,7
07/01/2025,AVRT.TA,17.078564,8
08/01/2025,AVRT.TA,15.725526,9
09/01/2025,AVRT.TA,22.739601,10
10/01/2025,AVRT.TA,24.816502,11
11/01/2025,AVRT.TA,15.810534,12
12/01/2025,AVRT.TA,15.918874,13
13/01/2025,AVRT.TA,23.08819,14
14/01/2025,AVRT.TA,34.098217,15
15/01/2025,AVRT.TA,53.829716,16
16/01/2025,AVRT.TA,43.26987,17
17/01/2025,AVRT.TA,41.181313,18
18/01/2025,AVRT.TA,64.17196,19
19/01/2025,AVRT.TA,35.771008,20
20/01/2025,AVRT.TA,43.4053,21
21/01/2025,AVRT.TA,53.771328,22
22/01/2025,AVRT.TA,76.28653,23
23/01/2025,AVRT.TA,73.303635,24
24/01/2025,AVRT.TA,39.702755,25
25/01/2025,AVRT.TA,46.658195,26
26/01/2025,AVRT.TA,73.954056,27
27/01/2025,AVRT.TA,100.79798,28
28/01/2025,AVRT.TA,144.79335,29
29/01/2025,AVRT.TA,148.18,30
31/12/2024,AILN.TA,43.14827,1
01/01/2025,AILN.TA,36.935986,2
02/01/2025,AILN.TA,39.015095,3
03/01/2025,AILN.TA,34.886177,4
04/01/2025,AILN.TA,21.394346,5
05/01/2025,AILN.TA,8.570437,6
06/01/2025,AILN.TA,3.989803,7
07/01/2025,AILN.TA,4.5939,8
08/01/2025,AILN.TA,3.7674851,9
09/01/2025,AILN.TA,2.261636,10
10/01/2025,AILN.TA,2.7476535,11
11/01/2025,AILN.TA,4.252499,12
12/01/2025,AILN.TA,3.4025543,13
13/01/2025,AILN.TA,3.3524723,14
14/01/2025,AILN.TA,2.293602,15
15/01/2025,AILN.TA,3.2594247,16
16/01/2025,AILN.TA,2.864693,17
17/01/2025,AILN.TA,2.5587456,18
18/01/2025,AILN.TA,3.8593078,19
19/01/2025,AILN.TA,4.5194774,20
20/01/2025,AILN.TA,6.178145,21
21/01/2025,AILN.TA,6.938664,22
22/01/2025,AILN.TA,9.315135,23
23/01/2025,AILN.TA,3.039566,24
24/01/2025,AILN.TA,1.9551711,25
25/01/2025,AILN.TA,1.415575,26
26/01/2025,AILN.TA,1.9742554,27
27/01/2025,AILN.TA,3.5604627,28
28/01/2025,AILN.TA,4.8780355,29
29/01/2025,AILN.TA,1.4106843,30
31/12/2024,AYAL.TA,3108.3718,1
01/01/2025,AYAL.TA,3111.4148,2
02/01/2025,AYAL.TA,3101.02,3
03/01/2025,AYAL.TA,3073.7703,4
04/01/2025,AYAL.TA,3106.926,5
05/01/2025,AYAL.TA,3195.1877,6
06/01/2025,AYAL.TA,3137.481,7
07/01/2025,AYAL.TA,3125.465,8
08/01/2025,AYAL.TA,3049.1208,9
09/01/2025,AYAL.TA,3157.4106,10
10/01/2025,AYAL.TA,3293.6162,11
11/01/2025,AYAL.TA,3298.075,12
12/01/2025,AYAL.TA,3424.678,13
13/01/2025,AYAL.TA,3588.6235,14
14/01/2025,AYAL.TA,3548.106,15
15/01/2025,AYAL.TA,3556.0176,16
16/01/2025,AYAL.TA,3549.0051,17
17/01/2025,AYAL.TA,3555.4688,18
18/01/2025,AYAL.TA,3674.774,19
19/01/2025,AYAL.TA,3685.7383,20
20/01/2025,AYAL.TA,3695.1023,21
21/01/2025,AYAL.TA,3859.575,22
22/01/2025,AYAL.TA,3904.5315,23
23/01/2025,AYAL.TA,3774.7468,24
24/01/2025,AYAL.TA,3779.8384,25
25/01/2025,AYAL.TA,3744.2842,26
26/01/2025,AYAL.TA,3726.9973,27
27/01/2025,AYAL.TA,3639.6538,28
28/01/2025,AYAL.TA,3811.4814,29
29/01/2025,AYAL.TA,3849.7158,30
31/12/2024,AZRM.TA,2104.404,1
01/01/2025,AZRM.TA,2129.8164,2
02/01/2025,AZRM.TA,2137.5474,3
03/01/2025,AZRM.TA,2018.049,4
04/01/2025,AZRM.TA,2134.518,5
05/01/2025,AZRM.TA,2147.358,6
06/01/2025,AZRM.TA,2177.2446,7
07/01/2025,AZRM.TA,2319.554,8
08/01/2025,AZRM.TA,2363.4465,9
09/01/2025,AZRM.TA,2429.543,10
10/01/2025,AZRM.TA,2489.3413,11
11/01/2025,AZRM.TA,2540.3984,12
12/01/2025,AZRM.TA,2568.6265,13
13/01/2025,AZRM.TA,2504.8318,14
14/01/2025,AZRM.TA,2521.802,15
15/01/2025,AZRM.TA,2562.4863,16
16/01/2025,AZRM.TA,2444.2288,17
17/01/2025,AZRM.TA,2435.0679,18
18/01/2025,AZRM.TA,2431.8677,19
19/01/2025,AZRM.TA,2419.5706,20
20/01/2025,AZRM.TA,2428.0127,21
21/01/2025,AZRM.TA,2463.9614,22
22/01/2025,AZRM.TA,2541.5054,23
23/01/2025,AZRM.TA,2497.537,24
24/01/2025,AZRM.TA,2469.5251,25
25/01/2025,AZRM.TA,2468.0723,26
26/01/2025,AZRM.TA,2383.3992,27
27/01/2025,AZRM.TA,2372.2014,28
28/01/2025,AZRM.TA,2487.3247,29
29/01/2025,AZRM.TA,2425.627,30
31/12/2024,AZRG.TA,30252.617,1
01/01/2025,AZRG.TA,30633.006,2
02/01/2025,AZRG.TA,29754.758,3
03/01/2025,AZRG.TA,29801.629,4
04/01/2025,AZRG.TA,29676.498,5
05/01/2025,AZRG.TA,30059.041,6
06/01/2025,AZRG.TA,29633.096,7
07/01/2025,AZRG.TA,28509.635,8
08/01/2025,AZRG.TA,28099.855,9
09/01/2025,AZRG.TA,28094.346,10
10/01/2025,AZRG.TA,28152.637,11
11/01/2025,AZRG.TA,27951.15,12
12/01/2025,AZRG.TA,27799.262,13
13/01/2025,AZRG.TA,28693.8,14
14/01/2025,AZRG.TA,28368.807,15
15/01/2025,AZRG.TA,28234.055,16
16/01/2025,AZRG.TA,28594.875,17
17/01/2025,AZRG.TA,28354.855,18
18/01/2025,AZRG.TA,27322.256,19
19/01/2025,AZRG.TA,27168.957,20
20/01/2025,AZRG.TA,28075.89,21
21/01/2025,AZRG.TA,27464.451,22
22/01/2025,AZRG.TA,27727.387,23
23/01/2025,AZRG.TA,27749.09,24
24/01/2025,AZRG.TA,27653.049,25
25/01/2025,AZRG.TA,27508.387,26
26/01/2025,AZRG.TA,27592.441,27
27/01/2025,AZRG.TA,27568.17,28
28/01/2025,AZRG.TA,28095.47,29
29/01/2025,AZRG.TA,28475.305,30
31/12/2024,BCOM.TA,1696.3961,1
01/01/2025,BCOM.TA,1665.5247,2
02/01/2025,BCOM.TA,1634.1145,3
03/01/2025,BCOM.TA,1630.8453,4
04/01/2025,BCOM.TA,1629.5153,5
05/01/2025,BCOM.TA,1628.4736,6
06/01/2025,BCOM.TA,1576.965,7
07/01/2025,BCOM.TA,1587.5994,8
08/01/2025,BCOM.TA,1605.9187,9
09/01/2025,BCOM.TA,1592.2532,10
10/01/2025,BCOM.TA,1626.2686,11
11/01/2025,BCOM.TA,1603.5455,12
12/01/2025,BCOM.TA,1625.8688,13
13/01/2025,BCOM.TA,1662.1918,14
14/01/2025,BCOM.TA,1690.9081,15
15/01/2025,BCOM.TA,1677.2091,16
16/01/2025,BCOM.TA,1663.6199,17
17/01/2025,BCOM.TA,1695.2733,18
18/01/2025,BCOM.TA,1683.1768,19
19/01/2025,BCOM.TA,1667.5912,20
20/01/2025,BCOM.TA,1585.3594,21
21/01/2025,BCOM.TA,1568.9253,22
22/01/2025,BCOM.TA,1575.7039,23
23/01/2025,BCOM.TA,1526.4873,24
24/01/2025,BCOM.TA,1527.8738,25
25/01/2025,BCOM.TA,1493.5488,26
26/01/2025,BCOM.TA,1473.258,27
27/01/2025,BCOM.TA,1471.493,28
28/01/2025,BCOM.TA,1478.3146,29
29/01/2025,BCOM.TA,1493.8389,30
31/12/2024,BKFR.TA,1514.367,1
01/01/2025,BKFR.TA,1514.767,2
02/01/2025,BKFR.TA,1525.2084,3
03/01/2025,BKFR.TA,1502.2368,4
04/01/2025,BKFR.TA,1565.2568,5
05/01/2025,BKFR.TA,1574.9655,6
06/01/2025,BKFR.TA,1576.4292,7
07/01/2025,BKFR.TA,1558.569,8
08/01/2025,BKFR.TA,1549.596,9
09/01/2025,BKFR.TA,1530.1794,10
10/01/2025,BKFR.TA,1515.948,11
11/01/2025,BKFR.TA,1479.126,12
12/01/2025,BKFR.TA,1522.8164,13
13/01/2025,BKFR.TA,1534.9508,14
14/01/2025,BKFR.TA,1516.6589,15
15/01/2025,BKFR.TA,1530.7126,16
16/01/2025,BKFR.TA,1547.396,17
17/01/2025,BKFR.TA,1561.4279,18
18/01/2025,BKFR.TA,1595.452,19
19/01/2025,BKFR.TA,1621.4365,20
20/01/2025,BKFR.TA,1590.801,21
21/01/2025,BKFR.TA,1596.0518,22
22/01/2025,BKFR.TA,1627.4292,23
23/01/2025,BKFR.TA,1635.6112,24
24/01/2025,BKFR.TA,1654.7903,25
25/01/2025,BKFR.TA,1704.5784,26
26/01/2025,BKFR.TA,1728.3011,27
27/01/2025,BKFR.TA,1782.305,28
28/01/2025,BKFR.TA,1818.8654,29
29/01/2025,BKFR.TA,1852.1835,30
31/12/2024,BVGG.TA,765.07745,1
01/01/2025,BVGG.TA,755.8792,2
02/01/2025,BVGG.TA,768.96295,3
03/01/2025,BVGG.TA,766.96356,4
04/01/2025,BVGG.TA,806.2154,5
05/01/2025,BVGG.TA,826.2106,6
06/01/2025,BVGG.TA,826.3152,7
07/01/2025,BVGG.TA,837.12317,8
08/01/2025,BVGG.TA,843.6205,9
09/01/2025,BVGG.TA,863.71436,10
10/01/2025,BVGG.TA,870.41724,11
11/01/2025,BVGG.TA,877.8723,12
12/01/2025,BVGG.TA,866.8194,13
13/01/2025,BVGG.TA,881.595,14
14/01/2025,BVGG.TA,881.82574,15
15/01/2025,BVGG.TA,899.5047,16
16/01/2025,BVGG.TA,873.8033,17
17/01/2025,BVGG.TA,889.58594,18
18/01/2025,BVGG.TA,869.817,19
19/01/2025,BVGG.TA,872.2068,20
20/01/2025,BVGG.TA,869.496,21
21/01/2025,BVGG.TA,879.8347,22
22/01/2025,BVGG.TA,908.15643,23
23/01/2025,BVGG.TA,915.4778,24
24/01/2025,BVGG.TA,919.34863,25
25/01/2025,BVGG.TA,890.4974,26
26/01/2025,BVGG.TA,880.45807,27
27/01/2025,BVGG.TA,860.7269,28
28/01/2025,BVGG.TA,887.3477,29
29/01/2025,BVGG.TA,885.3337,30
31/12/2024,BRAN.TA,1376.075,1
01/01/2025,BRAN.TA,1393.0702,2
02/01/2025,BRAN.TA,1404.5531,3
03/01/2025,BRAN.TA,1407.7676,4
04/01/2025,BRAN.TA,1412.5625,5
05/01/2025,BRAN.TA,1400.8748,6
06/01/2025,BRAN.TA,1459.7136,7
07/01/2025,BRAN.TA,1474.708,8
08/01/2025,BRAN.TA,1443.712,9
09/01/2025,BRAN.TA,1498.9327,10
10/01/2025,BRAN.TA,1509.0383,11
11/01/2025,BRAN.TA,1508.6292,12
12/01/2025,BRAN.TA,1488.3552,13
13/01/2025,BRAN.TA,1493.1978,14
14/01/2025,BRAN.TA,1504.5431,15
15/01/2025,BRAN.TA,1501.1862,16
16/01/2025,BRAN.TA,1552.3741,17
17/01/2025,BRAN.TA,1556.5067,18
18/01/2025,BRAN.TA,1556.5999,19
19/01/2025,BRAN.TA,1534.5397,20
20/01/2025,BRAN.TA,1519.312,21
21/01/2025,BRAN.TA,1500.6462,22
22/01/2025,BRAN.TA,1530.6976,23
23/01/2025,BRAN.TA,1529,24
24/01/2025,BRAN.TA,1514.1344,25
25/01/2025,BRAN.TA,1555.698,26
26/01/2025,BRAN.TA,1553.9535,27
27/01/2025,BRAN.TA,1557.8794,28
28/01/2025,BRAN.TA,1575.1401,29
29/01/2025,BRAN.TA,1562.2732,30
31/12/2024,BRKT.TA,189.16043,1
01/01/2025,BRKT.TA,185.58035,2
02/01/2025,BRKT.TA,183.09251,3
03/01/2025,BRKT.TA,184.4392,4
04/01/2025,BRKT.TA,186.51796,5
05/01/2025,BRKT.TA,189.79106,6
06/01/2025,BRKT.TA,188.20354,7
07/01/2025,BRKT.TA,188.8311,8
08/01/2025,BRKT.TA,191.5125,9
09/01/2025,BRKT.TA,190.69981,10
10/01/2025,BRKT.TA,192.88397,11
11/01/2025,BRKT.TA,196.52487,12
12/01/2025,BRKT.TA,193.38391,13
13/01/2025,BRKT.TA,196.58249,14
14/01/2025,BRKT.TA,188.49324,15
15/01/2025,BRKT.TA,192.36719,16
16/01/2025,BRKT.TA,190.73009,17
17/01/2025,BRKT.TA,194.52077,18
18/01/2025,BRKT.TA,193.94156,19
19/01/2025,BRKT.TA,192.91414,20
20/01/2025,BRKT.TA,192.96274,21
21/01/2025,BRKT.TA,189.20284,22
22/01/2025,BRKT.TA,189.16595,23
23/01/2025,BRKT.TA,187.36597,24
24/01/2025,BRKT.TA,184.45961,25
25/01/2025,BRKT.TA,189.57727,26
26/01/2025,BRKT.TA,193.41444,27
27/01/2025,BRKT.TA,190.95137,28
28/01/2025,BRKT.TA,189.76581,29
29/01/2025,BRKT.TA,189.49043,30
31/12/2024,BVC.TA,83.582596,1
01/01/2025,BVC.TA,86.048325,2
02/01/2025,BVC.TA,78.47738,3
03/01/2025,BVC.TA,80.6514,4
04/01/2025,BVC.TA,78.68647,5
05/01/2025,BVC.TA,81.12106,6
06/01/2025,BVC.TA,78.28242,7
07/01/2025,BVC.TA,77.4883,8
08/01/2025,BVC.TA,83.589035,9
09/01/2025,BVC.TA,79.802185,10
10/01/2025,BVC.TA,77.38785,11
11/01/2025,BVC.TA,75.734634,12
12/01/2025,BVC.TA,75.406685,13
13/01/2025,BVC.TA,80.66316,14
14/01/2025,BVC.TA,77.02415,15
15/01/2025,BVC.TA,79.38354,16
16/01/2025,BVC.TA,78.049286,17
17/01/2025,BVC.TA,74.9898,18
18/01/2025,BVC.TA,71.891205,19
19/01/2025,BVC.TA,68.26385,20
20/01/2025,BVC.TA,72.53774,21
21/01/2025,BVC.TA,70.67247,22
22/01/2025,BVC.TA,66.15393,23
23/01/2025,BVC.TA,64.63814,24
24/01/2025,BVC.TA,66.2646,25
25/01/2025,BVC.TA,66.3824,26
26/01/2025,BVC.TA,60.570293,27
27/01/2025,BVC.TA,61.334984,28
28/01/2025,BVC.TA,56.583572,29
29/01/2025,BVC.TA,56.74592,30
31/12/2024,ORL.TA,91.829315,1
01/01/2025,ORL.TA,95.19232,2
02/01/2025,ORL.TA,95.49433,3
03/01/2025,ORL.TA,97.592575,4
04/01/2025,ORL.TA,100.26909,5
05/01/2025,ORL.TA,102.57341,6
06/01/2025,ORL.TA,102.3871,7
07/01/2025,ORL.TA,102.31087,8
08/01/2025,ORL.TA,101.70634,9
09/01/2025,ORL.TA,107.45895,10
10/01/2025,ORL.TA,108.99142,11
11/01/2025,ORL.TA,111.50665,12
12/01/2025,ORL.TA,110.406166,13
13/01/2025,ORL.TA,112.14163,14
14/01/2025,ORL.TA,112.509125,15
15/01/2025,ORL.TA,113.51922,16
16/01/2025,ORL.TA,116.35556,17
17/01/2025,ORL.TA,117.40471,18
18/01/2025,ORL.TA,119.37968,19
19/01/2025,ORL.TA,117.37516,20
20/01/2025,ORL.TA,114.90026,21
21/01/2025,ORL.TA,116.95089,22
22/01/2025,ORL.TA,118.039604,23
23/01/2025,ORL.TA,119.51937,24
24/01/2025,ORL.TA,123.74592,25
25/01/2025,ORL.TA,124.58501,26
26/01/2025,ORL.TA,123.14488,27
27/01/2025,ORL.TA,121.136604,28
28/01/2025,ORL.TA,120.13385,29
29/01/2025,ORL.TA,118.6063,30
31/12/2024,BHNY.TA,170.00447,1
01/01/2025,BHNY.TA,161.052,2
02/01/2025,BHNY.TA,207.70796,3
03/01/2025,BHNY.TA,119.75616,4
04/01/2025,BHNY.TA,31.142841,5
05/01/2025,BHNY.TA,18.913023,6
06/01/2025,BHNY.TA,11.030307,7
07/01/2025,BHNY.TA,9.210128,8
08/01/2025,BHNY.TA,5.310056,9
09/01/2025,BHNY.TA,2.9461184,10
10/01/2025,BHNY.TA,3.3583987,11
11/01/2025,BHNY.TA,4.445578,12
12/01/2025,BHNY.TA,3.2747085,13
13/01/2025,BHNY.TA,2.8693376,14
14/01/2025,BHNY.TA,2.9591084,15
15/01/2025,BHNY.TA,4.175007,16
16/01/2025,BHNY.TA,4.384302,17
17/01/2025,BHNY.TA,4.0761027,18
18/01/2025,BHNY.TA,4.6546597,19
19/01/2025,BHNY.TA,3.4390225,20
20/01/2025,BHNY.TA,3.3150556,21
21/01/2025,BHNY.TA,4.134482,22
22/01/2025,BHNY.TA,3.8006983,23
23/01/2025,BHNY.TA,3.9360292,24
24/01/2025,BHNY.TA,5.385699,25
25/01/2025,BHNY.TA,6.198052,26
26/01/2025,BHNY.TA,6.2032847,27
27/01/2025,BHNY.TA,4.459282,28
28/01/2025,BHNY.TA,4.2425084,29
29/01/2025,BHNY.TA,4.874807,30
31/12/2024,BSEN.TA,27124.748,1
01/01/2025,BSEN.TA,27686.867,2
02/01/2025,BSEN.TA,27031.23,3
03/01/2025,BSEN.TA,25808.238,4
04/01/2025,BSEN.TA,25652.152,5
05/01/2025,BSEN.TA,25776.697,6
06/01/2025,BSEN.TA,25063.398,7
07/01/2025,BSEN.TA,25451.512,8
08/01/2025,BSEN.TA,26306.732,9
09/01/2025,BSEN.TA,26118.55,10
10/01/2025,BSEN.TA,26853.783,11
11/01/2025,BSEN.TA,26981.762,12
12/01/2025,BSEN.TA,26695.62,13
13/01/2025,BSEN.TA,26560.734,14
14/01/2025,BSEN.TA,25568.969,15
15/01/2025,BSEN.TA,25482.412,16
16/01/2025,BSEN.TA,25092.314,17
17/01/2025,BSEN.TA,24389.246,18
18/01/2025,BSEN.TA,23675.771,19
19/01/2025,BSEN.TA,23287.195,20
20/01/2025,BSEN.TA,23606.02,21
21/01/2025,BSEN.TA,23802.252,22
22/01/2025,BSEN.TA,23954.861,23
23/01/2025,BSEN.TA,22390.676,24
24/01/2025,BSEN.TA,22935.658,25
25/01/2025,BSEN.TA,23108.896,26
26/01/2025,BSEN.TA,22646.094,27
27/01/2025,BSEN.TA,23398.15,28
28/01/2025,BSEN.TA,23318.73,29
29/01/2025,BSEN.TA,25086.281,30
31/12/2024,BEZQ.TA,514.5746,1
01/01/2025,BEZQ.TA,516.681,2
02/01/2025,BEZQ.TA,522.85077,3
03/01/2025,BEZQ.TA,525.9724,4
04/01/2025,BEZQ.TA,526.11005,5
05/01/2025,BEZQ.TA,532.7347,6
06/01/2025,BEZQ.TA,544.62573,7
07/01/2025,BEZQ.TA,535.2916,8
08/01/2025,BEZQ.TA,543.8928,9
09/01/2025,BEZQ.TA,537.15594,10
10/01/2025,BEZQ.TA,543.4469,11
11/01/2025,BEZQ.TA,558.3553,12
12/01/2025,BEZQ.TA,556.3791,13
13/01/2025,BEZQ.TA,557.0897,14
14/01/2025,BEZQ.TA,552.9297,15
15/01/2025,BEZQ.TA,543.03033,16
16/01/2025,BEZQ.TA,554.5154,17
17/01/2025,BEZQ.TA,552.6343,18
18/01/2025,BEZQ.TA,565.51624,19
19/01/2025,BEZQ.TA,553.4318,20
20/01/2025,BEZQ.TA,560.9321,21
21/01/2025,BEZQ.TA,551.47687,22
22/01/2025,BEZQ.TA,562.70233,23
23/01/2025,BEZQ.TA,565.8672,24
24/01/2025,BEZQ.TA,567.42786,25
25/01/2025,BEZQ.TA,566.29987,26
26/01/2025,BEZQ.TA,577.7435,27
27/01/2025,BEZQ.TA,585.8565,28
28/01/2025,BEZQ.TA,560.50775,29
29/01/2025,BEZQ.TA,547.872,30
31/12/2024,BIG.TA,54904.453,1
01/01/2025,BIG.TA,55202.133,2
02/01/2025,BIG.TA,55773.21,3
03/01/2025,BIG.TA,55661.105,4
04/01/2025,BIG.TA,56465.57,5
05/01/2025,BIG.TA,55844.273,6
06/01/2025,BIG.TA,54917.145,7
07/01/2025,BIG.TA,55264.688,8
08/01/2025,BIG.TA,56343.254,9
09/01/2025,BIG.TA,57224.645,10
10/01/2025,BIG.TA,56354.797,11
11/01/2025,BIG.TA,56891.81,12
12/01/2025,BIG.TA,55432.04,13
13/01/2025,BIG.TA,56669.953,14
14/01/2025,BIG.TA,56493.42,15
15/01/2025,BIG.TA,56429.664,16
16/01/2025,BIG.TA,56506.895,17
17/01/2025,BIG.TA,56771.734,18
18/01/2025,BIG.TA,56028.414,19
19/01/2025,BIG.TA,55093.566,20
20/01/2025,BIG.TA,54857.598,21
21/01/2025,BIG.TA,55666.664,22
22/01/2025,BIG.TA,55975.363,23
23/01/2025,BIG.TA,56899.418,24
24/01/2025,BIG.TA,56403.363,25
25/01/2025,BIG.TA,56864.758,26
26/01/2025,BIG.TA,56057.31,27
27/01/2025,BIG.TA,54904.242,28
28/01/2025,BIG.TA,56344.4,29
29/01/2025,BIG.TA,56563.11,30
31/12/2024,BIGT.TA,125.28697,1
01/01/2025,BIGT.TA,123.34455,2
02/01/2025,BIGT.TA,123.26192,3
03/01/2025,BIGT.TA,122.31379,4
04/01/2025,BIGT.TA,121.79393,5
05/01/2025,BIGT.TA,124.70938,6
06/01/2025,BIGT.TA,123.86502,7
07/01/2025,BIGT.TA,125.79769,8
08/01/2025,BIGT.TA,127.790016,9
09/01/2025,BIGT.TA,125.123436,10
10/01/2025,BIGT.TA,123.85087,11
11/01/2025,BIGT.TA,125.19807,12
12/01/2025,BIGT.TA,126.10184,13
13/01/2025,BIGT.TA,125.850716,14
14/01/2025,BIGT.TA,127.98063,15
15/01/2025,BIGT.TA,122.25217,16
16/01/2025,BIGT.TA,122.5316,17
17/01/2025,BIGT.TA,125.84756,18
18/01/2025,BIGT.TA,126.994415,19
19/01/2025,BIGT.TA,127.127625,20
20/01/2025,BIGT.TA,125.626205,21
21/01/2025,BIGT.TA,123.59282,22
22/01/2025,BIGT.TA,123.214195,23
23/01/2025,BIGT.TA,117.14262,24
24/01/2025,BIGT.TA,115.10519,25
25/01/2025,BIGT.TA,116.41501,26
26/01/2025,BIGT.TA,113.030266,27
27/01/2025,BIGT.TA,110.79915,28
28/01/2025,BIGT.TA,107.75058,29
29/01/2025,BIGT.TA,108.59342,30
31/12/2024,BKRY.TA,324.55264,1
01/01/2025,BKRY.TA,318.83127,2
02/01/2025,BKRY.TA,314.11264,3
03/01/2025,BKRY.TA,322.33972,4
04/01/2025,BKRY.TA,329.90308,5
05/01/2025,BKRY.TA,325.33624,6
06/01/2025,BKRY.TA,324.16748,7
07/01/2025,BKRY.TA,326.73483,8
08/01/2025,BKRY.TA,315.88672,9
09/01/2025,BKRY.TA,311.82236,10
10/01/2025,BKRY.TA,303.09497,11
11/01/2025,BKRY.TA,289.5687,12
12/01/2025,BKRY.TA,290.82074,13
13/01/2025,BKRY.TA,292.16635,14
14/01/2025,BKRY.TA,299.97684,15
15/01/2025,BKRY.TA,298.10843,16
16/01/2025,BKRY.TA,286.47168,17
17/01/2025,BKRY.TA,275.24295,18
18/01/2025,BKRY.TA,276.51236,19
19/01/2025,BKRY.TA,272.1668,20
20/01/2025,BKRY.TA,276.51898,21
21/01/2025,BKRY.TA,274.8253,22
22/01/2025,BKRY.TA,274.67444,23
23/01/2025,BKRY.TA,266.7849,24
24/01/2025,BKRY.TA,262.5765,25
25/01/2025,BKRY.TA,274.25137,26
26/01/2025,BKRY.TA,275.37726,27
27/01/2025,BKRY.TA,278.7198,28
28/01/2025,BKRY.TA,284.99844,29
29/01/2025,BKRY.TA,288.83826,30
31/12/2024,BIOV.TA,2.2968922,1
01/01/2025,BIOV.TA,-3.2654395,2
02/01/2025,BIOV.TA,-7.686672,3
03/01/2025,BIOV.TA,-17.003765,4
04/01/2025,BIOV.TA,-52.981922,5
05/01/2025,BIOV.TA,-12.965819,6
06/01/2025,BIOV.TA,-24.492262,7
07/01/2025,BIOV.TA,5.7781634,8
08/01/2025,BIOV.TA,-3.6742842,9
09/01/2025,BIOV.TA,-8.27006,10
10/01/2025,BIOV.TA,-0.43316695,11
11/01/2025,BIOV.TA,0.31305227,12
12/01/2025,BIOV.TA,-0.91789573,13
13/01/2025,BIOV.TA,0.26549464,14
14/01/2025,BIOV.TA,0.9103979,15
15/01/2025,BIOV.TA,0.9877762,16
16/01/2025,BIOV.TA,2.2105124,17
17/01/2025,BIOV.TA,10.813093,18
18/01/2025,BIOV.TA,12.177496,19
19/01/2025,BIOV.TA,52.940662,20
20/01/2025,BIOV.TA,34.054066,21
21/01/2025,BIOV.TA,107.3284,22
22/01/2025,BIOV.TA,-47.946392,23
23/01/2025,BIOV.TA,119.86314,24
24/01/2025,BIOV.TA,521.42584,25
25/01/2025,BIOV.TA,94.96098,26
26/01/2025,BIOV.TA,-69.573845,27
27/01/2025,BIOV.TA,-23.185724,28
28/01/2025,BIOV.TA,-16.156855,29
29/01/2025,BIOV.TA,-45.23764,30
31/12/2024,BOLT.TA,528.6566,1
01/01/2025,BOLT.TA,413.97037,2
02/01/2025,BOLT.TA,390.51257,3
03/01/2025,BOLT.TA,393.36145,4
04/01/2025,BOLT.TA,530.80884,5
05/01/2025,BOLT.TA,394.67194,6
06/01/2025,BOLT.TA,443.20337,7
07/01/2025,BOLT.TA,377.82922,8
08/01/2025,BOLT.TA,356.10474,9
09/01/2025,BOLT.TA,289.98846,10
10/01/2025,BOLT.TA,281.32965,11
11/01/2025,BOLT.TA,274.0643,12
12/01/2025,BOLT.TA,282.09848,13
13/01/2025,BOLT.TA,344.88315,14
14/01/2025,BOLT.TA,381.52515,15
15/01/2025,BOLT.TA,328.50598,16
16/01/2025,BOLT.TA,373.23682,17
17/01/2025,BOLT.TA,473.85666,18
18/01/2025,BOLT.TA,502.62848,19
19/01/2025,BOLT.TA,450.01257,20
20/01/2025,BOLT.TA,398.1086,21
21/01/2025,BOLT.TA,421.81985,22
22/01/2025,BOLT.TA,416.36737,23
23/01/2025,BOLT.TA,385.09082,24
24/01/2025,BOLT.TA,459.26904,25
25/01/2025,BOLT.TA,364.08923,26
26/01/2025,BOLT.TA,297.23453,27
27/01/2025,BOLT.TA,346.44727,28
28/01/2025,BOLT.TA,276.59473,29
29/01/2025,BOLT.TA,261.17426,30
31/12/2024,BLRX.TA,5.2580624,1
01/01/2025,BLRX.TA,5.363493,2
02/01/2025,BLRX.TA,5.1460433,3
03/01/2025,BLRX.TA,4.0195937,4
04/01/2025,BLRX.TA,4.263328,5
05/01/2025,BLRX.TA,3.4833949,6
06/01/2025,BLRX.TA,2.9668708,7
07/01/2025,BLRX.TA,2.7415648,8
08/01/2025,BLRX.TA,2.6251745,9
09/01/2025,BLRX.TA,2.7474887,10
10/01/2025,BLRX.TA,3.1738706,11
11/01/2025,BLRX.TA,3.4806302,12
12/01/2025,BLRX.TA,2.8986259,13
13/01/2025,BLRX.TA,2.9356816,14
14/01/2025,BLRX.TA,3.031649,15
15/01/2025,BLRX.TA,2.8853748,16
16/01/2025,BLRX.TA,2.6637306,17
17/01/2025,BLRX.TA,2.166795,18
18/01/2025,BLRX.TA,2.350561,19
19/01/2025,BLRX.TA,2.3774254,20
20/01/2025,BLRX.TA,2.4942305,21
21/01/2025,BLRX.TA,2.4669614,22
22/01/2025,BLRX.TA,2.2573137,23
23/01/2025,BLRX.TA,2.3449104,24
24/01/2025,BLRX.TA,2.1998017,25
25/01/2025,BLRX.TA,1.8896849,26
26/01/2025,BLRX.TA,2.1345255,27
27/01/2025,BLRX.TA,2.2067094,28
28/01/2025,BLRX.TA,2.5507624,29
29/01/2025,BLRX.TA,2.3036647,30
31/12/2024,BIMT.TA,22.538496,1
01/01/2025,BIMT.TA,23.076832,2
02/01/2025,BIMT.TA,23.617426,3
03/01/2025,BIMT.TA,22.629248,4
04/01/2025,BIMT.TA,21.239082,5
05/01/2025,BIMT.TA,22.804054,6
06/01/2025,BIMT.TA,21.968214,7
07/01/2025,BIMT.TA,21.767235,8
08/01/2025,BIMT.TA,20.690775,9
09/01/2025,BIMT.TA,19.594645,10
10/01/2025,BIMT.TA,18.766438,11
11/01/2025,BIMT.TA,18.286184,12
12/01/2025,BIMT.TA,17.285557,13
13/01/2025,BIMT.TA,18.095211,14
14/01/2025,BIMT.TA,17.824207,15
15/01/2025,BIMT.TA,16.154055,16
16/01/2025,BIMT.TA,17.408463,17
17/01/2025,BIMT.TA,16.327208,18
18/01/2025,BIMT.TA,16.696703,19
19/01/2025,BIMT.TA,17.212065,20
20/01/2025,BIMT.TA,16.677116,21
21/01/2025,BIMT.TA,14.695155,22
22/01/2025,BIMT.TA,14.573531,23
23/01/2025,BIMT.TA,14.782643,24
24/01/2025,BIMT.TA,15.390459,25
25/01/2025,BIMT.TA,14.5211935,26
26/01/2025,BIMT.TA,15.803399,27
27/01/2025,BIMT.TA,17.299414,28
28/01/2025,BIMT.TA,16.563887,29
29/01/2025,BIMT.TA,18.933575,30
31/12/2024,BIRM.TA,1452.5219,1
01/01/2025,BIRM.TA,1448.9603,2
02/01/2025,BIRM.TA,1541.6881,3
03/01/2025,BIRM.TA,1537.4362,4
04/01/2025,BIRM.TA,1568.6759,5
05/01/2025,BIRM.TA,1574.7319,6
06/01/2025,BIRM.TA,1584.6593,7
07/01/2025,BIRM.TA,1558.4843,8
08/01/2025,BIRM.TA,1641.8175,9
09/01/2025,BIRM.TA,1667.0652,10
10/01/2025,BIRM.TA,1710.1869,11
11/01/2025,BIRM.TA,1697.3604,12
12/01/2025,BIRM.TA,1773.2332,13
13/01/2025,BIRM.TA,1815.9202,14
14/01/2025,BIRM.TA,1896.7139,15
15/01/2025,BIRM.TA,1979.4424,16
16/01/2025,BIRM.TA,2118.2815,17
17/01/2025,BIRM.TA,2156.4368,18
18/01/2025,BIRM.TA,2112.7473,19
19/01/2025,BIRM.TA,2070.0945,20
20/01/2025,BIRM.TA,2109.5713,21
21/01/2025,BIRM.TA,2010.1863,22
22/01/2025,BIRM.TA,2127.492,23
23/01/2025,BIRM.TA,2347.9275,24
24/01/2025,BIRM.TA,2166.425,25
25/01/2025,BIRM.TA,2112.227,26
26/01/2025,BIRM.TA,1987.0912,27
27/01/2025,BIRM.TA,2054.9404,28
28/01/2025,BIRM.TA,1932.5497,29
29/01/2025,BIRM.TA,2033.7302,30
31/12/2024,BLRN.TA,14.266026,1
01/01/2025,BLRN.TA,20.398355,2
02/01/2025,BLRN.TA,3.9834151,3
03/01/2025,BLRN.TA,1.1698802,4
04/01/2025,BLRN.TA,1.6966143,5
05/01/2025,BLRN.TA,2.0354662,6
06/01/2025,BLRN.TA,2.598155,7
07/01/2025,BLRN.TA,3.5463471,8
08/01/2025,BLRN.TA,0.9009583,9
09/01/2025,BLRN.TA,0.8626307,10
10/01/2025,BLRN.TA,1.409687,11
11/01/2025,BLRN.TA,1.8121921,12
12/01/2025,BLRN.TA,2.2169821,13
13/01/2025,BLRN.TA,4.204048,14
14/01/2025,BLRN.TA,0.7454081,15
15/01/2025,BLRN.TA,0.6908463,16
16/01/2025,BLRN.TA,0.9167647,17
17/01/2025,BLRN.TA,1.0937779,18
18/01/2025,BLRN.TA,0.9407801,19
19/01/2025,BLRN.TA,1.4261911,20
20/01/2025,BLRN.TA,1.1469007,21
21/01/2025,BLRN.TA,1.5920308,22
22/01/2025,BLRN.TA,1.3776804,23
23/01/2025,BLRN.TA,0.75531626,24
24/01/2025,BLRN.TA,0.97503614,25
25/01/2025,BLRN.TA,1.4913064,26
26/01/2025,BLRN.TA,1.7000338,27
27/01/2025,BLRN.TA,1.9484084,28
28/01/2025,BLRN.TA,1.2868496,29
29/01/2025,BLRN.TA,1.3706982,30
30/12/2024,BLITZ-M.TA,1255.1664,1
31/12/2024,BLITZ-M.TA,1757.759,2
01/01/2025,BLITZ-M.TA,2093.5037,3
02/01/2025,BLITZ-M.TA,1270.5767,4
03/01/2025,BLITZ-M.TA,707.9405,5
04/01/2025,BLITZ-M.TA,746.4925,6
05/01/2025,BLITZ-M.TA,1360.1647,7
06/01/2025,BLITZ-M.TA,1145.4862,8
07/01/2025,BLITZ-M.TA,909.2871,9
08/01/2025,BLITZ-M.TA,1326.4957,10
09/01/2025,BLITZ-M.TA,2013.647,11
10/01/2025,BLITZ-M.TA,1249.4502,12
11/01/2025,BLITZ-M.TA,702.9638,13
12/01/2025,BLITZ-M.TA,768.85376,14
13/01/2025,BLITZ-M.TA,835.3322,15
14/01/2025,BLITZ-M.TA,1401.8523,16
15/01/2025,BLITZ-M.TA,42.32411,17
16/01/2025,BLITZ-M.TA,39.131058,18
17/01/2025,BLITZ-M.TA,19.98089,19
18/01/2025,BLITZ-M.TA,22.915173,20
19/01/2025,BLITZ-M.TA,22.072878,21
20/01/2025,BLITZ-M.TA,23.82425,22
21/01/2025,BLITZ-M.TA,29.438196,23
22/01/2025,BLITZ-M.TA,58.847084,24
23/01/2025,BLITZ-M.TA,75.71311,25
24/01/2025,BLITZ-M.TA,96.563484,26
25/01/2025,BLITZ-M.TA,118.4583,27
26/01/2025,BLITZ-M.TA,93.45948,28
27/01/2025,BLITZ-M.TA,136.70601,29
28/01/2025,BLITZ-M.TA,44.86408,30
31/12/2024,BLSR.TA,33130.88,1
01/01/2025,BLSR.TA,32867.44,2
02/01/2025,BLSR.TA,33329.117,3
03/01/2025,BLSR.TA,32909.293,4
04/01/2025,BLSR.TA,33019.42,5
05/01/2025,BLSR.TA,33124.387,6
06/01/2025,BLSR.TA,33530.703,7
07/01/2025,BLSR.TA,34325.18,8
08/01/2025,BLSR.TA,33920.793,9
09/01/2025,BLSR.TA,33612.273,10
10/01/2025,BLSR.TA,33243.285,11
11/01/2025,BLSR.TA,32359.426,12
12/01/2025,BLSR.TA,32176.78,13
13/01/2025,BLSR.TA,31880.488,14
14/01/2025,BLSR.TA,32136.031,15
15/01/2025,BLSR.TA,32154.523,16
16/01/2025,BLSR.TA,32660.668,17
17/01/2025,BLSR.TA,33124.145,18
18/01/2025,BLSR.TA,33284.19,19
19/01/2025,BLSR.TA,34319.38,20
20/01/2025,BLSR.TA,34447.164,21
21/01/2025,BLSR.TA,34322.867,22
22/01/2025,BLSR.TA,34391.2,23
23/01/2025,BLSR.TA,33497.887,24
24/01/2025,BLSR.TA,33619.78,25
25/01/2025,BLSR.TA,34909.164,26
26/01/2025,BLSR.TA,35095.434,27
27/01/2025,BLSR.TA,36187.35,28
28/01/2025,BLSR.TA,35779.777,29
29/01/2025,BLSR.TA,36895.35,30
31/12/2024,BOTI.TA,4701.1987,1
01/01/2025,BOTI.TA,4756.213,2
02/01/2025,BOTI.TA,4864.714,3
03/01/2025,BOTI.TA,4765.807,4
04/01/2025,BOTI.TA,4874.851,5
05/01/2025,BOTI.TA,4945.3057,6
06/01/2025,BOTI.TA,5052.9863,7
07/01/2025,BOTI.TA,4929.258,8
08/01/2025,BOTI.TA,5010.4688,9
09/01/2025,BOTI.TA,4954.365,10
10/01/2025,BOTI.TA,4964.306,11
11/01/2025,BOTI.TA,4823.4785,12
12/01/2025,BOTI.TA,4675.3037,13
13/01/2025,BOTI.TA,4623.026,14
14/01/2025,BOTI.TA,4779.662,15
15/01/2025,BOTI.TA,4807.381,16
16/01/2025,BOTI.TA,4816.2373,17
17/01/2025,BOTI.TA,4875.0557,18
18/01/2025,BOTI.TA,4848.6094,19
19/01/2025,BOTI.TA,4856.1455,20
20/01/2025,BOTI.TA,4865.863,21
21/01/2025,BOTI.TA,4804.8955,22
22/01/2025,BOTI.TA,4812.8486,23
23/01/2025,BOTI.TA,4905.421,24
24/01/2025,BOTI.TA,4949.563,25
25/01/2025,BOTI.TA,5028.2515,26
26/01/2025,BOTI.TA,4919.6104,27
27/01/2025,BOTI.TA,4913.4653,28
28/01/2025,BOTI.TA,5031.4805,29
29/01/2025,BOTI.TA,5219.1577,30
31/12/2024,BONS.TA,11.773794,1
01/01/2025,BONS.TA,11.571406,2
02/01/2025,BONS.TA,11.701526,3
03/01/2025,BONS.TA,12.306067,4
04/01/2025,BONS.TA,11.9146185,5
05/01/2025,BONS.TA,12.130655,6
06/01/2025,BONS.TA,12.577931,7
07/01/2025,BONS.TA,12.671649,8
08/01/2025,BONS.TA,12.23832,9
09/01/2025,BONS.TA,12.764192,10
10/01/2025,BONS.TA,12.753367,11
11/01/2025,BONS.TA,13.078126,12
12/01/2025,BONS.TA,12.643054,13
13/01/2025,BONS.TA,12.830787,14
14/01/2025,BONS.TA,12.987696,15
15/01/2025,BONS.TA,13.28934,16
16/01/2025,BONS.TA,12.897386,17
17/01/2025,BONS.TA,13.476184,18
18/01/2025,BONS.TA,13.561077,19
19/01/2025,BONS.TA,14.51926,20
20/01/2025,BONS.TA,14.431352,21
21/01/2025,BONS.TA,14.243108,22
22/01/2025,BONS.TA,14.698594,23
23/01/2025,BONS.TA,14.381803,24
24/01/2025,BONS.TA,13.499799,25
25/01/2025,BONS.TA,13.892935,26
26/01/2025,BONS.TA,14.004343,27
27/01/2025,BONS.TA,14.929818,28
28/01/2025,BONS.TA,14.096252,29
29/01/2025,BONS.TA,14.581118,30
31/12/2024,BCNV-M.TA,-92271.34,1
01/01/2025,BCNV-M.TA,159571.67,2
02/01/2025,BCNV-M.TA,-653453.9,3
03/01/2025,BCNV-M.TA,6133781.5,4
04/01/2025,BCNV-M.TA,39815164,5
05/01/2025,BCNV-M.TA,7.86E+08,6
06/01/2025,BCNV-M.TA,-3.88E+09,7
07/01/2025,BCNV-M.TA,2.73E+10,8
08/01/2025,BCNV-M.TA,4.13E+11,9
09/01/2025,BCNV-M.TA,6.52E+12,10
10/01/2025,BCNV-M.TA,-1.40E+13,11
11/01/2025,BCNV-M.TA,1.26E+13,12
12/01/2025,BCNV-M.TA,-5.33E+13,13
13/01/2025,BCNV-M.TA,-8.93E+14,14
14/01/2025,BCNV-M.TA,1.88E+15,15
15/01/2025,BCNV-M.TA,-6.53E+15,16
16/01/2025,BCNV-M.TA,4.20E+16,17
17/01/2025,BCNV-M.TA,-8.57E+16,18
18/01/2025,BCNV-M.TA,-1.03E+18,19
19/01/2025,BCNV-M.TA,-3.22E+18,20
20/01/2025,BCNV-M.TA,-2.29E+19,21
21/01/2025,BCNV-M.TA,9.47E+18,22
22/01/2025,BCNV-M.TA,-1.61E+20,23
23/01/2025,BCNV-M.TA,7.82E+20,24
24/01/2025,BCNV-M.TA,-5.63E+21,25
25/01/2025,BCNV-M.TA,-2.10E+21,26
26/01/2025,BCNV-M.TA,5.14E+21,27
27/01/2025,BCNV-M.TA,-9.27E+21,28
28/01/2025,BCNV-M.TA,-1.91E+23,29
29/01/2025,BCNV-M.TA,1.91E+24,30
31/12/2024,BWAY.TA,1659.2517,1
01/01/2025,BWAY.TA,1630.8717,2
02/01/2025,BWAY.TA,1630.1854,3
03/01/2025,BWAY.TA,1574.1776,4
04/01/2025,BWAY.TA,1565.0438,5
05/01/2025,BWAY.TA,1584.7943,6
06/01/2025,BWAY.TA,1610.52,7
07/01/2025,BWAY.TA,1607.2788,8
08/01/2025,BWAY.TA,1606.4323,9
09/01/2025,BWAY.TA,1510.3043,10
10/01/2025,BWAY.TA,1495.0349,11
11/01/2025,BWAY.TA,1463.4734,12
12/01/2025,BWAY.TA,1491.0942,13
13/01/2025,BWAY.TA,1346.888,14
14/01/2025,BWAY.TA,1365.8517,15
15/01/2025,BWAY.TA,1355.6671,16
16/01/2025,BWAY.TA,1407.0518,17
17/01/2025,BWAY.TA,1389.0837,18
18/01/2025,BWAY.TA,1453.4353,19
19/01/2025,BWAY.TA,1460.7255,20
20/01/2025,BWAY.TA,1489.5896,21
21/01/2025,BWAY.TA,1581.8324,22
22/01/2025,BWAY.TA,1551.859,23
23/01/2025,BWAY.TA,1570.659,24
24/01/2025,BWAY.TA,1591.3442,25
25/01/2025,BWAY.TA,1595.5944,26
26/01/2025,BWAY.TA,1716.3167,27
27/01/2025,BWAY.TA,1715.8198,28
28/01/2025,BWAY.TA,1749.2705,29
29/01/2025,BWAY.TA,1835.8588,30
31/12/2024,BRAM.TA,151.89996,1
01/01/2025,BRAM.TA,158.80527,2
02/01/2025,BRAM.TA,163.79213,3
03/01/2025,BRAM.TA,162.59073,4
04/01/2025,BRAM.TA,156.84715,5
05/01/2025,BRAM.TA,151.95074,6
06/01/2025,BRAM.TA,160.62366,7
07/01/2025,BRAM.TA,155.32394,8
08/01/2025,BRAM.TA,152.93459,9
09/01/2025,BRAM.TA,149.7361,10
10/01/2025,BRAM.TA,153.17801,11
11/01/2025,BRAM.TA,151.75807,12
12/01/2025,BRAM.TA,150.40535,13
13/01/2025,BRAM.TA,146.06648,14
14/01/2025,BRAM.TA,150.46538,15
15/01/2025,BRAM.TA,154.79329,16
16/01/2025,BRAM.TA,160.08022,17
17/01/2025,BRAM.TA,152.00974,18
18/01/2025,BRAM.TA,152.94424,19
19/01/2025,BRAM.TA,146.5402,20
20/01/2025,BRAM.TA,141.7742,21
21/01/2025,BRAM.TA,138.60628,22
22/01/2025,BRAM.TA,143.70491,23
23/01/2025,BRAM.TA,142.67018,24
24/01/2025,BRAM.TA,132.29054,25
25/01/2025,BRAM.TA,127.48648,26
26/01/2025,BRAM.TA,128.18529,27
27/01/2025,BRAM.TA,120.36121,28
28/01/2025,BRAM.TA,125.87668,29
29/01/2025,BRAM.TA,127.97202,30
31/12/2024,BRND.TA,277.04782,1
01/01/2025,BRND.TA,267.73376,2
02/01/2025,BRND.TA,273.44247,3
03/01/2025,BRND.TA,278.57913,4
04/01/2025,BRND.TA,271.90506,5
05/01/2025,BRND.TA,279.26764,6
06/01/2025,BRND.TA,284.49326,7
07/01/2025,BRND.TA,278.49734,8
08/01/2025,BRND.TA,290.4927,9
09/01/2025,BRND.TA,306.59473,10
10/01/2025,BRND.TA,327.28726,11
11/01/2025,BRND.TA,333.74023,12
12/01/2025,BRND.TA,320.44363,13
13/01/2025,BRND.TA,317.72568,14
14/01/2025,BRND.TA,322.98245,15
15/01/2025,BRND.TA,327.9503,16
16/01/2025,BRND.TA,311.90405,17
17/01/2025,BRND.TA,305.06866,18
18/01/2025,BRND.TA,298.49637,19
19/01/2025,BRND.TA,318.66495,20
20/01/2025,BRND.TA,327.45795,21
21/01/2025,BRND.TA,340.03305,22
22/01/2025,BRND.TA,341.77332,23
23/01/2025,BRND.TA,333.83154,24
24/01/2025,BRND.TA,329.1362,25
25/01/2025,BRND.TA,340.09863,26
26/01/2025,BRND.TA,339.931,27
27/01/2025,BRND.TA,354.17343,28
28/01/2025,BRND.TA,349.33963,29
29/01/2025,BRND.TA,355.14734,30
31/12/2024,BRIL.TA,2284.9111,1
01/01/2025,BRIL.TA,2363.5027,2
02/01/2025,BRIL.TA,2394.1143,3
03/01/2025,BRIL.TA,2378.6145,4
04/01/2025,BRIL.TA,2327.593,5
05/01/2025,BRIL.TA,2373.9485,6
06/01/2025,BRIL.TA,2542.7224,7
07/01/2025,BRIL.TA,2572.9487,8
08/01/2025,BRIL.TA,2568.0996,9
09/01/2025,BRIL.TA,2527.3394,10
10/01/2025,BRIL.TA,2531.7178,11
11/01/2025,BRIL.TA,2513.3792,12
12/01/2025,BRIL.TA,2512.4084,13
13/01/2025,BRIL.TA,2585.3252,14
14/01/2025,BRIL.TA,2548.6892,15
15/01/2025,BRIL.TA,2553.437,16
16/01/2025,BRIL.TA,2657.019,17
17/01/2025,BRIL.TA,2733.2551,18
18/01/2025,BRIL.TA,2803.9307,19
19/01/2025,BRIL.TA,2848.309,20
20/01/2025,BRIL.TA,2963.9717,21
21/01/2025,BRIL.TA,2906.7769,22
22/01/2025,BRIL.TA,2832.614,23
23/01/2025,BRIL.TA,2814.2666,24
24/01/2025,BRIL.TA,2706.3342,25
25/01/2025,BRIL.TA,2792.9668,26
26/01/2025,BRIL.TA,2806.4282,27
27/01/2025,BRIL.TA,2860.806,28
28/01/2025,BRIL.TA,2799.3733,29
29/01/2025,BRIL.TA,2822.4465,30
31/12/2024,BRMG.TA,1557.2513,1
01/01/2025,BRMG.TA,1621.8383,2
02/01/2025,BRMG.TA,1642.0961,3
03/01/2025,BRMG.TA,1679.2156,4
04/01/2025,BRMG.TA,1741.6409,5
05/01/2025,BRMG.TA,1655.3221,6
06/01/2025,BRMG.TA,1706.2759,7
07/01/2025,BRMG.TA,1714.8964,8
08/01/2025,BRMG.TA,1728.8069,9
09/01/2025,BRMG.TA,1595.5393,10
10/01/2025,BRMG.TA,1648.4526,11
11/01/2025,BRMG.TA,1582.9487,12
12/01/2025,BRMG.TA,1638.1387,13
13/01/2025,BRMG.TA,1568.4503,14
14/01/2025,BRMG.TA,1529.8186,15
15/01/2025,BRMG.TA,1607.0692,16
16/01/2025,BRMG.TA,1587.2809,17
17/01/2025,BRMG.TA,1610.3964,18
18/01/2025,BRMG.TA,1613.4135,19
19/01/2025,BRMG.TA,1731.6859,20
20/01/2025,BRMG.TA,1828.3798,21
21/01/2025,BRMG.TA,1881.1703,22
22/01/2025,BRMG.TA,1897.6675,23
23/01/2025,BRMG.TA,1956.5433,24
24/01/2025,BRMG.TA,1931.4617,25
25/01/2025,BRMG.TA,1939.606,26
26/01/2025,BRMG.TA,2053.8567,27
27/01/2025,BRMG.TA,2050.2942,28
28/01/2025,BRMG.TA,1980.2577,29
29/01/2025,BRMG.TA,1992.979,30
31/12/2024,BBLS.TA,29.404074,1
01/01/2025,BBLS.TA,31.11212,2
02/01/2025,BBLS.TA,29.447155,3
03/01/2025,BBLS.TA,29.38675,4
04/01/2025,BBLS.TA,32.25187,5
05/01/2025,BBLS.TA,30.161715,6
06/01/2025,BBLS.TA,31.987919,7
07/01/2025,BBLS.TA,29.866838,8
08/01/2025,BBLS.TA,29.0904,9
09/01/2025,BBLS.TA,27.199892,10
10/01/2025,BBLS.TA,26.807032,11
11/01/2025,BBLS.TA,22.997444,12
12/01/2025,BBLS.TA,22.884409,13
13/01/2025,BBLS.TA,21.979616,14
14/01/2025,BBLS.TA,21.36423,15
15/01/2025,BBLS.TA,18.82979,16
16/01/2025,BBLS.TA,19.501196,17
17/01/2025,BBLS.TA,20.75001,18
18/01/2025,BBLS.TA,19.85882,19
19/01/2025,BBLS.TA,18.062819,20
20/01/2025,BBLS.TA,14.831729,21
21/01/2025,BBLS.TA,16.623734,22
22/01/2025,BBLS.TA,16.819702,23
23/01/2025,BBLS.TA,15.779567,24
24/01/2025,BBLS.TA,14.557807,25
25/01/2025,BBLS.TA,14.146027,26
26/01/2025,BBLS.TA,14.76167,27
27/01/2025,BBLS.TA,15.639171,28
28/01/2025,BBLS.TA,16.007421,29
29/01/2025,BBLS.TA,13.650053,30
31/12/2024,BLGO.TA,715.3874,1
01/01/2025,BLGO.TA,727.46313,2
02/01/2025,BLGO.TA,739.18085,3
03/01/2025,BLGO.TA,735.62964,4
04/01/2025,BLGO.TA,736.96405,5
05/01/2025,BLGO.TA,730.43695,6
06/01/2025,BLGO.TA,726.2446,7
07/01/2025,BLGO.TA,744.05206,8
08/01/2025,BLGO.TA,733.9677,9
09/01/2025,BLGO.TA,755.48065,10
10/01/2025,BLGO.TA,761.2879,11
11/01/2025,BLGO.TA,758.6854,12
12/01/2025,BLGO.TA,765.32697,13
13/01/2025,BLGO.TA,772.91473,14
14/01/2025,BLGO.TA,779.66547,15
15/01/2025,BLGO.TA,793.63654,16
16/01/2025,BLGO.TA,785.9722,17
17/01/2025,BLGO.TA,791.181,18
18/01/2025,BLGO.TA,804.5423,19
19/01/2025,BLGO.TA,810.9497,20
20/01/2025,BLGO.TA,816.00964,21
21/01/2025,BLGO.TA,828.3985,22
22/01/2025,BLGO.TA,835.68567,23
23/01/2025,BLGO.TA,840.7005,24
24/01/2025,BLGO.TA,833.9592,25
25/01/2025,BLGO.TA,810.3065,26
26/01/2025,BLGO.TA,780.68524,27
27/01/2025,BLGO.TA,777.10254,28
28/01/2025,BLGO.TA,767.5487,29
29/01/2025,BLGO.TA,782.2815,30
31/12/2024,BULL-M.TA,17.33799,1
01/01/2025,BULL-M.TA,-156.54988,2
02/01/2025,BULL-M.TA,-2989.1667,3
03/01/2025,BULL-M.TA,14748.787,4
04/01/2025,BULL-M.TA,22247.307,5
05/01/2025,BULL-M.TA,-69897.86,6
06/01/2025,BULL-M.TA,1043037.1,7
07/01/2025,BULL-M.TA,4248446,8
08/01/2025,BULL-M.TA,-24369116,9
09/01/2025,BULL-M.TA,-63901744,10
10/01/2025,BULL-M.TA,-85177856,11
11/01/2025,BULL-M.TA,7.41E+08,12
12/01/2025,BULL-M.TA,-6.40E+09,13
13/01/2025,BULL-M.TA,2.14E+10,14
14/01/2025,BULL-M.TA,-7.83E+10,15
15/01/2025,BULL-M.TA,-1.94E+11,16
16/01/2025,BULL-M.TA,7.22E+11,17
17/01/2025,BULL-M.TA,-2.77E+12,18
18/01/2025,BULL-M.TA,2.15E+11,19
19/01/2025,BULL-M.TA,1.27E+11,20
20/01/2025,BULL-M.TA,-7.95E+11,21
21/01/2025,BULL-M.TA,3.11E+12,22
22/01/2025,BULL-M.TA,-2.64E+13,23
23/01/2025,BULL-M.TA,-2.13E+14,24
24/01/2025,BULL-M.TA,2.73E+15,25
25/01/2025,BULL-M.TA,2.30E+16,26
26/01/2025,BULL-M.TA,-1.36E+16,27
27/01/2025,BULL-M.TA,2.68E+17,28
28/01/2025,BULL-M.TA,1.64E+18,29
29/01/2025,BULL-M.TA,-1.76E+18,30
31/12/2024,CISY.TA,1226.2651,1
01/01/2025,CISY.TA,1231.4214,2
02/01/2025,CISY.TA,1201.4274,3
03/01/2025,CISY.TA,1233.3405,4
04/01/2025,CISY.TA,1237.9294,5
05/01/2025,CISY.TA,1230.044,6
06/01/2025,CISY.TA,1202.6947,7
07/01/2025,CISY.TA,1230.2635,8
08/01/2025,CISY.TA,1233.9464,9
09/01/2025,CISY.TA,1243.5553,10
10/01/2025,CISY.TA,1132.4194,11
11/01/2025,CISY.TA,1147.8875,12
12/01/2025,CISY.TA,1116.6799,13
13/01/2025,CISY.TA,1074.8978,14
14/01/2025,CISY.TA,1031.0535,15
15/01/2025,CISY.TA,1140.3676,16
16/01/2025,CISY.TA,1202.6484,17
17/01/2025,CISY.TA,1160.6414,18
18/01/2025,CISY.TA,1115.226,19
19/01/2025,CISY.TA,1115.2301,20
20/01/2025,CISY.TA,1153.5911,21
21/01/2025,CISY.TA,1196.1198,22
22/01/2025,CISY.TA,1184.1143,23
23/01/2025,CISY.TA,1190.8019,24
24/01/2025,CISY.TA,1174.5981,25
25/01/2025,CISY.TA,1199.4619,26
26/01/2025,CISY.TA,1135.5734,27
27/01/2025,CISY.TA,1149.8917,28
28/01/2025,CISY.TA,1114.6226,29
29/01/2025,CISY.TA,1118.2689,30
31/12/2024,CLAB.TA,1121.57,1
01/01/2025,CLAB.TA,1149.8385,2
02/01/2025,CLAB.TA,1120.088,3
03/01/2025,CLAB.TA,1096.9873,4
04/01/2025,CLAB.TA,1090.2905,5
05/01/2025,CLAB.TA,1084.8942,6
06/01/2025,CLAB.TA,1106.8815,7
07/01/2025,CLAB.TA,1116.14,8
08/01/2025,CLAB.TA,1121.9717,9
09/01/2025,CLAB.TA,1123.4,10
10/01/2025,CLAB.TA,1121.2799,11
11/01/2025,CLAB.TA,1103.8601,12
12/01/2025,CLAB.TA,1087.097,13
13/01/2025,CLAB.TA,1059.2952,14
14/01/2025,CLAB.TA,1072.3883,15
15/01/2025,CLAB.TA,1091.2382,16
16/01/2025,CLAB.TA,1053.5593,17
17/01/2025,CLAB.TA,1052.4231,18
18/01/2025,CLAB.TA,1041.1769,19
19/01/2025,CLAB.TA,1042.6201,20
20/01/2025,CLAB.TA,1026.4071,21
21/01/2025,CLAB.TA,1017.1708,22
22/01/2025,CLAB.TA,1000.2759,23
23/01/2025,CLAB.TA,983.57117,24
24/01/2025,CLAB.TA,974.5971,25
25/01/2025,CLAB.TA,992.2222,26
26/01/2025,CLAB.TA,966.9479,27
27/01/2025,CLAB.TA,975.61206,28
28/01/2025,CLAB.TA,1006.7236,29
29/01/2025,CLAB.TA,1032.5251,30
31/12/2024,CAMT.TA,33998.16,1
01/01/2025,CAMT.TA,32891.21,2
02/01/2025,CAMT.TA,31910.242,3
03/01/2025,CAMT.TA,29988.652,4
04/01/2025,CAMT.TA,30661.762,5
05/01/2025,CAMT.TA,31369.44,6
06/01/2025,CAMT.TA,31483.633,7
07/01/2025,CAMT.TA,28927.309,8
08/01/2025,CAMT.TA,28344.396,9
09/01/2025,CAMT.TA,29172.238,10
10/01/2025,CAMT.TA,28157.617,11
11/01/2025,CAMT.TA,27700.266,12
12/01/2025,CAMT.TA,27563.51,13
13/01/2025,CAMT.TA,27875.438,14
14/01/2025,CAMT.TA,27365.283,15
15/01/2025,CAMT.TA,28145.904,16
16/01/2025,CAMT.TA,28233.584,17
17/01/2025,CAMT.TA,28577.838,18
18/01/2025,CAMT.TA,28338.498,19
19/01/2025,CAMT.TA,27485.129,20
20/01/2025,CAMT.TA,28030.955,21
21/01/2025,CAMT.TA,28132.598,22
22/01/2025,CAMT.TA,26206.129,23
23/01/2025,CAMT.TA,25586.957,24
24/01/2025,CAMT.TA,24679.877,25
25/01/2025,CAMT.TA,24525.598,26
26/01/2025,CAMT.TA,25176.648,27
27/01/2025,CAMT.TA,25686.037,28
28/01/2025,CAMT.TA,26116.65,29
29/01/2025,CAMT.TA,26248.164,30
31/12/2024,CANF.TA,1.8122724,1
01/01/2025,CANF.TA,1.7311208,2
02/01/2025,CANF.TA,1.6903576,3
03/01/2025,CANF.TA,1.842926,4
04/01/2025,CANF.TA,2.1567402,5
05/01/2025,CANF.TA,2.4205322,6
06/01/2025,CANF.TA,2.9141228,7
07/01/2025,CANF.TA,3.5100417,8
08/01/2025,CANF.TA,3.888464,9
09/01/2025,CANF.TA,4.432835,10
10/01/2025,CANF.TA,5.2830887,11
11/01/2025,CANF.TA,7.486946,12
12/01/2025,CANF.TA,8.231901,13
13/01/2025,CANF.TA,8.4883585,14
14/01/2025,CANF.TA,12.279646,15
15/01/2025,CANF.TA,12.296795,16
16/01/2025,CANF.TA,11.625766,17
17/01/2025,CANF.TA,10.342051,18
18/01/2025,CANF.TA,11.155634,19
19/01/2025,CANF.TA,12.021482,20
20/01/2025,CANF.TA,13.448262,21
21/01/2025,CANF.TA,12.207677,22
22/01/2025,CANF.TA,11.24684,23
23/01/2025,CANF.TA,10.817745,24
24/01/2025,CANF.TA,9.144238,25
25/01/2025,CANF.TA,10.413018,26
26/01/2025,CANF.TA,9.890457,27
27/01/2025,CANF.TA,10.71339,28
28/01/2025,CANF.TA,10.290127,29
29/01/2025,CANF.TA,9.171753,30
31/12/2024,CNGL.TA,693.0818,1
01/01/2025,CNGL.TA,671.8998,2
02/01/2025,CNGL.TA,681.91644,3
03/01/2025,CNGL.TA,679.9545,4
04/01/2025,CNGL.TA,733.0041,5
05/01/2025,CNGL.TA,646.4941,6
06/01/2025,CNGL.TA,543.1465,7
07/01/2025,CNGL.TA,533.708,8
08/01/2025,CNGL.TA,535.4388,9
09/01/2025,CNGL.TA,508.32043,10
10/01/2025,CNGL.TA,502.17123,11
11/01/2025,CNGL.TA,463.91367,12
12/01/2025,CNGL.TA,515.1866,13
13/01/2025,CNGL.TA,560.0037,14
14/01/2025,CNGL.TA,574.1333,15
15/01/2025,CNGL.TA,602.6725,16
16/01/2025,CNGL.TA,653.9669,17
17/01/2025,CNGL.TA,637.0165,18
18/01/2025,CNGL.TA,577.743,19
19/01/2025,CNGL.TA,506.2548,20
20/01/2025,CNGL.TA,539.1831,21
21/01/2025,CNGL.TA,518.62823,22
22/01/2025,CNGL.TA,412.67633,23
23/01/2025,CNGL.TA,419.63962,24
24/01/2025,CNGL.TA,434.5285,25
25/01/2025,CNGL.TA,441.51926,26
26/01/2025,CNGL.TA,445.98123,27
27/01/2025,CNGL.TA,484.54413,28
28/01/2025,CNGL.TA,424.24356,29
29/01/2025,CNGL.TA,435.47717,30
31/12/2024,CNTC.TA,849.6173,1
01/01/2025,CNTC.TA,449.04282,2
02/01/2025,CNTC.TA,1257.3549,3
03/01/2025,CNTC.TA,2506.5837,4
04/01/2025,CNTC.TA,5823.322,5
05/01/2025,CNTC.TA,4961.617,6
06/01/2025,CNTC.TA,4842.421,7
07/01/2025,CNTC.TA,6819.202,8
08/01/2025,CNTC.TA,10005.051,9
09/01/2025,CNTC.TA,6588.2896,10
10/01/2025,CNTC.TA,2501.1836,11
11/01/2025,CNTC.TA,4193.2046,12
12/01/2025,CNTC.TA,8741.071,13
13/01/2025,CNTC.TA,-784.4528,14
14/01/2025,CNTC.TA,734.3621,15
15/01/2025,CNTC.TA,675.3233,16
16/01/2025,CNTC.TA,-196.14203,17
17/01/2025,CNTC.TA,-225.74457,18
18/01/2025,CNTC.TA,-70.03739,19
19/01/2025,CNTC.TA,-89.25476,20
20/01/2025,CNTC.TA,-80.999916,21
21/01/2025,CNTC.TA,59.294273,22
22/01/2025,CNTC.TA,71.95572,23
23/01/2025,CNTC.TA,11.789693,24
24/01/2025,CNTC.TA,17.073431,25
25/01/2025,CNTC.TA,6.59082,26
26/01/2025,CNTC.TA,10.541729,27
27/01/2025,CNTC.TA,7.6934166,28
28/01/2025,CNTC.TA,11.615948,29
29/01/2025,CNTC.TA,0.09509651,30
31/12/2024,CPTP.TA,75.094955,1
01/01/2025,CPTP.TA,-1149.8243,2
02/01/2025,CPTP.TA,5073.6997,3
03/01/2025,CPTP.TA,682.6581,4
04/01/2025,CPTP.TA,1155.1345,5
05/01/2025,CPTP.TA,-2706.6787,6
06/01/2025,CPTP.TA,-7277.2417,7
07/01/2025,CPTP.TA,-77415.72,8
08/01/2025,CPTP.TA,274551.94,9
09/01/2025,CPTP.TA,-1049429.2,10
10/01/2025,CPTP.TA,3693433.5,11
11/01/2025,CPTP.TA,8927776,12
12/01/2025,CPTP.TA,35468372,13
13/01/2025,CPTP.TA,1.56E+08,14
14/01/2025,CPTP.TA,-4.96E+08,15
15/01/2025,CPTP.TA,6.78E+09,16
16/01/2025,CPTP.TA,9.57E+10,17
17/01/2025,CPTP.TA,4.63E+11,18
18/01/2025,CPTP.TA,-6.15E+12,19
19/01/2025,CPTP.TA,-5.72E+12,20
20/01/2025,CPTP.TA,-6.15E+13,21
21/01/2025,CPTP.TA,-2.73E+14,22
22/01/2025,CPTP.TA,7.64E+14,23
23/01/2025,CPTP.TA,-1.73E+15,24
24/01/2025,CPTP.TA,1.60E+16,25
25/01/2025,CPTP.TA,-1.93E+16,26
26/01/2025,CPTP.TA,-1.56E+17,27
27/01/2025,CPTP.TA,-1.26E+18,28
28/01/2025,CPTP.TA,8.05E+16,29
29/01/2025,CPTP.TA,8.26E+17,30
31/12/2024,CRSM.TA,2404.9587,1
01/01/2025,CRSM.TA,2397.3816,2
02/01/2025,CRSM.TA,2372.219,3
03/01/2025,CRSM.TA,2311.2664,4
04/01/2025,CRSM.TA,2305.5098,5
05/01/2025,CRSM.TA,2351.8315,6
06/01/2025,CRSM.TA,2360.2085,7
07/01/2025,CRSM.TA,2389.046,8
08/01/2025,CRSM.TA,2375.5808,9
09/01/2025,CRSM.TA,2363.7544,10
10/01/2025,CRSM.TA,2393.7004,11
11/01/2025,CRSM.TA,2313.2368,12
12/01/2025,CRSM.TA,2331.5012,13
13/01/2025,CRSM.TA,2396.6934,14
14/01/2025,CRSM.TA,2402.5667,15
15/01/2025,CRSM.TA,2392.5422,16
16/01/2025,CRSM.TA,2270.7673,17
17/01/2025,CRSM.TA,2286.5884,18
18/01/2025,CRSM.TA,2180.7559,19
19/01/2025,CRSM.TA,2197.4712,20
20/01/2025,CRSM.TA,2187.7068,21
21/01/2025,CRSM.TA,2106.5125,22
22/01/2025,CRSM.TA,2058.9766,23
23/01/2025,CRSM.TA,2062.3806,24
24/01/2025,CRSM.TA,2123.9836,25
25/01/2025,CRSM.TA,2131.3086,26
26/01/2025,CRSM.TA,2129.7737,27
27/01/2025,CRSM.TA,2150.2295,28
28/01/2025,CRSM.TA,2193.0366,29
29/01/2025,CRSM.TA,2177.5964,30
31/12/2024,CRSR.TA,3931.8447,1
01/01/2025,CRSR.TA,4041.1057,2
02/01/2025,CRSR.TA,3989.5974,3
03/01/2025,CRSR.TA,4099.9023,4
04/01/2025,CRSR.TA,4206.0635,5
05/01/2025,CRSR.TA,4213.1436,6
06/01/2025,CRSR.TA,4289.814,7
07/01/2025,CRSR.TA,4241.8486,8
08/01/2025,CRSR.TA,4431.6836,9
09/01/2025,CRSR.TA,4622.111,10
10/01/2025,CRSR.TA,4709.8496,11
11/01/2025,CRSR.TA,4922.6865,12
12/01/2025,CRSR.TA,4655.661,13
13/01/2025,CRSR.TA,4506.338,14
14/01/2025,CRSR.TA,4575.6353,15
15/01/2025,CRSR.TA,4682.807,16
16/01/2025,CRSR.TA,4753.7285,17
17/01/2025,CRSR.TA,4902.6777,18
18/01/2025,CRSR.TA,4839.267,19
19/01/2025,CRSR.TA,5030.364,20
20/01/2025,CRSR.TA,4987.4146,21
21/01/2025,CRSR.TA,5127.826,22
22/01/2025,CRSR.TA,5026.633,23
23/01/2025,CRSR.TA,5090.691,24
24/01/2025,CRSR.TA,5057.276,25
25/01/2025,CRSR.TA,5324.166,26
26/01/2025,CRSR.TA,5612.9146,27
27/01/2025,CRSR.TA,5658.7407,28
28/01/2025,CRSR.TA,5913.367,29
29/01/2025,CRSR.TA,5993.597,30
31/12/2024,CRML.TA,2130.765,1
01/01/2025,CRML.TA,2180.3352,2
02/01/2025,CRML.TA,2169.763,3
03/01/2025,CRML.TA,2155.6143,4
04/01/2025,CRML.TA,2188.5903,5
05/01/2025,CRML.TA,2136.7244,6
06/01/2025,CRML.TA,2171.102,7
07/01/2025,CRML.TA,2235.8901,8
08/01/2025,CRML.TA,2260.6567,9
09/01/2025,CRML.TA,2250.4595,10
10/01/2025,CRML.TA,2241.6704,11
11/01/2025,CRML.TA,2211.8984,12
12/01/2025,CRML.TA,2166.0957,13
13/01/2025,CRML.TA,2252.8152,14
14/01/2025,CRML.TA,2329.2642,15
15/01/2025,CRML.TA,2386.4128,16
16/01/2025,CRML.TA,2412.5322,17
17/01/2025,CRML.TA,2398.1023,18
18/01/2025,CRML.TA,2398.3726,19
19/01/2025,CRML.TA,2513.606,20
20/01/2025,CRML.TA,2475.3599,21
21/01/2025,CRML.TA,2480.1013,22
22/01/2025,CRML.TA,2426.6453,23
23/01/2025,CRML.TA,2343.104,24
24/01/2025,CRML.TA,2324.9102,25
25/01/2025,CRML.TA,2302.6033,26
26/01/2025,CRML.TA,2329.289,27
27/01/2025,CRML.TA,2402.1145,28
28/01/2025,CRML.TA,2325.9353,29
29/01/2025,CRML.TA,2260.0107,30
31/12/2024,CRMT.TA,1520.8319,1
01/01/2025,CRMT.TA,7066.5864,2
02/01/2025,CRMT.TA,8081.4443,3
03/01/2025,CRMT.TA,-6940.6157,4
04/01/2025,CRMT.TA,-4270.147,5
05/01/2025,CRMT.TA,-37225.473,6
06/01/2025,CRMT.TA,-213378.06,7
07/01/2025,CRMT.TA,-301485.97,8
08/01/2025,CRMT.TA,-1912395.9,9
09/01/2025,CRMT.TA,3758950.8,10
10/01/2025,CRMT.TA,20816856,11
11/01/2025,CRMT.TA,91414784,12
12/01/2025,CRMT.TA,4.35E+08,13
13/01/2025,CRMT.TA,7.75E+08,14
14/01/2025,CRMT.TA,-2.63E+09,15
15/01/2025,CRMT.TA,-6.45E+09,16
16/01/2025,CRMT.TA,-3.07E+10,17
17/01/2025,CRMT.TA,3.73E+10,18
18/01/2025,CRMT.TA,6.27E+10,19
19/01/2025,CRMT.TA,3.76E+10,20
20/01/2025,CRMT.TA,-9.40E+09,21
21/01/2025,CRMT.TA,-6.71E+10,22
22/01/2025,CRMT.TA,5.77E+10,23
23/01/2025,CRMT.TA,1.40E+11,24
24/01/2025,CRMT.TA,3.23E+11,25
25/01/2025,CRMT.TA,-6.24E+11,26
26/01/2025,CRMT.TA,-1.32E+10,27
27/01/2025,CRMT.TA,3.99E+09,28
28/01/2025,CRMT.TA,2.49E+10,29
29/01/2025,CRMT.TA,-8.04E+10,30
31/12/2024,CAST.TA,9796.166,1
01/01/2025,CAST.TA,10279.327,2
02/01/2025,CAST.TA,9823.207,3
03/01/2025,CAST.TA,9706.398,4
04/01/2025,CAST.TA,9532.263,5
05/01/2025,CAST.TA,9717.597,6
06/01/2025,CAST.TA,9555.685,7
07/01/2025,CAST.TA,9641.993,8
08/01/2025,CAST.TA,9617.849,9
09/01/2025,CAST.TA,9678.315,10
10/01/2025,CAST.TA,9501.708,11
11/01/2025,CAST.TA,9697.022,12
12/01/2025,CAST.TA,9711.861,13
13/01/2025,CAST.TA,9660.941,14
14/01/2025,CAST.TA,9687.703,15
15/01/2025,CAST.TA,9361.562,16
16/01/2025,CAST.TA,9302.251,17
17/01/2025,CAST.TA,9421.766,18
18/01/2025,CAST.TA,8978.272,19
19/01/2025,CAST.TA,8832.227,20
20/01/2025,CAST.TA,8986.104,21
21/01/2025,CAST.TA,9133.74,22
22/01/2025,CAST.TA,8958.668,23
23/01/2025,CAST.TA,8805.824,24
24/01/2025,CAST.TA,8784.696,25
25/01/2025,CAST.TA,8938.916,26
26/01/2025,CAST.TA,8747.193,27
27/01/2025,CAST.TA,8964.314,28
28/01/2025,CAST.TA,9135.376,29
29/01/2025,CAST.TA,9276.289,30
31/12/2024,CEL.TA,2116.0847,1
01/01/2025,CEL.TA,2075.8352,2
02/01/2025,CEL.TA,2069.2434,3
03/01/2025,CEL.TA,2069.2036,4
04/01/2025,CEL.TA,2034.9844,5
05/01/2025,CEL.TA,2103.1514,6
06/01/2025,CEL.TA,2054.0842,7
07/01/2025,CEL.TA,2095.7537,8
08/01/2025,CEL.TA,2100.2659,9
09/01/2025,CEL.TA,2106.2056,10
10/01/2025,CEL.TA,2098.1306,11
11/01/2025,CEL.TA,2102.138,12
12/01/2025,CEL.TA,2081.5212,13
13/01/2025,CEL.TA,2010.7921,14
14/01/2025,CEL.TA,2068.292,15
15/01/2025,CEL.TA,2114.6611,16
16/01/2025,CEL.TA,2132.5208,17
17/01/2025,CEL.TA,2177.4626,18
18/01/2025,CEL.TA,2246.325,19
19/01/2025,CEL.TA,2300.018,20
20/01/2025,CEL.TA,2274.6704,21
21/01/2025,CEL.TA,2318.5842,22
22/01/2025,CEL.TA,2373.2405,23
23/01/2025,CEL.TA,2313.6426,24
24/01/2025,CEL.TA,2276.1501,25
25/01/2025,CEL.TA,2197.6719,26
26/01/2025,CEL.TA,2252.83,27
27/01/2025,CEL.TA,2335.9556,28
28/01/2025,CEL.TA,2360.154,29
29/01/2025,CEL.TA,2395.2485,30
31/12/2024,CILO.TA,-708.1073,1
01/01/2025,CILO.TA,2012.0609,2
02/01/2025,CILO.TA,9952.193,3
03/01/2025,CILO.TA,-32335.12,4
04/01/2025,CILO.TA,63799.24,5
05/01/2025,CILO.TA,18841.012,6
06/01/2025,CILO.TA,17495.834,7
07/01/2025,CILO.TA,26844.238,8
08/01/2025,CILO.TA,-132789.69,9
09/01/2025,CILO.TA,-543295.2,10
10/01/2025,CILO.TA,2591404.5,11
11/01/2025,CILO.TA,-518464.1,12
12/01/2025,CILO.TA,4990131.5,13
13/01/2025,CILO.TA,-8664673,14
14/01/2025,CILO.TA,-30123894,15
15/01/2025,CILO.TA,69028360,16
16/01/2025,CILO.TA,4.04E+08,17
17/01/2025,CILO.TA,4.52E+08,18
18/01/2025,CILO.TA,-4.61E+08,19
19/01/2025,CILO.TA,5.07E+09,20
20/01/2025,CILO.TA,2.40E+10,21
21/01/2025,CILO.TA,-1.09E+11,22
22/01/2025,CILO.TA,-5.32E+11,23
23/01/2025,CILO.TA,2.19E+12,24
24/01/2025,CILO.TA,-7.14E+12,25
25/01/2025,CILO.TA,-1.49E+13,26
26/01/2025,CILO.TA,-5.54E+13,27
27/01/2025,CILO.TA,-4.18E+14,28
28/01/2025,CILO.TA,9.70E+14,29
29/01/2025,CILO.TA,-8.11E+15,30
23/09/2024,CION.TA,34.791588,1
24/09/2024,CION.TA,36.154266,2
25/09/2024,CION.TA,37.29317,3
26/09/2024,CION.TA,38.325283,4
27/09/2024,CION.TA,37.795563,5
28/09/2024,CION.TA,38.84338,6
29/09/2024,CION.TA,39.057896,7
30/09/2024,CION.TA,38.78994,8
01/10/2024,CION.TA,38.65248,9
02/10/2024,CION.TA,39.028187,10
03/10/2024,CION.TA,39.606216,11
04/10/2024,CION.TA,39.708397,12
05/10/2024,CION.TA,40.94932,13
06/10/2024,CION.TA,41.452858,14
07/10/2024,CION.TA,41.842052,15
08/10/2024,CION.TA,42.457756,16
09/10/2024,CION.TA,42.575424,17
10/10/2024,CION.TA,42.755802,18
11/10/2024,CION.TA,41.777897,19
12/10/2024,CION.TA,42.830727,20
13/10/2024,CION.TA,43.250362,21
14/10/2024,CION.TA,41.72139,22
15/10/2024,CION.TA,40.10452,23
16/10/2024,CION.TA,40.740707,24
17/10/2024,CION.TA,39.349358,25
18/10/2024,CION.TA,40.28975,26
19/10/2024,CION.TA,40.462482,27
20/10/2024,CION.TA,40.339077,28
21/10/2024,CION.TA,40.154613,29
22/10/2024,CION.TA,40.328247,30
31/12/2024,CPIA.TA,48.43534,1
01/01/2025,CPIA.TA,47.215557,2
02/01/2025,CPIA.TA,48.067024,3
03/01/2025,CPIA.TA,48.431454,4
04/01/2025,CPIA.TA,47.372696,5
05/01/2025,CPIA.TA,47.324207,6
06/01/2025,CPIA.TA,46.874588,7
07/01/2025,CPIA.TA,46.633038,8
08/01/2025,CPIA.TA,46.677784,9
09/01/2025,CPIA.TA,47.966087,10
10/01/2025,CPIA.TA,49.828514,11
11/01/2025,CPIA.TA,49.585533,12
12/01/2025,CPIA.TA,48.90935,13
13/01/2025,CPIA.TA,46.91672,14
14/01/2025,CPIA.TA,47.37326,15
15/01/2025,CPIA.TA,48.548138,16
16/01/2025,CPIA.TA,46.69698,17
17/01/2025,CPIA.TA,45.637608,18
18/01/2025,CPIA.TA,45.302933,19
19/01/2025,CPIA.TA,45.239437,20
20/01/2025,CPIA.TA,46.09919,21
21/01/2025,CPIA.TA,46.12309,22
22/01/2025,CPIA.TA,46.969612,23
23/01/2025,CPIA.TA,45.553967,24
24/01/2025,CPIA.TA,44.15722,25
25/01/2025,CPIA.TA,43.31814,26
26/01/2025,CPIA.TA,44.58515,27
27/01/2025,CPIA.TA,45.90457,28
28/01/2025,CPIA.TA,46.93601,29
29/01/2025,CPIA.TA,47.59254,30
03/06/2024,CTPL1.TA,174.78119,1
04/06/2024,CTPL1.TA,164.16626,2
05/06/2024,CTPL1.TA,152.15346,3
06/06/2024,CTPL1.TA,135.96521,4
07/06/2024,CTPL1.TA,130.06937,5
08/06/2024,CTPL1.TA,133.2311,6
09/06/2024,CTPL1.TA,147.56816,7
10/06/2024,CTPL1.TA,143.7844,8
11/06/2024,CTPL1.TA,151.87103,9
12/06/2024,CTPL1.TA,164.8083,10
13/06/2024,CTPL1.TA,173.22966,11
14/06/2024,CTPL1.TA,183.67807,12
15/06/2024,CTPL1.TA,166.50285,13
16/06/2024,CTPL1.TA,172.13487,14
17/06/2024,CTPL1.TA,181.6084,15
18/06/2024,CTPL1.TA,208.99141,16
19/06/2024,CTPL1.TA,208.08038,17
20/06/2024,CTPL1.TA,186.84824,18
21/06/2024,CTPL1.TA,186.71648,19
22/06/2024,CTPL1.TA,163.92741,20
23/06/2024,CTPL1.TA,161.74011,21
24/06/2024,CTPL1.TA,204.97678,22
25/06/2024,CTPL1.TA,191.81769,23
26/06/2024,CTPL1.TA,211.25676,24
27/06/2024,CTPL1.TA,234.26604,25
28/06/2024,CTPL1.TA,253.66272,26
29/06/2024,CTPL1.TA,255.27321,27
30/06/2024,CTPL1.TA,226.91861,28
01/07/2024,CTPL1.TA,251.18597,29
02/07/2024,CTPL1.TA,243.29134,30
26/12/2024,CTPL5.TA,-490521.94,1
27/12/2024,CTPL5.TA,19970932,2
28/12/2024,CTPL5.TA,-1.87E+09,3
29/12/2024,CTPL5.TA,-3.01E+11,4
30/12/2024,CTPL5.TA,5.76E+12,5
31/12/2024,CTPL5.TA,1.22E+15,6
01/01/2025,CTPL5.TA,-7.18E+16,7
02/01/2025,CTPL5.TA,8.48E+18,8
03/01/2025,CTPL5.TA,4.22E+20,9
04/01/2025,CTPL5.TA,5.36E+22,10
05/01/2025,CTPL5.TA,-2.61E+24,11
06/01/2025,CTPL5.TA,2.07E+26,12
07/01/2025,CTPL5.TA,2.69E+28,13
08/01/2025,CTPL5.TA,-3.16E+30,14
09/01/2025,CTPL5.TA,2.98E+32,15
10/01/2025,CTPL5.TA,4.78E+34,16
11/01/2025,CTPL5.TA,6.89E+36,17
12/01/2025,CTPL5.TA,inf,18
13/01/2025,CTPL5.TA,-inf,19
14/01/2025,CTPL5.TA,-inf,20
15/01/2025,CTPL5.TA,-inf,21
16/01/2025,CTPL5.TA,inf,22
17/01/2025,CTPL5.TA,inf,23
18/01/2025,CTPL5.TA,-inf,24
19/01/2025,CTPL5.TA,inf,25
20/01/2025,CTPL5.TA,-inf,26
21/01/2025,CTPL5.TA,-inf,27
22/01/2025,CTPL5.TA,-inf,28
23/01/2025,CTPL5.TA,-inf,29
24/01/2025,CTPL5.TA,-inf,30
31/12/2024,CBI.TA,49.32002,1
01/01/2025,CBI.TA,48.246098,2
02/01/2025,CBI.TA,49.997456,3
03/01/2025,CBI.TA,47.88197,4
04/01/2025,CBI.TA,47.713326,5
05/01/2025,CBI.TA,48.882633,6
06/01/2025,CBI.TA,49.42599,7
07/01/2025,CBI.TA,48.925995,8
08/01/2025,CBI.TA,49.09464,9
09/01/2025,CBI.TA,54.28873,10
10/01/2025,CBI.TA,54.40741,11
11/01/2025,CBI.TA,51.881523,12
12/01/2025,CBI.TA,54.75606,13
13/01/2025,CBI.TA,51.29014,14
14/01/2025,CBI.TA,45.920853,15
15/01/2025,CBI.TA,45.070564,16
16/01/2025,CBI.TA,43.0916,17
17/01/2025,CBI.TA,45.224426,18
18/01/2025,CBI.TA,45.920067,19
19/01/2025,CBI.TA,48.010067,20
20/01/2025,CBI.TA,53.04888,21
21/01/2025,CBI.TA,55.46627,22
22/01/2025,CBI.TA,56.887356,23
23/01/2025,CBI.TA,55.846302,24
24/01/2025,CBI.TA,55.62363,25
25/01/2025,CBI.TA,58.32679,26
26/01/2025,CBI.TA,61.17434,27
27/01/2025,CBI.TA,60.63423,28
28/01/2025,CBI.TA,63.827736,29
29/01/2025,CBI.TA,65.72328,30
31/12/2024,CLIS.TA,8112.0737,1
01/01/2025,CLIS.TA,8249.69,2
02/01/2025,CLIS.TA,8092.1885,3
03/01/2025,CLIS.TA,8157.4087,4
04/01/2025,CLIS.TA,8418.685,5
05/01/2025,CLIS.TA,8209.174,6
06/01/2025,CLIS.TA,8187.245,7
07/01/2025,CLIS.TA,8073.9395,8
08/01/2025,CLIS.TA,8146.1445,9
09/01/2025,CLIS.TA,8246.803,10
10/01/2025,CLIS.TA,8834.506,11
11/01/2025,CLIS.TA,9111.178,12
12/01/2025,CLIS.TA,9228.654,13
13/01/2025,CLIS.TA,9139.601,14
14/01/2025,CLIS.TA,9308.137,15
15/01/2025,CLIS.TA,9325.9375,16
16/01/2025,CLIS.TA,9908.038,17
17/01/2025,CLIS.TA,9578.085,18
18/01/2025,CLIS.TA,9034.293,19
19/01/2025,CLIS.TA,9188.792,20
20/01/2025,CLIS.TA,8999.521,21
21/01/2025,CLIS.TA,8943.715,22
22/01/2025,CLIS.TA,8918.532,23
23/01/2025,CLIS.TA,8809.953,24
24/01/2025,CLIS.TA,8880.82,25
25/01/2025,CLIS.TA,8923.768,26
26/01/2025,CLIS.TA,8792.564,27
27/01/2025,CLIS.TA,8791.167,28
28/01/2025,CLIS.TA,8819.103,29
29/01/2025,CLIS.TA,9018.267,30
31/12/2024,CFX.TA,395.06906,1
01/01/2025,CFX.TA,395.35474,2
02/01/2025,CFX.TA,386.83112,3
03/01/2025,CFX.TA,388.37573,4
04/01/2025,CFX.TA,409.67563,5
05/01/2025,CFX.TA,401.7052,6
06/01/2025,CFX.TA,410.786,7
07/01/2025,CFX.TA,395.2791,8
08/01/2025,CFX.TA,398.0487,9
09/01/2025,CFX.TA,380.43283,10
10/01/2025,CFX.TA,387.8346,11
11/01/2025,CFX.TA,384.2652,12
12/01/2025,CFX.TA,397.67957,13
13/01/2025,CFX.TA,391.63177,14
14/01/2025,CFX.TA,389.82822,15
15/01/2025,CFX.TA,400.15103,16
16/01/2025,CFX.TA,404.92593,17
17/01/2025,CFX.TA,376.4128,18
18/01/2025,CFX.TA,386.8222,19
19/01/2025,CFX.TA,394.36188,20
20/01/2025,CFX.TA,379.68613,21
21/01/2025,CFX.TA,386.17154,22
22/01/2025,CFX.TA,393.38504,23
23/01/2025,CFX.TA,373.58267,24
24/01/2025,CFX.TA,363.31442,25
25/01/2025,CFX.TA,382.98444,26
26/01/2025,CFX.TA,372.61417,27
27/01/2025,CFX.TA,364.66916,28
28/01/2025,CFX.TA,355.73666,29
29/01/2025,CFX.TA,351.00595,30
31/12/2024,CDEV.TA,13061.774,1
01/01/2025,CDEV.TA,13213.01,2
02/01/2025,CDEV.TA,13425.907,3
03/01/2025,CDEV.TA,13167.4,4
04/01/2025,CDEV.TA,13530.863,5
05/01/2025,CDEV.TA,13098.781,6
06/01/2025,CDEV.TA,13230.774,7
07/01/2025,CDEV.TA,13484.117,8
08/01/2025,CDEV.TA,13582.645,9
09/01/2025,CDEV.TA,13429.949,10
10/01/2025,CDEV.TA,13428.509,11
11/01/2025,CDEV.TA,13899.361,12
12/01/2025,CDEV.TA,13626.508,13
13/01/2025,CDEV.TA,13240.993,14
14/01/2025,CDEV.TA,13202.2705,15
15/01/2025,CDEV.TA,12955.89,16
16/01/2025,CDEV.TA,12936.965,17
17/01/2025,CDEV.TA,13024.041,18
18/01/2025,CDEV.TA,12942.606,19
19/01/2025,CDEV.TA,13162.071,20
20/01/2025,CDEV.TA,13244.168,21
21/01/2025,CDEV.TA,13407.176,22
22/01/2025,CDEV.TA,13733.334,23
23/01/2025,CDEV.TA,13784.532,24
24/01/2025,CDEV.TA,13855.566,25
25/01/2025,CDEV.TA,13551.438,26
26/01/2025,CDEV.TA,13647.233,27
27/01/2025,CDEV.TA,13756.743,28
28/01/2025,CDEV.TA,13611.994,29
29/01/2025,CDEV.TA,13881.95,30
31/12/2024,CGEN.TA,569.95593,1
01/01/2025,CGEN.TA,554.5437,2
02/01/2025,CGEN.TA,547.64777,3
03/01/2025,CGEN.TA,554.0545,4
04/01/2025,CGEN.TA,552.1146,5
05/01/2025,CGEN.TA,553.77075,6
06/01/2025,CGEN.TA,567.3741,7
07/01/2025,CGEN.TA,553.97504,8
08/01/2025,CGEN.TA,562.5402,9
09/01/2025,CGEN.TA,566.18915,10
10/01/2025,CGEN.TA,565.6089,11
11/01/2025,CGEN.TA,546.0288,12
12/01/2025,CGEN.TA,567.17737,13
13/01/2025,CGEN.TA,544.58844,14
14/01/2025,CGEN.TA,563.9429,15
15/01/2025,CGEN.TA,555.4856,16
16/01/2025,CGEN.TA,562.26184,17
17/01/2025,CGEN.TA,526.8927,18
18/01/2025,CGEN.TA,540.8865,19
19/01/2025,CGEN.TA,540.9511,20
20/01/2025,CGEN.TA,532.255,21
21/01/2025,CGEN.TA,539.4093,22
22/01/2025,CGEN.TA,515.0258,23
23/01/2025,CGEN.TA,513.96545,24
24/01/2025,CGEN.TA,495.36212,25
25/01/2025,CGEN.TA,487.46652,26
26/01/2025,CGEN.TA,496.6101,27
27/01/2025,CGEN.TA,496.252,28
28/01/2025,CGEN.TA,481.11526,29
29/01/2025,CGEN.TA,480.02167,30
31/12/2024,CMDR.TA,37174.977,1
01/01/2025,CMDR.TA,38710.848,2
02/01/2025,CMDR.TA,39020.68,3
03/01/2025,CMDR.TA,39250.098,4
04/01/2025,CMDR.TA,39912.13,5
05/01/2025,CMDR.TA,41616.383,6
06/01/2025,CMDR.TA,41952.69,7
07/01/2025,CMDR.TA,41668.582,8
08/01/2025,CMDR.TA,41352.836,9
09/01/2025,CMDR.TA,41677.855,10
10/01/2025,CMDR.TA,42039.133,11
11/01/2025,CMDR.TA,42908.062,12
12/01/2025,CMDR.TA,42575.656,13
13/01/2025,CMDR.TA,42203.668,14
14/01/2025,CMDR.TA,42095.367,15
15/01/2025,CMDR.TA,43393.754,16
16/01/2025,CMDR.TA,44268.953,17
17/01/2025,CMDR.TA,44714.93,18
18/01/2025,CMDR.TA,44799.125,19
19/01/2025,CMDR.TA,42785.35,20
20/01/2025,CMDR.TA,42863.88,21
21/01/2025,CMDR.TA,42281.344,22
22/01/2025,CMDR.TA,43058.31,23
23/01/2025,CMDR.TA,42760.43,24
24/01/2025,CMDR.TA,43467.098,25
25/01/2025,CMDR.TA,44558.344,26
26/01/2025,CMDR.TA,45748.062,27
27/01/2025,CMDR.TA,45915.61,28
28/01/2025,CMDR.TA,45533.074,29
29/01/2025,CMDR.TA,43428.84,30
31/12/2024,CNTL-M.TA,63.283535,1
01/01/2025,CNTL-M.TA,51.2498,2
02/01/2025,CNTL-M.TA,49.632084,3
03/01/2025,CNTL-M.TA,57.538475,4
04/01/2025,CNTL-M.TA,46.877502,5
05/01/2025,CNTL-M.TA,48.988552,6
06/01/2025,CNTL-M.TA,63.59336,7
07/01/2025,CNTL-M.TA,64.7284,8
08/01/2025,CNTL-M.TA,60.579453,9
09/01/2025,CNTL-M.TA,75.49175,10
10/01/2025,CNTL-M.TA,74.390015,11
11/01/2025,CNTL-M.TA,75.89254,12
12/01/2025,CNTL-M.TA,99.61429,13
13/01/2025,CNTL-M.TA,97.83637,14
14/01/2025,CNTL-M.TA,80.457985,15
15/01/2025,CNTL-M.TA,92.95907,16
16/01/2025,CNTL-M.TA,85.0764,17
17/01/2025,CNTL-M.TA,102.31791,18
18/01/2025,CNTL-M.TA,117.06743,19
19/01/2025,CNTL-M.TA,94.97446,20
20/01/2025,CNTL-M.TA,102.532166,21
21/01/2025,CNTL-M.TA,119.0662,22
22/01/2025,CNTL-M.TA,107.909096,23
23/01/2025,CNTL-M.TA,86.85983,24
24/01/2025,CNTL-M.TA,64.26842,25
25/01/2025,CNTL-M.TA,81.27184,26
26/01/2025,CNTL-M.TA,58.517662,27
27/01/2025,CNTL-M.TA,51.500767,28
28/01/2025,CNTL-M.TA,52.526234,29
29/01/2025,CNTL-M.TA,49.872276,30
31/12/2024,CMCT.TA,732402.6,1
01/01/2025,CMCT.TA,641018.3,2
02/01/2025,CMCT.TA,1585952.6,3
03/01/2025,CMCT.TA,3796305.2,4
04/01/2025,CMCT.TA,9023586,5
05/01/2025,CMCT.TA,11962607,6
06/01/2025,CMCT.TA,4169117.2,7
07/01/2025,CMCT.TA,5527236.5,8
08/01/2025,CMCT.TA,5174220,9
09/01/2025,CMCT.TA,1987095.1,10
10/01/2025,CMCT.TA,-1087980.4,11
11/01/2025,CMCT.TA,-1565174.6,12
12/01/2025,CMCT.TA,-3102193,13
13/01/2025,CMCT.TA,-187119.56,14
14/01/2025,CMCT.TA,-294125.9,15
15/01/2025,CMCT.TA,-459416.2,16
16/01/2025,CMCT.TA,-252020.39,17
17/01/2025,CMCT.TA,-160803.58,18
18/01/2025,CMCT.TA,-229938.75,19
19/01/2025,CMCT.TA,-237494.14,20
20/01/2025,CMCT.TA,-358564.9,21
21/01/2025,CMCT.TA,-342607.56,22
22/01/2025,CMCT.TA,-234763.83,23
23/01/2025,CMCT.TA,-99392.3,24
24/01/2025,CMCT.TA,-68501.625,25
25/01/2025,CMCT.TA,-167586.4,26
26/01/2025,CMCT.TA,-22548.082,27
27/01/2025,CMCT.TA,-23871.97,28
28/01/2025,CMCT.TA,-51381.887,29
29/01/2025,CMCT.TA,-94355.84,30
31/12/2024,DANH.TA,2275.0215,1
01/01/2025,DANH.TA,2278.2664,2
02/01/2025,DANH.TA,2284.4702,3
03/01/2025,DANH.TA,2288.3127,4
04/01/2025,DANH.TA,2267.1912,5
05/01/2025,DANH.TA,2277.6365,6
06/01/2025,DANH.TA,2266.1458,7
07/01/2025,DANH.TA,2249.3484,8
08/01/2025,DANH.TA,2263.7334,9
09/01/2025,DANH.TA,2268.7698,10
10/01/2025,DANH.TA,2269.6936,11
11/01/2025,DANH.TA,2263.7427,12
12/01/2025,DANH.TA,2265.6328,13
13/01/2025,DANH.TA,2282.0671,14
14/01/2025,DANH.TA,2302.858,15
15/01/2025,DANH.TA,2305.0889,16
16/01/2025,DANH.TA,2298.1301,17
17/01/2025,DANH.TA,2274.2202,18
18/01/2025,DANH.TA,2280.887,19
19/01/2025,DANH.TA,2287.8826,20
20/01/2025,DANH.TA,2281.9697,21
21/01/2025,DANH.TA,2260.2087,22
22/01/2025,DANH.TA,2259.5642,23
23/01/2025,DANH.TA,2277.4795,24
24/01/2025,DANH.TA,2276.1804,25
25/01/2025,DANH.TA,2282.0115,26
26/01/2025,DANH.TA,2275.3828,27
27/01/2025,DANH.TA,2269.0774,28
28/01/2025,DANH.TA,2274.3657,29
29/01/2025,DANH.TA,2277.5688,30
31/12/2024,DANE.TA,40418.957,1
01/01/2025,DANE.TA,40604.277,2
02/01/2025,DANE.TA,40471.332,3
03/01/2025,DANE.TA,40979.69,4
04/01/2025,DANE.TA,41641.49,5
05/01/2025,DANE.TA,41069.223,6
06/01/2025,DANE.TA,41171.414,7
07/01/2025,DANE.TA,41502.547,8
08/01/2025,DANE.TA,42189.527,9
09/01/2025,DANE.TA,43026.453,10
10/01/2025,DANE.TA,43752.99,11
11/01/2025,DANE.TA,43821.426,12
12/01/2025,DANE.TA,42805.84,13
13/01/2025,DANE.TA,41954.04,14
14/01/2025,DANE.TA,42294.062,15
15/01/2025,DANE.TA,41433.836,16
16/01/2025,DANE.TA,41502.395,17
17/01/2025,DANE.TA,42860.254,18
18/01/2025,DANE.TA,42693.746,19
19/01/2025,DANE.TA,42366.016,20
20/01/2025,DANE.TA,42622.684,21
21/01/2025,DANE.TA,42861.027,22
22/01/2025,DANE.TA,43294.977,23
23/01/2025,DANE.TA,44172.375,24
24/01/2025,DANE.TA,44200.11,25
25/01/2025,DANE.TA,45291.477,26
26/01/2025,DANE.TA,44913.73,27
27/01/2025,DANE.TA,45534.258,28
28/01/2025,DANE.TA,45247.984,29
29/01/2025,DANE.TA,45554.504,30
31/12/2024,DNYA.TA,11764.957,1
01/01/2025,DNYA.TA,11767.236,2
02/01/2025,DNYA.TA,12083.578,3
03/01/2025,DNYA.TA,11791.223,4
04/01/2025,DNYA.TA,12245.049,5
05/01/2025,DNYA.TA,12326.474,6
06/01/2025,DNYA.TA,12338.294,7
07/01/2025,DNYA.TA,12327.589,8
08/01/2025,DNYA.TA,12031.846,9
09/01/2025,DNYA.TA,12288.654,10
10/01/2025,DNYA.TA,12333.343,11
11/01/2025,DNYA.TA,12361.175,12
12/01/2025,DNYA.TA,11985.485,13
13/01/2025,DNYA.TA,12354.85,14
14/01/2025,DNYA.TA,12434.331,15
15/01/2025,DNYA.TA,12512.44,16
16/01/2025,DNYA.TA,12588.13,17
17/01/2025,DNYA.TA,12516.495,18
18/01/2025,DNYA.TA,12471.138,19
19/01/2025,DNYA.TA,12669.5625,20
20/01/2025,DNYA.TA,12921.283,21
21/01/2025,DNYA.TA,12790.937,22
22/01/2025,DNYA.TA,12639.717,23
23/01/2025,DNYA.TA,12713.286,24
24/01/2025,DNYA.TA,12501.881,25
25/01/2025,DNYA.TA,12185.424,26
26/01/2025,DNYA.TA,12434.497,27
27/01/2025,DNYA.TA,12114.011,28
28/01/2025,DNYA.TA,12006.422,29
29/01/2025,DNYA.TA,12098.848,30
31/12/2024,DLEA.TA,2888.8657,1
01/01/2025,DLEA.TA,2912.7336,2
02/01/2025,DLEA.TA,2864.8372,3
03/01/2025,DLEA.TA,2911.6284,4
04/01/2025,DLEA.TA,2771.145,5
05/01/2025,DLEA.TA,2707.3086,6
06/01/2025,DLEA.TA,2653.5718,7
07/01/2025,DLEA.TA,2685.5144,8
08/01/2025,DLEA.TA,2636.8948,9
09/01/2025,DLEA.TA,2546.0686,10
10/01/2025,DLEA.TA,2541.5017,11
11/01/2025,DLEA.TA,2475.9258,12
12/01/2025,DLEA.TA,2497.3044,13
13/01/2025,DLEA.TA,2562.1409,14
14/01/2025,DLEA.TA,2529.3364,15
15/01/2025,DLEA.TA,2482.226,16
16/01/2025,DLEA.TA,2591.143,17
17/01/2025,DLEA.TA,2510.8442,18
18/01/2025,DLEA.TA,2509.1711,19
19/01/2025,DLEA.TA,2474.128,20
20/01/2025,DLEA.TA,2574.6484,21
21/01/2025,DLEA.TA,2465.456,22
22/01/2025,DLEA.TA,2550.9412,23
23/01/2025,DLEA.TA,2503.5886,24
24/01/2025,DLEA.TA,2390.0618,25
25/01/2025,DLEA.TA,2523.326,26
26/01/2025,DLEA.TA,2478.808,27
27/01/2025,DLEA.TA,2512.2603,28
28/01/2025,DLEA.TA,2548.718,29
29/01/2025,DLEA.TA,2648.043,30
31/12/2024,DLEKG.TA,45095.19,1
01/01/2025,DLEKG.TA,44777.76,2
02/01/2025,DLEKG.TA,44229.26,3
03/01/2025,DLEKG.TA,43422.906,4
04/01/2025,DLEKG.TA,43951.062,5
05/01/2025,DLEKG.TA,44539.86,6
06/01/2025,DLEKG.TA,43967.94,7
07/01/2025,DLEKG.TA,43931.84,8
08/01/2025,DLEKG.TA,43620.35,9
09/01/2025,DLEKG.TA,43367.844,10
10/01/2025,DLEKG.TA,42747.7,11
11/01/2025,DLEKG.TA,42894.055,12
12/01/2025,DLEKG.TA,44356.4,13
13/01/2025,DLEKG.TA,43664.562,14
14/01/2025,DLEKG.TA,43327.07,15
15/01/2025,DLEKG.TA,43362.13,16
16/01/2025,DLEKG.TA,43249.55,17
17/01/2025,DLEKG.TA,42584.164,18
18/01/2025,DLEKG.TA,42656.695,19
19/01/2025,DLEKG.TA,43500.71,20
20/01/2025,DLEKG.TA,44246.246,21
21/01/2025,DLEKG.TA,45623.312,22
22/01/2025,DLEKG.TA,44249.582,23
23/01/2025,DLEKG.TA,43126.79,24
24/01/2025,DLEKG.TA,42775.46,25
25/01/2025,DLEKG.TA,43039.14,26
26/01/2025,DLEKG.TA,42142.824,27
27/01/2025,DLEKG.TA,42506.56,28
28/01/2025,DLEKG.TA,42540.55,29
29/01/2025,DLEKG.TA,42597.953,30
31/12/2024,DLTI.TA,6332.9644,1
01/01/2025,DLTI.TA,6507.239,2
02/01/2025,DLTI.TA,6606.635,3
03/01/2025,DLTI.TA,7024.2236,4
04/01/2025,DLTI.TA,7177.1343,5
05/01/2025,DLTI.TA,7356.1064,6
06/01/2025,DLTI.TA,7271.797,7
07/01/2025,DLTI.TA,7230.388,8
08/01/2025,DLTI.TA,7078.196,9
09/01/2025,DLTI.TA,7349.8325,10
10/01/2025,DLTI.TA,7414.0415,11
11/01/2025,DLTI.TA,7752.3696,12
12/01/2025,DLTI.TA,7675.734,13
13/01/2025,DLTI.TA,7867.672,14
14/01/2025,DLTI.TA,7696.207,15
15/01/2025,DLTI.TA,7843.2188,16
16/01/2025,DLTI.TA,7837.5,17
17/01/2025,DLTI.TA,7806.1055,18
18/01/2025,DLTI.TA,8185.199,19
19/01/2025,DLTI.TA,7828.247,20
20/01/2025,DLTI.TA,8080.312,21
21/01/2025,DLTI.TA,7985.054,22
22/01/2025,DLTI.TA,8188.9136,23
23/01/2025,DLTI.TA,8228.758,24
24/01/2025,DLTI.TA,8730.833,25
25/01/2025,DLTI.TA,8742.624,26
26/01/2025,DLTI.TA,8598.16,27
27/01/2025,DLTI.TA,8610.445,28
28/01/2025,DLTI.TA,8462.674,29
29/01/2025,DLTI.TA,8500.665,30
31/12/2024,DELG.TA,18996.223,1
01/01/2025,DELG.TA,18711.58,2
02/01/2025,DELG.TA,18118.832,3
03/01/2025,DELG.TA,18752.664,4
04/01/2025,DELG.TA,18826.582,5
05/01/2025,DELG.TA,17698.193,6
06/01/2025,DELG.TA,17601.082,7
07/01/2025,DELG.TA,17325.467,8
08/01/2025,DELG.TA,17286.922,9
09/01/2025,DELG.TA,16685.99,10
10/01/2025,DELG.TA,16919.654,11
11/01/2025,DELG.TA,16836.178,12
12/01/2025,DELG.TA,17680.47,13
13/01/2025,DELG.TA,17572.48,14
14/01/2025,DELG.TA,17130.207,15
15/01/2025,DELG.TA,17157.914,16
16/01/2025,DELG.TA,17177.46,17
17/01/2025,DELG.TA,17559.492,18
18/01/2025,DELG.TA,17989.832,19
19/01/2025,DELG.TA,18166.908,20
20/01/2025,DELG.TA,17710.078,21
21/01/2025,DELG.TA,17851.896,22
22/01/2025,DELG.TA,18534.906,23
23/01/2025,DELG.TA,18378.951,24
24/01/2025,DELG.TA,18895.824,25
25/01/2025,DELG.TA,18630.693,26
26/01/2025,DELG.TA,18705.94,27
27/01/2025,DELG.TA,18710.209,28
28/01/2025,DELG.TA,19132.803,29
29/01/2025,DELG.TA,18366.316,30
31/12/2024,DIMRI.TA,35815.76,1
01/01/2025,DIMRI.TA,35680.387,2
02/01/2025,DIMRI.TA,35680.723,3
03/01/2025,DIMRI.TA,34956.79,4
04/01/2025,DIMRI.TA,35182.1,5
05/01/2025,DIMRI.TA,34664.465,6
06/01/2025,DIMRI.TA,35067.934,7
07/01/2025,DIMRI.TA,34944.09,8
08/01/2025,DIMRI.TA,34621.367,9
09/01/2025,DIMRI.TA,34446.37,10
10/01/2025,DIMRI.TA,34276.8,11
11/01/2025,DIMRI.TA,35176.594,12
12/01/2025,DIMRI.TA,34388.23,13
13/01/2025,DIMRI.TA,34576.047,14
14/01/2025,DIMRI.TA,35023.613,15
15/01/2025,DIMRI.TA,35662.125,16
16/01/2025,DIMRI.TA,35497.23,17
17/01/2025,DIMRI.TA,35095.574,18
18/01/2025,DIMRI.TA,35126.883,19
19/01/2025,DIMRI.TA,35881.92,20
20/01/2025,DIMRI.TA,35784.07,21
21/01/2025,DIMRI.TA,36016.168,22
22/01/2025,DIMRI.TA,35796.68,23
23/01/2025,DIMRI.TA,36180.996,24
24/01/2025,DIMRI.TA,36171.332,25
25/01/2025,DIMRI.TA,36349.484,26
26/01/2025,DIMRI.TA,36184.67,27
27/01/2025,DIMRI.TA,36381.293,28
28/01/2025,DIMRI.TA,36568.55,29
29/01/2025,DIMRI.TA,36539.88,30
31/12/2024,DIPL.TA,4968.9385,1
01/01/2025,DIPL.TA,5044.315,2
02/01/2025,DIPL.TA,5173.4565,3
03/01/2025,DIPL.TA,5292.494,4
04/01/2025,DIPL.TA,5268.1587,5
05/01/2025,DIPL.TA,5331.9893,6
06/01/2025,DIPL.TA,5311.878,7
07/01/2025,DIPL.TA,5307.372,8
08/01/2025,DIPL.TA,5350.6636,9
09/01/2025,DIPL.TA,5435.187,10
10/01/2025,DIPL.TA,5265.432,11
11/01/2025,DIPL.TA,5292.425,12
12/01/2025,DIPL.TA,5528.6475,13
13/01/2025,DIPL.TA,5550.6753,14
14/01/2025,DIPL.TA,5463.7764,15
15/01/2025,DIPL.TA,5546.441,16
16/01/2025,DIPL.TA,5532.9204,17
17/01/2025,DIPL.TA,5619.0293,18
18/01/2025,DIPL.TA,5730.201,19
19/01/2025,DIPL.TA,5814.408,20
20/01/2025,DIPL.TA,5799.7173,21
21/01/2025,DIPL.TA,5859.641,22
22/01/2025,DIPL.TA,5897.4395,23
23/01/2025,DIPL.TA,5913.362,24
24/01/2025,DIPL.TA,5963.6455,25
25/01/2025,DIPL.TA,5822.82,26
26/01/2025,DIPL.TA,5675.9995,27
27/01/2025,DIPL.TA,5667.935,28
28/01/2025,DIPL.TA,5577.086,29
29/01/2025,DIPL.TA,5582.346,30
31/12/2024,DIFI.TA,58988.207,1
01/01/2025,DIFI.TA,61482.297,2
02/01/2025,DIFI.TA,60006.84,3
03/01/2025,DIFI.TA,57969.14,4
04/01/2025,DIFI.TA,55296.414,5
05/01/2025,DIFI.TA,55770.31,6
06/01/2025,DIFI.TA,54271.97,7
07/01/2025,DIFI.TA,55374.688,8
08/01/2025,DIFI.TA,57165.71,9
09/01/2025,DIFI.TA,57647.863,10
10/01/2025,DIFI.TA,61127.453,11
11/01/2025,DIFI.TA,59391.918,12
12/01/2025,DIFI.TA,57935.09,13
13/01/2025,DIFI.TA,58286.55,14
14/01/2025,DIFI.TA,56078.09,15
15/01/2025,DIFI.TA,55916.426,16
16/01/2025,DIFI.TA,54580.84,17
17/01/2025,DIFI.TA,53896.105,18
18/01/2025,DIFI.TA,51766.45,19
19/01/2025,DIFI.TA,53213.594,20
20/01/2025,DIFI.TA,52438.992,21
21/01/2025,DIFI.TA,52823.062,22
22/01/2025,DIFI.TA,53139.758,23
23/01/2025,DIFI.TA,54838.832,24
24/01/2025,DIFI.TA,57241.18,25
25/01/2025,DIFI.TA,58067.336,26
26/01/2025,DIFI.TA,62742.97,27
27/01/2025,DIFI.TA,61661.977,28
28/01/2025,DIFI.TA,61818.04,29
29/01/2025,DIFI.TA,61705.168,30
31/12/2024,DSCT.TA,2372.0337,1
01/01/2025,DSCT.TA,2295.404,2
02/01/2025,DSCT.TA,2282.9011,3
03/01/2025,DSCT.TA,2288.0857,4
04/01/2025,DSCT.TA,2263.167,5
05/01/2025,DSCT.TA,2241.3093,6
06/01/2025,DSCT.TA,2270.7756,7
07/01/2025,DSCT.TA,2232.798,8
08/01/2025,DSCT.TA,2215.1348,9
09/01/2025,DSCT.TA,2202.377,10
10/01/2025,DSCT.TA,2215.0398,11
11/01/2025,DSCT.TA,2182.9817,12
12/01/2025,DSCT.TA,2171.672,13
13/01/2025,DSCT.TA,2195.4065,14
14/01/2025,DSCT.TA,2202.7397,15
15/01/2025,DSCT.TA,2162.3274,16
16/01/2025,DSCT.TA,2137.9417,17
17/01/2025,DSCT.TA,2101.496,18
18/01/2025,DSCT.TA,2052.6501,19
19/01/2025,DSCT.TA,2116.1853,20
20/01/2025,DSCT.TA,2108.1558,21
21/01/2025,DSCT.TA,2153.0393,22
22/01/2025,DSCT.TA,2157.596,23
23/01/2025,DSCT.TA,2163.8186,24
24/01/2025,DSCT.TA,2192.979,25
25/01/2025,DSCT.TA,2213.4648,26
26/01/2025,DSCT.TA,2202.8857,27
27/01/2025,DSCT.TA,2186.3845,28
28/01/2025,DSCT.TA,2207.305,29
29/01/2025,DSCT.TA,2224.9556,30
31/12/2024,DISI.TA,426.7745,1
01/01/2025,DISI.TA,421.07956,2
02/01/2025,DISI.TA,430.82602,3
03/01/2025,DISI.TA,441.6483,4
04/01/2025,DISI.TA,451.8752,5
05/01/2025,DISI.TA,443.36475,6
06/01/2025,DISI.TA,437.92865,7
07/01/2025,DISI.TA,452.2539,8
08/01/2025,DISI.TA,466.20834,9
09/01/2025,DISI.TA,460.78836,10
10/01/2025,DISI.TA,469.5319,11
11/01/2025,DISI.TA,482.37537,12
12/01/2025,DISI.TA,479.72205,13
13/01/2025,DISI.TA,499.87024,14
14/01/2025,DISI.TA,516.99457,15
15/01/2025,DISI.TA,529.21875,16
16/01/2025,DISI.TA,537.7637,17
17/01/2025,DISI.TA,534.9791,18
18/01/2025,DISI.TA,548.88696,19
19/01/2025,DISI.TA,536.0057,20
20/01/2025,DISI.TA,542.9641,21
21/01/2025,DISI.TA,556.0948,22
22/01/2025,DISI.TA,546.879,23
23/01/2025,DISI.TA,548.934,24
24/01/2025,DISI.TA,557.3094,25
25/01/2025,DISI.TA,557.2512,26
26/01/2025,DISI.TA,577.0728,27
27/01/2025,DISI.TA,596.47363,28
28/01/2025,DISI.TA,591.9728,29
29/01/2025,DISI.TA,578.0008,30
31/12/2024,DNA.TA,90.48969,1
01/01/2025,DNA.TA,88.30565,2
02/01/2025,DNA.TA,90.437126,3
03/01/2025,DNA.TA,87.413795,4
04/01/2025,DNA.TA,84.21307,5
05/01/2025,DNA.TA,89.02854,6
06/01/2025,DNA.TA,93.80776,7
07/01/2025,DNA.TA,97.20792,8
08/01/2025,DNA.TA,99.41419,9
09/01/2025,DNA.TA,97.86124,10
10/01/2025,DNA.TA,95.51781,11
11/01/2025,DNA.TA,97.2438,12
12/01/2025,DNA.TA,99.957245,13
13/01/2025,DNA.TA,101.2133,14
14/01/2025,DNA.TA,98.19735,15
15/01/2025,DNA.TA,106.88323,16
16/01/2025,DNA.TA,97.785545,17
17/01/2025,DNA.TA,99.78034,18
18/01/2025,DNA.TA,103.43661,19
19/01/2025,DNA.TA,96.763695,20
20/01/2025,DNA.TA,93.08286,21
21/01/2025,DNA.TA,94.977295,22
22/01/2025,DNA.TA,92.66646,23
23/01/2025,DNA.TA,91.235,24
24/01/2025,DNA.TA,91.3194,25
25/01/2025,DNA.TA,86.98595,26
26/01/2025,DNA.TA,87.51289,27
27/01/2025,DNA.TA,91.15814,28
28/01/2025,DNA.TA,88.239525,29
29/01/2025,DNA.TA,93.98642,30
31/12/2024,DRAL.TA,9518.065,1
01/01/2025,DRAL.TA,9394.593,2
02/01/2025,DRAL.TA,9487.82,3
03/01/2025,DRAL.TA,9552.416,4
04/01/2025,DRAL.TA,9551.822,5
05/01/2025,DRAL.TA,9641.289,6
06/01/2025,DRAL.TA,9633.072,7
07/01/2025,DRAL.TA,9592.68,8
08/01/2025,DRAL.TA,9567.709,9
09/01/2025,DRAL.TA,9579.866,10
10/01/2025,DRAL.TA,9480.427,11
11/01/2025,DRAL.TA,9573.539,12
12/01/2025,DRAL.TA,9684.583,13
13/01/2025,DRAL.TA,9614.476,14
14/01/2025,DRAL.TA,9583.118,15
15/01/2025,DRAL.TA,9787.151,16
16/01/2025,DRAL.TA,9724.71,17
17/01/2025,DRAL.TA,9788.313,18
18/01/2025,DRAL.TA,9807.593,19
19/01/2025,DRAL.TA,9658.913,20
20/01/2025,DRAL.TA,9537.511,21
21/01/2025,DRAL.TA,9554.56,22
22/01/2025,DRAL.TA,9645.175,23
23/01/2025,DRAL.TA,9746.88,24
24/01/2025,DRAL.TA,9822.04,25
25/01/2025,DRAL.TA,9907.777,26
26/01/2025,DRAL.TA,9886.442,27
27/01/2025,DRAL.TA,9833.34,28
28/01/2025,DRAL.TA,9896.277,29
29/01/2025,DRAL.TA,9823.809,30
31/12/2024,DORL.TA,1238.91,1
01/01/2025,DORL.TA,1210.9071,2
02/01/2025,DORL.TA,1222.9293,3
03/01/2025,DORL.TA,1199.6262,4
04/01/2025,DORL.TA,1223.3931,5
05/01/2025,DORL.TA,1152.8209,6
06/01/2025,DORL.TA,1234.6188,7
07/01/2025,DORL.TA,1212.3022,8
08/01/2025,DORL.TA,1235.725,9
09/01/2025,DORL.TA,1179.9098,10
10/01/2025,DORL.TA,1214.2765,11
11/01/2025,DORL.TA,1207.1719,12
12/01/2025,DORL.TA,1265.455,13
13/01/2025,DORL.TA,1253.5616,14
14/01/2025,DORL.TA,1259.6962,15
15/01/2025,DORL.TA,1286.383,16
16/01/2025,DORL.TA,1298.6434,17
17/01/2025,DORL.TA,1274.2286,18
18/01/2025,DORL.TA,1299.5063,19
19/01/2025,DORL.TA,1341.485,20
20/01/2025,DORL.TA,1340.7473,21
21/01/2025,DORL.TA,1370.5927,22
22/01/2025,DORL.TA,1396.1813,23
23/01/2025,DORL.TA,1332.7909,24
24/01/2025,DORL.TA,1385.2076,25
25/01/2025,DORL.TA,1367.9156,26
26/01/2025,DORL.TA,1417.004,27
27/01/2025,DORL.TA,1474.5128,28
28/01/2025,DORL.TA,1428.2457,29
29/01/2025,DORL.TA,1446.0647,30
31/12/2024,DRSH.TA,1392.5022,1
01/01/2025,DRSH.TA,1407.5233,2
02/01/2025,DRSH.TA,1389.0475,3
03/01/2025,DRSH.TA,1338.8584,4
04/01/2025,DRSH.TA,1349.0841,5
05/01/2025,DRSH.TA,1343.41,6
06/01/2025,DRSH.TA,1346.4824,7
07/01/2025,DRSH.TA,1354.6692,8
08/01/2025,DRSH.TA,1367.7882,9
09/01/2025,DRSH.TA,1373.1244,10
10/01/2025,DRSH.TA,1380.9492,11
11/01/2025,DRSH.TA,1382.7485,12
12/01/2025,DRSH.TA,1390.8865,13
13/01/2025,DRSH.TA,1394.1545,14
14/01/2025,DRSH.TA,1400.8132,15
15/01/2025,DRSH.TA,1402.5557,16
16/01/2025,DRSH.TA,1413.1152,17
17/01/2025,DRSH.TA,1402.5482,18
18/01/2025,DRSH.TA,1397.2831,19
19/01/2025,DRSH.TA,1394.9015,20
20/01/2025,DRSH.TA,1378.3804,21
21/01/2025,DRSH.TA,1397.2509,22
22/01/2025,DRSH.TA,1402.3722,23
23/01/2025,DRSH.TA,1419.4222,24
24/01/2025,DRSH.TA,1425.5284,25
25/01/2025,DRSH.TA,1414.5707,26
26/01/2025,DRSH.TA,1431.3162,27
27/01/2025,DRSH.TA,1415.1027,28
28/01/2025,DRSH.TA,1396.7203,29
29/01/2025,DRSH.TA,1398.4464,30
31/12/2024,DUNI.TA,27818.502,1
01/01/2025,DUNI.TA,27042.201,2
02/01/2025,DUNI.TA,26685.176,3
03/01/2025,DUNI.TA,27935.81,4
04/01/2025,DUNI.TA,27362.656,5
05/01/2025,DUNI.TA,29053.652,6
06/01/2025,DUNI.TA,27602.021,7
07/01/2025,DUNI.TA,27541.625,8
08/01/2025,DUNI.TA,26467.781,9
09/01/2025,DUNI.TA,26770.795,10
10/01/2025,DUNI.TA,27726.734,11
11/01/2025,DUNI.TA,27850.943,12
12/01/2025,DUNI.TA,29347.598,13
13/01/2025,DUNI.TA,29619.89,14
14/01/2025,DUNI.TA,29242.467,15
15/01/2025,DUNI.TA,28971.9,16
16/01/2025,DUNI.TA,28682.746,17
17/01/2025,DUNI.TA,28822.293,18
18/01/2025,DUNI.TA,28776.29,19
19/01/2025,DUNI.TA,28968.924,20
20/01/2025,DUNI.TA,28498.13,21
21/01/2025,DUNI.TA,29090.959,22
22/01/2025,DUNI.TA,29704.059,23
23/01/2025,DUNI.TA,29650.248,24
24/01/2025,DUNI.TA,29470.08,25
25/01/2025,DUNI.TA,27530.408,26
26/01/2025,DUNI.TA,27233.83,27
27/01/2025,DUNI.TA,26707.799,28
28/01/2025,DUNI.TA,27020.55,29
29/01/2025,DUNI.TA,28343.441,30
31/12/2024,ECNR.TA,2405.6108,1
01/01/2025,ECNR.TA,2248.728,2
02/01/2025,ECNR.TA,2307.3252,3
03/01/2025,ECNR.TA,2365.0085,4
04/01/2025,ECNR.TA,2310.5996,5
05/01/2025,ECNR.TA,2179.1282,6
06/01/2025,ECNR.TA,2230.614,7
07/01/2025,ECNR.TA,2281.3381,8
08/01/2025,ECNR.TA,2286.078,9
09/01/2025,ECNR.TA,2334.6118,10
10/01/2025,ECNR.TA,2328.02,11
11/01/2025,ECNR.TA,2322.954,12
12/01/2025,ECNR.TA,2435.477,13
13/01/2025,ECNR.TA,2593.001,14
14/01/2025,ECNR.TA,2591.538,15
15/01/2025,ECNR.TA,2560.0981,16
16/01/2025,ECNR.TA,2494.8408,17
17/01/2025,ECNR.TA,2495.74,18
18/01/2025,ECNR.TA,2524.9595,19
19/01/2025,ECNR.TA,2621.4617,20
20/01/2025,ECNR.TA,2638.6074,21
21/01/2025,ECNR.TA,2797.6897,22
22/01/2025,ECNR.TA,2719.387,23
23/01/2025,ECNR.TA,2869.7654,24
24/01/2025,ECNR.TA,2837.2754,25
25/01/2025,ECNR.TA,2857.0598,26
26/01/2025,ECNR.TA,2769.7612,27
27/01/2025,ECNR.TA,2914.3357,28
28/01/2025,ECNR.TA,2867.1978,29
29/01/2025,ECNR.TA,2813.0212,30
31/12/2024,EFCP.TA,1530.8425,1
01/01/2025,EFCP.TA,1531.7417,2
02/01/2025,EFCP.TA,1531.8094,3
03/01/2025,EFCP.TA,1531.706,4
04/01/2025,EFCP.TA,1531.7251,5
05/01/2025,EFCP.TA,1530.0231,6
06/01/2025,EFCP.TA,1530.1942,7
07/01/2025,EFCP.TA,1530.1039,8
08/01/2025,EFCP.TA,1529.2183,9
09/01/2025,EFCP.TA,1528.7521,10
10/01/2025,EFCP.TA,1531.1068,11
11/01/2025,EFCP.TA,1534.4061,12
12/01/2025,EFCP.TA,1537.7582,13
13/01/2025,EFCP.TA,1534.584,14
14/01/2025,EFCP.TA,1534.6185,15
15/01/2025,EFCP.TA,1534.0408,16
16/01/2025,EFCP.TA,1532.4495,17
17/01/2025,EFCP.TA,1534.6036,18
18/01/2025,EFCP.TA,1533.1349,19
19/01/2025,EFCP.TA,1533.7377,20
20/01/2025,EFCP.TA,1532.8761,21
21/01/2025,EFCP.TA,1534.5139,22
22/01/2025,EFCP.TA,1534.5892,23
23/01/2025,EFCP.TA,1534.5502,24
24/01/2025,EFCP.TA,1534.2512,25
25/01/2025,EFCP.TA,1534.5627,26
26/01/2025,EFCP.TA,1535.2848,27
27/01/2025,EFCP.TA,1533.808,28
28/01/2025,EFCP.TA,1532.6333,29
29/01/2025,EFCP.TA,1533.5055,30
31/12/2024,ELAL.TA,735.175,1
01/01/2025,ELAL.TA,746.5188,2
02/01/2025,ELAL.TA,758.94543,3
03/01/2025,ELAL.TA,734.5458,4
04/01/2025,ELAL.TA,764.70386,5
05/01/2025,ELAL.TA,715.6373,6
06/01/2025,ELAL.TA,742.7616,7
07/01/2025,ELAL.TA,741.264,8
08/01/2025,ELAL.TA,743.1087,9
09/01/2025,ELAL.TA,754.61115,10
10/01/2025,ELAL.TA,776.4234,11
11/01/2025,ELAL.TA,768.37946,12
12/01/2025,ELAL.TA,731.3983,13
13/01/2025,ELAL.TA,739.8513,14
14/01/2025,ELAL.TA,754.70374,15
15/01/2025,ELAL.TA,769.03296,16
16/01/2025,ELAL.TA,774.97144,17
17/01/2025,ELAL.TA,758.48035,18
18/01/2025,ELAL.TA,763.4305,19
19/01/2025,ELAL.TA,765.60754,20
20/01/2025,ELAL.TA,751.2286,21
21/01/2025,ELAL.TA,740.7246,22
22/01/2025,ELAL.TA,746.0747,23
23/01/2025,ELAL.TA,738.0098,24
24/01/2025,ELAL.TA,733.92896,25
25/01/2025,ELAL.TA,745.45795,26
26/01/2025,ELAL.TA,754.27057,27
27/01/2025,ELAL.TA,767.02155,28
28/01/2025,ELAL.TA,748.0337,29
29/01/2025,ELAL.TA,750.6946,30
31/12/2024,EMITF-M.TA,603.909,1
01/01/2025,EMITF-M.TA,607.3266,2
02/01/2025,EMITF-M.TA,611.9424,3
03/01/2025,EMITF-M.TA,622.1677,4
04/01/2025,EMITF-M.TA,641.6259,5
05/01/2025,EMITF-M.TA,646.14136,6
06/01/2025,EMITF-M.TA,657.7896,7
07/01/2025,EMITF-M.TA,671.06396,8
08/01/2025,EMITF-M.TA,683.0286,9
09/01/2025,EMITF-M.TA,686.1034,10
10/01/2025,EMITF-M.TA,717.5752,11
11/01/2025,EMITF-M.TA,728.7821,12
12/01/2025,EMITF-M.TA,742.815,13
13/01/2025,EMITF-M.TA,751.3678,14
14/01/2025,EMITF-M.TA,763.985,15
15/01/2025,EMITF-M.TA,779.59607,16
16/01/2025,EMITF-M.TA,774.6907,17
17/01/2025,EMITF-M.TA,802.50104,18
18/01/2025,EMITF-M.TA,803.01953,19
19/01/2025,EMITF-M.TA,829.02844,20
20/01/2025,EMITF-M.TA,868.41205,21
21/01/2025,EMITF-M.TA,867.72797,22
22/01/2025,EMITF-M.TA,882.37213,23
23/01/2025,EMITF-M.TA,830.41125,24
24/01/2025,EMITF-M.TA,830.06464,25
25/01/2025,EMITF-M.TA,833.61017,26
26/01/2025,EMITF-M.TA,824.3239,27
27/01/2025,EMITF-M.TA,855.1154,28
28/01/2025,EMITF-M.TA,827.01263,29
29/01/2025,EMITF-M.TA,857.0275,30
31/12/2024,EMTC-M.TA,16.805647,1
01/01/2025,EMTC-M.TA,20.998726,2
02/01/2025,EMTC-M.TA,15.137144,3
03/01/2025,EMTC-M.TA,10.601796,4
04/01/2025,EMTC-M.TA,12.771791,5
05/01/2025,EMTC-M.TA,12.681147,6
06/01/2025,EMTC-M.TA,15.640072,7
07/01/2025,EMTC-M.TA,20.48302,8
08/01/2025,EMTC-M.TA,21.356825,9
09/01/2025,EMTC-M.TA,22.435907,10
10/01/2025,EMTC-M.TA,18.17471,11
11/01/2025,EMTC-M.TA,18.736734,12
12/01/2025,EMTC-M.TA,18.438116,13
13/01/2025,EMTC-M.TA,22.912243,14
14/01/2025,EMTC-M.TA,24.362566,15
15/01/2025,EMTC-M.TA,27.250223,16
16/01/2025,EMTC-M.TA,30.932117,17
17/01/2025,EMTC-M.TA,27.571884,18
18/01/2025,EMTC-M.TA,39.760536,19
19/01/2025,EMTC-M.TA,31.076649,20
20/01/2025,EMTC-M.TA,17.352869,21
21/01/2025,EMTC-M.TA,20.12908,22
22/01/2025,EMTC-M.TA,16.596067,23
23/01/2025,EMTC-M.TA,18.140598,24
24/01/2025,EMTC-M.TA,13.892312,25
25/01/2025,EMTC-M.TA,11.451034,26
26/01/2025,EMTC-M.TA,13.066402,27
27/01/2025,EMTC-M.TA,14.811001,28
28/01/2025,EMTC-M.TA,14.014248,29
29/01/2025,EMTC-M.TA,13.141849,30
31/12/2024,ESLT.TA,91575.73,1
01/01/2025,ESLT.TA,90135.7,2
02/01/2025,ESLT.TA,93718.35,3
03/01/2025,ESLT.TA,91225.76,4
04/01/2025,ESLT.TA,94078.93,5
05/01/2025,ESLT.TA,93462.07,6
06/01/2025,ESLT.TA,91874.1,7
07/01/2025,ESLT.TA,89541.58,8
08/01/2025,ESLT.TA,91361.16,9
09/01/2025,ESLT.TA,92807.234,10
10/01/2025,ESLT.TA,95379.27,11
11/01/2025,ESLT.TA,95265.38,12
12/01/2025,ESLT.TA,96848.24,13
13/01/2025,ESLT.TA,98371.31,14
14/01/2025,ESLT.TA,100037.92,15
15/01/2025,ESLT.TA,102487.41,16
16/01/2025,ESLT.TA,112274.24,17
17/01/2025,ESLT.TA,112270.91,18
18/01/2025,ESLT.TA,109255.34,19
19/01/2025,ESLT.TA,110821.35,20
20/01/2025,ESLT.TA,113739.57,21
21/01/2025,ESLT.TA,112184.99,22
22/01/2025,ESLT.TA,111562.93,23
23/01/2025,ESLT.TA,114992.43,24
24/01/2025,ESLT.TA,113828.28,25
25/01/2025,ESLT.TA,112115.17,26
26/01/2025,ESLT.TA,116257.32,27
27/01/2025,ESLT.TA,111518.69,28
28/01/2025,ESLT.TA,111392.39,29
29/01/2025,ESLT.TA,107053.914,30
31/12/2024,ELCO.TA,14254.022,1
01/01/2025,ELCO.TA,14342.006,2
02/01/2025,ELCO.TA,14669.793,3
03/01/2025,ELCO.TA,14789.598,4
04/01/2025,ELCO.TA,14566.97,5
05/01/2025,ELCO.TA,15114.282,6
06/01/2025,ELCO.TA,14981.64,7
07/01/2025,ELCO.TA,15172.583,8
08/01/2025,ELCO.TA,15502.925,9
09/01/2025,ELCO.TA,14782.619,10
10/01/2025,ELCO.TA,15425.28,11
11/01/2025,ELCO.TA,15087.551,12
12/01/2025,ELCO.TA,15423.041,13
13/01/2025,ELCO.TA,15624.037,14
14/01/2025,ELCO.TA,15400.775,15
15/01/2025,ELCO.TA,15772.08,16
16/01/2025,ELCO.TA,16155.59,17
17/01/2025,ELCO.TA,15663.936,18
18/01/2025,ELCO.TA,16245.041,19
19/01/2025,ELCO.TA,16922.416,20
20/01/2025,ELCO.TA,17211.922,21
21/01/2025,ELCO.TA,17526.693,22
22/01/2025,ELCO.TA,17609.023,23
23/01/2025,ELCO.TA,16662.385,24
24/01/2025,ELCO.TA,16534.814,25
25/01/2025,ELCO.TA,16275.498,26
26/01/2025,ELCO.TA,16404.11,27
27/01/2025,ELCO.TA,16655.746,28
28/01/2025,ELCO.TA,16590.012,29
29/01/2025,ELCO.TA,17258.842,30
31/12/2024,ELDAV-M.TA,258.47336,1
01/01/2025,ELDAV-M.TA,261.1556,2
02/01/2025,ELDAV-M.TA,271.95172,3
03/01/2025,ELDAV-M.TA,265.985,4
04/01/2025,ELDAV-M.TA,266.41782,5
05/01/2025,ELDAV-M.TA,276.11273,6
06/01/2025,ELDAV-M.TA,274.84158,7
07/01/2025,ELDAV-M.TA,260.37177,8
08/01/2025,ELDAV-M.TA,249.21577,9
09/01/2025,ELDAV-M.TA,248.00734,10
10/01/2025,ELDAV-M.TA,241.59462,11
11/01/2025,ELDAV-M.TA,239.3443,12
12/01/2025,ELDAV-M.TA,247.5789,13
13/01/2025,ELDAV-M.TA,244.99826,14
14/01/2025,ELDAV-M.TA,232.18652,15
15/01/2025,ELDAV-M.TA,238.78625,16
16/01/2025,ELDAV-M.TA,250.29228,17
17/01/2025,ELDAV-M.TA,256.9835,18
18/01/2025,ELDAV-M.TA,265.05533,19
19/01/2025,ELDAV-M.TA,277.7994,20
20/01/2025,ELDAV-M.TA,280.2529,21
21/01/2025,ELDAV-M.TA,292.28052,22
22/01/2025,ELDAV-M.TA,281.1593,23
23/01/2025,ELDAV-M.TA,289.56015,24
24/01/2025,ELDAV-M.TA,289.80225,25
25/01/2025,ELDAV-M.TA,280.77902,26
26/01/2025,ELDAV-M.TA,291.88007,27
27/01/2025,ELDAV-M.TA,292.02066,28
28/01/2025,ELDAV-M.TA,305.5677,29
29/01/2025,ELDAV-M.TA,328.1534,30
31/12/2024,ELTR.TA,207156.33,1
01/01/2025,ELTR.TA,201489.83,2
02/01/2025,ELTR.TA,202656.86,3
03/01/2025,ELTR.TA,203877.42,4
04/01/2025,ELTR.TA,203956.61,5
05/01/2025,ELTR.TA,200957.31,6
06/01/2025,ELTR.TA,196918.31,7
07/01/2025,ELTR.TA,198271.5,8
08/01/2025,ELTR.TA,199213.78,9
09/01/2025,ELTR.TA,203686.67,10
10/01/2025,ELTR.TA,202792.95,11
11/01/2025,ELTR.TA,202427.53,12
12/01/2025,ELTR.TA,197587.12,13
13/01/2025,ELTR.TA,198087.47,14
14/01/2025,ELTR.TA,202333.23,15
15/01/2025,ELTR.TA,199573.78,16
16/01/2025,ELTR.TA,197789.77,17
17/01/2025,ELTR.TA,201336.03,18
18/01/2025,ELTR.TA,202594.53,19
19/01/2025,ELTR.TA,204925.02,20
20/01/2025,ELTR.TA,208370.98,21
21/01/2025,ELTR.TA,218206.7,22
22/01/2025,ELTR.TA,208413.88,23
23/01/2025,ELTR.TA,212916.22,24
24/01/2025,ELTR.TA,214086.72,25
25/01/2025,ELTR.TA,204636.45,26
26/01/2025,ELTR.TA,209267.72,27
27/01/2025,ELTR.TA,212110.89,28
28/01/2025,ELTR.TA,215369.34,29
29/01/2025,ELTR.TA,210639.3,30
31/12/2024,ECP.TA,10858.349,1
01/01/2025,ECP.TA,10837.244,2
02/01/2025,ECP.TA,10162.991,3
03/01/2025,ECP.TA,9573.43,4
04/01/2025,ECP.TA,9845.395,5
05/01/2025,ECP.TA,9986.747,6
06/01/2025,ECP.TA,10254.921,7
07/01/2025,ECP.TA,9315.2705,8
08/01/2025,ECP.TA,8098.593,9
09/01/2025,ECP.TA,7445.3677,10
10/01/2025,ECP.TA,7509.2017,11
11/01/2025,ECP.TA,8066.5376,12
12/01/2025,ECP.TA,8872.28,13
13/01/2025,ECP.TA,8780.077,14
14/01/2025,ECP.TA,8182.345,15
15/01/2025,ECP.TA,8728.86,16
16/01/2025,ECP.TA,8151.669,17
17/01/2025,ECP.TA,8481.992,18
18/01/2025,ECP.TA,8475.312,19
19/01/2025,ECP.TA,8340.458,20
20/01/2025,ECP.TA,9662.23,21
21/01/2025,ECP.TA,9299.143,22
22/01/2025,ECP.TA,9794.531,23
23/01/2025,ECP.TA,9177.236,24
24/01/2025,ECP.TA,10483.224,25
25/01/2025,ECP.TA,9726.736,26
26/01/2025,ECP.TA,9514.848,27
27/01/2025,ECP.TA,10034.258,28
28/01/2025,ECP.TA,9429.091,29
29/01/2025,ECP.TA,9416.295,30
31/12/2024,ELCP.TA,2072.6582,1
01/01/2025,ELCP.TA,2097.4182,2
02/01/2025,ELCP.TA,2044.7874,3
03/01/2025,ELCP.TA,2065.9265,4
04/01/2025,ELCP.TA,2098.689,5
05/01/2025,ELCP.TA,2084.6323,6
06/01/2025,ELCP.TA,2052.4392,7
07/01/2025,ELCP.TA,2029.6245,8
08/01/2025,ELCP.TA,2065.0266,9
09/01/2025,ELCP.TA,1994.2944,10
10/01/2025,ELCP.TA,1907.7416,11
11/01/2025,ELCP.TA,1902.3021,12
12/01/2025,ELCP.TA,1858.1931,13
13/01/2025,ELCP.TA,1850.5092,14
14/01/2025,ELCP.TA,1825.4055,15
15/01/2025,ELCP.TA,1869.7019,16
16/01/2025,ELCP.TA,1890.7806,17
17/01/2025,ELCP.TA,1838.7737,18
18/01/2025,ELCP.TA,1870.8169,19
19/01/2025,ELCP.TA,1861.7949,20
20/01/2025,ELCP.TA,1856.1912,21
21/01/2025,ELCP.TA,1800.8483,22
22/01/2025,ELCP.TA,1785.6815,23
23/01/2025,ELCP.TA,1809.9968,24
24/01/2025,ELCP.TA,1795.2441,25
25/01/2025,ELCP.TA,1800.5985,26
26/01/2025,ELCP.TA,1804.1898,27
27/01/2025,ELCP.TA,1779.9797,28
28/01/2025,ELCP.TA,1861.9966,29
29/01/2025,ELCP.TA,1920.7367,30
31/12/2024,ELCRE.TA,4309.9043,1
01/01/2025,ELCRE.TA,4277.2817,2
02/01/2025,ELCRE.TA,4368.4766,3
03/01/2025,ELCRE.TA,4406.8022,4
04/01/2025,ELCRE.TA,4216.217,5
05/01/2025,ELCRE.TA,4232.3403,6
06/01/2025,ELCRE.TA,4249.856,7
07/01/2025,ELCRE.TA,4111.6094,8
08/01/2025,ELCRE.TA,4094.24,9
09/01/2025,ELCRE.TA,4157.1777,10
10/01/2025,ELCRE.TA,4083.8804,11
11/01/2025,ELCRE.TA,4140.0815,12
12/01/2025,ELCRE.TA,4072.1248,13
13/01/2025,ELCRE.TA,4122.6626,14
14/01/2025,ELCRE.TA,4243.2837,15
15/01/2025,ELCRE.TA,4236.356,16
16/01/2025,ELCRE.TA,4014.2002,17
17/01/2025,ELCRE.TA,3925.374,18
18/01/2025,ELCRE.TA,3820.964,19
19/01/2025,ELCRE.TA,3908.4214,20
20/01/2025,ELCRE.TA,3980.831,21
21/01/2025,ELCRE.TA,4043.3333,22
22/01/2025,ELCRE.TA,4273.7803,23
23/01/2025,ELCRE.TA,4126.9395,24
24/01/2025,ELCRE.TA,3999.7239,25
25/01/2025,ELCRE.TA,3992.0112,26
26/01/2025,ELCRE.TA,4126.7437,27
27/01/2025,ELCRE.TA,4172.0635,28
28/01/2025,ELCRE.TA,4222.568,29
29/01/2025,ELCRE.TA,4382.9854,30
31/12/2024,ELWS.TA,18474.41,1
01/01/2025,ELWS.TA,17780.549,2
02/01/2025,ELWS.TA,18136.004,3
03/01/2025,ELWS.TA,18358.434,4
04/01/2025,ELWS.TA,18801.846,5
05/01/2025,ELWS.TA,18050.9,6
06/01/2025,ELWS.TA,18528.904,7
07/01/2025,ELWS.TA,17906.416,8
08/01/2025,ELWS.TA,18177.332,9
09/01/2025,ELWS.TA,17860.463,10
10/01/2025,ELWS.TA,17629.305,11
11/01/2025,ELWS.TA,17588.334,12
12/01/2025,ELWS.TA,17917.922,13
13/01/2025,ELWS.TA,18970.334,14
14/01/2025,ELWS.TA,19310.117,15
15/01/2025,ELWS.TA,19162.588,16
16/01/2025,ELWS.TA,18838.975,17
17/01/2025,ELWS.TA,18328.777,18
18/01/2025,ELWS.TA,18974.008,19
19/01/2025,ELWS.TA,18376.904,20
20/01/2025,ELWS.TA,18683.225,21
21/01/2025,ELWS.TA,18192.955,22
22/01/2025,ELWS.TA,17961.371,23
23/01/2025,ELWS.TA,17803.465,24
24/01/2025,ELWS.TA,17590.236,25
25/01/2025,ELWS.TA,16844.121,26
26/01/2025,ELWS.TA,17126.107,27
27/01/2025,ELWS.TA,16842.824,28
28/01/2025,ELWS.TA,16736.896,29
29/01/2025,ELWS.TA,16672.916,30
31/12/2024,ELLO.TA,5947.185,1
01/01/2025,ELLO.TA,5901.624,2
02/01/2025,ELLO.TA,5773.863,3
03/01/2025,ELLO.TA,5712.6543,4
04/01/2025,ELLO.TA,5779.9517,5
05/01/2025,ELLO.TA,5586.3438,6
06/01/2025,ELLO.TA,5603.4844,7
07/01/2025,ELLO.TA,5629.0015,8
08/01/2025,ELLO.TA,5642.3467,9
09/01/2025,ELLO.TA,5787.825,10
10/01/2025,ELLO.TA,5801.994,11
11/01/2025,ELLO.TA,5814.0947,12
12/01/2025,ELLO.TA,5861.2383,13
13/01/2025,ELLO.TA,6072.464,14
14/01/2025,ELLO.TA,6017.6646,15
15/01/2025,ELLO.TA,6267.83,16
16/01/2025,ELLO.TA,6148.014,17
17/01/2025,ELLO.TA,6212.8496,18
18/01/2025,ELLO.TA,6376.0327,19
19/01/2025,ELLO.TA,6263.7812,20
20/01/2025,ELLO.TA,6116.8857,21
21/01/2025,ELLO.TA,6094.0415,22
22/01/2025,ELLO.TA,6320.0713,23
23/01/2025,ELLO.TA,6269.3477,24
24/01/2025,ELLO.TA,6445.9663,25
25/01/2025,ELLO.TA,6429.6704,26
26/01/2025,ELLO.TA,6502.988,27
27/01/2025,ELLO.TA,6695.5337,28
28/01/2025,ELLO.TA,6626.8257,29
29/01/2025,ELLO.TA,6563.9517,30
31/12/2024,ELMR.TA,1431.971,1
01/01/2025,ELMR.TA,1465.5463,2
02/01/2025,ELMR.TA,1458.4673,3
03/01/2025,ELMR.TA,1480.5322,4
04/01/2025,ELMR.TA,1489.1234,5
05/01/2025,ELMR.TA,1500.2207,6
06/01/2025,ELMR.TA,1571.6453,7
07/01/2025,ELMR.TA,1530.7383,8
08/01/2025,ELMR.TA,1525.9327,9
09/01/2025,ELMR.TA,1544.7754,10
10/01/2025,ELMR.TA,1510.2104,11
11/01/2025,ELMR.TA,1538.9974,12
12/01/2025,ELMR.TA,1588.0603,13
13/01/2025,ELMR.TA,1616.4169,14
14/01/2025,ELMR.TA,1631.4307,15
15/01/2025,ELMR.TA,1637.8481,16
16/01/2025,ELMR.TA,1687.2072,17
17/01/2025,ELMR.TA,1694.9382,18
18/01/2025,ELMR.TA,1765.9596,19
19/01/2025,ELMR.TA,1765.1222,20
20/01/2025,ELMR.TA,1764.096,21
21/01/2025,ELMR.TA,1677.2112,22
22/01/2025,ELMR.TA,1708.1937,23
23/01/2025,ELMR.TA,1674.4382,24
24/01/2025,ELMR.TA,1674.1478,25
25/01/2025,ELMR.TA,1622.0022,26
26/01/2025,ELMR.TA,1643.7352,27
27/01/2025,ELMR.TA,1598.5486,28
28/01/2025,ELMR.TA,1505.0568,29
29/01/2025,ELMR.TA,1464.4473,30
31/12/2024,ELRN.TA,411.4989,1
01/01/2025,ELRN.TA,382.55075,2
02/01/2025,ELRN.TA,390.04214,3
03/01/2025,ELRN.TA,374.92688,4
04/01/2025,ELRN.TA,377.50684,5
05/01/2025,ELRN.TA,385.08252,6
06/01/2025,ELRN.TA,389.27225,7
07/01/2025,ELRN.TA,404.27875,8
08/01/2025,ELRN.TA,395.88324,9
09/01/2025,ELRN.TA,399.93414,10
10/01/2025,ELRN.TA,389.4788,11
11/01/2025,ELRN.TA,395.45023,12
12/01/2025,ELRN.TA,405.90598,13
13/01/2025,ELRN.TA,412.1576,14
14/01/2025,ELRN.TA,389.38126,15
15/01/2025,ELRN.TA,369.23544,16
16/01/2025,ELRN.TA,384.2689,17
17/01/2025,ELRN.TA,369.18573,18
18/01/2025,ELRN.TA,351.6771,19
19/01/2025,ELRN.TA,335.76355,20
20/01/2025,ELRN.TA,330.04843,21
21/01/2025,ELRN.TA,338.766,22
22/01/2025,ELRN.TA,328.92654,23
23/01/2025,ELRN.TA,354.37476,24
24/01/2025,ELRN.TA,366.86145,25
25/01/2025,ELRN.TA,370.10452,26
26/01/2025,ELRN.TA,364.0676,27
27/01/2025,ELRN.TA,378.68927,28
28/01/2025,ELRN.TA,372.76477,29
29/01/2025,ELRN.TA,377.91266,30
31/12/2024,ELSPC.TA,678.8465,1
01/01/2025,ELSPC.TA,705.66125,2
02/01/2025,ELSPC.TA,683.07214,3
03/01/2025,ELSPC.TA,683.0232,4
04/01/2025,ELSPC.TA,678.443,5
05/01/2025,ELSPC.TA,677.65875,6
06/01/2025,ELSPC.TA,692.2308,7
07/01/2025,ELSPC.TA,696.72266,8
08/01/2025,ELSPC.TA,702.3533,9
09/01/2025,ELSPC.TA,701.6106,10
10/01/2025,ELSPC.TA,715.2364,11
11/01/2025,ELSPC.TA,749.0465,12
12/01/2025,ELSPC.TA,727.6048,13
13/01/2025,ELSPC.TA,729.1011,14
14/01/2025,ELSPC.TA,718.756,15
15/01/2025,ELSPC.TA,725.82605,16
16/01/2025,ELSPC.TA,728.8041,17
17/01/2025,ELSPC.TA,764.5216,18
18/01/2025,ELSPC.TA,763.9381,19
19/01/2025,ELSPC.TA,762.50494,20
20/01/2025,ELSPC.TA,744.21313,21
21/01/2025,ELSPC.TA,744.96716,22
22/01/2025,ELSPC.TA,747.49133,23
23/01/2025,ELSPC.TA,723.7381,24
24/01/2025,ELSPC.TA,717.08386,25
25/01/2025,ELSPC.TA,738.63904,26
26/01/2025,ELSPC.TA,743.6261,27
27/01/2025,ELSPC.TA,757.9954,28
28/01/2025,ELSPC.TA,738.8603,29
29/01/2025,ELSPC.TA,711.94727,30
31/12/2024,EMCO.TA,952.5807,1
01/01/2025,EMCO.TA,972.3339,2
02/01/2025,EMCO.TA,972.9703,3
03/01/2025,EMCO.TA,1007.16754,4
04/01/2025,EMCO.TA,1034.5464,5
05/01/2025,EMCO.TA,1017.77997,6
06/01/2025,EMCO.TA,998.6606,7
07/01/2025,EMCO.TA,998.1468,8
08/01/2025,EMCO.TA,997.8819,9
09/01/2025,EMCO.TA,1005.8907,10
10/01/2025,EMCO.TA,1001.68994,11
11/01/2025,EMCO.TA,1006.1073,12
12/01/2025,EMCO.TA,1006.0842,13
13/01/2025,EMCO.TA,971.3831,14
14/01/2025,EMCO.TA,955.1073,15
15/01/2025,EMCO.TA,966.94836,16
16/01/2025,EMCO.TA,983.20557,17
17/01/2025,EMCO.TA,1012.6862,18
18/01/2025,EMCO.TA,1028.7606,19
19/01/2025,EMCO.TA,1039.6261,20
20/01/2025,EMCO.TA,1065.6915,21
21/01/2025,EMCO.TA,1045.2075,22
22/01/2025,EMCO.TA,1033.0442,23
23/01/2025,EMCO.TA,1014.3786,24
24/01/2025,EMCO.TA,997.36304,25
25/01/2025,EMCO.TA,1007.3811,26
26/01/2025,EMCO.TA,1014.5682,27
27/01/2025,EMCO.TA,1045.63,28
28/01/2025,EMCO.TA,1037.2069,29
29/01/2025,EMCO.TA,1026.4397,30
31/12/2024,EMDV.TA,2681.9407,1
01/01/2025,EMDV.TA,2670.7134,2
02/01/2025,EMDV.TA,2521.7441,3
03/01/2025,EMDV.TA,2519.8794,4
04/01/2025,EMDV.TA,2508.5554,5
05/01/2025,EMDV.TA,2461.7366,6
06/01/2025,EMDV.TA,2442.2996,7
07/01/2025,EMDV.TA,2485.6416,8
08/01/2025,EMDV.TA,2474.7488,9
09/01/2025,EMDV.TA,2447.3584,10
10/01/2025,EMDV.TA,2484.3113,11
11/01/2025,EMDV.TA,2455.292,12
12/01/2025,EMDV.TA,2456.28,13
13/01/2025,EMDV.TA,2487.3865,14
14/01/2025,EMDV.TA,2441.0635,15
15/01/2025,EMDV.TA,2490.0176,16
16/01/2025,EMDV.TA,2469.009,17
17/01/2025,EMDV.TA,2476.0002,18
18/01/2025,EMDV.TA,2456.5757,19
19/01/2025,EMDV.TA,2494.9067,20
20/01/2025,EMDV.TA,2492.2083,21
21/01/2025,EMDV.TA,2477.051,22
22/01/2025,EMDV.TA,2466.9348,23
23/01/2025,EMDV.TA,2477.5234,24
24/01/2025,EMDV.TA,2446.1418,25
25/01/2025,EMDV.TA,2387.9224,26
26/01/2025,EMDV.TA,2364.0974,27
27/01/2025,EMDV.TA,2408.6116,28
28/01/2025,EMDV.TA,2413.0718,29
29/01/2025,EMDV.TA,2342.2686,30
31/12/2024,ENOG.TA,4563.603,1
01/01/2025,ENOG.TA,4734.1934,2
02/01/2025,ENOG.TA,4855.1846,3
03/01/2025,ENOG.TA,4782.094,4
04/01/2025,ENOG.TA,4894.2715,5
05/01/2025,ENOG.TA,4610.338,6
06/01/2025,ENOG.TA,4404.9478,7
07/01/2025,ENOG.TA,4372.1626,8
08/01/2025,ENOG.TA,4291.955,9
09/01/2025,ENOG.TA,4304.5957,10
10/01/2025,ENOG.TA,4248.287,11
11/01/2025,ENOG.TA,4345.611,12
12/01/2025,ENOG.TA,4169.514,13
13/01/2025,ENOG.TA,4271.4067,14
14/01/2025,ENOG.TA,4202.529,15
15/01/2025,ENOG.TA,4294.721,16
16/01/2025,ENOG.TA,4295.9287,17
17/01/2025,ENOG.TA,4344.81,18
18/01/2025,ENOG.TA,4430.4556,19
19/01/2025,ENOG.TA,4491.329,20
20/01/2025,ENOG.TA,4591.6045,21
21/01/2025,ENOG.TA,4343.3706,22
22/01/2025,ENOG.TA,4292.313,23
23/01/2025,ENOG.TA,4132.465,24
24/01/2025,ENOG.TA,4133.1953,25
25/01/2025,ENOG.TA,4148.143,26
26/01/2025,ENOG.TA,4021.7356,27
27/01/2025,ENOG.TA,4156.907,28
28/01/2025,ENOG.TA,4131.677,29
29/01/2025,ENOG.TA,4160.9478,30
31/12/2024,ENRG.TA,1249.4386,1
01/01/2025,ENRG.TA,1228.98,2
02/01/2025,ENRG.TA,1201.9653,3
03/01/2025,ENRG.TA,1212.3165,4
04/01/2025,ENRG.TA,1187.7955,5
05/01/2025,ENRG.TA,1156.1592,6
06/01/2025,ENRG.TA,1174.7067,7
07/01/2025,ENRG.TA,1189.6765,8
08/01/2025,ENRG.TA,1228.4849,9
09/01/2025,ENRG.TA,1253.1525,10
10/01/2025,ENRG.TA,1255.8699,11
11/01/2025,ENRG.TA,1256.551,12
12/01/2025,ENRG.TA,1224.8958,13
13/01/2025,ENRG.TA,1196.9308,14
14/01/2025,ENRG.TA,1168.1086,15
15/01/2025,ENRG.TA,1172.834,16
16/01/2025,ENRG.TA,1150.1898,17
17/01/2025,ENRG.TA,1130.522,18
18/01/2025,ENRG.TA,1153.7141,19
19/01/2025,ENRG.TA,1202.4008,20
20/01/2025,ENRG.TA,1204.209,21
21/01/2025,ENRG.TA,1196.4058,22
22/01/2025,ENRG.TA,1197.3597,23
23/01/2025,ENRG.TA,1194.3019,24
24/01/2025,ENRG.TA,1182.1548,25
25/01/2025,ENRG.TA,1196.6627,26
26/01/2025,ENRG.TA,1217.559,27
27/01/2025,ENRG.TA,1235.5109,28
28/01/2025,ENRG.TA,1259.9492,29
29/01/2025,ENRG.TA,1243.5195,30
31/12/2024,ENLT.TA,6326.056,1
01/01/2025,ENLT.TA,6261.5386,2
02/01/2025,ENLT.TA,6078.7,3
03/01/2025,ENLT.TA,6223.761,4
04/01/2025,ENLT.TA,6123.936,5
05/01/2025,ENLT.TA,6194.522,6
06/01/2025,ENLT.TA,6295.2866,7
07/01/2025,ENLT.TA,6283.7515,8
08/01/2025,ENLT.TA,6291.134,9
09/01/2025,ENLT.TA,6203.974,10
10/01/2025,ENLT.TA,6400.344,11
11/01/2025,ENLT.TA,6438.1987,12
12/01/2025,ENLT.TA,6319.998,13
13/01/2025,ENLT.TA,6532.2383,14
14/01/2025,ENLT.TA,6454.2466,15
15/01/2025,ENLT.TA,6369.467,16
16/01/2025,ENLT.TA,6330.571,17
17/01/2025,ENLT.TA,6313.848,18
18/01/2025,ENLT.TA,6285.2563,19
19/01/2025,ENLT.TA,6453.0093,20
20/01/2025,ENLT.TA,6395.581,21
21/01/2025,ENLT.TA,6615.12,22
22/01/2025,ENLT.TA,6519.7104,23
23/01/2025,ENLT.TA,6213.2637,24
24/01/2025,ENLT.TA,6034.9746,25
25/01/2025,ENLT.TA,6116.9224,26
26/01/2025,ENLT.TA,6088.951,27
27/01/2025,ENLT.TA,6119.8306,28
28/01/2025,ENLT.TA,6058.6714,29
29/01/2025,ENLT.TA,6223.548,30
31/12/2024,ENLV.TA,432.651,1
01/01/2025,ENLV.TA,388.86298,2
02/01/2025,ENLV.TA,379.51642,3
03/01/2025,ENLV.TA,367.6464,4
04/01/2025,ENLV.TA,375.9032,5
05/01/2025,ENLV.TA,448.24002,6
06/01/2025,ENLV.TA,496.43445,7
07/01/2025,ENLV.TA,417.75748,8
08/01/2025,ENLV.TA,423.17493,9
09/01/2025,ENLV.TA,394.87827,10
10/01/2025,ENLV.TA,375.83835,11
11/01/2025,ENLV.TA,358.82324,12
12/01/2025,ENLV.TA,369.42465,13
13/01/2025,ENLV.TA,387.57922,14
14/01/2025,ENLV.TA,382.4914,15
15/01/2025,ENLV.TA,341.35168,16
16/01/2025,ENLV.TA,303.56702,17
17/01/2025,ENLV.TA,350.9448,18
18/01/2025,ENLV.TA,330.38702,19
19/01/2025,ENLV.TA,387.30554,20
20/01/2025,ENLV.TA,394.0147,21
21/01/2025,ENLV.TA,432.6671,22
22/01/2025,ENLV.TA,467.3919,23
23/01/2025,ENLV.TA,434.6396,24
24/01/2025,ENLV.TA,524.7836,25
25/01/2025,ENLV.TA,504.45517,26
26/01/2025,ENLV.TA,556.96985,27
27/01/2025,ENLV.TA,492.8031,28
28/01/2025,ENLV.TA,500.3916,29
29/01/2025,ENLV.TA,463.21127,30
31/12/2024,EPIT.TA,1244.583,1
01/01/2025,EPIT.TA,559.54364,2
02/01/2025,EPIT.TA,478.52463,3
03/01/2025,EPIT.TA,485.65884,4
04/01/2025,EPIT.TA,1062.5184,5
05/01/2025,EPIT.TA,1088.0087,6
06/01/2025,EPIT.TA,1635.3467,7
07/01/2025,EPIT.TA,2066.6672,8
08/01/2025,EPIT.TA,1947.5726,9
09/01/2025,EPIT.TA,2946.8787,10
10/01/2025,EPIT.TA,4227.6387,11
11/01/2025,EPIT.TA,-882.7862,12
12/01/2025,EPIT.TA,-992.5917,13
13/01/2025,EPIT.TA,-1329.4155,14
14/01/2025,EPIT.TA,-169.2266,15
15/01/2025,EPIT.TA,-195.09369,16
16/01/2025,EPIT.TA,-195.73047,17
17/01/2025,EPIT.TA,40.46731,18
18/01/2025,EPIT.TA,32.582317,19
19/01/2025,EPIT.TA,35.222065,20
20/01/2025,EPIT.TA,35.07358,21
21/01/2025,EPIT.TA,28.87319,22
22/01/2025,EPIT.TA,6.859747,23
23/01/2025,EPIT.TA,6.5452566,24
24/01/2025,EPIT.TA,4.99023,25
25/01/2025,EPIT.TA,6.19709,26
26/01/2025,EPIT.TA,8.681797,27
27/01/2025,EPIT.TA,11.831575,28
28/01/2025,EPIT.TA,14.143812,29
29/01/2025,EPIT.TA,17.154133,30
31/12/2024,EQTL.TA,13710.366,1
01/01/2025,EQTL.TA,13909.204,2
02/01/2025,EQTL.TA,13894.153,3
03/01/2025,EQTL.TA,13894.718,4
04/01/2025,EQTL.TA,13866.778,5
05/01/2025,EQTL.TA,13572.747,6
06/01/2025,EQTL.TA,13924.574,7
07/01/2025,EQTL.TA,13668.992,8
08/01/2025,EQTL.TA,13910.105,9
09/01/2025,EQTL.TA,13942.68,10
10/01/2025,EQTL.TA,13874.29,11
11/01/2025,EQTL.TA,14180.655,12
12/01/2025,EQTL.TA,14646.16,13
13/01/2025,EQTL.TA,15198.8955,14
14/01/2025,EQTL.TA,15405.593,15
15/01/2025,EQTL.TA,15952.605,16
16/01/2025,EQTL.TA,15823.16,17
17/01/2025,EQTL.TA,15617.962,18
18/01/2025,EQTL.TA,15426.198,19
19/01/2025,EQTL.TA,15537.8,20
20/01/2025,EQTL.TA,14849.55,21
21/01/2025,EQTL.TA,14975.923,22
22/01/2025,EQTL.TA,15409.488,23
23/01/2025,EQTL.TA,15631.899,24
24/01/2025,EQTL.TA,15468.499,25
25/01/2025,EQTL.TA,15531.352,26
26/01/2025,EQTL.TA,15833.528,27
27/01/2025,EQTL.TA,16000.04,28
28/01/2025,EQTL.TA,15926.952,29
29/01/2025,EQTL.TA,16556.98,30
31/12/2024,EFNC-M.TA,287.1049,1
01/01/2025,EFNC-M.TA,273.7578,2
02/01/2025,EFNC-M.TA,264.96127,3
03/01/2025,EFNC-M.TA,238.24379,4
04/01/2025,EFNC-M.TA,251.87485,5
05/01/2025,EFNC-M.TA,228.8126,6
06/01/2025,EFNC-M.TA,184.62413,7
07/01/2025,EFNC-M.TA,153.864,8
08/01/2025,EFNC-M.TA,131.44547,9
09/01/2025,EFNC-M.TA,166.2692,10
10/01/2025,EFNC-M.TA,185.58214,11
11/01/2025,EFNC-M.TA,188.23395,12
12/01/2025,EFNC-M.TA,201.7375,13
13/01/2025,EFNC-M.TA,230.23997,14
14/01/2025,EFNC-M.TA,183.3615,15
15/01/2025,EFNC-M.TA,205.58266,16
16/01/2025,EFNC-M.TA,188.59717,17
17/01/2025,EFNC-M.TA,174.45187,18
18/01/2025,EFNC-M.TA,176.30869,19
19/01/2025,EFNC-M.TA,184.86322,20
20/01/2025,EFNC-M.TA,189.3677,21
21/01/2025,EFNC-M.TA,210.8844,22
22/01/2025,EFNC-M.TA,230.18878,23
23/01/2025,EFNC-M.TA,240.64317,24
24/01/2025,EFNC-M.TA,250.56815,25
25/01/2025,EFNC-M.TA,233.54839,26
26/01/2025,EFNC-M.TA,236.15218,27
27/01/2025,EFNC-M.TA,203.37004,28
28/01/2025,EFNC-M.TA,212.16989,29
29/01/2025,EFNC-M.TA,257.59085,30
31/12/2024,BCUR.TA,23.444462,1
01/01/2025,BCUR.TA,18.997719,2
02/01/2025,BCUR.TA,18.351917,3
03/01/2025,BCUR.TA,19.683134,4
04/01/2025,BCUR.TA,18.089478,5
05/01/2025,BCUR.TA,17.786644,6
06/01/2025,BCUR.TA,18.549967,7
07/01/2025,BCUR.TA,21.482273,8
08/01/2025,BCUR.TA,22.42271,9
09/01/2025,BCUR.TA,20.32342,10
10/01/2025,BCUR.TA,19.800287,11
11/01/2025,BCUR.TA,20.198767,12
12/01/2025,BCUR.TA,21.209972,13
13/01/2025,BCUR.TA,21.874466,14
14/01/2025,BCUR.TA,21.01777,15
15/01/2025,BCUR.TA,23.041367,16
16/01/2025,BCUR.TA,22.747086,17
17/01/2025,BCUR.TA,21.185656,18
18/01/2025,BCUR.TA,23.421593,19
19/01/2025,BCUR.TA,23.544424,20
20/01/2025,BCUR.TA,24.18502,21
21/01/2025,BCUR.TA,23.72847,22
22/01/2025,BCUR.TA,25.389194,23
23/01/2025,BCUR.TA,28.107542,24
24/01/2025,BCUR.TA,25.46774,25
25/01/2025,BCUR.TA,25.280304,26
26/01/2025,BCUR.TA,26.684544,27
27/01/2025,BCUR.TA,25.140554,28
28/01/2025,BCUR.TA,25.536144,29
29/01/2025,BCUR.TA,27.053413,30
31/12/2024,ETGA.TA,1891.8268,1
01/01/2025,ETGA.TA,1912.302,2
02/01/2025,ETGA.TA,1913.8925,3
03/01/2025,ETGA.TA,1940.7623,4
04/01/2025,ETGA.TA,1955.2708,5
05/01/2025,ETGA.TA,1970.7267,6
06/01/2025,ETGA.TA,1995.528,7
07/01/2025,ETGA.TA,2006.5653,8
08/01/2025,ETGA.TA,2007.9708,9
09/01/2025,ETGA.TA,2001.4259,10
10/01/2025,ETGA.TA,1992.7129,11
11/01/2025,ETGA.TA,2025.5356,12
12/01/2025,ETGA.TA,2033.6091,13
13/01/2025,ETGA.TA,2000.9608,14
14/01/2025,ETGA.TA,1976.5198,15
15/01/2025,ETGA.TA,1968.7228,16
16/01/2025,ETGA.TA,1988.0103,17
17/01/2025,ETGA.TA,2006.2435,18
18/01/2025,ETGA.TA,1976.8574,19
19/01/2025,ETGA.TA,1982.5267,20
20/01/2025,ETGA.TA,2005.8323,21
21/01/2025,ETGA.TA,1973.3372,22
22/01/2025,ETGA.TA,2001.4526,23
23/01/2025,ETGA.TA,1970.9681,24
24/01/2025,ETGA.TA,1967.2933,25
25/01/2025,ETGA.TA,2019.6805,26
26/01/2025,ETGA.TA,2031.3518,27
27/01/2025,ETGA.TA,2012.4896,28
28/01/2025,ETGA.TA,2048.6658,29
29/01/2025,ETGA.TA,2067.714,30
31/12/2024,EVGN.TA,735.461,1
01/01/2025,EVGN.TA,713.85266,2
02/01/2025,EVGN.TA,954.805,3
03/01/2025,EVGN.TA,869.4291,4
04/01/2025,EVGN.TA,704.6437,5
05/01/2025,EVGN.TA,531.3489,6
06/01/2025,EVGN.TA,609.89874,7
07/01/2025,EVGN.TA,776.9578,8
08/01/2025,EVGN.TA,764.5409,9
09/01/2025,EVGN.TA,677.4449,10
10/01/2025,EVGN.TA,736.65356,11
11/01/2025,EVGN.TA,861.9991,12
12/01/2025,EVGN.TA,709.5056,13
13/01/2025,EVGN.TA,687.58685,14
14/01/2025,EVGN.TA,575.25916,15
15/01/2025,EVGN.TA,432.85492,16
16/01/2025,EVGN.TA,491.63806,17
17/01/2025,EVGN.TA,374.14813,18
18/01/2025,EVGN.TA,333.3894,19
19/01/2025,EVGN.TA,325.1881,20
20/01/2025,EVGN.TA,319.27292,21
21/01/2025,EVGN.TA,329.06854,22
22/01/2025,EVGN.TA,371.72238,23
23/01/2025,EVGN.TA,340.8406,24
24/01/2025,EVGN.TA,410.49487,25
25/01/2025,EVGN.TA,390.0168,26
26/01/2025,EVGN.TA,357.15887,27
27/01/2025,EVGN.TA,366.0555,28
28/01/2025,EVGN.TA,420.09714,29
29/01/2025,EVGN.TA,460.92834,30
31/12/2024,EXPO.TA,6532.236,1
01/01/2025,EXPO.TA,6372.027,2
02/01/2025,EXPO.TA,6628.2812,3
03/01/2025,EXPO.TA,6510.4614,4
04/01/2025,EXPO.TA,6618.8916,5
05/01/2025,EXPO.TA,6463.152,6
06/01/2025,EXPO.TA,6059.5537,7
07/01/2025,EXPO.TA,5942.078,8
08/01/2025,EXPO.TA,5984.456,9
09/01/2025,EXPO.TA,5788.8667,10
10/01/2025,EXPO.TA,5764.719,11
11/01/2025,EXPO.TA,5738.669,12
12/01/2025,EXPO.TA,5875.7827,13
13/01/2025,EXPO.TA,5826.334,14
14/01/2025,EXPO.TA,5703.825,15
15/01/2025,EXPO.TA,5906.7827,16
16/01/2025,EXPO.TA,6120.9297,17
17/01/2025,EXPO.TA,5982.2646,18
18/01/2025,EXPO.TA,6153.785,19
19/01/2025,EXPO.TA,6236.5947,20
20/01/2025,EXPO.TA,6050.1533,21
21/01/2025,EXPO.TA,6095.539,22
22/01/2025,EXPO.TA,6024.98,23
23/01/2025,EXPO.TA,5963.075,24
24/01/2025,EXPO.TA,6145.818,25
25/01/2025,EXPO.TA,5989.5063,26
26/01/2025,EXPO.TA,6028.5786,27
27/01/2025,EXPO.TA,5919.783,28
28/01/2025,EXPO.TA,5995.432,29
29/01/2025,EXPO.TA,6210.5073,30
31/12/2024,FTAL.TA,49869.703,1
01/01/2025,FTAL.TA,50054.152,2
02/01/2025,FTAL.TA,48686.715,3
03/01/2025,FTAL.TA,47964.844,4
04/01/2025,FTAL.TA,47936.836,5
05/01/2025,FTAL.TA,48327.39,6
06/01/2025,FTAL.TA,47373.363,7
07/01/2025,FTAL.TA,47266.92,8
08/01/2025,FTAL.TA,47466.496,9
09/01/2025,FTAL.TA,46741.848,10
10/01/2025,FTAL.TA,47082.5,11
11/01/2025,FTAL.TA,47509.227,12
12/01/2025,FTAL.TA,47678.066,13
13/01/2025,FTAL.TA,46738.105,14
14/01/2025,FTAL.TA,47564.48,15
15/01/2025,FTAL.TA,48513.914,16
16/01/2025,FTAL.TA,48514.14,17
17/01/2025,FTAL.TA,48819.977,18
18/01/2025,FTAL.TA,48495.46,19
19/01/2025,FTAL.TA,47710.637,20
20/01/2025,FTAL.TA,48576.74,21
21/01/2025,FTAL.TA,49495.26,22
22/01/2025,FTAL.TA,48915.406,23
23/01/2025,FTAL.TA,48674.355,24
24/01/2025,FTAL.TA,49260.39,25
25/01/2025,FTAL.TA,48353.54,26
26/01/2025,FTAL.TA,47410.082,27
27/01/2025,FTAL.TA,47569.5,28
28/01/2025,FTAL.TA,46970.5,29
29/01/2025,FTAL.TA,47188.5,30
31/12/2024,FEAT.TA,114.67064,1
01/01/2025,FEAT.TA,148.5427,2
02/01/2025,FEAT.TA,256.49228,3
03/01/2025,FEAT.TA,455.94446,4
04/01/2025,FEAT.TA,580.20715,5
05/01/2025,FEAT.TA,446.65277,6
06/01/2025,FEAT.TA,630.74036,7
07/01/2025,FEAT.TA,800.64075,8
08/01/2025,FEAT.TA,1531.9464,9
09/01/2025,FEAT.TA,4961.191,10
10/01/2025,FEAT.TA,3578.4036,11
11/01/2025,FEAT.TA,6615.4004,12
12/01/2025,FEAT.TA,-5200.0874,13
13/01/2025,FEAT.TA,-7063.0605,14
14/01/2025,FEAT.TA,-2323.5376,15
15/01/2025,FEAT.TA,890.7996,16
16/01/2025,FEAT.TA,757.56775,17
17/01/2025,FEAT.TA,78.640434,18
18/01/2025,FEAT.TA,142.62561,19
19/01/2025,FEAT.TA,91.60191,20
20/01/2025,FEAT.TA,236.7605,21
21/01/2025,FEAT.TA,478.86087,22
22/01/2025,FEAT.TA,348.0632,23
23/01/2025,FEAT.TA,631.1392,24
24/01/2025,FEAT.TA,548.80975,25
25/01/2025,FEAT.TA,669.46985,26
26/01/2025,FEAT.TA,2154.6743,27
27/01/2025,FEAT.TA,-637.4037,28
28/01/2025,FEAT.TA,-419.31897,29
29/01/2025,FEAT.TA,-860.78754,30
31/12/2024,FIBI.TA,16920.234,1
01/01/2025,FIBI.TA,16842.316,2
02/01/2025,FIBI.TA,17095.262,3
03/01/2025,FIBI.TA,17466.604,4
04/01/2025,FIBI.TA,17435.316,5
05/01/2025,FIBI.TA,17240.984,6
06/01/2025,FIBI.TA,17224.367,7
07/01/2025,FIBI.TA,17457.79,8
08/01/2025,FIBI.TA,17700.75,9
09/01/2025,FIBI.TA,17525.78,10
10/01/2025,FIBI.TA,17469.107,11
11/01/2025,FIBI.TA,17456.334,12
12/01/2025,FIBI.TA,17829.8,13
13/01/2025,FIBI.TA,17755.61,14
14/01/2025,FIBI.TA,17686.254,15
15/01/2025,FIBI.TA,17913.645,16
16/01/2025,FIBI.TA,17810.984,17
17/01/2025,FIBI.TA,17678.535,18
18/01/2025,FIBI.TA,17904.955,19
19/01/2025,FIBI.TA,18356.23,20
20/01/2025,FIBI.TA,18203.516,21
21/01/2025,FIBI.TA,18486.707,22
22/01/2025,FIBI.TA,18592.586,23
23/01/2025,FIBI.TA,18585.781,24
24/01/2025,FIBI.TA,18410.49,25
25/01/2025,FIBI.TA,18409.707,26
26/01/2025,FIBI.TA,18267.23,27
27/01/2025,FIBI.TA,18054.383,28
28/01/2025,FIBI.TA,18021.568,29
29/01/2025,FIBI.TA,18076.908,30
31/12/2024,FIBIH.TA,18063.434,1
01/01/2025,FIBIH.TA,18131.945,2
02/01/2025,FIBIH.TA,18197.344,3
03/01/2025,FIBIH.TA,18147.84,4
04/01/2025,FIBIH.TA,18233.305,5
05/01/2025,FIBIH.TA,18168.082,6
06/01/2025,FIBIH.TA,18838.55,7
07/01/2025,FIBIH.TA,18991.059,8
08/01/2025,FIBIH.TA,19008.924,9
09/01/2025,FIBIH.TA,19191.951,10
10/01/2025,FIBIH.TA,19323.904,11
11/01/2025,FIBIH.TA,19465.969,12
12/01/2025,FIBIH.TA,19631.352,13
13/01/2025,FIBIH.TA,19597.32,14
14/01/2025,FIBIH.TA,19556.72,15
15/01/2025,FIBIH.TA,19475.963,16
16/01/2025,FIBIH.TA,19710.229,17
17/01/2025,FIBIH.TA,19704.064,18
18/01/2025,FIBIH.TA,19637.953,19
19/01/2025,FIBIH.TA,19976.307,20
20/01/2025,FIBIH.TA,19803.025,21
21/01/2025,FIBIH.TA,19951.516,22
22/01/2025,FIBIH.TA,20098.846,23
23/01/2025,FIBIH.TA,20438.117,24
24/01/2025,FIBIH.TA,20664.373,25
25/01/2025,FIBIH.TA,20996.314,26
26/01/2025,FIBIH.TA,20747.166,27
27/01/2025,FIBIH.TA,20571.97,28
28/01/2025,FIBIH.TA,20603.932,29
29/01/2025,FIBIH.TA,20912.986,30
31/12/2024,FGAS.TA,1224.3423,1
01/01/2025,FGAS.TA,1257.4901,2
02/01/2025,FGAS.TA,1229.5435,3
03/01/2025,FGAS.TA,1214.9288,4
04/01/2025,FGAS.TA,1214.2257,5
05/01/2025,FGAS.TA,1208.2716,6
06/01/2025,FGAS.TA,1203.7802,7
07/01/2025,FGAS.TA,1192.2039,8
08/01/2025,FGAS.TA,1192.263,9
09/01/2025,FGAS.TA,1138.5941,10
10/01/2025,FGAS.TA,1129.2153,11
11/01/2025,FGAS.TA,1130.2776,12
12/01/2025,FGAS.TA,1134.673,13
13/01/2025,FGAS.TA,1102.3141,14
14/01/2025,FGAS.TA,1102.0969,15
15/01/2025,FGAS.TA,1105.0038,16
16/01/2025,FGAS.TA,1060.0925,17
17/01/2025,FGAS.TA,1057.0387,18
18/01/2025,FGAS.TA,1094.64,19
19/01/2025,FGAS.TA,1099.2766,20
20/01/2025,FGAS.TA,1100.4775,21
21/01/2025,FGAS.TA,1194.6887,22
22/01/2025,FGAS.TA,1221.979,23
23/01/2025,FGAS.TA,1244.9362,24
24/01/2025,FGAS.TA,1239.7919,25
25/01/2025,FGAS.TA,1270.8097,26
26/01/2025,FGAS.TA,1317.6284,27
27/01/2025,FGAS.TA,1330.8673,28
28/01/2025,FGAS.TA,1337.7068,29
29/01/2025,FGAS.TA,1341.565,30
31/12/2024,FLYS.TA,58.897835,1
01/01/2025,FLYS.TA,50.716297,2
02/01/2025,FLYS.TA,47.984962,3
03/01/2025,FLYS.TA,42.459923,4
04/01/2025,FLYS.TA,40.4592,5
05/01/2025,FLYS.TA,40.727802,6
06/01/2025,FLYS.TA,41.68299,7
07/01/2025,FLYS.TA,41.334274,8
08/01/2025,FLYS.TA,41.741055,9
09/01/2025,FLYS.TA,45.900978,10
10/01/2025,FLYS.TA,42.4054,11
11/01/2025,FLYS.TA,39.86509,12
12/01/2025,FLYS.TA,39.27978,13
13/01/2025,FLYS.TA,35.709522,14
14/01/2025,FLYS.TA,35.495014,15
15/01/2025,FLYS.TA,31.939817,16
16/01/2025,FLYS.TA,30.064703,17
17/01/2025,FLYS.TA,25.803951,18
18/01/2025,FLYS.TA,23.979733,19
19/01/2025,FLYS.TA,25.828447,20
20/01/2025,FLYS.TA,24.642729,21
21/01/2025,FLYS.TA,24.945274,22
22/01/2025,FLYS.TA,23.861706,23
23/01/2025,FLYS.TA,22.729914,24
24/01/2025,FLYS.TA,19.821152,25
25/01/2025,FLYS.TA,18.326134,26
26/01/2025,FLYS.TA,18.70738,27
27/01/2025,FLYS.TA,18.686298,28
28/01/2025,FLYS.TA,20.65805,29
29/01/2025,FLYS.TA,19.55121,30
31/12/2024,FBRT.TA,14039.46,1
01/01/2025,FBRT.TA,13891.827,2
02/01/2025,FBRT.TA,13983.611,3
03/01/2025,FBRT.TA,14115.35,4
04/01/2025,FBRT.TA,14359.207,5
05/01/2025,FBRT.TA,13902.218,6
06/01/2025,FBRT.TA,14004.823,7
07/01/2025,FBRT.TA,13534.506,8
08/01/2025,FBRT.TA,13242.796,9
09/01/2025,FBRT.TA,13042.036,10
10/01/2025,FBRT.TA,13046.256,11
11/01/2025,FBRT.TA,12859.502,12
12/01/2025,FBRT.TA,12791.019,13
13/01/2025,FBRT.TA,13081.084,14
14/01/2025,FBRT.TA,13294.789,15
15/01/2025,FBRT.TA,13498.644,16
16/01/2025,FBRT.TA,13711.862,17
17/01/2025,FBRT.TA,14024.679,18
18/01/2025,FBRT.TA,14346.389,19
19/01/2025,FBRT.TA,14336.609,20
20/01/2025,FBRT.TA,14138.77,21
21/01/2025,FBRT.TA,14343.747,22
22/01/2025,FBRT.TA,14467.304,23
23/01/2025,FBRT.TA,13882.864,24
24/01/2025,FBRT.TA,13688.594,25
25/01/2025,FBRT.TA,13624.724,26
26/01/2025,FBRT.TA,13384.601,27
27/01/2025,FBRT.TA,13328.443,28
28/01/2025,FBRT.TA,13337.9,29
29/01/2025,FBRT.TA,12957.949,30
31/12/2024,FRSX.TA,25.828066,1
01/01/2025,FRSX.TA,-7.241997,2
02/01/2025,FRSX.TA,-6.95E-05,3
03/01/2025,FRSX.TA,-4.82E-05,4
04/01/2025,FRSX.TA,-0.00010351,5
05/01/2025,FRSX.TA,-0.00025583,6
06/01/2025,FRSX.TA,-0.00044258,7
07/01/2025,FRSX.TA,-0.00137291,8
08/01/2025,FRSX.TA,-0.00243121,9
09/01/2025,FRSX.TA,-0.00060906,10
10/01/2025,FRSX.TA,-0.0003537,11
11/01/2025,FRSX.TA,5.79E-05,12
12/01/2025,FRSX.TA,1.67E-05,13
13/01/2025,FRSX.TA,2.55E-05,14
14/01/2025,FRSX.TA,4.64E-06,15
15/01/2025,FRSX.TA,5.97E-06,16
16/01/2025,FRSX.TA,-1.61E-06,17
17/01/2025,FRSX.TA,-1.43E-06,18
18/01/2025,FRSX.TA,-1.71E-06,19
19/01/2025,FRSX.TA,-1.96E-06,20
20/01/2025,FRSX.TA,-2.81E-06,21
21/01/2025,FRSX.TA,-1.86E-06,22
22/01/2025,FRSX.TA,-3.05E-06,23
23/01/2025,FRSX.TA,-8.15E-06,24
24/01/2025,FRSX.TA,-1.21E-05,25
25/01/2025,FRSX.TA,8.45E-06,26
26/01/2025,FRSX.TA,6.04E-07,27
27/01/2025,FRSX.TA,-1.74E-07,28
28/01/2025,FRSX.TA,6.60E-08,29
29/01/2025,FRSX.TA,4.32E-08,30
31/12/2024,FORTY.TA,30172.688,1
01/01/2025,FORTY.TA,30307.576,2
02/01/2025,FORTY.TA,30181.764,3
03/01/2025,FORTY.TA,30227.973,4
04/01/2025,FORTY.TA,30063.916,5
05/01/2025,FORTY.TA,29380.361,6
06/01/2025,FORTY.TA,29609.033,7
07/01/2025,FORTY.TA,28888.986,8
08/01/2025,FORTY.TA,28966.246,9
09/01/2025,FORTY.TA,29011.668,10
10/01/2025,FORTY.TA,29382.654,11
11/01/2025,FORTY.TA,30065.38,12
12/01/2025,FORTY.TA,29979.754,13
13/01/2025,FORTY.TA,29646.145,14
14/01/2025,FORTY.TA,30148.64,15
15/01/2025,FORTY.TA,30025.494,16
16/01/2025,FORTY.TA,29811.611,17
17/01/2025,FORTY.TA,30982.943,18
18/01/2025,FORTY.TA,30772.697,19
19/01/2025,FORTY.TA,31721.652,20
20/01/2025,FORTY.TA,31360.793,21
21/01/2025,FORTY.TA,31729.06,22
22/01/2025,FORTY.TA,31931.57,23
23/01/2025,FORTY.TA,30919.389,24
24/01/2025,FORTY.TA,31017.871,25
25/01/2025,FORTY.TA,30695.494,26
26/01/2025,FORTY.TA,31494.463,27
27/01/2025,FORTY.TA,30653.85,28
28/01/2025,FORTY.TA,31575.375,29
29/01/2025,FORTY.TA,31991.02,30
31/12/2024,FOX.TA,29978.273,1
01/01/2025,FOX.TA,30722.223,2
02/01/2025,FOX.TA,29997.258,3
03/01/2025,FOX.TA,30297.008,4
04/01/2025,FOX.TA,28753.045,5
05/01/2025,FOX.TA,28151.209,6
06/01/2025,FOX.TA,27978.59,7
07/01/2025,FOX.TA,27489.688,8
08/01/2025,FOX.TA,26820.213,9
09/01/2025,FOX.TA,26372.334,10
10/01/2025,FOX.TA,25108.688,11
11/01/2025,FOX.TA,24222.791,12
12/01/2025,FOX.TA,23745.809,13
13/01/2025,FOX.TA,24937.406,14
14/01/2025,FOX.TA,24708.947,15
15/01/2025,FOX.TA,25520.473,16
16/01/2025,FOX.TA,24785.953,17
17/01/2025,FOX.TA,24602.422,18
18/01/2025,FOX.TA,24389.963,19
19/01/2025,FOX.TA,24683.924,20
20/01/2025,FOX.TA,23947.512,21
21/01/2025,FOX.TA,23632.857,22
22/01/2025,FOX.TA,24158.39,23
23/01/2025,FOX.TA,23043.102,24
24/01/2025,FOX.TA,23844.424,25
25/01/2025,FOX.TA,23018.832,26
26/01/2025,FOX.TA,23216.701,27
27/01/2025,FOX.TA,24079.387,28
28/01/2025,FOX.TA,25119.635,29
29/01/2025,FOX.TA,24321.857,30
31/12/2024,FRDN.TA,5880.108,1
01/01/2025,FRDN.TA,5910.272,2
02/01/2025,FRDN.TA,5900.6147,3
03/01/2025,FRDN.TA,5910.174,4
04/01/2025,FRDN.TA,5936.632,5
05/01/2025,FRDN.TA,5692.8228,6
06/01/2025,FRDN.TA,5589.338,7
07/01/2025,FRDN.TA,5523.38,8
08/01/2025,FRDN.TA,5482.928,9
09/01/2025,FRDN.TA,5415.698,10
10/01/2025,FRDN.TA,5396.951,11
11/01/2025,FRDN.TA,5136.769,12
12/01/2025,FRDN.TA,5118.9976,13
13/01/2025,FRDN.TA,5181.798,14
14/01/2025,FRDN.TA,5384.1963,15
15/01/2025,FRDN.TA,5196.4873,16
16/01/2025,FRDN.TA,5334.6685,17
17/01/2025,FRDN.TA,5486.958,18
18/01/2025,FRDN.TA,5584.1973,19
19/01/2025,FRDN.TA,5818.891,20
20/01/2025,FRDN.TA,5808.605,21
21/01/2025,FRDN.TA,6053.3823,22
22/01/2025,FRDN.TA,5985.1445,23
23/01/2025,FRDN.TA,5929.692,24
24/01/2025,FRDN.TA,6061.4404,25
25/01/2025,FRDN.TA,5839.2715,26
26/01/2025,FRDN.TA,5683.7095,27
27/01/2025,FRDN.TA,5869.367,28
28/01/2025,FRDN.TA,5755.751,29
29/01/2025,FRDN.TA,5768.962,30
31/12/2024,GOSS.TA,482.49716,1
01/01/2025,GOSS.TA,496.36002,2
02/01/2025,GOSS.TA,498.6732,3
03/01/2025,GOSS.TA,492.60797,4
04/01/2025,GOSS.TA,505.92703,5
05/01/2025,GOSS.TA,524.00726,6
06/01/2025,GOSS.TA,510.1763,7
07/01/2025,GOSS.TA,495.98422,8
08/01/2025,GOSS.TA,502.67474,9
09/01/2025,GOSS.TA,501.63422,10
10/01/2025,GOSS.TA,509.0756,11
11/01/2025,GOSS.TA,504.50696,12
12/01/2025,GOSS.TA,500.40408,13
13/01/2025,GOSS.TA,519.02637,14
14/01/2025,GOSS.TA,520.3861,15
15/01/2025,GOSS.TA,520.27216,16
16/01/2025,GOSS.TA,516.4749,17
17/01/2025,GOSS.TA,515.58167,18
18/01/2025,GOSS.TA,514.52014,19
19/01/2025,GOSS.TA,515.0546,20
20/01/2025,GOSS.TA,512.32086,21
21/01/2025,GOSS.TA,516.9235,22
22/01/2025,GOSS.TA,524.55646,23
23/01/2025,GOSS.TA,533.84064,24
24/01/2025,GOSS.TA,538.3925,25
25/01/2025,GOSS.TA,538.1527,26
26/01/2025,GOSS.TA,536.3296,27
27/01/2025,GOSS.TA,531.1878,28
28/01/2025,GOSS.TA,523.75806,29
29/01/2025,GOSS.TA,531.71466,30
31/12/2024,GCT.TA,1242.7543,1
01/01/2025,GCT.TA,1220.5709,2
02/01/2025,GCT.TA,1252.7548,3
03/01/2025,GCT.TA,1272.1354,4
04/01/2025,GCT.TA,1318.6748,5
05/01/2025,GCT.TA,1313.5288,6
06/01/2025,GCT.TA,1328.3306,7
07/01/2025,GCT.TA,1239.6101,8
08/01/2025,GCT.TA,1261.4146,9
09/01/2025,GCT.TA,1311.2924,10
10/01/2025,GCT.TA,1331.779,11
11/01/2025,GCT.TA,1372.9131,12
12/01/2025,GCT.TA,1406.851,13
13/01/2025,GCT.TA,1449.5487,14
14/01/2025,GCT.TA,1409.4873,15
15/01/2025,GCT.TA,1434.1722,16
16/01/2025,GCT.TA,1503.4628,17
17/01/2025,GCT.TA,1568.1383,18
18/01/2025,GCT.TA,1518.2953,19
19/01/2025,GCT.TA,1402.6854,20
20/01/2025,GCT.TA,1379.196,21
21/01/2025,GCT.TA,1354.7704,22
22/01/2025,GCT.TA,1307.2413,23
23/01/2025,GCT.TA,1317.6635,24
24/01/2025,GCT.TA,1326.9802,25
25/01/2025,GCT.TA,1412.0065,26
26/01/2025,GCT.TA,1420.0946,27
27/01/2025,GCT.TA,1407.2451,28
28/01/2025,GCT.TA,1350.6279,29
29/01/2025,GCT.TA,1310.1852,30
31/12/2024,GPGB-M.TA,4545.043,1
01/01/2025,GPGB-M.TA,-12620.092,2
02/01/2025,GPGB-M.TA,-3551.2249,3
03/01/2025,GPGB-M.TA,-15963.424,4
04/01/2025,GPGB-M.TA,-56807.58,5
05/01/2025,GPGB-M.TA,-11733.235,6
06/01/2025,GPGB-M.TA,-32390.588,7
07/01/2025,GPGB-M.TA,-37976.246,8
08/01/2025,GPGB-M.TA,-41802.902,9
09/01/2025,GPGB-M.TA,-72141.555,10
10/01/2025,GPGB-M.TA,-60508.75,11
11/01/2025,GPGB-M.TA,-44846.457,12
12/01/2025,GPGB-M.TA,-8059.4297,13
13/01/2025,GPGB-M.TA,-3041.4338,14
14/01/2025,GPGB-M.TA,-9696.817,15
15/01/2025,GPGB-M.TA,7204.8374,16
16/01/2025,GPGB-M.TA,-13154.332,17
17/01/2025,GPGB-M.TA,-20560.256,18
18/01/2025,GPGB-M.TA,1084.6046,19
19/01/2025,GPGB-M.TA,-885.04987,20
20/01/2025,GPGB-M.TA,-2852.1616,21
21/01/2025,GPGB-M.TA,1715.8813,22
22/01/2025,GPGB-M.TA,6850.3247,23
23/01/2025,GPGB-M.TA,2013.8209,24
24/01/2025,GPGB-M.TA,-6158.601,25
25/01/2025,GPGB-M.TA,-6874.173,26
26/01/2025,GPGB-M.TA,3409.6296,27
27/01/2025,GPGB-M.TA,6220.977,28
28/01/2025,GPGB-M.TA,9279.602,29
29/01/2025,GPGB-M.TA,19870.045,30
31/12/2024,GMLA.TA,232.36572,1
01/01/2025,GMLA.TA,213.03357,2
02/01/2025,GMLA.TA,255.89412,3
03/01/2025,GMLA.TA,264.16824,4
04/01/2025,GMLA.TA,246.12524,5
05/01/2025,GMLA.TA,257.92508,6
06/01/2025,GMLA.TA,254.74629,7
07/01/2025,GMLA.TA,238.19038,8
08/01/2025,GMLA.TA,255.41142,9
09/01/2025,GMLA.TA,239.7995,10
10/01/2025,GMLA.TA,211.25288,11
11/01/2025,GMLA.TA,223.79329,12
12/01/2025,GMLA.TA,197.49144,13
13/01/2025,GMLA.TA,183.61125,14
14/01/2025,GMLA.TA,147.84,15
15/01/2025,GMLA.TA,152.6349,16
16/01/2025,GMLA.TA,154.05692,17
17/01/2025,GMLA.TA,143.53397,18
18/01/2025,GMLA.TA,174.08664,19
19/01/2025,GMLA.TA,163.0667,20
20/01/2025,GMLA.TA,160.19635,21
21/01/2025,GMLA.TA,152.63687,22
22/01/2025,GMLA.TA,161.42116,23
23/01/2025,GMLA.TA,191.98851,24
24/01/2025,GMLA.TA,214.31572,25
25/01/2025,GMLA.TA,207.44376,26
26/01/2025,GMLA.TA,185.46942,27
27/01/2025,GMLA.TA,158.65736,28
28/01/2025,GMLA.TA,152.07503,29
29/01/2025,GMLA.TA,153.532,30
31/12/2024,GSFI.TA,3519.7239,1
01/01/2025,GSFI.TA,3446.4915,2
02/01/2025,GSFI.TA,3546.3462,3
03/01/2025,GSFI.TA,3587.8657,4
04/01/2025,GSFI.TA,3621.3489,5
05/01/2025,GSFI.TA,3624.777,6
06/01/2025,GSFI.TA,3737.694,7
07/01/2025,GSFI.TA,3789.7087,8
08/01/2025,GSFI.TA,3769.226,9
09/01/2025,GSFI.TA,3926.7874,10
10/01/2025,GSFI.TA,4033.7612,11
11/01/2025,GSFI.TA,3966.0037,12
12/01/2025,GSFI.TA,3846.582,13
13/01/2025,GSFI.TA,3759.0254,14
14/01/2025,GSFI.TA,3709.5173,15
15/01/2025,GSFI.TA,3737.158,16
16/01/2025,GSFI.TA,3812.6677,17
17/01/2025,GSFI.TA,3786.5315,18
18/01/2025,GSFI.TA,3769.5562,19
19/01/2025,GSFI.TA,3778.769,20
20/01/2025,GSFI.TA,3894.5527,21
21/01/2025,GSFI.TA,3812.8494,22
22/01/2025,GSFI.TA,3637.9863,23
23/01/2025,GSFI.TA,3488.2422,24
24/01/2025,GSFI.TA,3436.7192,25
25/01/2025,GSFI.TA,3413.646,26
26/01/2025,GSFI.TA,3352.892,27
27/01/2025,GSFI.TA,3341.2498,28
28/01/2025,GSFI.TA,3428.3254,29
29/01/2025,GSFI.TA,3468.2588,30
31/12/2024,GAGR.TA,363.87762,1
01/01/2025,GAGR.TA,361.27567,2
02/01/2025,GAGR.TA,364.90417,3
03/01/2025,GAGR.TA,359.48016,4
04/01/2025,GAGR.TA,360.3167,5
05/01/2025,GAGR.TA,351.04218,6
06/01/2025,GAGR.TA,334.86777,7
07/01/2025,GAGR.TA,341.6359,8
08/01/2025,GAGR.TA,340.04547,9
09/01/2025,GAGR.TA,347.54242,10
10/01/2025,GAGR.TA,349.94122,11
11/01/2025,GAGR.TA,356.03058,12
12/01/2025,GAGR.TA,364.81107,13
13/01/2025,GAGR.TA,356.12766,14
14/01/2025,GAGR.TA,345.4935,15
15/01/2025,GAGR.TA,364.9514,16
16/01/2025,GAGR.TA,364.1501,17
17/01/2025,GAGR.TA,366.65146,18
18/01/2025,GAGR.TA,368.81955,19
19/01/2025,GAGR.TA,376.07242,20
20/01/2025,GAGR.TA,399.97446,21
21/01/2025,GAGR.TA,414.1202,22
22/01/2025,GAGR.TA,430.01584,23
23/01/2025,GAGR.TA,426.4159,24
24/01/2025,GAGR.TA,428.89587,25
25/01/2025,GAGR.TA,423.4934,26
26/01/2025,GAGR.TA,428.07755,27
27/01/2025,GAGR.TA,444.73364,28
28/01/2025,GAGR.TA,450.8293,29
29/01/2025,GAGR.TA,434.62045,30
31/12/2024,GAON-M.TA,1269.3485,1
01/01/2025,GAON-M.TA,3127.2808,2
02/01/2025,GAON-M.TA,-1553.6764,3
03/01/2025,GAON-M.TA,-9975.56,4
04/01/2025,GAON-M.TA,-19052.605,5
05/01/2025,GAON-M.TA,-33013.777,6
06/01/2025,GAON-M.TA,-45034.19,7
07/01/2025,GAON-M.TA,88870.32,8
08/01/2025,GAON-M.TA,260273.73,9
09/01/2025,GAON-M.TA,274062.66,10
10/01/2025,GAON-M.TA,-61197.477,11
11/01/2025,GAON-M.TA,-182086.28,12
12/01/2025,GAON-M.TA,-417988.12,13
13/01/2025,GAON-M.TA,-492577.25,14
14/01/2025,GAON-M.TA,210252.47,15
15/01/2025,GAON-M.TA,770797.7,16
16/01/2025,GAON-M.TA,1512482.2,17
17/01/2025,GAON-M.TA,2065039.8,18
18/01/2025,GAON-M.TA,1518174.4,19
19/01/2025,GAON-M.TA,10300685,20
20/01/2025,GAON-M.TA,5259677,21
21/01/2025,GAON-M.TA,-14340382,22
22/01/2025,GAON-M.TA,-24009994,23
23/01/2025,GAON-M.TA,-1.36E+08,24
24/01/2025,GAON-M.TA,3.69E+08,25
25/01/2025,GAON-M.TA,1.46E+09,26
26/01/2025,GAON-M.TA,7.39E+09,27
27/01/2025,GAON-M.TA,9.01E+09,28
28/01/2025,GAON-M.TA,-6.82E+09,29
29/01/2025,GAON-M.TA,-3.15E+09,30
31/12/2024,GVYM.TA,2842.6306,1
01/01/2025,GVYM.TA,2791.0237,2
02/01/2025,GVYM.TA,2816.032,3
03/01/2025,GVYM.TA,2826.735,4
04/01/2025,GVYM.TA,2882.7249,5
05/01/2025,GVYM.TA,2854.9768,6
06/01/2025,GVYM.TA,2819.28,7
07/01/2025,GVYM.TA,2778.392,8
08/01/2025,GVYM.TA,2754.5771,9
09/01/2025,GVYM.TA,2756.755,10
10/01/2025,GVYM.TA,2701.049,11
11/01/2025,GVYM.TA,2661.746,12
12/01/2025,GVYM.TA,2642.934,13
13/01/2025,GVYM.TA,2628.3547,14
14/01/2025,GVYM.TA,2623.8477,15
15/01/2025,GVYM.TA,2552.0332,16
16/01/2025,GVYM.TA,2621.9797,17
17/01/2025,GVYM.TA,2619.481,18
18/01/2025,GVYM.TA,2659.9807,19
19/01/2025,GVYM.TA,2680.7798,20
20/01/2025,GVYM.TA,2673.5237,21
21/01/2025,GVYM.TA,2655.0054,22
22/01/2025,GVYM.TA,2664.0393,23
23/01/2025,GVYM.TA,2637.4304,24
24/01/2025,GVYM.TA,2617.0369,25
25/01/2025,GVYM.TA,2669.5159,26
26/01/2025,GVYM.TA,2632.1223,27
27/01/2025,GVYM.TA,2641.6392,28
28/01/2025,GVYM.TA,2649.9907,29
29/01/2025,GVYM.TA,2558.5361,30
31/12/2024,GEFR.TA,72.44364,1
01/01/2025,GEFR.TA,72.96388,2
02/01/2025,GEFR.TA,72.860245,3
03/01/2025,GEFR.TA,72.86911,4
04/01/2025,GEFR.TA,72.29425,5
05/01/2025,GEFR.TA,73.9023,6
06/01/2025,GEFR.TA,74.63141,7
07/01/2025,GEFR.TA,76.67635,8
08/01/2025,GEFR.TA,77.216484,9
09/01/2025,GEFR.TA,78.873055,10
10/01/2025,GEFR.TA,80.24892,11
11/01/2025,GEFR.TA,78.91467,12
12/01/2025,GEFR.TA,79.433235,13
13/01/2025,GEFR.TA,80.11379,14
14/01/2025,GEFR.TA,80.2126,15
15/01/2025,GEFR.TA,79.64586,16
16/01/2025,GEFR.TA,81.653,17
17/01/2025,GEFR.TA,81.00241,18
18/01/2025,GEFR.TA,82.945625,19
19/01/2025,GEFR.TA,83.74066,20
20/01/2025,GEFR.TA,81.050385,21
21/01/2025,GEFR.TA,83.75409,22
22/01/2025,GEFR.TA,83.323555,23
23/01/2025,GEFR.TA,83.37981,24
24/01/2025,GEFR.TA,84.9094,25
25/01/2025,GEFR.TA,84.98971,26
26/01/2025,GEFR.TA,85.38322,27
27/01/2025,GEFR.TA,85.09318,28
28/01/2025,GEFR.TA,87.720764,29
29/01/2025,GEFR.TA,90.23533,30
31/12/2024,GNCL.TA,51.870804,1
01/01/2025,GNCL.TA,48.468945,2
02/01/2025,GNCL.TA,48.91464,3
03/01/2025,GNCL.TA,47.187687,4
04/01/2025,GNCL.TA,49.91892,5
05/01/2025,GNCL.TA,53.119556,6
06/01/2025,GNCL.TA,51.855347,7
07/01/2025,GNCL.TA,54.909145,8
08/01/2025,GNCL.TA,52.313168,9
09/01/2025,GNCL.TA,55.867573,10
10/01/2025,GNCL.TA,54.088345,11
11/01/2025,GNCL.TA,55.927433,12
12/01/2025,GNCL.TA,58.87814,13
13/01/2025,GNCL.TA,58.43703,14
14/01/2025,GNCL.TA,58.917835,15
15/01/2025,GNCL.TA,61.633316,16
16/01/2025,GNCL.TA,65.52313,17
17/01/2025,GNCL.TA,60.27081,18
18/01/2025,GNCL.TA,65.06171,19
19/01/2025,GNCL.TA,68.68525,20
20/01/2025,GNCL.TA,62.766937,21
21/01/2025,GNCL.TA,61.171974,22
22/01/2025,GNCL.TA,60.802856,23
23/01/2025,GNCL.TA,64.052475,24
24/01/2025,GNCL.TA,71.06472,25
25/01/2025,GNCL.TA,70.86118,26
26/01/2025,GNCL.TA,72.186,27
27/01/2025,GNCL.TA,70.857414,28
28/01/2025,GNCL.TA,70.23999,29
29/01/2025,GNCL.TA,72.60021,30
31/12/2024,GNRS.TA,79.00794,1
01/01/2025,GNRS.TA,83.50576,2
02/01/2025,GNRS.TA,79.42755,3
03/01/2025,GNRS.TA,83.21574,4
04/01/2025,GNRS.TA,83.27116,5
05/01/2025,GNRS.TA,83.278595,6
06/01/2025,GNRS.TA,85.82682,7
07/01/2025,GNRS.TA,86.702194,8
08/01/2025,GNRS.TA,89.57051,9
09/01/2025,GNRS.TA,92.09462,10
10/01/2025,GNRS.TA,90.095085,11
11/01/2025,GNRS.TA,91.589226,12
12/01/2025,GNRS.TA,94.29724,13
13/01/2025,GNRS.TA,97.25565,14
14/01/2025,GNRS.TA,99.284935,15
15/01/2025,GNRS.TA,101.010826,16
16/01/2025,GNRS.TA,99.06476,17
17/01/2025,GNRS.TA,95.21695,18
18/01/2025,GNRS.TA,94.87167,19
19/01/2025,GNRS.TA,94.779175,20
20/01/2025,GNRS.TA,97.26294,21
21/01/2025,GNRS.TA,104.44646,22
22/01/2025,GNRS.TA,103.25239,23
23/01/2025,GNRS.TA,104.09089,24
24/01/2025,GNRS.TA,98.71853,25
25/01/2025,GNRS.TA,102.96392,26
26/01/2025,GNRS.TA,107.87051,27
27/01/2025,GNRS.TA,107.74388,28
28/01/2025,GNRS.TA,109.43072,29
29/01/2025,GNRS.TA,116.27904,30
31/12/2024,GFC-M.TA,19146.111,1
01/01/2025,GFC-M.TA,-38054.773,2
02/01/2025,GFC-M.TA,-2250879.2,3
03/01/2025,GFC-M.TA,-63947424,4
04/01/2025,GFC-M.TA,-4.11E+08,5
05/01/2025,GFC-M.TA,6.25E+09,6
06/01/2025,GFC-M.TA,-2.54E+10,7
07/01/2025,GFC-M.TA,-4.56E+11,8
08/01/2025,GFC-M.TA,-4.94E+12,9
09/01/2025,GFC-M.TA,-1.73E+14,10
10/01/2025,GFC-M.TA,-1.12E+15,11
11/01/2025,GFC-M.TA,2.80E+16,12
12/01/2025,GFC-M.TA,-5.10E+17,13
13/01/2025,GFC-M.TA,-1.52E+19,14
14/01/2025,GFC-M.TA,9.30E+19,15
15/01/2025,GFC-M.TA,5.27E+20,16
16/01/2025,GFC-M.TA,1.32E+22,17
17/01/2025,GFC-M.TA,-1.26E+23,18
18/01/2025,GFC-M.TA,-1.34E+24,19
19/01/2025,GFC-M.TA,-4.78E+25,20
20/01/2025,GFC-M.TA,-1.88E+27,21
21/01/2025,GFC-M.TA,-2.10E+28,22
22/01/2025,GFC-M.TA,-2.23E+29,23
23/01/2025,GFC-M.TA,-3.15E+30,24
24/01/2025,GFC-M.TA,1.28E+32,25
25/01/2025,GFC-M.TA,-2.69E+33,26
26/01/2025,GFC-M.TA,4.50E+34,27
27/01/2025,GFC-M.TA,-2.47E+35,28
28/01/2025,GFC-M.TA,-7.88E+35,29
29/01/2025,GFC-M.TA,-6.30E+36,30
28/10/2022,GIBUI.TA,3.5742452,1
29/10/2022,GIBUI.TA,4.114601,2
30/10/2022,GIBUI.TA,1.6611961,3
31/10/2022,GIBUI.TA,2.3806715,4
01/11/2022,GIBUI.TA,2.1775026,5
02/11/2022,GIBUI.TA,2.597076,6
03/11/2022,GIBUI.TA,3.6674569,7
04/11/2022,GIBUI.TA,4.327052,8
05/11/2022,GIBUI.TA,3.9203992,9
06/11/2022,GIBUI.TA,2.3656185,10
07/11/2022,GIBUI.TA,2.0369408,11
08/11/2022,GIBUI.TA,2.163531,12
09/11/2022,GIBUI.TA,1.8959237,13
10/11/2022,GIBUI.TA,1.4437753,14
11/11/2022,GIBUI.TA,0.9208786,15
12/11/2022,GIBUI.TA,1.440896,16
13/11/2022,GIBUI.TA,1.9221451,17
14/11/2022,GIBUI.TA,3.0168269,18
15/11/2022,GIBUI.TA,4.74608,19
16/11/2022,GIBUI.TA,7.8531547,20
17/11/2022,GIBUI.TA,8.997401,21
18/11/2022,GIBUI.TA,12.296411,22
19/11/2022,GIBUI.TA,15.101862,23
20/11/2022,GIBUI.TA,14.287876,24
21/11/2022,GIBUI.TA,16.71555,25
22/11/2022,GIBUI.TA,15.024522,26
23/11/2022,GIBUI.TA,20.769236,27
24/11/2022,GIBUI.TA,28.047926,28
25/11/2022,GIBUI.TA,18.983744,29
26/11/2022,GIBUI.TA,19.35542,30
31/12/2024,GILT.TA,2252.9832,1
01/01/2025,GILT.TA,2294.8564,2
02/01/2025,GILT.TA,2382.9453,3
03/01/2025,GILT.TA,2432.2065,4
04/01/2025,GILT.TA,2387.9604,5
05/01/2025,GILT.TA,2483.0977,6
06/01/2025,GILT.TA,2526.9873,7
07/01/2025,GILT.TA,2601.7297,8
08/01/2025,GILT.TA,2548.295,9
09/01/2025,GILT.TA,2528.2004,10
10/01/2025,GILT.TA,2599.5632,11
11/01/2025,GILT.TA,2630.3672,12
12/01/2025,GILT.TA,2655.9004,13
13/01/2025,GILT.TA,2773.9287,14
14/01/2025,GILT.TA,2733.6758,15
15/01/2025,GILT.TA,2624.3682,16
16/01/2025,GILT.TA,2549.9248,17
17/01/2025,GILT.TA,2575.8823,18
18/01/2025,GILT.TA,2683.3804,19
19/01/2025,GILT.TA,2684.3967,20
20/01/2025,GILT.TA,2657.0767,21
21/01/2025,GILT.TA,2726.4673,22
22/01/2025,GILT.TA,2644.0044,23
23/01/2025,GILT.TA,2573.3035,24
24/01/2025,GILT.TA,2548.3367,25
25/01/2025,GILT.TA,2592.7817,26
26/01/2025,GILT.TA,2685.9355,27
27/01/2025,GILT.TA,2661.4866,28
28/01/2025,GILT.TA,2729.574,29
29/01/2025,GILT.TA,2763.7163,30
31/12/2024,GLTL.TA,77.683975,1
01/01/2025,GLTL.TA,81.18402,2
02/01/2025,GLTL.TA,76.208496,3
03/01/2025,GLTL.TA,79.074844,4
04/01/2025,GLTL.TA,81.056274,5
05/01/2025,GLTL.TA,79.994484,6
06/01/2025,GLTL.TA,83.03748,7
07/01/2025,GLTL.TA,83.86751,8
08/01/2025,GLTL.TA,86.856606,9
09/01/2025,GLTL.TA,81.91888,10
10/01/2025,GLTL.TA,84.23146,11
11/01/2025,GLTL.TA,87.9332,12
12/01/2025,GLTL.TA,85.140305,13
13/01/2025,GLTL.TA,84.18803,14
14/01/2025,GLTL.TA,86.512886,15
15/01/2025,GLTL.TA,91.38087,16
16/01/2025,GLTL.TA,93.41752,17
17/01/2025,GLTL.TA,87.48877,18
18/01/2025,GLTL.TA,89.085,19
19/01/2025,GLTL.TA,94.74731,20
20/01/2025,GLTL.TA,92.494774,21
21/01/2025,GLTL.TA,94.79544,22
22/01/2025,GLTL.TA,96.24183,23
23/01/2025,GLTL.TA,97.310165,24
24/01/2025,GLTL.TA,94.8232,25
25/01/2025,GLTL.TA,101.48471,26
26/01/2025,GLTL.TA,100.762436,27
27/01/2025,GLTL.TA,100.7732,28
28/01/2025,GLTL.TA,94.58817,29
29/01/2025,GLTL.TA,89.33652,30
31/12/2024,GNGR.TA,1044.6698,1
01/01/2025,GNGR.TA,1028.7804,2
02/01/2025,GNGR.TA,1055.5496,3
03/01/2025,GNGR.TA,1024.1744,4
04/01/2025,GNGR.TA,997.15875,5
05/01/2025,GNGR.TA,1070.9902,6
06/01/2025,GNGR.TA,1074.6311,7
07/01/2025,GNGR.TA,1110.3396,8
08/01/2025,GNGR.TA,1128.0428,9
09/01/2025,GNGR.TA,1175.9484,10
10/01/2025,GNGR.TA,1229.3418,11
11/01/2025,GNGR.TA,1212.482,12
12/01/2025,GNGR.TA,1209.3943,13
13/01/2025,GNGR.TA,1198.9904,14
14/01/2025,GNGR.TA,1168.4952,15
15/01/2025,GNGR.TA,1220.3733,16
16/01/2025,GNGR.TA,1270.9911,17
17/01/2025,GNGR.TA,1314.9943,18
18/01/2025,GNGR.TA,1280.6968,19
19/01/2025,GNGR.TA,1279.3129,20
20/01/2025,GNGR.TA,1268.812,21
21/01/2025,GNGR.TA,1229.307,22
22/01/2025,GNGR.TA,1214.9741,23
23/01/2025,GNGR.TA,1231.9406,24
24/01/2025,GNGR.TA,1202.3212,25
25/01/2025,GNGR.TA,1189.2932,26
26/01/2025,GNGR.TA,1207.483,27
27/01/2025,GNGR.TA,1191.5737,28
28/01/2025,GNGR.TA,1223.0806,29
29/01/2025,GNGR.TA,1233.5875,30
31/12/2024,GIVO.TA,20.261908,1
01/01/2025,GIVO.TA,19.964506,2
02/01/2025,GIVO.TA,19.077784,3
03/01/2025,GIVO.TA,18.431921,4
04/01/2025,GIVO.TA,18.860535,5
05/01/2025,GIVO.TA,18.618086,6
06/01/2025,GIVO.TA,19.713528,7
07/01/2025,GIVO.TA,20.03295,8
08/01/2025,GIVO.TA,19.671663,9
09/01/2025,GIVO.TA,19.040525,10
10/01/2025,GIVO.TA,18.656425,11
11/01/2025,GIVO.TA,19.289366,12
12/01/2025,GIVO.TA,18.386763,13
13/01/2025,GIVO.TA,17.429451,14
14/01/2025,GIVO.TA,17.445566,15
15/01/2025,GIVO.TA,16.492386,16
16/01/2025,GIVO.TA,15.895137,17
17/01/2025,GIVO.TA,15.19506,18
18/01/2025,GIVO.TA,15.16718,19
19/01/2025,GIVO.TA,15.371891,20
20/01/2025,GIVO.TA,15.725803,21
21/01/2025,GIVO.TA,15.439338,22
22/01/2025,GIVO.TA,15.403941,23
23/01/2025,GIVO.TA,15.912546,24
24/01/2025,GIVO.TA,15.454055,25
25/01/2025,GIVO.TA,14.687368,26
26/01/2025,GIVO.TA,14.095591,27
27/01/2025,GIVO.TA,13.979184,28
28/01/2025,GIVO.TA,13.948513,29
29/01/2025,GIVO.TA,13.908307,30
31/12/2024,GIX.TA,17.604614,1
01/01/2025,GIX.TA,16.523932,2
02/01/2025,GIX.TA,16.910025,3
03/01/2025,GIX.TA,21.09197,4
04/01/2025,GIX.TA,18.027388,5
05/01/2025,GIX.TA,14.282857,6
06/01/2025,GIX.TA,10.658111,7
07/01/2025,GIX.TA,11.625548,8
08/01/2025,GIX.TA,10.354297,9
09/01/2025,GIX.TA,8.929014,10
10/01/2025,GIX.TA,7.950495,11
11/01/2025,GIX.TA,6.8114524,12
12/01/2025,GIX.TA,6.0068917,13
13/01/2025,GIX.TA,6.3343253,14
14/01/2025,GIX.TA,6.707271,15
15/01/2025,GIX.TA,7.114889,16
16/01/2025,GIX.TA,8.269911,17
17/01/2025,GIX.TA,7.2700586,18
18/01/2025,GIX.TA,7.2236624,19
19/01/2025,GIX.TA,8.185971,20
20/01/2025,GIX.TA,9.397386,21
21/01/2025,GIX.TA,10.772933,22
22/01/2025,GIX.TA,10.453808,23
23/01/2025,GIX.TA,9.186592,24
24/01/2025,GIX.TA,10.408596,25
25/01/2025,GIX.TA,9.285121,26
26/01/2025,GIX.TA,9.424098,27
27/01/2025,GIX.TA,11.62701,28
28/01/2025,GIX.TA,10.303679,29
29/01/2025,GIX.TA,8.545243,30
31/12/2024,GKL.TA,74.684006,1
01/01/2025,GKL.TA,72.41813,2
02/01/2025,GKL.TA,71.771255,3
03/01/2025,GKL.TA,70.56083,4
04/01/2025,GKL.TA,71.814224,5
05/01/2025,GKL.TA,73.18763,6
06/01/2025,GKL.TA,73.41289,7
07/01/2025,GKL.TA,75.766,8
08/01/2025,GKL.TA,75.11338,9
09/01/2025,GKL.TA,74.48959,10
10/01/2025,GKL.TA,73.02654,11
11/01/2025,GKL.TA,73.397934,12
12/01/2025,GKL.TA,72.20128,13
13/01/2025,GKL.TA,70.311066,14
14/01/2025,GKL.TA,70.379524,15
15/01/2025,GKL.TA,69.01403,16
16/01/2025,GKL.TA,69.63053,17
17/01/2025,GKL.TA,68.02698,18
18/01/2025,GKL.TA,69.434364,19
19/01/2025,GKL.TA,69.730774,20
20/01/2025,GKL.TA,71.80438,21
21/01/2025,GKL.TA,70.64945,22
22/01/2025,GKL.TA,73.60078,23
23/01/2025,GKL.TA,74.46184,24
24/01/2025,GKL.TA,76.51846,25
25/01/2025,GKL.TA,77.98455,26
26/01/2025,GKL.TA,78.36519,27
27/01/2025,GKL.TA,76.90482,28
28/01/2025,GKL.TA,78.26938,29
29/01/2025,GKL.TA,78.40314,30
09/10/2024,GLEN-M.TA,0.0259576,1
10/10/2024,GLEN-M.TA,0.02555682,2
11/10/2024,GLEN-M.TA,0.02874063,3
12/10/2024,GLEN-M.TA,0.02868161,4
13/10/2024,GLEN-M.TA,0.02737539,5
14/10/2024,GLEN-M.TA,0.02977896,6
15/10/2024,GLEN-M.TA,0.03275688,7
16/10/2024,GLEN-M.TA,0.03383234,8
17/10/2024,GLEN-M.TA,0.01748392,9
18/10/2024,GLEN-M.TA,0.01420545,10
19/10/2024,GLEN-M.TA,0.01139423,11
20/10/2024,GLEN-M.TA,0.01316504,12
21/10/2024,GLEN-M.TA,0.01230154,13
22/10/2024,GLEN-M.TA,0.01016069,14
23/10/2024,GLEN-M.TA,0.01058987,15
24/10/2024,GLEN-M.TA,0.01437707,16
25/10/2024,GLEN-M.TA,0.01748977,17
26/10/2024,GLEN-M.TA,0.01954515,18
27/10/2024,GLEN-M.TA,0.02146348,19
28/10/2024,GLEN-M.TA,0.01652878,20
29/10/2024,GLEN-M.TA,0.01310502,21
30/10/2024,GLEN-M.TA,0.01155582,22
31/10/2024,GLEN-M.TA,0.00864594,23
01/11/2024,GLEN-M.TA,0.00919844,24
02/11/2024,GLEN-M.TA,0.0097526,25
03/11/2024,GLEN-M.TA,0.00968401,26
04/11/2024,GLEN-M.TA,0.01206415,27
05/11/2024,GLEN-M.TA,0.01216751,28
06/11/2024,GLEN-M.TA,0.01102357,29
07/11/2024,GLEN-M.TA,0.0133815,30
31/12/2024,GLRS.TA,44896.96,1
01/01/2025,GLRS.TA,45063.64,2
02/01/2025,GLRS.TA,44994.316,3
03/01/2025,GLRS.TA,45344.676,4
04/01/2025,GLRS.TA,45643.34,5
05/01/2025,GLRS.TA,45712.934,6
06/01/2025,GLRS.TA,45638.613,7
07/01/2025,GLRS.TA,46519.523,8
08/01/2025,GLRS.TA,46642.06,9
09/01/2025,GLRS.TA,46603.02,10
10/01/2025,GLRS.TA,47240.504,11
11/01/2025,GLRS.TA,47335.06,12
12/01/2025,GLRS.TA,47058.15,13
13/01/2025,GLRS.TA,46763.72,14
14/01/2025,GLRS.TA,46923.652,15
15/01/2025,GLRS.TA,47034.168,16
16/01/2025,GLRS.TA,46763.043,17
17/01/2025,GLRS.TA,47256.46,18
18/01/2025,GLRS.TA,47776.496,19
19/01/2025,GLRS.TA,47362.242,20
20/01/2025,GLRS.TA,47773.45,21
21/01/2025,GLRS.TA,48261.664,22
22/01/2025,GLRS.TA,47796.863,23
23/01/2025,GLRS.TA,48539.152,24
24/01/2025,GLRS.TA,48472.56,25
25/01/2025,GLRS.TA,47742.773,26
26/01/2025,GLRS.TA,47317.094,27
27/01/2025,GLRS.TA,47296.918,28
28/01/2025,GLRS.TA,47517.637,29
29/01/2025,GLRS.TA,47687.184,30
31/12/2024,GOTO.TA,478.2959,1
01/01/2025,GOTO.TA,488.09882,2
02/01/2025,GOTO.TA,413.30603,3
03/01/2025,GOTO.TA,494.05402,4
04/01/2025,GOTO.TA,382.30923,5
05/01/2025,GOTO.TA,424.27753,6
06/01/2025,GOTO.TA,369.91965,7
07/01/2025,GOTO.TA,304.80728,8
08/01/2025,GOTO.TA,206.24901,9
09/01/2025,GOTO.TA,216.82266,10
10/01/2025,GOTO.TA,144.94739,11
11/01/2025,GOTO.TA,183.1694,12
12/01/2025,GOTO.TA,176.5419,13
13/01/2025,GOTO.TA,214.91086,14
14/01/2025,GOTO.TA,139.889,15
15/01/2025,GOTO.TA,138.99426,16
16/01/2025,GOTO.TA,170.72801,17
17/01/2025,GOTO.TA,173.47922,18
18/01/2025,GOTO.TA,155.75911,19
19/01/2025,GOTO.TA,173.73045,20
20/01/2025,GOTO.TA,157.67792,21
21/01/2025,GOTO.TA,156.41264,22
22/01/2025,GOTO.TA,188.09024,23
23/01/2025,GOTO.TA,163.66858,24
24/01/2025,GOTO.TA,220.9805,25
25/01/2025,GOTO.TA,262.4248,26
26/01/2025,GOTO.TA,245.18718,27
27/01/2025,GOTO.TA,281.70483,28
28/01/2025,GOTO.TA,251.28374,29
29/01/2025,GOTO.TA,308.15964,30
31/12/2024,GRIN.TA,1348.6129,1
01/01/2025,GRIN.TA,1356.1862,2
02/01/2025,GRIN.TA,1393.6069,3
03/01/2025,GRIN.TA,1414.5018,4
04/01/2025,GRIN.TA,1398.9211,5
05/01/2025,GRIN.TA,1396.1101,6
06/01/2025,GRIN.TA,1435.2955,7
07/01/2025,GRIN.TA,1445.9513,8
08/01/2025,GRIN.TA,1444.9368,9
09/01/2025,GRIN.TA,1455.831,10
10/01/2025,GRIN.TA,1441.5823,11
11/01/2025,GRIN.TA,1455.4545,12
12/01/2025,GRIN.TA,1415.5903,13
13/01/2025,GRIN.TA,1407.182,14
14/01/2025,GRIN.TA,1429.1278,15
15/01/2025,GRIN.TA,1434.6775,16
16/01/2025,GRIN.TA,1436.5911,17
17/01/2025,GRIN.TA,1418.004,18
18/01/2025,GRIN.TA,1435.719,19
19/01/2025,GRIN.TA,1448.0543,20
20/01/2025,GRIN.TA,1472.7604,21
21/01/2025,GRIN.TA,1460.7831,22
22/01/2025,GRIN.TA,1473.029,23
23/01/2025,GRIN.TA,1481.3805,24
24/01/2025,GRIN.TA,1522.2612,25
25/01/2025,GRIN.TA,1494.5845,26
26/01/2025,GRIN.TA,1499.9247,27
27/01/2025,GRIN.TA,1511.4535,28
28/01/2025,GRIN.TA,1541.2423,29
29/01/2025,GRIN.TA,1544.2206,30
31/12/2024,GOLD.TA,16055.759,1
01/01/2025,GOLD.TA,15778.969,2
02/01/2025,GOLD.TA,15918.635,3
03/01/2025,GOLD.TA,15640.463,4
04/01/2025,GOLD.TA,15764.474,5
05/01/2025,GOLD.TA,15473.2,6
06/01/2025,GOLD.TA,15285.329,7
07/01/2025,GOLD.TA,15345.715,8
08/01/2025,GOLD.TA,15500.925,9
09/01/2025,GOLD.TA,15796.201,10
10/01/2025,GOLD.TA,15713.302,11
11/01/2025,GOLD.TA,15428.973,12
12/01/2025,GOLD.TA,15385.252,13
13/01/2025,GOLD.TA,15242.584,14
14/01/2025,GOLD.TA,15271.275,15
15/01/2025,GOLD.TA,15374.565,16
16/01/2025,GOLD.TA,15214.438,17
17/01/2025,GOLD.TA,15098.538,18
18/01/2025,GOLD.TA,15203.769,19
19/01/2025,GOLD.TA,15209.503,20
20/01/2025,GOLD.TA,15065.047,21
21/01/2025,GOLD.TA,15432.984,22
22/01/2025,GOLD.TA,15259.804,23
23/01/2025,GOLD.TA,15408.563,24
24/01/2025,GOLD.TA,15329.799,25
25/01/2025,GOLD.TA,15438.737,26
26/01/2025,GOLD.TA,15574.332,27
27/01/2025,GOLD.TA,15643.169,28
28/01/2025,GOLD.TA,15540.758,29
29/01/2025,GOLD.TA,15533.626,30
31/12/2024,GOHO.TA,2386.664,1
01/01/2025,GOHO.TA,2406.4612,2
02/01/2025,GOHO.TA,2448.0876,3
03/01/2025,GOHO.TA,2465.636,4
04/01/2025,GOHO.TA,2459.897,5
05/01/2025,GOHO.TA,2442.5452,6
06/01/2025,GOHO.TA,2454.5786,7
07/01/2025,GOHO.TA,2557.1445,8
08/01/2025,GOHO.TA,2615.0598,9
09/01/2025,GOHO.TA,2555.7703,10
10/01/2025,GOHO.TA,2607.9146,11
11/01/2025,GOHO.TA,2786.3638,12
12/01/2025,GOHO.TA,2773.3928,13
13/01/2025,GOHO.TA,2931.8396,14
14/01/2025,GOHO.TA,2860.6082,15
15/01/2025,GOHO.TA,2978.344,16
16/01/2025,GOHO.TA,3072.0422,17
17/01/2025,GOHO.TA,3149.419,18
18/01/2025,GOHO.TA,2898.525,19
19/01/2025,GOHO.TA,2838.2083,20
20/01/2025,GOHO.TA,2859.9224,21
21/01/2025,GOHO.TA,3008.0752,22
22/01/2025,GOHO.TA,3022.0618,23
23/01/2025,GOHO.TA,3098.9019,24
24/01/2025,GOHO.TA,3176.3665,25
25/01/2025,GOHO.TA,3177.0742,26
26/01/2025,GOHO.TA,3031.6335,27
27/01/2025,GOHO.TA,3001.0723,28
28/01/2025,GOHO.TA,2807.6748,29
29/01/2025,GOHO.TA,2776.6665,30
31/12/2024,GOLF.TA,638.41736,1
01/01/2025,GOLF.TA,631.2677,2
02/01/2025,GOLF.TA,650.70184,3
03/01/2025,GOLF.TA,669.94147,4
04/01/2025,GOLF.TA,647.6285,5
05/01/2025,GOLF.TA,615.66766,6
06/01/2025,GOLF.TA,583.5089,7
07/01/2025,GOLF.TA,590.57745,8
08/01/2025,GOLF.TA,606.19745,9
09/01/2025,GOLF.TA,626.6536,10
10/01/2025,GOLF.TA,661.5149,11
11/01/2025,GOLF.TA,658.6355,12
12/01/2025,GOLF.TA,660.48303,13
13/01/2025,GOLF.TA,672.41693,14
14/01/2025,GOLF.TA,634.2062,15
15/01/2025,GOLF.TA,628.53876,16
16/01/2025,GOLF.TA,627.83203,17
17/01/2025,GOLF.TA,594.97485,18
18/01/2025,GOLF.TA,624.48303,19
19/01/2025,GOLF.TA,630.20013,20
20/01/2025,GOLF.TA,638.62573,21
21/01/2025,GOLF.TA,626.7573,22
22/01/2025,GOLF.TA,634.0789,23
23/01/2025,GOLF.TA,663.564,24
24/01/2025,GOLF.TA,673.576,25
25/01/2025,GOLF.TA,676.57794,26
26/01/2025,GOLF.TA,689.3493,27
27/01/2025,GOLF.TA,725.1335,28
28/01/2025,GOLF.TA,718.87866,29
29/01/2025,GOLF.TA,722.82526,30
31/12/2024,GRAC.TA,1543.6238,1
01/01/2025,GRAC.TA,1553.4027,2
02/01/2025,GRAC.TA,1547.727,3
03/01/2025,GRAC.TA,1538.4124,4
04/01/2025,GRAC.TA,1546.0583,5
05/01/2025,GRAC.TA,1546.7263,6
06/01/2025,GRAC.TA,1533.1003,7
07/01/2025,GRAC.TA,1519.5824,8
08/01/2025,GRAC.TA,1545.4038,9
09/01/2025,GRAC.TA,1573.1564,10
10/01/2025,GRAC.TA,1595.1586,11
11/01/2025,GRAC.TA,1603.5232,12
12/01/2025,GRAC.TA,1606.8136,13
13/01/2025,GRAC.TA,1606.4453,14
14/01/2025,GRAC.TA,1592.0725,15
15/01/2025,GRAC.TA,1594.4417,16
16/01/2025,GRAC.TA,1605.4231,17
17/01/2025,GRAC.TA,1599.9178,18
18/01/2025,GRAC.TA,1611.5425,19
19/01/2025,GRAC.TA,1650.6659,20
20/01/2025,GRAC.TA,1646.5875,21
21/01/2025,GRAC.TA,1652.2726,22
22/01/2025,GRAC.TA,1644.5001,23
23/01/2025,GRAC.TA,1616.7198,24
24/01/2025,GRAC.TA,1638.9485,25
25/01/2025,GRAC.TA,1624.4062,26
26/01/2025,GRAC.TA,1621.2135,27
27/01/2025,GRAC.TA,1613.775,28
28/01/2025,GRAC.TA,1611.1763,29
29/01/2025,GRAC.TA,1616.5745,30
31/12/2024,G107.TA,60.18676,1
01/01/2025,G107.TA,56.951416,2
02/01/2025,G107.TA,53.7565,3
03/01/2025,G107.TA,53.277016,4
04/01/2025,G107.TA,53.00979,5
05/01/2025,G107.TA,55.44175,6
06/01/2025,G107.TA,53.383724,7
07/01/2025,G107.TA,50.870937,8
08/01/2025,G107.TA,53.576073,9
09/01/2025,G107.TA,50.105217,10
10/01/2025,G107.TA,47.050774,11
11/01/2025,G107.TA,45.37076,12
12/01/2025,G107.TA,41.63655,13
13/01/2025,G107.TA,43.914265,14
14/01/2025,G107.TA,39.372974,15
15/01/2025,G107.TA,37.05689,16
16/01/2025,G107.TA,38.571243,17
17/01/2025,G107.TA,38.995804,18
18/01/2025,G107.TA,37.874023,19
19/01/2025,G107.TA,42.521152,20
20/01/2025,G107.TA,44.264225,21
21/01/2025,G107.TA,46.83445,22
22/01/2025,G107.TA,49.70901,23
23/01/2025,G107.TA,51.874783,24
24/01/2025,G107.TA,48.21109,25
25/01/2025,G107.TA,48.7963,26
26/01/2025,G107.TA,49.880066,27
27/01/2025,G107.TA,48.785713,28
28/01/2025,G107.TA,50.064537,29
29/01/2025,G107.TA,45.096226,30
31/12/2024,GUID.TA,152.65158,1
01/01/2025,GUID.TA,305.54547,2
02/01/2025,GUID.TA,566.1097,3
03/01/2025,GUID.TA,860.55817,4
04/01/2025,GUID.TA,1693.4818,5
05/01/2025,GUID.TA,2829.908,6
06/01/2025,GUID.TA,3180.6929,7
07/01/2025,GUID.TA,4131.855,8
08/01/2025,GUID.TA,7587.2793,9
09/01/2025,GUID.TA,-14.820754,10
10/01/2025,GUID.TA,7.2698402,11
11/01/2025,GUID.TA,11.769702,12
12/01/2025,GUID.TA,6.5655537,13
13/01/2025,GUID.TA,3.5494738,14
14/01/2025,GUID.TA,-1.5476148,15
15/01/2025,GUID.TA,-3.307978,16
16/01/2025,GUID.TA,-1.4622957,17
17/01/2025,GUID.TA,-1.7999065,18
18/01/2025,GUID.TA,-0.5535568,19
19/01/2025,GUID.TA,-0.5362513,20
20/01/2025,GUID.TA,-0.88325423,21
21/01/2025,GUID.TA,-1.072393,22
22/01/2025,GUID.TA,-0.25364327,23
23/01/2025,GUID.TA,-0.632644,24
24/01/2025,GUID.TA,-0.5184934,25
25/01/2025,GUID.TA,-0.34750068,26
26/01/2025,GUID.TA,-0.32884932,27
27/01/2025,GUID.TA,-0.20363356,28
28/01/2025,GUID.TA,-0.24625917,29
29/01/2025,GUID.TA,-0.24729058,30
31/12/2024,HDST-M.TA,0.2761802,1
01/01/2025,HDST-M.TA,0.3114785,2
02/01/2025,HDST-M.TA,0.40711704,3
03/01/2025,HDST-M.TA,0.6989561,4
04/01/2025,HDST-M.TA,1.485342,5
05/01/2025,HDST-M.TA,1.7401218,6
06/01/2025,HDST-M.TA,1.9343467,7
07/01/2025,HDST-M.TA,3.3549902,8
08/01/2025,HDST-M.TA,3.2329404,9
09/01/2025,HDST-M.TA,5.2429523,10
10/01/2025,HDST-M.TA,2.7081673,11
11/01/2025,HDST-M.TA,6.359897,12
12/01/2025,HDST-M.TA,11.461795,13
13/01/2025,HDST-M.TA,18.80625,14
14/01/2025,HDST-M.TA,21.10615,15
15/01/2025,HDST-M.TA,42.411606,16
16/01/2025,HDST-M.TA,35.22697,17
17/01/2025,HDST-M.TA,41.962177,18
18/01/2025,HDST-M.TA,52.35504,19
19/01/2025,HDST-M.TA,116.68585,20
20/01/2025,HDST-M.TA,118.3355,21
21/01/2025,HDST-M.TA,128.17418,22
22/01/2025,HDST-M.TA,167.48317,23
23/01/2025,HDST-M.TA,112.95977,24
24/01/2025,HDST-M.TA,-110.681946,25
25/01/2025,HDST-M.TA,-191.43385,26
26/01/2025,HDST-M.TA,-403.93115,27
27/01/2025,HDST-M.TA,-145.50642,28
28/01/2025,HDST-M.TA,-229.56395,29
29/01/2025,HDST-M.TA,-187.70438,30
31/12/2024,HGG.TA,2093.458,1
01/01/2025,HGG.TA,2134.4875,2
02/01/2025,HGG.TA,2177.8167,3
03/01/2025,HGG.TA,2174.9668,4
04/01/2025,HGG.TA,2173.5037,5
05/01/2025,HGG.TA,2217.8413,6
06/01/2025,HGG.TA,2190.7676,7
07/01/2025,HGG.TA,2169.544,8
08/01/2025,HGG.TA,2203.0027,9
09/01/2025,HGG.TA,2205.6611,10
10/01/2025,HGG.TA,2255.1968,11
11/01/2025,HGG.TA,2254.3472,12
12/01/2025,HGG.TA,2263.3757,13
13/01/2025,HGG.TA,2292.1143,14
14/01/2025,HGG.TA,2339.2217,15
15/01/2025,HGG.TA,2362.2188,16
16/01/2025,HGG.TA,2371.8618,17
17/01/2025,HGG.TA,2376.9902,18
18/01/2025,HGG.TA,2401.5984,19
19/01/2025,HGG.TA,2348.6592,20
20/01/2025,HGG.TA,2277.4307,21
21/01/2025,HGG.TA,2258.739,22
22/01/2025,HGG.TA,2317.5037,23
23/01/2025,HGG.TA,2257.1406,24
24/01/2025,HGG.TA,2212.5093,25
25/01/2025,HGG.TA,2192.609,26
26/01/2025,HGG.TA,2188.6223,27
27/01/2025,HGG.TA,2170.7183,28
28/01/2025,HGG.TA,2180.3738,29
29/01/2025,HGG.TA,2161.7683,30
31/12/2024,HGGE.TA,622.3866,1
01/01/2025,HGGE.TA,629.38837,2
02/01/2025,HGGE.TA,622.75055,3
03/01/2025,HGGE.TA,585.0114,4
04/01/2025,HGGE.TA,584.25696,5
05/01/2025,HGGE.TA,600.04285,6
06/01/2025,HGGE.TA,595.46826,7
07/01/2025,HGGE.TA,634.2446,8
08/01/2025,HGGE.TA,643.0138,9
09/01/2025,HGGE.TA,629.99475,10
10/01/2025,HGGE.TA,629.7718,11
11/01/2025,HGGE.TA,624.9287,12
12/01/2025,HGGE.TA,641.71063,13
13/01/2025,HGGE.TA,642.0168,14
14/01/2025,HGGE.TA,644.14795,15
15/01/2025,HGGE.TA,639.3023,16
16/01/2025,HGGE.TA,632.7347,17
17/01/2025,HGGE.TA,630.12103,18
18/01/2025,HGGE.TA,625.4819,19
19/01/2025,HGGE.TA,618.08057,20
20/01/2025,HGGE.TA,616.3788,21
21/01/2025,HGGE.TA,625.90454,22
22/01/2025,HGGE.TA,622.4701,23
23/01/2025,HGGE.TA,643.54047,24
24/01/2025,HGGE.TA,656.97833,25
25/01/2025,HGGE.TA,672.9757,26
26/01/2025,HGGE.TA,698.26447,27
27/01/2025,HGGE.TA,697.4354,28
28/01/2025,HGGE.TA,695.53015,29
29/01/2025,HGGE.TA,688.76935,30
31/12/2024,HMAM.TA,308.8752,1
01/01/2025,HMAM.TA,540.49194,2
02/01/2025,HMAM.TA,564.5991,3
03/01/2025,HMAM.TA,489.64673,4
04/01/2025,HMAM.TA,574.7003,5
05/01/2025,HMAM.TA,247.13159,6
06/01/2025,HMAM.TA,500.20752,7
07/01/2025,HMAM.TA,602.4446,8
08/01/2025,HMAM.TA,306.2953,9
09/01/2025,HMAM.TA,132.34502,10
10/01/2025,HMAM.TA,2.6050932,11
11/01/2025,HMAM.TA,-0.11744448,12
12/01/2025,HMAM.TA,-0.04475542,13
13/01/2025,HMAM.TA,-0.00065861,14
14/01/2025,HMAM.TA,-0.00092846,15
15/01/2025,HMAM.TA,-0.0014846,16
16/01/2025,HMAM.TA,-0.00126311,17
17/01/2025,HMAM.TA,0.00054598,18
18/01/2025,HMAM.TA,0.00040883,19
19/01/2025,HMAM.TA,-0.00018077,20
20/01/2025,HMAM.TA,-4.79E-05,21
21/01/2025,HMAM.TA,-3.91E-05,22
22/01/2025,HMAM.TA,-5.30E-05,23
23/01/2025,HMAM.TA,-0.00011107,24
24/01/2025,HMAM.TA,-9.44E-05,25
25/01/2025,HMAM.TA,-0.00023457,26
26/01/2025,HMAM.TA,-0.00018275,27
27/01/2025,HMAM.TA,-0.00022173,28
28/01/2025,HMAM.TA,-0.000336,29
29/01/2025,HMAM.TA,-0.00059369,30
31/12/2024,MSBI.TA,117.086,1
01/01/2025,MSBI.TA,119.55598,2
02/01/2025,MSBI.TA,118.81561,3
03/01/2025,MSBI.TA,119.43881,4
04/01/2025,MSBI.TA,120.35803,5
05/01/2025,MSBI.TA,120.92582,6
06/01/2025,MSBI.TA,124.858406,7
07/01/2025,MSBI.TA,122.56834,8
08/01/2025,MSBI.TA,124.78728,9
09/01/2025,MSBI.TA,123.94518,10
10/01/2025,MSBI.TA,124.552376,11
11/01/2025,MSBI.TA,124.65995,12
12/01/2025,MSBI.TA,121.21337,13
13/01/2025,MSBI.TA,120.58959,14
14/01/2025,MSBI.TA,122.70732,15
15/01/2025,MSBI.TA,120.976166,16
16/01/2025,MSBI.TA,124.439125,17
17/01/2025,MSBI.TA,126.87358,18
18/01/2025,MSBI.TA,130.13646,19
19/01/2025,MSBI.TA,129.03104,20
20/01/2025,MSBI.TA,125.70222,21
21/01/2025,MSBI.TA,124.50563,22
22/01/2025,MSBI.TA,125.53958,23
23/01/2025,MSBI.TA,122.341156,24
24/01/2025,MSBI.TA,123.99977,25
25/01/2025,MSBI.TA,127.78976,26
26/01/2025,MSBI.TA,127.20448,27
27/01/2025,MSBI.TA,129.11128,28
28/01/2025,MSBI.TA,126.21911,29
29/01/2025,MSBI.TA,125.41231,30
31/12/2024,HAMAT.TA,1664.0642,1
01/01/2025,HAMAT.TA,1663.5612,2
02/01/2025,HAMAT.TA,1693.5759,3
03/01/2025,HAMAT.TA,1666.1876,4
04/01/2025,HAMAT.TA,1667.877,5
05/01/2025,HAMAT.TA,1679.4824,6
06/01/2025,HAMAT.TA,1664.9749,7
07/01/2025,HAMAT.TA,1750.748,8
08/01/2025,HAMAT.TA,1740.2921,9
09/01/2025,HAMAT.TA,1853.4122,10
10/01/2025,HAMAT.TA,1892.0103,11
11/01/2025,HAMAT.TA,1841.677,12
12/01/2025,HAMAT.TA,1993.9506,13
13/01/2025,HAMAT.TA,1999.8842,14
14/01/2025,HAMAT.TA,1937.7402,15
15/01/2025,HAMAT.TA,2092.036,16
16/01/2025,HAMAT.TA,2081.0427,17
17/01/2025,HAMAT.TA,2101.1335,18
18/01/2025,HAMAT.TA,2195.0042,19
19/01/2025,HAMAT.TA,2124.7834,20
20/01/2025,HAMAT.TA,2144.769,21
21/01/2025,HAMAT.TA,2084.7705,22
22/01/2025,HAMAT.TA,2184.818,23
23/01/2025,HAMAT.TA,2204.3994,24
24/01/2025,HAMAT.TA,2203.6987,25
25/01/2025,HAMAT.TA,2236.049,26
26/01/2025,HAMAT.TA,2291.9155,27
27/01/2025,HAMAT.TA,2360.2842,28
28/01/2025,HAMAT.TA,2407.3164,29
29/01/2025,HAMAT.TA,2473.5605,30
31/12/2024,HARL.TA,4816.1523,1
01/01/2025,HARL.TA,4749.6724,2
02/01/2025,HARL.TA,4894.561,3
03/01/2025,HARL.TA,4851.4814,4
04/01/2025,HARL.TA,4856.796,5
05/01/2025,HARL.TA,4841.2095,6
06/01/2025,HARL.TA,4940.219,7
07/01/2025,HARL.TA,4949.0566,8
08/01/2025,HARL.TA,4879.4146,9
09/01/2025,HARL.TA,4988.2095,10
10/01/2025,HARL.TA,4975.0723,11
11/01/2025,HARL.TA,4910.092,12
12/01/2025,HARL.TA,5075.902,13
13/01/2025,HARL.TA,5216.6304,14
14/01/2025,HARL.TA,5246.957,15
15/01/2025,HARL.TA,5316.3877,16
16/01/2025,HARL.TA,5316.1865,17
17/01/2025,HARL.TA,5299.824,18
18/01/2025,HARL.TA,5101.5635,19
19/01/2025,HARL.TA,5145.592,20
20/01/2025,HARL.TA,5097.077,21
21/01/2025,HARL.TA,5048.457,22
22/01/2025,HARL.TA,5038.3857,23
23/01/2025,HARL.TA,5044.474,24
24/01/2025,HARL.TA,5082.977,25
25/01/2025,HARL.TA,5153.3394,26
26/01/2025,HARL.TA,5146.154,27
27/01/2025,HARL.TA,5257.9204,28
28/01/2025,HARL.TA,5315.875,29
29/01/2025,HARL.TA,5287.163,30
31/12/2024,HICN.TA,94.10626,1
01/01/2025,HICN.TA,98.190186,2
02/01/2025,HICN.TA,102.87836,3
03/01/2025,HICN.TA,88.81845,4
04/01/2025,HICN.TA,99.91043,5
05/01/2025,HICN.TA,103.57891,6
06/01/2025,HICN.TA,127.69373,7
07/01/2025,HICN.TA,85.09581,8
08/01/2025,HICN.TA,95.6091,9
09/01/2025,HICN.TA,114.89573,10
10/01/2025,HICN.TA,123.46993,11
11/01/2025,HICN.TA,120.01174,12
12/01/2025,HICN.TA,119.56327,13
13/01/2025,HICN.TA,155.99539,14
14/01/2025,HICN.TA,158.91806,15
15/01/2025,HICN.TA,99.020935,16
16/01/2025,HICN.TA,93.390015,17
17/01/2025,HICN.TA,109.64891,18
18/01/2025,HICN.TA,96.17891,19
19/01/2025,HICN.TA,93.31727,20
20/01/2025,HICN.TA,123.50096,21
21/01/2025,HICN.TA,152.02408,22
22/01/2025,HICN.TA,173.70274,23
23/01/2025,HICN.TA,174.01372,24
24/01/2025,HICN.TA,236.00845,25
25/01/2025,HICN.TA,230.64119,26
26/01/2025,HICN.TA,218.15445,27
27/01/2025,HICN.TA,227.51425,28
28/01/2025,HICN.TA,235.86224,29
29/01/2025,HICN.TA,257.9465,30
31/12/2024,HLAN.TA,22572.32,1
01/01/2025,HLAN.TA,22575.082,2
02/01/2025,HLAN.TA,22743.143,3
03/01/2025,HLAN.TA,22682.516,4
04/01/2025,HLAN.TA,22113.857,5
05/01/2025,HLAN.TA,22212.135,6
06/01/2025,HLAN.TA,22272.393,7
07/01/2025,HLAN.TA,22432.2,8
08/01/2025,HLAN.TA,22804.045,9
09/01/2025,HLAN.TA,23230.62,10
10/01/2025,HLAN.TA,22768.646,11
11/01/2025,HLAN.TA,23128.977,12
12/01/2025,HLAN.TA,23316.984,13
13/01/2025,HLAN.TA,23266.12,14
14/01/2025,HLAN.TA,23203.076,15
15/01/2025,HLAN.TA,23532.459,16
16/01/2025,HLAN.TA,23362.021,17
17/01/2025,HLAN.TA,23101.707,18
18/01/2025,HLAN.TA,23146.588,19
19/01/2025,HLAN.TA,23424.012,20
20/01/2025,HLAN.TA,23874.777,21
21/01/2025,HLAN.TA,24152.451,22
22/01/2025,HLAN.TA,23884.254,23
23/01/2025,HLAN.TA,24323.984,24
24/01/2025,HLAN.TA,24024.178,25
25/01/2025,HLAN.TA,24689.938,26
26/01/2025,HLAN.TA,25019.346,27
27/01/2025,HLAN.TA,24906.414,28
28/01/2025,HLAN.TA,25190.83,29
29/01/2025,HLAN.TA,25249.775,30
31/12/2024,HIPR.TA,1725.962,1
01/01/2025,HIPR.TA,1756.0787,2
02/01/2025,HIPR.TA,1774.9675,3
03/01/2025,HIPR.TA,1790.1394,4
04/01/2025,HIPR.TA,1797.5422,5
05/01/2025,HIPR.TA,1764.094,6
06/01/2025,HIPR.TA,1837.0731,7
07/01/2025,HIPR.TA,1879.2354,8
08/01/2025,HIPR.TA,1853.3171,9
09/01/2025,HIPR.TA,1885.4559,10
10/01/2025,HIPR.TA,1848.7163,11
11/01/2025,HIPR.TA,1836.0034,12
12/01/2025,HIPR.TA,1885.1635,13
13/01/2025,HIPR.TA,1822.275,14
14/01/2025,HIPR.TA,1776.428,15
15/01/2025,HIPR.TA,1776.9375,16
16/01/2025,HIPR.TA,1742.8589,17
17/01/2025,HIPR.TA,1736.3846,18
18/01/2025,HIPR.TA,1709.2218,19
19/01/2025,HIPR.TA,1723.8319,20
20/01/2025,HIPR.TA,1777.1469,21
21/01/2025,HIPR.TA,1834.7146,22
22/01/2025,HIPR.TA,1818.0336,23
23/01/2025,HIPR.TA,1877.4045,24
24/01/2025,HIPR.TA,1862.8889,25
25/01/2025,HIPR.TA,1864.1434,26
26/01/2025,HIPR.TA,1806.226,27
27/01/2025,HIPR.TA,1775.624,28
28/01/2025,HIPR.TA,1792.3484,29
29/01/2025,HIPR.TA,1767.0355,30
31/12/2024,HRON.TA,230904.22,1
01/01/2025,HRON.TA,230741.83,2
02/01/2025,HRON.TA,230796.73,3
03/01/2025,HRON.TA,231093.95,4
04/01/2025,HRON.TA,235894.2,5
05/01/2025,HRON.TA,235997.77,6
06/01/2025,HRON.TA,237876.16,7
07/01/2025,HRON.TA,233055.11,8
08/01/2025,HRON.TA,234944.56,9
09/01/2025,HRON.TA,234693.19,10
10/01/2025,HRON.TA,237894.86,11
11/01/2025,HRON.TA,233116.19,12
12/01/2025,HRON.TA,231571.16,13
13/01/2025,HRON.TA,230959.11,14
14/01/2025,HRON.TA,233414.53,15
15/01/2025,HRON.TA,235603.73,16
16/01/2025,HRON.TA,234014.92,17
17/01/2025,HRON.TA,235509.73,18
18/01/2025,HRON.TA,237121.8,19
19/01/2025,HRON.TA,232575.97,20
20/01/2025,HRON.TA,225470.64,21
21/01/2025,HRON.TA,227338.19,22
22/01/2025,HRON.TA,222043.16,23
23/01/2025,HRON.TA,224760.77,24
24/01/2025,HRON.TA,226974.12,25
25/01/2025,HRON.TA,227101.84,26
26/01/2025,HRON.TA,233354.4,27
27/01/2025,HRON.TA,232410.2,28
28/01/2025,HRON.TA,235103.78,29
29/01/2025,HRON.TA,236049.25,30
20/10/2023,HIVE.TA,1.4248531,1
21/10/2023,HIVE.TA,1.3265263,2
22/10/2023,HIVE.TA,1.4288018,3
23/10/2023,HIVE.TA,1.705184,4
24/10/2023,HIVE.TA,1.4958521,5
25/10/2023,HIVE.TA,1.4278852,6
26/10/2023,HIVE.TA,1.3738042,7
27/10/2023,HIVE.TA,1.3503182,8
28/10/2023,HIVE.TA,1.3352176,9
29/10/2023,HIVE.TA,1.5946493,10
30/10/2023,HIVE.TA,1.5847782,11
31/10/2023,HIVE.TA,2.0357902,12
01/11/2023,HIVE.TA,1.7454661,13
02/11/2023,HIVE.TA,2.1061091,14
03/11/2023,HIVE.TA,2.2729478,15
04/11/2023,HIVE.TA,1.9140224,16
05/11/2023,HIVE.TA,1.775507,17
06/11/2023,HIVE.TA,1.6687882,18
07/11/2023,HIVE.TA,1.3868208,19
08/11/2023,HIVE.TA,1.4053805,20
09/11/2023,HIVE.TA,1.3834417,21
10/11/2023,HIVE.TA,1.3013405,22
11/11/2023,HIVE.TA,1.1220617,23
12/11/2023,HIVE.TA,1.3769737,24
13/11/2023,HIVE.TA,1.4500014,25
14/11/2023,HIVE.TA,1.6302049,26
15/11/2023,HIVE.TA,1.4637161,27
16/11/2023,HIVE.TA,1.5028806,28
17/11/2023,HIVE.TA,1.4977033,29
18/11/2023,HIVE.TA,1.4756917,30
31/12/2024,HOD.TA,4887.3813,1
01/01/2025,HOD.TA,4807.5723,2
02/01/2025,HOD.TA,4818.277,3
03/01/2025,HOD.TA,4842.2363,4
04/01/2025,HOD.TA,4975.747,5
05/01/2025,HOD.TA,5028.4253,6
06/01/2025,HOD.TA,4837.7188,7
07/01/2025,HOD.TA,4713.8228,8
08/01/2025,HOD.TA,4735.716,9
09/01/2025,HOD.TA,4629.9287,10
10/01/2025,HOD.TA,4626.868,11
11/01/2025,HOD.TA,4620.7676,12
12/01/2025,HOD.TA,4746.513,13
13/01/2025,HOD.TA,4768.6226,14
14/01/2025,HOD.TA,4856.123,15
15/01/2025,HOD.TA,4885.269,16
16/01/2025,HOD.TA,4895.2515,17
17/01/2025,HOD.TA,5000.39,18
18/01/2025,HOD.TA,4914.5503,19
19/01/2025,HOD.TA,4796.573,20
20/01/2025,HOD.TA,4800.698,21
21/01/2025,HOD.TA,4862.868,22
22/01/2025,HOD.TA,4822.3447,23
23/01/2025,HOD.TA,4945.964,24
24/01/2025,HOD.TA,4942.61,25
25/01/2025,HOD.TA,4961.901,26
26/01/2025,HOD.TA,4862.757,27
27/01/2025,HOD.TA,4804.6333,28
28/01/2025,HOD.TA,4715.2715,29
29/01/2025,HOD.TA,4794.105,30
31/12/2024,HLMS.TA,523.6969,1
01/01/2025,HLMS.TA,511.45676,2
02/01/2025,HLMS.TA,513.02783,3
03/01/2025,HLMS.TA,505.64282,4
04/01/2025,HLMS.TA,499.82477,5
05/01/2025,HLMS.TA,502.56454,6
06/01/2025,HLMS.TA,501.2355,7
07/01/2025,HLMS.TA,495.8194,8
08/01/2025,HLMS.TA,488.09158,9
09/01/2025,HLMS.TA,487.02353,10
10/01/2025,HLMS.TA,480.77472,11
11/01/2025,HLMS.TA,491.27747,12
12/01/2025,HLMS.TA,505.13635,13
13/01/2025,HLMS.TA,520.53656,14
14/01/2025,HLMS.TA,516.3766,15
15/01/2025,HLMS.TA,517.13226,16
16/01/2025,HLMS.TA,513.23566,17
17/01/2025,HLMS.TA,509.98074,18
18/01/2025,HLMS.TA,520.9801,19
19/01/2025,HLMS.TA,521.98834,20
20/01/2025,HLMS.TA,523.7943,21
21/01/2025,HLMS.TA,528.05286,22
22/01/2025,HLMS.TA,529.5091,23
23/01/2025,HLMS.TA,524.8359,24
24/01/2025,HLMS.TA,531.5441,25
25/01/2025,HLMS.TA,518.40625,26
26/01/2025,HLMS.TA,533.11633,27
27/01/2025,HLMS.TA,543.13184,28
28/01/2025,HLMS.TA,541.62054,29
29/01/2025,HLMS.TA,537.27875,30
31/12/2024,HMGS.TA,385.6791,1
01/01/2025,HMGS.TA,441.4423,2
02/01/2025,HMGS.TA,316.96976,3
03/01/2025,HMGS.TA,197.16554,4
04/01/2025,HMGS.TA,217.23022,5
05/01/2025,HMGS.TA,95.30546,6
06/01/2025,HMGS.TA,145.5709,7
07/01/2025,HMGS.TA,145.58173,8
08/01/2025,HMGS.TA,130.90591,9
09/01/2025,HMGS.TA,167.65817,10
10/01/2025,HMGS.TA,189.56607,11
11/01/2025,HMGS.TA,148.99168,12
12/01/2025,HMGS.TA,163.98927,13
13/01/2025,HMGS.TA,175.75398,14
14/01/2025,HMGS.TA,174.79045,15
15/01/2025,HMGS.TA,229.37595,16
16/01/2025,HMGS.TA,292.9916,17
17/01/2025,HMGS.TA,123.09039,18
18/01/2025,HMGS.TA,129.56807,19
19/01/2025,HMGS.TA,124.61014,20
20/01/2025,HMGS.TA,92.8695,21
21/01/2025,HMGS.TA,133.50113,22
22/01/2025,HMGS.TA,185.77065,23
23/01/2025,HMGS.TA,244.9146,24
24/01/2025,HMGS.TA,300.3302,25
25/01/2025,HMGS.TA,351.84567,26
26/01/2025,HMGS.TA,321.9907,27
27/01/2025,HMGS.TA,274.47574,28
28/01/2025,HMGS.TA,455.3906,29
29/01/2025,HMGS.TA,629.8398,30
31/12/2024,HUMX.TA,31.107159,1
01/01/2025,HUMX.TA,27.708273,2
02/01/2025,HUMX.TA,28.803123,3
03/01/2025,HUMX.TA,32.876865,4
04/01/2025,HUMX.TA,34.392544,5
05/01/2025,HUMX.TA,36.211,6
06/01/2025,HUMX.TA,31.763203,7
07/01/2025,HUMX.TA,25.902761,8
08/01/2025,HUMX.TA,28.56547,9
09/01/2025,HUMX.TA,29.535713,10
10/01/2025,HUMX.TA,26.133045,11
11/01/2025,HUMX.TA,25.808678,12
12/01/2025,HUMX.TA,26.498068,13
13/01/2025,HUMX.TA,27.882328,14
14/01/2025,HUMX.TA,25.13267,15
15/01/2025,HUMX.TA,29.27497,16
16/01/2025,HUMX.TA,32.6147,17
17/01/2025,HUMX.TA,32.469406,18
18/01/2025,HUMX.TA,30.095507,19
19/01/2025,HUMX.TA,31.257519,20
20/01/2025,HUMX.TA,31.928572,21
21/01/2025,HUMX.TA,27.787428,22
22/01/2025,HUMX.TA,20.542126,23
23/01/2025,HUMX.TA,16.459486,24
24/01/2025,HUMX.TA,15.187253,25
25/01/2025,HUMX.TA,14.89855,26
26/01/2025,HUMX.TA,16.932793,27
27/01/2025,HUMX.TA,18.040312,28
28/01/2025,HUMX.TA,17.242437,29
29/01/2025,HUMX.TA,14.455567,30
31/12/2024,IARG.TA,88.4467,1
01/01/2025,IARG.TA,86.98887,2
02/01/2025,IARG.TA,65.91343,3
03/01/2025,IARG.TA,40.443058,4
04/01/2025,IARG.TA,43.431297,5
05/01/2025,IARG.TA,41.28697,6
06/01/2025,IARG.TA,40.269516,7
07/01/2025,IARG.TA,36.18524,8
08/01/2025,IARG.TA,30.404303,9
09/01/2025,IARG.TA,27.836746,10
10/01/2025,IARG.TA,33.986942,11
11/01/2025,IARG.TA,32.141632,12
12/01/2025,IARG.TA,34.71318,13
13/01/2025,IARG.TA,32.7317,14
14/01/2025,IARG.TA,37.820084,15
15/01/2025,IARG.TA,36.201344,16
16/01/2025,IARG.TA,40.543335,17
17/01/2025,IARG.TA,45.890854,18
18/01/2025,IARG.TA,35.9165,19
19/01/2025,IARG.TA,41.039734,20
20/01/2025,IARG.TA,46.251266,21
21/01/2025,IARG.TA,42.29969,22
22/01/2025,IARG.TA,54.125137,23
23/01/2025,IARG.TA,50.070335,24
24/01/2025,IARG.TA,50.838913,25
25/01/2025,IARG.TA,65.78098,26
26/01/2025,IARG.TA,70.76545,27
27/01/2025,IARG.TA,57.921066,28
28/01/2025,IARG.TA,46.74743,29
29/01/2025,IARG.TA,44.72255,30
31/12/2024,ICL.TA,1709.5304,1
01/01/2025,ICL.TA,1702.7745,2
02/01/2025,ICL.TA,1664.5262,3
03/01/2025,ICL.TA,1650.946,4
04/01/2025,ICL.TA,1612.9027,5
05/01/2025,ICL.TA,1656.1469,6
06/01/2025,ICL.TA,1690.3978,7
07/01/2025,ICL.TA,1674.9661,8
08/01/2025,ICL.TA,1644.1177,9
09/01/2025,ICL.TA,1661.8191,10
10/01/2025,ICL.TA,1666.8481,11
11/01/2025,ICL.TA,1659.2174,12
12/01/2025,ICL.TA,1618.1661,13
13/01/2025,ICL.TA,1611.0593,14
14/01/2025,ICL.TA,1647.1257,15
15/01/2025,ICL.TA,1676.7579,16
16/01/2025,ICL.TA,1657.8878,17
17/01/2025,ICL.TA,1657.1887,18
18/01/2025,ICL.TA,1602.6514,19
19/01/2025,ICL.TA,1594.5459,20
20/01/2025,ICL.TA,1610.453,21
21/01/2025,ICL.TA,1627.4792,22
22/01/2025,ICL.TA,1581.7664,23
23/01/2025,ICL.TA,1635.3918,24
24/01/2025,ICL.TA,1620.1881,25
25/01/2025,ICL.TA,1609.7325,26
26/01/2025,ICL.TA,1611.4293,27
27/01/2025,ICL.TA,1601.8123,28
28/01/2025,ICL.TA,1578.0217,29
29/01/2025,ICL.TA,1558.8346,30
31/12/2024,ICON.TA,489.24826,1
01/01/2025,ICON.TA,499.27655,2
02/01/2025,ICON.TA,519.77747,3
03/01/2025,ICON.TA,545.07196,4
04/01/2025,ICON.TA,547.5402,5
05/01/2025,ICON.TA,545.60956,6
06/01/2025,ICON.TA,550.222,7
07/01/2025,ICON.TA,549.87555,8
08/01/2025,ICON.TA,555.3865,9
09/01/2025,ICON.TA,556.2391,10
10/01/2025,ICON.TA,558.366,11
11/01/2025,ICON.TA,568.0309,12
12/01/2025,ICON.TA,552.40967,13
13/01/2025,ICON.TA,574.8009,14
14/01/2025,ICON.TA,541.522,15
15/01/2025,ICON.TA,539.33105,16
16/01/2025,ICON.TA,556.21246,17
17/01/2025,ICON.TA,558.35754,18
18/01/2025,ICON.TA,550.8217,19
19/01/2025,ICON.TA,578.7093,20
20/01/2025,ICON.TA,584.9466,21
21/01/2025,ICON.TA,595.85974,22
22/01/2025,ICON.TA,605.4134,23
23/01/2025,ICON.TA,608.02203,24
24/01/2025,ICON.TA,610.5944,25
25/01/2025,ICON.TA,617.21735,26
26/01/2025,ICON.TA,590.27545,27
27/01/2025,ICON.TA,592.8482,28
28/01/2025,ICON.TA,588.2272,29
29/01/2025,ICON.TA,588.80536,30
31/12/2024,IDNT.TA,246.02843,1
01/01/2025,IDNT.TA,240.03957,2
02/01/2025,IDNT.TA,290.10654,3
03/01/2025,IDNT.TA,319.22293,4
04/01/2025,IDNT.TA,308.60104,5
05/01/2025,IDNT.TA,351.82864,6
06/01/2025,IDNT.TA,399.65424,7
07/01/2025,IDNT.TA,350.2259,8
08/01/2025,IDNT.TA,314.77783,9
09/01/2025,IDNT.TA,296.60654,10
10/01/2025,IDNT.TA,340.34833,11
11/01/2025,IDNT.TA,250.89268,12
12/01/2025,IDNT.TA,250.45708,13
13/01/2025,IDNT.TA,233.84863,14
14/01/2025,IDNT.TA,179.29228,15
15/01/2025,IDNT.TA,188.1701,16
16/01/2025,IDNT.TA,148.28154,17
17/01/2025,IDNT.TA,141.37527,18
18/01/2025,IDNT.TA,135.02748,19
19/01/2025,IDNT.TA,119.477455,20
20/01/2025,IDNT.TA,114.55018,21
21/01/2025,IDNT.TA,127.10892,22
22/01/2025,IDNT.TA,142.67813,23
23/01/2025,IDNT.TA,162.54825,24
24/01/2025,IDNT.TA,153.75017,25
25/01/2025,IDNT.TA,184.97224,26
26/01/2025,IDNT.TA,188.12363,27
27/01/2025,IDNT.TA,204.3264,28
28/01/2025,IDNT.TA,196.61671,29
29/01/2025,IDNT.TA,173.16336,30
31/12/2024,IDIN.TA,13023.536,1
01/01/2025,IDIN.TA,12700.816,2
02/01/2025,IDIN.TA,13241.496,3
03/01/2025,IDIN.TA,12950.474,4
04/01/2025,IDIN.TA,12827.482,5
05/01/2025,IDIN.TA,12758.595,6
06/01/2025,IDIN.TA,12839.954,7
07/01/2025,IDIN.TA,13325.954,8
08/01/2025,IDIN.TA,12887.973,9
09/01/2025,IDIN.TA,12837.677,10
10/01/2025,IDIN.TA,13056.659,11
11/01/2025,IDIN.TA,13547.827,12
12/01/2025,IDIN.TA,13445.78,13
13/01/2025,IDIN.TA,12679.876,14
14/01/2025,IDIN.TA,12664.405,15
15/01/2025,IDIN.TA,12431.165,16
16/01/2025,IDIN.TA,12847.387,17
17/01/2025,IDIN.TA,12423.284,18
18/01/2025,IDIN.TA,12605.507,19
19/01/2025,IDIN.TA,12485.893,20
20/01/2025,IDIN.TA,12644.295,21
21/01/2025,IDIN.TA,12512.702,22
22/01/2025,IDIN.TA,13104.939,23
23/01/2025,IDIN.TA,13176.974,24
24/01/2025,IDIN.TA,13096.152,25
25/01/2025,IDIN.TA,13095.8955,26
26/01/2025,IDIN.TA,13121.424,27
27/01/2025,IDIN.TA,13249.003,28
28/01/2025,IDIN.TA,13228.567,29
29/01/2025,IDIN.TA,13414.528,30
31/12/2024,IDMO.TA,358.45935,1
01/01/2025,IDMO.TA,382.43982,2
02/01/2025,IDMO.TA,373.7464,3
03/01/2025,IDMO.TA,421.8977,4
04/01/2025,IDMO.TA,461.73016,5
05/01/2025,IDMO.TA,409.4047,6
06/01/2025,IDMO.TA,446.73746,7
07/01/2025,IDMO.TA,428.57382,8
08/01/2025,IDMO.TA,452.4954,9
09/01/2025,IDMO.TA,389.4401,10
10/01/2025,IDMO.TA,404.42615,11
11/01/2025,IDMO.TA,368.6527,12
12/01/2025,IDMO.TA,338.39273,13
13/01/2025,IDMO.TA,329.07083,14
14/01/2025,IDMO.TA,333.06546,15
15/01/2025,IDMO.TA,343.65475,16
16/01/2025,IDMO.TA,355.47217,17
17/01/2025,IDMO.TA,377.5789,18
18/01/2025,IDMO.TA,402.22922,19
19/01/2025,IDMO.TA,447.96817,20
20/01/2025,IDMO.TA,442.89825,21
21/01/2025,IDMO.TA,451.88773,22
22/01/2025,IDMO.TA,402.59586,23
23/01/2025,IDMO.TA,419.2658,24
24/01/2025,IDMO.TA,455.8049,25
25/01/2025,IDMO.TA,422.149,26
26/01/2025,IDMO.TA,406.92886,27
27/01/2025,IDMO.TA,418.45322,28
28/01/2025,IDMO.TA,484.22452,29
29/01/2025,IDMO.TA,471.57312,30
31/12/2024,IES.TA,24499.926,1
01/01/2025,IES.TA,23733.164,2
02/01/2025,IES.TA,23474.436,3
03/01/2025,IES.TA,23407.184,4
04/01/2025,IES.TA,23317.982,5
05/01/2025,IES.TA,23105.225,6
06/01/2025,IES.TA,23315.027,7
07/01/2025,IES.TA,23767.564,8
08/01/2025,IES.TA,24204.244,9
09/01/2025,IES.TA,23854.31,10
10/01/2025,IES.TA,24292.06,11
11/01/2025,IES.TA,24626.758,12
12/01/2025,IES.TA,25359.31,13
13/01/2025,IES.TA,25254.682,14
14/01/2025,IES.TA,24514.6,15
15/01/2025,IES.TA,24863.504,16
16/01/2025,IES.TA,25517.057,17
17/01/2025,IES.TA,25705.107,18
18/01/2025,IES.TA,26014.744,19
19/01/2025,IES.TA,26396.834,20
20/01/2025,IES.TA,26451.162,21
21/01/2025,IES.TA,27075.459,22
22/01/2025,IES.TA,27701.531,23
23/01/2025,IES.TA,28226.076,24
24/01/2025,IES.TA,27663.094,25
25/01/2025,IES.TA,27512.182,26
26/01/2025,IES.TA,27225.383,27
27/01/2025,IES.TA,27954.969,28
28/01/2025,IES.TA,27348.678,29
29/01/2025,IES.TA,27080.373,30
31/12/2024,ILDR.TA,769.162,1
01/01/2025,ILDR.TA,777.0634,2
02/01/2025,ILDR.TA,788.8294,3
03/01/2025,ILDR.TA,800.9103,4
04/01/2025,ILDR.TA,777.3731,5
05/01/2025,ILDR.TA,787.5653,6
06/01/2025,ILDR.TA,791.25385,7
07/01/2025,ILDR.TA,803.20056,8
08/01/2025,ILDR.TA,770.4348,9
09/01/2025,ILDR.TA,780.9944,10
10/01/2025,ILDR.TA,784.1818,11
11/01/2025,ILDR.TA,751.89606,12
12/01/2025,ILDR.TA,786.13055,13
13/01/2025,ILDR.TA,780.64667,14
14/01/2025,ILDR.TA,763.3287,15
15/01/2025,ILDR.TA,735.7056,16
16/01/2025,ILDR.TA,752.89716,17
17/01/2025,ILDR.TA,731.6701,18
18/01/2025,ILDR.TA,777.2663,19
19/01/2025,ILDR.TA,732.1634,20
20/01/2025,ILDR.TA,765.95245,21
21/01/2025,ILDR.TA,767.56726,22
22/01/2025,ILDR.TA,794.60925,23
23/01/2025,ILDR.TA,783.66785,24
24/01/2025,ILDR.TA,780.9299,25
25/01/2025,ILDR.TA,814.95056,26
26/01/2025,ILDR.TA,792.8555,27
27/01/2025,ILDR.TA,776.54047,28
28/01/2025,ILDR.TA,759.9026,29
29/01/2025,ILDR.TA,776.3272,30
31/12/2024,ILX.TA,7552.2524,1
01/01/2025,ILX.TA,7296.5645,2
02/01/2025,ILX.TA,7458.0986,3
03/01/2025,ILX.TA,7816.2446,4
04/01/2025,ILX.TA,7846.0947,5
05/01/2025,ILX.TA,8172.929,6
06/01/2025,ILX.TA,8179.195,7
07/01/2025,ILX.TA,8395.088,8
08/01/2025,ILX.TA,8637.057,9
09/01/2025,ILX.TA,8749.684,10
10/01/2025,ILX.TA,8923.415,11
11/01/2025,ILX.TA,9157.881,12
12/01/2025,ILX.TA,9161.914,13
13/01/2025,ILX.TA,9481.8,14
14/01/2025,ILX.TA,9406.483,15
15/01/2025,ILX.TA,9513.049,16
16/01/2025,ILX.TA,9431.028,17
17/01/2025,ILX.TA,9039.732,18
18/01/2025,ILX.TA,9251.244,19
19/01/2025,ILX.TA,9370.592,20
20/01/2025,ILX.TA,9452.177,21
21/01/2025,ILX.TA,9659.829,22
22/01/2025,ILX.TA,9478.155,23
23/01/2025,ILX.TA,9748.534,24
24/01/2025,ILX.TA,9444.584,25
25/01/2025,ILX.TA,9593.026,26
26/01/2025,ILX.TA,9456.63,27
27/01/2025,ILX.TA,9533.537,28
28/01/2025,ILX.TA,9842.117,29
29/01/2025,ILX.TA,9667.556,30
31/12/2024,ISI.TA,1388.3438,1
01/01/2025,ISI.TA,1433.544,2
02/01/2025,ISI.TA,1497.5494,3
03/01/2025,ISI.TA,1561.7314,4
04/01/2025,ISI.TA,1504.4304,5
05/01/2025,ISI.TA,1500.2709,6
06/01/2025,ISI.TA,1539.2495,7
07/01/2025,ISI.TA,1516.0962,8
08/01/2025,ISI.TA,1484.4424,9
09/01/2025,ISI.TA,1466.0748,10
10/01/2025,ISI.TA,1518.2206,11
11/01/2025,ISI.TA,1567.0126,12
12/01/2025,ISI.TA,1554.0573,13
13/01/2025,ISI.TA,1530.0321,14
14/01/2025,ISI.TA,1509.6233,15
15/01/2025,ISI.TA,1521.8085,16
16/01/2025,ISI.TA,1562.0787,17
17/01/2025,ISI.TA,1546.7792,18
18/01/2025,ISI.TA,1574.1218,19
19/01/2025,ISI.TA,1569.4177,20
20/01/2025,ISI.TA,1597.5498,21
21/01/2025,ISI.TA,1564.9197,22
22/01/2025,ISI.TA,1619.3766,23
23/01/2025,ISI.TA,1704.7035,24
24/01/2025,ISI.TA,1665.3636,25
25/01/2025,ISI.TA,1672.2529,26
26/01/2025,ISI.TA,1696.5016,27
27/01/2025,ISI.TA,1672.4935,28
28/01/2025,ISI.TA,1636.7767,29
29/01/2025,ISI.TA,1712.5208,30
31/12/2024,IMCO.TA,3401.5898,1
01/01/2025,IMCO.TA,3493.9739,2
02/01/2025,IMCO.TA,3533.256,3
03/01/2025,IMCO.TA,3370.218,4
04/01/2025,IMCO.TA,3337.4265,5
05/01/2025,IMCO.TA,3291.622,6
06/01/2025,IMCO.TA,3350.0994,7
07/01/2025,IMCO.TA,3385.457,8
08/01/2025,IMCO.TA,3410.3184,9
09/01/2025,IMCO.TA,3542.5042,10
10/01/2025,IMCO.TA,3619.8276,11
11/01/2025,IMCO.TA,3613.4395,12
12/01/2025,IMCO.TA,3532.2712,13
13/01/2025,IMCO.TA,3530.5144,14
14/01/2025,IMCO.TA,3630.547,15
15/01/2025,IMCO.TA,3512.3855,16
16/01/2025,IMCO.TA,3418.576,17
17/01/2025,IMCO.TA,3453.615,18
18/01/2025,IMCO.TA,3547.3733,19
19/01/2025,IMCO.TA,3522.7234,20
20/01/2025,IMCO.TA,3570.4985,21
21/01/2025,IMCO.TA,3550.8145,22
22/01/2025,IMCO.TA,3442.7874,23
23/01/2025,IMCO.TA,3511.5273,24
24/01/2025,IMCO.TA,3508.0464,25
25/01/2025,IMCO.TA,3470.062,26
26/01/2025,IMCO.TA,3424.3496,27
27/01/2025,IMCO.TA,3354.4,28
28/01/2025,IMCO.TA,3394.435,29
29/01/2025,IMCO.TA,3497.0073,30
31/12/2024,IMED.TA,173.36945,1
01/01/2025,IMED.TA,163.41049,2
02/01/2025,IMED.TA,171.88597,3
03/01/2025,IMED.TA,103.5933,4
04/01/2025,IMED.TA,148.68059,5
05/01/2025,IMED.TA,203.77164,6
06/01/2025,IMED.TA,342.45734,7
07/01/2025,IMED.TA,272.5595,8
08/01/2025,IMED.TA,-96.09109,9
09/01/2025,IMED.TA,-93.02257,10
10/01/2025,IMED.TA,-112.56304,11
11/01/2025,IMED.TA,-72.70096,12
12/01/2025,IMED.TA,-125.013435,13
13/01/2025,IMED.TA,-276.66528,14
14/01/2025,IMED.TA,-181.50478,15
15/01/2025,IMED.TA,-109.49327,16
16/01/2025,IMED.TA,-165.95535,17
17/01/2025,IMED.TA,-205.85931,18
18/01/2025,IMED.TA,-218.71739,19
19/01/2025,IMED.TA,-299.55545,20
20/01/2025,IMED.TA,-116.36235,21
21/01/2025,IMED.TA,-10.652749,22
22/01/2025,IMED.TA,-17.489492,23
23/01/2025,IMED.TA,-8.200963,24
24/01/2025,IMED.TA,-5.3158684,25
25/01/2025,IMED.TA,-8.70468,26
26/01/2025,IMED.TA,4.456668,27
27/01/2025,IMED.TA,4.1970267,28
28/01/2025,IMED.TA,1.9400079,29
29/01/2025,IMED.TA,3.0544438,30
31/12/2024,INRM.TA,1668.7434,1
01/01/2025,INRM.TA,1672.3433,2
02/01/2025,INRM.TA,1637.8712,3
03/01/2025,INRM.TA,1564.9198,4
04/01/2025,INRM.TA,1595.5588,5
05/01/2025,INRM.TA,1575.6805,6
06/01/2025,INRM.TA,1554.521,7
07/01/2025,INRM.TA,1517.3541,8
08/01/2025,INRM.TA,1565.3693,9
09/01/2025,INRM.TA,1574.7458,10
10/01/2025,INRM.TA,1603.3218,11
11/01/2025,INRM.TA,1628.333,12
12/01/2025,INRM.TA,1638.5842,13
13/01/2025,INRM.TA,1661.1262,14
14/01/2025,INRM.TA,1663.4735,15
15/01/2025,INRM.TA,1640.1395,16
16/01/2025,INRM.TA,1634.7618,17
17/01/2025,INRM.TA,1652.0297,18
18/01/2025,INRM.TA,1672.6915,19
19/01/2025,INRM.TA,1679.1194,20
20/01/2025,INRM.TA,1657.3668,21
21/01/2025,INRM.TA,1667.8943,22
22/01/2025,INRM.TA,1677.7025,23
23/01/2025,INRM.TA,1670.4159,24
24/01/2025,INRM.TA,1693.208,25
25/01/2025,INRM.TA,1683.4227,26
26/01/2025,INRM.TA,1716.6198,27
27/01/2025,INRM.TA,1702.3163,28
28/01/2025,INRM.TA,1678.9768,29
29/01/2025,INRM.TA,1687.5624,30
31/12/2024,ININ.TA,244.76534,1
01/01/2025,ININ.TA,239.59502,2
02/01/2025,ININ.TA,241.12802,3
03/01/2025,ININ.TA,249.05423,4
04/01/2025,ININ.TA,247.61418,5
05/01/2025,ININ.TA,252.53175,6
06/01/2025,ININ.TA,248.19821,7
07/01/2025,ININ.TA,242.08632,8
08/01/2025,ININ.TA,243.72649,9
09/01/2025,ININ.TA,246.77046,10
10/01/2025,ININ.TA,245.99196,11
11/01/2025,ININ.TA,242.60849,12
12/01/2025,ININ.TA,239.15656,13
13/01/2025,ININ.TA,239.46384,14
14/01/2025,ININ.TA,242.28261,15
15/01/2025,ININ.TA,233.72612,16
16/01/2025,ININ.TA,240.12415,17
17/01/2025,ININ.TA,239.24901,18
18/01/2025,ININ.TA,241.31123,19
19/01/2025,ININ.TA,237.61244,20
20/01/2025,ININ.TA,233.24348,21
21/01/2025,ININ.TA,237.70363,22
22/01/2025,ININ.TA,239.7075,23
23/01/2025,ININ.TA,233.96324,24
24/01/2025,ININ.TA,229.54562,25
25/01/2025,ININ.TA,221.19356,26
26/01/2025,ININ.TA,219.6197,27
27/01/2025,ININ.TA,213.29327,28
28/01/2025,ININ.TA,218.57475,29
29/01/2025,ININ.TA,211.45407,30
31/12/2024,INCR.TA,586.44635,1
01/01/2025,INCR.TA,592.45404,2
02/01/2025,INCR.TA,564.1317,3
03/01/2025,INCR.TA,574.40765,4
04/01/2025,INCR.TA,607.7284,5
05/01/2025,INCR.TA,625.53955,6
06/01/2025,INCR.TA,634.2499,7
07/01/2025,INCR.TA,652.6038,8
08/01/2025,INCR.TA,601.1004,9
09/01/2025,INCR.TA,608.93353,10
10/01/2025,INCR.TA,601.9751,11
11/01/2025,INCR.TA,609.25226,12
12/01/2025,INCR.TA,618.14417,13
13/01/2025,INCR.TA,628.5188,14
14/01/2025,INCR.TA,621.4748,15
15/01/2025,INCR.TA,604.42816,16
16/01/2025,INCR.TA,592.3854,17
17/01/2025,INCR.TA,596.12085,18
18/01/2025,INCR.TA,581.863,19
19/01/2025,INCR.TA,576.5868,20
20/01/2025,INCR.TA,525.2996,21
21/01/2025,INCR.TA,524.9676,22
22/01/2025,INCR.TA,496.00333,23
23/01/2025,INCR.TA,513.86053,24
24/01/2025,INCR.TA,511.71033,25
25/01/2025,INCR.TA,517.1403,26
26/01/2025,INCR.TA,538.72845,27
27/01/2025,INCR.TA,548.8119,28
28/01/2025,INCR.TA,561.395,29
29/01/2025,INCR.TA,559.3388,30
31/12/2024,INTR.TA,562.07764,1
01/01/2025,INTR.TA,974.0764,2
02/01/2025,INTR.TA,56.593357,3
03/01/2025,INTR.TA,47.73796,4
04/01/2025,INTR.TA,3.6688385,5
05/01/2025,INTR.TA,0.51957613,6
06/01/2025,INTR.TA,0.75038826,7
07/01/2025,INTR.TA,1.17886,8
08/01/2025,INTR.TA,-0.41637924,9
09/01/2025,INTR.TA,-0.51579756,10
10/01/2025,INTR.TA,-0.58561695,11
11/01/2025,INTR.TA,-0.59454954,12
12/01/2025,INTR.TA,0.3825916,13
13/01/2025,INTR.TA,0.0882158,14
14/01/2025,INTR.TA,0.2086109,15
15/01/2025,INTR.TA,0.10195301,16
16/01/2025,INTR.TA,0.41566417,17
17/01/2025,INTR.TA,0.9802071,18
18/01/2025,INTR.TA,1.1744312,19
19/01/2025,INTR.TA,1.8770683,20
20/01/2025,INTR.TA,0.26145023,21
21/01/2025,INTR.TA,0.35452557,22
22/01/2025,INTR.TA,0.5766084,23
23/01/2025,INTR.TA,1.1112897,24
24/01/2025,INTR.TA,0.71325344,25
25/01/2025,INTR.TA,0.9265878,26
26/01/2025,INTR.TA,1.1187309,27
27/01/2025,INTR.TA,1.645179,28
28/01/2025,INTR.TA,0.69287044,29
29/01/2025,INTR.TA,1.9223208,30
31/12/2024,IGLD.TA,-59619.164,1
01/01/2025,IGLD.TA,-897444.94,2
02/01/2025,IGLD.TA,11626288,3
03/01/2025,IGLD.TA,80174152,4
04/01/2025,IGLD.TA,3.03E+08,5
05/01/2025,IGLD.TA,-1.83E+09,6
06/01/2025,IGLD.TA,1.14E+10,7
07/01/2025,IGLD.TA,1.24E+10,8
08/01/2025,IGLD.TA,-3.51E+09,9
09/01/2025,IGLD.TA,-2.22E+10,10
10/01/2025,IGLD.TA,-4.58E+10,11
11/01/2025,IGLD.TA,-2.62E+11,12
12/01/2025,IGLD.TA,-3.37E+12,13
13/01/2025,IGLD.TA,2.79E+13,14
14/01/2025,IGLD.TA,-6.90E+13,15
15/01/2025,IGLD.TA,-1.43E+14,16
16/01/2025,IGLD.TA,1.27E+15,17
17/01/2025,IGLD.TA,4.84E+15,18
18/01/2025,IGLD.TA,-4.97E+15,19
19/01/2025,IGLD.TA,-2.86E+16,20
20/01/2025,IGLD.TA,3.85E+15,21
21/01/2025,IGLD.TA,-2.85E+16,22
22/01/2025,IGLD.TA,-5.47E+16,23
23/01/2025,IGLD.TA,-2.88E+17,24
24/01/2025,IGLD.TA,2.75E+17,25
25/01/2025,IGLD.TA,7.44E+18,26
26/01/2025,IGLD.TA,-9.01E+18,27
27/01/2025,IGLD.TA,-8.35E+19,28
28/01/2025,IGLD.TA,-3.67E+20,29
29/01/2025,IGLD.TA,1.35E+21,30
31/12/2024,ISCN.TA,1468.4132,1
01/01/2025,ISCN.TA,1518.5819,2
02/01/2025,ISCN.TA,1542.5745,3
03/01/2025,ISCN.TA,1458.5413,4
04/01/2025,ISCN.TA,1413.6398,5
05/01/2025,ISCN.TA,1343.3586,6
06/01/2025,ISCN.TA,1313.2502,7
07/01/2025,ISCN.TA,1253.923,8
08/01/2025,ISCN.TA,1248.8295,9
09/01/2025,ISCN.TA,1223.8519,10
10/01/2025,ISCN.TA,1174.1069,11
11/01/2025,ISCN.TA,1191.6239,12
12/01/2025,ISCN.TA,1150.4708,13
13/01/2025,ISCN.TA,1171.8525,14
14/01/2025,ISCN.TA,1123.0122,15
15/01/2025,ISCN.TA,1171.7286,16
16/01/2025,ISCN.TA,1170.1373,17
17/01/2025,ISCN.TA,1160.5786,18
18/01/2025,ISCN.TA,1139.8381,19
19/01/2025,ISCN.TA,1091.0176,20
20/01/2025,ISCN.TA,1067.3165,21
21/01/2025,ISCN.TA,1144.8292,22
22/01/2025,ISCN.TA,1142.8145,23
23/01/2025,ISCN.TA,1165.881,24
24/01/2025,ISCN.TA,1170.9565,25
25/01/2025,ISCN.TA,1169.9841,26
26/01/2025,ISCN.TA,1171.7277,27
27/01/2025,ISCN.TA,1194.7119,28
28/01/2025,ISCN.TA,1223.8882,29
29/01/2025,ISCN.TA,1248.7982,30
31/12/2024,ILDC.TA,3408.5994,1
01/01/2025,ILDC.TA,3513.3862,2
02/01/2025,ILDC.TA,3507.5334,3
03/01/2025,ILDC.TA,3494.4521,4
04/01/2025,ILDC.TA,3465.7114,5
05/01/2025,ILDC.TA,3401.3213,6
06/01/2025,ILDC.TA,3417.8335,7
07/01/2025,ILDC.TA,3383.7659,8
08/01/2025,ILDC.TA,3442.057,9
09/01/2025,ILDC.TA,3440.7246,10
10/01/2025,ILDC.TA,3503.702,11
11/01/2025,ILDC.TA,3437.0205,12
12/01/2025,ILDC.TA,3344.9167,13
13/01/2025,ILDC.TA,3341.7993,14
14/01/2025,ILDC.TA,3325.9998,15
15/01/2025,ILDC.TA,3316.397,16
16/01/2025,ILDC.TA,3290.7234,17
17/01/2025,ILDC.TA,3283.9902,18
18/01/2025,ILDC.TA,3249.3318,19
19/01/2025,ILDC.TA,3278.2617,20
20/01/2025,ILDC.TA,3298.3645,21
21/01/2025,ILDC.TA,3323.9988,22
22/01/2025,ILDC.TA,3179.5674,23
23/01/2025,ILDC.TA,3132.732,24
24/01/2025,ILDC.TA,3050.3633,25
25/01/2025,ILDC.TA,3113.0203,26
26/01/2025,ILDC.TA,3054.617,27
27/01/2025,ILDC.TA,3127.6614,28
28/01/2025,ILDC.TA,3206.678,29
29/01/2025,ILDC.TA,3122.864,30
31/12/2024,ISOP.TA,66.440186,1
01/01/2025,ISOP.TA,63.934776,2
02/01/2025,ISOP.TA,64.00375,3
03/01/2025,ISOP.TA,61.10474,4
04/01/2025,ISOP.TA,57.291214,5
05/01/2025,ISOP.TA,55.46432,6
06/01/2025,ISOP.TA,57.174088,7
07/01/2025,ISOP.TA,53.37488,8
08/01/2025,ISOP.TA,56.577812,9
09/01/2025,ISOP.TA,59.23663,10
10/01/2025,ISOP.TA,60.542694,11
11/01/2025,ISOP.TA,60.37164,12
12/01/2025,ISOP.TA,61.505432,13
13/01/2025,ISOP.TA,64.672386,14
14/01/2025,ISOP.TA,61.90889,15
15/01/2025,ISOP.TA,62.446526,16
16/01/2025,ISOP.TA,63.600178,17
17/01/2025,ISOP.TA,64.867874,18
18/01/2025,ISOP.TA,67.30898,19
19/01/2025,ISOP.TA,65.38286,20
20/01/2025,ISOP.TA,62.383194,21
21/01/2025,ISOP.TA,63.95052,22
22/01/2025,ISOP.TA,59.396507,23
23/01/2025,ISOP.TA,59.437836,24
24/01/2025,ISOP.TA,63.09928,25
25/01/2025,ISOP.TA,63.888454,26
26/01/2025,ISOP.TA,63.868664,27
27/01/2025,ISOP.TA,65.00585,28
28/01/2025,ISOP.TA,67.26809,29
29/01/2025,ISOP.TA,67.95712,30
31/12/2024,ISHI.TA,10210.904,1
01/01/2025,ISHI.TA,10477.706,2
02/01/2025,ISHI.TA,10066.443,3
03/01/2025,ISHI.TA,10132.435,4
04/01/2025,ISHI.TA,10291.928,5
05/01/2025,ISHI.TA,10717.32,6
06/01/2025,ISHI.TA,10158.223,7
07/01/2025,ISHI.TA,10851.211,8
08/01/2025,ISHI.TA,10570.357,9
09/01/2025,ISHI.TA,10231.938,10
10/01/2025,ISHI.TA,10424.558,11
11/01/2025,ISHI.TA,10268.967,12
12/01/2025,ISHI.TA,10457.875,13
13/01/2025,ISHI.TA,10432.023,14
14/01/2025,ISHI.TA,10777.31,15
15/01/2025,ISHI.TA,10403.331,16
16/01/2025,ISHI.TA,10018.864,17
17/01/2025,ISHI.TA,9865.857,18
18/01/2025,ISHI.TA,9850.6875,19
19/01/2025,ISHI.TA,10135.48,20
20/01/2025,ISHI.TA,10285.242,21
21/01/2025,ISHI.TA,10658.5625,22
22/01/2025,ISHI.TA,11311.387,23
23/01/2025,ISHI.TA,11510.669,24
24/01/2025,ISHI.TA,11713.548,25
25/01/2025,ISHI.TA,10801.378,26
26/01/2025,ISHI.TA,10907.561,27
27/01/2025,ISHI.TA,10952.29,28
28/01/2025,ISHI.TA,11191.462,29
29/01/2025,ISHI.TA,11088.6455,30
31/12/2024,ISRG.TA,192.13115,1
01/01/2025,ISRG.TA,194.49821,2
02/01/2025,ISRG.TA,197.57945,3
03/01/2025,ISRG.TA,202.56677,4
04/01/2025,ISRG.TA,200.14409,5
05/01/2025,ISRG.TA,203.55202,6
06/01/2025,ISRG.TA,205.44666,7
07/01/2025,ISRG.TA,198.06624,8
08/01/2025,ISRG.TA,204.70747,9
09/01/2025,ISRG.TA,209.45381,10
10/01/2025,ISRG.TA,217.73727,11
11/01/2025,ISRG.TA,219.63622,12
12/01/2025,ISRG.TA,224.02625,13
13/01/2025,ISRG.TA,229.84239,14
14/01/2025,ISRG.TA,240.66193,15
15/01/2025,ISRG.TA,239.23195,16
16/01/2025,ISRG.TA,244.63196,17
17/01/2025,ISRG.TA,244.9112,18
18/01/2025,ISRG.TA,248.36134,19
19/01/2025,ISRG.TA,248.8598,20
20/01/2025,ISRG.TA,246.33763,21
21/01/2025,ISRG.TA,251.91844,22
22/01/2025,ISRG.TA,249.65094,23
23/01/2025,ISRG.TA,258.4393,24
24/01/2025,ISRG.TA,252.73888,25
25/01/2025,ISRG.TA,243.5201,26
26/01/2025,ISRG.TA,246.79762,27
27/01/2025,ISRG.TA,244.46147,28
28/01/2025,ISRG.TA,243.392,29
29/01/2025,ISRG.TA,249.27296,30
31/12/2024,ISRA.TA,176.4974,1
01/01/2025,ISRA.TA,178.32771,2
02/01/2025,ISRA.TA,178.9583,3
03/01/2025,ISRA.TA,180.8642,4
04/01/2025,ISRA.TA,182.10277,5
05/01/2025,ISRA.TA,180.36705,6
06/01/2025,ISRA.TA,173.89322,7
07/01/2025,ISRA.TA,174.47392,8
08/01/2025,ISRA.TA,173.00629,9
09/01/2025,ISRA.TA,166.68933,10
10/01/2025,ISRA.TA,167.10446,11
11/01/2025,ISRA.TA,166.90584,12
12/01/2025,ISRA.TA,163.64018,13
13/01/2025,ISRA.TA,163.35446,14
14/01/2025,ISRA.TA,165.11955,15
15/01/2025,ISRA.TA,161.97322,16
16/01/2025,ISRA.TA,166.41045,17
17/01/2025,ISRA.TA,166.60039,18
18/01/2025,ISRA.TA,166.25514,19
19/01/2025,ISRA.TA,167.90755,20
20/01/2025,ISRA.TA,165.01852,21
21/01/2025,ISRA.TA,163.8856,22
22/01/2025,ISRA.TA,166.21033,23
23/01/2025,ISRA.TA,167.66406,24
24/01/2025,ISRA.TA,167.33354,25
25/01/2025,ISRA.TA,168.7453,26
26/01/2025,ISRA.TA,171.01205,27
27/01/2025,ISRA.TA,173.23918,28
28/01/2025,ISRA.TA,176.55621,29
29/01/2025,ISRA.TA,176.55135,30
31/12/2024,ISRS.TA,85910.39,1
01/01/2025,ISRS.TA,85991.35,2
02/01/2025,ISRS.TA,85032.83,3
03/01/2025,ISRS.TA,87358.16,4
04/01/2025,ISRS.TA,86641.78,5
05/01/2025,ISRS.TA,87496.67,6
06/01/2025,ISRS.TA,88164.75,7
07/01/2025,ISRS.TA,87774.336,8
08/01/2025,ISRS.TA,86651.37,9
09/01/2025,ISRS.TA,86927.38,10
10/01/2025,ISRS.TA,87825.266,11
11/01/2025,ISRS.TA,89468.625,12
12/01/2025,ISRS.TA,89357.3,13
13/01/2025,ISRS.TA,89951.02,14
14/01/2025,ISRS.TA,92748.31,15
15/01/2025,ISRS.TA,92757.89,16
16/01/2025,ISRS.TA,92772.14,17
17/01/2025,ISRS.TA,93383.63,18
18/01/2025,ISRS.TA,92665.086,19
19/01/2025,ISRS.TA,93250.234,20
20/01/2025,ISRS.TA,93106.1,21
21/01/2025,ISRS.TA,93436.85,22
22/01/2025,ISRS.TA,92754.92,23
23/01/2025,ISRS.TA,96842.445,24
24/01/2025,ISRS.TA,95415.3,25
25/01/2025,ISRS.TA,94889.76,26
26/01/2025,ISRS.TA,96385.17,27
27/01/2025,ISRS.TA,96250.13,28
28/01/2025,ISRS.TA,96056.01,29
29/01/2025,ISRS.TA,94967.53,30
31/12/2024,ISRO.TA,8540.729,1
01/01/2025,ISRO.TA,8538.949,2
02/01/2025,ISRO.TA,8600.478,3
03/01/2025,ISRO.TA,8601.86,4
04/01/2025,ISRO.TA,8623.789,5
05/01/2025,ISRO.TA,8658.26,6
06/01/2025,ISRO.TA,8569.477,7
07/01/2025,ISRO.TA,8734.501,8
08/01/2025,ISRO.TA,8730.96,9
09/01/2025,ISRO.TA,8711.23,10
10/01/2025,ISRO.TA,8813.186,11
11/01/2025,ISRO.TA,8921.115,12
12/01/2025,ISRO.TA,8817.838,13
13/01/2025,ISRO.TA,8811.867,14
14/01/2025,ISRO.TA,8908.936,15
15/01/2025,ISRO.TA,8929.7705,16
16/01/2025,ISRO.TA,9016.208,17
17/01/2025,ISRO.TA,8996.587,18
18/01/2025,ISRO.TA,9231.641,19
19/01/2025,ISRO.TA,9169.718,20
20/01/2025,ISRO.TA,9251.115,21
21/01/2025,ISRO.TA,9309.512,22
22/01/2025,ISRO.TA,9257.479,23
23/01/2025,ISRO.TA,9277.523,24
24/01/2025,ISRO.TA,9377.601,25
25/01/2025,ISRO.TA,9279.57,26
26/01/2025,ISRO.TA,9390.476,27
27/01/2025,ISRO.TA,9279.968,28
28/01/2025,ISRO.TA,9490.325,29
29/01/2025,ISRO.TA,9665.483,30
31/12/2024,ISTA.TA,8978.702,1
01/01/2025,ISTA.TA,8848.681,2
02/01/2025,ISTA.TA,8724.138,3
03/01/2025,ISTA.TA,8618.699,4
04/01/2025,ISTA.TA,8975.331,5
05/01/2025,ISTA.TA,9289.911,6
06/01/2025,ISTA.TA,9527.798,7
07/01/2025,ISTA.TA,9637.249,8
08/01/2025,ISTA.TA,10004.698,9
09/01/2025,ISTA.TA,10200.577,10
10/01/2025,ISTA.TA,10013.3,11
11/01/2025,ISTA.TA,10112.473,12
12/01/2025,ISTA.TA,10016.144,13
13/01/2025,ISTA.TA,10311.063,14
14/01/2025,ISTA.TA,10235.206,15
15/01/2025,ISTA.TA,10699.328,16
16/01/2025,ISTA.TA,11003.752,17
17/01/2025,ISTA.TA,10958.012,18
18/01/2025,ISTA.TA,11148.761,19
19/01/2025,ISTA.TA,11169.231,20
20/01/2025,ISTA.TA,11689.392,21
21/01/2025,ISTA.TA,11737.471,22
22/01/2025,ISTA.TA,12484.422,23
23/01/2025,ISTA.TA,12999.916,24
24/01/2025,ISTA.TA,13189.938,25
25/01/2025,ISTA.TA,13205.186,26
26/01/2025,ISTA.TA,13184.187,27
27/01/2025,ISTA.TA,13286.8,28
28/01/2025,ISTA.TA,13234.315,29
29/01/2025,ISTA.TA,13338.392,30
31/12/2024,JCFN.TA,2115.1396,1
01/01/2025,JCFN.TA,2106.0227,2
02/01/2025,JCFN.TA,2002.6166,3
03/01/2025,JCFN.TA,1968.6763,4
04/01/2025,JCFN.TA,1973.8466,5
05/01/2025,JCFN.TA,2005.9934,6
06/01/2025,JCFN.TA,2097.062,7
07/01/2025,JCFN.TA,2107.2766,8
08/01/2025,JCFN.TA,2087.7449,9
09/01/2025,JCFN.TA,2132.859,10
10/01/2025,JCFN.TA,2155.5986,11
11/01/2025,JCFN.TA,2111.3896,12
12/01/2025,JCFN.TA,2113.707,13
13/01/2025,JCFN.TA,2097.174,14
14/01/2025,JCFN.TA,2108.188,15
15/01/2025,JCFN.TA,2122.5085,16
16/01/2025,JCFN.TA,2154.1597,17
17/01/2025,JCFN.TA,2133.9668,18
18/01/2025,JCFN.TA,2111.453,19
19/01/2025,JCFN.TA,2169.5408,20
20/01/2025,JCFN.TA,2098.2588,21
21/01/2025,JCFN.TA,2072.6125,22
22/01/2025,JCFN.TA,2102.571,23
23/01/2025,JCFN.TA,2110.547,24
24/01/2025,JCFN.TA,2092.601,25
25/01/2025,JCFN.TA,2117.4,26
26/01/2025,JCFN.TA,2129.782,27
27/01/2025,JCFN.TA,2050.214,28
28/01/2025,JCFN.TA,2021.4192,29
29/01/2025,JCFN.TA,2087.3481,30
31/12/2024,JBNK.TA,1624.653,1
01/01/2025,JBNK.TA,1679.5267,2
02/01/2025,JBNK.TA,1719.4796,3
03/01/2025,JBNK.TA,1744.5121,4
04/01/2025,JBNK.TA,1741.1212,5
05/01/2025,JBNK.TA,1752.2167,6
06/01/2025,JBNK.TA,1786.5763,7
07/01/2025,JBNK.TA,1801.3967,8
08/01/2025,JBNK.TA,1825.1628,9
09/01/2025,JBNK.TA,1826.6598,10
10/01/2025,JBNK.TA,1804.5162,11
11/01/2025,JBNK.TA,1780.5996,12
12/01/2025,JBNK.TA,1798.9182,13
13/01/2025,JBNK.TA,1812.713,14
14/01/2025,JBNK.TA,1816.1613,15
15/01/2025,JBNK.TA,1843.1323,16
16/01/2025,JBNK.TA,1823.0786,17
17/01/2025,JBNK.TA,1851.9819,18
18/01/2025,JBNK.TA,1794.8752,19
19/01/2025,JBNK.TA,1818.7329,20
20/01/2025,JBNK.TA,1870.531,21
21/01/2025,JBNK.TA,1850.3008,22
22/01/2025,JBNK.TA,1857.875,23
23/01/2025,JBNK.TA,1881.8796,24
24/01/2025,JBNK.TA,1928.1661,25
25/01/2025,JBNK.TA,1972.1418,26
26/01/2025,JBNK.TA,1952.1726,27
27/01/2025,JBNK.TA,1977.4272,28
28/01/2025,JBNK.TA,2009.3234,29
29/01/2025,JBNK.TA,1974.4714,30
31/12/2024,JNGO.TA,282.14706,1
01/01/2025,JNGO.TA,334.9454,2
02/01/2025,JNGO.TA,341.53104,3
03/01/2025,JNGO.TA,282.81204,4
04/01/2025,JNGO.TA,361.97327,5
05/01/2025,JNGO.TA,308.08234,6
06/01/2025,JNGO.TA,346.56708,7
07/01/2025,JNGO.TA,422.29214,8
08/01/2025,JNGO.TA,330.01993,9
09/01/2025,JNGO.TA,328.06854,10
10/01/2025,JNGO.TA,198.76826,11
11/01/2025,JNGO.TA,172.20967,12
12/01/2025,JNGO.TA,213.1244,13
13/01/2025,JNGO.TA,124.50342,14
14/01/2025,JNGO.TA,100.0751,15
15/01/2025,JNGO.TA,99.83957,16
16/01/2025,JNGO.TA,130.82245,17
17/01/2025,JNGO.TA,182.8914,18
18/01/2025,JNGO.TA,197.58469,19
19/01/2025,JNGO.TA,207.3978,20
20/01/2025,JNGO.TA,225.61047,21
21/01/2025,JNGO.TA,170.43979,22
22/01/2025,JNGO.TA,179.25551,23
23/01/2025,JNGO.TA,105.49938,24
24/01/2025,JNGO.TA,146.01367,25
25/01/2025,JNGO.TA,135.2929,26
26/01/2025,JNGO.TA,138.37091,27
27/01/2025,JNGO.TA,149.27574,28
28/01/2025,JNGO.TA,138.12814,29
29/01/2025,JNGO.TA,139.74805,30
31/12/2024,KDST.TA,1300.3378,1
01/01/2025,KDST.TA,1389.3358,2
02/01/2025,KDST.TA,1255.5007,3
03/01/2025,KDST.TA,1098.1315,4
04/01/2025,KDST.TA,672.0315,5
05/01/2025,KDST.TA,673.8206,6
06/01/2025,KDST.TA,593.75104,7
07/01/2025,KDST.TA,595.05164,8
08/01/2025,KDST.TA,612.1188,9
09/01/2025,KDST.TA,577.8677,10
10/01/2025,KDST.TA,643.09564,11
11/01/2025,KDST.TA,633.0797,12
12/01/2025,KDST.TA,654.9053,13
13/01/2025,KDST.TA,684.0261,14
14/01/2025,KDST.TA,555.1985,15
15/01/2025,KDST.TA,411.35928,16
16/01/2025,KDST.TA,427.79163,17
17/01/2025,KDST.TA,388.5227,18
18/01/2025,KDST.TA,422.81796,19
19/01/2025,KDST.TA,338.30182,20
20/01/2025,KDST.TA,269.77557,21
21/01/2025,KDST.TA,263.6254,22
22/01/2025,KDST.TA,238.75302,23
23/01/2025,KDST.TA,238.38368,24
24/01/2025,KDST.TA,236.65105,25
25/01/2025,KDST.TA,215.38562,26
26/01/2025,KDST.TA,235.5686,27
27/01/2025,KDST.TA,233.94926,28
28/01/2025,KDST.TA,223.50723,29
29/01/2025,KDST.TA,207.30737,30
31/12/2024,KAFR.TA,2935.4463,1
01/01/2025,KAFR.TA,3013.8887,2
02/01/2025,KAFR.TA,3106.9158,3
03/01/2025,KAFR.TA,3039.674,4
04/01/2025,KAFR.TA,3013.6428,5
05/01/2025,KAFR.TA,3078.3396,6
06/01/2025,KAFR.TA,3048.9436,7
07/01/2025,KAFR.TA,3087.5454,8
08/01/2025,KAFR.TA,3047.8477,9
09/01/2025,KAFR.TA,2951.257,10
10/01/2025,KAFR.TA,3016.1511,11
11/01/2025,KAFR.TA,3016.1138,12
12/01/2025,KAFR.TA,3092.487,13
13/01/2025,KAFR.TA,3067.408,14
14/01/2025,KAFR.TA,3165.087,15
15/01/2025,KAFR.TA,3039.5022,16
16/01/2025,KAFR.TA,3111.8508,17
17/01/2025,KAFR.TA,3115.1472,18
18/01/2025,KAFR.TA,3214.7798,19
19/01/2025,KAFR.TA,3255,20
20/01/2025,KAFR.TA,3301.9604,21
21/01/2025,KAFR.TA,3331.0132,22
22/01/2025,KAFR.TA,3284.983,23
23/01/2025,KAFR.TA,3301.4717,24
24/01/2025,KAFR.TA,3365.7063,25
25/01/2025,KAFR.TA,3390.1702,26
26/01/2025,KAFR.TA,3338.7964,27
27/01/2025,KAFR.TA,3367.1824,28
28/01/2025,KAFR.TA,3305.932,29
29/01/2025,KAFR.TA,3312.4258,30
31/12/2024,KMDA.TA,2207.97,1
01/01/2025,KMDA.TA,2205.7112,2
02/01/2025,KMDA.TA,2211.305,3
03/01/2025,KMDA.TA,2268.5576,4
04/01/2025,KMDA.TA,2274.8809,5
05/01/2025,KMDA.TA,2285.6382,6
06/01/2025,KMDA.TA,2328.4644,7
07/01/2025,KMDA.TA,2317.2808,8
08/01/2025,KMDA.TA,2323.124,9
09/01/2025,KMDA.TA,2326.3496,10
10/01/2025,KMDA.TA,2371.0312,11
11/01/2025,KMDA.TA,2363.885,12
12/01/2025,KMDA.TA,2336.911,13
13/01/2025,KMDA.TA,2324.0942,14
14/01/2025,KMDA.TA,2261.8123,15
15/01/2025,KMDA.TA,2258.5767,16
16/01/2025,KMDA.TA,2227.53,17
17/01/2025,KMDA.TA,2242.9346,18
18/01/2025,KMDA.TA,2239.7424,19
19/01/2025,KMDA.TA,2259.226,20
20/01/2025,KMDA.TA,2194.498,21
21/01/2025,KMDA.TA,2171.6194,22
22/01/2025,KMDA.TA,2163.0242,23
23/01/2025,KMDA.TA,2122.477,24
24/01/2025,KMDA.TA,2102.2139,25
25/01/2025,KMDA.TA,2120.1978,26
26/01/2025,KMDA.TA,2140.9734,27
27/01/2025,KMDA.TA,2154.4553,28
28/01/2025,KMDA.TA,2213.7188,29
29/01/2025,KMDA.TA,2204.0173,30
31/12/2024,KRDI.TA,295.41864,1
01/01/2025,KRDI.TA,288.8069,2
02/01/2025,KRDI.TA,289.45895,3
03/01/2025,KRDI.TA,286.33508,4
04/01/2025,KRDI.TA,286.09406,5
05/01/2025,KRDI.TA,290.33636,6
06/01/2025,KRDI.TA,295.77652,7
07/01/2025,KRDI.TA,300.1448,8
08/01/2025,KRDI.TA,304.38193,9
09/01/2025,KRDI.TA,310.44867,10
10/01/2025,KRDI.TA,307.08585,11
11/01/2025,KRDI.TA,309.6557,12
12/01/2025,KRDI.TA,308.96515,13
13/01/2025,KRDI.TA,312.1109,14
14/01/2025,KRDI.TA,307.38022,15
15/01/2025,KRDI.TA,311.60165,16
16/01/2025,KRDI.TA,311.3123,17
17/01/2025,KRDI.TA,313.78464,18
18/01/2025,KRDI.TA,317.90536,19
19/01/2025,KRDI.TA,314.2501,20
20/01/2025,KRDI.TA,314.03006,21
21/01/2025,KRDI.TA,312.2823,22
22/01/2025,KRDI.TA,309.05173,23
23/01/2025,KRDI.TA,311.4975,24
24/01/2025,KRDI.TA,318.0774,25
25/01/2025,KRDI.TA,322.10486,26
26/01/2025,KRDI.TA,321.54688,27
27/01/2025,KRDI.TA,330.069,28
28/01/2025,KRDI.TA,334.31592,29
29/01/2025,KRDI.TA,336.78397,30
31/12/2024,KARE.TA,540.29083,1
01/01/2025,KARE.TA,542.5822,2
02/01/2025,KARE.TA,545.06854,3
03/01/2025,KARE.TA,536.1526,4
04/01/2025,KARE.TA,545.1047,5
05/01/2025,KARE.TA,534.29205,6
06/01/2025,KARE.TA,532.82556,7
07/01/2025,KARE.TA,540.8375,8
08/01/2025,KARE.TA,548.7195,9
09/01/2025,KARE.TA,548.84393,10
10/01/2025,KARE.TA,560.6823,11
11/01/2025,KARE.TA,552.27325,12
12/01/2025,KARE.TA,543.4363,13
13/01/2025,KARE.TA,545.04205,14
14/01/2025,KARE.TA,531.5826,15
15/01/2025,KARE.TA,542.1161,16
16/01/2025,KARE.TA,538.47656,17
17/01/2025,KARE.TA,554.1267,18
18/01/2025,KARE.TA,541.38574,19
19/01/2025,KARE.TA,539.78876,20
20/01/2025,KARE.TA,538.89856,21
21/01/2025,KARE.TA,536.9066,22
22/01/2025,KARE.TA,553.84827,23
23/01/2025,KARE.TA,564.50995,24
24/01/2025,KARE.TA,570.18445,25
25/01/2025,KARE.TA,573.08734,26
26/01/2025,KARE.TA,571.6669,27
27/01/2025,KARE.TA,581.7907,28
28/01/2025,KARE.TA,581.4038,29
29/01/2025,KARE.TA,593.2576,30
31/12/2024,KEN.TA,11837.277,1
01/01/2025,KEN.TA,11879.087,2
02/01/2025,KEN.TA,11577.683,3
03/01/2025,KEN.TA,11509.942,4
04/01/2025,KEN.TA,11548.779,5
05/01/2025,KEN.TA,11579.737,6
06/01/2025,KEN.TA,11640.601,7
07/01/2025,KEN.TA,11630.708,8
08/01/2025,KEN.TA,11853.884,9
09/01/2025,KEN.TA,11741.329,10
10/01/2025,KEN.TA,11847.892,11
11/01/2025,KEN.TA,11630.678,12
12/01/2025,KEN.TA,11180.265,13
13/01/2025,KEN.TA,11522.172,14
14/01/2025,KEN.TA,11442.891,15
15/01/2025,KEN.TA,11741.541,16
16/01/2025,KEN.TA,12047.103,17
17/01/2025,KEN.TA,12372.404,18
18/01/2025,KEN.TA,12538.424,19
19/01/2025,KEN.TA,12747.814,20
20/01/2025,KEN.TA,12519.326,21
21/01/2025,KEN.TA,12923.143,22
22/01/2025,KEN.TA,12629.45,23
23/01/2025,KEN.TA,12666.917,24
24/01/2025,KEN.TA,12409.141,25
25/01/2025,KEN.TA,12404.261,26
26/01/2025,KEN.TA,12423.106,27
27/01/2025,KEN.TA,12587.178,28
28/01/2025,KEN.TA,12521.423,29
29/01/2025,KEN.TA,12279.858,30
31/12/2024,KRUR.TA,7494.695,1
01/01/2025,KRUR.TA,7355.121,2
02/01/2025,KRUR.TA,7386.8193,3
03/01/2025,KRUR.TA,7432.3926,4
04/01/2025,KRUR.TA,7508.8994,5
05/01/2025,KRUR.TA,7415.834,6
06/01/2025,KRUR.TA,7365.5464,7
07/01/2025,KRUR.TA,7267.853,8
08/01/2025,KRUR.TA,7368.5654,9
09/01/2025,KRUR.TA,7387.081,10
10/01/2025,KRUR.TA,7355.3296,11
11/01/2025,KRUR.TA,7381.621,12
12/01/2025,KRUR.TA,7410.6167,13
13/01/2025,KRUR.TA,7303.704,14
14/01/2025,KRUR.TA,7232.1357,15
15/01/2025,KRUR.TA,7226.9053,16
16/01/2025,KRUR.TA,7166.7344,17
17/01/2025,KRUR.TA,7181.9365,18
18/01/2025,KRUR.TA,7309.4634,19
19/01/2025,KRUR.TA,7199.0044,20
20/01/2025,KRUR.TA,7142.044,21
21/01/2025,KRUR.TA,7172.1836,22
22/01/2025,KRUR.TA,7241.536,23
23/01/2025,KRUR.TA,7378.192,24
24/01/2025,KRUR.TA,7412.643,25
25/01/2025,KRUR.TA,7449.003,26
26/01/2025,KRUR.TA,7499.3833,27
27/01/2025,KRUR.TA,7497.7734,28
28/01/2025,KRUR.TA,7511.159,29
29/01/2025,KRUR.TA,7443.0356,30
31/12/2024,KSTN.TA,590.4026,1
01/01/2025,KSTN.TA,593.3204,2
02/01/2025,KSTN.TA,595.7678,3
03/01/2025,KSTN.TA,598.4893,4
04/01/2025,KSTN.TA,607.06995,5
05/01/2025,KSTN.TA,625.47314,6
06/01/2025,KSTN.TA,621.2872,7
07/01/2025,KSTN.TA,613.26904,8
08/01/2025,KSTN.TA,618.8312,9
09/01/2025,KSTN.TA,626.693,10
10/01/2025,KSTN.TA,621.85333,11
11/01/2025,KSTN.TA,633.4759,12
12/01/2025,KSTN.TA,631.23004,13
13/01/2025,KSTN.TA,638.8544,14
14/01/2025,KSTN.TA,643.4573,15
15/01/2025,KSTN.TA,651.441,16
16/01/2025,KSTN.TA,667.30585,17
17/01/2025,KSTN.TA,665.977,18
18/01/2025,KSTN.TA,660.00665,19
19/01/2025,KSTN.TA,658.46136,20
20/01/2025,KSTN.TA,671.53143,21
21/01/2025,KSTN.TA,666.3912,22
22/01/2025,KSTN.TA,668.827,23
23/01/2025,KSTN.TA,662.56116,24
24/01/2025,KSTN.TA,658.39966,25
25/01/2025,KSTN.TA,652.9852,26
26/01/2025,KSTN.TA,652.1611,27
27/01/2025,KSTN.TA,657.09174,28
28/01/2025,KSTN.TA,657.0542,29
29/01/2025,KSTN.TA,643.616,30
31/12/2024,KLIL.TA,24256.37,1
01/01/2025,KLIL.TA,24040.023,2
02/01/2025,KLIL.TA,24359.846,3
03/01/2025,KLIL.TA,23687.06,4
04/01/2025,KLIL.TA,23474.484,5
05/01/2025,KLIL.TA,23035.844,6
06/01/2025,KLIL.TA,22444.81,7
07/01/2025,KLIL.TA,23011.37,8
08/01/2025,KLIL.TA,22597.506,9
09/01/2025,KLIL.TA,21713.102,10
10/01/2025,KLIL.TA,21692.1,11
11/01/2025,KLIL.TA,21798.256,12
12/01/2025,KLIL.TA,21534.479,13
13/01/2025,KLIL.TA,21581.488,14
14/01/2025,KLIL.TA,22157.994,15
15/01/2025,KLIL.TA,22438.666,16
16/01/2025,KLIL.TA,22083.514,17
17/01/2025,KLIL.TA,21953.262,18
18/01/2025,KLIL.TA,22531.73,19
19/01/2025,KLIL.TA,22972.443,20
20/01/2025,KLIL.TA,23120.87,21
21/01/2025,KLIL.TA,23853.35,22
22/01/2025,KLIL.TA,23967.793,23
23/01/2025,KLIL.TA,24907.135,24
24/01/2025,KLIL.TA,24796.55,25
25/01/2025,KLIL.TA,25038.004,26
26/01/2025,KLIL.TA,24978.895,27
27/01/2025,KLIL.TA,24197.527,28
28/01/2025,KLIL.TA,24104.033,29
29/01/2025,KLIL.TA,24190.055,30
31/12/2024,KNFM.TA,1491.2526,1
01/01/2025,KNFM.TA,1492.7244,2
02/01/2025,KNFM.TA,1475.483,3
03/01/2025,KNFM.TA,1498.6384,4
04/01/2025,KNFM.TA,1507.9578,5
05/01/2025,KNFM.TA,1532.4939,6
06/01/2025,KNFM.TA,1543.4237,7
07/01/2025,KNFM.TA,1560.1731,8
08/01/2025,KNFM.TA,1556.9965,9
09/01/2025,KNFM.TA,1586.7457,10
10/01/2025,KNFM.TA,1639.7891,11
11/01/2025,KNFM.TA,1586.7184,12
12/01/2025,KNFM.TA,1555.6561,13
13/01/2025,KNFM.TA,1560.2239,14
14/01/2025,KNFM.TA,1595.0938,15
15/01/2025,KNFM.TA,1598.7262,16
16/01/2025,KNFM.TA,1580.1741,17
17/01/2025,KNFM.TA,1588.427,18
18/01/2025,KNFM.TA,1619.9369,19
19/01/2025,KNFM.TA,1639.132,20
20/01/2025,KNFM.TA,1630.978,21
21/01/2025,KNFM.TA,1640.0865,22
22/01/2025,KNFM.TA,1640.9938,23
23/01/2025,KNFM.TA,1661.9463,24
24/01/2025,KNFM.TA,1665.3665,25
25/01/2025,KNFM.TA,1681.0807,26
26/01/2025,KNFM.TA,1694.1757,27
27/01/2025,KNFM.TA,1663.1624,28
28/01/2025,KNFM.TA,1682.7212,29
29/01/2025,KNFM.TA,1731.1254,30
31/12/2024,LHIS.TA,2073.6145,1
01/01/2025,LHIS.TA,1675.9802,2
02/01/2025,LHIS.TA,1811.9729,3
03/01/2025,LHIS.TA,1696.2407,4
04/01/2025,LHIS.TA,1447.3506,5
05/01/2025,LHIS.TA,1370.9058,6
06/01/2025,LHIS.TA,1358.3568,7
07/01/2025,LHIS.TA,1338.8351,8
08/01/2025,LHIS.TA,1575.5328,9
09/01/2025,LHIS.TA,1525.7809,10
10/01/2025,LHIS.TA,1472.5973,11
11/01/2025,LHIS.TA,1475.5088,12
12/01/2025,LHIS.TA,1451.3986,13
13/01/2025,LHIS.TA,1513.5481,14
14/01/2025,LHIS.TA,1422.3601,15
15/01/2025,LHIS.TA,1713.7455,16
16/01/2025,LHIS.TA,1733.522,17
17/01/2025,LHIS.TA,1827.143,18
18/01/2025,LHIS.TA,1961.276,19
19/01/2025,LHIS.TA,1812.9023,20
20/01/2025,LHIS.TA,1724.8168,21
21/01/2025,LHIS.TA,1669.584,22
22/01/2025,LHIS.TA,1610.6669,23
23/01/2025,LHIS.TA,1669.6632,24
24/01/2025,LHIS.TA,1670.7609,25
25/01/2025,LHIS.TA,1563.8369,26
26/01/2025,LHIS.TA,1513.3951,27
27/01/2025,LHIS.TA,1356.828,28
28/01/2025,LHIS.TA,1517.8453,29
29/01/2025,LHIS.TA,1569.0222,30
31/12/2024,LAHAV.TA,503.97388,1
01/01/2025,LAHAV.TA,506.5825,2
02/01/2025,LAHAV.TA,509.59042,3
03/01/2025,LAHAV.TA,503.1247,4
04/01/2025,LAHAV.TA,490.521,5
05/01/2025,LAHAV.TA,485.95474,6
06/01/2025,LAHAV.TA,481.3587,7
07/01/2025,LAHAV.TA,480.28928,8
08/01/2025,LAHAV.TA,496.50238,9
09/01/2025,LAHAV.TA,493.97437,10
10/01/2025,LAHAV.TA,495.79666,11
11/01/2025,LAHAV.TA,516.065,12
12/01/2025,LAHAV.TA,509.77304,13
13/01/2025,LAHAV.TA,485.3466,14
14/01/2025,LAHAV.TA,484.104,15
15/01/2025,LAHAV.TA,477.03394,16
16/01/2025,LAHAV.TA,477.05936,17
17/01/2025,LAHAV.TA,475.59277,18
18/01/2025,LAHAV.TA,485.33893,19
19/01/2025,LAHAV.TA,492.3985,20
20/01/2025,LAHAV.TA,488.3201,21
21/01/2025,LAHAV.TA,485.50735,22
22/01/2025,LAHAV.TA,502.29092,23
23/01/2025,LAHAV.TA,518.34515,24
24/01/2025,LAHAV.TA,515.8089,25
25/01/2025,LAHAV.TA,509.765,26
26/01/2025,LAHAV.TA,522.7357,27
27/01/2025,LAHAV.TA,524.84296,28
28/01/2025,LAHAV.TA,520.94385,29
29/01/2025,LAHAV.TA,534.09503,30
30/12/2024,LPHL.TA,104.52026,1
31/12/2024,LPHL.TA,102.34896,2
01/01/2025,LPHL.TA,102.3104,3
02/01/2025,LPHL.TA,102.558624,4
03/01/2025,LPHL.TA,102.5018,5
04/01/2025,LPHL.TA,104.31441,6
05/01/2025,LPHL.TA,104.66902,7
06/01/2025,LPHL.TA,103.968834,8
07/01/2025,LPHL.TA,103.42352,9
08/01/2025,LPHL.TA,103.24683,10
09/01/2025,LPHL.TA,103.14691,11
10/01/2025,LPHL.TA,101.93464,12
11/01/2025,LPHL.TA,100.067825,13
12/01/2025,LPHL.TA,99.557785,14
13/01/2025,LPHL.TA,98.37623,15
14/01/2025,LPHL.TA,99.49225,16
15/01/2025,LPHL.TA,98.48216,17
16/01/2025,LPHL.TA,99.1278,18
17/01/2025,LPHL.TA,98.19206,19
18/01/2025,LPHL.TA,98.23364,20
19/01/2025,LPHL.TA,99.08349,21
20/01/2025,LPHL.TA,99.43994,22
21/01/2025,LPHL.TA,98.737015,23
22/01/2025,LPHL.TA,98.104225,24
23/01/2025,LPHL.TA,98.23404,25
24/01/2025,LPHL.TA,99.15134,26
25/01/2025,LPHL.TA,99.55396,27
26/01/2025,LPHL.TA,100.99724,28
27/01/2025,LPHL.TA,100.210915,29
28/01/2025,LPHL.TA,99.07835,30
31/12/2024,LSCO.TA,397.93158,1
01/01/2025,LSCO.TA,378.967,2
02/01/2025,LSCO.TA,388.7439,3
03/01/2025,LSCO.TA,382.0446,4
04/01/2025,LSCO.TA,367.0339,5
05/01/2025,LSCO.TA,357.92322,6
06/01/2025,LSCO.TA,354.94257,7
07/01/2025,LSCO.TA,344.04147,8
08/01/2025,LSCO.TA,341.0297,9
09/01/2025,LSCO.TA,350.1915,10
10/01/2025,LSCO.TA,358.01187,11
11/01/2025,LSCO.TA,349.75986,12
12/01/2025,LSCO.TA,363.30502,13
13/01/2025,LSCO.TA,360.11673,14
14/01/2025,LSCO.TA,366.26132,15
15/01/2025,LSCO.TA,378.62,16
16/01/2025,LSCO.TA,371.68332,17
17/01/2025,LSCO.TA,361.01596,18
18/01/2025,LSCO.TA,375.10226,19
19/01/2025,LSCO.TA,387.39938,20
20/01/2025,LSCO.TA,398.24283,21
21/01/2025,LSCO.TA,399.79715,22
22/01/2025,LSCO.TA,407.232,23
23/01/2025,LSCO.TA,418.26288,24
24/01/2025,LSCO.TA,416.41287,25
25/01/2025,LSCO.TA,443.4726,26
26/01/2025,LSCO.TA,480.77405,27
27/01/2025,LSCO.TA,469.10556,28
28/01/2025,LSCO.TA,445.69482,29
29/01/2025,LSCO.TA,468.68396,30
31/12/2024,LUMI.TA,3970.4421,1
01/01/2025,LUMI.TA,4027.6265,2
02/01/2025,LUMI.TA,4001.2727,3
03/01/2025,LUMI.TA,4004.0908,4
04/01/2025,LUMI.TA,3974.9429,5
05/01/2025,LUMI.TA,3981.1836,6
06/01/2025,LUMI.TA,4032.4995,7
07/01/2025,LUMI.TA,4066.656,8
08/01/2025,LUMI.TA,4113.2603,9
09/01/2025,LUMI.TA,4246.8706,10
10/01/2025,LUMI.TA,4325.176,11
11/01/2025,LUMI.TA,4384.492,12
12/01/2025,LUMI.TA,4478.7983,13
13/01/2025,LUMI.TA,4510.7705,14
14/01/2025,LUMI.TA,4481.532,15
15/01/2025,LUMI.TA,4455.9277,16
16/01/2025,LUMI.TA,4538.4717,17
17/01/2025,LUMI.TA,4515.481,18
18/01/2025,LUMI.TA,4566.3765,19
19/01/2025,LUMI.TA,4513.4707,20
20/01/2025,LUMI.TA,4505.1084,21
21/01/2025,LUMI.TA,4614.009,22
22/01/2025,LUMI.TA,4597.058,23
23/01/2025,LUMI.TA,4591.522,24
24/01/2025,LUMI.TA,4620.7676,25
25/01/2025,LUMI.TA,4673.9653,26
26/01/2025,LUMI.TA,4623.1787,27
27/01/2025,LUMI.TA,4651.688,28
28/01/2025,LUMI.TA,4621.0015,29
29/01/2025,LUMI.TA,4642.9272,30
31/12/2024,LEOF.TA,271.04178,1
01/01/2025,LEOF.TA,268.50446,2
02/01/2025,LEOF.TA,264.3534,3
03/01/2025,LEOF.TA,275.16992,4
04/01/2025,LEOF.TA,275.83224,5
05/01/2025,LEOF.TA,269.00995,6
06/01/2025,LEOF.TA,280.3608,7
07/01/2025,LEOF.TA,263.72742,8
08/01/2025,LEOF.TA,261.3217,9
09/01/2025,LEOF.TA,256.92102,10
10/01/2025,LEOF.TA,259.47327,11
11/01/2025,LEOF.TA,274.18268,12
12/01/2025,LEOF.TA,268.9364,13
13/01/2025,LEOF.TA,274.2104,14
14/01/2025,LEOF.TA,280.99463,15
15/01/2025,LEOF.TA,273.7795,16
16/01/2025,LEOF.TA,273.98773,17
17/01/2025,LEOF.TA,285.62076,18
18/01/2025,LEOF.TA,282.37265,19
19/01/2025,LEOF.TA,282.8268,20
20/01/2025,LEOF.TA,285.80878,21
21/01/2025,LEOF.TA,270.5006,22
22/01/2025,LEOF.TA,269.2472,23
23/01/2025,LEOF.TA,268.6779,24
24/01/2025,LEOF.TA,280.96576,25
25/01/2025,LEOF.TA,277.4014,26
26/01/2025,LEOF.TA,272.06467,27
27/01/2025,LEOF.TA,266.9582,28
28/01/2025,LEOF.TA,258.69278,29
29/01/2025,LEOF.TA,266.35416,30
31/12/2024,LEVI.TA,39862.062,1
01/01/2025,LEVI.TA,39320.01,2
02/01/2025,LEVI.TA,39110.016,3
03/01/2025,LEVI.TA,38667.43,4
04/01/2025,LEVI.TA,38561.59,5
05/01/2025,LEVI.TA,38911.9,6
06/01/2025,LEVI.TA,38955.13,7
07/01/2025,LEVI.TA,39119.79,8
08/01/2025,LEVI.TA,39988.637,9
09/01/2025,LEVI.TA,40313.68,10
10/01/2025,LEVI.TA,39968.97,11
11/01/2025,LEVI.TA,40819.17,12
12/01/2025,LEVI.TA,41029.39,13
13/01/2025,LEVI.TA,40971,14
14/01/2025,LEVI.TA,42371.164,15
15/01/2025,LEVI.TA,42159.176,16
16/01/2025,LEVI.TA,41575.406,17
17/01/2025,LEVI.TA,41396.207,18
18/01/2025,LEVI.TA,41881.2,19
19/01/2025,LEVI.TA,42751.02,20
20/01/2025,LEVI.TA,43327.2,21
21/01/2025,LEVI.TA,42898.695,22
22/01/2025,LEVI.TA,43709.957,23
23/01/2025,LEVI.TA,44386.77,24
24/01/2025,LEVI.TA,46800.746,25
25/01/2025,LEVI.TA,47605.77,26
26/01/2025,LEVI.TA,48178.645,27
27/01/2025,LEVI.TA,48836.016,28
28/01/2025,LEVI.TA,49714.457,29
29/01/2025,LEVI.TA,50757.66,30
31/12/2024,LBRA.TA,865.63544,1
01/01/2025,LBRA.TA,879.3572,2
02/01/2025,LBRA.TA,888.00745,3
03/01/2025,LBRA.TA,882.8285,4
04/01/2025,LBRA.TA,865.0563,5
05/01/2025,LBRA.TA,884.9014,6
06/01/2025,LBRA.TA,896.0657,7
07/01/2025,LBRA.TA,916.4816,8
08/01/2025,LBRA.TA,933.6006,9
09/01/2025,LBRA.TA,947.18054,10
10/01/2025,LBRA.TA,923.09973,11
11/01/2025,LBRA.TA,923.1765,12
12/01/2025,LBRA.TA,927.0252,13
13/01/2025,LBRA.TA,927.95447,14
14/01/2025,LBRA.TA,948.5341,15
15/01/2025,LBRA.TA,974.317,16
16/01/2025,LBRA.TA,1011.1903,17
17/01/2025,LBRA.TA,994.8063,18
18/01/2025,LBRA.TA,992.232,19
19/01/2025,LBRA.TA,1014.7071,20
20/01/2025,LBRA.TA,994.0285,21
21/01/2025,LBRA.TA,1027.963,22
22/01/2025,LBRA.TA,983.59485,23
23/01/2025,LBRA.TA,1016.5021,24
24/01/2025,LBRA.TA,1029.2262,25
25/01/2025,LBRA.TA,996.8512,26
26/01/2025,LBRA.TA,1022.7672,27
27/01/2025,LBRA.TA,1027.762,28
28/01/2025,LBRA.TA,1021.1397,29
29/01/2025,LBRA.TA,1033.8518,30
31/12/2024,LCTX.TA,184.28322,1
01/01/2025,LCTX.TA,198.84346,2
02/01/2025,LCTX.TA,219.94016,3
03/01/2025,LCTX.TA,223.12158,4
04/01/2025,LCTX.TA,231.68523,5
05/01/2025,LCTX.TA,218.23524,6
06/01/2025,LCTX.TA,219.00867,7
07/01/2025,LCTX.TA,231.73225,8
08/01/2025,LCTX.TA,244.20071,9
09/01/2025,LCTX.TA,235.25029,10
10/01/2025,LCTX.TA,244.32402,11
11/01/2025,LCTX.TA,237.00066,12
12/01/2025,LCTX.TA,227.58907,13
13/01/2025,LCTX.TA,213.79082,14
14/01/2025,LCTX.TA,199.43922,15
15/01/2025,LCTX.TA,173.30998,16
16/01/2025,LCTX.TA,181.18146,17
17/01/2025,LCTX.TA,181.5784,18
18/01/2025,LCTX.TA,179.73463,19
19/01/2025,LCTX.TA,197.06227,20
20/01/2025,LCTX.TA,180.11467,21
21/01/2025,LCTX.TA,188.5201,22
22/01/2025,LCTX.TA,196.74055,23
23/01/2025,LCTX.TA,201.99414,24
24/01/2025,LCTX.TA,204.87381,25
25/01/2025,LCTX.TA,218.79291,26
26/01/2025,LCTX.TA,192.81055,27
27/01/2025,LCTX.TA,202.96992,28
28/01/2025,LCTX.TA,201.11028,29
29/01/2025,LCTX.TA,227.59602,30
31/12/2024,LPSN.TA,211.33441,1
01/01/2025,LPSN.TA,812.046,2
02/01/2025,LPSN.TA,1644.9995,3
03/01/2025,LPSN.TA,699.41675,4
04/01/2025,LPSN.TA,886.72394,5
05/01/2025,LPSN.TA,3639.0103,6
06/01/2025,LPSN.TA,1770.5704,7
07/01/2025,LPSN.TA,7258.0527,8
08/01/2025,LPSN.TA,367.538,9
09/01/2025,LPSN.TA,234.39526,10
10/01/2025,LPSN.TA,70.39849,11
11/01/2025,LPSN.TA,602.4827,12
12/01/2025,LPSN.TA,3213.032,13
13/01/2025,LPSN.TA,12236.354,14
14/01/2025,LPSN.TA,58995.277,15
15/01/2025,LPSN.TA,350751.56,16
16/01/2025,LPSN.TA,478642.16,17
17/01/2025,LPSN.TA,1300964.5,18
18/01/2025,LPSN.TA,4323067.5,19
19/01/2025,LPSN.TA,10020572,20
20/01/2025,LPSN.TA,15702962,21
21/01/2025,LPSN.TA,-51121320,22
22/01/2025,LPSN.TA,2.21E+08,23
23/01/2025,LPSN.TA,-77560080,24
24/01/2025,LPSN.TA,1.50E+08,25
25/01/2025,LPSN.TA,4.50E+08,26
26/01/2025,LPSN.TA,4.62E+08,27
27/01/2025,LPSN.TA,1.62E+09,28
28/01/2025,LPSN.TA,4.29E+09,29
29/01/2025,LPSN.TA,2.13E+10,30
31/12/2024,LODZ.TA,21726.82,1
01/01/2025,LODZ.TA,-66422.98,2
02/01/2025,LODZ.TA,710411.94,3
03/01/2025,LODZ.TA,2679898.2,4
04/01/2025,LODZ.TA,21075680,5
05/01/2025,LODZ.TA,-55802744,6
06/01/2025,LODZ.TA,-51800412,7
07/01/2025,LODZ.TA,5.62E+08,8
08/01/2025,LODZ.TA,3.25E+09,9
09/01/2025,LODZ.TA,4.98E+09,10
10/01/2025,LODZ.TA,3.19E+10,11
11/01/2025,LODZ.TA,2.60E+11,12
12/01/2025,LODZ.TA,1.89E+12,13
13/01/2025,LODZ.TA,1.51E+12,14
14/01/2025,LODZ.TA,-9.13E+12,15
15/01/2025,LODZ.TA,8.96E+12,16
16/01/2025,LODZ.TA,-7.95E+13,17
17/01/2025,LODZ.TA,-7.93E+14,18
18/01/2025,LODZ.TA,1.17E+16,19
19/01/2025,LODZ.TA,3.66E+16,20
20/01/2025,LODZ.TA,-6.69E+16,21
21/01/2025,LODZ.TA,8.23E+17,22
22/01/2025,LODZ.TA,4.93E+18,23
23/01/2025,LODZ.TA,-9.73E+18,24
24/01/2025,LODZ.TA,3.82E+19,25
25/01/2025,LODZ.TA,-1.33E+20,26
26/01/2025,LODZ.TA,1.15E+21,27
27/01/2025,LODZ.TA,1.65E+21,28
28/01/2025,LODZ.TA,1.23E+22,29
29/01/2025,LODZ.TA,-9.03E+22,30
31/12/2024,LUDN.TA,2078.5354,1
01/01/2025,LUDN.TA,2106.241,2
02/01/2025,LUDN.TA,2138.9102,3
03/01/2025,LUDN.TA,2097.4336,4
04/01/2025,LUDN.TA,2156.1829,5
05/01/2025,LUDN.TA,2132.6157,6
06/01/2025,LUDN.TA,2217.1143,7
07/01/2025,LUDN.TA,2193.59,8
08/01/2025,LUDN.TA,2267.9849,9
09/01/2025,LUDN.TA,2316.1775,10
10/01/2025,LUDN.TA,2317.974,11
11/01/2025,LUDN.TA,2417.112,12
12/01/2025,LUDN.TA,2364.036,13
13/01/2025,LUDN.TA,2414.3896,14
14/01/2025,LUDN.TA,2398.3818,15
15/01/2025,LUDN.TA,2480.842,16
16/01/2025,LUDN.TA,2578.2769,17
17/01/2025,LUDN.TA,2552.296,18
18/01/2025,LUDN.TA,2555.8423,19
19/01/2025,LUDN.TA,2546.772,20
20/01/2025,LUDN.TA,2482.993,21
21/01/2025,LUDN.TA,2418.5469,22
22/01/2025,LUDN.TA,2420.4905,23
23/01/2025,LUDN.TA,2455.5466,24
24/01/2025,LUDN.TA,2429.7288,25
25/01/2025,LUDN.TA,2414.99,26
26/01/2025,LUDN.TA,2355.2717,27
27/01/2025,LUDN.TA,2449.794,28
28/01/2025,LUDN.TA,2392.5107,29
29/01/2025,LUDN.TA,2391.5618,30
31/12/2024,LUZN.TA,260.22852,1
01/01/2025,LUZN.TA,256.64514,2
02/01/2025,LUZN.TA,257.5027,3
03/01/2025,LUZN.TA,255.49628,4
04/01/2025,LUZN.TA,258.92953,5
05/01/2025,LUZN.TA,261.44598,6
06/01/2025,LUZN.TA,256.38934,7
07/01/2025,LUZN.TA,252.83032,8
08/01/2025,LUZN.TA,253.47383,9
09/01/2025,LUZN.TA,252.026,10
10/01/2025,LUZN.TA,247.49106,11
11/01/2025,LUZN.TA,248.56816,12
12/01/2025,LUZN.TA,248.26353,13
13/01/2025,LUZN.TA,251.34201,14
14/01/2025,LUZN.TA,254.189,15
15/01/2025,LUZN.TA,254.27994,16
16/01/2025,LUZN.TA,258.857,17
17/01/2025,LUZN.TA,258.91785,18
18/01/2025,LUZN.TA,258.1095,19
19/01/2025,LUZN.TA,260.59955,20
20/01/2025,LUZN.TA,259.19608,21
21/01/2025,LUZN.TA,264.76968,22
22/01/2025,LUZN.TA,267.63892,23
23/01/2025,LUZN.TA,272.73373,24
24/01/2025,LUZN.TA,268.70352,25
25/01/2025,LUZN.TA,270.29932,26
26/01/2025,LUZN.TA,275.43973,27
27/01/2025,LUZN.TA,281.48178,28
28/01/2025,LUZN.TA,284.1149,29
29/01/2025,LUZN.TA,280.17383,30
31/12/2024,LURO.TA,1820.2109,1
01/01/2025,LURO.TA,1820.0438,2
02/01/2025,LURO.TA,1820.9924,3
03/01/2025,LURO.TA,1820.5862,4
04/01/2025,LURO.TA,1821.3157,5
05/01/2025,LURO.TA,1822.2028,6
06/01/2025,LURO.TA,1822.2201,7
07/01/2025,LURO.TA,1822.3154,8
08/01/2025,LURO.TA,1822.5955,9
09/01/2025,LURO.TA,1822.539,10
10/01/2025,LURO.TA,1823.292,11
11/01/2025,LURO.TA,1824.5454,12
12/01/2025,LURO.TA,1825.9048,13
13/01/2025,LURO.TA,1826.0276,14
14/01/2025,LURO.TA,1826.0923,15
15/01/2025,LURO.TA,1825.7823,16
16/01/2025,LURO.TA,1826.3339,17
17/01/2025,LURO.TA,1825.4769,18
18/01/2025,LURO.TA,1825.421,19
19/01/2025,LURO.TA,1827.082,20
20/01/2025,LURO.TA,1829.0482,21
21/01/2025,LURO.TA,1829.9814,22
22/01/2025,LURO.TA,1828.9985,23
23/01/2025,LURO.TA,1830.479,24
24/01/2025,LURO.TA,1830.1353,25
25/01/2025,LURO.TA,1831.5386,26
26/01/2025,LURO.TA,1830.7067,27
27/01/2025,LURO.TA,1831.1346,28
28/01/2025,LURO.TA,1830.8562,29
29/01/2025,LURO.TA,1831.5121,30
31/12/2024,MGIC.TA,4363.347,1
01/01/2025,MGIC.TA,4293.6475,2
02/01/2025,MGIC.TA,4085.1365,3
03/01/2025,MGIC.TA,3939.5586,4
04/01/2025,MGIC.TA,3967.1118,5
05/01/2025,MGIC.TA,4047.4565,6
06/01/2025,MGIC.TA,3823.0596,7
07/01/2025,MGIC.TA,3721.046,8
08/01/2025,MGIC.TA,3771.7651,9
09/01/2025,MGIC.TA,3763.756,10
10/01/2025,MGIC.TA,4052.0344,11
11/01/2025,MGIC.TA,3976.5342,12
12/01/2025,MGIC.TA,3945.1545,13
13/01/2025,MGIC.TA,4016.5752,14
14/01/2025,MGIC.TA,4001.359,15
15/01/2025,MGIC.TA,4065.5916,16
16/01/2025,MGIC.TA,4075.729,17
17/01/2025,MGIC.TA,4035.5396,18
18/01/2025,MGIC.TA,4120.068,19
19/01/2025,MGIC.TA,4207.0684,20
20/01/2025,MGIC.TA,4324.2866,21
21/01/2025,MGIC.TA,4276.1943,22
22/01/2025,MGIC.TA,4315.2827,23
23/01/2025,MGIC.TA,4321.227,24
24/01/2025,MGIC.TA,4205.029,25
25/01/2025,MGIC.TA,4321.7236,26
26/01/2025,MGIC.TA,4427.698,27
27/01/2025,MGIC.TA,4409.9004,28
28/01/2025,MGIC.TA,4420.9946,29
29/01/2025,MGIC.TA,4445.3857,30
31/12/2024,MLTM.TA,8025.9233,1
01/01/2025,MLTM.TA,8086.1113,2
02/01/2025,MLTM.TA,8236.337,3
03/01/2025,MLTM.TA,8229.536,4
04/01/2025,MLTM.TA,8203.33,5
05/01/2025,MLTM.TA,8222.965,6
06/01/2025,MLTM.TA,8185.961,7
07/01/2025,MLTM.TA,8561.89,8
08/01/2025,MLTM.TA,8464.882,9
09/01/2025,MLTM.TA,8681.2,10
10/01/2025,MLTM.TA,8606.034,11
11/01/2025,MLTM.TA,8834.17,12
12/01/2025,MLTM.TA,8816.915,13
13/01/2025,MLTM.TA,8872.551,14
14/01/2025,MLTM.TA,9147.157,15
15/01/2025,MLTM.TA,9295.032,16
16/01/2025,MLTM.TA,9597.738,17
17/01/2025,MLTM.TA,9672.776,18
18/01/2025,MLTM.TA,9667.0205,19
19/01/2025,MLTM.TA,9538.806,20
20/01/2025,MLTM.TA,9697.941,21
21/01/2025,MLTM.TA,9592.022,22
22/01/2025,MLTM.TA,9049.307,23
23/01/2025,MLTM.TA,9208.653,24
24/01/2025,MLTM.TA,9111.812,25
25/01/2025,MLTM.TA,9037.504,26
26/01/2025,MLTM.TA,9304.07,27
27/01/2025,MLTM.TA,9746.408,28
28/01/2025,MLTM.TA,9719.708,29
29/01/2025,MLTM.TA,9836.001,30
31/12/2024,MSLA.TA,1296.788,1
01/01/2025,MSLA.TA,1316.167,2
02/01/2025,MSLA.TA,1311.7118,3
03/01/2025,MSLA.TA,1314.174,4
04/01/2025,MSLA.TA,1310.1327,5
05/01/2025,MSLA.TA,1329.8292,6
06/01/2025,MSLA.TA,1302.86,7
07/01/2025,MSLA.TA,1279.9973,8
08/01/2025,MSLA.TA,1302.7251,9
09/01/2025,MSLA.TA,1365.0049,10
10/01/2025,MSLA.TA,1352.5275,11
11/01/2025,MSLA.TA,1306.8798,12
12/01/2025,MSLA.TA,1303.6592,13
13/01/2025,MSLA.TA,1308.6049,14
14/01/2025,MSLA.TA,1300.9064,15
15/01/2025,MSLA.TA,1285.5454,16
16/01/2025,MSLA.TA,1312.8976,17
17/01/2025,MSLA.TA,1308.6321,18
18/01/2025,MSLA.TA,1307.478,19
19/01/2025,MSLA.TA,1332.7471,20
20/01/2025,MSLA.TA,1327.1082,21
21/01/2025,MSLA.TA,1350.8768,22
22/01/2025,MSLA.TA,1352.0524,23
23/01/2025,MSLA.TA,1341.6688,24
24/01/2025,MSLA.TA,1355.8035,25
25/01/2025,MSLA.TA,1361.9769,26
26/01/2025,MSLA.TA,1365.1526,27
27/01/2025,MSLA.TA,1355.6622,28
28/01/2025,MSLA.TA,1367.6648,29
29/01/2025,MSLA.TA,1348.0814,30
31/12/2024,MSVT.TA,226.12619,1
01/01/2025,MSVT.TA,246.05054,2
02/01/2025,MSVT.TA,176.64433,3
03/01/2025,MSVT.TA,186.59882,4
04/01/2025,MSVT.TA,215.8926,5
05/01/2025,MSVT.TA,214.55168,6
06/01/2025,MSVT.TA,173.69334,7
07/01/2025,MSVT.TA,221.2077,8
08/01/2025,MSVT.TA,140.84804,9
09/01/2025,MSVT.TA,147.54608,10
10/01/2025,MSVT.TA,172.33124,11
11/01/2025,MSVT.TA,184.83984,12
12/01/2025,MSVT.TA,219.27478,13
13/01/2025,MSVT.TA,161.55653,14
14/01/2025,MSVT.TA,196.18764,15
15/01/2025,MSVT.TA,202.04295,16
16/01/2025,MSVT.TA,202.73047,17
17/01/2025,MSVT.TA,227.21065,18
18/01/2025,MSVT.TA,295.47186,19
19/01/2025,MSVT.TA,262.79263,20
20/01/2025,MSVT.TA,207.4612,21
21/01/2025,MSVT.TA,156.82451,22
22/01/2025,MSVT.TA,179.97504,23
23/01/2025,MSVT.TA,194.32863,24
24/01/2025,MSVT.TA,172.99753,25
25/01/2025,MSVT.TA,162.36397,26
26/01/2025,MSVT.TA,213.66565,27
27/01/2025,MSVT.TA,253.90549,28
28/01/2025,MSVT.TA,255.53275,29
29/01/2025,MSVT.TA,230.13625,30
31/12/2024,MTLF.TA,333.6331,1
01/01/2025,MTLF.TA,319.75137,2
02/01/2025,MTLF.TA,333.17212,3
03/01/2025,MTLF.TA,334.38132,4
04/01/2025,MTLF.TA,334.44897,5
05/01/2025,MTLF.TA,337.86487,6
06/01/2025,MTLF.TA,333.327,7
07/01/2025,MTLF.TA,316.20975,8
08/01/2025,MTLF.TA,325.96088,9
09/01/2025,MTLF.TA,322.522,10
10/01/2025,MTLF.TA,311.943,11
11/01/2025,MTLF.TA,301.12885,12
12/01/2025,MTLF.TA,308.93393,13
13/01/2025,MTLF.TA,309.82852,14
14/01/2025,MTLF.TA,299.48508,15
15/01/2025,MTLF.TA,313.86978,16
16/01/2025,MTLF.TA,298.2829,17
17/01/2025,MTLF.TA,305.08878,18
18/01/2025,MTLF.TA,312.2729,19
19/01/2025,MTLF.TA,325.74548,20
20/01/2025,MTLF.TA,326.21732,21
21/01/2025,MTLF.TA,315.01663,22
22/01/2025,MTLF.TA,320.2143,23
23/01/2025,MTLF.TA,323.33792,24
24/01/2025,MTLF.TA,317.4803,25
25/01/2025,MTLF.TA,311.60312,26
26/01/2025,MTLF.TA,313.45953,27
27/01/2025,MTLF.TA,321.7808,28
28/01/2025,MTLF.TA,311.2466,29
29/01/2025,MTLF.TA,311.65988,30
31/12/2024,MTRX.TA,8410.346,1
01/01/2025,MTRX.TA,8289.603,2
02/01/2025,MTRX.TA,8042.1616,3
03/01/2025,MTRX.TA,8097.971,4
04/01/2025,MTRX.TA,8284.616,5
05/01/2025,MTRX.TA,8262.978,6
06/01/2025,MTRX.TA,8270.048,7
07/01/2025,MTRX.TA,8334.378,8
08/01/2025,MTRX.TA,8547.089,9
09/01/2025,MTRX.TA,8551.914,10
10/01/2025,MTRX.TA,8607.536,11
11/01/2025,MTRX.TA,8510.677,12
12/01/2025,MTRX.TA,8653.033,13
13/01/2025,MTRX.TA,8806.487,14
14/01/2025,MTRX.TA,8709.621,15
15/01/2025,MTRX.TA,8739.054,16
16/01/2025,MTRX.TA,8863.733,17
17/01/2025,MTRX.TA,8642.607,18
18/01/2025,MTRX.TA,8651.307,19
19/01/2025,MTRX.TA,8790.922,20
20/01/2025,MTRX.TA,8592.925,21
21/01/2025,MTRX.TA,8384.021,22
22/01/2025,MTRX.TA,8358.293,23
23/01/2025,MTRX.TA,8427.714,24
24/01/2025,MTRX.TA,8665.09,25
25/01/2025,MTRX.TA,8681.166,26
26/01/2025,MTRX.TA,8763.731,27
27/01/2025,MTRX.TA,8784.82,28
28/01/2025,MTRX.TA,8513.285,29
29/01/2025,MTRX.TA,8721.441,30
31/12/2024,MAXO.TA,1163.126,1
01/01/2025,MAXO.TA,1124.1486,2
02/01/2025,MAXO.TA,1152.1138,3
03/01/2025,MAXO.TA,1165.7067,4
04/01/2025,MAXO.TA,1132.1849,5
05/01/2025,MAXO.TA,1140.4315,6
06/01/2025,MAXO.TA,1178.8704,7
07/01/2025,MAXO.TA,1180.4238,8
08/01/2025,MAXO.TA,1164.6012,9
09/01/2025,MAXO.TA,1198.3733,10
10/01/2025,MAXO.TA,1203.3685,11
11/01/2025,MAXO.TA,1219.8934,12
12/01/2025,MAXO.TA,1198.5017,13
13/01/2025,MAXO.TA,1255.9089,14
14/01/2025,MAXO.TA,1271.9763,15
15/01/2025,MAXO.TA,1323.4806,16
16/01/2025,MAXO.TA,1357.8296,17
17/01/2025,MAXO.TA,1398.3931,18
18/01/2025,MAXO.TA,1419.0035,19
19/01/2025,MAXO.TA,1370.5574,20
20/01/2025,MAXO.TA,1336.6744,21
21/01/2025,MAXO.TA,1366.6191,22
22/01/2025,MAXO.TA,1339.5708,23
23/01/2025,MAXO.TA,1321.0854,24
24/01/2025,MAXO.TA,1361.1298,25
25/01/2025,MAXO.TA,1382.993,26
26/01/2025,MAXO.TA,1359.6152,27
27/01/2025,MAXO.TA,1363.8127,28
28/01/2025,MAXO.TA,1366.4543,29
29/01/2025,MAXO.TA,1409.7491,30
31/12/2024,MTRN.TA,1154.9792,1
01/01/2025,MTRN.TA,1065.0846,2
02/01/2025,MTRN.TA,1047.2957,3
03/01/2025,MTRN.TA,1034.8987,4
04/01/2025,MTRN.TA,997.6303,5
05/01/2025,MTRN.TA,1077.2487,6
06/01/2025,MTRN.TA,1023.10004,7
07/01/2025,MTRN.TA,1085.202,8
08/01/2025,MTRN.TA,1057.5061,9
09/01/2025,MTRN.TA,1016.80133,10
10/01/2025,MTRN.TA,975.44556,11
11/01/2025,MTRN.TA,847.2344,12
12/01/2025,MTRN.TA,835.69147,13
13/01/2025,MTRN.TA,827.9969,14
14/01/2025,MTRN.TA,801.4438,15
15/01/2025,MTRN.TA,835.0084,16
16/01/2025,MTRN.TA,856.5151,17
17/01/2025,MTRN.TA,823.5523,18
18/01/2025,MTRN.TA,924.4593,19
19/01/2025,MTRN.TA,944.65826,20
20/01/2025,MTRN.TA,933.31793,21
21/01/2025,MTRN.TA,900.81274,22
22/01/2025,MTRN.TA,1041.6519,23
23/01/2025,MTRN.TA,1063.791,24
24/01/2025,MTRN.TA,968.78864,25
25/01/2025,MTRN.TA,906.4891,26
26/01/2025,MTRN.TA,850.9804,27
27/01/2025,MTRN.TA,866.6167,28
28/01/2025,MTRN.TA,945.5824,29
29/01/2025,MTRN.TA,814.6338,30
31/12/2024,MDPR.TA,624.4345,1
01/01/2025,MDPR.TA,625.28186,2
02/01/2025,MDPR.TA,634.6169,3
03/01/2025,MDPR.TA,628.89343,4
04/01/2025,MDPR.TA,624.5601,5
05/01/2025,MDPR.TA,613.8921,6
06/01/2025,MDPR.TA,620.1682,7
07/01/2025,MDPR.TA,630.5438,8
08/01/2025,MDPR.TA,651.29865,9
09/01/2025,MDPR.TA,664.4429,10
10/01/2025,MDPR.TA,666.9799,11
11/01/2025,MDPR.TA,677.3342,12
12/01/2025,MDPR.TA,658.6186,13
13/01/2025,MDPR.TA,662.4405,14
14/01/2025,MDPR.TA,666.3017,15
15/01/2025,MDPR.TA,667.3349,16
16/01/2025,MDPR.TA,674.45996,17
17/01/2025,MDPR.TA,690.545,18
18/01/2025,MDPR.TA,694.0098,19
19/01/2025,MDPR.TA,709.00757,20
20/01/2025,MDPR.TA,727.6238,21
21/01/2025,MDPR.TA,729.12067,22
22/01/2025,MDPR.TA,733.2255,23
23/01/2025,MDPR.TA,748.2102,24
24/01/2025,MDPR.TA,730.1348,25
25/01/2025,MDPR.TA,732.3855,26
26/01/2025,MDPR.TA,742.8271,27
27/01/2025,MDPR.TA,753.24646,28
28/01/2025,MDPR.TA,771.5128,29
29/01/2025,MDPR.TA,767.91833,30
31/12/2024,MPRS.TA,-193.2264,1
01/01/2025,MPRS.TA,23.319794,2
02/01/2025,MPRS.TA,-29.374472,3
03/01/2025,MPRS.TA,-126.432236,4
04/01/2025,MPRS.TA,-226.82356,5
05/01/2025,MPRS.TA,1627.4695,6
06/01/2025,MPRS.TA,3633.6628,7
07/01/2025,MPRS.TA,44351.32,8
08/01/2025,MPRS.TA,-172471.86,9
09/01/2025,MPRS.TA,-301246.1,10
10/01/2025,MPRS.TA,-1813645.2,11
11/01/2025,MPRS.TA,1741192.6,12
12/01/2025,MPRS.TA,9066202,13
13/01/2025,MPRS.TA,17406342,14
14/01/2025,MPRS.TA,8647147,15
15/01/2025,MPRS.TA,4893709,16
16/01/2025,MPRS.TA,-8550113,17
17/01/2025,MPRS.TA,44089236,18
18/01/2025,MPRS.TA,-2.94E+08,19
19/01/2025,MPRS.TA,9.94E+08,20
20/01/2025,MPRS.TA,1.05E+09,21
21/01/2025,MPRS.TA,8.55E+09,22
22/01/2025,MPRS.TA,-1.57E+10,23
23/01/2025,MPRS.TA,-4.37E+10,24
24/01/2025,MPRS.TA,-1.41E+11,25
25/01/2025,MPRS.TA,3.85E+11,26
26/01/2025,MPRS.TA,4.61E+10,27
27/01/2025,MPRS.TA,1.84E+11,28
28/01/2025,MPRS.TA,-8.78E+10,29
29/01/2025,MPRS.TA,-4.47E+11,30
31/12/2024,MDTR.TA,1003.8029,1
01/01/2025,MDTR.TA,1015.58154,2
02/01/2025,MDTR.TA,1040.8895,3
03/01/2025,MDTR.TA,1050.6288,4
04/01/2025,MDTR.TA,1063.9911,5
05/01/2025,MDTR.TA,1052.0854,6
06/01/2025,MDTR.TA,1035.0005,7
07/01/2025,MDTR.TA,1054.0273,8
08/01/2025,MDTR.TA,1041.9207,9
09/01/2025,MDTR.TA,1043.8102,10
10/01/2025,MDTR.TA,1055.7843,11
11/01/2025,MDTR.TA,1041.9246,12
12/01/2025,MDTR.TA,1055.6356,13
13/01/2025,MDTR.TA,1028.3907,14
14/01/2025,MDTR.TA,1034.7621,15
15/01/2025,MDTR.TA,1026.5874,16
16/01/2025,MDTR.TA,1030.7697,17
17/01/2025,MDTR.TA,1035.0623,18
18/01/2025,MDTR.TA,1035.2633,19
19/01/2025,MDTR.TA,1029.4844,20
20/01/2025,MDTR.TA,1013.06805,21
21/01/2025,MDTR.TA,990.9313,22
22/01/2025,MDTR.TA,1004.33826,23
23/01/2025,MDTR.TA,1019.0826,24
24/01/2025,MDTR.TA,1017.2008,25
25/01/2025,MDTR.TA,1036.5613,26
26/01/2025,MDTR.TA,1059.8308,27
27/01/2025,MDTR.TA,1057.244,28
28/01/2025,MDTR.TA,1061.9246,29
29/01/2025,MDTR.TA,1051.818,30
31/12/2024,MGOR.TA,11421.388,1
01/01/2025,MGOR.TA,11394.526,2
02/01/2025,MGOR.TA,11557.766,3
03/01/2025,MGOR.TA,11805.769,4
04/01/2025,MGOR.TA,11859.321,5
05/01/2025,MGOR.TA,11677.371,6
06/01/2025,MGOR.TA,11731.65,7
07/01/2025,MGOR.TA,11755.33,8
08/01/2025,MGOR.TA,12047.691,9
09/01/2025,MGOR.TA,12173.423,10
10/01/2025,MGOR.TA,12171.659,11
11/01/2025,MGOR.TA,11946.724,12
12/01/2025,MGOR.TA,12219.378,13
13/01/2025,MGOR.TA,12518.231,14
14/01/2025,MGOR.TA,12376.387,15
15/01/2025,MGOR.TA,12450.446,16
16/01/2025,MGOR.TA,12156.25,17
17/01/2025,MGOR.TA,11932.937,18
18/01/2025,MGOR.TA,11664.915,19
19/01/2025,MGOR.TA,11286.343,20
20/01/2025,MGOR.TA,11112.546,21
21/01/2025,MGOR.TA,11138.509,22
22/01/2025,MGOR.TA,11091.015,23
23/01/2025,MGOR.TA,11482.1,24
24/01/2025,MGOR.TA,11459.043,25
25/01/2025,MGOR.TA,11440.837,26
26/01/2025,MGOR.TA,11510.198,27
27/01/2025,MGOR.TA,11076.023,28
28/01/2025,MGOR.TA,11222.197,29
29/01/2025,MGOR.TA,11413.342,30
31/12/2024,MEDN.TA,17874.09,1
01/01/2025,MEDN.TA,18135.771,2
02/01/2025,MEDN.TA,18956.596,3
03/01/2025,MEDN.TA,18785.264,4
04/01/2025,MEDN.TA,18936.074,5
05/01/2025,MEDN.TA,18356.69,6
06/01/2025,MEDN.TA,18685.666,7
07/01/2025,MEDN.TA,18851.512,8
08/01/2025,MEDN.TA,19025.418,9
09/01/2025,MEDN.TA,18989.781,10
10/01/2025,MEDN.TA,19108.984,11
11/01/2025,MEDN.TA,18879.943,12
12/01/2025,MEDN.TA,18636.64,13
13/01/2025,MEDN.TA,18374.229,14
14/01/2025,MEDN.TA,18214.049,15
15/01/2025,MEDN.TA,18165.727,16
16/01/2025,MEDN.TA,18102.805,17
17/01/2025,MEDN.TA,18336.398,18
18/01/2025,MEDN.TA,18430.584,19
19/01/2025,MEDN.TA,18728.832,20
20/01/2025,MEDN.TA,18588.52,21
21/01/2025,MEDN.TA,18765.34,22
22/01/2025,MEDN.TA,18873.375,23
23/01/2025,MEDN.TA,18672.318,24
24/01/2025,MEDN.TA,19108.04,25
25/01/2025,MEDN.TA,18852.307,26
26/01/2025,MEDN.TA,18911.404,27
27/01/2025,MEDN.TA,18874.225,28
28/01/2025,MEDN.TA,18542.012,29
29/01/2025,MEDN.TA,18826.664,30
31/12/2024,MLSR.TA,30334.203,1
01/01/2025,MLSR.TA,30837.557,2
02/01/2025,MLSR.TA,31396.22,3
03/01/2025,MLSR.TA,31722.14,4
04/01/2025,MLSR.TA,31759.78,5
05/01/2025,MLSR.TA,31317.555,6
06/01/2025,MLSR.TA,31305.941,7
07/01/2025,MLSR.TA,30973.547,8
08/01/2025,MLSR.TA,31918.115,9
09/01/2025,MLSR.TA,31254.607,10
10/01/2025,MLSR.TA,30631.717,11
11/01/2025,MLSR.TA,29570.441,12
12/01/2025,MLSR.TA,29295.535,13
13/01/2025,MLSR.TA,28490.598,14
14/01/2025,MLSR.TA,28179.182,15
15/01/2025,MLSR.TA,27742.174,16
16/01/2025,MLSR.TA,28275.021,17
17/01/2025,MLSR.TA,27819.938,18
18/01/2025,MLSR.TA,26668.951,19
19/01/2025,MLSR.TA,27023.975,20
20/01/2025,MLSR.TA,27890.805,21
21/01/2025,MLSR.TA,27931.621,22
22/01/2025,MLSR.TA,27271.06,23
23/01/2025,MLSR.TA,26882.45,24
24/01/2025,MLSR.TA,26008.832,25
25/01/2025,MLSR.TA,26041.877,26
26/01/2025,MLSR.TA,25703.629,27
27/01/2025,MLSR.TA,25101.686,28
28/01/2025,MLSR.TA,24938.611,29
29/01/2025,MLSR.TA,24748.99,30
31/12/2024,MNIN.TA,1379.2676,1
01/01/2025,MNIN.TA,1395.2666,2
02/01/2025,MNIN.TA,1432.45,3
03/01/2025,MNIN.TA,1424.8245,4
04/01/2025,MNIN.TA,1411.6932,5
05/01/2025,MNIN.TA,1477.4958,6
06/01/2025,MNIN.TA,1468.2477,7
07/01/2025,MNIN.TA,1529.1587,8
08/01/2025,MNIN.TA,1514.1946,9
09/01/2025,MNIN.TA,1519.4053,10
10/01/2025,MNIN.TA,1540.0798,11
11/01/2025,MNIN.TA,1551.9991,12
12/01/2025,MNIN.TA,1571.1554,13
13/01/2025,MNIN.TA,1541.014,14
14/01/2025,MNIN.TA,1549.7329,15
15/01/2025,MNIN.TA,1576.8259,16
16/01/2025,MNIN.TA,1550.2217,17
17/01/2025,MNIN.TA,1597.1831,18
18/01/2025,MNIN.TA,1613.6848,19
19/01/2025,MNIN.TA,1606.8132,20
20/01/2025,MNIN.TA,1668.1887,21
21/01/2025,MNIN.TA,1618.3712,22
22/01/2025,MNIN.TA,1638.1074,23
23/01/2025,MNIN.TA,1678.0948,24
24/01/2025,MNIN.TA,1713.1986,25
25/01/2025,MNIN.TA,1758.949,26
26/01/2025,MNIN.TA,1797.7617,27
27/01/2025,MNIN.TA,1824.4292,28
28/01/2025,MNIN.TA,1778.6038,29
29/01/2025,MNIN.TA,1774.7014,30
31/12/2024,MNIF.TA,1471.8312,1
01/01/2025,MNIF.TA,1487.306,2
02/01/2025,MNIF.TA,1480.084,3
03/01/2025,MNIF.TA,1478.4119,4
04/01/2025,MNIF.TA,1443.2,5
05/01/2025,MNIF.TA,1432.3362,6
06/01/2025,MNIF.TA,1399.4547,7
07/01/2025,MNIF.TA,1449.0024,8
08/01/2025,MNIF.TA,1495.7664,9
09/01/2025,MNIF.TA,1517.8234,10
10/01/2025,MNIF.TA,1549.1576,11
11/01/2025,MNIF.TA,1525.1112,12
12/01/2025,MNIF.TA,1556.7853,13
13/01/2025,MNIF.TA,1495.7915,14
14/01/2025,MNIF.TA,1534.8103,15
15/01/2025,MNIF.TA,1507.5176,16
16/01/2025,MNIF.TA,1496.3047,17
17/01/2025,MNIF.TA,1497.4556,18
18/01/2025,MNIF.TA,1483.8223,19
19/01/2025,MNIF.TA,1537.7441,20
20/01/2025,MNIF.TA,1554.0892,21
21/01/2025,MNIF.TA,1537.4858,22
22/01/2025,MNIF.TA,1592.3385,23
23/01/2025,MNIF.TA,1613.2134,24
24/01/2025,MNIF.TA,1612.1549,25
25/01/2025,MNIF.TA,1694.9312,26
26/01/2025,MNIF.TA,1709.7621,27
27/01/2025,MNIF.TA,1786.1376,28
28/01/2025,MNIF.TA,1803.852,29
29/01/2025,MNIF.TA,1800.9854,30
31/12/2024,MNRT.TA,200.2001,1
01/01/2025,MNRT.TA,196.69702,2
02/01/2025,MNRT.TA,194.76794,3
03/01/2025,MNRT.TA,198.13492,4
04/01/2025,MNRT.TA,199.37613,5
05/01/2025,MNRT.TA,203.11732,6
06/01/2025,MNRT.TA,200.5711,7
07/01/2025,MNRT.TA,201.26193,8
08/01/2025,MNRT.TA,202.19165,9
09/01/2025,MNRT.TA,200.24765,10
10/01/2025,MNRT.TA,205.01811,11
11/01/2025,MNRT.TA,208.36613,12
12/01/2025,MNRT.TA,208.45955,13
13/01/2025,MNRT.TA,208.58546,14
14/01/2025,MNRT.TA,213.22108,15
15/01/2025,MNRT.TA,214.72198,16
16/01/2025,MNRT.TA,211.80511,17
17/01/2025,MNRT.TA,210.3578,18
18/01/2025,MNRT.TA,216.02885,19
19/01/2025,MNRT.TA,214.67754,20
20/01/2025,MNRT.TA,219.01405,21
21/01/2025,MNRT.TA,221.51949,22
22/01/2025,MNRT.TA,225.02583,23
23/01/2025,MNRT.TA,231.64561,24
24/01/2025,MNRT.TA,228.13838,25
25/01/2025,MNRT.TA,231.87737,26
26/01/2025,MNRT.TA,226.62415,27
27/01/2025,MNRT.TA,220.77855,28
28/01/2025,MNRT.TA,222.06607,29
29/01/2025,MNRT.TA,222.98608,30
31/12/2024,MMHD.TA,13060.511,1
01/01/2025,MMHD.TA,12872.045,2
02/01/2025,MMHD.TA,13071.771,3
03/01/2025,MMHD.TA,12954.272,4
04/01/2025,MMHD.TA,12867.036,5
05/01/2025,MMHD.TA,12652.053,6
06/01/2025,MMHD.TA,12765.148,7
07/01/2025,MMHD.TA,12472.996,8
08/01/2025,MMHD.TA,12540.55,9
09/01/2025,MMHD.TA,12526.292,10
10/01/2025,MMHD.TA,12538.086,11
11/01/2025,MMHD.TA,12682.182,12
12/01/2025,MMHD.TA,12846.531,13
13/01/2025,MMHD.TA,13100.607,14
14/01/2025,MMHD.TA,13444.533,15
15/01/2025,MMHD.TA,13408.53,16
16/01/2025,MMHD.TA,13832.861,17
17/01/2025,MMHD.TA,13752.25,18
18/01/2025,MMHD.TA,13736.119,19
19/01/2025,MMHD.TA,13587.685,20
20/01/2025,MMHD.TA,13689.063,21
21/01/2025,MMHD.TA,13630.664,22
22/01/2025,MMHD.TA,13353.024,23
23/01/2025,MMHD.TA,13043.318,24
24/01/2025,MMHD.TA,13153.278,25
25/01/2025,MMHD.TA,12978.468,26
26/01/2025,MMHD.TA,13230.5625,27
27/01/2025,MMHD.TA,13261.753,28
28/01/2025,MMHD.TA,12706.061,29
29/01/2025,MMHD.TA,12556.341,30
31/12/2024,CMER.TA,1992.6223,1
01/01/2025,CMER.TA,1997.0812,2
02/01/2025,CMER.TA,2030.064,3
03/01/2025,CMER.TA,2043.1207,4
04/01/2025,CMER.TA,2088.0642,5
05/01/2025,CMER.TA,2103.5981,6
06/01/2025,CMER.TA,2143.4966,7
07/01/2025,CMER.TA,2130.962,8
08/01/2025,CMER.TA,2128.4177,9
09/01/2025,CMER.TA,2167.3845,10
10/01/2025,CMER.TA,2157.311,11
11/01/2025,CMER.TA,2136.1052,12
12/01/2025,CMER.TA,2130.9656,13
13/01/2025,CMER.TA,2141.925,14
14/01/2025,CMER.TA,2168.1887,15
15/01/2025,CMER.TA,2161.1887,16
16/01/2025,CMER.TA,2179.33,17
17/01/2025,CMER.TA,2169.047,18
18/01/2025,CMER.TA,2213.2842,19
19/01/2025,CMER.TA,2166.3762,20
20/01/2025,CMER.TA,2185.487,21
21/01/2025,CMER.TA,2123.249,22
22/01/2025,CMER.TA,2098.7751,23
23/01/2025,CMER.TA,2064.3867,24
24/01/2025,CMER.TA,2073.5078,25
25/01/2025,CMER.TA,2043.321,26
26/01/2025,CMER.TA,2034.1035,27
27/01/2025,CMER.TA,2036.7626,28
28/01/2025,CMER.TA,2035.6637,29
29/01/2025,CMER.TA,2008.8127,30
31/12/2024,MRHL.TA,71.78749,1
01/01/2025,MRHL.TA,118.29862,2
02/01/2025,MRHL.TA,178.15146,3
03/01/2025,MRHL.TA,224.75444,4
04/01/2025,MRHL.TA,153.67657,5
05/01/2025,MRHL.TA,18.045652,6
06/01/2025,MRHL.TA,13.484509,7
07/01/2025,MRHL.TA,15.783928,8
08/01/2025,MRHL.TA,17.008512,9
09/01/2025,MRHL.TA,17.677395,10
10/01/2025,MRHL.TA,28.634773,11
11/01/2025,MRHL.TA,16.373806,12
12/01/2025,MRHL.TA,30.574682,13
13/01/2025,MRHL.TA,20.62803,14
14/01/2025,MRHL.TA,17.771822,15
15/01/2025,MRHL.TA,14.650069,16
16/01/2025,MRHL.TA,18.544977,17
17/01/2025,MRHL.TA,10.196426,18
18/01/2025,MRHL.TA,14.500765,19
19/01/2025,MRHL.TA,14.936484,20
20/01/2025,MRHL.TA,11.216881,21
21/01/2025,MRHL.TA,17.152906,22
22/01/2025,MRHL.TA,3.4311512,23
23/01/2025,MRHL.TA,6.176109,24
24/01/2025,MRHL.TA,8.898861,25
25/01/2025,MRHL.TA,12.67105,26
26/01/2025,MRHL.TA,22.634132,27
27/01/2025,MRHL.TA,12.966086,28
28/01/2025,MRHL.TA,13.862003,29
29/01/2025,MRHL.TA,19.886223,30
31/12/2024,MSKE.TA,264.40344,1
01/01/2025,MSKE.TA,266.42438,2
02/01/2025,MSKE.TA,257.26886,3
03/01/2025,MSKE.TA,257.59116,4
04/01/2025,MSKE.TA,254.12291,5
05/01/2025,MSKE.TA,254.64206,6
06/01/2025,MSKE.TA,256.82822,7
07/01/2025,MSKE.TA,262.66742,8
08/01/2025,MSKE.TA,257.97382,9
09/01/2025,MSKE.TA,257.27087,10
10/01/2025,MSKE.TA,255.89726,11
11/01/2025,MSKE.TA,276.20657,12
12/01/2025,MSKE.TA,257.19275,13
13/01/2025,MSKE.TA,255.36317,14
14/01/2025,MSKE.TA,243.3993,15
15/01/2025,MSKE.TA,242.1857,16
16/01/2025,MSKE.TA,235.46059,17
17/01/2025,MSKE.TA,237.24576,18
18/01/2025,MSKE.TA,249.70125,19
19/01/2025,MSKE.TA,253.1949,20
20/01/2025,MSKE.TA,256.3044,21
21/01/2025,MSKE.TA,263.26544,22
22/01/2025,MSKE.TA,284.11823,23
23/01/2025,MSKE.TA,296.60422,24
24/01/2025,MSKE.TA,305.16824,25
25/01/2025,MSKE.TA,327.83917,26
26/01/2025,MSKE.TA,312.27148,27
27/01/2025,MSKE.TA,319.31577,28
28/01/2025,MSKE.TA,331.25854,29
29/01/2025,MSKE.TA,323.3148,30
31/12/2024,MGRT.TA,591.7745,1
01/01/2025,MGRT.TA,602.09784,2
02/01/2025,MGRT.TA,597.83777,3
03/01/2025,MGRT.TA,625.9355,4
04/01/2025,MGRT.TA,642.68866,5
05/01/2025,MGRT.TA,640.3542,6
06/01/2025,MGRT.TA,652.7685,7
07/01/2025,MGRT.TA,646.6483,8
08/01/2025,MGRT.TA,652.0857,9
09/01/2025,MGRT.TA,666.3114,10
10/01/2025,MGRT.TA,669.9728,11
11/01/2025,MGRT.TA,635.3202,12
12/01/2025,MGRT.TA,631.0262,13
13/01/2025,MGRT.TA,623.0323,14
14/01/2025,MGRT.TA,624.591,15
15/01/2025,MGRT.TA,614.1385,16
16/01/2025,MGRT.TA,626.9433,17
17/01/2025,MGRT.TA,634.36395,18
18/01/2025,MGRT.TA,647.1954,19
19/01/2025,MGRT.TA,666.4397,20
20/01/2025,MGRT.TA,659.30066,21
21/01/2025,MGRT.TA,671.0195,22
22/01/2025,MGRT.TA,669.9496,23
23/01/2025,MGRT.TA,666.02783,24
24/01/2025,MGRT.TA,662.58795,25
25/01/2025,MGRT.TA,670.5866,26
26/01/2025,MGRT.TA,661.5833,27
27/01/2025,MGRT.TA,673.2723,28
28/01/2025,MGRT.TA,669.98584,29
29/01/2025,MGRT.TA,692.8813,30
31/12/2024,MIA.TA,30.331762,1
01/01/2025,MIA.TA,30.562593,2
02/01/2025,MIA.TA,29.575916,3
03/01/2025,MIA.TA,29.078081,4
04/01/2025,MIA.TA,28.034689,5
05/01/2025,MIA.TA,28.847292,6
06/01/2025,MIA.TA,29.24728,7
07/01/2025,MIA.TA,28.449774,8
08/01/2025,MIA.TA,28.480045,9
09/01/2025,MIA.TA,28.343584,10
10/01/2025,MIA.TA,27.903858,11
11/01/2025,MIA.TA,27.303913,12
12/01/2025,MIA.TA,28.048096,13
13/01/2025,MIA.TA,28.125563,14
14/01/2025,MIA.TA,27.182816,15
15/01/2025,MIA.TA,27.065445,16
16/01/2025,MIA.TA,24.221836,17
17/01/2025,MIA.TA,24.091587,18
18/01/2025,MIA.TA,24.103031,19
19/01/2025,MIA.TA,25.344372,20
20/01/2025,MIA.TA,25.512264,21
21/01/2025,MIA.TA,26.507809,22
22/01/2025,MIA.TA,26.184174,23
23/01/2025,MIA.TA,24.67065,24
24/01/2025,MIA.TA,24.761812,25
25/01/2025,MIA.TA,23.707571,26
26/01/2025,MIA.TA,23.792028,27
27/01/2025,MIA.TA,23.152773,28
28/01/2025,MIA.TA,22.871172,29
29/01/2025,MIA.TA,21.175852,30
31/12/2024,MCLL.TA,959.95233,1
01/01/2025,MCLL.TA,965.7352,2
02/01/2025,MCLL.TA,961.9582,3
03/01/2025,MCLL.TA,962.51953,4
04/01/2025,MCLL.TA,974.0205,5
05/01/2025,MCLL.TA,973.7788,6
06/01/2025,MCLL.TA,997.5686,7
07/01/2025,MCLL.TA,1011.2062,8
08/01/2025,MCLL.TA,1033.1243,9
09/01/2025,MCLL.TA,1029.6245,10
10/01/2025,MCLL.TA,1048.919,11
11/01/2025,MCLL.TA,1055.074,12
12/01/2025,MCLL.TA,1071.098,13
13/01/2025,MCLL.TA,1093.8268,14
14/01/2025,MCLL.TA,1097.9661,15
15/01/2025,MCLL.TA,1113.0146,16
16/01/2025,MCLL.TA,1115.5376,17
17/01/2025,MCLL.TA,1114.3245,18
18/01/2025,MCLL.TA,1116.6266,19
19/01/2025,MCLL.TA,1139.5327,20
20/01/2025,MCLL.TA,1152.8765,21
21/01/2025,MCLL.TA,1155.2871,22
22/01/2025,MCLL.TA,1148.7151,23
23/01/2025,MCLL.TA,1147.9545,24
24/01/2025,MCLL.TA,1137.1086,25
25/01/2025,MCLL.TA,1150.612,26
26/01/2025,MCLL.TA,1138.0398,27
27/01/2025,MCLL.TA,1140.1346,28
28/01/2025,MCLL.TA,1137.7388,29
29/01/2025,MCLL.TA,1158.8339,30
31/12/2024,MCMN.TA,24938.344,1
01/01/2025,MCMN.TA,25243.955,2
02/01/2025,MCMN.TA,25313.178,3
03/01/2025,MCMN.TA,25035.621,4
04/01/2025,MCMN.TA,25219.973,5
05/01/2025,MCMN.TA,25213.85,6
06/01/2025,MCMN.TA,25241.69,7
07/01/2025,MCMN.TA,25293.268,8
08/01/2025,MCMN.TA,25571.148,9
09/01/2025,MCMN.TA,25736.58,10
10/01/2025,MCMN.TA,25990.684,11
11/01/2025,MCMN.TA,26113.795,12
12/01/2025,MCMN.TA,26184.174,13
13/01/2025,MCMN.TA,26346.764,14
14/01/2025,MCMN.TA,26634.703,15
15/01/2025,MCMN.TA,26312.186,16
16/01/2025,MCMN.TA,26575.414,17
17/01/2025,MCMN.TA,26825.875,18
18/01/2025,MCMN.TA,27068.11,19
19/01/2025,MCMN.TA,27207.406,20
20/01/2025,MCMN.TA,27533.037,21
21/01/2025,MCMN.TA,27483.633,22
22/01/2025,MCMN.TA,27456.664,23
23/01/2025,MCMN.TA,27723.178,24
24/01/2025,MCMN.TA,28255.117,25
25/01/2025,MCMN.TA,28626.096,26
26/01/2025,MCMN.TA,29123.475,27
27/01/2025,MCMN.TA,28576.945,28
28/01/2025,MCMN.TA,28918.744,29
29/01/2025,MCMN.TA,29261.21,30
31/12/2024,MCRNT.TA,198.87656,1
01/01/2025,MCRNT.TA,206.54614,2
02/01/2025,MCRNT.TA,213.4228,3
03/01/2025,MCRNT.TA,204.64796,4
04/01/2025,MCRNT.TA,209.00917,5
05/01/2025,MCRNT.TA,212.2611,6
06/01/2025,MCRNT.TA,221.82063,7
07/01/2025,MCRNT.TA,210.53366,8
08/01/2025,MCRNT.TA,217.46297,9
09/01/2025,MCRNT.TA,223.84189,10
10/01/2025,MCRNT.TA,227.20406,11
11/01/2025,MCRNT.TA,222.57797,12
12/01/2025,MCRNT.TA,219.33116,13
13/01/2025,MCRNT.TA,217.09999,14
14/01/2025,MCRNT.TA,195.2103,15
15/01/2025,MCRNT.TA,206.35622,16
16/01/2025,MCRNT.TA,202.4477,17
17/01/2025,MCRNT.TA,198.63136,18
18/01/2025,MCRNT.TA,194.91217,19
19/01/2025,MCRNT.TA,198.64178,20
20/01/2025,MCRNT.TA,199.0569,21
21/01/2025,MCRNT.TA,182.923,22
22/01/2025,MCRNT.TA,189.78731,23
23/01/2025,MCRNT.TA,191.0973,24
24/01/2025,MCRNT.TA,202.34087,25
25/01/2025,MCRNT.TA,196.76741,26
26/01/2025,MCRNT.TA,197.52135,27
27/01/2025,MCRNT.TA,199.31215,28
28/01/2025,MCRNT.TA,198.61989,29
29/01/2025,MCRNT.TA,206.22813,30
31/12/2024,MGDL.TA,669.97906,1
01/01/2025,MGDL.TA,677.9628,2
02/01/2025,MGDL.TA,677.0888,3
03/01/2025,MGDL.TA,670.7433,4
04/01/2025,MGDL.TA,668.8769,5
05/01/2025,MGDL.TA,674.5466,6
06/01/2025,MGDL.TA,674.7765,7
07/01/2025,MGDL.TA,681.3037,8
08/01/2025,MGDL.TA,689.0932,9
09/01/2025,MGDL.TA,683.46423,10
10/01/2025,MGDL.TA,692.1596,11
11/01/2025,MGDL.TA,694.0515,12
12/01/2025,MGDL.TA,704.75055,13
13/01/2025,MGDL.TA,698.6338,14
14/01/2025,MGDL.TA,684.5262,15
15/01/2025,MGDL.TA,678.6217,16
16/01/2025,MGDL.TA,684.6151,17
17/01/2025,MGDL.TA,699.4211,18
18/01/2025,MGDL.TA,692.9741,19
19/01/2025,MGDL.TA,696.70575,20
20/01/2025,MGDL.TA,699.5114,21
21/01/2025,MGDL.TA,694.81555,22
22/01/2025,MGDL.TA,695.5801,23
23/01/2025,MGDL.TA,712.4049,24
24/01/2025,MGDL.TA,731.51184,25
25/01/2025,MGDL.TA,716.7166,26
26/01/2025,MGDL.TA,722.419,27
27/01/2025,MGDL.TA,740.99634,28
28/01/2025,MGDL.TA,739.69684,29
29/01/2025,MGDL.TA,736.53845,30
31/12/2024,MIFT.TA,275.28317,1
01/01/2025,MIFT.TA,234.85843,2
02/01/2025,MIFT.TA,230.25902,3
03/01/2025,MIFT.TA,271.13657,4
04/01/2025,MIFT.TA,319.8318,5
05/01/2025,MIFT.TA,315.701,6
06/01/2025,MIFT.TA,329.49677,7
07/01/2025,MIFT.TA,448.38306,8
08/01/2025,MIFT.TA,248.82788,9
09/01/2025,MIFT.TA,298.82224,10
10/01/2025,MIFT.TA,284.8762,11
11/01/2025,MIFT.TA,234.65541,12
12/01/2025,MIFT.TA,256.03146,13
13/01/2025,MIFT.TA,300.835,14
14/01/2025,MIFT.TA,440.36978,15
15/01/2025,MIFT.TA,429.01868,16
16/01/2025,MIFT.TA,331.73767,17
17/01/2025,MIFT.TA,349.8027,18
18/01/2025,MIFT.TA,484.5045,19
19/01/2025,MIFT.TA,671.05927,20
20/01/2025,MIFT.TA,626.8847,21
21/01/2025,MIFT.TA,669.80835,22
22/01/2025,MIFT.TA,784.5003,23
23/01/2025,MIFT.TA,829.50507,24
24/01/2025,MIFT.TA,959.5753,25
25/01/2025,MIFT.TA,839.76654,26
26/01/2025,MIFT.TA,982.53845,27
27/01/2025,MIFT.TA,1174.5358,28
28/01/2025,MIFT.TA,946.54785,29
29/01/2025,MIFT.TA,868.913,30
31/12/2024,MLD.TA,0.01502404,1
01/01/2025,MLD.TA,0.01826132,2
02/01/2025,MLD.TA,0.0340389,3
03/01/2025,MLD.TA,0.04707147,4
04/01/2025,MLD.TA,0.06198715,5
05/01/2025,MLD.TA,0.03660462,6
06/01/2025,MLD.TA,0.03363078,7
07/01/2025,MLD.TA,0.03578824,8
08/01/2025,MLD.TA,0.02800211,9
09/01/2025,MLD.TA,0.01734391,10
10/01/2025,MLD.TA,0.01352949,11
11/01/2025,MLD.TA,0.02757712,12
12/01/2025,MLD.TA,0.02416231,13
13/01/2025,MLD.TA,0.02458508,14
14/01/2025,MLD.TA,0.0224508,15
15/01/2025,MLD.TA,0.0144979,16
16/01/2025,MLD.TA,0.02590611,17
17/01/2025,MLD.TA,0.02431532,18
18/01/2025,MLD.TA,0.02679437,19
19/01/2025,MLD.TA,0.02181802,20
20/01/2025,MLD.TA,0.02740668,21
21/01/2025,MLD.TA,0.03807624,22
22/01/2025,MLD.TA,0.03207218,23
23/01/2025,MLD.TA,0.02593298,24
24/01/2025,MLD.TA,0.0243961,25
25/01/2025,MLD.TA,0.02853736,26
26/01/2025,MLD.TA,0.0358822,27
27/01/2025,MLD.TA,0.03503651,28
28/01/2025,MLD.TA,0.02001774,29
29/01/2025,MLD.TA,0.01991248,30
31/12/2024,MSHR.TA,671.81494,1
01/01/2025,MSHR.TA,681.3058,2
02/01/2025,MSHR.TA,671.22266,3
03/01/2025,MSHR.TA,663.4306,4
04/01/2025,MSHR.TA,664.33514,5
05/01/2025,MSHR.TA,651.0028,6
06/01/2025,MSHR.TA,657.03687,7
07/01/2025,MSHR.TA,654.896,8
08/01/2025,MSHR.TA,628.1951,9
09/01/2025,MSHR.TA,627.5387,10
10/01/2025,MSHR.TA,634.64557,11
11/01/2025,MSHR.TA,642.8594,12
12/01/2025,MSHR.TA,644.081,13
13/01/2025,MSHR.TA,645.1569,14
14/01/2025,MSHR.TA,630.4468,15
15/01/2025,MSHR.TA,623.90393,16
16/01/2025,MSHR.TA,616.3312,17
17/01/2025,MSHR.TA,626.1139,18
18/01/2025,MSHR.TA,618.1635,19
19/01/2025,MSHR.TA,612.9535,20
20/01/2025,MSHR.TA,615.56116,21
21/01/2025,MSHR.TA,608.3702,22
22/01/2025,MSHR.TA,611.8781,23
23/01/2025,MSHR.TA,595.699,24
24/01/2025,MSHR.TA,595.9156,25
25/01/2025,MSHR.TA,594.56335,26
26/01/2025,MSHR.TA,587.9492,27
27/01/2025,MSHR.TA,594.8427,28
28/01/2025,MSHR.TA,574.165,29
29/01/2025,MSHR.TA,584.3573,30
31/12/2024,MVNE.TA,1070.0397,1
01/01/2025,MVNE.TA,1080.9244,2
02/01/2025,MVNE.TA,1106.8888,3
03/01/2025,MVNE.TA,1102.8418,4
04/01/2025,MVNE.TA,1119.6691,5
05/01/2025,MVNE.TA,1130.6404,6
06/01/2025,MVNE.TA,1143.1182,7
07/01/2025,MVNE.TA,1172.4376,8
08/01/2025,MVNE.TA,1181.42,9
09/01/2025,MVNE.TA,1200.8077,10
10/01/2025,MVNE.TA,1207.15,11
11/01/2025,MVNE.TA,1192.8136,12
12/01/2025,MVNE.TA,1175.2367,13
13/01/2025,MVNE.TA,1177.4443,14
14/01/2025,MVNE.TA,1195.0808,15
15/01/2025,MVNE.TA,1185.1337,16
16/01/2025,MVNE.TA,1196.3105,17
17/01/2025,MVNE.TA,1219.1874,18
18/01/2025,MVNE.TA,1225.1177,19
19/01/2025,MVNE.TA,1198.6481,20
20/01/2025,MVNE.TA,1185.1481,21
21/01/2025,MVNE.TA,1161.9432,22
22/01/2025,MVNE.TA,1183.2925,23
23/01/2025,MVNE.TA,1210.5927,24
24/01/2025,MVNE.TA,1205.2295,25
25/01/2025,MVNE.TA,1191.7053,26
26/01/2025,MVNE.TA,1181.006,27
27/01/2025,MVNE.TA,1161.758,28
28/01/2025,MVNE.TA,1167.9473,29
29/01/2025,MVNE.TA,1174.7087,30
31/12/2024,MISH.TA,16812.205,1
01/01/2025,MISH.TA,16623.328,2
02/01/2025,MISH.TA,16607.566,3
03/01/2025,MISH.TA,16843.678,4
04/01/2025,MISH.TA,16964.287,5
05/01/2025,MISH.TA,16675.549,6
06/01/2025,MISH.TA,16749.58,7
07/01/2025,MISH.TA,16929.246,8
08/01/2025,MISH.TA,16539.436,9
09/01/2025,MISH.TA,16163.811,10
10/01/2025,MISH.TA,16038.655,11
11/01/2025,MISH.TA,16450.826,12
12/01/2025,MISH.TA,16282.253,13
13/01/2025,MISH.TA,16397.912,14
14/01/2025,MISH.TA,16278.988,15
15/01/2025,MISH.TA,16268.808,16
16/01/2025,MISH.TA,16625.283,17
17/01/2025,MISH.TA,16665.715,18
18/01/2025,MISH.TA,16499.838,19
19/01/2025,MISH.TA,16295.373,20
20/01/2025,MISH.TA,16196.973,21
21/01/2025,MISH.TA,16216.924,22
22/01/2025,MISH.TA,15943.239,23
23/01/2025,MISH.TA,16008.637,24
24/01/2025,MISH.TA,16152.542,25
25/01/2025,MISH.TA,16203.39,26
26/01/2025,MISH.TA,15996.737,27
27/01/2025,MISH.TA,15864.938,28
28/01/2025,MISH.TA,15763.593,29
29/01/2025,MISH.TA,15793.693,30
31/12/2024,MZTF.TA,15559.134,1
01/01/2025,MZTF.TA,15908.837,2
02/01/2025,MZTF.TA,15613.837,3
03/01/2025,MZTF.TA,15428.955,4
04/01/2025,MZTF.TA,15799.607,5
05/01/2025,MZTF.TA,16050.087,6
06/01/2025,MZTF.TA,15726.6045,7
07/01/2025,MZTF.TA,15791.188,8
08/01/2025,MZTF.TA,15942.256,9
09/01/2025,MZTF.TA,16488.973,10
10/01/2025,MZTF.TA,16733.066,11
11/01/2025,MZTF.TA,16123.238,12
12/01/2025,MZTF.TA,15911.82,13
13/01/2025,MZTF.TA,15966.662,14
14/01/2025,MZTF.TA,15719.833,15
15/01/2025,MZTF.TA,15865.703,16
16/01/2025,MZTF.TA,15965.888,17
17/01/2025,MZTF.TA,15921.712,18
18/01/2025,MZTF.TA,16191.479,19
19/01/2025,MZTF.TA,15768.632,20
20/01/2025,MZTF.TA,15598.218,21
21/01/2025,MZTF.TA,15617.413,22
22/01/2025,MZTF.TA,15962.729,23
23/01/2025,MZTF.TA,15798.104,24
24/01/2025,MZTF.TA,16281.549,25
25/01/2025,MZTF.TA,16368.705,26
26/01/2025,MZTF.TA,16811.857,27
27/01/2025,MZTF.TA,16859.383,28
28/01/2025,MZTF.TA,17080.041,29
29/01/2025,MZTF.TA,17894.582,30
31/12/2024,MLRN.TA,728.21564,1
01/01/2025,MLRN.TA,731.7082,2
02/01/2025,MLRN.TA,737.68616,3
03/01/2025,MLRN.TA,725.08295,4
04/01/2025,MLRN.TA,728.2137,5
05/01/2025,MLRN.TA,722.5755,6
06/01/2025,MLRN.TA,735.75104,7
07/01/2025,MLRN.TA,743.39685,8
08/01/2025,MLRN.TA,744.63055,9
09/01/2025,MLRN.TA,754.01904,10
10/01/2025,MLRN.TA,763.6339,11
11/01/2025,MLRN.TA,784.7159,12
12/01/2025,MLRN.TA,778.2542,13
13/01/2025,MLRN.TA,785.9545,14
14/01/2025,MLRN.TA,791.0335,15
15/01/2025,MLRN.TA,787.06964,16
16/01/2025,MLRN.TA,826.17633,17
17/01/2025,MLRN.TA,852.54,18
18/01/2025,MLRN.TA,875.81726,19
19/01/2025,MLRN.TA,866.2758,20
20/01/2025,MLRN.TA,881.4264,21
21/01/2025,MLRN.TA,904.0023,22
22/01/2025,MLRN.TA,904.42615,23
23/01/2025,MLRN.TA,911.22266,24
24/01/2025,MLRN.TA,887.1144,25
25/01/2025,MLRN.TA,898.84644,26
26/01/2025,MLRN.TA,908.2172,27
27/01/2025,MLRN.TA,933.45557,28
28/01/2025,MLRN.TA,956.7249,29
29/01/2025,MLRN.TA,981.1624,30
31/12/2024,MDIN.TA,149.57434,1
01/01/2025,MDIN.TA,153.20555,2
02/01/2025,MDIN.TA,148.26941,3
03/01/2025,MDIN.TA,151.72296,4
04/01/2025,MDIN.TA,152.27452,5
05/01/2025,MDIN.TA,150.93216,6
06/01/2025,MDIN.TA,151.4051,7
07/01/2025,MDIN.TA,150.06967,8
08/01/2025,MDIN.TA,152.07487,9
09/01/2025,MDIN.TA,153.00992,10
10/01/2025,MDIN.TA,152.91388,11
11/01/2025,MDIN.TA,147.45944,12
12/01/2025,MDIN.TA,147.41905,13
13/01/2025,MDIN.TA,151.85164,14
14/01/2025,MDIN.TA,149.61421,15
15/01/2025,MDIN.TA,143.64206,16
16/01/2025,MDIN.TA,143.01799,17
17/01/2025,MDIN.TA,146.00455,18
18/01/2025,MDIN.TA,143.71419,19
19/01/2025,MDIN.TA,146.89061,20
20/01/2025,MDIN.TA,147.13739,21
21/01/2025,MDIN.TA,144.4522,22
22/01/2025,MDIN.TA,146.27228,23
23/01/2025,MDIN.TA,148.1284,24
24/01/2025,MDIN.TA,151.21841,25
25/01/2025,MDIN.TA,147.4888,26
26/01/2025,MDIN.TA,145.23717,27
27/01/2025,MDIN.TA,139.97975,28
28/01/2025,MDIN.TA,140.25159,29
29/01/2025,MDIN.TA,135.3297,30
31/12/2024,MRG.TA,1236.3098,1
01/01/2025,MRG.TA,1170.5417,2
02/01/2025,MRG.TA,1042.721,3
03/01/2025,MRG.TA,1194.6588,4
04/01/2025,MRG.TA,1282.7432,5
05/01/2025,MRG.TA,1457.6157,6
06/01/2025,MRG.TA,1357.1833,7
07/01/2025,MRG.TA,1488.7692,8
08/01/2025,MRG.TA,1740.7318,9
09/01/2025,MRG.TA,2008.4109,10
10/01/2025,MRG.TA,2066.859,11
11/01/2025,MRG.TA,1940.4198,12
12/01/2025,MRG.TA,2162.3318,13
13/01/2025,MRG.TA,2323.8267,14
14/01/2025,MRG.TA,2175.096,15
15/01/2025,MRG.TA,2377.04,16
16/01/2025,MRG.TA,2520.469,17
17/01/2025,MRG.TA,2284.1025,18
18/01/2025,MRG.TA,1955.0574,19
19/01/2025,MRG.TA,1922.8947,20
20/01/2025,MRG.TA,2375.4792,21
21/01/2025,MRG.TA,2335.459,22
22/01/2025,MRG.TA,2197.044,23
23/01/2025,MRG.TA,2012.2224,24
24/01/2025,MRG.TA,2531.2583,25
25/01/2025,MRG.TA,2493.5034,26
26/01/2025,MRG.TA,2651.6665,27
27/01/2025,MRG.TA,3070.1511,28
28/01/2025,MRG.TA,3243.9766,29
29/01/2025,MRG.TA,2578.2537,30
31/12/2024,MYDS.TA,74.22971,1
01/01/2025,MYDS.TA,-152.41135,2
02/01/2025,MYDS.TA,-4920.152,3
03/01/2025,MYDS.TA,-39062.71,4
04/01/2025,MYDS.TA,16905.117,5
05/01/2025,MYDS.TA,104060.625,6
06/01/2025,MYDS.TA,797654.75,7
07/01/2025,MYDS.TA,-20295560,8
08/01/2025,MYDS.TA,55750868,9
09/01/2025,MYDS.TA,-48692328,10
10/01/2025,MYDS.TA,-1.84E+08,11
11/01/2025,MYDS.TA,-1.14E+09,12
12/01/2025,MYDS.TA,6.40E+09,13
13/01/2025,MYDS.TA,2.51E+10,14
14/01/2025,MYDS.TA,-7.78E+10,15
15/01/2025,MYDS.TA,-2.23E+12,16
16/01/2025,MYDS.TA,3.38E+13,17
17/01/2025,MYDS.TA,5.23E+14,18
18/01/2025,MYDS.TA,-2.49E+15,19
19/01/2025,MYDS.TA,1.45E+16,20
20/01/2025,MYDS.TA,-1.60E+17,21
21/01/2025,MYDS.TA,1.28E+18,22
22/01/2025,MYDS.TA,2.16E+19,23
23/01/2025,MYDS.TA,-1.35E+20,24
24/01/2025,MYDS.TA,-2.38E+21,25
25/01/2025,MYDS.TA,-1.23E+22,26
26/01/2025,MYDS.TA,9.44E+22,27
27/01/2025,MYDS.TA,3.36E+23,28
28/01/2025,MYDS.TA,3.35E+24,29
29/01/2025,MYDS.TA,4.88E+25,30
31/12/2024,NFTA.TA,2246.9478,1
01/01/2025,NFTA.TA,2288.435,2
02/01/2025,NFTA.TA,2271.0605,3
03/01/2025,NFTA.TA,2284.6936,4
04/01/2025,NFTA.TA,2327.761,5
05/01/2025,NFTA.TA,2293.9165,6
06/01/2025,NFTA.TA,2276.6562,7
07/01/2025,NFTA.TA,2261.7498,8
08/01/2025,NFTA.TA,2289.4026,9
09/01/2025,NFTA.TA,2316.2937,10
10/01/2025,NFTA.TA,2239.2244,11
11/01/2025,NFTA.TA,2214.1702,12
12/01/2025,NFTA.TA,2176.5793,13
13/01/2025,NFTA.TA,2201.5933,14
14/01/2025,NFTA.TA,2243.0332,15
15/01/2025,NFTA.TA,2330.883,16
16/01/2025,NFTA.TA,2373.0735,17
17/01/2025,NFTA.TA,2399.273,18
18/01/2025,NFTA.TA,2328.2495,19
19/01/2025,NFTA.TA,2295.4458,20
20/01/2025,NFTA.TA,2272.6091,21
21/01/2025,NFTA.TA,2321.578,22
22/01/2025,NFTA.TA,2341.1187,23
23/01/2025,NFTA.TA,2364.7095,24
24/01/2025,NFTA.TA,2401.1704,25
25/01/2025,NFTA.TA,2455.5315,26
26/01/2025,NFTA.TA,2536.8435,27
27/01/2025,NFTA.TA,2477.1682,28
28/01/2025,NFTA.TA,2541.0198,29
29/01/2025,NFTA.TA,2515.9937,30
31/12/2024,NVPT.TA,6190.7515,1
01/01/2025,NVPT.TA,6272.2505,2
02/01/2025,NVPT.TA,6249.597,3
03/01/2025,NVPT.TA,6388.7075,4
04/01/2025,NVPT.TA,6560.809,5
05/01/2025,NVPT.TA,6472.852,6
06/01/2025,NVPT.TA,6574.675,7
07/01/2025,NVPT.TA,6420.6343,8
08/01/2025,NVPT.TA,6345.2104,9
09/01/2025,NVPT.TA,6168.514,10
10/01/2025,NVPT.TA,6240.1904,11
11/01/2025,NVPT.TA,6279.439,12
12/01/2025,NVPT.TA,6421.9595,13
13/01/2025,NVPT.TA,6141.1206,14
14/01/2025,NVPT.TA,5910.629,15
15/01/2025,NVPT.TA,6120.122,16
16/01/2025,NVPT.TA,6203.7744,17
17/01/2025,NVPT.TA,6213.846,18
18/01/2025,NVPT.TA,6182.228,19
19/01/2025,NVPT.TA,6308.97,20
20/01/2025,NVPT.TA,6223.7617,21
21/01/2025,NVPT.TA,6315.813,22
22/01/2025,NVPT.TA,6352.3477,23
23/01/2025,NVPT.TA,6197.26,24
24/01/2025,NVPT.TA,6062.8765,25
25/01/2025,NVPT.TA,6125.4365,26
26/01/2025,NVPT.TA,6091.623,27
27/01/2025,NVPT.TA,6043.307,28
28/01/2025,NVPT.TA,6043.735,29
29/01/2025,NVPT.TA,6132.0117,30
31/12/2024,NAWI.TA,3740.836,1
01/01/2025,NAWI.TA,3807.0317,2
02/01/2025,NAWI.TA,3884.9453,3
03/01/2025,NAWI.TA,3967.6895,4
04/01/2025,NAWI.TA,3885.2354,5
05/01/2025,NAWI.TA,3902.859,6
06/01/2025,NAWI.TA,3971.501,7
07/01/2025,NAWI.TA,3919.2944,8
08/01/2025,NAWI.TA,4028.6912,9
09/01/2025,NAWI.TA,4069.1628,10
10/01/2025,NAWI.TA,4108.6025,11
11/01/2025,NAWI.TA,4079.5667,12
12/01/2025,NAWI.TA,3994.2979,13
13/01/2025,NAWI.TA,4071.4814,14
14/01/2025,NAWI.TA,3962.9797,15
15/01/2025,NAWI.TA,3827.014,16
16/01/2025,NAWI.TA,3815.1877,17
17/01/2025,NAWI.TA,3795.3232,18
18/01/2025,NAWI.TA,3880.3154,19
19/01/2025,NAWI.TA,3810.227,20
20/01/2025,NAWI.TA,3809.8196,21
21/01/2025,NAWI.TA,3655.1997,22
22/01/2025,NAWI.TA,3626.1382,23
23/01/2025,NAWI.TA,3591.3306,24
24/01/2025,NAWI.TA,3652.3667,25
25/01/2025,NAWI.TA,3641.0244,26
26/01/2025,NAWI.TA,3711.9749,27
27/01/2025,NAWI.TA,3744.1072,28
28/01/2025,NAWI.TA,3733.7322,29
29/01/2025,NAWI.TA,3778.3914,30
31/12/2024,NYAX.TA,10645.784,1
01/01/2025,NYAX.TA,10544.968,2
02/01/2025,NYAX.TA,10658.229,3
03/01/2025,NYAX.TA,10468.409,4
04/01/2025,NYAX.TA,10292.502,5
05/01/2025,NYAX.TA,10278.063,6
06/01/2025,NYAX.TA,10117.384,7
07/01/2025,NYAX.TA,9893.113,8
08/01/2025,NYAX.TA,9718.986,9
09/01/2025,NYAX.TA,9315.51,10
10/01/2025,NYAX.TA,9235.566,11
11/01/2025,NYAX.TA,9097.468,12
12/01/2025,NYAX.TA,8620.788,13
13/01/2025,NYAX.TA,8565.287,14
14/01/2025,NYAX.TA,9101.737,15
15/01/2025,NYAX.TA,8755.919,16
16/01/2025,NYAX.TA,8742.9,17
17/01/2025,NYAX.TA,8652.006,18
18/01/2025,NYAX.TA,9038.556,19
19/01/2025,NYAX.TA,8990.295,20
20/01/2025,NYAX.TA,9048.904,21
21/01/2025,NYAX.TA,9318.966,22
22/01/2025,NYAX.TA,9471.63,23
23/01/2025,NYAX.TA,9431.913,24
24/01/2025,NYAX.TA,9485.119,25
25/01/2025,NYAX.TA,9516.954,26
26/01/2025,NYAX.TA,9801.498,27
27/01/2025,NYAX.TA,9771.254,28
28/01/2025,NYAX.TA,9752.465,29
29/01/2025,NYAX.TA,9821.993,30
31/12/2024,NTGR.TA,1315.43,1
01/01/2025,NTGR.TA,1306.0967,2
02/01/2025,NTGR.TA,1305.2576,3
03/01/2025,NTGR.TA,1324.922,4
04/01/2025,NTGR.TA,1346.0582,5
05/01/2025,NTGR.TA,1354.6843,6
06/01/2025,NTGR.TA,1363.0121,7
07/01/2025,NTGR.TA,1346.5011,8
08/01/2025,NTGR.TA,1326.6398,9
09/01/2025,NTGR.TA,1321.0743,10
10/01/2025,NTGR.TA,1324.2552,11
11/01/2025,NTGR.TA,1328.5192,12
12/01/2025,NTGR.TA,1311.2433,13
13/01/2025,NTGR.TA,1271.9393,14
14/01/2025,NTGR.TA,1253.467,15
15/01/2025,NTGR.TA,1269.9325,16
16/01/2025,NTGR.TA,1282.46,17
17/01/2025,NTGR.TA,1279.5083,18
18/01/2025,NTGR.TA,1265.9404,19
19/01/2025,NTGR.TA,1271.1805,20
20/01/2025,NTGR.TA,1273.8229,21
21/01/2025,NTGR.TA,1274.7552,22
22/01/2025,NTGR.TA,1282.4147,23
23/01/2025,NTGR.TA,1264.5144,24
24/01/2025,NTGR.TA,1277.9945,25
25/01/2025,NTGR.TA,1283.5199,26
26/01/2025,NTGR.TA,1260.4575,27
27/01/2025,NTGR.TA,1265.8921,28
28/01/2025,NTGR.TA,1266.2748,29
29/01/2025,NTGR.TA,1254.196,30
31/12/2024,NTNB.TA,234.00555,1
01/01/2025,NTNB.TA,235.75269,2
02/01/2025,NTNB.TA,233.82472,3
03/01/2025,NTNB.TA,233.69145,4
04/01/2025,NTNB.TA,235.06598,5
05/01/2025,NTNB.TA,238.0931,6
06/01/2025,NTNB.TA,240.45319,7
07/01/2025,NTNB.TA,240.81326,8
08/01/2025,NTNB.TA,241.09962,9
09/01/2025,NTNB.TA,240.12466,10
10/01/2025,NTNB.TA,242.78267,11
11/01/2025,NTNB.TA,250.42085,12
12/01/2025,NTNB.TA,252.40172,13
13/01/2025,NTNB.TA,249.60564,14
14/01/2025,NTNB.TA,252.81558,15
15/01/2025,NTNB.TA,252.2654,16
16/01/2025,NTNB.TA,255.41734,17
17/01/2025,NTNB.TA,251.84912,18
18/01/2025,NTNB.TA,254.1993,19
19/01/2025,NTNB.TA,256.90216,20
20/01/2025,NTNB.TA,256.1329,21
21/01/2025,NTNB.TA,253.72421,22
22/01/2025,NTNB.TA,251.38365,23
23/01/2025,NTNB.TA,248.87166,24
24/01/2025,NTNB.TA,253.43427,25
25/01/2025,NTNB.TA,250.2517,26
26/01/2025,NTNB.TA,252.04268,27
27/01/2025,NTNB.TA,255.46901,28
28/01/2025,NTNB.TA,255.11253,29
29/01/2025,NTNB.TA,253.71082,30
31/12/2024,NTO.TA,10483.502,1
01/01/2025,NTO.TA,10528.714,2
02/01/2025,NTO.TA,10314.666,3
03/01/2025,NTO.TA,10537.434,4
04/01/2025,NTO.TA,10357.075,5
05/01/2025,NTO.TA,10437.276,6
06/01/2025,NTO.TA,10415.957,7
07/01/2025,NTO.TA,10403.086,8
08/01/2025,NTO.TA,10589.402,9
09/01/2025,NTO.TA,11171.817,10
10/01/2025,NTO.TA,11395.631,11
11/01/2025,NTO.TA,11666.187,12
12/01/2025,NTO.TA,11883.457,13
13/01/2025,NTO.TA,12077.963,14
14/01/2025,NTO.TA,12030.07,15
15/01/2025,NTO.TA,11995.341,16
16/01/2025,NTO.TA,12216.333,17
17/01/2025,NTO.TA,12165.263,18
18/01/2025,NTO.TA,12343.289,19
19/01/2025,NTO.TA,12555.541,20
20/01/2025,NTO.TA,12746.845,21
21/01/2025,NTO.TA,12805.494,22
22/01/2025,NTO.TA,12951.747,23
23/01/2025,NTO.TA,12935.354,24
24/01/2025,NTO.TA,12950.842,25
25/01/2025,NTO.TA,13004.529,26
26/01/2025,NTO.TA,13308.523,27
27/01/2025,NTO.TA,13279.922,28
28/01/2025,NTO.TA,12824.386,29
29/01/2025,NTO.TA,13115.26,30
31/12/2024,NTML.TA,7590.9727,1
01/01/2025,NTML.TA,7705.563,2
02/01/2025,NTML.TA,7785.2495,3
03/01/2025,NTML.TA,7706.0884,4
04/01/2025,NTML.TA,7851.144,5
05/01/2025,NTML.TA,7745.633,6
06/01/2025,NTML.TA,8047.8965,7
07/01/2025,NTML.TA,8002.9717,8
08/01/2025,NTML.TA,8106.529,9
09/01/2025,NTML.TA,8250.837,10
10/01/2025,NTML.TA,8224.659,11
11/01/2025,NTML.TA,8272.6455,12
12/01/2025,NTML.TA,8284.219,13
13/01/2025,NTML.TA,8272.977,14
14/01/2025,NTML.TA,8383.07,15
15/01/2025,NTML.TA,8471.449,16
16/01/2025,NTML.TA,8368.797,17
17/01/2025,NTML.TA,8455.865,18
18/01/2025,NTML.TA,8507.829,19
19/01/2025,NTML.TA,8433.7,20
20/01/2025,NTML.TA,8733.021,21
21/01/2025,NTML.TA,8709.922,22
22/01/2025,NTML.TA,8628.191,23
23/01/2025,NTML.TA,8786.179,24
24/01/2025,NTML.TA,8760.221,25
25/01/2025,NTML.TA,8725.122,26
26/01/2025,NTML.TA,8619.667,27
27/01/2025,NTML.TA,8535.314,28
28/01/2025,NTML.TA,8454.932,29
29/01/2025,NTML.TA,8457.292,30
31/12/2024,NWMD.TA,1054.8759,1
01/01/2025,NWMD.TA,1081.8821,2
02/01/2025,NWMD.TA,1099.1722,3
03/01/2025,NWMD.TA,1068.2502,4
04/01/2025,NWMD.TA,1094.7135,5
05/01/2025,NWMD.TA,1103.5966,6
06/01/2025,NWMD.TA,1105.3595,7
07/01/2025,NWMD.TA,1088.64,8
08/01/2025,NWMD.TA,1093.0946,9
09/01/2025,NWMD.TA,1107.6124,10
10/01/2025,NWMD.TA,1095.5591,11
11/01/2025,NWMD.TA,1135.5818,12
12/01/2025,NWMD.TA,1145.4657,13
13/01/2025,NWMD.TA,1135.766,14
14/01/2025,NWMD.TA,1145.5692,15
15/01/2025,NWMD.TA,1154.9105,16
16/01/2025,NWMD.TA,1144.9866,17
17/01/2025,NWMD.TA,1138.4653,18
18/01/2025,NWMD.TA,1148.0851,19
19/01/2025,NWMD.TA,1168.6582,20
20/01/2025,NWMD.TA,1173.5365,21
21/01/2025,NWMD.TA,1187.2136,22
22/01/2025,NWMD.TA,1236.8953,23
23/01/2025,NWMD.TA,1228.6797,24
24/01/2025,NWMD.TA,1211.9531,25
25/01/2025,NWMD.TA,1256.2355,26
26/01/2025,NWMD.TA,1248.5829,27
27/01/2025,NWMD.TA,1227.9491,28
28/01/2025,NWMD.TA,1230.9397,29
29/01/2025,NWMD.TA,1230.4406,30
31/12/2024,NXSN.TA,4913.59,1
01/01/2025,NXSN.TA,4908.29,2
02/01/2025,NXSN.TA,4828.2734,3
03/01/2025,NXSN.TA,4838.0063,4
04/01/2025,NXSN.TA,4814.676,5
05/01/2025,NXSN.TA,4888.038,6
06/01/2025,NXSN.TA,4934.5054,7
07/01/2025,NXSN.TA,4869.442,8
08/01/2025,NXSN.TA,5013.3,9
09/01/2025,NXSN.TA,5277.857,10
10/01/2025,NXSN.TA,5257.7383,11
11/01/2025,NXSN.TA,5346.7485,12
12/01/2025,NXSN.TA,5504.345,13
13/01/2025,NXSN.TA,5250.8696,14
14/01/2025,NXSN.TA,5426.0635,15
15/01/2025,NXSN.TA,5187.0073,16
16/01/2025,NXSN.TA,5124.2646,17
17/01/2025,NXSN.TA,5169.049,18
18/01/2025,NXSN.TA,5091.9443,19
19/01/2025,NXSN.TA,5179.5317,20
20/01/2025,NXSN.TA,5107.3584,21
21/01/2025,NXSN.TA,5144.901,22
22/01/2025,NXSN.TA,5492.6147,23
23/01/2025,NXSN.TA,5569.2676,24
24/01/2025,NXSN.TA,5671.485,25
25/01/2025,NXSN.TA,5819.711,26
26/01/2025,NXSN.TA,5855.1636,27
27/01/2025,NXSN.TA,5958.8535,28
28/01/2025,NXSN.TA,5851.321,29
29/01/2025,NXSN.TA,5881.0605,30
31/12/2024,NXTG.TA,85.12396,1
01/01/2025,NXTG.TA,80.42475,2
02/01/2025,NXTG.TA,76.21684,3
03/01/2025,NXTG.TA,79.24569,4
04/01/2025,NXTG.TA,76.68523,5
05/01/2025,NXTG.TA,86.38088,6
06/01/2025,NXTG.TA,85.616486,7
07/01/2025,NXTG.TA,74.95913,8
08/01/2025,NXTG.TA,71.92086,9
09/01/2025,NXTG.TA,75.36082,10
10/01/2025,NXTG.TA,75.015884,11
11/01/2025,NXTG.TA,70.72775,12
12/01/2025,NXTG.TA,67.19556,13
13/01/2025,NXTG.TA,69.03666,14
14/01/2025,NXTG.TA,61.115135,15
15/01/2025,NXTG.TA,63.44111,16
16/01/2025,NXTG.TA,68.044945,17
17/01/2025,NXTG.TA,65.377525,18
18/01/2025,NXTG.TA,68.46962,19
19/01/2025,NXTG.TA,61.556957,20
20/01/2025,NXTG.TA,61.70477,21
21/01/2025,NXTG.TA,61.194103,22
22/01/2025,NXTG.TA,60.70252,23
23/01/2025,NXTG.TA,65.86441,24
24/01/2025,NXTG.TA,71.471375,25
25/01/2025,NXTG.TA,69.74803,26
26/01/2025,NXTG.TA,67.32461,27
27/01/2025,NXTG.TA,70.1841,28
28/01/2025,NXTG.TA,67.58032,29
29/01/2025,NXTG.TA,65.3464,30
31/12/2024,NXTM.TA,701.8246,1
01/01/2025,NXTM.TA,701.98303,2
02/01/2025,NXTM.TA,708.5767,3
03/01/2025,NXTM.TA,703.90424,4
04/01/2025,NXTM.TA,699.7783,5
05/01/2025,NXTM.TA,691.3574,6
06/01/2025,NXTM.TA,692.91425,7
07/01/2025,NXTM.TA,684.55566,8
08/01/2025,NXTM.TA,689.127,9
09/01/2025,NXTM.TA,686.2798,10
10/01/2025,NXTM.TA,704.3052,11
11/01/2025,NXTM.TA,705.6108,12
12/01/2025,NXTM.TA,719.446,13
13/01/2025,NXTM.TA,736.16364,14
14/01/2025,NXTM.TA,748.07654,15
15/01/2025,NXTM.TA,764.0051,16
16/01/2025,NXTM.TA,783.3941,17
17/01/2025,NXTM.TA,794.39984,18
18/01/2025,NXTM.TA,803.3023,19
19/01/2025,NXTM.TA,798.85284,20
20/01/2025,NXTM.TA,788.30316,21
21/01/2025,NXTM.TA,772.22015,22
22/01/2025,NXTM.TA,743.0045,23
23/01/2025,NXTM.TA,754.2282,24
24/01/2025,NXTM.TA,726.10986,25
25/01/2025,NXTM.TA,721.15857,26
26/01/2025,NXTM.TA,717.3101,27
27/01/2025,NXTM.TA,729.7927,28
28/01/2025,NXTM.TA,745.47876,29
29/01/2025,NXTM.TA,743.35754,30
31/12/2024,NXFR.TA,9097.309,1
01/01/2025,NXFR.TA,2189955,2
02/01/2025,NXFR.TA,-1.03E+09,3
03/01/2025,NXFR.TA,-4.12E+11,4
04/01/2025,NXFR.TA,5.99E+13,5
05/01/2025,NXFR.TA,-4.22E+15,6
06/01/2025,NXFR.TA,-1.81E+18,7
07/01/2025,NXFR.TA,5.29E+20,8
08/01/2025,NXFR.TA,-3.10E+22,9
09/01/2025,NXFR.TA,-8.18E+24,10
10/01/2025,NXFR.TA,-3.33E+27,11
11/01/2025,NXFR.TA,-4.34E+29,12
12/01/2025,NXFR.TA,-2.75E+32,13
13/01/2025,NXFR.TA,1.34E+35,14
14/01/2025,NXFR.TA,-3.60E+37,15
15/01/2025,NXFR.TA,-inf,16
16/01/2025,NXFR.TA,-inf,17
17/01/2025,NXFR.TA,inf,18
18/01/2025,NXFR.TA,inf,19
19/01/2025,NXFR.TA,inf,20
20/01/2025,NXFR.TA,-inf,21
21/01/2025,NXFR.TA,-inf,22
22/01/2025,NXFR.TA,-inf,23
23/01/2025,NXFR.TA,-inf,24
24/01/2025,NXFR.TA,inf,25
25/01/2025,NXFR.TA,-inf,26
26/01/2025,NXFR.TA,inf,27
27/01/2025,NXFR.TA,inf,28
28/01/2025,NXFR.TA,inf,29
29/01/2025,NXFR.TA,-inf,30
31/12/2024,NXGN.TA,37.148224,1
01/01/2025,NXGN.TA,15.560576,2
02/01/2025,NXGN.TA,16.621725,3
03/01/2025,NXGN.TA,19.99413,4
04/01/2025,NXGN.TA,27.492266,5
05/01/2025,NXGN.TA,19.414087,6
06/01/2025,NXGN.TA,24.869131,7
07/01/2025,NXGN.TA,40.88256,8
08/01/2025,NXGN.TA,23.985123,9
09/01/2025,NXGN.TA,18.644188,10
10/01/2025,NXGN.TA,26.009995,11
11/01/2025,NXGN.TA,28.146387,12
12/01/2025,NXGN.TA,30.630552,13
13/01/2025,NXGN.TA,24.736511,14
14/01/2025,NXGN.TA,27.0099,15
15/01/2025,NXGN.TA,32.5596,16
16/01/2025,NXGN.TA,30.07601,17
17/01/2025,NXGN.TA,32.27977,18
18/01/2025,NXGN.TA,33.697517,19
19/01/2025,NXGN.TA,32.78181,20
20/01/2025,NXGN.TA,28.35171,21
21/01/2025,NXGN.TA,17.211096,22
22/01/2025,NXGN.TA,25.0046,23
23/01/2025,NXGN.TA,28.022692,24
24/01/2025,NXGN.TA,31.227978,25
25/01/2025,NXGN.TA,31.063675,26
26/01/2025,NXGN.TA,37.799374,27
27/01/2025,NXGN.TA,41.673313,28
28/01/2025,NXGN.TA,45.958702,29
29/01/2025,NXGN.TA,46.71676,30
31/12/2024,NICE.TA,64019.207,1
01/01/2025,NICE.TA,64110.176,2
02/01/2025,NICE.TA,64262.18,3
03/01/2025,NICE.TA,63858.688,4
04/01/2025,NICE.TA,64765.04,5
05/01/2025,NICE.TA,63907.55,6
06/01/2025,NICE.TA,64348.242,7
07/01/2025,NICE.TA,62734.09,8
08/01/2025,NICE.TA,62895.67,9
09/01/2025,NICE.TA,62489.62,10
10/01/2025,NICE.TA,61255.555,11
11/01/2025,NICE.TA,61259.293,12
12/01/2025,NICE.TA,61925.984,13
13/01/2025,NICE.TA,63746.676,14
14/01/2025,NICE.TA,64644.504,15
15/01/2025,NICE.TA,64416.734,16
16/01/2025,NICE.TA,63257.004,17
17/01/2025,NICE.TA,61691.387,18
18/01/2025,NICE.TA,60878.316,19
19/01/2025,NICE.TA,62701.645,20
20/01/2025,NICE.TA,61431.895,21
21/01/2025,NICE.TA,62231.285,22
22/01/2025,NICE.TA,60595.777,23
23/01/2025,NICE.TA,60741.426,24
24/01/2025,NICE.TA,60999.566,25
25/01/2025,NICE.TA,58461.01,26
26/01/2025,NICE.TA,58620.137,27
27/01/2025,NICE.TA,59258.133,28
28/01/2025,NICE.TA,57450.465,29
29/01/2025,NICE.TA,58328.707,30
31/12/2024,NISA.TA,1290.533,1
01/01/2025,NISA.TA,1323.0432,2
02/01/2025,NISA.TA,1335.8862,3
03/01/2025,NISA.TA,1333.8574,4
04/01/2025,NISA.TA,1353.5,5
05/01/2025,NISA.TA,1346.6167,6
06/01/2025,NISA.TA,1362.6791,7
07/01/2025,NISA.TA,1407.2833,8
08/01/2025,NISA.TA,1395.6355,9
09/01/2025,NISA.TA,1382.0215,10
10/01/2025,NISA.TA,1385.5707,11
11/01/2025,NISA.TA,1381.4597,12
12/01/2025,NISA.TA,1342.2634,13
13/01/2025,NISA.TA,1328.6068,14
14/01/2025,NISA.TA,1280.601,15
15/01/2025,NISA.TA,1272.9604,16
16/01/2025,NISA.TA,1288.9408,17
17/01/2025,NISA.TA,1320.4084,18
18/01/2025,NISA.TA,1256.1951,19
19/01/2025,NISA.TA,1234.5023,20
20/01/2025,NISA.TA,1201.7445,21
21/01/2025,NISA.TA,1151.8484,22
22/01/2025,NISA.TA,1136.4027,23
23/01/2025,NISA.TA,1119.7649,24
24/01/2025,NISA.TA,1067.6835,25
25/01/2025,NISA.TA,1053.2993,26
26/01/2025,NISA.TA,1056.7075,27
27/01/2025,NISA.TA,1029.691,28
28/01/2025,NISA.TA,1003.72894,29
29/01/2025,NISA.TA,1015.4686,30
31/12/2024,NOFR.TA,8729.285,1
01/01/2025,NOFR.TA,8695.695,2
02/01/2025,NOFR.TA,8691.085,3
03/01/2025,NOFR.TA,8822.63,4
04/01/2025,NOFR.TA,8976.045,5
05/01/2025,NOFR.TA,8959.434,6
06/01/2025,NOFR.TA,9009.01,7
07/01/2025,NOFR.TA,9066.422,8
08/01/2025,NOFR.TA,9211.161,9
09/01/2025,NOFR.TA,9099.761,10
10/01/2025,NOFR.TA,9458.897,11
11/01/2025,NOFR.TA,9297.767,12
12/01/2025,NOFR.TA,9178.472,13
13/01/2025,NOFR.TA,9360.628,14
14/01/2025,NOFR.TA,9300.764,15
15/01/2025,NOFR.TA,9395.98,16
16/01/2025,NOFR.TA,9486.559,17
17/01/2025,NOFR.TA,9133.155,18
18/01/2025,NOFR.TA,9232.838,19
19/01/2025,NOFR.TA,8959.32,20
20/01/2025,NOFR.TA,8887.281,21
21/01/2025,NOFR.TA,8969.27,22
22/01/2025,NOFR.TA,9120.739,23
23/01/2025,NOFR.TA,8767.73,24
24/01/2025,NOFR.TA,8800.202,25
25/01/2025,NOFR.TA,8675.529,26
26/01/2025,NOFR.TA,8749.988,27
27/01/2025,NOFR.TA,8495.4,28
28/01/2025,NOFR.TA,8591.304,29
29/01/2025,NOFR.TA,8778.07,30
31/12/2024,NSTR.TA,1362.8424,1
01/01/2025,NSTR.TA,1394.1821,2
02/01/2025,NSTR.TA,1400.7322,3
03/01/2025,NSTR.TA,1396.1515,4
04/01/2025,NSTR.TA,1395.8073,5
05/01/2025,NSTR.TA,1393.1233,6
06/01/2025,NSTR.TA,1390.7046,7
07/01/2025,NSTR.TA,1368.7068,8
08/01/2025,NSTR.TA,1341.954,9
09/01/2025,NSTR.TA,1364.5546,10
10/01/2025,NSTR.TA,1412.6862,11
11/01/2025,NSTR.TA,1430.2544,12
12/01/2025,NSTR.TA,1424.4772,13
13/01/2025,NSTR.TA,1475.4739,14
14/01/2025,NSTR.TA,1459.0372,15
15/01/2025,NSTR.TA,1437.4803,16
16/01/2025,NSTR.TA,1442.196,17
17/01/2025,NSTR.TA,1435.1119,18
18/01/2025,NSTR.TA,1442.8477,19
19/01/2025,NSTR.TA,1400.6323,20
20/01/2025,NSTR.TA,1431.5859,21
21/01/2025,NSTR.TA,1427.6674,22
22/01/2025,NSTR.TA,1403.6654,23
23/01/2025,NSTR.TA,1447.4369,24
24/01/2025,NSTR.TA,1439.5674,25
25/01/2025,NSTR.TA,1457.5288,26
26/01/2025,NSTR.TA,1398.5571,27
27/01/2025,NSTR.TA,1317.5405,28
28/01/2025,NSTR.TA,1356.7279,29
29/01/2025,NSTR.TA,1332.7874,30
31/12/2024,NVMI.TA,66988.03,1
01/01/2025,NVMI.TA,60911.008,2
02/01/2025,NVMI.TA,58915.58,3
03/01/2025,NVMI.TA,59966.95,4
04/01/2025,NVMI.TA,59612.176,5
05/01/2025,NVMI.TA,63729.426,6
06/01/2025,NVMI.TA,62851.746,7
07/01/2025,NVMI.TA,63081.645,8
08/01/2025,NVMI.TA,63954.895,9
09/01/2025,NVMI.TA,62712.57,10
10/01/2025,NVMI.TA,63423.45,11
11/01/2025,NVMI.TA,61846.273,12
12/01/2025,NVMI.TA,62867.555,13
13/01/2025,NVMI.TA,63639.254,14
14/01/2025,NVMI.TA,63566.094,15
15/01/2025,NVMI.TA,62008,16
16/01/2025,NVMI.TA,64047.938,17
17/01/2025,NVMI.TA,63389.7,18
18/01/2025,NVMI.TA,67607.61,19
19/01/2025,NVMI.TA,68655.625,20
20/01/2025,NVMI.TA,65928.74,21
21/01/2025,NVMI.TA,65696.586,22
22/01/2025,NVMI.TA,68560.67,23
23/01/2025,NVMI.TA,70873.16,24
24/01/2025,NVMI.TA,79898.95,25
25/01/2025,NVMI.TA,78966.25,26
26/01/2025,NVMI.TA,82439.18,27
27/01/2025,NVMI.TA,77689.695,28
28/01/2025,NVMI.TA,76701.28,29
29/01/2025,NVMI.TA,72617.77,30
31/12/2024,NVLG.TA,175.77826,1
01/01/2025,NVLG.TA,176.21828,2
02/01/2025,NVLG.TA,178.02983,3
03/01/2025,NVLG.TA,179.7584,4
04/01/2025,NVLG.TA,181.21762,5
05/01/2025,NVLG.TA,182.51265,6
06/01/2025,NVLG.TA,183.042,7
07/01/2025,NVLG.TA,181.89027,8
08/01/2025,NVLG.TA,178.64868,9
09/01/2025,NVLG.TA,180.36201,10
10/01/2025,NVLG.TA,181.61446,11
11/01/2025,NVLG.TA,176.62323,12
12/01/2025,NVLG.TA,178.51611,13
13/01/2025,NVLG.TA,183.79907,14
14/01/2025,NVLG.TA,187.41074,15
15/01/2025,NVLG.TA,188.46336,16
16/01/2025,NVLG.TA,184.85512,17
17/01/2025,NVLG.TA,188.02852,18
18/01/2025,NVLG.TA,190.2124,19
19/01/2025,NVLG.TA,188.54105,20
20/01/2025,NVLG.TA,184.29803,21
21/01/2025,NVLG.TA,185.58003,22
22/01/2025,NVLG.TA,184.58537,23
23/01/2025,NVLG.TA,187.47412,24
24/01/2025,NVLG.TA,189.18024,25
25/01/2025,NVLG.TA,191.19647,26
26/01/2025,NVLG.TA,191.71106,27
27/01/2025,NVLG.TA,192.08562,28
28/01/2025,NVLG.TA,193.02876,29
29/01/2025,NVLG.TA,193.27017,30
31/12/2024,NRGN.TA,258.27643,1
01/01/2025,NRGN.TA,236.3843,2
02/01/2025,NRGN.TA,243.35907,3
03/01/2025,NRGN.TA,251.83257,4
04/01/2025,NRGN.TA,238.2462,5
05/01/2025,NRGN.TA,246.51361,6
06/01/2025,NRGN.TA,238.8864,7
07/01/2025,NRGN.TA,237.7156,8
08/01/2025,NRGN.TA,207.4405,9
09/01/2025,NRGN.TA,199.03717,10
10/01/2025,NRGN.TA,207.64058,11
11/01/2025,NRGN.TA,220.10492,12
12/01/2025,NRGN.TA,206.59593,13
13/01/2025,NRGN.TA,227.15756,14
14/01/2025,NRGN.TA,222.52393,15
15/01/2025,NRGN.TA,239.2196,16
16/01/2025,NRGN.TA,245.73082,17
17/01/2025,NRGN.TA,237.93376,18
18/01/2025,NRGN.TA,254.22545,19
19/01/2025,NRGN.TA,253.64668,20
20/01/2025,NRGN.TA,280.02487,21
21/01/2025,NRGN.TA,272.0351,22
22/01/2025,NRGN.TA,282.16278,23
23/01/2025,NRGN.TA,279.37817,24
24/01/2025,NRGN.TA,269.29385,25
25/01/2025,NRGN.TA,254.52565,26
26/01/2025,NRGN.TA,276.1231,27
27/01/2025,NRGN.TA,247.25114,28
28/01/2025,NRGN.TA,256.2202,29
29/01/2025,NRGN.TA,255.74615,30
31/12/2024,NURI.TA,911.1717,1
01/01/2025,NURI.TA,1086.8525,2
02/01/2025,NURI.TA,1226.7393,3
03/01/2025,NURI.TA,1402.3187,4
04/01/2025,NURI.TA,1655.5547,5
05/01/2025,NURI.TA,1757.3674,6
06/01/2025,NURI.TA,1749.145,7
07/01/2025,NURI.TA,2699.8796,8
08/01/2025,NURI.TA,2328.2854,9
09/01/2025,NURI.TA,2119.6465,10
10/01/2025,NURI.TA,2422.7617,11
11/01/2025,NURI.TA,2343.9634,12
12/01/2025,NURI.TA,2179.6753,13
13/01/2025,NURI.TA,2048.3884,14
14/01/2025,NURI.TA,1672.4098,15
15/01/2025,NURI.TA,1507.4191,16
16/01/2025,NURI.TA,1781.6248,17
17/01/2025,NURI.TA,1892.8296,18
18/01/2025,NURI.TA,2244.5986,19
19/01/2025,NURI.TA,2622.4478,20
20/01/2025,NURI.TA,3024.0103,21
21/01/2025,NURI.TA,2737.4636,22
22/01/2025,NURI.TA,1854.3953,23
23/01/2025,NURI.TA,2593.1956,24
24/01/2025,NURI.TA,3937.3948,25
25/01/2025,NURI.TA,3584.5771,26
26/01/2025,NURI.TA,3898.8472,27
27/01/2025,NURI.TA,4252.0625,28
28/01/2025,NURI.TA,5876.8833,29
29/01/2025,NURI.TA,6601.259,30
31/12/2024,ORTC.TA,941.7206,1
01/01/2025,ORTC.TA,952.534,2
02/01/2025,ORTC.TA,953.08746,3
03/01/2025,ORTC.TA,970.99084,4
04/01/2025,ORTC.TA,958.08813,5
05/01/2025,ORTC.TA,951.4562,6
06/01/2025,ORTC.TA,946.7454,7
07/01/2025,ORTC.TA,868.3131,8
08/01/2025,ORTC.TA,837.9691,9
09/01/2025,ORTC.TA,817.43195,10
10/01/2025,ORTC.TA,802.83765,11
11/01/2025,ORTC.TA,787.83685,12
12/01/2025,ORTC.TA,784.86383,13
13/01/2025,ORTC.TA,750.3244,14
14/01/2025,ORTC.TA,733.4699,15
15/01/2025,ORTC.TA,742.73126,16
16/01/2025,ORTC.TA,762.4671,17
17/01/2025,ORTC.TA,763.3508,18
18/01/2025,ORTC.TA,727.7534,19
19/01/2025,ORTC.TA,708.64886,20
20/01/2025,ORTC.TA,682.81866,21
21/01/2025,ORTC.TA,686.8289,22
22/01/2025,ORTC.TA,670.64636,23
23/01/2025,ORTC.TA,643.0914,24
24/01/2025,ORTC.TA,643.6282,25
25/01/2025,ORTC.TA,621.23285,26
26/01/2025,ORTC.TA,612.85895,27
27/01/2025,ORTC.TA,622.1819,28
28/01/2025,ORTC.TA,649.0555,29
29/01/2025,ORTC.TA,636.60565,30
31/12/2024,ONE.TA,7099.6826,1
01/01/2025,ONE.TA,7167.301,2
02/01/2025,ONE.TA,7230.922,3
03/01/2025,ONE.TA,7323.0327,4
04/01/2025,ONE.TA,7171.102,5
05/01/2025,ONE.TA,7286.7783,6
06/01/2025,ONE.TA,7320.8184,7
07/01/2025,ONE.TA,7662.4966,8
08/01/2025,ONE.TA,7814.851,9
09/01/2025,ONE.TA,7914.3604,10
10/01/2025,ONE.TA,7972.63,11
11/01/2025,ONE.TA,7728.3613,12
12/01/2025,ONE.TA,7452.9175,13
13/01/2025,ONE.TA,7341.2344,14
14/01/2025,ONE.TA,7299.619,15
15/01/2025,ONE.TA,7496.839,16
16/01/2025,ONE.TA,7340.75,17
17/01/2025,ONE.TA,7322.963,18
18/01/2025,ONE.TA,7287.3433,19
19/01/2025,ONE.TA,7312.465,20
20/01/2025,ONE.TA,7056.2773,21
21/01/2025,ONE.TA,7052.402,22
22/01/2025,ONE.TA,6892.2495,23
23/01/2025,ONE.TA,7212.9116,24
24/01/2025,ONE.TA,7141.167,25
25/01/2025,ONE.TA,7053.215,26
26/01/2025,ONE.TA,7107.0693,27
27/01/2025,ONE.TA,6907.865,28
28/01/2025,ONE.TA,7038.2676,29
29/01/2025,ONE.TA,7172.9985,30
31/12/2024,OPAL.TA,228.10649,1
01/01/2025,OPAL.TA,227.14027,2
02/01/2025,OPAL.TA,232.00616,3
03/01/2025,OPAL.TA,229.59132,4
04/01/2025,OPAL.TA,229.99242,5
05/01/2025,OPAL.TA,229.98,6
06/01/2025,OPAL.TA,227.00697,7
07/01/2025,OPAL.TA,227.03276,8
08/01/2025,OPAL.TA,229.67587,9
09/01/2025,OPAL.TA,233.51572,10
10/01/2025,OPAL.TA,238.23672,11
11/01/2025,OPAL.TA,245.04279,12
12/01/2025,OPAL.TA,242.12221,13
13/01/2025,OPAL.TA,243.94783,14
14/01/2025,OPAL.TA,245.01001,15
15/01/2025,OPAL.TA,238.88867,16
16/01/2025,OPAL.TA,234.11264,17
17/01/2025,OPAL.TA,234.30669,18
18/01/2025,OPAL.TA,231.71506,19
19/01/2025,OPAL.TA,234.6883,20
20/01/2025,OPAL.TA,239.15944,21
21/01/2025,OPAL.TA,236.97484,22
22/01/2025,OPAL.TA,244.69774,23
23/01/2025,OPAL.TA,253.15556,24
24/01/2025,OPAL.TA,254.4469,25
25/01/2025,OPAL.TA,262.4214,26
26/01/2025,OPAL.TA,264.5782,27
27/01/2025,OPAL.TA,270.97565,28
28/01/2025,OPAL.TA,277.00378,29
29/01/2025,OPAL.TA,277.901,30
31/12/2024,OPCE.TA,2857.117,1
01/01/2025,OPCE.TA,2795.6028,2
02/01/2025,OPCE.TA,2623.6438,3
03/01/2025,OPCE.TA,2645.313,4
04/01/2025,OPCE.TA,2641.221,5
05/01/2025,OPCE.TA,2605.216,6
06/01/2025,OPCE.TA,2599.9841,7
07/01/2025,OPCE.TA,2518.3105,8
08/01/2025,OPCE.TA,2589.6301,9
09/01/2025,OPCE.TA,2615.8398,10
10/01/2025,OPCE.TA,2543.8,11
11/01/2025,OPCE.TA,2555.4622,12
12/01/2025,OPCE.TA,2551.4736,13
13/01/2025,OPCE.TA,2593.9138,14
14/01/2025,OPCE.TA,2599.9678,15
15/01/2025,OPCE.TA,2629.5674,16
16/01/2025,OPCE.TA,2620.642,17
17/01/2025,OPCE.TA,2623.1492,18
18/01/2025,OPCE.TA,2726.421,19
19/01/2025,OPCE.TA,2720.0356,20
20/01/2025,OPCE.TA,2639.3843,21
21/01/2025,OPCE.TA,2633.522,22
22/01/2025,OPCE.TA,2581.775,23
23/01/2025,OPCE.TA,2553.3596,24
24/01/2025,OPCE.TA,2623.5676,25
25/01/2025,OPCE.TA,2609.748,26
26/01/2025,OPCE.TA,2566.4292,27
27/01/2025,OPCE.TA,2588.2668,28
28/01/2025,OPCE.TA,2625.298,29
29/01/2025,OPCE.TA,2640.4883,30
31/12/2024,OPK.TA,547.92255,1
01/01/2025,OPK.TA,546.55884,2
02/01/2025,OPK.TA,543.93555,3
03/01/2025,OPK.TA,569.463,4
04/01/2025,OPK.TA,533.1376,5
05/01/2025,OPK.TA,511.03555,6
06/01/2025,OPK.TA,515.25214,7
07/01/2025,OPK.TA,512.76013,8
08/01/2025,OPK.TA,526.3364,9
09/01/2025,OPK.TA,556.3958,10
10/01/2025,OPK.TA,571.94977,11
11/01/2025,OPK.TA,560.2593,12
12/01/2025,OPK.TA,553.5513,13
13/01/2025,OPK.TA,517.2068,14
14/01/2025,OPK.TA,488.30566,15
15/01/2025,OPK.TA,494.98935,16
16/01/2025,OPK.TA,492.15958,17
17/01/2025,OPK.TA,481.93805,18
18/01/2025,OPK.TA,503.82196,19
19/01/2025,OPK.TA,484.1022,20
20/01/2025,OPK.TA,487.47867,21
21/01/2025,OPK.TA,483.7055,22
22/01/2025,OPK.TA,470.40262,23
23/01/2025,OPK.TA,450.21533,24
24/01/2025,OPK.TA,434.1245,25
25/01/2025,OPK.TA,431.0133,26
26/01/2025,OPK.TA,433.40344,27
27/01/2025,OPK.TA,434.29535,28
28/01/2025,OPK.TA,442.73837,29
29/01/2025,OPK.TA,448.72177,30
31/12/2024,ORAD.TA,60.087906,1
01/01/2025,ORAD.TA,61.33951,2
02/01/2025,ORAD.TA,61.11137,3
03/01/2025,ORAD.TA,59.182354,4
04/01/2025,ORAD.TA,57.86771,5
05/01/2025,ORAD.TA,55.9604,6
06/01/2025,ORAD.TA,56.112213,7
07/01/2025,ORAD.TA,55.09428,8
08/01/2025,ORAD.TA,53.17712,9
09/01/2025,ORAD.TA,53.325115,10
10/01/2025,ORAD.TA,54.46861,11
11/01/2025,ORAD.TA,56.11956,12
12/01/2025,ORAD.TA,57.653324,13
13/01/2025,ORAD.TA,59.046127,14
14/01/2025,ORAD.TA,58.30733,15
15/01/2025,ORAD.TA,60.888885,16
16/01/2025,ORAD.TA,62.16732,17
17/01/2025,ORAD.TA,63.171604,18
18/01/2025,ORAD.TA,61.696156,19
19/01/2025,ORAD.TA,65.6163,20
20/01/2025,ORAD.TA,64.99077,21
21/01/2025,ORAD.TA,63.208607,22
22/01/2025,ORAD.TA,63.120594,23
23/01/2025,ORAD.TA,61.08761,24
24/01/2025,ORAD.TA,60.087254,25
25/01/2025,ORAD.TA,63.094593,26
26/01/2025,ORAD.TA,61.73137,27
27/01/2025,ORAD.TA,59.151466,28
28/01/2025,ORAD.TA,58.009735,29
29/01/2025,ORAD.TA,59.295578,30
31/12/2024,ORMP.TA,852.7069,1
01/01/2025,ORMP.TA,842.4026,2
02/01/2025,ORMP.TA,822.8509,3
03/01/2025,ORMP.TA,834.23,4
04/01/2025,ORMP.TA,815.4449,5
05/01/2025,ORMP.TA,801.4826,6
06/01/2025,ORMP.TA,800.39844,7
07/01/2025,ORMP.TA,784.42053,8
08/01/2025,ORMP.TA,798.81635,9
09/01/2025,ORMP.TA,752.9352,10
10/01/2025,ORMP.TA,722.5901,11
11/01/2025,ORMP.TA,716.699,12
12/01/2025,ORMP.TA,716.5982,13
13/01/2025,ORMP.TA,713.37317,14
14/01/2025,ORMP.TA,715.3941,15
15/01/2025,ORMP.TA,728.4916,16
16/01/2025,ORMP.TA,745.831,17
17/01/2025,ORMP.TA,746.35236,18
18/01/2025,ORMP.TA,718.1606,19
19/01/2025,ORMP.TA,705.88104,20
20/01/2025,ORMP.TA,705.58026,21
21/01/2025,ORMP.TA,684.60345,22
22/01/2025,ORMP.TA,682.05524,23
23/01/2025,ORMP.TA,667.0841,24
24/01/2025,ORMP.TA,632.4162,25
25/01/2025,ORMP.TA,648.3412,26
26/01/2025,ORMP.TA,647.2828,27
27/01/2025,ORMP.TA,651.01855,28
28/01/2025,ORMP.TA,649.1677,29
29/01/2025,ORMP.TA,648.07446,30
31/12/2024,ORBI.TA,2911.4666,1
01/01/2025,ORBI.TA,2933.72,2
02/01/2025,ORBI.TA,2890.029,3
03/01/2025,ORBI.TA,2931.655,4
04/01/2025,ORBI.TA,2952.357,5
05/01/2025,ORBI.TA,2907.4028,6
06/01/2025,ORBI.TA,2805.653,7
07/01/2025,ORBI.TA,2718.8591,8
08/01/2025,ORBI.TA,2723.5986,9
09/01/2025,ORBI.TA,2652.768,10
10/01/2025,ORBI.TA,2661.6934,11
11/01/2025,ORBI.TA,2707.397,12
12/01/2025,ORBI.TA,2616.1313,13
13/01/2025,ORBI.TA,2589.585,14
14/01/2025,ORBI.TA,2610.9958,15
15/01/2025,ORBI.TA,2612.925,16
16/01/2025,ORBI.TA,2568.067,17
17/01/2025,ORBI.TA,2626.2292,18
18/01/2025,ORBI.TA,2653.2798,19
19/01/2025,ORBI.TA,2729.34,20
20/01/2025,ORBI.TA,2791.319,21
21/01/2025,ORBI.TA,2943.6848,22
22/01/2025,ORBI.TA,2979.295,23
23/01/2025,ORBI.TA,2977.1804,24
24/01/2025,ORBI.TA,2875.3877,25
25/01/2025,ORBI.TA,2848.693,26
26/01/2025,ORBI.TA,2919.0037,27
27/01/2025,ORBI.TA,2917.5647,28
28/01/2025,ORBI.TA,2983.0232,29
29/01/2025,ORBI.TA,3007.1572,30
31/12/2024,ORIN.TA,1999.0951,1
01/01/2025,ORIN.TA,2032.1705,2
02/01/2025,ORIN.TA,2024.7827,3
03/01/2025,ORIN.TA,2097.9614,4
04/01/2025,ORIN.TA,2138.424,5
05/01/2025,ORIN.TA,2116.3633,6
06/01/2025,ORIN.TA,2205.6428,7
07/01/2025,ORIN.TA,2308.4175,8
08/01/2025,ORIN.TA,2318.057,9
09/01/2025,ORIN.TA,2327.6992,10
10/01/2025,ORIN.TA,2389.3574,11
11/01/2025,ORIN.TA,2411.5146,12
12/01/2025,ORIN.TA,2472.7268,13
13/01/2025,ORIN.TA,2521.9783,14
14/01/2025,ORIN.TA,2386.7598,15
15/01/2025,ORIN.TA,2284.873,16
16/01/2025,ORIN.TA,2305.33,17
17/01/2025,ORIN.TA,2244.7856,18
18/01/2025,ORIN.TA,2209.582,19
19/01/2025,ORIN.TA,2220.8865,20
20/01/2025,ORIN.TA,2289.1128,21
21/01/2025,ORIN.TA,2315.478,22
22/01/2025,ORIN.TA,2447.1611,23
23/01/2025,ORIN.TA,2469.7954,24
24/01/2025,ORIN.TA,2549.9233,25
25/01/2025,ORIN.TA,2490.8726,26
26/01/2025,ORIN.TA,2465.5947,27
27/01/2025,ORIN.TA,2448.5493,28
28/01/2025,ORIN.TA,2403.4473,29
29/01/2025,ORIN.TA,2453.675,30
31/12/2024,ORA.TA,24879.438,1
01/01/2025,ORA.TA,25180.2,2
02/01/2025,ORA.TA,24588.023,3
03/01/2025,ORA.TA,23829.441,4
04/01/2025,ORA.TA,23283.621,5
05/01/2025,ORA.TA,23218.76,6
06/01/2025,ORA.TA,22633.863,7
07/01/2025,ORA.TA,22120.736,8
08/01/2025,ORA.TA,22346.29,9
09/01/2025,ORA.TA,22389.623,10
10/01/2025,ORA.TA,21930.77,11
11/01/2025,ORA.TA,22233.65,12
12/01/2025,ORA.TA,22048.895,13
13/01/2025,ORA.TA,21612.08,14
14/01/2025,ORA.TA,21637.066,15
15/01/2025,ORA.TA,21966.209,16
16/01/2025,ORA.TA,21052.812,17
17/01/2025,ORA.TA,21236.438,18
18/01/2025,ORA.TA,21506.385,19
19/01/2025,ORA.TA,21698.883,20
20/01/2025,ORA.TA,21104.227,21
21/01/2025,ORA.TA,20725.238,22
22/01/2025,ORA.TA,21172.412,23
23/01/2025,ORA.TA,20853.693,24
24/01/2025,ORA.TA,20865.965,25
25/01/2025,ORA.TA,21158.816,26
26/01/2025,ORA.TA,22151.41,27
27/01/2025,ORA.TA,21357.373,28
28/01/2025,ORA.TA,21587.389,29
29/01/2025,ORA.TA,21813.16,30
31/12/2024,ORON.TA,1060.2256,1
01/01/2025,ORON.TA,1050.6636,2
02/01/2025,ORON.TA,1079.2352,3
03/01/2025,ORON.TA,1082.139,4
04/01/2025,ORON.TA,1093.7904,5
05/01/2025,ORON.TA,1097.5936,6
06/01/2025,ORON.TA,1079.7772,7
07/01/2025,ORON.TA,1079.4008,8
08/01/2025,ORON.TA,1069.9916,9
09/01/2025,ORON.TA,1112.8947,10
10/01/2025,ORON.TA,1123.1107,11
11/01/2025,ORON.TA,1117.3823,12
12/01/2025,ORON.TA,1113.585,13
13/01/2025,ORON.TA,1116.1069,14
14/01/2025,ORON.TA,1107.1486,15
15/01/2025,ORON.TA,1114.7297,16
16/01/2025,ORON.TA,1124.7152,17
17/01/2025,ORON.TA,1130.9163,18
18/01/2025,ORON.TA,1122.7996,19
19/01/2025,ORON.TA,1130.6302,20
20/01/2025,ORON.TA,1127.8838,21
21/01/2025,ORON.TA,1151.297,22
22/01/2025,ORON.TA,1136.2819,23
23/01/2025,ORON.TA,1144.3936,24
24/01/2025,ORON.TA,1132.5752,25
25/01/2025,ORON.TA,1164.362,26
26/01/2025,ORON.TA,1182.4266,27
27/01/2025,ORON.TA,1191.7805,28
28/01/2025,ORON.TA,1216.9955,29
29/01/2025,ORON.TA,1243.6703,30
31/12/2024,OVRS.TA,404.0735,1
01/01/2025,OVRS.TA,385.37027,2
02/01/2025,OVRS.TA,366.3503,3
03/01/2025,OVRS.TA,368.05746,4
04/01/2025,OVRS.TA,354.14734,5
05/01/2025,OVRS.TA,354.1678,6
06/01/2025,OVRS.TA,348.8979,7
07/01/2025,OVRS.TA,348.71478,8
08/01/2025,OVRS.TA,347.77057,9
09/01/2025,OVRS.TA,355.08136,10
10/01/2025,OVRS.TA,350.79343,11
11/01/2025,OVRS.TA,344.6851,12
12/01/2025,OVRS.TA,345.92728,13
13/01/2025,OVRS.TA,362.02557,14
14/01/2025,OVRS.TA,364.69836,15
15/01/2025,OVRS.TA,351.83713,16
16/01/2025,OVRS.TA,348.69794,17
17/01/2025,OVRS.TA,350.79715,18
18/01/2025,OVRS.TA,355.78802,19
19/01/2025,OVRS.TA,347.62048,20
20/01/2025,OVRS.TA,342.23083,21
21/01/2025,OVRS.TA,346.44885,22
22/01/2025,OVRS.TA,345.32443,23
23/01/2025,OVRS.TA,347.543,24
24/01/2025,OVRS.TA,352.6177,25
25/01/2025,OVRS.TA,345.03,26
26/01/2025,OVRS.TA,359.16617,27
27/01/2025,OVRS.TA,354.28247,28
28/01/2025,OVRS.TA,350.38226,29
29/01/2025,OVRS.TA,339.72003,30
31/12/2024,PLRM.TA,7040.88,1
01/01/2025,PLRM.TA,7141.5586,2
02/01/2025,PLRM.TA,7392.092,3
03/01/2025,PLRM.TA,7375.2393,4
04/01/2025,PLRM.TA,7381.3706,5
05/01/2025,PLRM.TA,7336.5254,6
06/01/2025,PLRM.TA,7226.696,7
07/01/2025,PLRM.TA,7269.3276,8
08/01/2025,PLRM.TA,7244.097,9
09/01/2025,PLRM.TA,7089.196,10
10/01/2025,PLRM.TA,7258.7324,11
11/01/2025,PLRM.TA,7285.61,12
12/01/2025,PLRM.TA,7332.116,13
13/01/2025,PLRM.TA,7447.0547,14
14/01/2025,PLRM.TA,7370.006,15
15/01/2025,PLRM.TA,7472.4995,16
16/01/2025,PLRM.TA,7468.5845,17
17/01/2025,PLRM.TA,7502.836,18
18/01/2025,PLRM.TA,7635.212,19
19/01/2025,PLRM.TA,7753.683,20
20/01/2025,PLRM.TA,7635.108,21
21/01/2025,PLRM.TA,7738.11,22
22/01/2025,PLRM.TA,7604.0186,23
23/01/2025,PLRM.TA,7619.559,24
24/01/2025,PLRM.TA,7777.342,25
25/01/2025,PLRM.TA,7801.7256,26
26/01/2025,PLRM.TA,7796.2256,27
27/01/2025,PLRM.TA,7811.0103,28
28/01/2025,PLRM.TA,7865.7373,29
29/01/2025,PLRM.TA,7977.649,30
31/12/2024,PRKM.TA,541.4975,1
01/01/2025,PRKM.TA,551.3133,2
02/01/2025,PRKM.TA,562.0144,3
03/01/2025,PRKM.TA,564.0891,4
04/01/2025,PRKM.TA,565.34314,5
05/01/2025,PRKM.TA,560.4433,6
06/01/2025,PRKM.TA,559.5626,7
07/01/2025,PRKM.TA,569.4243,8
08/01/2025,PRKM.TA,578.386,9
09/01/2025,PRKM.TA,581.94574,10
10/01/2025,PRKM.TA,581.6803,11
11/01/2025,PRKM.TA,585.26373,12
12/01/2025,PRKM.TA,606.4431,13
13/01/2025,PRKM.TA,620.56244,14
14/01/2025,PRKM.TA,621.21173,15
15/01/2025,PRKM.TA,615.6334,16
16/01/2025,PRKM.TA,628.83344,17
17/01/2025,PRKM.TA,649.8765,18
18/01/2025,PRKM.TA,643.97766,19
19/01/2025,PRKM.TA,642.59924,20
20/01/2025,PRKM.TA,644.5985,21
21/01/2025,PRKM.TA,657.40466,22
22/01/2025,PRKM.TA,669.8697,23
23/01/2025,PRKM.TA,670.3065,24
24/01/2025,PRKM.TA,666.9521,25
25/01/2025,PRKM.TA,674.5633,26
26/01/2025,PRKM.TA,671.01117,27
27/01/2025,PRKM.TA,682.20636,28
28/01/2025,PRKM.TA,688.43005,29
29/01/2025,PRKM.TA,701.9193,30
31/12/2024,PTNR.TA,2335.8176,1
01/01/2025,PTNR.TA,2350.2634,2
02/01/2025,PTNR.TA,2320.1575,3
03/01/2025,PTNR.TA,2378.671,4
04/01/2025,PTNR.TA,2473.6714,5
05/01/2025,PTNR.TA,2596.4207,6
06/01/2025,PTNR.TA,2685.1426,7
07/01/2025,PTNR.TA,2670.7986,8
08/01/2025,PTNR.TA,2725.227,9
09/01/2025,PTNR.TA,2753.7366,10
10/01/2025,PTNR.TA,2793.7095,11
11/01/2025,PTNR.TA,2667.9976,12
12/01/2025,PTNR.TA,2764.0461,13
13/01/2025,PTNR.TA,2822.9966,14
14/01/2025,PTNR.TA,2882.4348,15
15/01/2025,PTNR.TA,2870.2993,16
16/01/2025,PTNR.TA,2811.4714,17
17/01/2025,PTNR.TA,2878.0015,18
18/01/2025,PTNR.TA,2950.7114,19
19/01/2025,PTNR.TA,2857.549,20
20/01/2025,PTNR.TA,2862.1035,21
21/01/2025,PTNR.TA,2904.049,22
22/01/2025,PTNR.TA,2924.6985,23
23/01/2025,PTNR.TA,2941.971,24
24/01/2025,PTNR.TA,2997.996,25
25/01/2025,PTNR.TA,3015.9263,26
26/01/2025,PTNR.TA,3163.16,27
27/01/2025,PTNR.TA,3065.165,28
28/01/2025,PTNR.TA,3161.531,29
29/01/2025,PTNR.TA,3254.8452,30
31/12/2024,PMNT.TA,332.65677,1
01/01/2025,PMNT.TA,331.52744,2
02/01/2025,PMNT.TA,324.363,3
03/01/2025,PMNT.TA,313.49503,4
04/01/2025,PMNT.TA,322.5374,5
05/01/2025,PMNT.TA,321.22562,6
06/01/2025,PMNT.TA,339.38525,7
07/01/2025,PMNT.TA,321.6714,8
08/01/2025,PMNT.TA,334.97144,9
09/01/2025,PMNT.TA,329.86252,10
10/01/2025,PMNT.TA,328.39615,11
11/01/2025,PMNT.TA,325.41272,12
12/01/2025,PMNT.TA,324.32715,13
13/01/2025,PMNT.TA,323.68176,14
14/01/2025,PMNT.TA,364.86368,15
15/01/2025,PMNT.TA,357.34708,16
16/01/2025,PMNT.TA,348.1333,17
17/01/2025,PMNT.TA,355.5191,18
18/01/2025,PMNT.TA,369.37122,19
19/01/2025,PMNT.TA,360.74478,20
20/01/2025,PMNT.TA,333.2213,21
21/01/2025,PMNT.TA,328.75754,22
22/01/2025,PMNT.TA,327.3385,23
23/01/2025,PMNT.TA,323.15677,24
24/01/2025,PMNT.TA,306.27185,25
25/01/2025,PMNT.TA,308.66125,26
26/01/2025,PMNT.TA,307.62473,27
27/01/2025,PMNT.TA,309.97894,28
28/01/2025,PMNT.TA,319.0528,29
29/01/2025,PMNT.TA,301.92255,30
31/12/2024,PAYT.TA,6866.4863,1
01/01/2025,PAYT.TA,7138.3086,2
02/01/2025,PAYT.TA,7239.8145,3
03/01/2025,PAYT.TA,7196.844,4
04/01/2025,PAYT.TA,7422.8584,5
05/01/2025,PAYT.TA,7307.5405,6
06/01/2025,PAYT.TA,7465.3477,7
07/01/2025,PAYT.TA,7382.0767,8
08/01/2025,PAYT.TA,7453.741,9
09/01/2025,PAYT.TA,7420.4365,10
10/01/2025,PAYT.TA,7574.287,11
11/01/2025,PAYT.TA,7752.8696,12
12/01/2025,PAYT.TA,7558.841,13
13/01/2025,PAYT.TA,7607.3545,14
14/01/2025,PAYT.TA,7497.8364,15
15/01/2025,PAYT.TA,7519.0303,16
16/01/2025,PAYT.TA,7480.199,17
17/01/2025,PAYT.TA,7513.6436,18
18/01/2025,PAYT.TA,7513.2188,19
19/01/2025,PAYT.TA,7418.8984,20
20/01/2025,PAYT.TA,7538.2266,21
21/01/2025,PAYT.TA,7427.97,22
22/01/2025,PAYT.TA,7669.686,23
23/01/2025,PAYT.TA,7759.8267,24
24/01/2025,PAYT.TA,7581.26,25
25/01/2025,PAYT.TA,7509.5415,26
26/01/2025,PAYT.TA,7494.578,27
27/01/2025,PAYT.TA,7462.3613,28
28/01/2025,PAYT.TA,7522.864,29
29/01/2025,PAYT.TA,7560.286,30
31/12/2024,PAZ.TA,42487.92,1
01/01/2025,PAZ.TA,42154.098,2
02/01/2025,PAZ.TA,42522.97,3
03/01/2025,PAZ.TA,41823.89,4
04/01/2025,PAZ.TA,40882.08,5
05/01/2025,PAZ.TA,40808.33,6
06/01/2025,PAZ.TA,40684.676,7
07/01/2025,PAZ.TA,40429.36,8
08/01/2025,PAZ.TA,40537.027,9
09/01/2025,PAZ.TA,40979.234,10
10/01/2025,PAZ.TA,41665.86,11
11/01/2025,PAZ.TA,42230.11,12
12/01/2025,PAZ.TA,42163.66,13
13/01/2025,PAZ.TA,41768.383,14
14/01/2025,PAZ.TA,42618.992,15
15/01/2025,PAZ.TA,43263.336,16
16/01/2025,PAZ.TA,43499.992,17
17/01/2025,PAZ.TA,42874.656,18
18/01/2025,PAZ.TA,43176.617,19
19/01/2025,PAZ.TA,42742.273,20
20/01/2025,PAZ.TA,42688.94,21
21/01/2025,PAZ.TA,42621.082,22
22/01/2025,PAZ.TA,42905.387,23
23/01/2025,PAZ.TA,42139.863,24
24/01/2025,PAZ.TA,42026.06,25
25/01/2025,PAZ.TA,41632.457,26
26/01/2025,PAZ.TA,41191.21,27
27/01/2025,PAZ.TA,41687.297,28
28/01/2025,PAZ.TA,41698.227,29
29/01/2025,PAZ.TA,41456.723,30
31/12/2024,PCBT.TA,723.2002,1
01/01/2025,PCBT.TA,762.3993,2
02/01/2025,PCBT.TA,752.27765,3
03/01/2025,PCBT.TA,729.23346,4
04/01/2025,PCBT.TA,730.71075,5
05/01/2025,PCBT.TA,723.18115,6
06/01/2025,PCBT.TA,746.30206,7
07/01/2025,PCBT.TA,763.18854,8
08/01/2025,PCBT.TA,744.0857,9
09/01/2025,PCBT.TA,751.3269,10
10/01/2025,PCBT.TA,773.259,11
11/01/2025,PCBT.TA,794.0037,12
12/01/2025,PCBT.TA,822.44666,13
13/01/2025,PCBT.TA,833.0184,14
14/01/2025,PCBT.TA,849.7528,15
15/01/2025,PCBT.TA,858.43304,16
16/01/2025,PCBT.TA,850.55975,17
17/01/2025,PCBT.TA,880.9443,18
18/01/2025,PCBT.TA,872.164,19
19/01/2025,PCBT.TA,856.8416,20
20/01/2025,PCBT.TA,885.185,21
21/01/2025,PCBT.TA,883.9632,22
22/01/2025,PCBT.TA,856.41345,23
23/01/2025,PCBT.TA,870.77313,24
24/01/2025,PCBT.TA,882.6058,25
25/01/2025,PCBT.TA,852.07153,26
26/01/2025,PCBT.TA,885.1432,27
27/01/2025,PCBT.TA,901.76764,28
28/01/2025,PCBT.TA,909.0306,29
29/01/2025,PCBT.TA,941.2699,30
31/12/2024,PEN.TA,214.58331,1
01/01/2025,PEN.TA,214.94926,2
02/01/2025,PEN.TA,223.32535,3
03/01/2025,PEN.TA,221.9899,4
04/01/2025,PEN.TA,215.11821,5
05/01/2025,PEN.TA,223.09683,6
06/01/2025,PEN.TA,223.05641,7
07/01/2025,PEN.TA,220.93207,8
08/01/2025,PEN.TA,215.48935,9
09/01/2025,PEN.TA,210.79684,10
10/01/2025,PEN.TA,211.56332,11
11/01/2025,PEN.TA,211.31505,12
12/01/2025,PEN.TA,217.34563,13
13/01/2025,PEN.TA,209.42961,14
14/01/2025,PEN.TA,210.74442,15
15/01/2025,PEN.TA,206.68916,16
16/01/2025,PEN.TA,208.04321,17
17/01/2025,PEN.TA,209.29982,18
18/01/2025,PEN.TA,202.46114,19
19/01/2025,PEN.TA,202.17116,20
20/01/2025,PEN.TA,201.27798,21
21/01/2025,PEN.TA,207.7722,22
22/01/2025,PEN.TA,203.41289,23
23/01/2025,PEN.TA,198.01302,24
24/01/2025,PEN.TA,198.15543,25
25/01/2025,PEN.TA,186.15712,26
26/01/2025,PEN.TA,188.70308,27
27/01/2025,PEN.TA,189.50082,28
28/01/2025,PEN.TA,191.74562,29
29/01/2025,PEN.TA,203.5245,30
31/12/2024,PERI.TA,3033.317,1
01/01/2025,PERI.TA,3105.2097,2
02/01/2025,PERI.TA,3142.7102,3
03/01/2025,PERI.TA,3082.5244,4
04/01/2025,PERI.TA,3102.9302,5
05/01/2025,PERI.TA,3098.2231,6
06/01/2025,PERI.TA,3005.7415,7
07/01/2025,PERI.TA,2988.414,8
08/01/2025,PERI.TA,2932.9658,9
09/01/2025,PERI.TA,3060.4473,10
10/01/2025,PERI.TA,3047.7166,11
11/01/2025,PERI.TA,2968.339,12
12/01/2025,PERI.TA,2956.5476,13
13/01/2025,PERI.TA,2908.4255,14
14/01/2025,PERI.TA,2943.2524,15
15/01/2025,PERI.TA,2954.0977,16
16/01/2025,PERI.TA,2958.1309,17
17/01/2025,PERI.TA,2912.7644,18
18/01/2025,PERI.TA,2823.6677,19
19/01/2025,PERI.TA,2779.0754,20
20/01/2025,PERI.TA,2811.329,21
21/01/2025,PERI.TA,2868.141,22
22/01/2025,PERI.TA,2905.568,23
23/01/2025,PERI.TA,2904.3752,24
24/01/2025,PERI.TA,2885.7852,25
25/01/2025,PERI.TA,2945.3484,26
26/01/2025,PERI.TA,2979.907,27
27/01/2025,PERI.TA,2975.2378,28
28/01/2025,PERI.TA,2990.9827,29
29/01/2025,PERI.TA,3057.9097,30
31/12/2024,PTCH.TA,162.37947,1
01/01/2025,PTCH.TA,151.36409,2
02/01/2025,PTCH.TA,150.06482,3
03/01/2025,PTCH.TA,142.64218,4
04/01/2025,PTCH.TA,148.05034,5
05/01/2025,PTCH.TA,148.79083,6
06/01/2025,PTCH.TA,148.07089,7
07/01/2025,PTCH.TA,145.67416,8
08/01/2025,PTCH.TA,139.13211,9
09/01/2025,PTCH.TA,140.53142,10
10/01/2025,PTCH.TA,141.79536,11
11/01/2025,PTCH.TA,144.78499,12
12/01/2025,PTCH.TA,146.18842,13
13/01/2025,PTCH.TA,147.36887,14
14/01/2025,PTCH.TA,146.4207,15
15/01/2025,PTCH.TA,150.02748,16
16/01/2025,PTCH.TA,145.65253,17
17/01/2025,PTCH.TA,139.34128,18
18/01/2025,PTCH.TA,136.16321,19
19/01/2025,PTCH.TA,139.56912,20
20/01/2025,PTCH.TA,143.03119,21
21/01/2025,PTCH.TA,141.79482,22
22/01/2025,PTCH.TA,142.8987,23
23/01/2025,PTCH.TA,137.44681,24
24/01/2025,PTCH.TA,140.27768,25
25/01/2025,PTCH.TA,141.56296,26
26/01/2025,PTCH.TA,138.52379,27
27/01/2025,PTCH.TA,139.22514,28
28/01/2025,PTCH.TA,141.13316,29
29/01/2025,PTCH.TA,142.67346,30
31/12/2024,PTX.TA,109.518715,1
01/01/2025,PTX.TA,106.52153,2
02/01/2025,PTX.TA,104.82357,3
03/01/2025,PTX.TA,106.06155,4
04/01/2025,PTX.TA,106.832855,5
05/01/2025,PTX.TA,109.286354,6
06/01/2025,PTX.TA,109.42315,7
07/01/2025,PTX.TA,110.790474,8
08/01/2025,PTX.TA,101.86539,9
09/01/2025,PTX.TA,101.55,10
10/01/2025,PTX.TA,98.676094,11
11/01/2025,PTX.TA,98.74433,12
12/01/2025,PTX.TA,100.32988,13
13/01/2025,PTX.TA,101.373505,14
14/01/2025,PTX.TA,103.4419,15
15/01/2025,PTX.TA,104.41783,16
16/01/2025,PTX.TA,98.28884,17
17/01/2025,PTX.TA,101.96603,18
18/01/2025,PTX.TA,100.983604,19
19/01/2025,PTX.TA,107.546364,20
20/01/2025,PTX.TA,103.26366,21
21/01/2025,PTX.TA,97.034325,22
22/01/2025,PTX.TA,92.75098,23
23/01/2025,PTX.TA,90.75695,24
24/01/2025,PTX.TA,89.54247,25
25/01/2025,PTX.TA,88.313354,26
26/01/2025,PTX.TA,86.9032,27
27/01/2025,PTX.TA,84.636024,28
28/01/2025,PTX.TA,83.206604,29
29/01/2025,PTX.TA,78.849396,30
31/12/2024,PHOE.TA,4821.619,1
01/01/2025,PHOE.TA,4704.743,2
02/01/2025,PHOE.TA,4716.4546,3
03/01/2025,PHOE.TA,4734.4736,4
04/01/2025,PHOE.TA,4671.4204,5
05/01/2025,PHOE.TA,4682.1367,6
06/01/2025,PHOE.TA,4612.673,7
07/01/2025,PHOE.TA,4688.235,8
08/01/2025,PHOE.TA,4803.401,9
09/01/2025,PHOE.TA,4817.392,10
10/01/2025,PHOE.TA,4805.5435,11
11/01/2025,PHOE.TA,4764.9062,12
12/01/2025,PHOE.TA,4754.111,13
13/01/2025,PHOE.TA,4725.601,14
14/01/2025,PHOE.TA,4826.934,15
15/01/2025,PHOE.TA,4925.3486,16
16/01/2025,PHOE.TA,4949.589,17
17/01/2025,PHOE.TA,5046.4155,18
18/01/2025,PHOE.TA,5236.624,19
19/01/2025,PHOE.TA,5107.7373,20
20/01/2025,PHOE.TA,5145.845,21
21/01/2025,PHOE.TA,5058.8354,22
22/01/2025,PHOE.TA,5169.204,23
23/01/2025,PHOE.TA,5184.506,24
24/01/2025,PHOE.TA,5338.3384,25
25/01/2025,PHOE.TA,5367.3804,26
26/01/2025,PHOE.TA,5462.997,27
27/01/2025,PHOE.TA,5427.8013,28
28/01/2025,PHOE.TA,5494.574,29
29/01/2025,PHOE.TA,5413.0625,30
31/12/2024,PHTM.TA,3068.3472,1
01/01/2025,PHTM.TA,3246.6533,2
02/01/2025,PHTM.TA,3302.9717,3
03/01/2025,PHTM.TA,3454.9785,4
04/01/2025,PHTM.TA,3408.788,5
05/01/2025,PHTM.TA,3538.1772,6
06/01/2025,PHTM.TA,3453.1208,7
07/01/2025,PHTM.TA,3465.0388,8
08/01/2025,PHTM.TA,3389.6372,9
09/01/2025,PHTM.TA,3363.9468,10
10/01/2025,PHTM.TA,3372.5718,11
11/01/2025,PHTM.TA,3324.3267,12
12/01/2025,PHTM.TA,3369.4158,13
13/01/2025,PHTM.TA,3362.158,14
14/01/2025,PHTM.TA,3443.7524,15
15/01/2025,PHTM.TA,3525.6018,16
16/01/2025,PHTM.TA,3501.526,17
17/01/2025,PHTM.TA,3546.7073,18
18/01/2025,PHTM.TA,3527.1292,19
19/01/2025,PHTM.TA,3460.9907,20
20/01/2025,PHTM.TA,3572.9094,21
21/01/2025,PHTM.TA,3608.2488,22
22/01/2025,PHTM.TA,3588.5283,23
23/01/2025,PHTM.TA,3746.5771,24
24/01/2025,PHTM.TA,3864.2146,25
25/01/2025,PHTM.TA,3924.2524,26
26/01/2025,PHTM.TA,3939.508,27
27/01/2025,PHTM.TA,4074.9478,28
28/01/2025,PHTM.TA,4020.969,29
29/01/2025,PHTM.TA,4077.162,30
31/12/2024,PLNT.TA,394.99875,1
01/01/2025,PLNT.TA,315.2393,2
02/01/2025,PLNT.TA,302.27292,3
03/01/2025,PLNT.TA,370.96268,4
04/01/2025,PLNT.TA,479.60587,5
05/01/2025,PLNT.TA,524.3739,6
06/01/2025,PLNT.TA,693.646,7
07/01/2025,PLNT.TA,1080.0193,8
08/01/2025,PLNT.TA,1005.15955,9
09/01/2025,PLNT.TA,1130.9612,10
10/01/2025,PLNT.TA,1856.5883,11
11/01/2025,PLNT.TA,2054.104,12
12/01/2025,PLNT.TA,1718.0204,13
13/01/2025,PLNT.TA,2592.0178,14
14/01/2025,PLNT.TA,3405.8125,15
15/01/2025,PLNT.TA,1755.9604,16
16/01/2025,PLNT.TA,2482.2988,17
17/01/2025,PLNT.TA,2842.738,18
18/01/2025,PLNT.TA,3407.2036,19
19/01/2025,PLNT.TA,4469.462,20
20/01/2025,PLNT.TA,3925.059,21
21/01/2025,PLNT.TA,4590.752,22
22/01/2025,PLNT.TA,3894.6187,23
23/01/2025,PLNT.TA,2579.6865,24
24/01/2025,PLNT.TA,2600.0193,25
25/01/2025,PLNT.TA,2447.3892,26
26/01/2025,PLNT.TA,2428.698,27
27/01/2025,PLNT.TA,2745.0154,28
28/01/2025,PLNT.TA,1057.842,29
29/01/2025,PLNT.TA,1100.4978,30
31/12/2024,PLSN.TA,17920.814,1
01/01/2025,PLSN.TA,17780.82,2
02/01/2025,PLSN.TA,18183.498,3
03/01/2025,PLSN.TA,18162.018,4
04/01/2025,PLSN.TA,17797.27,5
05/01/2025,PLSN.TA,16509.15,6
06/01/2025,PLSN.TA,16528.822,7
07/01/2025,PLSN.TA,16406.197,8
08/01/2025,PLSN.TA,16054.73,9
09/01/2025,PLSN.TA,16027.008,10
10/01/2025,PLSN.TA,15748.097,11
11/01/2025,PLSN.TA,15791.778,12
12/01/2025,PLSN.TA,15679.815,13
13/01/2025,PLSN.TA,15768.602,14
14/01/2025,PLSN.TA,15465.78,15
15/01/2025,PLSN.TA,15206.811,16
16/01/2025,PLSN.TA,15660.181,17
17/01/2025,PLSN.TA,16000.107,18
18/01/2025,PLSN.TA,16619.395,19
19/01/2025,PLSN.TA,16485.12,20
20/01/2025,PLSN.TA,16360.975,21
21/01/2025,PLSN.TA,16557.664,22
22/01/2025,PLSN.TA,16551.05,23
23/01/2025,PLSN.TA,17107.232,24
24/01/2025,PLSN.TA,16763.748,25
25/01/2025,PLSN.TA,16914.662,26
26/01/2025,PLSN.TA,16711.062,27
27/01/2025,PLSN.TA,16718.664,28
28/01/2025,PLSN.TA,16670.625,29
29/01/2025,PLSN.TA,16623.48,30
31/12/2024,PLCR.TA,516.8973,1
01/01/2025,PLCR.TA,529.10614,2
02/01/2025,PLCR.TA,232.42078,3
03/01/2025,PLCR.TA,231.36816,4
04/01/2025,PLCR.TA,451.46048,5
05/01/2025,PLCR.TA,439.1093,6
06/01/2025,PLCR.TA,7.7833314,7
07/01/2025,PLCR.TA,1.5531988,8
08/01/2025,PLCR.TA,3.4337556,9
09/01/2025,PLCR.TA,0.2320368,10
10/01/2025,PLCR.TA,0.1814524,11
11/01/2025,PLCR.TA,0.01811692,12
12/01/2025,PLCR.TA,-0.01413505,13
13/01/2025,PLCR.TA,0.00359339,14
14/01/2025,PLCR.TA,0.0064055,15
15/01/2025,PLCR.TA,0.01847496,16
16/01/2025,PLCR.TA,-0.01118036,17
17/01/2025,PLCR.TA,-0.01907993,18
18/01/2025,PLCR.TA,-0.04292077,19
19/01/2025,PLCR.TA,-0.01515255,20
20/01/2025,PLCR.TA,-0.01873098,21
21/01/2025,PLCR.TA,-0.00181088,22
22/01/2025,PLCR.TA,-0.0010966,23
23/01/2025,PLCR.TA,-0.00208579,24
24/01/2025,PLCR.TA,-0.00333987,25
25/01/2025,PLCR.TA,0.00139602,26
26/01/2025,PLCR.TA,0.00075827,27
27/01/2025,PLCR.TA,0.00069102,28
28/01/2025,PLCR.TA,-0.00067712,29
29/01/2025,PLCR.TA,0.00066286,30
31/12/2024,PPIL.TA,-1863.0964,1
01/01/2025,PPIL.TA,2317.8076,2
02/01/2025,PPIL.TA,-3190.193,3
03/01/2025,PPIL.TA,-33888.05,4
04/01/2025,PPIL.TA,94356.38,5
05/01/2025,PPIL.TA,-2174353.2,6
06/01/2025,PPIL.TA,-24675336,7
07/01/2025,PPIL.TA,1.20E+08,8
08/01/2025,PPIL.TA,-8.92E+08,9
09/01/2025,PPIL.TA,-1.33E+09,10
10/01/2025,PPIL.TA,1.13E+10,11
11/01/2025,PPIL.TA,2.52E+10,12
12/01/2025,PPIL.TA,-9.72E+10,13
13/01/2025,PPIL.TA,-4.95E+10,14
14/01/2025,PPIL.TA,6.19E+11,15
15/01/2025,PPIL.TA,2.57E+12,16
16/01/2025,PPIL.TA,2.16E+13,17
17/01/2025,PPIL.TA,1.07E+14,18
18/01/2025,PPIL.TA,-1.04E+15,19
19/01/2025,PPIL.TA,-6.30E+15,20
20/01/2025,PPIL.TA,5.83E+16,21
21/01/2025,PPIL.TA,5.17E+17,22
22/01/2025,PPIL.TA,4.43E+18,23
23/01/2025,PPIL.TA,-4.29E+19,24
24/01/2025,PPIL.TA,-1.10E+20,25
25/01/2025,PPIL.TA,-9.46E+20,26
26/01/2025,PPIL.TA,-1.01E+21,27
27/01/2025,PPIL.TA,-1.61E+22,28
28/01/2025,PPIL.TA,5.11E+22,29
29/01/2025,PPIL.TA,-4.21E+23,30
31/12/2024,PLAZ-L.TA,183.07047,1
01/01/2025,PLAZ-L.TA,160.69316,2
02/01/2025,PLAZ-L.TA,146.49632,3
03/01/2025,PLAZ-L.TA,104.01354,4
04/01/2025,PLAZ-L.TA,113.55172,5
05/01/2025,PLAZ-L.TA,111.74393,6
06/01/2025,PLAZ-L.TA,134.34091,7
07/01/2025,PLAZ-L.TA,111.94537,8
08/01/2025,PLAZ-L.TA,128.79218,9
09/01/2025,PLAZ-L.TA,115.325424,10
10/01/2025,PLAZ-L.TA,96.72573,11
11/01/2025,PLAZ-L.TA,87.78817,12
12/01/2025,PLAZ-L.TA,99.28039,13
13/01/2025,PLAZ-L.TA,103.2938,14
14/01/2025,PLAZ-L.TA,111.180145,15
15/01/2025,PLAZ-L.TA,89.97788,16
16/01/2025,PLAZ-L.TA,85.36098,17
17/01/2025,PLAZ-L.TA,88.042885,18
18/01/2025,PLAZ-L.TA,97.32634,19
19/01/2025,PLAZ-L.TA,94.69928,20
20/01/2025,PLAZ-L.TA,92.727394,21
21/01/2025,PLAZ-L.TA,79.25395,22
22/01/2025,PLAZ-L.TA,76.001335,23
23/01/2025,PLAZ-L.TA,90.602875,24
24/01/2025,PLAZ-L.TA,108.92967,25
25/01/2025,PLAZ-L.TA,120.78217,26
26/01/2025,PLAZ-L.TA,125.14954,27
27/01/2025,PLAZ-L.TA,150.95966,28
28/01/2025,PLAZ-L.TA,182.04251,29
29/01/2025,PLAZ-L.TA,182.29425,30
31/12/2024,PLUR.TA,1435.8164,1
01/01/2025,PLUR.TA,1408.6907,2
02/01/2025,PLUR.TA,1371.6945,3
03/01/2025,PLUR.TA,1323.5253,4
04/01/2025,PLUR.TA,1260.3329,5
05/01/2025,PLUR.TA,1346.3392,6
06/01/2025,PLUR.TA,1273.2402,7
07/01/2025,PLUR.TA,1175.1257,8
08/01/2025,PLUR.TA,1128.4507,9
09/01/2025,PLUR.TA,1113.8928,10
10/01/2025,PLUR.TA,1058.8219,11
11/01/2025,PLUR.TA,1021.35004,12
12/01/2025,PLUR.TA,970.3187,13
13/01/2025,PLUR.TA,986.9098,14
14/01/2025,PLUR.TA,1024.7493,15
15/01/2025,PLUR.TA,1117.3398,16
16/01/2025,PLUR.TA,1250.5542,17
17/01/2025,PLUR.TA,1362.4233,18
18/01/2025,PLUR.TA,1384.6415,19
19/01/2025,PLUR.TA,1402.0242,20
20/01/2025,PLUR.TA,1324.7484,21
21/01/2025,PLUR.TA,1301.1572,22
22/01/2025,PLUR.TA,1462.6605,23
23/01/2025,PLUR.TA,1539.4944,24
24/01/2025,PLUR.TA,1498.024,25
25/01/2025,PLUR.TA,1484.662,26
26/01/2025,PLUR.TA,1383.4722,27
27/01/2025,PLUR.TA,1404.8312,28
28/01/2025,PLUR.TA,1422.8446,29
29/01/2025,PLUR.TA,1480.1714,30
31/12/2024,POLI.TA,3978.8154,1
01/01/2025,POLI.TA,3841.0835,2
02/01/2025,POLI.TA,3813.6467,3
03/01/2025,POLI.TA,3813.778,4
04/01/2025,POLI.TA,3879.7974,5
05/01/2025,POLI.TA,3830.8733,6
06/01/2025,POLI.TA,3832.0603,7
07/01/2025,POLI.TA,3848.5474,8
08/01/2025,POLI.TA,3897.6257,9
09/01/2025,POLI.TA,3906.115,10
10/01/2025,POLI.TA,3948.7742,11
11/01/2025,POLI.TA,3944.1765,12
12/01/2025,POLI.TA,3934.4617,13
13/01/2025,POLI.TA,3902.1626,14
14/01/2025,POLI.TA,3932.64,15
15/01/2025,POLI.TA,3891.5137,16
16/01/2025,POLI.TA,3896,17
17/01/2025,POLI.TA,3876.4822,18
18/01/2025,POLI.TA,3902.0413,19
19/01/2025,POLI.TA,3949.2102,20
20/01/2025,POLI.TA,3962.0674,21
21/01/2025,POLI.TA,4025.81,22
22/01/2025,POLI.TA,4105.2114,23
23/01/2025,POLI.TA,4106.5767,24
24/01/2025,POLI.TA,4082.5786,25
25/01/2025,POLI.TA,4054.1116,26
26/01/2025,POLI.TA,4007.8403,27
27/01/2025,POLI.TA,4047.4023,28
28/01/2025,POLI.TA,4053.5125,29
29/01/2025,POLI.TA,4071.6475,30
31/12/2024,POLY.TA,4472.791,1
01/01/2025,POLY.TA,4588.553,2
02/01/2025,POLY.TA,4597.7236,3
03/01/2025,POLY.TA,4582.9043,4
04/01/2025,POLY.TA,4719.739,5
05/01/2025,POLY.TA,4839.5195,6
06/01/2025,POLY.TA,4768.767,7
07/01/2025,POLY.TA,4787.111,8
08/01/2025,POLY.TA,4828.8438,9
09/01/2025,POLY.TA,4677.883,10
10/01/2025,POLY.TA,4662.093,11
11/01/2025,POLY.TA,4648.8945,12
12/01/2025,POLY.TA,4758.3223,13
13/01/2025,POLY.TA,4735.252,14
14/01/2025,POLY.TA,4781.452,15
15/01/2025,POLY.TA,4812.702,16
16/01/2025,POLY.TA,4878.072,17
17/01/2025,POLY.TA,4973.762,18
18/01/2025,POLY.TA,5118.728,19
19/01/2025,POLY.TA,5180.4956,20
20/01/2025,POLY.TA,5194.698,21
21/01/2025,POLY.TA,5166.53,22
22/01/2025,POLY.TA,5230.2295,23
23/01/2025,POLY.TA,5162.0874,24
24/01/2025,POLY.TA,5124.9067,25
25/01/2025,POLY.TA,5282.3184,26
26/01/2025,POLY.TA,5235.5444,27
27/01/2025,POLY.TA,5216.5796,28
28/01/2025,POLY.TA,5146.4443,29
29/01/2025,POLY.TA,5090.0283,30
31/12/2024,POLP.TA,1244.6351,1
01/01/2025,POLP.TA,1241.3364,2
02/01/2025,POLP.TA,1192.7181,3
03/01/2025,POLP.TA,1185.9126,4
04/01/2025,POLP.TA,1155.0686,5
05/01/2025,POLP.TA,1168.7267,6
06/01/2025,POLP.TA,1173.677,7
07/01/2025,POLP.TA,1183.3075,8
08/01/2025,POLP.TA,1209.1532,9
09/01/2025,POLP.TA,1234.5736,10
10/01/2025,POLP.TA,1254.4352,11
11/01/2025,POLP.TA,1250.7623,12
12/01/2025,POLP.TA,1258.4508,13
13/01/2025,POLP.TA,1263.6119,14
14/01/2025,POLP.TA,1266.8813,15
15/01/2025,POLP.TA,1263.503,16
16/01/2025,POLP.TA,1245.2125,17
17/01/2025,POLP.TA,1259.1412,18
18/01/2025,POLP.TA,1278.0911,19
19/01/2025,POLP.TA,1353.4971,20
20/01/2025,POLP.TA,1320.1765,21
21/01/2025,POLP.TA,1309.0156,22
22/01/2025,POLP.TA,1297.8676,23
23/01/2025,POLP.TA,1305.4996,24
24/01/2025,POLP.TA,1323.9199,25
25/01/2025,POLP.TA,1329.725,26
26/01/2025,POLP.TA,1332.6442,27
27/01/2025,POLP.TA,1293.0244,28
28/01/2025,POLP.TA,1333.645,29
29/01/2025,POLP.TA,1279.5536,30
31/12/2024,PMVM.TA,171.30695,1
01/01/2025,PMVM.TA,164.52618,2
02/01/2025,PMVM.TA,162.59177,3
03/01/2025,PMVM.TA,113.922066,4
04/01/2025,PMVM.TA,114.9187,5
05/01/2025,PMVM.TA,102.6474,6
06/01/2025,PMVM.TA,82.19514,7
07/01/2025,PMVM.TA,81.1629,8
08/01/2025,PMVM.TA,88.58826,9
09/01/2025,PMVM.TA,78.53047,10
10/01/2025,PMVM.TA,65.995056,11
11/01/2025,PMVM.TA,79.406296,12
12/01/2025,PMVM.TA,60.336716,13
13/01/2025,PMVM.TA,58.38062,14
14/01/2025,PMVM.TA,59.30643,15
15/01/2025,PMVM.TA,55.133583,16
16/01/2025,PMVM.TA,56.168617,17
17/01/2025,PMVM.TA,50.37651,18
18/01/2025,PMVM.TA,52.877113,19
19/01/2025,PMVM.TA,60.465443,20
20/01/2025,PMVM.TA,53.90906,21
21/01/2025,PMVM.TA,60.13101,22
22/01/2025,PMVM.TA,51.932198,23
23/01/2025,PMVM.TA,46.169933,24
24/01/2025,PMVM.TA,36.544342,25
25/01/2025,PMVM.TA,33.386875,26
26/01/2025,PMVM.TA,41.532597,27
27/01/2025,PMVM.TA,43.808586,28
28/01/2025,PMVM.TA,49.162067,29
29/01/2025,PMVM.TA,54.392097,30
31/12/2024,PRSK.TA,10999.0205,1
01/01/2025,PRSK.TA,10808.421,2
02/01/2025,PRSK.TA,10630.144,3
03/01/2025,PRSK.TA,10749.935,4
04/01/2025,PRSK.TA,10670.339,5
05/01/2025,PRSK.TA,11018.588,6
06/01/2025,PRSK.TA,11059.386,7
07/01/2025,PRSK.TA,11337.598,8
08/01/2025,PRSK.TA,11313.071,9
09/01/2025,PRSK.TA,11240.158,10
10/01/2025,PRSK.TA,11405.483,11
11/01/2025,PRSK.TA,11497.289,12
12/01/2025,PRSK.TA,11273.86,13
13/01/2025,PRSK.TA,10754.988,14
14/01/2025,PRSK.TA,10409.46,15
15/01/2025,PRSK.TA,10597.624,16
16/01/2025,PRSK.TA,10167.127,17
17/01/2025,PRSK.TA,10222.024,18
18/01/2025,PRSK.TA,10430.944,19
19/01/2025,PRSK.TA,10121.736,20
20/01/2025,PRSK.TA,10109.466,21
21/01/2025,PRSK.TA,10062.026,22
22/01/2025,PRSK.TA,10066.749,23
23/01/2025,PRSK.TA,10260.329,24
24/01/2025,PRSK.TA,10157.168,25
25/01/2025,PRSK.TA,9930.458,26
26/01/2025,PRSK.TA,10163.811,27
27/01/2025,PRSK.TA,9920.664,28
28/01/2025,PRSK.TA,9679.923,29
29/01/2025,PRSK.TA,9560.174,30
31/12/2024,PRIM.TA,1030.1467,1
01/01/2025,PRIM.TA,1053.5648,2
02/01/2025,PRIM.TA,1068.2798,3
03/01/2025,PRIM.TA,1018.5256,4
04/01/2025,PRIM.TA,1005.94055,5
05/01/2025,PRIM.TA,973.6883,6
06/01/2025,PRIM.TA,1088.618,7
07/01/2025,PRIM.TA,1068.1805,8
08/01/2025,PRIM.TA,1081.7787,9
09/01/2025,PRIM.TA,1117.5901,10
10/01/2025,PRIM.TA,1079.8778,11
11/01/2025,PRIM.TA,1150.2229,12
12/01/2025,PRIM.TA,1151.7557,13
13/01/2025,PRIM.TA,1215.7012,14
14/01/2025,PRIM.TA,1226.8253,15
15/01/2025,PRIM.TA,1221.2639,16
16/01/2025,PRIM.TA,1218.0234,17
17/01/2025,PRIM.TA,1219.0364,18
18/01/2025,PRIM.TA,1323.6694,19
19/01/2025,PRIM.TA,1354.7286,20
20/01/2025,PRIM.TA,1444.9103,21
21/01/2025,PRIM.TA,1370.298,22
22/01/2025,PRIM.TA,1381.4854,23
23/01/2025,PRIM.TA,1523.7832,24
24/01/2025,PRIM.TA,1476.4341,25
25/01/2025,PRIM.TA,1380.9664,26
26/01/2025,PRIM.TA,1413.4775,27
27/01/2025,PRIM.TA,1378.9457,28
28/01/2025,PRIM.TA,1484.6735,29
29/01/2025,PRIM.TA,1530.168,30
31/12/2024,PRMG.TA,1357.3279,1
01/01/2025,PRMG.TA,1328.9336,2
02/01/2025,PRMG.TA,1363.0011,3
03/01/2025,PRMG.TA,1333.6649,4
04/01/2025,PRMG.TA,1382.9698,5
05/01/2025,PRMG.TA,1384.3634,6
06/01/2025,PRMG.TA,1365.6544,7
07/01/2025,PRMG.TA,1384.7089,8
08/01/2025,PRMG.TA,1394.9999,9
09/01/2025,PRMG.TA,1409.3214,10
10/01/2025,PRMG.TA,1395.2018,11
11/01/2025,PRMG.TA,1362.7794,12
12/01/2025,PRMG.TA,1336.1157,13
13/01/2025,PRMG.TA,1363.879,14
14/01/2025,PRMG.TA,1391.5569,15
15/01/2025,PRMG.TA,1376.7396,16
16/01/2025,PRMG.TA,1395.3698,17
17/01/2025,PRMG.TA,1414.3837,18
18/01/2025,PRMG.TA,1431.617,19
19/01/2025,PRMG.TA,1439.2577,20
20/01/2025,PRMG.TA,1468.8019,21
21/01/2025,PRMG.TA,1444.2993,22
22/01/2025,PRMG.TA,1436.7738,23
23/01/2025,PRMG.TA,1452.3833,24
24/01/2025,PRMG.TA,1427.9197,25
25/01/2025,PRMG.TA,1414.8562,26
26/01/2025,PRMG.TA,1420.0859,27
27/01/2025,PRMG.TA,1509.0142,28
28/01/2025,PRMG.TA,1508.0618,29
29/01/2025,PRMG.TA,1489.7351,30
31/12/2024,PRTC.TA,17272.938,1
01/01/2025,PRTC.TA,17882.934,2
02/01/2025,PRTC.TA,18699.322,3
03/01/2025,PRTC.TA,17677.945,4
04/01/2025,PRTC.TA,17078.984,5
05/01/2025,PRTC.TA,16701.268,6
06/01/2025,PRTC.TA,16466.117,7
07/01/2025,PRTC.TA,15551.793,8
08/01/2025,PRTC.TA,15921.218,9
09/01/2025,PRTC.TA,15041.48,10
10/01/2025,PRTC.TA,13916.516,11
11/01/2025,PRTC.TA,13057.788,12
12/01/2025,PRTC.TA,12290.242,13
13/01/2025,PRTC.TA,11815.18,14
14/01/2025,PRTC.TA,11035.989,15
15/01/2025,PRTC.TA,10549.3125,16
16/01/2025,PRTC.TA,10458.559,17
17/01/2025,PRTC.TA,10251.458,18
18/01/2025,PRTC.TA,10075.36,19
19/01/2025,PRTC.TA,10005.346,20
20/01/2025,PRTC.TA,9533.548,21
21/01/2025,PRTC.TA,9288.035,22
22/01/2025,PRTC.TA,9299.109,23
23/01/2025,PRTC.TA,9232.502,24
24/01/2025,PRTC.TA,10031.444,25
25/01/2025,PRTC.TA,9970.786,26
26/01/2025,PRTC.TA,9274.343,27
27/01/2025,PRTC.TA,9629.88,28
28/01/2025,PRTC.TA,10298.447,29
29/01/2025,PRTC.TA,10185.228,30
31/12/2024,PRPD.TA,2034.2928,1
01/01/2025,PRPD.TA,2051.769,2
02/01/2025,PRPD.TA,2024.5386,3
03/01/2025,PRPD.TA,1999.2333,4
04/01/2025,PRPD.TA,1995.7262,5
05/01/2025,PRPD.TA,1986.1908,6
06/01/2025,PRPD.TA,1990.9626,7
07/01/2025,PRPD.TA,2032.7898,8
08/01/2025,PRPD.TA,2046.2715,9
09/01/2025,PRPD.TA,2067.315,10
10/01/2025,PRPD.TA,2081.3591,11
11/01/2025,PRPD.TA,2071.4075,12
12/01/2025,PRPD.TA,2041.878,13
13/01/2025,PRPD.TA,2007.2203,14
14/01/2025,PRPD.TA,2016.8892,15
15/01/2025,PRPD.TA,2035.4827,16
16/01/2025,PRPD.TA,2080.6133,17
17/01/2025,PRPD.TA,2111.9146,18
18/01/2025,PRPD.TA,2077.603,19
19/01/2025,PRPD.TA,2062.095,20
20/01/2025,PRPD.TA,2038.4275,21
21/01/2025,PRPD.TA,2023.5618,22
22/01/2025,PRPD.TA,2085.3003,23
23/01/2025,PRPD.TA,2068.552,24
24/01/2025,PRPD.TA,2084.3328,25
25/01/2025,PRPD.TA,2050.9155,26
26/01/2025,PRPD.TA,2024.2664,27
27/01/2025,PRPD.TA,2092.5625,28
28/01/2025,PRPD.TA,2066.1182,29
29/01/2025,PRPD.TA,2051.9824,30
31/12/2024,PTBL.TA,24774.678,1
01/01/2025,PTBL.TA,25450.84,2
02/01/2025,PTBL.TA,25209.082,3
03/01/2025,PTBL.TA,25351.172,4
04/01/2025,PTBL.TA,25504.34,5
05/01/2025,PTBL.TA,26565.232,6
06/01/2025,PTBL.TA,27348.232,7
07/01/2025,PTBL.TA,27016.424,8
08/01/2025,PTBL.TA,27347.63,9
09/01/2025,PTBL.TA,26868.783,10
10/01/2025,PTBL.TA,28431.557,11
11/01/2025,PTBL.TA,29204.443,12
12/01/2025,PTBL.TA,29066.477,13
13/01/2025,PTBL.TA,29033.215,14
14/01/2025,PTBL.TA,28473.062,15
15/01/2025,PTBL.TA,29303.072,16
16/01/2025,PTBL.TA,30834.916,17
17/01/2025,PTBL.TA,31602.01,18
18/01/2025,PTBL.TA,31217.172,19
19/01/2025,PTBL.TA,31062.033,20
20/01/2025,PTBL.TA,30075.045,21
21/01/2025,PTBL.TA,29087.785,22
22/01/2025,PTBL.TA,29421.441,23
23/01/2025,PTBL.TA,29126.281,24
24/01/2025,PTBL.TA,28044.637,25
25/01/2025,PTBL.TA,28438.387,26
26/01/2025,PTBL.TA,28315.62,27
27/01/2025,PTBL.TA,28786.787,28
28/01/2025,PTBL.TA,30198.373,29
29/01/2025,PTBL.TA,30046.486,30
31/12/2024,PULS.TA,440.07623,1
01/01/2025,PULS.TA,397.28165,2
02/01/2025,PULS.TA,478.67368,3
03/01/2025,PULS.TA,551.3476,4
04/01/2025,PULS.TA,604.54584,5
05/01/2025,PULS.TA,566.5554,6
06/01/2025,PULS.TA,614.18896,7
07/01/2025,PULS.TA,595.4518,8
08/01/2025,PULS.TA,585.3643,9
09/01/2025,PULS.TA,650.63763,10
10/01/2025,PULS.TA,737.2092,11
11/01/2025,PULS.TA,783.1137,12
12/01/2025,PULS.TA,817.221,13
13/01/2025,PULS.TA,873.9509,14
14/01/2025,PULS.TA,877.2628,15
15/01/2025,PULS.TA,900.72516,16
16/01/2025,PULS.TA,963.4205,17
17/01/2025,PULS.TA,1003.6658,18
18/01/2025,PULS.TA,964.2696,19
19/01/2025,PULS.TA,929.1655,20
20/01/2025,PULS.TA,874.0472,21
21/01/2025,PULS.TA,825.0738,22
22/01/2025,PULS.TA,816.2483,23
23/01/2025,PULS.TA,907.8091,24
24/01/2025,PULS.TA,881.6576,25
25/01/2025,PULS.TA,924.3343,26
26/01/2025,PULS.TA,1022.072,27
27/01/2025,PULS.TA,1114.5859,28
28/01/2025,PULS.TA,1076.2952,29
29/01/2025,PULS.TA,1194.8584,30
31/12/2024,PPBT.TA,6.3483,1
01/01/2025,PPBT.TA,6.8875318,2
02/01/2025,PPBT.TA,3.144478,3
03/01/2025,PPBT.TA,7.6891026,4
04/01/2025,PPBT.TA,-16.734602,5
05/01/2025,PPBT.TA,-24.001198,6
06/01/2025,PPBT.TA,-46.927094,7
07/01/2025,PPBT.TA,-26.57188,8
08/01/2025,PPBT.TA,-85.7975,9
09/01/2025,PPBT.TA,-168.78314,10
10/01/2025,PPBT.TA,-516.33936,11
11/01/2025,PPBT.TA,-1254.5791,12
12/01/2025,PPBT.TA,-4229.5425,13
13/01/2025,PPBT.TA,-7293.7964,14
14/01/2025,PPBT.TA,-135.82486,15
15/01/2025,PPBT.TA,95.059364,16
16/01/2025,PPBT.TA,56.25447,17
17/01/2025,PPBT.TA,-11.993773,18
18/01/2025,PPBT.TA,-19.62422,19
19/01/2025,PPBT.TA,-17.421322,20
20/01/2025,PPBT.TA,-14.620866,21
21/01/2025,PPBT.TA,-16.236986,22
22/01/2025,PPBT.TA,-7.290698,23
23/01/2025,PPBT.TA,7.0203547,24
24/01/2025,PPBT.TA,-10.656217,25
25/01/2025,PPBT.TA,-33.641243,26
26/01/2025,PPBT.TA,-37.57745,27
27/01/2025,PPBT.TA,7.2975745,28
28/01/2025,PPBT.TA,18.999249,29
29/01/2025,PPBT.TA,-1.4035097,30
31/12/2024,QLTU.TA,18124.684,1
01/01/2025,QLTU.TA,18218.662,2
02/01/2025,QLTU.TA,18612.393,3
03/01/2025,QLTU.TA,18226.014,4
04/01/2025,QLTU.TA,18485.223,5
05/01/2025,QLTU.TA,18520.809,6
06/01/2025,QLTU.TA,18849.75,7
07/01/2025,QLTU.TA,18984.52,8
08/01/2025,QLTU.TA,19172.477,9
09/01/2025,QLTU.TA,19428.582,10
10/01/2025,QLTU.TA,19491.049,11
11/01/2025,QLTU.TA,19472.926,12
12/01/2025,QLTU.TA,19793.932,13
13/01/2025,QLTU.TA,20197.242,14
14/01/2025,QLTU.TA,20115.326,15
15/01/2025,QLTU.TA,20672.043,16
16/01/2025,QLTU.TA,21263.541,17
17/01/2025,QLTU.TA,21984.133,18
18/01/2025,QLTU.TA,22839.95,19
19/01/2025,QLTU.TA,23408.398,20
20/01/2025,QLTU.TA,22777.078,21
21/01/2025,QLTU.TA,22898.576,22
22/01/2025,QLTU.TA,23481.975,23
23/01/2025,QLTU.TA,24291.166,24
24/01/2025,QLTU.TA,24299.855,25
25/01/2025,QLTU.TA,24504.12,26
26/01/2025,QLTU.TA,24347.377,27
27/01/2025,QLTU.TA,24342.727,28
28/01/2025,QLTU.TA,24606.791,29
29/01/2025,QLTU.TA,24576.543,30
31/12/2024,QNCO.TA,675.71106,1
01/01/2025,QNCO.TA,668.92816,2
02/01/2025,QNCO.TA,671.70245,3
03/01/2025,QNCO.TA,660.00336,4
04/01/2025,QNCO.TA,680.6933,5
05/01/2025,QNCO.TA,678.95905,6
06/01/2025,QNCO.TA,685.5263,7
07/01/2025,QNCO.TA,684.0115,8
08/01/2025,QNCO.TA,698.05994,9
09/01/2025,QNCO.TA,736.7447,10
10/01/2025,QNCO.TA,759.8058,11
11/01/2025,QNCO.TA,766.5584,12
12/01/2025,QNCO.TA,765.82153,13
13/01/2025,QNCO.TA,783.64954,14
14/01/2025,QNCO.TA,728.40485,15
15/01/2025,QNCO.TA,723.2392,16
16/01/2025,QNCO.TA,779.0859,17
17/01/2025,QNCO.TA,767.6098,18
18/01/2025,QNCO.TA,791.30444,19
19/01/2025,QNCO.TA,787.3778,20
20/01/2025,QNCO.TA,797.26184,21
21/01/2025,QNCO.TA,806.7275,22
22/01/2025,QNCO.TA,811.3069,23
23/01/2025,QNCO.TA,767.7147,24
24/01/2025,QNCO.TA,807.61957,25
25/01/2025,QNCO.TA,815.3347,26
26/01/2025,QNCO.TA,807.5582,27
27/01/2025,QNCO.TA,839.2081,28
28/01/2025,QNCO.TA,846.8855,29
29/01/2025,QNCO.TA,869.85626,30
31/12/2024,QLRD.TA,3115.1313,1
01/01/2025,QLRD.TA,3118.6636,2
02/01/2025,QLRD.TA,3159.9219,3
03/01/2025,QLRD.TA,3253.309,4
04/01/2025,QLRD.TA,3311.0632,5
05/01/2025,QLRD.TA,3321.7998,6
06/01/2025,QLRD.TA,3328.6255,7
07/01/2025,QLRD.TA,3386.1382,8
08/01/2025,QLRD.TA,3408.054,9
09/01/2025,QLRD.TA,3452.637,10
10/01/2025,QLRD.TA,3479.5227,11
11/01/2025,QLRD.TA,3532.7463,12
12/01/2025,QLRD.TA,3605.5996,13
13/01/2025,QLRD.TA,3746.2053,14
14/01/2025,QLRD.TA,3656.0215,15
15/01/2025,QLRD.TA,3706.6123,16
16/01/2025,QLRD.TA,3738.76,17
17/01/2025,QLRD.TA,3790.8538,18
18/01/2025,QLRD.TA,3865.9458,19
19/01/2025,QLRD.TA,3744.0933,20
20/01/2025,QLRD.TA,3814.5251,21
21/01/2025,QLRD.TA,3855.1335,22
22/01/2025,QLRD.TA,3925.9565,23
23/01/2025,QLRD.TA,3864.1694,24
24/01/2025,QLRD.TA,3842.2793,25
25/01/2025,QLRD.TA,3849.495,26
26/01/2025,QLRD.TA,3947.7048,27
27/01/2025,QLRD.TA,4013.4143,28
28/01/2025,QLRD.TA,3966.42,29
29/01/2025,QLRD.TA,4031.7798,30
31/12/2024,RLCO.TA,4470.983,1
01/01/2025,RLCO.TA,4655.2217,2
02/01/2025,RLCO.TA,4547.0244,3
03/01/2025,RLCO.TA,4469.5977,4
04/01/2025,RLCO.TA,4347.5576,5
05/01/2025,RLCO.TA,4369.4336,6
06/01/2025,RLCO.TA,4442.967,7
07/01/2025,RLCO.TA,4480.6206,8
08/01/2025,RLCO.TA,4559.3374,9
09/01/2025,RLCO.TA,4634.3,10
10/01/2025,RLCO.TA,4652.131,11
11/01/2025,RLCO.TA,4762.613,12
12/01/2025,RLCO.TA,5043.276,13
13/01/2025,RLCO.TA,5130.7637,14
14/01/2025,RLCO.TA,5280.166,15
15/01/2025,RLCO.TA,5367.323,16
16/01/2025,RLCO.TA,5258.254,17
17/01/2025,RLCO.TA,5276.0674,18
18/01/2025,RLCO.TA,5499.2417,19
19/01/2025,RLCO.TA,5681.569,20
20/01/2025,RLCO.TA,5420.255,21
21/01/2025,RLCO.TA,5311.1753,22
22/01/2025,RLCO.TA,5153.6,23
23/01/2025,RLCO.TA,5138.689,24
24/01/2025,RLCO.TA,5340.772,25
25/01/2025,RLCO.TA,5358.6074,26
26/01/2025,RLCO.TA,5038.485,27
27/01/2025,RLCO.TA,5035.018,28
28/01/2025,RLCO.TA,5113.343,29
29/01/2025,RLCO.TA,5312.4937,30
31/12/2024,RMN.TA,1500.9542,1
01/01/2025,RMN.TA,1479.3989,2
02/01/2025,RMN.TA,1501.3926,3
03/01/2025,RMN.TA,1491.5737,4
04/01/2025,RMN.TA,1530.4363,5
05/01/2025,RMN.TA,1579.2766,6
06/01/2025,RMN.TA,1618.9321,7
07/01/2025,RMN.TA,1594.295,8
08/01/2025,RMN.TA,1594.7152,9
09/01/2025,RMN.TA,1545.3513,10
10/01/2025,RMN.TA,1478.1671,11
11/01/2025,RMN.TA,1540.2141,12
12/01/2025,RMN.TA,1539.3787,13
13/01/2025,RMN.TA,1560.1993,14
14/01/2025,RMN.TA,1551.5077,15
15/01/2025,RMN.TA,1604.6293,16
16/01/2025,RMN.TA,1600.739,17
17/01/2025,RMN.TA,1576.2085,18
18/01/2025,RMN.TA,1594.2664,19
19/01/2025,RMN.TA,1604.3962,20
20/01/2025,RMN.TA,1642.7991,21
21/01/2025,RMN.TA,1558.3536,22
22/01/2025,RMN.TA,1580.0326,23
23/01/2025,RMN.TA,1609.6066,24
24/01/2025,RMN.TA,1642.8201,25
25/01/2025,RMN.TA,1630.4899,26
26/01/2025,RMN.TA,1614.9083,27
27/01/2025,RMN.TA,1626.4913,28
28/01/2025,RMN.TA,1667.7312,29
29/01/2025,RMN.TA,1660.7944,30
31/12/2024,RMLI.TA,23883.22,1
01/01/2025,RMLI.TA,23649.795,2
02/01/2025,RMLI.TA,23786.262,3
03/01/2025,RMLI.TA,23827.521,4
04/01/2025,RMLI.TA,23764.166,5
05/01/2025,RMLI.TA,23773.066,6
06/01/2025,RMLI.TA,23815.955,7
07/01/2025,RMLI.TA,23500.955,8
08/01/2025,RMLI.TA,23849.594,9
09/01/2025,RMLI.TA,23521.297,10
10/01/2025,RMLI.TA,23963.023,11
11/01/2025,RMLI.TA,24325.936,12
12/01/2025,RMLI.TA,23703.594,13
13/01/2025,RMLI.TA,23662.162,14
14/01/2025,RMLI.TA,23921.758,15
15/01/2025,RMLI.TA,23954.791,16
16/01/2025,RMLI.TA,23949.12,17
17/01/2025,RMLI.TA,23909.232,18
18/01/2025,RMLI.TA,24502.605,19
19/01/2025,RMLI.TA,24717.447,20
20/01/2025,RMLI.TA,24592.566,21
21/01/2025,RMLI.TA,24668.277,22
22/01/2025,RMLI.TA,24753.438,23
23/01/2025,RMLI.TA,25010.086,24
24/01/2025,RMLI.TA,25491.316,25
25/01/2025,RMLI.TA,25739.574,26
26/01/2025,RMLI.TA,25742.95,27
27/01/2025,RMLI.TA,26221.365,28
28/01/2025,RMLI.TA,26049.06,29
29/01/2025,RMLI.TA,26234.46,30
31/12/2024,RANI.TA,410.90436,1
01/01/2025,RANI.TA,412.4306,2
02/01/2025,RANI.TA,412.99762,3
03/01/2025,RANI.TA,412.34607,4
04/01/2025,RANI.TA,415.7517,5
05/01/2025,RANI.TA,417.04532,6
06/01/2025,RANI.TA,401.91635,7
07/01/2025,RANI.TA,399.29623,8
08/01/2025,RANI.TA,383.11203,9
09/01/2025,RANI.TA,394.74097,10
10/01/2025,RANI.TA,390.94592,11
11/01/2025,RANI.TA,388.0817,12
12/01/2025,RANI.TA,390.23102,13
13/01/2025,RANI.TA,375.30325,14
14/01/2025,RANI.TA,375.20877,15
15/01/2025,RANI.TA,384.49432,16
16/01/2025,RANI.TA,369.0074,17
17/01/2025,RANI.TA,386.81696,18
18/01/2025,RANI.TA,375.57443,19
19/01/2025,RANI.TA,383.89307,20
20/01/2025,RANI.TA,391.5148,21
21/01/2025,RANI.TA,395.00644,22
22/01/2025,RANI.TA,417.71188,23
23/01/2025,RANI.TA,415.8002,24
24/01/2025,RANI.TA,412.47495,25
25/01/2025,RANI.TA,409.26932,26
26/01/2025,RANI.TA,417.72122,27
27/01/2025,RANI.TA,407.44452,28
28/01/2025,RANI.TA,400.53876,29
29/01/2025,RANI.TA,403.8668,30
31/12/2024,RPAC.TA,2849.985,1
01/01/2025,RPAC.TA,2926.21,2
02/01/2025,RPAC.TA,2917.0813,3
03/01/2025,RPAC.TA,2938.0864,4
04/01/2025,RPAC.TA,2995.9312,5
05/01/2025,RPAC.TA,3019.2822,6
06/01/2025,RPAC.TA,3026.3909,7
07/01/2025,RPAC.TA,3081.088,8
08/01/2025,RPAC.TA,3049.4395,9
09/01/2025,RPAC.TA,3115.74,10
10/01/2025,RPAC.TA,3052.5508,11
11/01/2025,RPAC.TA,3041.3057,12
12/01/2025,RPAC.TA,2964.5283,13
13/01/2025,RPAC.TA,3042.3035,14
14/01/2025,RPAC.TA,3049.4897,15
15/01/2025,RPAC.TA,3063.3042,16
16/01/2025,RPAC.TA,3048.7612,17
17/01/2025,RPAC.TA,3095.323,18
18/01/2025,RPAC.TA,3091.1736,19
19/01/2025,RPAC.TA,3027.346,20
20/01/2025,RPAC.TA,3013.0754,21
21/01/2025,RPAC.TA,3040.7544,22
22/01/2025,RPAC.TA,3061.9731,23
23/01/2025,RPAC.TA,2982.6982,24
24/01/2025,RPAC.TA,3049.926,25
25/01/2025,RPAC.TA,3093.0217,26
26/01/2025,RPAC.TA,3130.9539,27
27/01/2025,RPAC.TA,3166.1829,28
28/01/2025,RPAC.TA,3177.1765,29
29/01/2025,RPAC.TA,3130.169,30
31/12/2024,RATI.TA,314.60904,1
01/01/2025,RATI.TA,309.74307,2
02/01/2025,RATI.TA,308.4258,3
03/01/2025,RATI.TA,309.19455,4
04/01/2025,RATI.TA,316.63672,5
05/01/2025,RATI.TA,324.589,6
06/01/2025,RATI.TA,317.85327,7
07/01/2025,RATI.TA,320.1423,8
08/01/2025,RATI.TA,317.50436,9
09/01/2025,RATI.TA,313.39062,10
10/01/2025,RATI.TA,303.85754,11
11/01/2025,RATI.TA,295.1964,12
12/01/2025,RATI.TA,294.0172,13
13/01/2025,RATI.TA,298.10403,14
14/01/2025,RATI.TA,296.70578,15
15/01/2025,RATI.TA,287.29065,16
16/01/2025,RATI.TA,292.35913,17
17/01/2025,RATI.TA,291.76358,18
18/01/2025,RATI.TA,291.29932,19
19/01/2025,RATI.TA,288.39154,20
20/01/2025,RATI.TA,289.99713,21
21/01/2025,RATI.TA,289.84604,22
22/01/2025,RATI.TA,298.2232,23
23/01/2025,RATI.TA,294.10046,24
24/01/2025,RATI.TA,287.342,25
25/01/2025,RATI.TA,274.59518,26
26/01/2025,RATI.TA,277.6999,27
27/01/2025,RATI.TA,281.16125,28
28/01/2025,RATI.TA,281.40018,29
29/01/2025,RATI.TA,278.7851,30
31/12/2024,RTPT.TA,27.423904,1
01/01/2025,RTPT.TA,34.906246,2
02/01/2025,RTPT.TA,35.008,3
03/01/2025,RTPT.TA,33.139492,4
04/01/2025,RTPT.TA,35.629547,5
05/01/2025,RTPT.TA,34.65005,6
06/01/2025,RTPT.TA,32.62539,7
07/01/2025,RTPT.TA,37.359024,8
08/01/2025,RTPT.TA,35.5807,9
09/01/2025,RTPT.TA,35.24559,10
10/01/2025,RTPT.TA,33.770596,11
11/01/2025,RTPT.TA,33.964344,12
12/01/2025,RTPT.TA,34.294346,13
13/01/2025,RTPT.TA,33.22379,14
14/01/2025,RTPT.TA,32.906124,15
15/01/2025,RTPT.TA,28.392532,16
16/01/2025,RTPT.TA,32.608746,17
17/01/2025,RTPT.TA,32.340317,18
18/01/2025,RTPT.TA,33.402428,19
19/01/2025,RTPT.TA,38.97144,20
20/01/2025,RTPT.TA,39.857307,21
21/01/2025,RTPT.TA,38.78657,22
22/01/2025,RTPT.TA,33.361954,23
23/01/2025,RTPT.TA,38.360493,24
24/01/2025,RTPT.TA,36.606052,25
25/01/2025,RTPT.TA,40.97576,26
26/01/2025,RTPT.TA,46.757904,27
27/01/2025,RTPT.TA,48.94272,28
28/01/2025,RTPT.TA,53.53026,29
29/01/2025,RTPT.TA,60.964542,30
31/12/2024,BRIH.TA,85.345375,1
01/01/2025,BRIH.TA,85.50043,2
02/01/2025,BRIH.TA,87.03977,3
03/01/2025,BRIH.TA,88.336365,4
04/01/2025,BRIH.TA,90.278694,5
05/01/2025,BRIH.TA,91.89113,6
06/01/2025,BRIH.TA,91.928474,7
07/01/2025,BRIH.TA,91.845184,8
08/01/2025,BRIH.TA,93.13884,9
09/01/2025,BRIH.TA,91.56343,10
10/01/2025,BRIH.TA,92.1328,11
11/01/2025,BRIH.TA,91.629,12
12/01/2025,BRIH.TA,91.09164,13
13/01/2025,BRIH.TA,91.912506,14
14/01/2025,BRIH.TA,93.55804,15
15/01/2025,BRIH.TA,97.50031,16
16/01/2025,BRIH.TA,98.54525,17
17/01/2025,BRIH.TA,100.91112,18
18/01/2025,BRIH.TA,98.008286,19
19/01/2025,BRIH.TA,99.712204,20
20/01/2025,BRIH.TA,101.88557,21
21/01/2025,BRIH.TA,103.192856,22
22/01/2025,BRIH.TA,103.16522,23
23/01/2025,BRIH.TA,103.702446,24
24/01/2025,BRIH.TA,104.81921,25
25/01/2025,BRIH.TA,104.744064,26
26/01/2025,BRIH.TA,105.336975,27
27/01/2025,BRIH.TA,104.14132,28
28/01/2025,BRIH.TA,105.95538,29
29/01/2025,BRIH.TA,107.063896,30
31/12/2024,RAVD.TA,856.67804,1
01/01/2025,RAVD.TA,846.2935,2
02/01/2025,RAVD.TA,854.7233,3
03/01/2025,RAVD.TA,848.3771,4
04/01/2025,RAVD.TA,842.6074,5
05/01/2025,RAVD.TA,845.1421,6
06/01/2025,RAVD.TA,838.4227,7
07/01/2025,RAVD.TA,823.1891,8
08/01/2025,RAVD.TA,842.22107,9
09/01/2025,RAVD.TA,845.6069,10
10/01/2025,RAVD.TA,854.2947,11
11/01/2025,RAVD.TA,865.6363,12
12/01/2025,RAVD.TA,881.78406,13
13/01/2025,RAVD.TA,876.4239,14
14/01/2025,RAVD.TA,885.20734,15
15/01/2025,RAVD.TA,889.0226,16
16/01/2025,RAVD.TA,863.28046,17
17/01/2025,RAVD.TA,863.4416,18
18/01/2025,RAVD.TA,880.87115,19
19/01/2025,RAVD.TA,876.1656,20
20/01/2025,RAVD.TA,875.4614,21
21/01/2025,RAVD.TA,880.8533,22
22/01/2025,RAVD.TA,871.212,23
23/01/2025,RAVD.TA,861.7618,24
24/01/2025,RAVD.TA,875.8882,25
25/01/2025,RAVD.TA,884.7269,26
26/01/2025,RAVD.TA,885.0435,27
27/01/2025,RAVD.TA,902.4192,28
28/01/2025,RAVD.TA,911.83875,29
29/01/2025,RAVD.TA,916.42676,30
31/12/2024,RVL.TA,240.86134,1
01/01/2025,RVL.TA,261.89664,2
02/01/2025,RVL.TA,232.11905,3
03/01/2025,RVL.TA,246.04501,4
04/01/2025,RVL.TA,259.76837,5
05/01/2025,RVL.TA,205.1934,6
06/01/2025,RVL.TA,220.88492,7
07/01/2025,RVL.TA,237.32545,8
08/01/2025,RVL.TA,198.40298,9
09/01/2025,RVL.TA,163.21466,10
10/01/2025,RVL.TA,172.25018,11
11/01/2025,RVL.TA,157.08553,12
12/01/2025,RVL.TA,184.74419,13
13/01/2025,RVL.TA,212.64157,14
14/01/2025,RVL.TA,231.18608,15
15/01/2025,RVL.TA,252.44833,16
16/01/2025,RVL.TA,271.48242,17
17/01/2025,RVL.TA,300.3991,18
18/01/2025,RVL.TA,230.18935,19
19/01/2025,RVL.TA,279.525,20
20/01/2025,RVL.TA,255.43509,21
21/01/2025,RVL.TA,246.87195,22
22/01/2025,RVL.TA,245.37114,23
23/01/2025,RVL.TA,235.37888,24
24/01/2025,RVL.TA,243.77446,25
25/01/2025,RVL.TA,279.96457,26
26/01/2025,RVL.TA,276.39746,27
27/01/2025,RVL.TA,273.82693,28
28/01/2025,RVL.TA,251.67313,29
29/01/2025,RVL.TA,270.87048,30
31/12/2024,RAYG-M.TA,106.11189,1
01/01/2025,RAYG-M.TA,-141.8536,2
02/01/2025,RAYG-M.TA,-1413.3232,3
03/01/2025,RAYG-M.TA,-1198.1781,4
04/01/2025,RAYG-M.TA,-4798.6216,5
05/01/2025,RAYG-M.TA,-43028.688,6
06/01/2025,RAYG-M.TA,142141.78,7
07/01/2025,RAYG-M.TA,-774821.8,8
08/01/2025,RAYG-M.TA,-573140.3,9
09/01/2025,RAYG-M.TA,2482144,10
10/01/2025,RAYG-M.TA,14618009,11
11/01/2025,RAYG-M.TA,-42333112,12
12/01/2025,RAYG-M.TA,-4.69E+08,13
13/01/2025,RAYG-M.TA,5.74E+09,14
14/01/2025,RAYG-M.TA,-1.04E+10,15
15/01/2025,RAYG-M.TA,-6.11E+10,16
16/01/2025,RAYG-M.TA,1.43E+11,17
17/01/2025,RAYG-M.TA,1.86E+12,18
18/01/2025,RAYG-M.TA,1.01E+13,19
19/01/2025,RAYG-M.TA,-4.54E+13,20
20/01/2025,RAYG-M.TA,-1.90E+14,21
21/01/2025,RAYG-M.TA,6.01E+12,22
22/01/2025,RAYG-M.TA,5.36E+13,23
23/01/2025,RAYG-M.TA,-1.44E+14,24
24/01/2025,RAYG-M.TA,1.29E+15,25
25/01/2025,RAYG-M.TA,9.79E+15,26
26/01/2025,RAYG-M.TA,-4.13E+16,27
27/01/2025,RAYG-M.TA,-4.77E+17,28
28/01/2025,RAYG-M.TA,-1.60E+18,29
29/01/2025,RAYG-M.TA,-5.49E+18,30
31/12/2024,RZR.TA,596.4944,1
01/01/2025,RZR.TA,675.64923,2
02/01/2025,RZR.TA,591.8234,3
03/01/2025,RZR.TA,597.677,4
04/01/2025,RZR.TA,641.096,5
05/01/2025,RZR.TA,609.3171,6
06/01/2025,RZR.TA,644.6297,7
07/01/2025,RZR.TA,623.0567,8
08/01/2025,RZR.TA,551.70575,9
09/01/2025,RZR.TA,525.6704,10
10/01/2025,RZR.TA,566.7153,11
11/01/2025,RZR.TA,447.08594,12
12/01/2025,RZR.TA,495.30814,13
13/01/2025,RZR.TA,517.16406,14
14/01/2025,RZR.TA,471.66742,15
15/01/2025,RZR.TA,515.177,16
16/01/2025,RZR.TA,649.279,17
17/01/2025,RZR.TA,672.68024,18
18/01/2025,RZR.TA,751.0539,19
19/01/2025,RZR.TA,718.32117,20
20/01/2025,RZR.TA,622.00745,21
21/01/2025,RZR.TA,695.4363,22
22/01/2025,RZR.TA,648.7228,23
23/01/2025,RZR.TA,714.52167,24
24/01/2025,RZR.TA,681.9461,25
25/01/2025,RZR.TA,688.9754,26
26/01/2025,RZR.TA,663.3613,27
27/01/2025,RZR.TA,646.49036,28
28/01/2025,RZR.TA,741.2998,29
29/01/2025,RZR.TA,884.1545,30
31/12/2024,RIT1.TA,1869.0145,1
01/01/2025,RIT1.TA,1709.2351,2
02/01/2025,RIT1.TA,1663.7462,3
03/01/2025,RIT1.TA,1671.8964,4
04/01/2025,RIT1.TA,1718.0454,5
05/01/2025,RIT1.TA,1693.3147,6
06/01/2025,RIT1.TA,1641.4508,7
07/01/2025,RIT1.TA,1654.4905,8
08/01/2025,RIT1.TA,1753.2906,9
09/01/2025,RIT1.TA,1710.3013,10
10/01/2025,RIT1.TA,1741.4686,11
11/01/2025,RIT1.TA,1763.2736,12
12/01/2025,RIT1.TA,1794.9885,13
13/01/2025,RIT1.TA,1800.0782,14
14/01/2025,RIT1.TA,1730.3455,15
15/01/2025,RIT1.TA,1710.2355,16
16/01/2025,RIT1.TA,1705.5602,17
17/01/2025,RIT1.TA,1736.5752,18
18/01/2025,RIT1.TA,1661.3699,19
19/01/2025,RIT1.TA,1747.6191,20
20/01/2025,RIT1.TA,1711.5857,21
21/01/2025,RIT1.TA,1758.1526,22
22/01/2025,RIT1.TA,1808.48,23
23/01/2025,RIT1.TA,1793.7012,24
24/01/2025,RIT1.TA,1817.0974,25
25/01/2025,RIT1.TA,1787.7273,26
26/01/2025,RIT1.TA,1844.781,27
27/01/2025,RIT1.TA,1861.8091,28
28/01/2025,RIT1.TA,1823.9755,29
29/01/2025,RIT1.TA,1825.5878,30
31/12/2024,AZRT.TA,524.59937,1
01/01/2025,AZRT.TA,547.7105,2
02/01/2025,AZRT.TA,550.14496,3
03/01/2025,AZRT.TA,552.9036,4
04/01/2025,AZRT.TA,555.95514,5
05/01/2025,AZRT.TA,562.2579,6
06/01/2025,AZRT.TA,579.1565,7
07/01/2025,AZRT.TA,571.47565,8
08/01/2025,AZRT.TA,572.785,9
09/01/2025,AZRT.TA,587.0248,10
10/01/2025,AZRT.TA,581.4081,11
11/01/2025,AZRT.TA,578.9044,12
12/01/2025,AZRT.TA,588.2912,13
13/01/2025,AZRT.TA,580.5144,14
14/01/2025,AZRT.TA,576.71716,15
15/01/2025,AZRT.TA,585.5541,16
16/01/2025,AZRT.TA,570.11865,17
17/01/2025,AZRT.TA,576.7453,18
18/01/2025,AZRT.TA,589.1643,19
19/01/2025,AZRT.TA,586.2993,20
20/01/2025,AZRT.TA,589.3095,21
21/01/2025,AZRT.TA,588.221,22
22/01/2025,AZRT.TA,581.8263,23
23/01/2025,AZRT.TA,573.9565,24
24/01/2025,AZRT.TA,581.4188,25
25/01/2025,AZRT.TA,579.51117,26
26/01/2025,AZRT.TA,562.9428,27
27/01/2025,AZRT.TA,564.00793,28
28/01/2025,AZRT.TA,569.0531,29
29/01/2025,AZRT.TA,562.8031,30
31/12/2024,REKA.TA,1323.7274,1
01/01/2025,REKA.TA,1294.7733,2
02/01/2025,REKA.TA,1269.497,3
03/01/2025,REKA.TA,1237.7012,4
04/01/2025,REKA.TA,1201.6489,5
05/01/2025,REKA.TA,1248.375,6
06/01/2025,REKA.TA,1239.745,7
07/01/2025,REKA.TA,1227.1046,8
08/01/2025,REKA.TA,1235.9733,9
09/01/2025,REKA.TA,1275.0398,10
10/01/2025,REKA.TA,1307.9921,11
11/01/2025,REKA.TA,1322.4514,12
12/01/2025,REKA.TA,1306.1719,13
13/01/2025,REKA.TA,1296.2604,14
14/01/2025,REKA.TA,1342.2476,15
15/01/2025,REKA.TA,1325.4882,16
16/01/2025,REKA.TA,1325.8282,17
17/01/2025,REKA.TA,1372.2928,18
18/01/2025,REKA.TA,1327.1931,19
19/01/2025,REKA.TA,1325.7506,20
20/01/2025,REKA.TA,1286.2288,21
21/01/2025,REKA.TA,1274.2944,22
22/01/2025,REKA.TA,1327.0276,23
23/01/2025,REKA.TA,1332.2003,24
24/01/2025,REKA.TA,1358.2378,25
25/01/2025,REKA.TA,1354.4744,26
26/01/2025,REKA.TA,1367.2603,27
27/01/2025,REKA.TA,1380.7881,28
28/01/2025,REKA.TA,1366.4725,29
29/01/2025,REKA.TA,1371.1494,30
31/12/2024,RTMD-L.TA,37.118168,1
01/01/2025,RTMD-L.TA,91.06693,2
02/01/2025,RTMD-L.TA,-33.499367,3
03/01/2025,RTMD-L.TA,-32.79718,4
04/01/2025,RTMD-L.TA,-2.9464877,5
05/01/2025,RTMD-L.TA,1.4712981,6
06/01/2025,RTMD-L.TA,4.3743463,7
07/01/2025,RTMD-L.TA,-3.4206753,8
08/01/2025,RTMD-L.TA,-0.6991364,9
09/01/2025,RTMD-L.TA,-0.93638813,10
10/01/2025,RTMD-L.TA,-2.6790295,11
11/01/2025,RTMD-L.TA,5.45874,12
12/01/2025,RTMD-L.TA,1.7565039,13
13/01/2025,RTMD-L.TA,-0.6866064,14
14/01/2025,RTMD-L.TA,-1.9970998,15
15/01/2025,RTMD-L.TA,-5.698148,16
16/01/2025,RTMD-L.TA,-0.9250623,17
17/01/2025,RTMD-L.TA,-2.5287282,18
18/01/2025,RTMD-L.TA,-0.40887484,19
19/01/2025,RTMD-L.TA,-0.6107698,20
20/01/2025,RTMD-L.TA,-0.7071506,21
21/01/2025,RTMD-L.TA,-0.28748047,22
22/01/2025,RTMD-L.TA,0.0070427,23
23/01/2025,RTMD-L.TA,-0.00550167,24
24/01/2025,RTMD-L.TA,0.00257325,25
25/01/2025,RTMD-L.TA,-0.00061021,26
26/01/2025,RTMD-L.TA,-0.00033928,27
27/01/2025,RTMD-L.TA,-0.00064319,28
28/01/2025,RTMD-L.TA,-0.00124399,29
29/01/2025,RTMD-L.TA,-0.00229629,30
31/12/2024,RTLS.TA,7457.0073,1
01/01/2025,RTLS.TA,7532.5767,2
02/01/2025,RTLS.TA,7742.165,3
03/01/2025,RTLS.TA,7891.595,4
04/01/2025,RTLS.TA,8042.7183,5
05/01/2025,RTLS.TA,8273.123,6
06/01/2025,RTLS.TA,7963.2964,7
07/01/2025,RTLS.TA,8216.375,8
08/01/2025,RTLS.TA,8118.514,9
09/01/2025,RTLS.TA,8095.892,10
10/01/2025,RTLS.TA,8107.734,11
11/01/2025,RTLS.TA,7967.787,12
12/01/2025,RTLS.TA,8012.831,13
13/01/2025,RTLS.TA,8138.4033,14
14/01/2025,RTLS.TA,8289.592,15
15/01/2025,RTLS.TA,8376.999,16
16/01/2025,RTLS.TA,8488.747,17
17/01/2025,RTLS.TA,8471.699,18
18/01/2025,RTLS.TA,8215.224,19
19/01/2025,RTLS.TA,7948.82,20
20/01/2025,RTLS.TA,7835.26,21
21/01/2025,RTLS.TA,8071.1973,22
22/01/2025,RTLS.TA,8195.706,23
23/01/2025,RTLS.TA,7979.271,24
24/01/2025,RTLS.TA,8059.3403,25
25/01/2025,RTLS.TA,8045.5376,26
26/01/2025,RTLS.TA,8035.2144,27
27/01/2025,RTLS.TA,8040.611,28
28/01/2025,RTLS.TA,7908.7783,29
29/01/2025,RTLS.TA,7611.2886,30
31/12/2024,RMON.TA,4326.8584,1
01/01/2025,RMON.TA,4417.9365,2
02/01/2025,RMON.TA,4536.836,3
03/01/2025,RMON.TA,4458.7007,4
04/01/2025,RMON.TA,4262.036,5
05/01/2025,RMON.TA,4371,6
06/01/2025,RMON.TA,4392.7495,7
07/01/2025,RMON.TA,4456.282,8
08/01/2025,RMON.TA,4541.017,9
09/01/2025,RMON.TA,4453.274,10
10/01/2025,RMON.TA,4449.0234,11
11/01/2025,RMON.TA,4224.766,12
12/01/2025,RMON.TA,4305.4653,13
13/01/2025,RMON.TA,4039.8154,14
14/01/2025,RMON.TA,4189.263,15
15/01/2025,RMON.TA,4059.6013,16
16/01/2025,RMON.TA,3999.4004,17
17/01/2025,RMON.TA,3875.716,18
18/01/2025,RMON.TA,3941.689,19
19/01/2025,RMON.TA,4040.8057,20
20/01/2025,RMON.TA,4047.4214,21
21/01/2025,RMON.TA,4123.742,22
22/01/2025,RMON.TA,4232.583,23
23/01/2025,RMON.TA,4278.43,24
24/01/2025,RMON.TA,4280.9355,25
25/01/2025,RMON.TA,4440.055,26
26/01/2025,RMON.TA,4561.569,27
27/01/2025,RMON.TA,4532.3604,28
28/01/2025,RMON.TA,4625.781,29
29/01/2025,RMON.TA,4743.8296,30
31/12/2024,RIMO.TA,4734.478,1
01/01/2025,RIMO.TA,4730.274,2
02/01/2025,RIMO.TA,4817.1865,3
03/01/2025,RIMO.TA,4842.216,4
04/01/2025,RIMO.TA,4885.064,5
05/01/2025,RIMO.TA,4787.5166,6
06/01/2025,RIMO.TA,4931.094,7
07/01/2025,RIMO.TA,4929.2227,8
08/01/2025,RIMO.TA,4873.459,9
09/01/2025,RIMO.TA,4884.291,10
10/01/2025,RIMO.TA,4787.7534,11
11/01/2025,RIMO.TA,4869.9966,12
12/01/2025,RIMO.TA,4897.941,13
13/01/2025,RIMO.TA,4913.2993,14
14/01/2025,RIMO.TA,4897.5376,15
15/01/2025,RIMO.TA,4918.7373,16
16/01/2025,RIMO.TA,4813.857,17
17/01/2025,RIMO.TA,4786.6074,18
18/01/2025,RIMO.TA,4795.6187,19
19/01/2025,RIMO.TA,4847.2114,20
20/01/2025,RIMO.TA,4840.5264,21
21/01/2025,RIMO.TA,4638.4697,22
22/01/2025,RIMO.TA,4534.241,23
23/01/2025,RIMO.TA,4548.791,24
24/01/2025,RIMO.TA,4513.018,25
25/01/2025,RIMO.TA,4511.3394,26
26/01/2025,RIMO.TA,4562.6616,27
27/01/2025,RIMO.TA,4427.0645,28
28/01/2025,RIMO.TA,4347.674,29
29/01/2025,RIMO.TA,4339.3335,30
31/12/2024,ROBO.TA,129.24762,1
01/01/2025,ROBO.TA,145.31798,2
02/01/2025,ROBO.TA,152.76088,3
03/01/2025,ROBO.TA,114.43551,4
04/01/2025,ROBO.TA,129.20557,5
05/01/2025,ROBO.TA,177.68307,6
06/01/2025,ROBO.TA,146.58205,7
07/01/2025,ROBO.TA,149.847,8
08/01/2025,ROBO.TA,174.19942,9
09/01/2025,ROBO.TA,196.70847,10
10/01/2025,ROBO.TA,196.81236,11
11/01/2025,ROBO.TA,172.73566,12
12/01/2025,ROBO.TA,156.47989,13
13/01/2025,ROBO.TA,182.8252,14
14/01/2025,ROBO.TA,148.31161,15
15/01/2025,ROBO.TA,120.21267,16
16/01/2025,ROBO.TA,100.27237,17
17/01/2025,ROBO.TA,95.33692,18
18/01/2025,ROBO.TA,88.51951,19
19/01/2025,ROBO.TA,100.33088,20
20/01/2025,ROBO.TA,72.15444,21
21/01/2025,ROBO.TA,67.666145,22
22/01/2025,ROBO.TA,70.69885,23
23/01/2025,ROBO.TA,61.72365,24
24/01/2025,ROBO.TA,52.107,25
25/01/2025,ROBO.TA,51.600277,26
26/01/2025,ROBO.TA,54.672142,27
27/01/2025,ROBO.TA,58.429615,28
28/01/2025,ROBO.TA,59.76621,29
29/01/2025,ROBO.TA,59.232765,30
31/12/2024,RTEN.TA,228.32181,1
01/01/2025,RTEN.TA,229.63173,2
02/01/2025,RTEN.TA,244.29799,3
03/01/2025,RTEN.TA,232.15305,4
04/01/2025,RTEN.TA,228.45871,5
05/01/2025,RTEN.TA,236.95576,6
06/01/2025,RTEN.TA,216.98854,7
07/01/2025,RTEN.TA,213.52483,8
08/01/2025,RTEN.TA,211.88211,9
09/01/2025,RTEN.TA,201.1532,10
10/01/2025,RTEN.TA,186.21562,11
11/01/2025,RTEN.TA,186.59566,12
12/01/2025,RTEN.TA,192.14499,13
13/01/2025,RTEN.TA,199.02998,14
14/01/2025,RTEN.TA,194.84549,15
15/01/2025,RTEN.TA,208.86366,16
16/01/2025,RTEN.TA,209.9048,17
17/01/2025,RTEN.TA,209.40315,18
18/01/2025,RTEN.TA,192.28082,19
19/01/2025,RTEN.TA,202.64148,20
20/01/2025,RTEN.TA,221.6027,21
21/01/2025,RTEN.TA,219.81544,22
22/01/2025,RTEN.TA,201.17822,23
23/01/2025,RTEN.TA,201.81644,24
24/01/2025,RTEN.TA,184.67455,25
25/01/2025,RTEN.TA,186.61974,26
26/01/2025,RTEN.TA,175.66837,27
27/01/2025,RTEN.TA,177.29126,28
28/01/2025,RTEN.TA,187.96318,29
29/01/2025,RTEN.TA,182.82283,30
31/12/2024,ROTS.TA,6382.7207,1
01/01/2025,ROTS.TA,6567.187,2
02/01/2025,ROTS.TA,6465.895,3
03/01/2025,ROTS.TA,6726.7036,4
04/01/2025,ROTS.TA,6735.299,5
05/01/2025,ROTS.TA,6593.82,6
06/01/2025,ROTS.TA,6598.0938,7
07/01/2025,ROTS.TA,6746.3633,8
08/01/2025,ROTS.TA,6900.4785,9
09/01/2025,ROTS.TA,6925.4673,10
10/01/2025,ROTS.TA,7213.1655,11
11/01/2025,ROTS.TA,6990.2373,12
12/01/2025,ROTS.TA,7123.687,13
13/01/2025,ROTS.TA,7161.7725,14
14/01/2025,ROTS.TA,7398.618,15
15/01/2025,ROTS.TA,7308.2104,16
16/01/2025,ROTS.TA,7152.2554,17
17/01/2025,ROTS.TA,7456.4785,18
18/01/2025,ROTS.TA,7438.6567,19
19/01/2025,ROTS.TA,7560.482,20
20/01/2025,ROTS.TA,7478.2095,21
21/01/2025,ROTS.TA,7482.8066,22
22/01/2025,ROTS.TA,7604.823,23
23/01/2025,ROTS.TA,7689.1885,24
24/01/2025,ROTS.TA,7782.0737,25
25/01/2025,ROTS.TA,7911.913,26
26/01/2025,ROTS.TA,8249.962,27
27/01/2025,ROTS.TA,8112.345,28
28/01/2025,ROTS.TA,7995.2036,29
29/01/2025,ROTS.TA,8021.352,30
31/12/2024,RSEL.TA,880.4895,1
01/01/2025,RSEL.TA,867.6546,2
02/01/2025,RSEL.TA,876.1028,3
03/01/2025,RSEL.TA,883.84845,4
04/01/2025,RSEL.TA,868.4572,5
05/01/2025,RSEL.TA,885.1667,6
06/01/2025,RSEL.TA,867.35126,7
07/01/2025,RSEL.TA,858.1292,8
08/01/2025,RSEL.TA,886.7352,9
09/01/2025,RSEL.TA,892.0613,10
10/01/2025,RSEL.TA,902.18695,11
11/01/2025,RSEL.TA,898.64026,12
12/01/2025,RSEL.TA,923.40894,13
13/01/2025,RSEL.TA,918.4419,14
14/01/2025,RSEL.TA,943.5111,15
15/01/2025,RSEL.TA,909.53973,16
16/01/2025,RSEL.TA,915.10815,17
17/01/2025,RSEL.TA,931.3172,18
18/01/2025,RSEL.TA,966.52325,19
19/01/2025,RSEL.TA,953.47144,20
20/01/2025,RSEL.TA,955.83734,21
21/01/2025,RSEL.TA,969.1356,22
22/01/2025,RSEL.TA,964.10925,23
23/01/2025,RSEL.TA,948.6915,24
24/01/2025,RSEL.TA,985.42285,25
25/01/2025,RSEL.TA,984.38116,26
26/01/2025,RSEL.TA,934.66016,27
27/01/2025,RSEL.TA,979.5443,28
28/01/2025,RSEL.TA,977.27344,29
29/01/2025,RSEL.TA,994.29004,30
31/12/2024,SRAC.TA,4205.1875,1
01/01/2025,SRAC.TA,4320.901,2
02/01/2025,SRAC.TA,4305.2803,3
03/01/2025,SRAC.TA,4230.3965,4
04/01/2025,SRAC.TA,4281.614,5
05/01/2025,SRAC.TA,4219.0205,6
06/01/2025,SRAC.TA,4196.4785,7
07/01/2025,SRAC.TA,4168.3735,8
08/01/2025,SRAC.TA,4127.3467,9
09/01/2025,SRAC.TA,4158.17,10
10/01/2025,SRAC.TA,4144.2817,11
11/01/2025,SRAC.TA,4267.173,12
12/01/2025,SRAC.TA,4245.2783,13
13/01/2025,SRAC.TA,4248.4834,14
14/01/2025,SRAC.TA,4285.6475,15
15/01/2025,SRAC.TA,4238.1553,16
16/01/2025,SRAC.TA,4311.0503,17
17/01/2025,SRAC.TA,4274.731,18
18/01/2025,SRAC.TA,4237.058,19
19/01/2025,SRAC.TA,4265.883,20
20/01/2025,SRAC.TA,4310.5283,21
21/01/2025,SRAC.TA,4287.1094,22
22/01/2025,SRAC.TA,4334.782,23
23/01/2025,SRAC.TA,4291.4688,24
24/01/2025,SRAC.TA,4250.2915,25
25/01/2025,SRAC.TA,4347.9756,26
26/01/2025,SRAC.TA,4381.3804,27
27/01/2025,SRAC.TA,4446.7876,28
28/01/2025,SRAC.TA,4286.5176,29
29/01/2025,SRAC.TA,4397.112,30
31/12/2024,SANO1.TA,32771.016,1
01/01/2025,SANO1.TA,32417.838,2
02/01/2025,SANO1.TA,32318.67,3
03/01/2025,SANO1.TA,31995.922,4
04/01/2025,SANO1.TA,31824.197,5
05/01/2025,SANO1.TA,31740.924,6
06/01/2025,SANO1.TA,32342.584,7
07/01/2025,SANO1.TA,32645.479,8
08/01/2025,SANO1.TA,32001.477,9
09/01/2025,SANO1.TA,32425.184,10
10/01/2025,SANO1.TA,32865.746,11
11/01/2025,SANO1.TA,32800.516,12
12/01/2025,SANO1.TA,32417.568,13
13/01/2025,SANO1.TA,32143.732,14
14/01/2025,SANO1.TA,32313.234,15
15/01/2025,SANO1.TA,32350.842,16
16/01/2025,SANO1.TA,32599.545,17
17/01/2025,SANO1.TA,33144.125,18
18/01/2025,SANO1.TA,34014.78,19
19/01/2025,SANO1.TA,34485.8,20
20/01/2025,SANO1.TA,33758.793,21
21/01/2025,SANO1.TA,33991.152,22
22/01/2025,SANO1.TA,33420.29,23
23/01/2025,SANO1.TA,33882.13,24
24/01/2025,SANO1.TA,33775.594,25
25/01/2025,SANO1.TA,33626.984,26
26/01/2025,SANO1.TA,33562.953,27
27/01/2025,SANO1.TA,33141.594,28
28/01/2025,SANO1.TA,32856.93,29
29/01/2025,SANO1.TA,32783.254,30
31/12/2024,SPNS.TA,9704.564,1
01/01/2025,SPNS.TA,9934.099,2
02/01/2025,SPNS.TA,9827.915,3
03/01/2025,SPNS.TA,9866.603,4
04/01/2025,SPNS.TA,10316.379,5
05/01/2025,SPNS.TA,10584.073,6
06/01/2025,SPNS.TA,10564.868,7
07/01/2025,SPNS.TA,10719.753,8
08/01/2025,SPNS.TA,10871.025,9
09/01/2025,SPNS.TA,10412.884,10
10/01/2025,SPNS.TA,10155.377,11
11/01/2025,SPNS.TA,10119.308,12
12/01/2025,SPNS.TA,9961.819,13
13/01/2025,SPNS.TA,10336.761,14
14/01/2025,SPNS.TA,9744.844,15
15/01/2025,SPNS.TA,9343.122,16
16/01/2025,SPNS.TA,9025.513,17
17/01/2025,SPNS.TA,9202.935,18
18/01/2025,SPNS.TA,8823.018,19
19/01/2025,SPNS.TA,8756.328,20
20/01/2025,SPNS.TA,8958.21,21
21/01/2025,SPNS.TA,8829.6045,22
22/01/2025,SPNS.TA,8870.678,23
23/01/2025,SPNS.TA,9037.421,24
24/01/2025,SPNS.TA,9090.508,25
25/01/2025,SPNS.TA,8885.243,26
26/01/2025,SPNS.TA,8711.476,27
27/01/2025,SPNS.TA,8964.734,28
28/01/2025,SPNS.TA,9019.318,29
29/01/2025,SPNS.TA,8847.99,30
31/12/2024,SRFT.TA,4157.7153,1
01/01/2025,SRFT.TA,4139.8647,2
02/01/2025,SRFT.TA,4105.6865,3
03/01/2025,SRFT.TA,4178.065,4
04/01/2025,SRFT.TA,4227.7144,5
05/01/2025,SRFT.TA,4178.9854,6
06/01/2025,SRFT.TA,4277.6265,7
07/01/2025,SRFT.TA,4201.5137,8
08/01/2025,SRFT.TA,4255.4175,9
09/01/2025,SRFT.TA,4205.7334,10
10/01/2025,SRFT.TA,4253.85,11
11/01/2025,SRFT.TA,4247.0493,12
12/01/2025,SRFT.TA,4264.9746,13
13/01/2025,SRFT.TA,4272.518,14
14/01/2025,SRFT.TA,4260.385,15
15/01/2025,SRFT.TA,4296.492,16
16/01/2025,SRFT.TA,4270.179,17
17/01/2025,SRFT.TA,4242.2183,18
18/01/2025,SRFT.TA,4208.923,19
19/01/2025,SRFT.TA,4343.997,20
20/01/2025,SRFT.TA,4465.988,21
21/01/2025,SRFT.TA,4377.15,22
22/01/2025,SRFT.TA,4398.4326,23
23/01/2025,SRFT.TA,4392.3003,24
24/01/2025,SRFT.TA,4360.6104,25
25/01/2025,SRFT.TA,4426.899,26
26/01/2025,SRFT.TA,4425.572,27
27/01/2025,SRFT.TA,4450.726,28
28/01/2025,SRFT.TA,4365.0312,29
29/01/2025,SRFT.TA,4421.874,30
31/12/2024,SARN.TA,62.782475,1
01/01/2025,SARN.TA,61.45247,2
02/01/2025,SARN.TA,62.315056,3
03/01/2025,SARN.TA,62.911324,4
04/01/2025,SARN.TA,62.61918,5
05/01/2025,SARN.TA,62.354527,6
06/01/2025,SARN.TA,62.589817,7
07/01/2025,SARN.TA,62.856632,8
08/01/2025,SARN.TA,63.794094,9
09/01/2025,SARN.TA,63.137726,10
10/01/2025,SARN.TA,62.42328,11
11/01/2025,SARN.TA,62.76709,12
12/01/2025,SARN.TA,61.850826,13
13/01/2025,SARN.TA,62.38182,14
14/01/2025,SARN.TA,61.85327,15
15/01/2025,SARN.TA,62.14221,16
16/01/2025,SARN.TA,62.86469,17
17/01/2025,SARN.TA,65.149994,18
18/01/2025,SARN.TA,66.35847,19
19/01/2025,SARN.TA,65.68018,20
20/01/2025,SARN.TA,66.29091,21
21/01/2025,SARN.TA,68.00921,22
22/01/2025,SARN.TA,68.4898,23
23/01/2025,SARN.TA,68.47933,24
24/01/2025,SARN.TA,68.36676,25
25/01/2025,SARN.TA,70.133575,26
26/01/2025,SARN.TA,72.44187,27
27/01/2025,SARN.TA,73.30174,28
28/01/2025,SARN.TA,74.16138,29
29/01/2025,SARN.TA,73.97672,30
31/12/2024,SVRE.TA,200.10532,1
01/01/2025,SVRE.TA,-2513.3467,2
02/01/2025,SVRE.TA,-11879.031,3
03/01/2025,SVRE.TA,-50824.793,4
04/01/2025,SVRE.TA,-59008.586,5
05/01/2025,SVRE.TA,99524.82,6
06/01/2025,SVRE.TA,912636.75,7
07/01/2025,SVRE.TA,-5670101.5,8
08/01/2025,SVRE.TA,-23794582,9
09/01/2025,SVRE.TA,-45927376,10
10/01/2025,SVRE.TA,-6.86E+08,11
11/01/2025,SVRE.TA,-2.72E+08,12
12/01/2025,SVRE.TA,1.09E+09,13
13/01/2025,SVRE.TA,-3.48E+09,14
14/01/2025,SVRE.TA,1.71E+10,15
15/01/2025,SVRE.TA,-4.39E+10,16
16/01/2025,SVRE.TA,4.23E+11,17
17/01/2025,SVRE.TA,-8.17E+11,18
18/01/2025,SVRE.TA,-2.02E+12,19
19/01/2025,SVRE.TA,1.75E+13,20
20/01/2025,SVRE.TA,-6.52E+13,21
21/01/2025,SVRE.TA,-6.42E+12,22
22/01/2025,SVRE.TA,4.26E+13,23
23/01/2025,SVRE.TA,-3.22E+14,24
24/01/2025,SVRE.TA,-2.00E+15,25
25/01/2025,SVRE.TA,-1.78E+16,26
26/01/2025,SVRE.TA,-7.06E+16,27
27/01/2025,SVRE.TA,5.77E+15,28
28/01/2025,SVRE.TA,1.43E+16,29
29/01/2025,SVRE.TA,1.28E+16,30
31/12/2024,SVRT.TA,288.0493,1
01/01/2025,SVRT.TA,298.62564,2
02/01/2025,SVRT.TA,692.3929,3
03/01/2025,SVRT.TA,1436.8651,4
04/01/2025,SVRT.TA,3316.7815,5
05/01/2025,SVRT.TA,7314.385,6
06/01/2025,SVRT.TA,10149.842,7
07/01/2025,SVRT.TA,4221.2393,8
08/01/2025,SVRT.TA,5705.059,9
09/01/2025,SVRT.TA,7426.7583,10
10/01/2025,SVRT.TA,5995.8833,11
11/01/2025,SVRT.TA,15495.922,12
12/01/2025,SVRT.TA,47038.18,13
13/01/2025,SVRT.TA,66745.37,14
14/01/2025,SVRT.TA,41917.855,15
15/01/2025,SVRT.TA,-7469.208,16
16/01/2025,SVRT.TA,-20701.48,17
17/01/2025,SVRT.TA,9491.455,18
18/01/2025,SVRT.TA,12196.82,19
19/01/2025,SVRT.TA,53921.074,20
20/01/2025,SVRT.TA,156639.66,21
21/01/2025,SVRT.TA,79723.4,22
22/01/2025,SVRT.TA,126709.67,23
23/01/2025,SVRT.TA,139059.31,24
24/01/2025,SVRT.TA,163260.17,25
25/01/2025,SVRT.TA,15607.917,26
26/01/2025,SVRT.TA,8357.308,27
27/01/2025,SVRT.TA,11181.613,28
28/01/2025,SVRT.TA,31300.64,29
29/01/2025,SVRT.TA,32589.549,30
31/12/2024,SHNP.TA,1482.7358,1
01/01/2025,SHNP.TA,1532.1472,2
02/01/2025,SHNP.TA,1521.3175,3
03/01/2025,SHNP.TA,1528.6902,4
04/01/2025,SHNP.TA,1513.5952,5
05/01/2025,SHNP.TA,1531.2883,6
06/01/2025,SHNP.TA,1569.9628,7
07/01/2025,SHNP.TA,1581.5642,8
08/01/2025,SHNP.TA,1487.3586,9
09/01/2025,SHNP.TA,1449.1143,10
10/01/2025,SHNP.TA,1503.0902,11
11/01/2025,SHNP.TA,1478.5046,12
12/01/2025,SHNP.TA,1473.9691,13
13/01/2025,SHNP.TA,1502.9014,14
14/01/2025,SHNP.TA,1476.8307,15
15/01/2025,SHNP.TA,1486.0443,16
16/01/2025,SHNP.TA,1462.731,17
17/01/2025,SHNP.TA,1501.1294,18
18/01/2025,SHNP.TA,1560.2656,19
19/01/2025,SHNP.TA,1568.2614,20
20/01/2025,SHNP.TA,1590.1469,21
21/01/2025,SHNP.TA,1575.9259,22
22/01/2025,SHNP.TA,1504.1147,23
23/01/2025,SHNP.TA,1538.7664,24
24/01/2025,SHNP.TA,1507.5645,25
25/01/2025,SHNP.TA,1450.3048,26
26/01/2025,SHNP.TA,1468.4968,27
27/01/2025,SHNP.TA,1579.4755,28
28/01/2025,SHNP.TA,1686.9333,29
29/01/2025,SHNP.TA,1704.5244,30
31/12/2024,SCDX.TA,372.75104,1
01/01/2025,SCDX.TA,369.45547,2
02/01/2025,SCDX.TA,373.34756,3
03/01/2025,SCDX.TA,374.02847,4
04/01/2025,SCDX.TA,382.96893,5
05/01/2025,SCDX.TA,381.2627,6
06/01/2025,SCDX.TA,370.96774,7
07/01/2025,SCDX.TA,358.45178,8
08/01/2025,SCDX.TA,349.06638,9
09/01/2025,SCDX.TA,346.63733,10
10/01/2025,SCDX.TA,332.1179,11
11/01/2025,SCDX.TA,328.74777,12
12/01/2025,SCDX.TA,336.71945,13
13/01/2025,SCDX.TA,354.35364,14
14/01/2025,SCDX.TA,356.4547,15
15/01/2025,SCDX.TA,358.65002,16
16/01/2025,SCDX.TA,357.7263,17
17/01/2025,SCDX.TA,367.77115,18
18/01/2025,SCDX.TA,382.64178,19
19/01/2025,SCDX.TA,389.4595,20
20/01/2025,SCDX.TA,405.21207,21
21/01/2025,SCDX.TA,405.8944,22
22/01/2025,SCDX.TA,412.25223,23
23/01/2025,SCDX.TA,407.90598,24
24/01/2025,SCDX.TA,399.83304,25
25/01/2025,SCDX.TA,408.0253,26
26/01/2025,SCDX.TA,414.02374,27
27/01/2025,SCDX.TA,415.71356,28
28/01/2025,SCDX.TA,428.6896,29
29/01/2025,SCDX.TA,435.4321,30
31/12/2024,SCOP.TA,13841.637,1
01/01/2025,SCOP.TA,14360.987,2
02/01/2025,SCOP.TA,14667.254,3
03/01/2025,SCOP.TA,14860.214,4
04/01/2025,SCOP.TA,14995.799,5
05/01/2025,SCOP.TA,14836.006,6
06/01/2025,SCOP.TA,14632.353,7
07/01/2025,SCOP.TA,14493.203,8
08/01/2025,SCOP.TA,14941.93,9
09/01/2025,SCOP.TA,14974.282,10
10/01/2025,SCOP.TA,14977.918,11
11/01/2025,SCOP.TA,14636.546,12
12/01/2025,SCOP.TA,15002.082,13
13/01/2025,SCOP.TA,15058.849,14
14/01/2025,SCOP.TA,14622.72,15
15/01/2025,SCOP.TA,14514.7295,16
16/01/2025,SCOP.TA,14548.401,17
17/01/2025,SCOP.TA,14712.994,18
18/01/2025,SCOP.TA,14488.997,19
19/01/2025,SCOP.TA,14252.997,20
20/01/2025,SCOP.TA,14448.007,21
21/01/2025,SCOP.TA,14775.289,22
22/01/2025,SCOP.TA,14766.972,23
23/01/2025,SCOP.TA,14590.021,24
24/01/2025,SCOP.TA,14601.464,25
25/01/2025,SCOP.TA,14648.579,26
26/01/2025,SCOP.TA,14647.774,27
27/01/2025,SCOP.TA,14757.111,28
28/01/2025,SCOP.TA,14866.086,29
29/01/2025,SCOP.TA,14871.987,30
31/12/2024,SEMG.TA,334.4551,1
01/01/2025,SEMG.TA,326.36716,2
02/01/2025,SEMG.TA,314.3754,3
03/01/2025,SEMG.TA,309.99246,4
04/01/2025,SEMG.TA,311.2875,5
05/01/2025,SEMG.TA,311.62292,6
06/01/2025,SEMG.TA,297.9818,7
07/01/2025,SEMG.TA,317.68774,8
08/01/2025,SEMG.TA,327.17007,9
09/01/2025,SEMG.TA,313.1146,10
10/01/2025,SEMG.TA,311.97476,11
11/01/2025,SEMG.TA,307.52194,12
12/01/2025,SEMG.TA,315.67163,13
13/01/2025,SEMG.TA,341.9131,14
14/01/2025,SEMG.TA,368.26898,15
15/01/2025,SEMG.TA,355.96738,16
16/01/2025,SEMG.TA,350.24402,17
17/01/2025,SEMG.TA,339.74496,18
18/01/2025,SEMG.TA,337.6955,19
19/01/2025,SEMG.TA,345.92264,20
20/01/2025,SEMG.TA,340.09546,21
21/01/2025,SEMG.TA,338.17276,22
22/01/2025,SEMG.TA,356.72324,23
23/01/2025,SEMG.TA,358.5412,24
24/01/2025,SEMG.TA,399.832,25
25/01/2025,SEMG.TA,417.76624,26
26/01/2025,SEMG.TA,445.4552,27
27/01/2025,SEMG.TA,470.0219,28
28/01/2025,SEMG.TA,441.6357,29
29/01/2025,SEMG.TA,411.66864,30
31/12/2024,SLARL.TA,908.1114,1
01/01/2025,SLARL.TA,900.42694,2
02/01/2025,SLARL.TA,889.98785,3
03/01/2025,SLARL.TA,910.81354,4
04/01/2025,SLARL.TA,945.61035,5
05/01/2025,SLARL.TA,925.0577,6
06/01/2025,SLARL.TA,946.60144,7
07/01/2025,SLARL.TA,962.1249,8
08/01/2025,SLARL.TA,986.48065,9
09/01/2025,SLARL.TA,986.03375,10
10/01/2025,SLARL.TA,1025.2964,11
11/01/2025,SLARL.TA,1029.4404,12
12/01/2025,SLARL.TA,1034.8005,13
13/01/2025,SLARL.TA,1056.1702,14
14/01/2025,SLARL.TA,1029.8176,15
15/01/2025,SLARL.TA,1034.3202,16
16/01/2025,SLARL.TA,1040.2,17
17/01/2025,SLARL.TA,1060.4907,18
18/01/2025,SLARL.TA,1076.2256,19
19/01/2025,SLARL.TA,1070.806,20
20/01/2025,SLARL.TA,1117.7456,21
21/01/2025,SLARL.TA,1113.6951,22
22/01/2025,SLARL.TA,1121.6602,23
23/01/2025,SLARL.TA,1101.6115,24
24/01/2025,SLARL.TA,1126.9042,25
25/01/2025,SLARL.TA,1106.5852,26
26/01/2025,SLARL.TA,1082.789,27
27/01/2025,SLARL.TA,1093.4545,28
28/01/2025,SLARL.TA,1120.9327,29
29/01/2025,SLARL.TA,1120.666,30
31/12/2024,SHGR.TA,1249.5405,1
01/01/2025,SHGR.TA,1205.8751,2
02/01/2025,SHGR.TA,1232.1368,3
03/01/2025,SHGR.TA,1212.6122,4
04/01/2025,SHGR.TA,1178.3829,5
05/01/2025,SHGR.TA,1174.0355,6
06/01/2025,SHGR.TA,1168.6199,7
07/01/2025,SHGR.TA,1179.8641,8
08/01/2025,SHGR.TA,1191.1016,9
09/01/2025,SHGR.TA,1202.2898,10
10/01/2025,SHGR.TA,1199.1693,11
11/01/2025,SHGR.TA,1218.6627,12
12/01/2025,SHGR.TA,1169.1006,13
13/01/2025,SHGR.TA,1164.5532,14
14/01/2025,SHGR.TA,1196.4055,15
15/01/2025,SHGR.TA,1183.0944,16
16/01/2025,SHGR.TA,1211.3611,17
17/01/2025,SHGR.TA,1194.5541,18
18/01/2025,SHGR.TA,1217.8573,19
19/01/2025,SHGR.TA,1189.5637,20
20/01/2025,SHGR.TA,1141.9669,21
21/01/2025,SHGR.TA,1205.6112,22
22/01/2025,SHGR.TA,1195.0367,23
23/01/2025,SHGR.TA,1190.8934,24
24/01/2025,SHGR.TA,1171.1124,25
25/01/2025,SHGR.TA,1178.9392,26
26/01/2025,SHGR.TA,1166.0857,27
27/01/2025,SHGR.TA,1201.0684,28
28/01/2025,SHGR.TA,1200.0813,29
29/01/2025,SHGR.TA,1235.9447,30
31/12/2024,SHMM.TA,111.67328,1
01/01/2025,SHMM.TA,190.7464,2
02/01/2025,SHMM.TA,256.43616,3
03/01/2025,SHMM.TA,397.1683,4
04/01/2025,SHMM.TA,119.64097,5
05/01/2025,SHMM.TA,-9.21835,6
06/01/2025,SHMM.TA,-1.3420919,7
07/01/2025,SHMM.TA,-2.3784895,8
08/01/2025,SHMM.TA,-7.6184716,9
09/01/2025,SHMM.TA,6.8901634,10
10/01/2025,SHMM.TA,-5.407855,11
11/01/2025,SHMM.TA,-5.6061597,12
12/01/2025,SHMM.TA,2.5829637,13
13/01/2025,SHMM.TA,3.0295727,14
14/01/2025,SHMM.TA,9.702642,15
15/01/2025,SHMM.TA,15.287605,16
16/01/2025,SHMM.TA,22.09405,17
17/01/2025,SHMM.TA,-1.2612237,18
18/01/2025,SHMM.TA,-1.8692783,19
19/01/2025,SHMM.TA,-2.582521,20
20/01/2025,SHMM.TA,-2.8781407,21
21/01/2025,SHMM.TA,-0.57066125,22
22/01/2025,SHMM.TA,0.06834269,23
23/01/2025,SHMM.TA,0.06285286,24
24/01/2025,SHMM.TA,0.21156575,25
25/01/2025,SHMM.TA,-0.02797047,26
26/01/2025,SHMM.TA,-0.08269748,27
27/01/2025,SHMM.TA,-0.15648213,28
28/01/2025,SHMM.TA,-0.37293622,29
29/01/2025,SHMM.TA,-0.18637733,30
31/12/2024,SHAN.TA,407.0557,1
01/01/2025,SHAN.TA,414.39633,2
02/01/2025,SHAN.TA,412.41614,3
03/01/2025,SHAN.TA,420.24124,4
04/01/2025,SHAN.TA,428.7118,5
05/01/2025,SHAN.TA,427.741,6
06/01/2025,SHAN.TA,436.67355,7
07/01/2025,SHAN.TA,439.6896,8
08/01/2025,SHAN.TA,440.36157,9
09/01/2025,SHAN.TA,432.21378,10
10/01/2025,SHAN.TA,432.932,11
11/01/2025,SHAN.TA,438.56137,12
12/01/2025,SHAN.TA,437.37134,13
13/01/2025,SHAN.TA,435.6003,14
14/01/2025,SHAN.TA,440.81644,15
15/01/2025,SHAN.TA,439.77814,16
16/01/2025,SHAN.TA,439.65427,17
17/01/2025,SHAN.TA,441.26437,18
18/01/2025,SHAN.TA,429.3331,19
19/01/2025,SHAN.TA,430.2182,20
20/01/2025,SHAN.TA,435.08282,21
21/01/2025,SHAN.TA,432.4744,22
22/01/2025,SHAN.TA,433.33167,23
23/01/2025,SHAN.TA,440.24777,24
24/01/2025,SHAN.TA,437.8692,25
25/01/2025,SHAN.TA,436.559,26
26/01/2025,SHAN.TA,435.873,27
27/01/2025,SHAN.TA,440.02792,28
28/01/2025,SHAN.TA,442.6521,29
29/01/2025,SHAN.TA,442.47147,30
31/12/2024,SPEN.TA,2713.8904,1
01/01/2025,SPEN.TA,2681.569,2
02/01/2025,SPEN.TA,2650.0283,3
03/01/2025,SPEN.TA,2643.4202,4
04/01/2025,SPEN.TA,2562.2456,5
05/01/2025,SPEN.TA,2478.2046,6
06/01/2025,SPEN.TA,2540.9736,7
07/01/2025,SPEN.TA,2535.9531,8
08/01/2025,SPEN.TA,2484.865,9
09/01/2025,SPEN.TA,2562.6995,10
10/01/2025,SPEN.TA,2476.7107,11
11/01/2025,SPEN.TA,2490.9392,12
12/01/2025,SPEN.TA,2465.7559,13
13/01/2025,SPEN.TA,2450.89,14
14/01/2025,SPEN.TA,2444.6765,15
15/01/2025,SPEN.TA,2423.3232,16
16/01/2025,SPEN.TA,2465.7747,17
17/01/2025,SPEN.TA,2506.0593,18
18/01/2025,SPEN.TA,2478.9856,19
19/01/2025,SPEN.TA,2433.9097,20
20/01/2025,SPEN.TA,2422.8267,21
21/01/2025,SPEN.TA,2436.4897,22
22/01/2025,SPEN.TA,2455.8516,23
23/01/2025,SPEN.TA,2460.7231,24
24/01/2025,SPEN.TA,2478.1885,25
25/01/2025,SPEN.TA,2497.879,26
26/01/2025,SPEN.TA,2468.0881,27
27/01/2025,SPEN.TA,2500.1797,28
28/01/2025,SPEN.TA,2564.9355,29
29/01/2025,SPEN.TA,2569.5957,30
31/12/2024,SMNR.TA,1752.4938,1
01/01/2025,SMNR.TA,1777.4247,2
02/01/2025,SMNR.TA,1704.941,3
03/01/2025,SMNR.TA,1702.983,4
04/01/2025,SMNR.TA,1709.3678,5
05/01/2025,SMNR.TA,1752.5967,6
06/01/2025,SMNR.TA,1736.1422,7
07/01/2025,SMNR.TA,1748.1017,8
08/01/2025,SMNR.TA,1769.1852,9
09/01/2025,SMNR.TA,1773.0779,10
10/01/2025,SMNR.TA,1812.0253,11
11/01/2025,SMNR.TA,1807.771,12
12/01/2025,SMNR.TA,1779.2787,13
13/01/2025,SMNR.TA,1758.3105,14
14/01/2025,SMNR.TA,1779.2354,15
15/01/2025,SMNR.TA,1822.0427,16
16/01/2025,SMNR.TA,1818.1,17
17/01/2025,SMNR.TA,1836.504,18
18/01/2025,SMNR.TA,1849.6345,19
19/01/2025,SMNR.TA,1802.9658,20
20/01/2025,SMNR.TA,1754.7297,21
21/01/2025,SMNR.TA,1774.7675,22
22/01/2025,SMNR.TA,1760.6174,23
23/01/2025,SMNR.TA,1757.9767,24
24/01/2025,SMNR.TA,1765.1902,25
25/01/2025,SMNR.TA,1748.3152,26
26/01/2025,SMNR.TA,1717.931,27
27/01/2025,SMNR.TA,1734.8762,28
28/01/2025,SMNR.TA,1732.5062,29
29/01/2025,SMNR.TA,1722.0983,30
31/12/2024,SBEN.TA,239.8916,1
01/01/2025,SBEN.TA,257.3819,2
02/01/2025,SBEN.TA,249.28018,3
03/01/2025,SBEN.TA,239.70001,4
04/01/2025,SBEN.TA,229.54507,5
05/01/2025,SBEN.TA,237.92136,6
06/01/2025,SBEN.TA,241.99261,7
07/01/2025,SBEN.TA,250.77812,8
08/01/2025,SBEN.TA,266.8773,9
09/01/2025,SBEN.TA,268.6424,10
10/01/2025,SBEN.TA,273.54297,11
11/01/2025,SBEN.TA,268.13934,12
12/01/2025,SBEN.TA,271.08734,13
13/01/2025,SBEN.TA,263.91034,14
14/01/2025,SBEN.TA,263.9084,15
15/01/2025,SBEN.TA,272.44635,16
16/01/2025,SBEN.TA,277.3205,17
17/01/2025,SBEN.TA,277.41095,18
18/01/2025,SBEN.TA,275.1655,19
19/01/2025,SBEN.TA,270.20844,20
20/01/2025,SBEN.TA,274.7074,21
21/01/2025,SBEN.TA,280.13284,22
22/01/2025,SBEN.TA,278.40286,23
23/01/2025,SBEN.TA,276.15042,24
24/01/2025,SBEN.TA,284.15936,25
25/01/2025,SBEN.TA,270.36197,26
26/01/2025,SBEN.TA,265.01862,27
27/01/2025,SBEN.TA,274.0318,28
28/01/2025,SBEN.TA,275.01324,29
29/01/2025,SBEN.TA,261.09958,30
31/12/2024,SKBN.TA,1360.7231,1
01/01/2025,SKBN.TA,1379.7155,2
02/01/2025,SKBN.TA,1341.2391,3
03/01/2025,SKBN.TA,1382.9653,4
04/01/2025,SKBN.TA,1438.5245,5
05/01/2025,SKBN.TA,1470.1818,6
06/01/2025,SKBN.TA,1466.2062,7
07/01/2025,SKBN.TA,1496.3241,8
08/01/2025,SKBN.TA,1533.2585,9
09/01/2025,SKBN.TA,1556.1589,10
10/01/2025,SKBN.TA,1574.4994,11
11/01/2025,SKBN.TA,1602.0619,12
12/01/2025,SKBN.TA,1667.4497,13
13/01/2025,SKBN.TA,1638.232,14
14/01/2025,SKBN.TA,1680.5814,15
15/01/2025,SKBN.TA,1764.8342,16
16/01/2025,SKBN.TA,1798.4293,17
17/01/2025,SKBN.TA,1800.9109,18
18/01/2025,SKBN.TA,1866.4253,19
19/01/2025,SKBN.TA,1879.8131,20
20/01/2025,SKBN.TA,1937.5485,21
21/01/2025,SKBN.TA,1871.4954,22
22/01/2025,SKBN.TA,1872.7351,23
23/01/2025,SKBN.TA,1895.6609,24
24/01/2025,SKBN.TA,1873.0746,25
25/01/2025,SKBN.TA,1890.9094,26
26/01/2025,SKBN.TA,1866.107,27
27/01/2025,SKBN.TA,1889.451,28
28/01/2025,SKBN.TA,1837.1411,29
29/01/2025,SKBN.TA,1832.6483,30
31/12/2024,SHOM.TA,780.1672,1
01/01/2025,SHOM.TA,793.55054,2
02/01/2025,SHOM.TA,783.0445,3
03/01/2025,SHOM.TA,776.811,4
04/01/2025,SHOM.TA,760.2131,5
05/01/2025,SHOM.TA,763.7893,6
06/01/2025,SHOM.TA,774.5939,7
07/01/2025,SHOM.TA,763.62494,8
08/01/2025,SHOM.TA,787.90967,9
09/01/2025,SHOM.TA,777.5724,10
10/01/2025,SHOM.TA,769.36383,11
11/01/2025,SHOM.TA,756.45374,12
12/01/2025,SHOM.TA,758.10583,13
13/01/2025,SHOM.TA,751.2283,14
14/01/2025,SHOM.TA,752.0003,15
15/01/2025,SHOM.TA,745.2822,16
16/01/2025,SHOM.TA,745.48157,17
17/01/2025,SHOM.TA,752.43604,18
18/01/2025,SHOM.TA,777.368,19
19/01/2025,SHOM.TA,784.82025,20
20/01/2025,SHOM.TA,765.75494,21
21/01/2025,SHOM.TA,761.9247,22
22/01/2025,SHOM.TA,772.5261,23
23/01/2025,SHOM.TA,766.84625,24
24/01/2025,SHOM.TA,765.07684,25
25/01/2025,SHOM.TA,793.73895,26
26/01/2025,SHOM.TA,800.4364,27
27/01/2025,SHOM.TA,797.96643,28
28/01/2025,SHOM.TA,803.43005,29
29/01/2025,SHOM.TA,801.4329,30
31/12/2024,SAE.TA,3376.7751,1
01/01/2025,SAE.TA,3427.5576,2
02/01/2025,SAE.TA,3492.0796,3
03/01/2025,SAE.TA,3491.2393,4
04/01/2025,SAE.TA,3536.925,5
05/01/2025,SAE.TA,3590.7913,6
06/01/2025,SAE.TA,3666.2861,7
07/01/2025,SAE.TA,3676.7837,8
08/01/2025,SAE.TA,3618.6353,9
09/01/2025,SAE.TA,3527.6106,10
10/01/2025,SAE.TA,3557.467,11
11/01/2025,SAE.TA,3602.4458,12
12/01/2025,SAE.TA,3635.8962,13
13/01/2025,SAE.TA,3689.114,14
14/01/2025,SAE.TA,3697.968,15
15/01/2025,SAE.TA,3655.6638,16
16/01/2025,SAE.TA,3697.4246,17
17/01/2025,SAE.TA,3792.5356,18
18/01/2025,SAE.TA,3790.917,19
19/01/2025,SAE.TA,3786.171,20
20/01/2025,SAE.TA,3870.6753,21
21/01/2025,SAE.TA,3869.1245,22
22/01/2025,SAE.TA,3936.9265,23
23/01/2025,SAE.TA,3861.9014,24
24/01/2025,SAE.TA,3914.297,25
25/01/2025,SAE.TA,3950.7976,26
26/01/2025,SAE.TA,3960.015,27
27/01/2025,SAE.TA,3975.3752,28
28/01/2025,SAE.TA,3944.8982,29
29/01/2025,SAE.TA,3911.6296,30
31/12/2024,SKLN.TA,1956.3518,1
01/01/2025,SKLN.TA,1939.6575,2
02/01/2025,SKLN.TA,1966.4698,3
03/01/2025,SKLN.TA,1950.4946,4
04/01/2025,SKLN.TA,1941.9869,5
05/01/2025,SKLN.TA,2012.6292,6
06/01/2025,SKLN.TA,2036.6112,7
07/01/2025,SKLN.TA,1986.9628,8
08/01/2025,SKLN.TA,2012.8075,9
09/01/2025,SKLN.TA,2028.2098,10
10/01/2025,SKLN.TA,2040.0789,11
11/01/2025,SKLN.TA,2022.7631,12
12/01/2025,SKLN.TA,1971.7424,13
13/01/2025,SKLN.TA,1972.4314,14
14/01/2025,SKLN.TA,1927.3888,15
15/01/2025,SKLN.TA,1983.5116,16
16/01/2025,SKLN.TA,1977.7047,17
17/01/2025,SKLN.TA,2003.5083,18
18/01/2025,SKLN.TA,2031.908,19
19/01/2025,SKLN.TA,2005.7122,20
20/01/2025,SKLN.TA,1987.3201,21
21/01/2025,SKLN.TA,2037.5278,22
22/01/2025,SKLN.TA,2036.9204,23
23/01/2025,SKLN.TA,2066.5618,24
24/01/2025,SKLN.TA,2041.0088,25
25/01/2025,SKLN.TA,2038.1179,26
26/01/2025,SKLN.TA,2057.9902,27
27/01/2025,SKLN.TA,2075.314,28
28/01/2025,SKLN.TA,2065.499,29
29/01/2025,SKLN.TA,2062.6719,30
31/12/2024,SLRM.TA,437.7136,1
01/01/2025,SLRM.TA,426.05368,2
02/01/2025,SLRM.TA,447.74078,3
03/01/2025,SLRM.TA,457.88196,4
04/01/2025,SLRM.TA,460.75034,5
05/01/2025,SLRM.TA,472.91077,6
06/01/2025,SLRM.TA,491.25378,7
07/01/2025,SLRM.TA,508.00937,8
08/01/2025,SLRM.TA,538.83466,9
09/01/2025,SLRM.TA,572.589,10
10/01/2025,SLRM.TA,573.74915,11
11/01/2025,SLRM.TA,639.6911,12
12/01/2025,SLRM.TA,648.96826,13
13/01/2025,SLRM.TA,701.95654,14
14/01/2025,SLRM.TA,662.6203,15
15/01/2025,SLRM.TA,628.0311,16
16/01/2025,SLRM.TA,624.49634,17
17/01/2025,SLRM.TA,637.9363,18
18/01/2025,SLRM.TA,648.2201,19
19/01/2025,SLRM.TA,613.53235,20
20/01/2025,SLRM.TA,615.428,21
21/01/2025,SLRM.TA,640.7443,22
22/01/2025,SLRM.TA,645.0639,23
23/01/2025,SLRM.TA,666.2715,24
24/01/2025,SLRM.TA,612.3893,25
25/01/2025,SLRM.TA,627.40295,26
26/01/2025,SLRM.TA,625.1474,27
27/01/2025,SLRM.TA,681.5092,28
28/01/2025,SLRM.TA,794.2041,29
29/01/2025,SLRM.TA,787.28345,30
31/12/2024,SMAG.TA,371.8473,1
01/01/2025,SMAG.TA,321.04028,2
02/01/2025,SMAG.TA,315.4622,3
03/01/2025,SMAG.TA,338.0235,4
04/01/2025,SMAG.TA,328.12073,5
05/01/2025,SMAG.TA,306.80743,6
06/01/2025,SMAG.TA,317.43463,7
07/01/2025,SMAG.TA,362.44388,8
08/01/2025,SMAG.TA,355.4745,9
09/01/2025,SMAG.TA,326.76343,10
10/01/2025,SMAG.TA,348.86838,11
11/01/2025,SMAG.TA,390.09833,12
12/01/2025,SMAG.TA,431.3778,13
13/01/2025,SMAG.TA,439.02417,14
14/01/2025,SMAG.TA,477.83087,15
15/01/2025,SMAG.TA,524.7479,16
16/01/2025,SMAG.TA,534.2366,17
17/01/2025,SMAG.TA,564.94415,18
18/01/2025,SMAG.TA,534.1563,19
19/01/2025,SMAG.TA,463.32104,20
20/01/2025,SMAG.TA,498.9851,21
21/01/2025,SMAG.TA,456.1901,22
22/01/2025,SMAG.TA,504.59528,23
23/01/2025,SMAG.TA,548.3355,24
24/01/2025,SMAG.TA,533.40375,25
25/01/2025,SMAG.TA,564.6224,26
26/01/2025,SMAG.TA,585.3783,27
27/01/2025,SMAG.TA,503.30347,28
28/01/2025,SMAG.TA,521.3855,29
29/01/2025,SMAG.TA,505.4816,30
31/12/2024,SOFW.TA,1618.7397,1
01/01/2025,SOFW.TA,1626.1816,2
02/01/2025,SOFW.TA,1551.9385,3
03/01/2025,SOFW.TA,1557.8579,4
04/01/2025,SOFW.TA,1671.8639,5
05/01/2025,SOFW.TA,1608.1079,6
06/01/2025,SOFW.TA,1714.4071,7
07/01/2025,SOFW.TA,1670.7072,8
08/01/2025,SOFW.TA,1582.0707,9
09/01/2025,SOFW.TA,1533.6703,10
10/01/2025,SOFW.TA,1544.923,11
11/01/2025,SOFW.TA,1506.0571,12
12/01/2025,SOFW.TA,1503.6521,13
13/01/2025,SOFW.TA,1490.1396,14
14/01/2025,SOFW.TA,1497.9172,15
15/01/2025,SOFW.TA,1513.5009,16
16/01/2025,SOFW.TA,1501.3917,17
17/01/2025,SOFW.TA,1514.3561,18
18/01/2025,SOFW.TA,1482.6564,19
19/01/2025,SOFW.TA,1528.8346,20
20/01/2025,SOFW.TA,1568.6598,21
21/01/2025,SOFW.TA,1533.7427,22
22/01/2025,SOFW.TA,1499.7633,23
23/01/2025,SOFW.TA,1602.2422,24
24/01/2025,SOFW.TA,1582.636,25
25/01/2025,SOFW.TA,1544.0997,26
26/01/2025,SOFW.TA,1530.9581,27
27/01/2025,SOFW.TA,1520.1733,28
28/01/2025,SOFW.TA,1460.9971,29
29/01/2025,SOFW.TA,1416.301,30
31/12/2024,SOLR.TA,3650.4348,1
01/01/2025,SOLR.TA,3487.1313,2
02/01/2025,SOLR.TA,3455.6816,3
03/01/2025,SOLR.TA,3519.5173,4
04/01/2025,SOLR.TA,3496.7888,5
05/01/2025,SOLR.TA,3551.6396,6
06/01/2025,SOLR.TA,3499.146,7
07/01/2025,SOLR.TA,3565.5461,8
08/01/2025,SOLR.TA,3629.698,9
09/01/2025,SOLR.TA,3532.3364,10
10/01/2025,SOLR.TA,3477.9714,11
11/01/2025,SOLR.TA,3529.937,12
12/01/2025,SOLR.TA,3447.6235,13
13/01/2025,SOLR.TA,3472.8438,14
14/01/2025,SOLR.TA,3525.1414,15
15/01/2025,SOLR.TA,3446.8748,16
16/01/2025,SOLR.TA,3356.1665,17
17/01/2025,SOLR.TA,3339.7065,18
18/01/2025,SOLR.TA,3362.4868,19
19/01/2025,SOLR.TA,3437.0078,20
20/01/2025,SOLR.TA,3369.3247,21
21/01/2025,SOLR.TA,3340.18,22
22/01/2025,SOLR.TA,3322.7632,23
23/01/2025,SOLR.TA,3359.917,24
24/01/2025,SOLR.TA,3328.7488,25
25/01/2025,SOLR.TA,3409.2092,26
26/01/2025,SOLR.TA,3331.427,27
27/01/2025,SOLR.TA,3367.24,28
28/01/2025,SOLR.TA,3435.465,29
29/01/2025,SOLR.TA,3512.7957,30
31/12/2024,SONO.TA,59.06288,1
01/01/2025,SONO.TA,53.77179,2
02/01/2025,SONO.TA,73.81031,3
03/01/2025,SONO.TA,92.32123,4
04/01/2025,SONO.TA,104.10601,5
05/01/2025,SONO.TA,86.706055,6
06/01/2025,SONO.TA,96.02212,7
07/01/2025,SONO.TA,79.30793,8
08/01/2025,SONO.TA,106.03654,9
09/01/2025,SONO.TA,141.18794,10
10/01/2025,SONO.TA,105.66314,11
11/01/2025,SONO.TA,124.66707,12
12/01/2025,SONO.TA,134.70456,13
13/01/2025,SONO.TA,149.19987,14
14/01/2025,SONO.TA,167.99437,15
15/01/2025,SONO.TA,247.6264,16
16/01/2025,SONO.TA,291.18716,17
17/01/2025,SONO.TA,263.2069,18
18/01/2025,SONO.TA,274.98862,19
19/01/2025,SONO.TA,325.0031,20
20/01/2025,SONO.TA,286.90375,21
21/01/2025,SONO.TA,281.75977,22
22/01/2025,SONO.TA,347.24866,23
23/01/2025,SONO.TA,193.72519,24
24/01/2025,SONO.TA,140.20856,25
25/01/2025,SONO.TA,156.64355,26
26/01/2025,SONO.TA,184.8069,27
27/01/2025,SONO.TA,179.95932,28
28/01/2025,SONO.TA,145.10583,29
29/01/2025,SONO.TA,119.85846,30
31/12/2024,SCC.TA,29.772316,1
01/01/2025,SCC.TA,33.287163,2
02/01/2025,SCC.TA,35.08579,3
03/01/2025,SCC.TA,38.33335,4
04/01/2025,SCC.TA,42.865486,5
05/01/2025,SCC.TA,45.834244,6
06/01/2025,SCC.TA,43.874104,7
07/01/2025,SCC.TA,43.52749,8
08/01/2025,SCC.TA,40.26623,9
09/01/2025,SCC.TA,49.984924,10
10/01/2025,SCC.TA,52.931427,11
11/01/2025,SCC.TA,42.375977,12
12/01/2025,SCC.TA,37.835068,13
13/01/2025,SCC.TA,37.10161,14
14/01/2025,SCC.TA,34.242893,15
15/01/2025,SCC.TA,37.126698,16
16/01/2025,SCC.TA,42.008125,17
17/01/2025,SCC.TA,45.96951,18
18/01/2025,SCC.TA,44.37847,19
19/01/2025,SCC.TA,40.923126,20
20/01/2025,SCC.TA,56.65371,21
21/01/2025,SCC.TA,54.83451,22
22/01/2025,SCC.TA,58.732166,23
23/01/2025,SCC.TA,57.402077,24
24/01/2025,SCC.TA,59.736073,25
25/01/2025,SCC.TA,66.230804,26
26/01/2025,SCC.TA,75.42386,27
27/01/2025,SCC.TA,77.72484,28
28/01/2025,SCC.TA,79.30819,29
29/01/2025,SCC.TA,65.05769,30
31/12/2024,SPDV.TA,314.25018,1
01/01/2025,SPDV.TA,320.52603,2
02/01/2025,SPDV.TA,291.23996,3
03/01/2025,SPDV.TA,295.45767,4
04/01/2025,SPDV.TA,294.36234,5
05/01/2025,SPDV.TA,285.68167,6
06/01/2025,SPDV.TA,314.69943,7
07/01/2025,SPDV.TA,340.37427,8
08/01/2025,SPDV.TA,335.0972,9
09/01/2025,SPDV.TA,320.951,10
10/01/2025,SPDV.TA,304.62753,11
11/01/2025,SPDV.TA,270.3182,12
12/01/2025,SPDV.TA,235.89397,13
13/01/2025,SPDV.TA,226.98216,14
14/01/2025,SPDV.TA,225.03835,15
15/01/2025,SPDV.TA,231.84824,16
16/01/2025,SPDV.TA,251.70909,17
17/01/2025,SPDV.TA,256.5347,18
18/01/2025,SPDV.TA,264.92517,19
19/01/2025,SPDV.TA,266.71948,20
20/01/2025,SPDV.TA,249.245,21
21/01/2025,SPDV.TA,266.49283,22
22/01/2025,SPDV.TA,261.64056,23
23/01/2025,SPDV.TA,263.74408,24
24/01/2025,SPDV.TA,259.96466,25
25/01/2025,SPDV.TA,254.30714,26
26/01/2025,SPDV.TA,238.62233,27
27/01/2025,SPDV.TA,243.5167,28
28/01/2025,SPDV.TA,235.4512,29
29/01/2025,SPDV.TA,236.78917,30
31/12/2024,SPRG.TA,-1372.9269,1
01/01/2025,SPRG.TA,-2621.4958,2
02/01/2025,SPRG.TA,-10759.624,3
03/01/2025,SPRG.TA,-10120.926,4
04/01/2025,SPRG.TA,43531.02,5
05/01/2025,SPRG.TA,215470.5,6
06/01/2025,SPRG.TA,753907.1,7
07/01/2025,SPRG.TA,-1407431.9,8
08/01/2025,SPRG.TA,2217595.5,9
09/01/2025,SPRG.TA,11220279,10
10/01/2025,SPRG.TA,-1111701.5,11
11/01/2025,SPRG.TA,5154508,12
12/01/2025,SPRG.TA,10986471,13
13/01/2025,SPRG.TA,-45306572,14
14/01/2025,SPRG.TA,-1.02E+08,15
15/01/2025,SPRG.TA,-5.88E+08,16
16/01/2025,SPRG.TA,-1.18E+09,17
17/01/2025,SPRG.TA,-1.57E+09,18
18/01/2025,SPRG.TA,7.61E+09,19
19/01/2025,SPRG.TA,-5.13E+10,20
20/01/2025,SPRG.TA,8.00E+10,21
21/01/2025,SPRG.TA,6.55E+11,22
22/01/2025,SPRG.TA,-1.06E+11,23
23/01/2025,SPRG.TA,-2.74E+08,24
24/01/2025,SPRG.TA,-2.17E+09,25
25/01/2025,SPRG.TA,2.10E+10,26
26/01/2025,SPRG.TA,-9.91E+10,27
27/01/2025,SPRG.TA,-3.04E+11,28
28/01/2025,SPRG.TA,-2.50E+12,29
29/01/2025,SPRG.TA,-1.08E+13,30
31/12/2024,SPNTC.TA,374.98636,1
01/01/2025,SPNTC.TA,381.90393,2
02/01/2025,SPNTC.TA,366.58615,3
03/01/2025,SPNTC.TA,366.3709,4
04/01/2025,SPNTC.TA,372.60864,5
05/01/2025,SPNTC.TA,363.9505,6
06/01/2025,SPNTC.TA,353.80026,7
07/01/2025,SPNTC.TA,362.5944,8
08/01/2025,SPNTC.TA,341.04596,9
09/01/2025,SPNTC.TA,366.6996,10
10/01/2025,SPNTC.TA,389.31393,11
11/01/2025,SPNTC.TA,370.84204,12
12/01/2025,SPNTC.TA,374.73785,13
13/01/2025,SPNTC.TA,378.4392,14
14/01/2025,SPNTC.TA,367.08936,15
15/01/2025,SPNTC.TA,394.44928,16
16/01/2025,SPNTC.TA,419.41855,17
17/01/2025,SPNTC.TA,407.17108,18
18/01/2025,SPNTC.TA,411.54868,19
19/01/2025,SPNTC.TA,404.91675,20
20/01/2025,SPNTC.TA,444.61542,21
21/01/2025,SPNTC.TA,445.774,22
22/01/2025,SPNTC.TA,449.11716,23
23/01/2025,SPNTC.TA,457.64597,24
24/01/2025,SPNTC.TA,455.84796,25
25/01/2025,SPNTC.TA,471.86502,26
26/01/2025,SPNTC.TA,451.24738,27
27/01/2025,SPNTC.TA,437.9449,28
28/01/2025,SPNTC.TA,442.5886,29
29/01/2025,SPNTC.TA,432.75797,30
31/12/2024,STG.TA,3994.542,1
01/01/2025,STG.TA,4066.959,2
02/01/2025,STG.TA,4111.218,3
03/01/2025,STG.TA,4147.635,4
04/01/2025,STG.TA,4110.289,5
05/01/2025,STG.TA,4013.4006,6
06/01/2025,STG.TA,4059.935,7
07/01/2025,STG.TA,4023.0786,8
08/01/2025,STG.TA,4078.4937,9
09/01/2025,STG.TA,3995.8635,10
10/01/2025,STG.TA,4027.5662,11
11/01/2025,STG.TA,4047.6511,12
12/01/2025,STG.TA,4027.119,13
13/01/2025,STG.TA,4110.7593,14
14/01/2025,STG.TA,4013.5872,15
15/01/2025,STG.TA,4044.1208,16
16/01/2025,STG.TA,4066.3054,17
17/01/2025,STG.TA,4071.162,18
18/01/2025,STG.TA,4052.5806,19
19/01/2025,STG.TA,4062.8457,20
20/01/2025,STG.TA,4085.5593,21
21/01/2025,STG.TA,3973.8074,22
22/01/2025,STG.TA,3968.2495,23
23/01/2025,STG.TA,3987.6711,24
24/01/2025,STG.TA,3993.1445,25
25/01/2025,STG.TA,4071.6575,26
26/01/2025,STG.TA,4117.5454,27
27/01/2025,STG.TA,4164.794,28
28/01/2025,STG.TA,4203.718,29
29/01/2025,STG.TA,4109.196,30
31/12/2024,STRG.TA,29.30486,1
01/01/2025,STRG.TA,24.118559,2
02/01/2025,STRG.TA,21.966885,3
03/01/2025,STRG.TA,21.66124,4
04/01/2025,STRG.TA,31.89652,5
05/01/2025,STRG.TA,37.888927,6
06/01/2025,STRG.TA,44.34027,7
07/01/2025,STRG.TA,28.204975,8
08/01/2025,STRG.TA,18.474104,9
09/01/2025,STRG.TA,20.785276,10
10/01/2025,STRG.TA,27.32717,11
11/01/2025,STRG.TA,22.678198,12
12/01/2025,STRG.TA,24.93405,13
13/01/2025,STRG.TA,25.021032,14
14/01/2025,STRG.TA,17.799023,15
15/01/2025,STRG.TA,21.367178,16
16/01/2025,STRG.TA,23.026676,17
17/01/2025,STRG.TA,19.804544,18
18/01/2025,STRG.TA,19.744585,19
19/01/2025,STRG.TA,19.480003,20
20/01/2025,STRG.TA,13.589821,21
21/01/2025,STRG.TA,11.412112,22
22/01/2025,STRG.TA,11.447172,23
23/01/2025,STRG.TA,12.932198,24
24/01/2025,STRG.TA,12.502479,25
25/01/2025,STRG.TA,14.046291,26
26/01/2025,STRG.TA,16.13014,27
27/01/2025,STRG.TA,17.689651,28
28/01/2025,STRG.TA,18.90314,29
29/01/2025,STRG.TA,21.795637,30
31/12/2024,STRS.TA,6374.1626,1
01/01/2025,STRS.TA,6509.8286,2
02/01/2025,STRS.TA,6408.997,3
03/01/2025,STRS.TA,6584.675,4
04/01/2025,STRS.TA,6552.803,5
05/01/2025,STRS.TA,6687.5205,6
06/01/2025,STRS.TA,6789.886,7
07/01/2025,STRS.TA,6915.172,8
08/01/2025,STRS.TA,7076.7847,9
09/01/2025,STRS.TA,6969.3145,10
10/01/2025,STRS.TA,7018.75,11
11/01/2025,STRS.TA,7136.2686,12
12/01/2025,STRS.TA,7125.1987,13
13/01/2025,STRS.TA,6940.2456,14
14/01/2025,STRS.TA,6838.55,15
15/01/2025,STRS.TA,6846.458,16
16/01/2025,STRS.TA,6693.6626,17
17/01/2025,STRS.TA,6633.3374,18
18/01/2025,STRS.TA,6713.7905,19
19/01/2025,STRS.TA,6684.458,20
20/01/2025,STRS.TA,6586.5083,21
21/01/2025,STRS.TA,6442.3945,22
22/01/2025,STRS.TA,6731.2407,23
23/01/2025,STRS.TA,6803.4375,24
24/01/2025,STRS.TA,6923.054,25
25/01/2025,STRS.TA,6789.0957,26
26/01/2025,STRS.TA,6769.302,27
27/01/2025,STRS.TA,6817.924,28
28/01/2025,STRS.TA,6865.9126,29
29/01/2025,STRS.TA,6918.3765,30
31/12/2024,STRW.TA,3645.1494,1
01/01/2025,STRW.TA,3675.1277,2
02/01/2025,STRW.TA,3682.5366,3
03/01/2025,STRW.TA,3708.5903,4
04/01/2025,STRW.TA,3698.0776,5
05/01/2025,STRW.TA,3696.4636,6
06/01/2025,STRW.TA,3706.436,7
07/01/2025,STRW.TA,3745.892,8
08/01/2025,STRW.TA,3802.5354,9
09/01/2025,STRW.TA,3809.2192,10
10/01/2025,STRW.TA,3824.5808,11
11/01/2025,STRW.TA,3799.8584,12
12/01/2025,STRW.TA,3823.0251,13
13/01/2025,STRW.TA,3866.3943,14
14/01/2025,STRW.TA,3882.339,15
15/01/2025,STRW.TA,3896.0925,16
16/01/2025,STRW.TA,3930.6936,17
17/01/2025,STRW.TA,3952.8408,18
18/01/2025,STRW.TA,3991.5027,19
19/01/2025,STRW.TA,3957.6936,20
20/01/2025,STRW.TA,3976.9192,21
21/01/2025,STRW.TA,3918.131,22
22/01/2025,STRW.TA,3888.6277,23
23/01/2025,STRW.TA,3836.1208,24
24/01/2025,STRW.TA,3829.691,25
25/01/2025,STRW.TA,3838.544,26
26/01/2025,STRW.TA,3919.9272,27
27/01/2025,STRW.TA,3916.5056,28
28/01/2025,STRW.TA,3916.8997,29
29/01/2025,STRW.TA,3926.357,30
31/12/2024,SFRN.TA,751.1007,1
01/01/2025,SFRN.TA,753.14594,2
02/01/2025,SFRN.TA,748.5439,3
03/01/2025,SFRN.TA,728.83075,4
04/01/2025,SFRN.TA,742.0775,5
05/01/2025,SFRN.TA,774.6511,6
06/01/2025,SFRN.TA,775.5839,7
07/01/2025,SFRN.TA,793.51447,8
08/01/2025,SFRN.TA,791.0037,9
09/01/2025,SFRN.TA,778.27075,10
10/01/2025,SFRN.TA,785.53564,11
11/01/2025,SFRN.TA,791.26306,12
12/01/2025,SFRN.TA,773.39197,13
13/01/2025,SFRN.TA,765.9202,14
14/01/2025,SFRN.TA,758.0012,15
15/01/2025,SFRN.TA,752.1695,16
16/01/2025,SFRN.TA,740.71716,17
17/01/2025,SFRN.TA,727.73584,18
18/01/2025,SFRN.TA,726.4777,19
19/01/2025,SFRN.TA,716.9528,20
20/01/2025,SFRN.TA,738.696,21
21/01/2025,SFRN.TA,692.92523,22
22/01/2025,SFRN.TA,696.4324,23
23/01/2025,SFRN.TA,699.01373,24
24/01/2025,SFRN.TA,710.6902,25
25/01/2025,SFRN.TA,697.71106,26
26/01/2025,SFRN.TA,732.026,27
27/01/2025,SFRN.TA,745.2323,28
28/01/2025,SFRN.TA,753.9707,29
29/01/2025,SFRN.TA,749.4306,30
31/12/2024,SMT.TA,5255.2236,1
01/01/2025,SMT.TA,4958.15,2
02/01/2025,SMT.TA,5179.147,3
03/01/2025,SMT.TA,5330.114,4
04/01/2025,SMT.TA,5379.594,5
05/01/2025,SMT.TA,5201.368,6
06/01/2025,SMT.TA,4887.2686,7
07/01/2025,SMT.TA,4871.7207,8
08/01/2025,SMT.TA,4897.9824,9
09/01/2025,SMT.TA,4882.0083,10
10/01/2025,SMT.TA,4853.0884,11
11/01/2025,SMT.TA,4867.6587,12
12/01/2025,SMT.TA,5075.3164,13
13/01/2025,SMT.TA,5148.449,14
14/01/2025,SMT.TA,5414.7715,15
15/01/2025,SMT.TA,5546.6626,16
16/01/2025,SMT.TA,5234.566,17
17/01/2025,SMT.TA,5249.524,18
18/01/2025,SMT.TA,5274.449,19
19/01/2025,SMT.TA,5279.5757,20
20/01/2025,SMT.TA,5218.7056,21
21/01/2025,SMT.TA,5344.4854,22
22/01/2025,SMT.TA,5209.735,23
23/01/2025,SMT.TA,5223.8677,24
24/01/2025,SMT.TA,5152.9194,25
25/01/2025,SMT.TA,5303.471,26
26/01/2025,SMT.TA,5561.7944,27
27/01/2025,SMT.TA,5351.4453,28
28/01/2025,SMT.TA,5333.279,29
29/01/2025,SMT.TA,5368.478,30
31/12/2024,SNFL.TA,586.21686,1
01/01/2025,SNFL.TA,591.98596,2
02/01/2025,SNFL.TA,565.5702,3
03/01/2025,SNFL.TA,575.8388,4
04/01/2025,SNFL.TA,590.03937,5
05/01/2025,SNFL.TA,594.06665,6
06/01/2025,SNFL.TA,586.0487,7
07/01/2025,SNFL.TA,595.2363,8
08/01/2025,SNFL.TA,596.70294,9
09/01/2025,SNFL.TA,594.75476,10
10/01/2025,SNFL.TA,600.1424,11
11/01/2025,SNFL.TA,590.38336,12
12/01/2025,SNFL.TA,587.0696,13
13/01/2025,SNFL.TA,610.85364,14
14/01/2025,SNFL.TA,629.116,15
15/01/2025,SNFL.TA,645.30414,16
16/01/2025,SNFL.TA,672.6042,17
17/01/2025,SNFL.TA,695.6979,18
18/01/2025,SNFL.TA,686.23944,19
19/01/2025,SNFL.TA,704.4001,20
20/01/2025,SNFL.TA,701.3593,21
21/01/2025,SNFL.TA,726.6647,22
22/01/2025,SNFL.TA,721.9837,23
23/01/2025,SNFL.TA,699.1639,24
24/01/2025,SNFL.TA,716.31464,25
25/01/2025,SNFL.TA,726.04114,26
26/01/2025,SNFL.TA,740.37646,27
27/01/2025,SNFL.TA,746.3911,28
28/01/2025,SNFL.TA,744.3134,29
29/01/2025,SNFL.TA,716.81647,30
31/12/2024,SNCM.TA,123.671364,1
01/01/2025,SNCM.TA,125.268364,2
02/01/2025,SNCM.TA,122.4987,3
03/01/2025,SNCM.TA,125.95742,4
04/01/2025,SNCM.TA,132.43633,5
05/01/2025,SNCM.TA,132.61932,6
06/01/2025,SNCM.TA,134.40146,7
07/01/2025,SNCM.TA,129.87262,8
08/01/2025,SNCM.TA,130.81277,9
09/01/2025,SNCM.TA,131.63068,10
10/01/2025,SNCM.TA,135.50693,11
11/01/2025,SNCM.TA,135.72946,12
12/01/2025,SNCM.TA,137.60075,13
13/01/2025,SNCM.TA,134.52849,14
14/01/2025,SNCM.TA,133.76611,15
15/01/2025,SNCM.TA,133.47928,16
16/01/2025,SNCM.TA,134.57095,17
17/01/2025,SNCM.TA,134.65417,18
18/01/2025,SNCM.TA,134.56625,19
19/01/2025,SNCM.TA,132.85754,20
20/01/2025,SNCM.TA,135.20284,21
21/01/2025,SNCM.TA,135.01018,22
22/01/2025,SNCM.TA,136.2436,23
23/01/2025,SNCM.TA,137.87694,24
24/01/2025,SNCM.TA,138.08998,25
25/01/2025,SNCM.TA,145.55733,26
26/01/2025,SNCM.TA,146.1319,27
27/01/2025,SNCM.TA,146.9504,28
28/01/2025,SNCM.TA,144.26987,29
29/01/2025,SNCM.TA,145.40675,30
31/12/2024,STEC.TA,665.41406,1
01/01/2025,STEC.TA,-3744.2693,2
02/01/2025,STEC.TA,-12194.776,3
03/01/2025,STEC.TA,-12234.153,4
04/01/2025,STEC.TA,9781.372,5
05/01/2025,STEC.TA,29787.729,6
06/01/2025,STEC.TA,69422.66,7
07/01/2025,STEC.TA,-158993.16,8
08/01/2025,STEC.TA,-588137.8,9
09/01/2025,STEC.TA,1367807.6,10
10/01/2025,STEC.TA,-3713503,11
11/01/2025,STEC.TA,-9565688,12
12/01/2025,STEC.TA,-24987160,13
13/01/2025,STEC.TA,-38698104,14
14/01/2025,STEC.TA,-1.14E+08,15
15/01/2025,STEC.TA,-3.70E+08,16
16/01/2025,STEC.TA,-1.12E+09,17
17/01/2025,STEC.TA,6.47E+08,18
18/01/2025,STEC.TA,1.75E+09,19
19/01/2025,STEC.TA,8.67E+09,20
20/01/2025,STEC.TA,-1.03E+10,21
21/01/2025,STEC.TA,2.37E+10,22
22/01/2025,STEC.TA,1.22E+11,23
23/01/2025,STEC.TA,-5.82E+11,24
24/01/2025,STEC.TA,-2.71E+12,25
25/01/2025,STEC.TA,-2.39E+12,26
26/01/2025,STEC.TA,2.96E+12,27
27/01/2025,STEC.TA,1.78E+12,28
28/01/2025,STEC.TA,4.83E+12,29
29/01/2025,STEC.TA,-7.24E+12,30
31/12/2024,SNEL.TA,1490.011,1
01/01/2025,SNEL.TA,1525.9728,2
02/01/2025,SNEL.TA,1530.9397,3
03/01/2025,SNEL.TA,1526.0017,4
04/01/2025,SNEL.TA,1518.776,5
05/01/2025,SNEL.TA,1521.4391,6
06/01/2025,SNEL.TA,1526.774,7
07/01/2025,SNEL.TA,1545.3253,8
08/01/2025,SNEL.TA,1528.03,9
09/01/2025,SNEL.TA,1525.032,10
10/01/2025,SNEL.TA,1518.992,11
11/01/2025,SNEL.TA,1538.2562,12
12/01/2025,SNEL.TA,1537.6865,13
13/01/2025,SNEL.TA,1536.4244,14
14/01/2025,SNEL.TA,1528.5055,15
15/01/2025,SNEL.TA,1514.6833,16
16/01/2025,SNEL.TA,1543.8136,17
17/01/2025,SNEL.TA,1557.1461,18
18/01/2025,SNEL.TA,1542.9982,19
19/01/2025,SNEL.TA,1513.3894,20
20/01/2025,SNEL.TA,1513.7738,21
21/01/2025,SNEL.TA,1513.0488,22
22/01/2025,SNEL.TA,1503.1393,23
23/01/2025,SNEL.TA,1501.6715,24
24/01/2025,SNEL.TA,1525.57,25
25/01/2025,SNEL.TA,1537.6268,26
26/01/2025,SNEL.TA,1530.724,27
27/01/2025,SNEL.TA,1542.0037,28
28/01/2025,SNEL.TA,1552.3124,29
29/01/2025,SNEL.TA,1530.3384,30
31/12/2024,TDRN.TA,26662.629,1
01/01/2025,TDRN.TA,27894.03,2
02/01/2025,TDRN.TA,26909.4,3
03/01/2025,TDRN.TA,27104.703,4
04/01/2025,TDRN.TA,27562.596,5
05/01/2025,TDRN.TA,27283.383,6
06/01/2025,TDRN.TA,27704.543,7
07/01/2025,TDRN.TA,28961.309,8
08/01/2025,TDRN.TA,28911.924,9
09/01/2025,TDRN.TA,29694.844,10
10/01/2025,TDRN.TA,29659.268,11
11/01/2025,TDRN.TA,31335.744,12
12/01/2025,TDRN.TA,29787.174,13
13/01/2025,TDRN.TA,28795.488,14
14/01/2025,TDRN.TA,28405.225,15
15/01/2025,TDRN.TA,26694.75,16
16/01/2025,TDRN.TA,27517.28,17
17/01/2025,TDRN.TA,27458.291,18
18/01/2025,TDRN.TA,26700.871,19
19/01/2025,TDRN.TA,27366.088,20
20/01/2025,TDRN.TA,26569.809,21
21/01/2025,TDRN.TA,27226.74,22
22/01/2025,TDRN.TA,28839.898,23
23/01/2025,TDRN.TA,29524.398,24
24/01/2025,TDRN.TA,27540.072,25
25/01/2025,TDRN.TA,28379.045,26
26/01/2025,TDRN.TA,29890.854,27
27/01/2025,TDRN.TA,30126.803,28
28/01/2025,TDRN.TA,30120.088,29
29/01/2025,TDRN.TA,30439.18,30
31/12/2024,TMRP.TA,2286.4722,1
01/01/2025,TMRP.TA,2286.264,2
02/01/2025,TMRP.TA,2320.5005,3
03/01/2025,TMRP.TA,2280.2363,4
04/01/2025,TMRP.TA,2303.0615,5
05/01/2025,TMRP.TA,2321.5732,6
06/01/2025,TMRP.TA,2353.638,7
07/01/2025,TMRP.TA,2426.2852,8
08/01/2025,TMRP.TA,2446.0637,9
09/01/2025,TMRP.TA,2398.5278,10
10/01/2025,TMRP.TA,2476.59,11
11/01/2025,TMRP.TA,2471.8926,12
12/01/2025,TMRP.TA,2500.547,13
13/01/2025,TMRP.TA,2507.1145,14
14/01/2025,TMRP.TA,2513.3694,15
15/01/2025,TMRP.TA,2437.7505,16
16/01/2025,TMRP.TA,2483.2515,17
17/01/2025,TMRP.TA,2455.7183,18
18/01/2025,TMRP.TA,2485.9927,19
19/01/2025,TMRP.TA,2469.4707,20
20/01/2025,TMRP.TA,2441.4124,21
21/01/2025,TMRP.TA,2475.432,22
22/01/2025,TMRP.TA,2498.096,23
23/01/2025,TMRP.TA,2520.8572,24
24/01/2025,TMRP.TA,2514.4285,25
25/01/2025,TMRP.TA,2489.7666,26
26/01/2025,TMRP.TA,2518.3718,27
27/01/2025,TMRP.TA,2542.526,28
28/01/2025,TMRP.TA,2579.567,29
29/01/2025,TMRP.TA,2594.4204,30
31/12/2024,TRA.TA,45.484047,1
01/01/2025,TRA.TA,46.220177,2
02/01/2025,TRA.TA,46.604286,3
03/01/2025,TRA.TA,45.208168,4
04/01/2025,TRA.TA,45.840153,5
05/01/2025,TRA.TA,45.148273,6
06/01/2025,TRA.TA,48.178482,7
07/01/2025,TRA.TA,47.62502,8
08/01/2025,TRA.TA,46.652885,9
09/01/2025,TRA.TA,48.408066,10
10/01/2025,TRA.TA,50.11919,11
11/01/2025,TRA.TA,48.473373,12
12/01/2025,TRA.TA,49.44155,13
13/01/2025,TRA.TA,48.217064,14
14/01/2025,TRA.TA,48.82106,15
15/01/2025,TRA.TA,48.203342,16
16/01/2025,TRA.TA,46.89601,17
17/01/2025,TRA.TA,48.56747,18
18/01/2025,TRA.TA,48.106117,19
19/01/2025,TRA.TA,50.04251,20
20/01/2025,TRA.TA,49.7438,21
21/01/2025,TRA.TA,47.42938,22
22/01/2025,TRA.TA,46.229954,23
23/01/2025,TRA.TA,48.304035,24
24/01/2025,TRA.TA,48.278667,25
25/01/2025,TRA.TA,48.102673,26
26/01/2025,TRA.TA,46.86982,27
27/01/2025,TRA.TA,45.911823,28
28/01/2025,TRA.TA,45.236732,29
29/01/2025,TRA.TA,44.57583,30
31/12/2024,TATT.TA,7183.396,1
01/01/2025,TATT.TA,7111.5713,2
02/01/2025,TATT.TA,7001.9395,3
03/01/2025,TATT.TA,7226.8716,4
04/01/2025,TATT.TA,7555.5835,5
05/01/2025,TATT.TA,7737.5293,6
06/01/2025,TATT.TA,7751.102,7
07/01/2025,TATT.TA,7558.3906,8
08/01/2025,TATT.TA,7583.4077,9
09/01/2025,TATT.TA,7591.5845,10
10/01/2025,TATT.TA,7596.646,11
11/01/2025,TATT.TA,7723.6206,12
12/01/2025,TATT.TA,7658.234,13
13/01/2025,TATT.TA,7783.995,14
14/01/2025,TATT.TA,7802.9185,15
15/01/2025,TATT.TA,7785.289,16
16/01/2025,TATT.TA,7936.2456,17
17/01/2025,TATT.TA,7971.9985,18
18/01/2025,TATT.TA,8113.265,19
19/01/2025,TATT.TA,7920.3657,20
20/01/2025,TATT.TA,8111.0723,21
21/01/2025,TATT.TA,8036.0566,22
22/01/2025,TATT.TA,8180.9854,23
23/01/2025,TATT.TA,8030.5435,24
24/01/2025,TATT.TA,8368.345,25
25/01/2025,TATT.TA,8348.593,26
26/01/2025,TATT.TA,8256.126,27
27/01/2025,TATT.TA,7968.1895,28
28/01/2025,TATT.TA,7983.3335,29
29/01/2025,TATT.TA,7855.7437,30
31/12/2024,TAYA.TA,6525.567,1
01/01/2025,TAYA.TA,6559.2354,2
02/01/2025,TAYA.TA,6349.6855,3
03/01/2025,TAYA.TA,6388.0913,4
04/01/2025,TAYA.TA,6293.9775,5
05/01/2025,TAYA.TA,6348.441,6
06/01/2025,TAYA.TA,6215.9697,7
07/01/2025,TAYA.TA,6083.692,8
08/01/2025,TAYA.TA,6080.1187,9
09/01/2025,TAYA.TA,6017.7793,10
10/01/2025,TAYA.TA,6029.89,11
11/01/2025,TAYA.TA,6291.3096,12
12/01/2025,TAYA.TA,6269.3086,13
13/01/2025,TAYA.TA,6194.909,14
14/01/2025,TAYA.TA,6480.135,15
15/01/2025,TAYA.TA,6432.2573,16
16/01/2025,TAYA.TA,6405.3906,17
17/01/2025,TAYA.TA,6404.1733,18
18/01/2025,TAYA.TA,6490.922,19
19/01/2025,TAYA.TA,6447.0674,20
20/01/2025,TAYA.TA,6501.6055,21
21/01/2025,TAYA.TA,6485.6846,22
22/01/2025,TAYA.TA,6400.1567,23
23/01/2025,TAYA.TA,6289.0073,24
24/01/2025,TAYA.TA,6234.6763,25
25/01/2025,TAYA.TA,6298.724,26
26/01/2025,TAYA.TA,6337.2173,27
27/01/2025,TAYA.TA,6469.471,28
28/01/2025,TAYA.TA,6369.3022,29
29/01/2025,TAYA.TA,6375.564,30
31/12/2024,TNPV.TA,1494.5605,1
01/01/2025,TNPV.TA,669.3418,2
02/01/2025,TNPV.TA,341.08896,3
03/01/2025,TNPV.TA,388.98343,4
04/01/2025,TNPV.TA,425.81296,5
05/01/2025,TNPV.TA,453.3364,6
06/01/2025,TNPV.TA,437.37592,7
07/01/2025,TNPV.TA,333.82196,8
08/01/2025,TNPV.TA,209.40057,9
09/01/2025,TNPV.TA,280.78406,10
10/01/2025,TNPV.TA,299.73657,11
11/01/2025,TNPV.TA,210.86748,12
12/01/2025,TNPV.TA,195.61098,13
13/01/2025,TNPV.TA,227.69872,14
14/01/2025,TNPV.TA,293.403,15
15/01/2025,TNPV.TA,345.66095,16
16/01/2025,TNPV.TA,440.01205,17
17/01/2025,TNPV.TA,170.73415,18
18/01/2025,TNPV.TA,117.308136,19
19/01/2025,TNPV.TA,70.382256,20
20/01/2025,TNPV.TA,39.816517,21
21/01/2025,TNPV.TA,34.549877,22
22/01/2025,TNPV.TA,24.878904,23
23/01/2025,TNPV.TA,24.6156,24
24/01/2025,TNPV.TA,26.24949,25
25/01/2025,TNPV.TA,35.913563,26
26/01/2025,TNPV.TA,25.430735,27
27/01/2025,TNPV.TA,18.16154,28
28/01/2025,TNPV.TA,24.246439,29
29/01/2025,TNPV.TA,31.743708,30
31/12/2024,TECT.TA,486.90137,1
01/01/2025,TECT.TA,450.6895,2
02/01/2025,TECT.TA,433.09326,3
03/01/2025,TECT.TA,377.62854,4
04/01/2025,TECT.TA,305.23087,5
05/01/2025,TECT.TA,320.91568,6
06/01/2025,TECT.TA,339.88834,7
07/01/2025,TECT.TA,375.84695,8
08/01/2025,TECT.TA,352.12375,9
09/01/2025,TECT.TA,377.14716,10
10/01/2025,TECT.TA,331.66733,11
11/01/2025,TECT.TA,345.343,12
12/01/2025,TECT.TA,298.97348,13
13/01/2025,TECT.TA,272.04977,14
14/01/2025,TECT.TA,280.1617,15
15/01/2025,TECT.TA,285.53482,16
16/01/2025,TECT.TA,296.81555,17
17/01/2025,TECT.TA,275.20575,18
18/01/2025,TECT.TA,301.73218,19
19/01/2025,TECT.TA,292.4391,20
20/01/2025,TECT.TA,297.56082,21
21/01/2025,TECT.TA,277.4068,22
22/01/2025,TECT.TA,272.07928,23
23/01/2025,TECT.TA,241.56554,24
24/01/2025,TECT.TA,237.34521,25
25/01/2025,TECT.TA,246.47937,26
26/01/2025,TECT.TA,235.96915,27
27/01/2025,TECT.TA,227.01302,28
28/01/2025,TECT.TA,215.26215,29
29/01/2025,TECT.TA,224.45515,30
31/12/2024,TEDE.TA,803.4072,1
01/01/2025,TEDE.TA,2251.8503,2
02/01/2025,TEDE.TA,4305.971,3
03/01/2025,TEDE.TA,3481.8286,4
04/01/2025,TEDE.TA,4168.141,5
05/01/2025,TEDE.TA,7160.183,6
06/01/2025,TEDE.TA,10892.494,7
07/01/2025,TEDE.TA,8952.732,8
08/01/2025,TEDE.TA,10262.541,9
09/01/2025,TEDE.TA,23411.316,10
10/01/2025,TEDE.TA,-5098.56,11
11/01/2025,TEDE.TA,-6035.2773,12
12/01/2025,TEDE.TA,-8037.1943,13
13/01/2025,TEDE.TA,-11062.299,14
14/01/2025,TEDE.TA,-4594.4404,15
15/01/2025,TEDE.TA,-2361.3794,16
16/01/2025,TEDE.TA,-1776.7823,17
17/01/2025,TEDE.TA,-3412.585,18
18/01/2025,TEDE.TA,-2102.414,19
19/01/2025,TEDE.TA,-2417.0132,20
20/01/2025,TEDE.TA,-1405.838,21
21/01/2025,TEDE.TA,-1799.7239,22
22/01/2025,TEDE.TA,-1157.069,23
23/01/2025,TEDE.TA,-2570.5994,24
24/01/2025,TEDE.TA,-1825.6881,25
25/01/2025,TEDE.TA,-2178.7961,26
26/01/2025,TEDE.TA,-2310.2554,27
27/01/2025,TEDE.TA,-2695.264,28
28/01/2025,TEDE.TA,-2503.582,29
29/01/2025,TEDE.TA,-4439.2,30
31/12/2024,TFRLF.TA,3130.2349,1
01/01/2025,TFRLF.TA,3161.0095,2
02/01/2025,TFRLF.TA,3145.2122,3
03/01/2025,TFRLF.TA,3208.2998,4
04/01/2025,TFRLF.TA,3194.3545,5
05/01/2025,TFRLF.TA,3213.4385,6
06/01/2025,TFRLF.TA,3159.7148,7
07/01/2025,TFRLF.TA,3134.6516,8
08/01/2025,TFRLF.TA,3091.7905,9
09/01/2025,TFRLF.TA,3043.2075,10
10/01/2025,TFRLF.TA,3008.261,11
11/01/2025,TFRLF.TA,3032.4487,12
12/01/2025,TFRLF.TA,3054.886,13
13/01/2025,TFRLF.TA,3035.1985,14
14/01/2025,TFRLF.TA,3074.5388,15
15/01/2025,TFRLF.TA,3070.139,16
16/01/2025,TFRLF.TA,3112.0535,17
17/01/2025,TFRLF.TA,3077.6511,18
18/01/2025,TFRLF.TA,3158.6472,19
19/01/2025,TFRLF.TA,3130.7278,20
20/01/2025,TFRLF.TA,3159.153,21
21/01/2025,TFRLF.TA,3153.4392,22
22/01/2025,TFRLF.TA,3230.5078,23
23/01/2025,TFRLF.TA,3291.9626,24
24/01/2025,TFRLF.TA,3292.5493,25
25/01/2025,TFRLF.TA,3168.7126,26
26/01/2025,TFRLF.TA,3108.5093,27
27/01/2025,TFRLF.TA,3119.73,28
28/01/2025,TFRLF.TA,3052.2983,29
29/01/2025,TFRLF.TA,2980.6362,30
31/12/2024,TLSY.TA,17724.918,1
01/01/2025,TLSY.TA,17419.88,2
02/01/2025,TLSY.TA,18160.764,3
03/01/2025,TLSY.TA,17809.02,4
04/01/2025,TLSY.TA,17993.582,5
05/01/2025,TLSY.TA,18388.229,6
06/01/2025,TLSY.TA,17027.51,7
07/01/2025,TLSY.TA,16592.88,8
08/01/2025,TLSY.TA,16544.604,9
09/01/2025,TLSY.TA,16055.978,10
10/01/2025,TLSY.TA,16299.883,11
11/01/2025,TLSY.TA,16232.684,12
12/01/2025,TLSY.TA,16254.628,13
13/01/2025,TLSY.TA,16163.944,14
14/01/2025,TLSY.TA,16205.981,15
15/01/2025,TLSY.TA,16113.344,16
16/01/2025,TLSY.TA,16558.818,17
17/01/2025,TLSY.TA,17156.896,18
18/01/2025,TLSY.TA,16753.83,19
19/01/2025,TLSY.TA,17088.363,20
20/01/2025,TLSY.TA,17519.154,21
21/01/2025,TLSY.TA,17300.555,22
22/01/2025,TLSY.TA,16867.283,23
23/01/2025,TLSY.TA,16769.494,24
24/01/2025,TLSY.TA,16978.219,25
25/01/2025,TLSY.TA,17119.17,26
26/01/2025,TLSY.TA,17038.992,27
27/01/2025,TLSY.TA,17609.656,28
28/01/2025,TLSY.TA,17106.719,29
29/01/2025,TLSY.TA,17225.45,30
31/12/2024,TRLT.TA,654.664,1
01/01/2025,TRLT.TA,654.3569,2
02/01/2025,TRLT.TA,660.8733,3
03/01/2025,TRLT.TA,648.064,4
04/01/2025,TRLT.TA,647.9204,5
05/01/2025,TRLT.TA,655.2818,6
06/01/2025,TRLT.TA,656.6445,7
07/01/2025,TRLT.TA,669.64624,8
08/01/2025,TRLT.TA,658.026,9
09/01/2025,TRLT.TA,663.2602,10
10/01/2025,TRLT.TA,660.83453,11
11/01/2025,TRLT.TA,656.35876,12
12/01/2025,TRLT.TA,659.0525,13
13/01/2025,TRLT.TA,680.4825,14
14/01/2025,TRLT.TA,685.85657,15
15/01/2025,TRLT.TA,680.5909,16
16/01/2025,TRLT.TA,693.99445,17
17/01/2025,TRLT.TA,699.8602,18
18/01/2025,TRLT.TA,691.9864,19
19/01/2025,TRLT.TA,712.0857,20
20/01/2025,TRLT.TA,714.03674,21
21/01/2025,TRLT.TA,728.7512,22
22/01/2025,TRLT.TA,734.4729,23
23/01/2025,TRLT.TA,740.94556,24
24/01/2025,TRLT.TA,720.0924,25
25/01/2025,TRLT.TA,716.6566,26
26/01/2025,TRLT.TA,725.5758,27
27/01/2025,TRLT.TA,724.96515,28
28/01/2025,TRLT.TA,728.9612,29
29/01/2025,TRLT.TA,747.00055,30
31/12/2024,TRX.TA,514.4067,1
01/01/2025,TRX.TA,502.9812,2
02/01/2025,TRX.TA,545.4206,3
03/01/2025,TRX.TA,584.9556,4
04/01/2025,TRX.TA,642.11804,5
05/01/2025,TRX.TA,661.117,6
06/01/2025,TRX.TA,686.53186,7
07/01/2025,TRX.TA,710.8771,8
08/01/2025,TRX.TA,728.56714,9
09/01/2025,TRX.TA,725.9786,10
10/01/2025,TRX.TA,767.1812,11
11/01/2025,TRX.TA,863.64966,12
12/01/2025,TRX.TA,833.00824,13
13/01/2025,TRX.TA,842.2334,14
14/01/2025,TRX.TA,818.43445,15
15/01/2025,TRX.TA,739.03467,16
16/01/2025,TRX.TA,794.7459,17
17/01/2025,TRX.TA,794.63666,18
18/01/2025,TRX.TA,815.0983,19
19/01/2025,TRX.TA,801.36206,20
20/01/2025,TRX.TA,763.1519,21
21/01/2025,TRX.TA,719.6837,22
22/01/2025,TRX.TA,714.26733,23
23/01/2025,TRX.TA,705.6745,24
24/01/2025,TRX.TA,667.0375,25
25/01/2025,TRX.TA,742.46515,26
26/01/2025,TRX.TA,690.6727,27
27/01/2025,TRX.TA,665.88275,28
28/01/2025,TRX.TA,655.596,29
29/01/2025,TRX.TA,566.14154,30
31/12/2024,TUZA.TA,40.6458,1
01/01/2025,TUZA.TA,40.472157,2
02/01/2025,TUZA.TA,40.160057,3
03/01/2025,TUZA.TA,40.1184,4
04/01/2025,TUZA.TA,41.92785,5
05/01/2025,TUZA.TA,43.223244,6
06/01/2025,TUZA.TA,44.14461,7
07/01/2025,TUZA.TA,45.64967,8
08/01/2025,TUZA.TA,42.76913,9
09/01/2025,TUZA.TA,43.71509,10
10/01/2025,TUZA.TA,47.79488,11
11/01/2025,TUZA.TA,48.75901,12
12/01/2025,TUZA.TA,45.621548,13
13/01/2025,TUZA.TA,46.042152,14
14/01/2025,TUZA.TA,42.124866,15
15/01/2025,TUZA.TA,41.955112,16
16/01/2025,TUZA.TA,41.729248,17
17/01/2025,TUZA.TA,43.915768,18
18/01/2025,TUZA.TA,42.666187,19
19/01/2025,TUZA.TA,44.85272,20
20/01/2025,TUZA.TA,45.8729,21
21/01/2025,TUZA.TA,47.339867,22
22/01/2025,TUZA.TA,46.125637,23
23/01/2025,TUZA.TA,50.599323,24
24/01/2025,TUZA.TA,48.547962,25
25/01/2025,TUZA.TA,47.046066,26
26/01/2025,TUZA.TA,47.82969,27
27/01/2025,TUZA.TA,45.351955,28
28/01/2025,TUZA.TA,45.97523,29
29/01/2025,TUZA.TA,46.055626,30
31/12/2024,TEVA.TA,7610.9175,1
01/01/2025,TEVA.TA,7617.6377,2
02/01/2025,TEVA.TA,7586.3022,3
03/01/2025,TEVA.TA,7454.5176,4
04/01/2025,TEVA.TA,7428.549,5
05/01/2025,TEVA.TA,7667.84,6
06/01/2025,TEVA.TA,7767.017,7
07/01/2025,TEVA.TA,7757.119,8
08/01/2025,TEVA.TA,7712.1587,9
09/01/2025,TEVA.TA,7961.758,10
10/01/2025,TEVA.TA,7767.213,11
11/01/2025,TEVA.TA,7480.8545,12
12/01/2025,TEVA.TA,7240.109,13
13/01/2025,TEVA.TA,6794.3896,14
14/01/2025,TEVA.TA,6988.756,15
15/01/2025,TEVA.TA,7096.658,16
16/01/2025,TEVA.TA,7078.9146,17
17/01/2025,TEVA.TA,7164.858,18
18/01/2025,TEVA.TA,7510.0093,19
19/01/2025,TEVA.TA,7792.326,20
20/01/2025,TEVA.TA,7850.4756,21
21/01/2025,TEVA.TA,7962.175,22
22/01/2025,TEVA.TA,7869.1187,23
23/01/2025,TEVA.TA,8140.9365,24
24/01/2025,TEVA.TA,8426.042,25
25/01/2025,TEVA.TA,8252.445,26
26/01/2025,TEVA.TA,8075.4604,27
27/01/2025,TEVA.TA,8032.8545,28
28/01/2025,TEVA.TA,8231.204,29
29/01/2025,TEVA.TA,7876.969,30
31/12/2024,TGI.TA,181.7602,1
01/01/2025,TGI.TA,179.08185,2
02/01/2025,TGI.TA,180.16458,3
03/01/2025,TGI.TA,178.83957,4
04/01/2025,TGI.TA,177.39078,5
05/01/2025,TGI.TA,176.69742,6
06/01/2025,TGI.TA,167.87503,7
07/01/2025,TGI.TA,170.92328,8
08/01/2025,TGI.TA,173.10324,9
09/01/2025,TGI.TA,163.53825,10
10/01/2025,TGI.TA,164.01472,11
11/01/2025,TGI.TA,166.61824,12
12/01/2025,TGI.TA,173.76102,13
13/01/2025,TGI.TA,173.92905,14
14/01/2025,TGI.TA,174.91061,15
15/01/2025,TGI.TA,164.65833,16
16/01/2025,TGI.TA,160.46037,17
17/01/2025,TGI.TA,161.20743,18
18/01/2025,TGI.TA,158.22736,19
19/01/2025,TGI.TA,158.77502,20
20/01/2025,TGI.TA,163.685,21
21/01/2025,TGI.TA,168.38884,22
22/01/2025,TGI.TA,166.79831,23
23/01/2025,TGI.TA,168.78677,24
24/01/2025,TGI.TA,172.40019,25
25/01/2025,TGI.TA,176.78638,26
26/01/2025,TGI.TA,175.17564,27
27/01/2025,TGI.TA,171.61961,28
28/01/2025,TGI.TA,174.41376,29
29/01/2025,TGI.TA,182.5829,30
31/12/2024,ILCO.TA,89993.234,1
01/01/2025,ILCO.TA,94021.23,2
02/01/2025,ILCO.TA,96363.95,3
03/01/2025,ILCO.TA,98125.664,4
04/01/2025,ILCO.TA,98415.945,5
05/01/2025,ILCO.TA,100368.914,6
06/01/2025,ILCO.TA,96715.52,7
07/01/2025,ILCO.TA,99921.21,8
08/01/2025,ILCO.TA,94020.086,9
09/01/2025,ILCO.TA,88382.82,10
10/01/2025,ILCO.TA,86640.9,11
11/01/2025,ILCO.TA,88174.84,12
12/01/2025,ILCO.TA,88445.3,13
13/01/2025,ILCO.TA,93069.33,14
14/01/2025,ILCO.TA,94103.52,15
15/01/2025,ILCO.TA,95305.11,16
16/01/2025,ILCO.TA,98037.07,17
17/01/2025,ILCO.TA,98445.234,18
18/01/2025,ILCO.TA,102285.73,19
19/01/2025,ILCO.TA,105052.01,20
20/01/2025,ILCO.TA,108165.77,21
21/01/2025,ILCO.TA,110018.76,22
22/01/2025,ILCO.TA,113905.05,23
23/01/2025,ILCO.TA,117918.89,24
24/01/2025,ILCO.TA,117225.555,25
25/01/2025,ILCO.TA,119281.37,26
26/01/2025,ILCO.TA,115617.31,27
27/01/2025,ILCO.TA,116435.02,28
28/01/2025,ILCO.TA,116234.78,29
29/01/2025,ILCO.TA,117101.19,30
31/12/2024,TMIS.TA,1644.0192,1
01/01/2025,TMIS.TA,1475.1382,2
02/01/2025,TMIS.TA,1354.3254,3
03/01/2025,TMIS.TA,1429.4469,4
04/01/2025,TMIS.TA,1524.368,5
05/01/2025,TMIS.TA,1464.9419,6
06/01/2025,TMIS.TA,1335.4724,7
07/01/2025,TMIS.TA,1260.9506,8
08/01/2025,TMIS.TA,1315.9255,9
09/01/2025,TMIS.TA,1367.878,10
10/01/2025,TMIS.TA,1480.0815,11
11/01/2025,TMIS.TA,1417.4067,12
12/01/2025,TMIS.TA,1321.5778,13
13/01/2025,TMIS.TA,1198.0309,14
14/01/2025,TMIS.TA,1134.4678,15
15/01/2025,TMIS.TA,1098.8435,16
16/01/2025,TMIS.TA,1162.6133,17
17/01/2025,TMIS.TA,1226.3162,18
18/01/2025,TMIS.TA,1132.7998,19
19/01/2025,TMIS.TA,1055.738,20
20/01/2025,TMIS.TA,1004.6994,21
21/01/2025,TMIS.TA,1025.877,22
22/01/2025,TMIS.TA,1088.2225,23
23/01/2025,TMIS.TA,1095.7198,24
24/01/2025,TMIS.TA,1231.4609,25
25/01/2025,TMIS.TA,1153.6257,26
26/01/2025,TMIS.TA,1135.8724,27
27/01/2025,TMIS.TA,1168.7891,28
28/01/2025,TMIS.TA,1125.4008,29
29/01/2025,TMIS.TA,1161.6564,30
31/12/2024,THES.TA,390.05017,1
01/01/2025,THES.TA,374.79745,2
02/01/2025,THES.TA,374.2904,3
03/01/2025,THES.TA,381.84836,4
04/01/2025,THES.TA,379.76385,5
05/01/2025,THES.TA,382.36615,6
06/01/2025,THES.TA,372.45074,7
07/01/2025,THES.TA,355.5695,8
08/01/2025,THES.TA,358.67096,9
09/01/2025,THES.TA,367.35098,10
10/01/2025,THES.TA,382.85153,11
11/01/2025,THES.TA,387.3554,12
12/01/2025,THES.TA,372.86057,13
13/01/2025,THES.TA,367.7088,14
14/01/2025,THES.TA,378.73615,15
15/01/2025,THES.TA,366.12885,16
16/01/2025,THES.TA,373.1013,17
17/01/2025,THES.TA,379.60355,18
18/01/2025,THES.TA,381.73474,19
19/01/2025,THES.TA,368.32718,20
20/01/2025,THES.TA,371.22516,21
21/01/2025,THES.TA,344.15262,22
22/01/2025,THES.TA,352.85608,23
23/01/2025,THES.TA,371.21472,24
24/01/2025,THES.TA,391.20316,25
25/01/2025,THES.TA,385.45822,26
26/01/2025,THES.TA,384.13995,27
27/01/2025,THES.TA,371.4011,28
28/01/2025,THES.TA,371.334,29
29/01/2025,THES.TA,388.47873,30
31/12/2024,TIGBUR.TA,5374.1343,1
01/01/2025,TIGBUR.TA,5376.507,2
02/01/2025,TIGBUR.TA,5437.0366,3
03/01/2025,TIGBUR.TA,5505.5405,4
04/01/2025,TIGBUR.TA,5460.3945,5
05/01/2025,TIGBUR.TA,5393.269,6
06/01/2025,TIGBUR.TA,5346.9775,7
07/01/2025,TIGBUR.TA,5227.0635,8
08/01/2025,TIGBUR.TA,5294.5728,9
09/01/2025,TIGBUR.TA,5381.1226,10
10/01/2025,TIGBUR.TA,5440.319,11
11/01/2025,TIGBUR.TA,5493.473,12
12/01/2025,TIGBUR.TA,5387.0166,13
13/01/2025,TIGBUR.TA,5375.825,14
14/01/2025,TIGBUR.TA,5529.3687,15
15/01/2025,TIGBUR.TA,5590.154,16
16/01/2025,TIGBUR.TA,5553.717,17
17/01/2025,TIGBUR.TA,5612.306,18
18/01/2025,TIGBUR.TA,5602.5947,19
19/01/2025,TIGBUR.TA,5571.41,20
20/01/2025,TIGBUR.TA,5405.9805,21
21/01/2025,TIGBUR.TA,5482.029,22
22/01/2025,TIGBUR.TA,5427.6587,23
23/01/2025,TIGBUR.TA,5556.3496,24
24/01/2025,TIGBUR.TA,5589.95,25
25/01/2025,TIGBUR.TA,5593.988,26
26/01/2025,TIGBUR.TA,5599.5522,27
27/01/2025,TIGBUR.TA,5724.0513,28
28/01/2025,TIGBUR.TA,5754.039,29
29/01/2025,TIGBUR.TA,5737.385,30
31/12/2024,TIGI.TA,849.99304,1
01/01/2025,TIGI.TA,836.9469,2
02/01/2025,TIGI.TA,921.6482,3
03/01/2025,TIGI.TA,973.3987,4
04/01/2025,TIGI.TA,1001.17255,5
05/01/2025,TIGI.TA,1002.14667,6
06/01/2025,TIGI.TA,979.6527,7
07/01/2025,TIGI.TA,931.75146,8
08/01/2025,TIGI.TA,905.35034,9
09/01/2025,TIGI.TA,1029.6713,10
10/01/2025,TIGI.TA,1000.90344,11
11/01/2025,TIGI.TA,1003.7785,12
12/01/2025,TIGI.TA,1030.9369,13
13/01/2025,TIGI.TA,1053.1871,14
14/01/2025,TIGI.TA,1074.4364,15
15/01/2025,TIGI.TA,1116.9762,16
16/01/2025,TIGI.TA,1136.8154,17
17/01/2025,TIGI.TA,1139.2107,18
18/01/2025,TIGI.TA,1151.3857,19
19/01/2025,TIGI.TA,1087.4712,20
20/01/2025,TIGI.TA,1000.89545,21
21/01/2025,TIGI.TA,903.82404,22
22/01/2025,TIGI.TA,850.3071,23
23/01/2025,TIGI.TA,840.257,24
24/01/2025,TIGI.TA,763.5151,25
25/01/2025,TIGI.TA,789.19995,26
26/01/2025,TIGI.TA,811.4142,27
27/01/2025,TIGI.TA,832.02686,28
28/01/2025,TIGI.TA,807.1,29
29/01/2025,TIGI.TA,799.21954,30
31/12/2024,TKUN.TA,30.7976,1
01/01/2025,TKUN.TA,34.608925,2
02/01/2025,TKUN.TA,27.798319,3
03/01/2025,TKUN.TA,32.091423,4
04/01/2025,TKUN.TA,25.232103,5
05/01/2025,TKUN.TA,22.523874,6
06/01/2025,TKUN.TA,22.20678,7
07/01/2025,TKUN.TA,26.013222,8
08/01/2025,TKUN.TA,29.685806,9
09/01/2025,TKUN.TA,37.906002,10
10/01/2025,TKUN.TA,36.41845,11
11/01/2025,TKUN.TA,44.557755,12
12/01/2025,TKUN.TA,50.925163,13
13/01/2025,TKUN.TA,44.927795,14
14/01/2025,TKUN.TA,50.407963,15
15/01/2025,TKUN.TA,45.574486,16
16/01/2025,TKUN.TA,29.772888,17
17/01/2025,TKUN.TA,29.885054,18
18/01/2025,TKUN.TA,35.27263,19
19/01/2025,TKUN.TA,33.492332,20
20/01/2025,TKUN.TA,28.647118,21
21/01/2025,TKUN.TA,25.272518,22
22/01/2025,TKUN.TA,30.343008,23
23/01/2025,TKUN.TA,33.92691,24
24/01/2025,TKUN.TA,32.811497,25
25/01/2025,TKUN.TA,20.889854,26
26/01/2025,TKUN.TA,16.247017,27
27/01/2025,TKUN.TA,17.830189,28
28/01/2025,TKUN.TA,15.25596,29
29/01/2025,TKUN.TA,14.128226,30
31/12/2024,TTAM.TA,638.4526,1
01/01/2025,TTAM.TA,633.7381,2
02/01/2025,TTAM.TA,631.204,3
03/01/2025,TTAM.TA,638.6006,4
04/01/2025,TTAM.TA,647.695,5
05/01/2025,TTAM.TA,668.5218,6
06/01/2025,TTAM.TA,662.1605,7
07/01/2025,TTAM.TA,676.7243,8
08/01/2025,TTAM.TA,683.31573,9
09/01/2025,TTAM.TA,689.1069,10
10/01/2025,TTAM.TA,700.05804,11
11/01/2025,TTAM.TA,703.3174,12
12/01/2025,TTAM.TA,687.69806,13
13/01/2025,TTAM.TA,700.8801,14
14/01/2025,TTAM.TA,695.5761,15
15/01/2025,TTAM.TA,682.5127,16
16/01/2025,TTAM.TA,696.4604,17
17/01/2025,TTAM.TA,707.7244,18
18/01/2025,TTAM.TA,741.4513,19
19/01/2025,TTAM.TA,734.7981,20
20/01/2025,TTAM.TA,742.18634,21
21/01/2025,TTAM.TA,761.87683,22
22/01/2025,TTAM.TA,767.66614,23
23/01/2025,TTAM.TA,766.2454,24
24/01/2025,TTAM.TA,792.38336,25
25/01/2025,TTAM.TA,783.4481,26
26/01/2025,TTAM.TA,766.9628,27
27/01/2025,TTAM.TA,755.7091,28
28/01/2025,TTAM.TA,764.21533,29
29/01/2025,TTAM.TA,787.1578,30
31/12/2024,TGTR.TA,393.1415,1
01/01/2025,TGTR.TA,401.49374,2
02/01/2025,TGTR.TA,392.9572,3
03/01/2025,TGTR.TA,398.4902,4
04/01/2025,TGTR.TA,403.6019,5
05/01/2025,TGTR.TA,422.02002,6
06/01/2025,TGTR.TA,484.71246,7
07/01/2025,TGTR.TA,475.5526,8
08/01/2025,TGTR.TA,485.36404,9
09/01/2025,TGTR.TA,503.72015,10
10/01/2025,TGTR.TA,495.9185,11
11/01/2025,TGTR.TA,518.8721,12
12/01/2025,TGTR.TA,515.0956,13
13/01/2025,TGTR.TA,500.8822,14
14/01/2025,TGTR.TA,485.63092,15
15/01/2025,TGTR.TA,458.74112,16
16/01/2025,TGTR.TA,436.36304,17
17/01/2025,TGTR.TA,405.15445,18
18/01/2025,TGTR.TA,464.00684,19
19/01/2025,TGTR.TA,515.6814,20
20/01/2025,TGTR.TA,518.38574,21
21/01/2025,TGTR.TA,600.56213,22
22/01/2025,TGTR.TA,512.52185,23
23/01/2025,TGTR.TA,442.92126,24
24/01/2025,TGTR.TA,481.99072,25
25/01/2025,TGTR.TA,518.9962,26
26/01/2025,TGTR.TA,471.54373,27
27/01/2025,TGTR.TA,480.56543,28
28/01/2025,TGTR.TA,460.93387,29
29/01/2025,TGTR.TA,471.40512,30
31/12/2024,TOEN.TA,1743.8909,1
01/01/2025,TOEN.TA,1775.7909,2
02/01/2025,TOEN.TA,1755.6858,3
03/01/2025,TOEN.TA,1743.2351,4
04/01/2025,TOEN.TA,1801.1462,5
05/01/2025,TOEN.TA,1818.2029,6
06/01/2025,TOEN.TA,1806.7513,7
07/01/2025,TOEN.TA,1844.6438,8
08/01/2025,TOEN.TA,1836.5863,9
09/01/2025,TOEN.TA,1853.838,10
10/01/2025,TOEN.TA,1881.3853,11
11/01/2025,TOEN.TA,1872.3864,12
12/01/2025,TOEN.TA,1899.2892,13
13/01/2025,TOEN.TA,1921.2134,14
14/01/2025,TOEN.TA,1890.123,15
15/01/2025,TOEN.TA,1875.3873,16
16/01/2025,TOEN.TA,1883.8058,17
17/01/2025,TOEN.TA,1865.726,18
18/01/2025,TOEN.TA,1848.3256,19
19/01/2025,TOEN.TA,1830.3359,20
20/01/2025,TOEN.TA,1833.2701,21
21/01/2025,TOEN.TA,1812.3436,22
22/01/2025,TOEN.TA,1846.7772,23
23/01/2025,TOEN.TA,1868.0585,24
24/01/2025,TOEN.TA,1891.4244,25
25/01/2025,TOEN.TA,1891.3717,26
26/01/2025,TOEN.TA,1907.3651,27
27/01/2025,TOEN.TA,1919.858,28
28/01/2025,TOEN.TA,1944.2618,29
29/01/2025,TOEN.TA,1954.6965,30
31/12/2024,TNDO.TA,351.93774,1
01/01/2025,TNDO.TA,342.36743,2
02/01/2025,TNDO.TA,343.85263,3
03/01/2025,TNDO.TA,336.272,4
04/01/2025,TNDO.TA,333.71548,5
05/01/2025,TNDO.TA,335.54147,6
06/01/2025,TNDO.TA,318.34915,7
07/01/2025,TNDO.TA,315.03232,8
08/01/2025,TNDO.TA,316.39365,9
09/01/2025,TNDO.TA,322.6085,10
10/01/2025,TNDO.TA,329.71133,11
11/01/2025,TNDO.TA,329.25342,12
12/01/2025,TNDO.TA,314.2425,13
13/01/2025,TNDO.TA,282.8011,14
14/01/2025,TNDO.TA,295.13937,15
15/01/2025,TNDO.TA,271.53207,16
16/01/2025,TNDO.TA,291.37366,17
17/01/2025,TNDO.TA,299.0909,18
18/01/2025,TNDO.TA,292.6409,19
19/01/2025,TNDO.TA,294.2578,20
20/01/2025,TNDO.TA,295.02588,21
21/01/2025,TNDO.TA,310.72217,22
22/01/2025,TNDO.TA,322.75317,23
23/01/2025,TNDO.TA,328.44592,24
24/01/2025,TNDO.TA,321.77213,25
25/01/2025,TNDO.TA,328.6136,26
26/01/2025,TNDO.TA,313.62286,27
27/01/2025,TNDO.TA,294.3101,28
28/01/2025,TNDO.TA,274.62805,29
29/01/2025,TNDO.TA,274.48322,30
31/12/2024,TOPS.TA,1063.5452,1
01/01/2025,TOPS.TA,1050.7251,2
02/01/2025,TOPS.TA,1049.9135,3
03/01/2025,TOPS.TA,1078.8546,4
04/01/2025,TOPS.TA,1065.4165,5
05/01/2025,TOPS.TA,1091.1276,6
06/01/2025,TOPS.TA,1120.3953,7
07/01/2025,TOPS.TA,1111.1285,8
08/01/2025,TOPS.TA,1095.0612,9
09/01/2025,TOPS.TA,1078.8253,10
10/01/2025,TOPS.TA,1080.0365,11
11/01/2025,TOPS.TA,1092.4858,12
12/01/2025,TOPS.TA,1073.1475,13
13/01/2025,TOPS.TA,1072.665,14
14/01/2025,TOPS.TA,1089.4175,15
15/01/2025,TOPS.TA,1072.9095,16
16/01/2025,TOPS.TA,1120.009,17
17/01/2025,TOPS.TA,1138.1703,18
18/01/2025,TOPS.TA,1131.2772,19
19/01/2025,TOPS.TA,1112.5573,20
20/01/2025,TOPS.TA,1141.6395,21
21/01/2025,TOPS.TA,1151.9623,22
22/01/2025,TOPS.TA,1143.5046,23
23/01/2025,TOPS.TA,1162.5837,24
24/01/2025,TOPS.TA,1168.767,25
25/01/2025,TOPS.TA,1219.2122,26
26/01/2025,TOPS.TA,1203.7325,27
27/01/2025,TOPS.TA,1243.9404,28
28/01/2025,TOPS.TA,1274.5251,29
29/01/2025,TOPS.TA,1281.2196,30
31/12/2024,TSEM.TA,18045.12,1
01/01/2025,TSEM.TA,18346.078,2
02/01/2025,TSEM.TA,18504.705,3
03/01/2025,TSEM.TA,18289.47,4
04/01/2025,TSEM.TA,17738.57,5
05/01/2025,TSEM.TA,17948.736,6
06/01/2025,TSEM.TA,17455.02,7
07/01/2025,TSEM.TA,17654.328,8
08/01/2025,TSEM.TA,17671.13,9
09/01/2025,TSEM.TA,17485.393,10
10/01/2025,TSEM.TA,17157.18,11
11/01/2025,TSEM.TA,17001.29,12
12/01/2025,TSEM.TA,17004.146,13
13/01/2025,TSEM.TA,17405.186,14
14/01/2025,TSEM.TA,17360.395,15
15/01/2025,TSEM.TA,17680.148,16
16/01/2025,TSEM.TA,17984.674,17
17/01/2025,TSEM.TA,17486.93,18
18/01/2025,TSEM.TA,17250.238,19
19/01/2025,TSEM.TA,17540.31,20
20/01/2025,TSEM.TA,17795.736,21
21/01/2025,TSEM.TA,18427.4,22
22/01/2025,TSEM.TA,18412.537,23
23/01/2025,TSEM.TA,18701.375,24
24/01/2025,TSEM.TA,18853.408,25
25/01/2025,TSEM.TA,19073.684,26
26/01/2025,TSEM.TA,19148.807,27
27/01/2025,TSEM.TA,19289.758,28
28/01/2025,TSEM.TA,19643.37,29
29/01/2025,TSEM.TA,19987.207,30
31/12/2024,TRAN.TA,112.03906,1
01/01/2025,TRAN.TA,112.336624,2
02/01/2025,TRAN.TA,118.162575,3
03/01/2025,TRAN.TA,121.41067,4
04/01/2025,TRAN.TA,127.96653,5
05/01/2025,TRAN.TA,127.02937,6
06/01/2025,TRAN.TA,133.1715,7
07/01/2025,TRAN.TA,134.25691,8
08/01/2025,TRAN.TA,127.72384,9
09/01/2025,TRAN.TA,123.591156,10
10/01/2025,TRAN.TA,123.86907,11
11/01/2025,TRAN.TA,133.70998,12
12/01/2025,TRAN.TA,135.50916,13
13/01/2025,TRAN.TA,136.55612,14
14/01/2025,TRAN.TA,143.66235,15
15/01/2025,TRAN.TA,140.41112,16
16/01/2025,TRAN.TA,155.19127,17
17/01/2025,TRAN.TA,153.37604,18
18/01/2025,TRAN.TA,160.3839,19
19/01/2025,TRAN.TA,165.15857,20
20/01/2025,TRAN.TA,172.76556,21
21/01/2025,TRAN.TA,169.75076,22
22/01/2025,TRAN.TA,175.60121,23
23/01/2025,TRAN.TA,170.2964,24
24/01/2025,TRAN.TA,158.15082,25
25/01/2025,TRAN.TA,152.08342,26
26/01/2025,TRAN.TA,150.19159,27
27/01/2025,TRAN.TA,155.42578,28
28/01/2025,TRAN.TA,154.06604,29
29/01/2025,TRAN.TA,146.29793,30
31/12/2024,TSG.TA,16428.457,1
01/01/2025,TSG.TA,16423.137,2
02/01/2025,TSG.TA,16408.44,3
03/01/2025,TSG.TA,16381.179,4
04/01/2025,TSG.TA,16367.124,5
05/01/2025,TSG.TA,16355.688,6
06/01/2025,TSG.TA,16363.912,7
07/01/2025,TSG.TA,16342.3125,8
08/01/2025,TSG.TA,16357.8955,9
09/01/2025,TSG.TA,16357.762,10
10/01/2025,TSG.TA,16345.093,11
11/01/2025,TSG.TA,16340.253,12
12/01/2025,TSG.TA,16346.52,13
13/01/2025,TSG.TA,16351.259,14
14/01/2025,TSG.TA,16341.731,15
15/01/2025,TSG.TA,16335.883,16
16/01/2025,TSG.TA,16324.782,17
17/01/2025,TSG.TA,16299.952,18
18/01/2025,TSG.TA,16293.867,19
19/01/2025,TSG.TA,16275.856,20
20/01/2025,TSG.TA,16262.119,21
21/01/2025,TSG.TA,16249.2295,22
22/01/2025,TSG.TA,16242.54,23
23/01/2025,TSG.TA,16246.804,24
24/01/2025,TSG.TA,16243.717,25
25/01/2025,TSG.TA,16250.384,26
26/01/2025,TSG.TA,16241.833,27
27/01/2025,TSG.TA,16238.775,28
28/01/2025,TSG.TA,16243.766,29
29/01/2025,TSG.TA,16250.647,30
31/12/2024,TURB.TA,1011.6742,1
01/01/2025,TURB.TA,1031.4487,2
02/01/2025,TURB.TA,1048.6533,3
03/01/2025,TURB.TA,1075.8363,4
04/01/2025,TURB.TA,1197.4203,5
05/01/2025,TURB.TA,1279.2825,6
06/01/2025,TURB.TA,1271.324,7
07/01/2025,TURB.TA,1337.0732,8
08/01/2025,TURB.TA,1380.728,9
09/01/2025,TURB.TA,1290.1527,10
10/01/2025,TURB.TA,1211.123,11
11/01/2025,TURB.TA,1228.914,12
12/01/2025,TURB.TA,1167.2323,13
13/01/2025,TURB.TA,1241.514,14
14/01/2025,TURB.TA,1167.6847,15
15/01/2025,TURB.TA,1207.3838,16
16/01/2025,TURB.TA,1232.4445,17
17/01/2025,TURB.TA,1343.5392,18
18/01/2025,TURB.TA,1328.5502,19
19/01/2025,TURB.TA,1306.3688,20
20/01/2025,TURB.TA,1339.6982,21
21/01/2025,TURB.TA,1358.5315,22
22/01/2025,TURB.TA,1323.9569,23
23/01/2025,TURB.TA,1264.6805,24
24/01/2025,TURB.TA,1215.4252,25
25/01/2025,TURB.TA,1176.8556,26
26/01/2025,TURB.TA,1183.2915,27
27/01/2025,TURB.TA,1166.9349,28
28/01/2025,TURB.TA,1181.146,29
29/01/2025,TURB.TA,1220.9386,30
31/12/2024,TRPZ.TA,1953.597,1
01/01/2025,TRPZ.TA,1961.974,2
02/01/2025,TRPZ.TA,1936.4003,3
03/01/2025,TRPZ.TA,1864.8475,4
04/01/2025,TRPZ.TA,1849.4452,5
05/01/2025,TRPZ.TA,1865.6722,6
06/01/2025,TRPZ.TA,1847.2141,7
07/01/2025,TRPZ.TA,1855.6487,8
08/01/2025,TRPZ.TA,1859.0621,9
09/01/2025,TRPZ.TA,1894.3131,10
10/01/2025,TRPZ.TA,1859.0171,11
11/01/2025,TRPZ.TA,1831.2319,12
12/01/2025,TRPZ.TA,1886.2212,13
13/01/2025,TRPZ.TA,1878.3452,14
14/01/2025,TRPZ.TA,1955.124,15
15/01/2025,TRPZ.TA,1964.6288,16
16/01/2025,TRPZ.TA,2004.5408,17
17/01/2025,TRPZ.TA,2034.1534,18
18/01/2025,TRPZ.TA,2074.9302,19
19/01/2025,TRPZ.TA,2097.1458,20
20/01/2025,TRPZ.TA,2142.262,21
21/01/2025,TRPZ.TA,2134.0715,22
22/01/2025,TRPZ.TA,2110.3296,23
23/01/2025,TRPZ.TA,2158.116,24
24/01/2025,TRPZ.TA,2170.976,25
25/01/2025,TRPZ.TA,2108.933,26
26/01/2025,TRPZ.TA,2109.1248,27
27/01/2025,TRPZ.TA,2135.832,28
28/01/2025,TRPZ.TA,2134.9163,29
29/01/2025,TRPZ.TA,2154.5447,30
31/12/2024,UMH.TA,13028.684,1
01/01/2025,UMH.TA,8890.43,2
02/01/2025,UMH.TA,15028.563,3
03/01/2025,UMH.TA,34616.824,4
04/01/2025,UMH.TA,25537.877,5
05/01/2025,UMH.TA,13906.21,6
06/01/2025,UMH.TA,-4339.3735,7
07/01/2025,UMH.TA,-5711.621,8
08/01/2025,UMH.TA,-9831.558,9
09/01/2025,UMH.TA,-14684.295,10
10/01/2025,UMH.TA,-415.86652,11
11/01/2025,UMH.TA,-103.85418,12
12/01/2025,UMH.TA,-105.51606,13
13/01/2025,UMH.TA,-208.1532,14
14/01/2025,UMH.TA,-168.73734,15
15/01/2025,UMH.TA,-140.03433,16
16/01/2025,UMH.TA,28.872122,17
17/01/2025,UMH.TA,23.917875,18
18/01/2025,UMH.TA,40.07627,19
19/01/2025,UMH.TA,32.974964,20
20/01/2025,UMH.TA,12.640944,21
21/01/2025,UMH.TA,18.4428,22
22/01/2025,UMH.TA,12.308474,23
23/01/2025,UMH.TA,25.104755,24
24/01/2025,UMH.TA,14.696247,25
25/01/2025,UMH.TA,25.444012,26
26/01/2025,UMH.TA,6.985717,27
27/01/2025,UMH.TA,-0.93163663,28
28/01/2025,UMH.TA,-1.4554498,29
29/01/2025,UMH.TA,-1.9020181,30
31/12/2024,UNTC.TA,271.8911,1
01/01/2025,UNTC.TA,1169.9141,2
02/01/2025,UNTC.TA,2271.1482,3
03/01/2025,UNTC.TA,-240.92479,4
04/01/2025,UNTC.TA,1071.9098,5
05/01/2025,UNTC.TA,-4810.3374,6
06/01/2025,UNTC.TA,-54506.32,7
07/01/2025,UNTC.TA,383062.9,8
08/01/2025,UNTC.TA,-55875.605,9
09/01/2025,UNTC.TA,52125.215,10
10/01/2025,UNTC.TA,-20910.1,11
11/01/2025,UNTC.TA,29895.691,12
12/01/2025,UNTC.TA,-61299.188,13
13/01/2025,UNTC.TA,-118754.63,14
14/01/2025,UNTC.TA,384244.94,15
15/01/2025,UNTC.TA,-103097.98,16
16/01/2025,UNTC.TA,-1014887.44,17
17/01/2025,UNTC.TA,-755484.9,18
18/01/2025,UNTC.TA,89959.07,19
19/01/2025,UNTC.TA,175395.11,20
20/01/2025,UNTC.TA,282408.12,21
21/01/2025,UNTC.TA,-909846.56,22
22/01/2025,UNTC.TA,-7501206,23
23/01/2025,UNTC.TA,-1184130.6,24
24/01/2025,UNTC.TA,-12447820,25
25/01/2025,UNTC.TA,-39681304,26
26/01/2025,UNTC.TA,4725019,27
27/01/2025,UNTC.TA,6401973.5,28
28/01/2025,UNTC.TA,-59220116,29
29/01/2025,UNTC.TA,-2.39E+08,30
31/12/2024,UNCT.TA,274.7422,1
01/01/2025,UNCT.TA,1220.9971,2
02/01/2025,UNCT.TA,-8182.136,3
03/01/2025,UNCT.TA,-44922.67,4
04/01/2025,UNCT.TA,-73008.12,5
05/01/2025,UNCT.TA,246534.05,6
06/01/2025,UNCT.TA,-619100.3,7
07/01/2025,UNCT.TA,-877593,8
08/01/2025,UNCT.TA,2803519.8,9
09/01/2025,UNCT.TA,19697810,10
10/01/2025,UNCT.TA,88038976,11
11/01/2025,UNCT.TA,-33395560,12
12/01/2025,UNCT.TA,-2.46E+08,13
13/01/2025,UNCT.TA,1.56E+09,14
14/01/2025,UNCT.TA,7.16E+09,15
15/01/2025,UNCT.TA,7.25E+10,16
16/01/2025,UNCT.TA,7.07E+11,17
17/01/2025,UNCT.TA,2.08E+12,18
18/01/2025,UNCT.TA,2.02E+13,19
19/01/2025,UNCT.TA,-1.39E+14,20
20/01/2025,UNCT.TA,1.61E+15,21
21/01/2025,UNCT.TA,1.78E+16,22
22/01/2025,UNCT.TA,-2.31E+17,23
23/01/2025,UNCT.TA,1.24E+18,24
24/01/2025,UNCT.TA,1.92E+18,25
25/01/2025,UNCT.TA,1.27E+19,26
26/01/2025,UNCT.TA,-9.73E+18,27
27/01/2025,UNCT.TA,-2.14E+20,28
28/01/2025,UNCT.TA,-1.62E+20,29
29/01/2025,UNCT.TA,-2.75E+21,30
31/12/2024,UNIT.TA,2551.3005,1
01/01/2025,UNIT.TA,2450.3477,2
02/01/2025,UNIT.TA,2497.8481,3
03/01/2025,UNIT.TA,2543.6318,4
04/01/2025,UNIT.TA,2529.151,5
05/01/2025,UNIT.TA,2426.353,6
06/01/2025,UNIT.TA,2376.8477,7
07/01/2025,UNIT.TA,2438.5288,8
08/01/2025,UNIT.TA,2490.5854,9
09/01/2025,UNIT.TA,2605.024,10
10/01/2025,UNIT.TA,2499.3542,11
11/01/2025,UNIT.TA,2414.4983,12
12/01/2025,UNIT.TA,2532.6191,13
13/01/2025,UNIT.TA,2470.4575,14
14/01/2025,UNIT.TA,2600.93,15
15/01/2025,UNIT.TA,2574.8015,16
16/01/2025,UNIT.TA,2626.9404,17
17/01/2025,UNIT.TA,2557.4443,18
18/01/2025,UNIT.TA,2526.9675,19
19/01/2025,UNIT.TA,2617.1697,20
20/01/2025,UNIT.TA,2598.1982,21
21/01/2025,UNIT.TA,2648.7505,22
22/01/2025,UNIT.TA,2800.6565,23
23/01/2025,UNIT.TA,2913.6802,24
24/01/2025,UNIT.TA,2902.1572,25
25/01/2025,UNIT.TA,2853.813,26
26/01/2025,UNIT.TA,2904.6086,27
27/01/2025,UNIT.TA,2803.7207,28
28/01/2025,UNIT.TA,2666.7341,29
29/01/2025,UNIT.TA,2632.719,30
31/12/2024,UPSL.TA,62.89039,1
01/01/2025,UPSL.TA,188.40994,2
02/01/2025,UPSL.TA,153.79631,3
03/01/2025,UPSL.TA,561.14404,4
04/01/2025,UPSL.TA,-586.91486,5
05/01/2025,UPSL.TA,-495.9926,6
06/01/2025,UPSL.TA,-1580.043,7
07/01/2025,UPSL.TA,483.2626,8
08/01/2025,UPSL.TA,656.10345,9
09/01/2025,UPSL.TA,781.0587,10
10/01/2025,UPSL.TA,912.92267,11
11/01/2025,UPSL.TA,886.6124,12
12/01/2025,UPSL.TA,849.5865,13
13/01/2025,UPSL.TA,2727.7583,14
14/01/2025,UPSL.TA,1771.3319,15
15/01/2025,UPSL.TA,5565.214,16
16/01/2025,UPSL.TA,-5292.8076,17
17/01/2025,UPSL.TA,-642.7804,18
18/01/2025,UPSL.TA,306.22845,19
19/01/2025,UPSL.TA,500.06125,20
20/01/2025,UPSL.TA,826.1729,21
21/01/2025,UPSL.TA,2046.4316,22
22/01/2025,UPSL.TA,-2567.0422,23
23/01/2025,UPSL.TA,-3031.3608,24
24/01/2025,UPSL.TA,-1104.9126,25
25/01/2025,UPSL.TA,-293.1348,26
26/01/2025,UPSL.TA,-706.96893,27
27/01/2025,UPSL.TA,-1482.681,28
28/01/2025,UPSL.TA,-3749.5647,29
29/01/2025,UPSL.TA,-7379.5425,30
31/12/2024,UTRN.TA,447.25958,1
01/01/2025,UTRN.TA,422.91736,2
02/01/2025,UTRN.TA,426.0295,3
03/01/2025,UTRN.TA,426.03073,4
04/01/2025,UTRN.TA,426.47522,5
05/01/2025,UTRN.TA,437.22305,6
06/01/2025,UTRN.TA,432.3552,7
07/01/2025,UTRN.TA,442.13867,8
08/01/2025,UTRN.TA,451.01068,9
09/01/2025,UTRN.TA,452.5878,10
10/01/2025,UTRN.TA,449.79373,11
11/01/2025,UTRN.TA,454.50174,12
12/01/2025,UTRN.TA,454.1412,13
13/01/2025,UTRN.TA,452.00665,14
14/01/2025,UTRN.TA,427.9292,15
15/01/2025,UTRN.TA,421.57434,16
16/01/2025,UTRN.TA,435.18225,17
17/01/2025,UTRN.TA,461.76578,18
18/01/2025,UTRN.TA,451.00665,19
19/01/2025,UTRN.TA,450.57184,20
20/01/2025,UTRN.TA,446.0417,21
21/01/2025,UTRN.TA,454.35034,22
22/01/2025,UTRN.TA,469.76587,23
23/01/2025,UTRN.TA,492.92615,24
24/01/2025,UTRN.TA,501.34653,25
25/01/2025,UTRN.TA,509.75394,26
26/01/2025,UTRN.TA,514.2867,27
27/01/2025,UTRN.TA,516.6341,28
28/01/2025,UTRN.TA,512.41766,29
29/01/2025,UTRN.TA,503.0101,30
31/12/2024,VRDS.TA,2333.0662,1
01/01/2025,VRDS.TA,2349.775,2
02/01/2025,VRDS.TA,2298.1238,3
03/01/2025,VRDS.TA,2326.6584,4
04/01/2025,VRDS.TA,2242.243,5
05/01/2025,VRDS.TA,2231.5493,6
06/01/2025,VRDS.TA,2178.5627,7
07/01/2025,VRDS.TA,2068.4663,8
08/01/2025,VRDS.TA,2001.3328,9
09/01/2025,VRDS.TA,1976.0974,10
10/01/2025,VRDS.TA,1988.7201,11
11/01/2025,VRDS.TA,2028.8431,12
12/01/2025,VRDS.TA,2103.16,13
13/01/2025,VRDS.TA,2148.9253,14
14/01/2025,VRDS.TA,2056.3862,15
15/01/2025,VRDS.TA,2113.2925,16
16/01/2025,VRDS.TA,2100.1624,17
17/01/2025,VRDS.TA,1975.2192,18
18/01/2025,VRDS.TA,1904.0388,19
19/01/2025,VRDS.TA,1719.7157,20
20/01/2025,VRDS.TA,1832.2686,21
21/01/2025,VRDS.TA,1688.069,22
22/01/2025,VRDS.TA,1702.8062,23
23/01/2025,VRDS.TA,1550.164,24
24/01/2025,VRDS.TA,1546.3486,25
25/01/2025,VRDS.TA,1514.946,26
26/01/2025,VRDS.TA,1475.0103,27
27/01/2025,VRDS.TA,1475.4259,28
28/01/2025,VRDS.TA,1507.7936,29
29/01/2025,VRDS.TA,1588.3635,30
31/12/2024,VCTR.TA,5420.098,1
01/01/2025,VCTR.TA,5509.788,2
02/01/2025,VCTR.TA,5696.296,3
03/01/2025,VCTR.TA,5645.8486,4
04/01/2025,VCTR.TA,5678.9414,5
05/01/2025,VCTR.TA,5610.8364,6
06/01/2025,VCTR.TA,5596.244,7
07/01/2025,VCTR.TA,5650.019,8
08/01/2025,VCTR.TA,5582.844,9
09/01/2025,VCTR.TA,5660.68,10
10/01/2025,VCTR.TA,5633.4634,11
11/01/2025,VCTR.TA,5793.8457,12
12/01/2025,VCTR.TA,5741.83,13
13/01/2025,VCTR.TA,5669.0845,14
14/01/2025,VCTR.TA,5760.2173,15
15/01/2025,VCTR.TA,5952.224,16
16/01/2025,VCTR.TA,5948.985,17
17/01/2025,VCTR.TA,6044.892,18
18/01/2025,VCTR.TA,6328.906,19
19/01/2025,VCTR.TA,6511.1533,20
20/01/2025,VCTR.TA,6424.568,21
21/01/2025,VCTR.TA,6450.3047,22
22/01/2025,VCTR.TA,6536.873,23
23/01/2025,VCTR.TA,6684.794,24
24/01/2025,VCTR.TA,6613.79,25
25/01/2025,VCTR.TA,6461.751,26
26/01/2025,VCTR.TA,6787.0605,27
27/01/2025,VCTR.TA,6640.975,28
28/01/2025,VCTR.TA,6682.6445,29
29/01/2025,VCTR.TA,6545.836,30
31/12/2024,VILR.TA,16459.21,1
01/01/2025,VILR.TA,16718.537,2
02/01/2025,VILR.TA,16783.8,3
03/01/2025,VILR.TA,16334.076,4
04/01/2025,VILR.TA,16255.111,5
05/01/2025,VILR.TA,16377.358,6
06/01/2025,VILR.TA,16497.072,7
07/01/2025,VILR.TA,16510.176,8
08/01/2025,VILR.TA,16295.415,9
09/01/2025,VILR.TA,16004.029,10
10/01/2025,VILR.TA,16079.609,11
11/01/2025,VILR.TA,16569.348,12
12/01/2025,VILR.TA,16752.625,13
13/01/2025,VILR.TA,17093.174,14
14/01/2025,VILR.TA,17352.623,15
15/01/2025,VILR.TA,17833.188,16
16/01/2025,VILR.TA,17935.664,17
17/01/2025,VILR.TA,17558.818,18
18/01/2025,VILR.TA,17896.174,19
19/01/2025,VILR.TA,17669.432,20
20/01/2025,VILR.TA,17092.604,21
21/01/2025,VILR.TA,17175.201,22
22/01/2025,VILR.TA,17148.463,23
23/01/2025,VILR.TA,17147.732,24
24/01/2025,VILR.TA,17569.73,25
25/01/2025,VILR.TA,17373.562,26
26/01/2025,VILR.TA,17233.262,27
27/01/2025,VILR.TA,17423.572,28
28/01/2025,VILR.TA,17191.809,29
29/01/2025,VILR.TA,17432.908,30
31/12/2024,VISN.TA,831.2714,1
01/01/2025,VISN.TA,1250.9774,2
02/01/2025,VISN.TA,8036.9556,3
03/01/2025,VISN.TA,17704.041,4
04/01/2025,VISN.TA,-55249.246,5
05/01/2025,VISN.TA,-330441.25,6
06/01/2025,VISN.TA,-623833.06,7
07/01/2025,VISN.TA,-2727460.2,8
08/01/2025,VISN.TA,-30983260,9
09/01/2025,VISN.TA,-10732942,10
10/01/2025,VISN.TA,-1.13E+08,11
11/01/2025,VISN.TA,7.14E+08,12
12/01/2025,VISN.TA,-9.16E+08,13
13/01/2025,VISN.TA,-8.45E+09,14
14/01/2025,VISN.TA,-3.31E+10,15
15/01/2025,VISN.TA,-2.44E+11,16
16/01/2025,VISN.TA,-1.31E+12,17
17/01/2025,VISN.TA,-5.27E+12,18
18/01/2025,VISN.TA,-2.99E+13,19
19/01/2025,VISN.TA,-1.51E+12,20
20/01/2025,VISN.TA,-3.94E+12,21
21/01/2025,VISN.TA,-6.33E+12,22
22/01/2025,VISN.TA,-7.62E+13,23
23/01/2025,VISN.TA,3.70E+14,24
24/01/2025,VISN.TA,-3.53E+14,25
25/01/2025,VISN.TA,-5.60E+14,26
26/01/2025,VISN.TA,-4.54E+15,27
27/01/2025,VISN.TA,-3.39E+16,28
28/01/2025,VISN.TA,-1.48E+17,29
29/01/2025,VISN.TA,1.07E+18,30
31/12/2024,VTNA.TA,2368.7473,1
01/01/2025,VTNA.TA,2355.5251,2
02/01/2025,VTNA.TA,2386.8496,3
03/01/2025,VTNA.TA,2400.0369,4
04/01/2025,VTNA.TA,2386.476,5
05/01/2025,VTNA.TA,2409.0913,6
06/01/2025,VTNA.TA,2440.347,7
07/01/2025,VTNA.TA,2400.7844,8
08/01/2025,VTNA.TA,2428.79,9
09/01/2025,VTNA.TA,2396.554,10
10/01/2025,VTNA.TA,2410.2144,11
11/01/2025,VTNA.TA,2381.7605,12
12/01/2025,VTNA.TA,2409.673,13
13/01/2025,VTNA.TA,2384.1265,14
14/01/2025,VTNA.TA,2357.5742,15
15/01/2025,VTNA.TA,2386.2498,16
16/01/2025,VTNA.TA,2432.3516,17
17/01/2025,VTNA.TA,2486.1448,18
18/01/2025,VTNA.TA,2385.267,19
19/01/2025,VTNA.TA,2362.841,20
20/01/2025,VTNA.TA,2377.355,21
21/01/2025,VTNA.TA,2368.7075,22
22/01/2025,VTNA.TA,2466.8684,23
23/01/2025,VTNA.TA,2503.6113,24
24/01/2025,VTNA.TA,2427.0579,25
25/01/2025,VTNA.TA,2468.2783,26
26/01/2025,VTNA.TA,2456.375,27
27/01/2025,VTNA.TA,2523.9968,28
28/01/2025,VTNA.TA,2533.7317,29
29/01/2025,VTNA.TA,2525.7498,30
31/12/2024,WATR.TA,51.089024,1
01/01/2025,WATR.TA,43.32734,2
02/01/2025,WATR.TA,40.13701,3
03/01/2025,WATR.TA,38.72683,4
04/01/2025,WATR.TA,34.725258,5
05/01/2025,WATR.TA,29.49054,6
06/01/2025,WATR.TA,30.48064,7
07/01/2025,WATR.TA,30.501083,8
08/01/2025,WATR.TA,35.567753,9
09/01/2025,WATR.TA,35.629158,10
10/01/2025,WATR.TA,40.01884,11
11/01/2025,WATR.TA,39.085396,12
12/01/2025,WATR.TA,49.597515,13
13/01/2025,WATR.TA,49.495274,14
14/01/2025,WATR.TA,35.398228,15
15/01/2025,WATR.TA,41.473194,16
16/01/2025,WATR.TA,35.51107,17
17/01/2025,WATR.TA,30.737726,18
18/01/2025,WATR.TA,30.684517,19
19/01/2025,WATR.TA,29.318802,20
20/01/2025,WATR.TA,29.20648,21
21/01/2025,WATR.TA,37.872406,22
22/01/2025,WATR.TA,39.4388,23
23/01/2025,WATR.TA,42.105423,24
24/01/2025,WATR.TA,47.877964,25
25/01/2025,WATR.TA,46.57297,26
26/01/2025,WATR.TA,45.2184,27
27/01/2025,WATR.TA,51.34534,28
28/01/2025,WATR.TA,40.98562,29
29/01/2025,WATR.TA,49.65744,30
31/12/2024,WESR.TA,566.00073,1
01/01/2025,WESR.TA,551.76276,2
02/01/2025,WESR.TA,545.00775,3
03/01/2025,WESR.TA,548.76825,4
04/01/2025,WESR.TA,562.86707,5
05/01/2025,WESR.TA,574.04333,6
06/01/2025,WESR.TA,586.72864,7
07/01/2025,WESR.TA,601.66284,8
08/01/2025,WESR.TA,603.7571,9
09/01/2025,WESR.TA,595.2065,10
10/01/2025,WESR.TA,561.9449,11
11/01/2025,WESR.TA,568.4435,12
12/01/2025,WESR.TA,602.84143,13
13/01/2025,WESR.TA,614.97943,14
14/01/2025,WESR.TA,614.8489,15
15/01/2025,WESR.TA,623.884,16
16/01/2025,WESR.TA,633.9724,17
17/01/2025,WESR.TA,644.1231,18
18/01/2025,WESR.TA,673.26263,19
19/01/2025,WESR.TA,681.94196,20
20/01/2025,WESR.TA,650.52264,21
21/01/2025,WESR.TA,693.26984,22
22/01/2025,WESR.TA,702.6201,23
23/01/2025,WESR.TA,689.3744,24
24/01/2025,WESR.TA,661.00323,25
25/01/2025,WESR.TA,669.88525,26
26/01/2025,WESR.TA,699.59546,27
27/01/2025,WESR.TA,677.51917,28
28/01/2025,WESR.TA,674.6542,29
29/01/2025,WESR.TA,660.3578,30
31/12/2024,WILK.TA,33.708088,1
01/01/2025,WILK.TA,34.67591,2
02/01/2025,WILK.TA,33.69423,3
03/01/2025,WILK.TA,30.04977,4
04/01/2025,WILK.TA,30.726421,5
05/01/2025,WILK.TA,29.68901,6
06/01/2025,WILK.TA,28.121292,7
07/01/2025,WILK.TA,25.34451,8
08/01/2025,WILK.TA,22.535437,9
09/01/2025,WILK.TA,23.254702,10
10/01/2025,WILK.TA,25.114477,11
11/01/2025,WILK.TA,24.363909,12
12/01/2025,WILK.TA,25.07623,13
13/01/2025,WILK.TA,25.06864,14
14/01/2025,WILK.TA,25.850002,15
15/01/2025,WILK.TA,23.059103,16
16/01/2025,WILK.TA,23.442225,17
17/01/2025,WILK.TA,26.510714,18
18/01/2025,WILK.TA,28.482304,19
19/01/2025,WILK.TA,25.681435,20
20/01/2025,WILK.TA,25.78764,21
21/01/2025,WILK.TA,23.692633,22
22/01/2025,WILK.TA,23.694801,23
23/01/2025,WILK.TA,20.040998,24
24/01/2025,WILK.TA,19.553335,25
25/01/2025,WILK.TA,19.713078,26
26/01/2025,WILK.TA,20.090008,27
27/01/2025,WILK.TA,19.797369,28
28/01/2025,WILK.TA,19.486814,29
29/01/2025,WILK.TA,20.69294,30
31/12/2024,WLFD.TA,2733.6707,1
01/01/2025,WLFD.TA,2784.0708,2
02/01/2025,WLFD.TA,2834.1672,3
03/01/2025,WLFD.TA,2773.1497,4
04/01/2025,WLFD.TA,2809.3857,5
05/01/2025,WLFD.TA,2811.658,6
06/01/2025,WLFD.TA,2857.4812,7
07/01/2025,WLFD.TA,2891.8643,8
08/01/2025,WLFD.TA,2905.8955,9
09/01/2025,WLFD.TA,3025.849,10
10/01/2025,WLFD.TA,3022.7441,11
11/01/2025,WLFD.TA,3100.9583,12
12/01/2025,WLFD.TA,2962.2046,13
13/01/2025,WLFD.TA,3029.141,14
14/01/2025,WLFD.TA,3031.4346,15
15/01/2025,WLFD.TA,3031.4995,16
16/01/2025,WLFD.TA,3053.933,17
17/01/2025,WLFD.TA,3166.9902,18
18/01/2025,WLFD.TA,3160.9966,19
19/01/2025,WLFD.TA,3190.5908,20
20/01/2025,WLFD.TA,3247.6206,21
21/01/2025,WLFD.TA,3250.2563,22
22/01/2025,WLFD.TA,3227.2444,23
23/01/2025,WLFD.TA,3261.8596,24
24/01/2025,WLFD.TA,3424.5796,25
25/01/2025,WLFD.TA,3453.07,26
26/01/2025,WLFD.TA,3541.1138,27
27/01/2025,WLFD.TA,3616.4824,28
28/01/2025,WLFD.TA,3582.4656,29
29/01/2025,WLFD.TA,3682.9453,30
31/12/2024,WILC.TA,5818.6235,1
01/01/2025,WILC.TA,5925.691,2
02/01/2025,WILC.TA,5954.683,3
03/01/2025,WILC.TA,5871.3315,4
04/01/2025,WILC.TA,5677.595,5
05/01/2025,WILC.TA,5777.173,6
06/01/2025,WILC.TA,5738.6333,7
07/01/2025,WILC.TA,5771.8354,8
08/01/2025,WILC.TA,5713.141,9
09/01/2025,WILC.TA,5772.676,10
10/01/2025,WILC.TA,5456.974,11
11/01/2025,WILC.TA,5318.184,12
12/01/2025,WILC.TA,5551.4146,13
13/01/2025,WILC.TA,5462.664,14
14/01/2025,WILC.TA,5680.3975,15
15/01/2025,WILC.TA,5551.132,16
16/01/2025,WILC.TA,5602.616,17
17/01/2025,WILC.TA,5577.3105,18
18/01/2025,WILC.TA,5644.256,19
19/01/2025,WILC.TA,5618.9365,20
20/01/2025,WILC.TA,5788.8794,21
21/01/2025,WILC.TA,6066.1426,22
22/01/2025,WILC.TA,5944.484,23
23/01/2025,WILC.TA,6096.3413,24
24/01/2025,WILC.TA,6282.8267,25
25/01/2025,WILC.TA,6050.4346,26
26/01/2025,WILC.TA,5987.474,27
27/01/2025,WILC.TA,5961.975,28
28/01/2025,WILC.TA,6091.977,29
29/01/2025,WILC.TA,5916.2314,30
31/12/2024,WNBZ.TA,15.6873045,1
01/01/2025,WNBZ.TA,16.599062,2
02/01/2025,WNBZ.TA,17.602848,3
03/01/2025,WNBZ.TA,17.87207,4
04/01/2025,WNBZ.TA,17.785658,5
05/01/2025,WNBZ.TA,17.11416,6
06/01/2025,WNBZ.TA,16.624733,7
07/01/2025,WNBZ.TA,15.908321,8
08/01/2025,WNBZ.TA,15.492321,9
09/01/2025,WNBZ.TA,15.920937,10
10/01/2025,WNBZ.TA,15.87625,11
11/01/2025,WNBZ.TA,15.393925,12
12/01/2025,WNBZ.TA,15.7934675,13
13/01/2025,WNBZ.TA,15.197974,14
14/01/2025,WNBZ.TA,15.377054,15
15/01/2025,WNBZ.TA,14.878507,16
16/01/2025,WNBZ.TA,14.516348,17
17/01/2025,WNBZ.TA,14.344576,18
18/01/2025,WNBZ.TA,14.404134,19
19/01/2025,WNBZ.TA,14.630665,20
20/01/2025,WNBZ.TA,14.676115,21
21/01/2025,WNBZ.TA,14.967592,22
22/01/2025,WNBZ.TA,15.369488,23
23/01/2025,WNBZ.TA,14.86503,24
24/01/2025,WNBZ.TA,14.731155,25
25/01/2025,WNBZ.TA,14.7823105,26
26/01/2025,WNBZ.TA,14.46307,27
27/01/2025,WNBZ.TA,15.1612625,28
28/01/2025,WNBZ.TA,15.072275,29
29/01/2025,WNBZ.TA,15.388579,30
31/12/2024,XTLB.TA,6.4962707,1
01/01/2025,XTLB.TA,5.9802566,2
02/01/2025,XTLB.TA,6.2481723,3
03/01/2025,XTLB.TA,6.0056033,4
04/01/2025,XTLB.TA,5.957992,5
05/01/2025,XTLB.TA,5.538044,6
06/01/2025,XTLB.TA,5.5459228,7
07/01/2025,XTLB.TA,5.3446813,8
08/01/2025,XTLB.TA,5.5566835,9
09/01/2025,XTLB.TA,5.49169,10
10/01/2025,XTLB.TA,5.4742103,11
11/01/2025,XTLB.TA,5.5325794,12
12/01/2025,XTLB.TA,5.8903832,13
13/01/2025,XTLB.TA,5.662519,14
14/01/2025,XTLB.TA,5.6853976,15
15/01/2025,XTLB.TA,5.7165933,16
16/01/2025,XTLB.TA,5.76703,17
17/01/2025,XTLB.TA,5.726578,18
18/01/2025,XTLB.TA,5.831804,19
19/01/2025,XTLB.TA,5.5292406,20
20/01/2025,XTLB.TA,5.532433,21
21/01/2025,XTLB.TA,5.5313406,22
22/01/2025,XTLB.TA,5.402757,23
23/01/2025,XTLB.TA,5.3470616,24
24/01/2025,XTLB.TA,5.330336,25
25/01/2025,XTLB.TA,5.498317,26
26/01/2025,XTLB.TA,5.2764134,27
27/01/2025,XTLB.TA,5.313861,28
28/01/2025,XTLB.TA,4.894038,29
29/01/2025,XTLB.TA,4.8486257,30
31/12/2024,YBRD.TA,736.2362,1
01/01/2025,YBRD.TA,658.1635,2
02/01/2025,YBRD.TA,970.28357,3
03/01/2025,YBRD.TA,1098.5717,4
04/01/2025,YBRD.TA,1297.4377,5
05/01/2025,YBRD.TA,1526.3251,6
06/01/2025,YBRD.TA,550.9906,7
07/01/2025,YBRD.TA,274.40482,8
08/01/2025,YBRD.TA,280.78302,9
09/01/2025,YBRD.TA,455.45743,10
10/01/2025,YBRD.TA,877.8151,11
11/01/2025,YBRD.TA,1344.9498,12
12/01/2025,YBRD.TA,1661.9314,13
13/01/2025,YBRD.TA,195.14104,14
14/01/2025,YBRD.TA,85.517525,15
15/01/2025,YBRD.TA,29.588081,16
16/01/2025,YBRD.TA,36.48391,17
17/01/2025,YBRD.TA,8.712641,18
18/01/2025,YBRD.TA,7.434303,19
19/01/2025,YBRD.TA,9.389081,20
20/01/2025,YBRD.TA,13.250876,21
21/01/2025,YBRD.TA,15.176951,22
22/01/2025,YBRD.TA,7.454774,23
23/01/2025,YBRD.TA,-4.998834,24
24/01/2025,YBRD.TA,-6.867165,25
25/01/2025,YBRD.TA,-4.022836,26
26/01/2025,YBRD.TA,-2.892159,27
27/01/2025,YBRD.TA,-1.4835027,28
28/01/2025,YBRD.TA,-2.224346,29
29/01/2025,YBRD.TA,-2.1048448,30
31/12/2024,YBOX.TA,104.430244,1
01/01/2025,YBOX.TA,105.195076,2
02/01/2025,YBOX.TA,99.48088,3
03/01/2025,YBOX.TA,96.89462,4
04/01/2025,YBOX.TA,97.83755,5
05/01/2025,YBOX.TA,99.36994,6
06/01/2025,YBOX.TA,96.44481,7
07/01/2025,YBOX.TA,98.805435,8
08/01/2025,YBOX.TA,97.01616,9
09/01/2025,YBOX.TA,97.36715,10
10/01/2025,YBOX.TA,97.44981,11
11/01/2025,YBOX.TA,99.766884,12
12/01/2025,YBOX.TA,101.005936,13
13/01/2025,YBOX.TA,103.22035,14
14/01/2025,YBOX.TA,104.56776,15
15/01/2025,YBOX.TA,105.376076,16
16/01/2025,YBOX.TA,101.68406,17
17/01/2025,YBOX.TA,101.17584,18
18/01/2025,YBOX.TA,100.29233,19
19/01/2025,YBOX.TA,103.19517,20
20/01/2025,YBOX.TA,108.9995,21
21/01/2025,YBOX.TA,106.825485,22
22/01/2025,YBOX.TA,106.293655,23
23/01/2025,YBOX.TA,105.721985,24
24/01/2025,YBOX.TA,106.42237,25
25/01/2025,YBOX.TA,103.36378,26
26/01/2025,YBOX.TA,104.64195,27
27/01/2025,YBOX.TA,108.74869,28
28/01/2025,YBOX.TA,108.2438,29
29/01/2025,YBOX.TA,106.622536,30
31/12/2024,YHNF.TA,22115.334,1
01/01/2025,YHNF.TA,22109.752,2
02/01/2025,YHNF.TA,22249.174,3
03/01/2025,YHNF.TA,22103.113,4
04/01/2025,YHNF.TA,22453.135,5
05/01/2025,YHNF.TA,22191.78,6
06/01/2025,YHNF.TA,21845.91,7
07/01/2025,YHNF.TA,22096.69,8
08/01/2025,YHNF.TA,21999.273,9
09/01/2025,YHNF.TA,21413.855,10
10/01/2025,YHNF.TA,20974.482,11
11/01/2025,YHNF.TA,21057.857,12
12/01/2025,YHNF.TA,21142.578,13
13/01/2025,YHNF.TA,21122.117,14
14/01/2025,YHNF.TA,21131.145,15
15/01/2025,YHNF.TA,21067.277,16
16/01/2025,YHNF.TA,21072.662,17
17/01/2025,YHNF.TA,20810.809,18
18/01/2025,YHNF.TA,20769.236,19
19/01/2025,YHNF.TA,20871.389,20
20/01/2025,YHNF.TA,20368.564,21
21/01/2025,YHNF.TA,20589.264,22
22/01/2025,YHNF.TA,19716.775,23
23/01/2025,YHNF.TA,19881.717,24
24/01/2025,YHNF.TA,20018.879,25
25/01/2025,YHNF.TA,20013.23,26
26/01/2025,YHNF.TA,20277.57,27
27/01/2025,YHNF.TA,20153.928,28
28/01/2025,YHNF.TA,20039.582,29
29/01/2025,YHNF.TA,19633.613,30
31/12/2024,ZNKL.TA,3807.9329,1
01/01/2025,ZNKL.TA,3800.292,2
02/01/2025,ZNKL.TA,3786.245,3
03/01/2025,ZNKL.TA,3836.7756,4
04/01/2025,ZNKL.TA,3903.8347,5
05/01/2025,ZNKL.TA,3914.925,6
06/01/2025,ZNKL.TA,3855.4485,7
07/01/2025,ZNKL.TA,3911.644,8
08/01/2025,ZNKL.TA,3971.815,9
09/01/2025,ZNKL.TA,3865.343,10
10/01/2025,ZNKL.TA,3959.0786,11
11/01/2025,ZNKL.TA,3930.3047,12
12/01/2025,ZNKL.TA,3884.3467,13
13/01/2025,ZNKL.TA,3812.5522,14
14/01/2025,ZNKL.TA,3786.0027,15
15/01/2025,ZNKL.TA,3718.3474,16
16/01/2025,ZNKL.TA,3732.437,17
17/01/2025,ZNKL.TA,3823.3914,18
18/01/2025,ZNKL.TA,3963.0007,19
19/01/2025,ZNKL.TA,4018.01,20
20/01/2025,ZNKL.TA,4007.5503,21
21/01/2025,ZNKL.TA,4003.6226,22
22/01/2025,ZNKL.TA,3988.8425,23
23/01/2025,ZNKL.TA,4018.4314,24
24/01/2025,ZNKL.TA,4043.657,25
25/01/2025,ZNKL.TA,4017.2305,26
26/01/2025,ZNKL.TA,3965.1946,27
27/01/2025,ZNKL.TA,3993.9963,28
28/01/2025,ZNKL.TA,4024.7715,29
29/01/2025,ZNKL.TA,4037.2224,30
31/12/2024,ZPRS.TA,1432.0728,1
01/01/2025,ZPRS.TA,1478.3835,2
02/01/2025,ZPRS.TA,1434.6499,3
03/01/2025,ZPRS.TA,1529.3452,4
04/01/2025,ZPRS.TA,1525.6672,5
05/01/2025,ZPRS.TA,1541.4049,6
06/01/2025,ZPRS.TA,1411.5342,7
07/01/2025,ZPRS.TA,1425.2078,8
08/01/2025,ZPRS.TA,1416.1343,9
09/01/2025,ZPRS.TA,1361.1458,10
10/01/2025,ZPRS.TA,1328.8689,11
11/01/2025,ZPRS.TA,1341.4294,12
12/01/2025,ZPRS.TA,1329.3702,13
13/01/2025,ZPRS.TA,1318.0829,14
14/01/2025,ZPRS.TA,1284.1667,15
15/01/2025,ZPRS.TA,1224.4597,16
16/01/2025,ZPRS.TA,1191.1599,17
17/01/2025,ZPRS.TA,1254.1385,18
18/01/2025,ZPRS.TA,1194.9742,19
19/01/2025,ZPRS.TA,1140.4355,20
20/01/2025,ZPRS.TA,1170.485,21
21/01/2025,ZPRS.TA,1180.8005,22
22/01/2025,ZPRS.TA,1184.7263,23
23/01/2025,ZPRS.TA,1196.4758,24
24/01/2025,ZPRS.TA,1221.9005,25
25/01/2025,ZPRS.TA,1219.646,26
26/01/2025,ZPRS.TA,1232.2676,27
27/01/2025,ZPRS.TA,1343.079,28
28/01/2025,ZPRS.TA,1425.0012,29
29/01/2025,ZPRS.TA,1564.8911,30
31/12/2024,ZMH.TA,3618.5742,1
01/01/2025,ZMH.TA,3548.8535,2
02/01/2025,ZMH.TA,3509.6252,3
03/01/2025,ZMH.TA,3577.4058,4
04/01/2025,ZMH.TA,3598.77,5
05/01/2025,ZMH.TA,3648.9724,6
06/01/2025,ZMH.TA,3783.0247,7
07/01/2025,ZMH.TA,3769.572,8
08/01/2025,ZMH.TA,3750.8835,9
09/01/2025,ZMH.TA,3754.7349,10
10/01/2025,ZMH.TA,3872.4785,11
11/01/2025,ZMH.TA,3887.759,12
12/01/2025,ZMH.TA,3896.9197,13
13/01/2025,ZMH.TA,3831.3472,14
14/01/2025,ZMH.TA,3845.3176,15
15/01/2025,ZMH.TA,3847.6765,16
16/01/2025,ZMH.TA,3818.88,17
17/01/2025,ZMH.TA,3930.7893,18
18/01/2025,ZMH.TA,3965.9578,19
19/01/2025,ZMH.TA,4024.8906,20
20/01/2025,ZMH.TA,3955.779,21
21/01/2025,ZMH.TA,3970.207,22
22/01/2025,ZMH.TA,3976.3423,23
23/01/2025,ZMH.TA,3914.4016,24
24/01/2025,ZMH.TA,3887.0398,25
25/01/2025,ZMH.TA,3877.9521,26
26/01/2025,ZMH.TA,3849.9026,27
27/01/2025,ZMH.TA,3875.7751,28
28/01/2025,ZMH.TA,3829.6548,29
29/01/2025,ZMH.TA,3836.6663,30
31/12/2024,ZOOZ.TA,865.083,1
01/01/2025,ZOOZ.TA,934.8803,2
02/01/2025,ZOOZ.TA,833.8474,3
03/01/2025,ZOOZ.TA,820.39685,4
04/01/2025,ZOOZ.TA,835.0643,5
05/01/2025,ZOOZ.TA,870.37054,6
06/01/2025,ZOOZ.TA,910.8,7
07/01/2025,ZOOZ.TA,801.8854,8
08/01/2025,ZOOZ.TA,777.51886,9
09/01/2025,ZOOZ.TA,673.77594,10
10/01/2025,ZOOZ.TA,585.46484,11
11/01/2025,ZOOZ.TA,577.2732,12
12/01/2025,ZOOZ.TA,570.44006,13
13/01/2025,ZOOZ.TA,554.78314,14
14/01/2025,ZOOZ.TA,565.10455,15
15/01/2025,ZOOZ.TA,551.0281,16
16/01/2025,ZOOZ.TA,549.39575,17
17/01/2025,ZOOZ.TA,641.26636,18
18/01/2025,ZOOZ.TA,668.1236,19
19/01/2025,ZOOZ.TA,679.4196,20
20/01/2025,ZOOZ.TA,665.43475,21
21/01/2025,ZOOZ.TA,682.30286,22
22/01/2025,ZOOZ.TA,736.95685,23
23/01/2025,ZOOZ.TA,773.91156,24
24/01/2025,ZOOZ.TA,711.6529,25
25/01/2025,ZOOZ.TA,741.02374,26
26/01/2025,ZOOZ.TA,735.3116,27
27/01/2025,ZOOZ.TA,786.3883,28
28/01/2025,ZOOZ.TA,803.06165,29
29/01/2025,ZOOZ.TA,746.9617,30
31/12/2024,ZUR.TA,807.0699,1
01/01/2025,ZUR.TA,808.5642,2
02/01/2025,ZUR.TA,839.0135,3
03/01/2025,ZUR.TA,846.1245,4
04/01/2025,ZUR.TA,896.30835,5
05/01/2025,ZUR.TA,880.7188,6
06/01/2025,ZUR.TA,889.8527,7
07/01/2025,ZUR.TA,893.0563,8
08/01/2025,ZUR.TA,877.08997,9
09/01/2025,ZUR.TA,866.11676,10
10/01/2025,ZUR.TA,869.4699,11
11/01/2025,ZUR.TA,841.0216,12
12/01/2025,ZUR.TA,818.5509,13
13/01/2025,ZUR.TA,840.29004,14
14/01/2025,ZUR.TA,838.6714,15
15/01/2025,ZUR.TA,855.63153,16
16/01/2025,ZUR.TA,863.50037,17
17/01/2025,ZUR.TA,908.3232,18
18/01/2025,ZUR.TA,911.5355,19
19/01/2025,ZUR.TA,913.56494,20
20/01/2025,ZUR.TA,934.4309,21
21/01/2025,ZUR.TA,943.1203,22
22/01/2025,ZUR.TA,991.0071,23
23/01/2025,ZUR.TA,1010.01184,24
24/01/2025,ZUR.TA,978.87524,25
25/01/2025,ZUR.TA,975.97296,26
26/01/2025,ZUR.TA,991.0877,27
27/01/2025,ZUR.TA,1036.2188,28
28/01/2025,ZUR.TA,1017.21906,29
29/01/2025,ZUR.TA,1046.0367,30
