Date,Ticker,Forecast,Days_Ahead
14/03/2025,ABRA.TA,348.16852,1
15/03/2025,ABRA.TA,355.2749105,2
16/03/2025,ABRA.TA,350.7334236,3
17/03/2025,ABRA.TA,353.9554322,4
18/03/2025,ABRA.TA,355.4881014,5
19/03/2025,ABRA.TA,358.8554752,6
20/03/2025,ABRA.TA,361.9832632,7
21/03/2025,ABRA.TA,365.1579884,8
22/03/2025,ABRA.TA,366.7726388,9
23/03/2025,ABRA.TA,367.5300843,10
24/03/2025,ABRA.TA,372.3324525,11
25/03/2025,ABRA.TA,374.1518496,12
26/03/2025,ABRA.TA,379.7441849,13
27/03/2025,ABRA.TA,376.4082413,14
28/03/2025,ABRA.TA,382.876501,15
29/03/2025,ABRA.TA,388.5992411,16
30/03/2025,ABRA.TA,395.6409603,17
31/03/2025,ABRA.TA,400.09869,18
01/04/2025,ABRA.TA,390.0813051,19
02/04/2025,ABRA.TA,391.8772644,20
03/04/2025,ABRA.TA,385.43589,21
04/04/2025,ABRA.TA,390.8385321,22
05/04/2025,ABRA.TA,390.750428,23
06/04/2025,ABRA.TA,375.4944402,24
07/04/2025,ABRA.TA,374.5925731,25
08/04/2025,ABRA.TA,370.9822061,26
09/04/2025,ABRA.TA,374.325873,27
10/04/2025,ABRA.TA,378.4932209,28
11/04/2025,ABRA.TA,377.2263671,29
12/04/2025,ABRA.TA,372.0206877,30
14/03/2025,ACCL.TA,167.4852965,1
15/03/2025,ACCL.TA,167.6233282,2
16/03/2025,ACCL.TA,170.4740496,3
17/03/2025,ACCL.TA,169.7714589,4
18/03/2025,ACCL.TA,169.9099504,5
19/03/2025,ACCL.TA,170.0499803,6
20/03/2025,ACCL.TA,168.199552,7
21/03/2025,ACCL.TA,172.6072082,8
22/03/2025,ACCL.TA,172.66922,9
23/03/2025,ACCL.TA,173.2732576,10
24/03/2025,ACCL.TA,170.2898169,11
25/03/2025,ACCL.TA,169.7791409,12
26/03/2025,ACCL.TA,167.4937786,13
27/03/2025,ACCL.TA,167.2488256,14
28/03/2025,ACCL.TA,173.0349588,15
29/03/2025,ACCL.TA,173.0435138,16
30/03/2025,ACCL.TA,172.3023981,17
31/03/2025,ACCL.TA,172.6327007,18
01/04/2025,ACCL.TA,169.8256053,19
02/04/2025,ACCL.TA,163.6450522,20
03/04/2025,ACCL.TA,164.3521552,21
04/04/2025,ACCL.TA,164.7176533,22
05/04/2025,ACCL.TA,163.0672424,23
06/04/2025,ACCL.TA,169.0870188,24
07/04/2025,ACCL.TA,169.5764215,25
08/04/2025,ACCL.TA,169.9124342,26
09/04/2025,ACCL.TA,167.3945295,27
10/04/2025,ACCL.TA,168.1611953,28
11/04/2025,ACCL.TA,174.5217834,29
12/04/2025,ACCL.TA,177.1431431,30
14/03/2025,ACKR.TA,724.0050726,1
15/03/2025,ACKR.TA,714.3125295,2
16/03/2025,ACKR.TA,713.9437932,3
17/03/2025,ACKR.TA,730.0418408,4
18/03/2025,ACKR.TA,732.4458664,5
19/03/2025,ACKR.TA,724.4467601,6
20/03/2025,ACKR.TA,726.3702755,7
21/03/2025,ACKR.TA,716.1387896,8
22/03/2025,ACKR.TA,698.9351473,9
23/03/2025,ACKR.TA,701.2367387,10
24/03/2025,ACKR.TA,701.7207304,11
25/03/2025,ACKR.TA,698.8092899,12
26/03/2025,ACKR.TA,699.2916061,13
27/03/2025,ACKR.TA,674.5684683,14
28/03/2025,ACKR.TA,661.9618309,15
29/03/2025,ACKR.TA,662.4187152,16
30/03/2025,ACKR.TA,649.6719101,17
31/03/2025,ACKR.TA,647.1311317,18
01/04/2025,ACKR.TA,655.2270731,19
02/04/2025,ACKR.TA,664.715279,20
03/04/2025,ACKR.TA,674.2431498,21
04/04/2025,ACKR.TA,669.1691332,22
05/04/2025,ACKR.TA,681.0754005,23
06/04/2025,ACKR.TA,691.5928031,24
07/04/2025,ACKR.TA,684.9304635,25
08/04/2025,ACKR.TA,662.4318388,26
09/04/2025,ACKR.TA,708.8041528,27
10/04/2025,ACKR.TA,733.5601117,28
11/04/2025,ACKR.TA,745.0391248,29
12/04/2025,ACKR.TA,735.0649905,30
14/03/2025,ACRO.TA,5348.070923,1
15/03/2025,ACRO.TA,5275.74125,2
16/03/2025,ACRO.TA,5352.92114,3
17/03/2025,ACRO.TA,5299.832404,4
18/03/2025,ACRO.TA,5340.090717,5
19/03/2025,ACRO.TA,5127.778312,6
20/03/2025,ACRO.TA,5160.064953,7
21/03/2025,ACRO.TA,5093.488999,8
22/03/2025,ACRO.TA,5174.997127,9
23/03/2025,ACRO.TA,5170.873997,10
24/03/2025,ACRO.TA,5307.974077,11
25/03/2025,ACRO.TA,5286.362049,12
26/03/2025,ACRO.TA,5143.414443,13
27/03/2025,ACRO.TA,4924.800854,14
28/03/2025,ACRO.TA,4925.601051,15
29/03/2025,ACRO.TA,4882.120766,16
30/03/2025,ACRO.TA,4808.480754,17
31/03/2025,ACRO.TA,4695.162879,18
01/04/2025,ACRO.TA,4683.869228,19
02/04/2025,ACRO.TA,4684.630277,20
03/04/2025,ACRO.TA,4759.595678,21
04/04/2025,ACRO.TA,4726.555768,22
05/04/2025,ACRO.TA,4817.904331,23
06/04/2025,ACRO.TA,4747.016587,24
07/04/2025,ACRO.TA,4734.218966,25
08/04/2025,ACRO.TA,4554.969058,26
09/04/2025,ACRO.TA,4669.190601,27
10/04/2025,ACRO.TA,4724.928674,28
11/04/2025,ACRO.TA,4712.878366,29
12/04/2025,ACRO.TA,4680.162757,30
14/03/2025,ADGR.TA,513.3612608,1
15/03/2025,ADGR.TA,531.5588974,2
16/03/2025,ADGR.TA,535.9112808,3
17/03/2025,ADGR.TA,529.8114716,4
18/03/2025,ADGR.TA,526.2222202,5
19/03/2025,ADGR.TA,528.907939,6
20/03/2025,ADGR.TA,534.6378364,7
21/03/2025,ADGR.TA,533.2920365,8
22/03/2025,ADGR.TA,527.8657718,9
23/03/2025,ADGR.TA,523.430692,10
24/03/2025,ADGR.TA,522.9560771,11
25/03/2025,ADGR.TA,519.3606021,12
26/03/2025,ADGR.TA,524.5669882,13
27/03/2025,ADGR.TA,526.4294533,14
28/03/2025,ADGR.TA,523.6160203,15
29/03/2025,ADGR.TA,522.2979647,16
30/03/2025,ADGR.TA,524.1523736,17
31/03/2025,ADGR.TA,524.9648751,18
01/04/2025,ADGR.TA,521.7542988,19
02/04/2025,ADGR.TA,517.4337756,20
03/04/2025,ADGR.TA,527.3727992,21
04/04/2025,ADGR.TA,526.3824165,22
05/04/2025,ADGR.TA,517.4107315,23
06/04/2025,ADGR.TA,518.639175,24
07/04/2025,ADGR.TA,524.2578262,25
08/04/2025,ADGR.TA,519.85306,26
09/04/2025,ADGR.TA,518.9201052,27
10/04/2025,ADGR.TA,531.3786735,28
11/04/2025,ADGR.TA,534.3995048,29
12/04/2025,ADGR.TA,533.3941952,30
14/03/2025,ARDM.TA,48.78331587,1
15/03/2025,ARDM.TA,47.11089724,2
16/03/2025,ARDM.TA,45.39615362,3
17/03/2025,ARDM.TA,45.53226109,4
18/03/2025,ARDM.TA,44.70997314,5
19/03/2025,ARDM.TA,43.29561201,6
20/03/2025,ARDM.TA,43.4254216,7
21/03/2025,ARDM.TA,43.8599876,8
22/03/2025,ARDM.TA,44.5326324,9
23/03/2025,ARDM.TA,41.33874765,10
24/03/2025,ARDM.TA,42.26810656,11
25/03/2025,ARDM.TA,41.44025745,12
26/03/2025,ARDM.TA,39.0156974,13
27/03/2025,ARDM.TA,38.31109506,14
28/03/2025,ARDM.TA,36.29640803,15
29/03/2025,ARDM.TA,40.49453886,16
30/03/2025,ARDM.TA,41.40491865,17
31/03/2025,ARDM.TA,40.25035385,18
01/04/2025,ARDM.TA,38.8969507,19
02/04/2025,ARDM.TA,36.64164607,20
03/04/2025,ARDM.TA,35.61990381,21
04/04/2025,ARDM.TA,36.01319338,22
05/04/2025,ARDM.TA,34.91677363,23
06/04/2025,ARDM.TA,35.37861145,24
07/04/2025,ARDM.TA,37.27674714,25
08/04/2025,ARDM.TA,35.87312857,26
09/04/2025,ARDM.TA,36.57608395,27
10/04/2025,ARDM.TA,35.67647488,28
11/04/2025,ARDM.TA,34.97772728,29
12/04/2025,ARDM.TA,34.1955897,30
14/03/2025,AFHL.TA,18477.48373,1
15/03/2025,AFHL.TA,17634.96998,2
16/03/2025,AFHL.TA,17462.53277,3
17/03/2025,AFHL.TA,17269.36702,4
18/03/2025,AFHL.TA,17038.43301,5
19/03/2025,AFHL.TA,17045.9832,6
20/03/2025,AFHL.TA,16924.35806,7
21/03/2025,AFHL.TA,16842.16783,8
22/03/2025,AFHL.TA,16681.64257,9
23/03/2025,AFHL.TA,17538.58827,10
24/03/2025,AFHL.TA,17998.47246,11
25/03/2025,AFHL.TA,18030.76349,12
26/03/2025,AFHL.TA,18188.11476,13
27/03/2025,AFHL.TA,18171.19439,14
28/03/2025,AFHL.TA,18230.98744,15
29/03/2025,AFHL.TA,18140.1013,16
30/03/2025,AFHL.TA,18570.63503,17
31/03/2025,AFHL.TA,19011.38698,18
01/04/2025,AFHL.TA,19233.47567,19
02/04/2025,AFHL.TA,19327.25503,20
03/04/2025,AFHL.TA,19262.90507,21
04/04/2025,AFHL.TA,19277.22632,22
05/04/2025,AFHL.TA,19077.82175,23
06/04/2025,AFHL.TA,19341.68748,24
07/04/2025,AFHL.TA,19362.49675,25
08/04/2025,AFHL.TA,19444.19708,26
09/04/2025,AFHL.TA,19479.08188,27
10/04/2025,AFHL.TA,20479.73367,28
11/04/2025,AFHL.TA,20491.74065,29
12/04/2025,AFHL.TA,20155.30915,30
14/03/2025,AFPR.TA,17702.26751,1
15/03/2025,AFPR.TA,18131.82204,2
16/03/2025,AFPR.TA,17915.80306,3
17/03/2025,AFPR.TA,18109.836,4
18/03/2025,AFPR.TA,18506.88397,5
19/03/2025,AFPR.TA,18661.67438,6
20/03/2025,AFPR.TA,18774.67862,7
21/03/2025,AFPR.TA,19097.75782,8
22/03/2025,AFPR.TA,19028.00032,9
23/03/2025,AFPR.TA,18957.49028,10
24/03/2025,AFPR.TA,18980.53864,11
25/03/2025,AFPR.TA,18639.50111,12
26/03/2025,AFPR.TA,18572.43201,13
27/03/2025,AFPR.TA,18503.15426,14
28/03/2025,AFPR.TA,18676.63804,15
29/03/2025,AFPR.TA,19057.38639,16
30/03/2025,AFPR.TA,19265.8215,17
31/03/2025,AFPR.TA,19365.71516,18
01/04/2025,AFPR.TA,19369.47999,19
02/04/2025,AFPR.TA,19469.91112,20
03/04/2025,AFPR.TA,19489.65448,21
04/04/2025,AFPR.TA,19527.77018,22
05/04/2025,AFPR.TA,19940.24113,23
06/04/2025,AFPR.TA,19857.3725,24
07/04/2025,AFPR.TA,19687.17042,25
08/04/2025,AFPR.TA,19614.21777,26
09/04/2025,AFPR.TA,19618.03091,27
10/04/2025,AFPR.TA,19920.44749,28
11/04/2025,AFPR.TA,20117.15765,29
12/04/2025,AFPR.TA,20110.28132,30
14/03/2025,AFRE.TA,24173.61381,1
15/03/2025,AFRE.TA,23666.6414,2
16/03/2025,AFRE.TA,23651.16854,3
17/03/2025,AFRE.TA,24250.61,4
18/03/2025,AFRE.TA,24455.49826,5
19/03/2025,AFRE.TA,24370.02137,6
20/03/2025,AFRE.TA,24737.41543,7
21/03/2025,AFRE.TA,24719.99527,8
22/03/2025,AFRE.TA,24479.42803,9
23/03/2025,AFRE.TA,24273.56152,10
24/03/2025,AFRE.TA,24478.64369,11
25/03/2025,AFRE.TA,24415.21124,12
26/03/2025,AFRE.TA,24683.80728,13
27/03/2025,AFRE.TA,24597.53241,14
28/03/2025,AFRE.TA,24584.6455,15
29/03/2025,AFRE.TA,24714.05128,16
30/03/2025,AFRE.TA,25248.18015,17
31/03/2025,AFRE.TA,25381.07857,18
01/04/2025,AFRE.TA,25035.44544,19
02/04/2025,AFRE.TA,25532.40199,20
03/04/2025,AFRE.TA,26313.67677,21
04/04/2025,AFRE.TA,26901.23517,22
05/04/2025,AFRE.TA,26960.80754,23
06/04/2025,AFRE.TA,26935.318,24
07/04/2025,AFRE.TA,27296.5705,25
08/04/2025,AFRE.TA,26640.13046,26
09/04/2025,AFRE.TA,27684.59157,27
10/04/2025,AFRE.TA,28302.76114,28
11/04/2025,AFRE.TA,28501.6259,29
12/04/2025,AFRE.TA,27685.81587,30
14/03/2025,ARPT.TA,5426.932834,1
15/03/2025,ARPT.TA,5403.972071,2
16/03/2025,ARPT.TA,5423.058882,3
17/03/2025,ARPT.TA,5379.034995,4
18/03/2025,ARPT.TA,5311.964391,5
19/03/2025,ARPT.TA,5205.7716,6
20/03/2025,ARPT.TA,5288.000797,7
21/03/2025,ARPT.TA,5239.362263,8
22/03/2025,ARPT.TA,5276.237513,9
23/03/2025,ARPT.TA,5340.927387,10
24/03/2025,ARPT.TA,5387.024709,11
25/03/2025,ARPT.TA,5304.173244,12
26/03/2025,ARPT.TA,5244.582478,13
27/03/2025,ARPT.TA,5265.540831,14
28/03/2025,ARPT.TA,5245.48673,15
29/03/2025,ARPT.TA,5256.030524,16
30/03/2025,ARPT.TA,5281.882567,17
31/03/2025,ARPT.TA,5222.54223,18
01/04/2025,ARPT.TA,5374.606708,19
02/04/2025,ARPT.TA,5408.327749,20
03/04/2025,ARPT.TA,5442.26036,21
04/04/2025,ARPT.TA,5526.266783,22
05/04/2025,ARPT.TA,5700.542698,23
06/04/2025,ARPT.TA,5751.261194,24
07/04/2025,ARPT.TA,5772.63094,25
08/04/2025,ARPT.TA,5904.765831,26
09/04/2025,ARPT.TA,5875.725869,27
10/04/2025,ARPT.TA,5879.673575,28
11/04/2025,ARPT.TA,5921.055412,29
12/04/2025,ARPT.TA,6128.788689,30
14/03/2025,ARTS.TA,105.5388062,1
15/03/2025,ARTS.TA,108.2547673,2
16/03/2025,ARTS.TA,131.453871,3
17/03/2025,ARTS.TA,580.9493551,4
18/03/2025,ARTS.TA,517.4609899,5
19/03/2025,ARTS.TA,516.2866591,6
20/03/2025,ARTS.TA,536.0458914,7
21/03/2025,ARTS.TA,535.1189323,8
22/03/2025,ARTS.TA,572.4630002,9
23/03/2025,ARTS.TA,622.5148902,10
24/03/2025,ARTS.TA,568.5637452,11
25/03/2025,ARTS.TA,642.3848379,12
26/03/2025,ARTS.TA,667.2899799,13
27/03/2025,ARTS.TA,853.7993241,14
28/03/2025,ARTS.TA,818.3022742,15
29/03/2025,ARTS.TA,876.4978363,16
30/03/2025,ARTS.TA,1020.593016,17
31/03/2025,ARTS.TA,962.5615753,18
01/04/2025,ARTS.TA,922.5426911,19
02/04/2025,ARTS.TA,844.6900271,20
03/04/2025,ARTS.TA,753.4220397,21
04/04/2025,ARTS.TA,811.6862719,22
05/04/2025,ARTS.TA,203.4550091,23
06/04/2025,ARTS.TA,206.6672017,24
07/04/2025,ARTS.TA,193.7114963,25
08/04/2025,ARTS.TA,414.372458,26
09/04/2025,ARTS.TA,402.9852098,27
10/04/2025,ARTS.TA,452.6819642,28
11/04/2025,ARTS.TA,472.6250554,29
12/04/2025,ARTS.TA,447.3852362,30
14/03/2025,ALAR.TA,261.4035485,1
15/03/2025,ALAR.TA,257.6963298,2
16/03/2025,ALAR.TA,248.650525,3
17/03/2025,ALAR.TA,245.5284559,4
18/03/2025,ALAR.TA,284.4652297,5
19/03/2025,ALAR.TA,299.1710356,6
20/03/2025,ALAR.TA,291.1691316,7
21/03/2025,ALAR.TA,286.8759548,8
22/03/2025,ALAR.TA,265.0714925,9
23/03/2025,ALAR.TA,252.4124341,10
24/03/2025,ALAR.TA,242.137828,11
25/03/2025,ALAR.TA,237.1450245,12
26/03/2025,ALAR.TA,231.3089317,13
27/03/2025,ALAR.TA,225.9682661,14
28/03/2025,ALAR.TA,225.755174,15
29/03/2025,ALAR.TA,218.4256726,16
30/03/2025,ALAR.TA,224.0052585,17
31/03/2025,ALAR.TA,216.1420972,18
01/04/2025,ALAR.TA,226.9330125,19
02/04/2025,ALAR.TA,232.6115936,20
03/04/2025,ALAR.TA,238.8527344,21
04/04/2025,ALAR.TA,234.0932389,22
05/04/2025,ALAR.TA,256.7194473,23
06/04/2025,ALAR.TA,250.1518986,24
07/04/2025,ALAR.TA,245.0966445,25
08/04/2025,ALAR.TA,244.4070856,26
09/04/2025,ALAR.TA,239.3604563,27
10/04/2025,ALAR.TA,236.592631,28
11/04/2025,ALAR.TA,233.6199635,29
12/04/2025,ALAR.TA,230.4910269,30
14/03/2025,ALBA.TA,1848.283934,1
15/03/2025,ALBA.TA,1859.307222,2
16/03/2025,ALBA.TA,1859.965318,3
17/03/2025,ALBA.TA,1956.58614,4
18/03/2025,ALBA.TA,1910.497554,5
19/03/2025,ALBA.TA,1913.860538,6
20/03/2025,ALBA.TA,1888.783608,7
21/03/2025,ALBA.TA,1915.862785,8
22/03/2025,ALBA.TA,2002.01954,9
23/03/2025,ALBA.TA,1954.860742,10
24/03/2025,ALBA.TA,1928.073306,11
25/03/2025,ALBA.TA,1950.864859,12
26/03/2025,ALBA.TA,1978.327902,13
27/03/2025,ALBA.TA,2007.727074,14
28/03/2025,ALBA.TA,2011.579385,15
29/03/2025,ALBA.TA,1977.887481,16
30/03/2025,ALBA.TA,1981.682537,17
31/03/2025,ALBA.TA,1939.638941,18
01/04/2025,ALBA.TA,1938.081644,19
02/04/2025,ALBA.TA,1965.364733,20
03/04/2025,ALBA.TA,1952.128049,21
04/04/2025,ALBA.TA,2006.027566,22
05/04/2025,ALBA.TA,2023.982189,23
06/04/2025,ALBA.TA,2055.606988,24
07/04/2025,ALBA.TA,2076.90415,25
08/04/2025,ALBA.TA,2184.794434,26
09/04/2025,ALBA.TA,2204.34908,27
10/04/2025,ALBA.TA,2170.826516,28
11/04/2025,ALBA.TA,2101.843318,29
12/04/2025,ALBA.TA,2196.363657,30
14/03/2025,ALMD.TA,33.07808743,1
15/03/2025,ALMD.TA,33.23337304,2
16/03/2025,ALMD.TA,33.15781412,3
17/03/2025,ALMD.TA,31.82776258,4
18/03/2025,ALMD.TA,32.2170784,5
19/03/2025,ALMD.TA,32.2322699,6
20/03/2025,ALMD.TA,32.51366237,7
21/03/2025,ALMD.TA,32.21276484,8
22/03/2025,ALMD.TA,30.81522053,9
23/03/2025,ALMD.TA,30.88044014,10
24/03/2025,ALMD.TA,29.90976907,11
25/03/2025,ALMD.TA,29.97307231,12
26/03/2025,ALMD.TA,34.11881197,13
27/03/2025,ALMD.TA,36.25739248,14
28/03/2025,ALMD.TA,35.90393634,15
29/03/2025,ALMD.TA,35.4322343,16
30/03/2025,ALMD.TA,35.71423347,17
31/03/2025,ALMD.TA,35.71207996,18
01/04/2025,ALMD.TA,35.73714074,19
02/04/2025,ALMD.TA,34.59156304,20
03/04/2025,ALMD.TA,34.75395368,21
04/04/2025,ALMD.TA,34.83413129,22
05/04/2025,ALMD.TA,33.15106887,23
06/04/2025,ALMD.TA,34.26541046,24
07/04/2025,ALMD.TA,34.07658402,25
08/04/2025,ALMD.TA,33.64786523,26
09/04/2025,ALMD.TA,33.86699362,27
10/04/2025,ALMD.TA,30.72948712,28
11/04/2025,ALMD.TA,30.77806853,29
12/04/2025,ALMD.TA,29.29098076,30
14/03/2025,ALLT.TA,1946.298181,1
15/03/2025,ALLT.TA,2068.30188,2
16/03/2025,ALLT.TA,2056.673557,3
17/03/2025,ALLT.TA,1848.733898,4
18/03/2025,ALLT.TA,1787.926825,5
19/03/2025,ALLT.TA,1831.547116,6
20/03/2025,ALLT.TA,1848.891304,7
21/03/2025,ALLT.TA,1958.802602,8
22/03/2025,ALLT.TA,2069.616617,9
23/03/2025,ALLT.TA,1961.291594,10
24/03/2025,ALLT.TA,1927.939222,11
25/03/2025,ALLT.TA,1788.563231,12
26/03/2025,ALLT.TA,1834.52657,13
27/03/2025,ALLT.TA,1887.331625,14
28/03/2025,ALLT.TA,1736.266768,15
29/03/2025,ALLT.TA,1726.912931,16
30/03/2025,ALLT.TA,1758.316302,17
31/03/2025,ALLT.TA,1773.362713,18
01/04/2025,ALLT.TA,1680.543803,19
02/04/2025,ALLT.TA,1741.335966,20
03/04/2025,ALLT.TA,1664.262757,21
04/04/2025,ALLT.TA,1495.99773,22
05/04/2025,ALLT.TA,1550.601858,23
06/04/2025,ALLT.TA,1506.327903,24
07/04/2025,ALLT.TA,1499.513967,25
08/04/2025,ALLT.TA,1466.346044,26
09/04/2025,ALLT.TA,1480.23189,27
10/04/2025,ALLT.TA,1490.412459,28
11/04/2025,ALLT.TA,1441.391008,29
12/04/2025,ALLT.TA,1541.746918,30
14/03/2025,ALMY.TA,917.8559506,1
15/03/2025,ALMY.TA,1120.988522,2
16/03/2025,ALMY.TA,1064.012195,3
17/03/2025,ALMY.TA,1063.873704,4
18/03/2025,ALMY.TA,1083.086664,5
19/03/2025,ALMY.TA,1077.38748,6
20/03/2025,ALMY.TA,1115.094919,7
21/03/2025,ALMY.TA,1075.862763,8
22/03/2025,ALMY.TA,1086.602725,9
23/03/2025,ALMY.TA,1043.761192,10
24/03/2025,ALMY.TA,1035.0268,11
25/03/2025,ALMY.TA,998.611664,12
26/03/2025,ALMY.TA,314.1075662,13
27/03/2025,ALMY.TA,319.1984069,14
28/03/2025,ALMY.TA,334.6727285,15
29/03/2025,ALMY.TA,307.3071277,16
30/03/2025,ALMY.TA,7398.011534,17
31/03/2025,ALMY.TA,-95802.24795,18
01/04/2025,ALMY.TA,-94981.1945,19
02/04/2025,ALMY.TA,-94980.79489,20
03/04/2025,ALMY.TA,-97245.78668,21
04/04/2025,ALMY.TA,-98821.8799,22
05/04/2025,ALMY.TA,-98872.03615,23
06/04/2025,ALMY.TA,-94323.83566,24
07/04/2025,ALMY.TA,-112183.2505,25
08/04/2025,ALMY.TA,-83101.0657,26
09/04/2025,ALMY.TA,-89061.6295,27
10/04/2025,ALMY.TA,-28013.82428,28
11/04/2025,ALMY.TA,-27870.88728,29
12/04/2025,ALMY.TA,-27861.26689,30
07/03/2025,AMDA.TA,158.6006117,1
08/03/2025,AMDA.TA,156.7893566,2
09/03/2025,AMDA.TA,154.5024956,3
10/03/2025,AMDA.TA,155.0723304,4
11/03/2025,AMDA.TA,148.4524642,5
12/03/2025,AMDA.TA,147.9760147,6
13/03/2025,AMDA.TA,140.6887273,7
14/03/2025,AMDA.TA,153.2381475,8
15/03/2025,AMDA.TA,161.3880284,9
16/03/2025,AMDA.TA,155.8236078,10
17/03/2025,AMDA.TA,164.4207014,11
18/03/2025,AMDA.TA,157.0487323,12
19/03/2025,AMDA.TA,158.3327912,13
20/03/2025,AMDA.TA,156.4654717,14
21/03/2025,AMDA.TA,155.1256608,15
22/03/2025,AMDA.TA,151.0827833,16
23/03/2025,AMDA.TA,160.4307206,17
24/03/2025,AMDA.TA,161.0360265,18
25/03/2025,AMDA.TA,175.2433002,19
26/03/2025,AMDA.TA,186.0861199,20
27/03/2025,AMDA.TA,186.7882238,21
28/03/2025,AMDA.TA,196.6613805,22
29/03/2025,AMDA.TA,186.9765136,23
30/03/2025,AMDA.TA,181.0168855,24
31/03/2025,AMDA.TA,204.8508805,25
01/04/2025,AMDA.TA,205.1512219,26
02/04/2025,AMDA.TA,191.8433689,27
03/04/2025,AMDA.TA,189.652474,28
04/04/2025,AMDA.TA,178.622678,29
05/04/2025,AMDA.TA,179.2966223,30
14/03/2025,ALMA.TA,870.2241612,1
15/03/2025,ALMA.TA,874.8169807,2
16/03/2025,ALMA.TA,886.0303631,3
17/03/2025,ALMA.TA,898.5284737,4
18/03/2025,ALMA.TA,899.3180367,5
19/03/2025,ALMA.TA,890.1018487,6
20/03/2025,ALMA.TA,884.5284243,7
21/03/2025,ALMA.TA,890.0755156,8
22/03/2025,ALMA.TA,883.0921974,9
23/03/2025,ALMA.TA,874.0422914,10
24/03/2025,ALMA.TA,872.7044086,11
25/03/2025,ALMA.TA,874.2040674,12
26/03/2025,ALMA.TA,878.1835184,13
27/03/2025,ALMA.TA,871.3245089,14
28/03/2025,ALMA.TA,898.9083757,15
29/03/2025,ALMA.TA,900.9130428,16
30/03/2025,ALMA.TA,902.4611754,17
31/03/2025,ALMA.TA,911.0377914,18
01/04/2025,ALMA.TA,909.6432801,19
02/04/2025,ALMA.TA,880.8731906,20
03/04/2025,ALMA.TA,879.982988,21
04/04/2025,ALMA.TA,904.0787053,22
05/04/2025,ALMA.TA,908.8957639,23
06/04/2025,ALMA.TA,911.668718,24
07/04/2025,ALMA.TA,923.4449308,25
08/04/2025,ALMA.TA,922.2009769,26
09/04/2025,ALMA.TA,935.0075538,27
10/04/2025,ALMA.TA,927.2132709,28
11/04/2025,ALMA.TA,923.3445738,29
12/04/2025,ALMA.TA,914.7629174,30
14/03/2025,ALHE.TA,3197.488167,1
15/03/2025,ALHE.TA,3199.33255,2
16/03/2025,ALHE.TA,3090.603529,3
17/03/2025,ALHE.TA,3003.170239,4
18/03/2025,ALHE.TA,2945.578633,5
19/03/2025,ALHE.TA,2993.978451,6
20/03/2025,ALHE.TA,2941.808704,7
21/03/2025,ALHE.TA,2882.99547,8
22/03/2025,ALHE.TA,2861.291504,9
23/03/2025,ALHE.TA,2846.089151,10
24/03/2025,ALHE.TA,2839.074054,11
25/03/2025,ALHE.TA,2787.483253,12
26/03/2025,ALHE.TA,2814.230703,13
27/03/2025,ALHE.TA,2770.183374,14
28/03/2025,ALHE.TA,2730.338534,15
29/03/2025,ALHE.TA,2723.608742,16
30/03/2025,ALHE.TA,2703.104682,17
31/03/2025,ALHE.TA,2710.968765,18
01/04/2025,ALHE.TA,2742.011583,19
02/04/2025,ALHE.TA,2696.860912,20
03/04/2025,ALHE.TA,2731.862629,21
04/04/2025,ALHE.TA,2677.24668,22
05/04/2025,ALHE.TA,2663.022177,23
06/04/2025,ALHE.TA,2663.567404,24
07/04/2025,ALHE.TA,2678.278023,25
08/04/2025,ALHE.TA,2719.592763,26
09/04/2025,ALHE.TA,2718.756083,27
10/04/2025,ALHE.TA,2702.673673,28
11/04/2025,ALHE.TA,2640.899442,29
12/04/2025,ALHE.TA,2634.390101,30
14/03/2025,ALRPR.TA,18813.25722,1
15/03/2025,ALRPR.TA,19045.93151,2
16/03/2025,ALRPR.TA,18960.21914,3
17/03/2025,ALRPR.TA,19014.60885,4
18/03/2025,ALRPR.TA,19141.06112,5
19/03/2025,ALRPR.TA,19176.67523,6
20/03/2025,ALRPR.TA,19665.38043,7
21/03/2025,ALRPR.TA,19712.30766,8
22/03/2025,ALRPR.TA,19601.85409,9
23/03/2025,ALRPR.TA,19458.45997,10
24/03/2025,ALRPR.TA,19559.44054,11
25/03/2025,ALRPR.TA,19690.03738,12
26/03/2025,ALRPR.TA,19909.36262,13
27/03/2025,ALRPR.TA,20041.76525,14
28/03/2025,ALRPR.TA,20035.68088,15
29/03/2025,ALRPR.TA,19923.41536,16
30/03/2025,ALRPR.TA,19961.65869,17
31/03/2025,ALRPR.TA,20092.23974,18
01/04/2025,ALRPR.TA,20106.50904,19
02/04/2025,ALRPR.TA,20164.18703,20
03/04/2025,ALRPR.TA,20198.24385,21
04/04/2025,ALRPR.TA,20246.44264,22
05/04/2025,ALRPR.TA,20500.3872,23
06/04/2025,ALRPR.TA,20741.16023,24
07/04/2025,ALRPR.TA,20482.15049,25
08/04/2025,ALRPR.TA,20417.23766,26
09/04/2025,ALRPR.TA,20720.21097,27
10/04/2025,ALRPR.TA,20769.65532,28
11/04/2025,ALRPR.TA,20819.21766,29
12/04/2025,ALRPR.TA,20990.02213,30
14/03/2025,ALUMA.TA,38.90534829,1
15/03/2025,ALUMA.TA,39.01833577,2
16/03/2025,ALUMA.TA,37.44620765,3
17/03/2025,ALUMA.TA,38.778783,4
18/03/2025,ALUMA.TA,42.59914465,5
19/03/2025,ALUMA.TA,44.04683659,6
20/03/2025,ALUMA.TA,44.49292895,7
21/03/2025,ALUMA.TA,43.10385815,8
22/03/2025,ALUMA.TA,44.63776885,9
23/03/2025,ALUMA.TA,49.44881322,10
24/03/2025,ALUMA.TA,50.29617512,11
25/03/2025,ALUMA.TA,49.59587458,12
26/03/2025,ALUMA.TA,48.3345762,13
27/03/2025,ALUMA.TA,49.9771814,14
28/03/2025,ALUMA.TA,50.48333441,15
29/03/2025,ALUMA.TA,47.00171972,16
30/03/2025,ALUMA.TA,46.28820603,17
31/03/2025,ALUMA.TA,44.84308662,18
01/04/2025,ALUMA.TA,43.1227499,19
02/04/2025,ALUMA.TA,43.68213985,20
03/04/2025,ALUMA.TA,41.75845547,21
04/04/2025,ALUMA.TA,36.59557309,22
05/04/2025,ALUMA.TA,36.8358519,23
06/04/2025,ALUMA.TA,37.08289517,24
07/04/2025,ALUMA.TA,35.44982988,25
08/04/2025,ALUMA.TA,38.11902687,26
09/04/2025,ALUMA.TA,39.26931428,27
10/04/2025,ALUMA.TA,38.74251642,28
11/04/2025,ALUMA.TA,45.0251617,29
12/04/2025,ALUMA.TA,48.41533385,30
14/03/2025,AMAN.TA,1798.996732,1
15/03/2025,AMAN.TA,1787.250498,2
16/03/2025,AMAN.TA,1792.390304,3
17/03/2025,AMAN.TA,1825.616489,4
18/03/2025,AMAN.TA,1895.345574,5
19/03/2025,AMAN.TA,1905.534062,6
20/03/2025,AMAN.TA,1875.941539,7
21/03/2025,AMAN.TA,1871.363981,8
22/03/2025,AMAN.TA,1783.300353,9
23/03/2025,AMAN.TA,1787.649758,10
24/03/2025,AMAN.TA,1828.717831,11
25/03/2025,AMAN.TA,1802.528691,12
26/03/2025,AMAN.TA,1816.511542,13
27/03/2025,AMAN.TA,1769.226108,14
28/03/2025,AMAN.TA,1767.389475,15
29/03/2025,AMAN.TA,1776.890131,16
30/03/2025,AMAN.TA,1814.334596,17
31/03/2025,AMAN.TA,1816.903941,18
01/04/2025,AMAN.TA,1815.429281,19
02/04/2025,AMAN.TA,1815.12431,20
03/04/2025,AMAN.TA,1785.716192,21
04/04/2025,AMAN.TA,1790.287495,22
05/04/2025,AMAN.TA,1798.534371,23
06/04/2025,AMAN.TA,1804.773101,24
07/04/2025,AMAN.TA,1780.438987,25
08/04/2025,AMAN.TA,1827.189985,26
09/04/2025,AMAN.TA,1827.415355,27
10/04/2025,AMAN.TA,1827.514379,28
11/04/2025,AMAN.TA,1853.199042,29
12/04/2025,AMAN.TA,1824.419271,30
14/03/2025,AMD.TA,889.7030244,1
15/03/2025,AMD.TA,890.0114452,2
16/03/2025,AMD.TA,896.6345741,3
17/03/2025,AMD.TA,910.1717888,4
18/03/2025,AMD.TA,904.1610335,5
19/03/2025,AMD.TA,918.9036711,6
20/03/2025,AMD.TA,927.5298593,7
21/03/2025,AMD.TA,926.3303589,8
22/03/2025,AMD.TA,925.9028343,9
23/03/2025,AMD.TA,932.7930534,10
24/03/2025,AMD.TA,950.8356752,11
25/03/2025,AMD.TA,944.5563765,12
26/03/2025,AMD.TA,950.5844994,13
27/03/2025,AMD.TA,949.3551843,14
28/03/2025,AMD.TA,952.8552282,15
29/03/2025,AMD.TA,953.403653,16
30/03/2025,AMD.TA,971.8449369,17
31/03/2025,AMD.TA,978.4900937,18
01/04/2025,AMD.TA,986.424065,19
02/04/2025,AMD.TA,995.8544509,20
03/04/2025,AMD.TA,989.2778491,21
04/04/2025,AMD.TA,982.2124633,22
05/04/2025,AMD.TA,976.9561984,23
06/04/2025,AMD.TA,968.9458029,24
07/04/2025,AMD.TA,948.6458002,25
08/04/2025,AMD.TA,950.0823494,26
09/04/2025,AMD.TA,976.6558131,27
10/04/2025,AMD.TA,985.9928128,28
11/04/2025,AMD.TA,998.5081315,29
12/04/2025,AMD.TA,1017.604422,30
14/03/2025,AMRK.TA,3238.144105,1
15/03/2025,AMRK.TA,3201.639698,2
16/03/2025,AMRK.TA,3262.612679,3
17/03/2025,AMRK.TA,3270.684425,4
18/03/2025,AMRK.TA,3283.368924,5
19/03/2025,AMRK.TA,3308.211414,6
20/03/2025,AMRK.TA,3361.40645,7
21/03/2025,AMRK.TA,3348.429736,8
22/03/2025,AMRK.TA,3367.88541,9
23/03/2025,AMRK.TA,3360.321306,10
24/03/2025,AMRK.TA,3425.358924,11
25/03/2025,AMRK.TA,3480.9363,12
26/03/2025,AMRK.TA,3489.548182,13
27/03/2025,AMRK.TA,3556.734683,14
28/03/2025,AMRK.TA,3535.058686,15
29/03/2025,AMRK.TA,3527.988692,16
30/03/2025,AMRK.TA,3491.542365,17
31/03/2025,AMRK.TA,3407.962994,18
01/04/2025,AMRK.TA,3394.619247,19
02/04/2025,AMRK.TA,3367.464474,20
03/04/2025,AMRK.TA,3337.250625,21
04/04/2025,AMRK.TA,3400.806221,22
05/04/2025,AMRK.TA,3394.004728,23
06/04/2025,AMRK.TA,3453.413037,24
07/04/2025,AMRK.TA,3519.903805,25
08/04/2025,AMRK.TA,3430.813957,26
09/04/2025,AMRK.TA,3466.805593,27
10/04/2025,AMRK.TA,3507.964056,28
11/04/2025,AMRK.TA,3623.694047,29
12/04/2025,AMRK.TA,3654.405813,30
14/03/2025,AMOT.TA,1883.040421,1
15/03/2025,AMOT.TA,1896.69663,2
16/03/2025,AMOT.TA,1882.140394,3
17/03/2025,AMOT.TA,1842.617241,4
18/03/2025,AMOT.TA,1919.616613,5
19/03/2025,AMOT.TA,1935.307226,6
20/03/2025,AMOT.TA,1952.765219,7
21/03/2025,AMOT.TA,1992.012638,8
22/03/2025,AMOT.TA,1951.940409,9
23/03/2025,AMOT.TA,1908.570722,10
24/03/2025,AMOT.TA,1897.18564,11
25/03/2025,AMOT.TA,1879.202785,12
26/03/2025,AMOT.TA,1919.540578,13
27/03/2025,AMOT.TA,1911.138539,14
28/03/2025,AMOT.TA,1924.998522,15
29/03/2025,AMOT.TA,1973.836843,16
30/03/2025,AMOT.TA,2023.914222,17
31/03/2025,AMOT.TA,2113.175072,18
01/04/2025,AMOT.TA,2116.579163,19
02/04/2025,AMOT.TA,2072.080428,20
03/04/2025,AMOT.TA,2056.338709,21
04/04/2025,AMOT.TA,2078.011165,22
05/04/2025,AMOT.TA,2061.723183,23
06/04/2025,AMOT.TA,2042.312637,24
07/04/2025,AMOT.TA,2053.136004,25
08/04/2025,AMOT.TA,2041.267345,26
09/04/2025,AMOT.TA,2022.207349,27
10/04/2025,AMOT.TA,2031.17312,28
11/04/2025,AMOT.TA,2065.611384,29
12/04/2025,AMOT.TA,2066.21815,30
14/03/2025,AMRM.TA,3282.962613,1
15/03/2025,AMRM.TA,3273.165548,2
16/03/2025,AMRM.TA,3281.758958,3
17/03/2025,AMRM.TA,3284.669315,4
18/03/2025,AMRM.TA,3276.774783,5
19/03/2025,AMRM.TA,3268.899225,6
20/03/2025,AMRM.TA,3266.565549,7
21/03/2025,AMRM.TA,3262.599698,8
22/03/2025,AMRM.TA,3269.074081,9
23/03/2025,AMRM.TA,3265.105185,10
24/03/2025,AMRM.TA,3261.211976,11
25/03/2025,AMRM.TA,3266.120216,12
26/03/2025,AMRM.TA,3259.527808,13
27/03/2025,AMRM.TA,3264.566724,14
28/03/2025,AMRM.TA,3259.726227,15
29/03/2025,AMRM.TA,3264.632231,16
30/03/2025,AMRM.TA,3260.668727,17
31/03/2025,AMRM.TA,3254.087322,18
01/04/2025,AMRM.TA,3262.630644,19
02/04/2025,AMRM.TA,3271.196396,20
03/04/2025,AMRM.TA,3277.687839,21
04/04/2025,AMRM.TA,3284.192164,22
05/04/2025,AMRM.TA,3276.249769,23
06/04/2025,AMRM.TA,3279.155241,24
07/04/2025,AMRM.TA,3282.063289,25
08/04/2025,AMRM.TA,3284.973917,26
09/04/2025,AMRM.TA,3280.985717,27
10/04/2025,AMRM.TA,3277.207483,28
11/04/2025,AMRM.TA,3269.784825,29
12/04/2025,AMRM.TA,3288.162975,30
14/03/2025,ANGL.TA,3395.53553,1
15/03/2025,ANGL.TA,3451.916136,2
16/03/2025,ANGL.TA,3379.335996,3
17/03/2025,ANGL.TA,3413.87901,4
18/03/2025,ANGL.TA,3388.1007,5
19/03/2025,ANGL.TA,3387.980883,6
20/03/2025,ANGL.TA,3310.741144,7
21/03/2025,ANGL.TA,3272.403979,8
22/03/2025,ANGL.TA,3241.186937,9
23/03/2025,ANGL.TA,3234.734905,10
24/03/2025,ANGL.TA,3158.932494,11
25/03/2025,ANGL.TA,3212.650176,12
26/03/2025,ANGL.TA,3264.168694,13
27/03/2025,ANGL.TA,3320.137758,14
28/03/2025,ANGL.TA,3356.995621,15
29/03/2025,ANGL.TA,3357.379495,16
30/03/2025,ANGL.TA,3356.014997,17
31/03/2025,ANGL.TA,3335.206123,18
01/04/2025,ANGL.TA,3214.838798,19
02/04/2025,ANGL.TA,3409.346741,20
03/04/2025,ANGL.TA,3405.770784,21
04/04/2025,ANGL.TA,3444.111735,22
05/04/2025,ANGL.TA,3440.499314,23
06/04/2025,ANGL.TA,3433.888528,24
07/04/2025,ANGL.TA,3412.596801,25
08/04/2025,ANGL.TA,3619.069731,26
09/04/2025,ANGL.TA,3540.564434,27
10/04/2025,ANGL.TA,3533.516449,28
11/04/2025,ANGL.TA,3390.653894,29
12/04/2025,ANGL.TA,3388.025447,30
14/03/2025,APLP.TA,310.6782755,1
15/03/2025,APLP.TA,282.2236087,2
16/03/2025,APLP.TA,310.2627643,3
17/03/2025,APLP.TA,319.4033684,4
18/03/2025,APLP.TA,321.6082154,5
19/03/2025,APLP.TA,338.1899992,6
20/03/2025,APLP.TA,343.6108681,7
21/03/2025,APLP.TA,356.9681176,8
22/03/2025,APLP.TA,391.2161451,9
23/03/2025,APLP.TA,413.5534122,10
24/03/2025,APLP.TA,397.7379895,11
25/03/2025,APLP.TA,395.9092517,12
26/03/2025,APLP.TA,374.0755006,13
27/03/2025,APLP.TA,352.1339871,14
28/03/2025,APLP.TA,362.9981853,15
29/03/2025,APLP.TA,334.5610029,16
30/03/2025,APLP.TA,331.7572072,17
31/03/2025,APLP.TA,308.2460606,18
01/04/2025,APLP.TA,327.4544439,19
02/04/2025,APLP.TA,309.3958641,20
03/04/2025,APLP.TA,298.2977794,21
04/04/2025,APLP.TA,284.8305394,22
05/04/2025,APLP.TA,282.8505579,23
06/04/2025,APLP.TA,281.9022229,24
07/04/2025,APLP.TA,290.9453751,25
08/04/2025,APLP.TA,288.5071011,26
09/04/2025,APLP.TA,282.0999668,27
10/04/2025,APLP.TA,284.765353,28
11/04/2025,APLP.TA,280.3481479,29
12/04/2025,APLP.TA,297.35963,30
14/03/2025,AQUA.TA,238.0533588,1
15/03/2025,AQUA.TA,264.9054304,2
16/03/2025,AQUA.TA,179.147956,3
17/03/2025,AQUA.TA,177.5571442,4
18/03/2025,AQUA.TA,264.2291797,5
19/03/2025,AQUA.TA,286.3279253,6
20/03/2025,AQUA.TA,365.8485194,7
21/03/2025,AQUA.TA,434.9822268,8
22/03/2025,AQUA.TA,402.5720403,9
23/03/2025,AQUA.TA,612.3202107,10
24/03/2025,AQUA.TA,971.717657,11
25/03/2025,AQUA.TA,2124.844237,12
26/03/2025,AQUA.TA,1758.159027,13
27/03/2025,AQUA.TA,2015.939333,14
28/03/2025,AQUA.TA,1857.894292,15
29/03/2025,AQUA.TA,1256.440702,16
30/03/2025,AQUA.TA,1440.659343,17
31/03/2025,AQUA.TA,-56785.92461,18
01/04/2025,AQUA.TA,-46692.80417,19
02/04/2025,AQUA.TA,-39392.219,20
03/04/2025,AQUA.TA,-39912.90668,21
04/04/2025,AQUA.TA,-29618.75954,22
05/04/2025,AQUA.TA,-16874.4433,23
06/04/2025,AQUA.TA,-18876.38364,24
07/04/2025,AQUA.TA,-17396.51826,25
08/04/2025,AQUA.TA,-31502.54892,26
09/04/2025,AQUA.TA,-10082.98696,27
10/04/2025,AQUA.TA,-9489.081173,28
11/04/2025,AQUA.TA,-7862.271431,29
12/04/2025,AQUA.TA,-8519.830665,30
14/03/2025,ARD.TA,4896.986662,1
15/03/2025,ARD.TA,4919.986225,2
16/03/2025,ARD.TA,4984.088792,3
17/03/2025,ARD.TA,4962.241057,4
18/03/2025,ARD.TA,5081.240001,5
19/03/2025,ARD.TA,5044.613379,6
20/03/2025,ARD.TA,5054.998202,7
21/03/2025,ARD.TA,5036.454786,8
22/03/2025,ARD.TA,5157.233441,9
23/03/2025,ARD.TA,4988.661992,10
24/03/2025,ARD.TA,5043.029334,11
25/03/2025,ARD.TA,5031.422,12
26/03/2025,ARD.TA,5154.761328,13
27/03/2025,ARD.TA,5135.961246,14
28/03/2025,ARD.TA,5207.804136,15
29/03/2025,ARD.TA,5140.893315,16
30/03/2025,ARD.TA,5132.385516,17
31/03/2025,ARD.TA,5171.315089,18
01/04/2025,ARD.TA,5226.87416,19
02/04/2025,ARD.TA,5270.710797,20
03/04/2025,ARD.TA,5228.788064,21
04/04/2025,ARD.TA,5149.456172,22
05/04/2025,ARD.TA,5038.109727,23
06/04/2025,ARD.TA,5080.363238,24
07/04/2025,ARD.TA,5092.073167,25
08/04/2025,ARD.TA,5084.508977,26
09/04/2025,ARD.TA,5009.100875,27
10/04/2025,ARD.TA,5056.5115,28
11/04/2025,ARD.TA,5027.599054,29
12/04/2025,ARD.TA,4934.540192,30
14/03/2025,ARAD.TA,1276.470574,1
15/03/2025,ARAD.TA,1333.998491,2
16/03/2025,ARAD.TA,1320.216672,3
17/03/2025,ARAD.TA,1214.477612,4
18/03/2025,ARAD.TA,716.0799805,5
19/03/2025,ARAD.TA,725.3708,6
20/03/2025,ARAD.TA,733.2165556,7
21/03/2025,ARAD.TA,717.4633485,8
22/03/2025,ARAD.TA,712.852655,9
23/03/2025,ARAD.TA,707.8357174,10
24/03/2025,ARAD.TA,705.8290425,11
25/03/2025,ARAD.TA,690.5290072,12
26/03/2025,ARAD.TA,708.2151935,13
27/03/2025,ARAD.TA,703.0118388,14
28/03/2025,ARAD.TA,730.2555593,15
29/03/2025,ARAD.TA,720.7450827,16
30/03/2025,ARAD.TA,707.9723747,17
31/03/2025,ARAD.TA,728.8300795,18
01/04/2025,ARAD.TA,709.2464431,19
02/04/2025,ARAD.TA,708.9803577,20
03/04/2025,ARAD.TA,676.320245,21
04/04/2025,ARAD.TA,692.8576394,22
05/04/2025,ARAD.TA,712.3472445,23
06/04/2025,ARAD.TA,716.6477109,24
07/04/2025,ARAD.TA,673.1942259,25
08/04/2025,ARAD.TA,647.7631012,26
09/04/2025,ARAD.TA,660.1966275,27
10/04/2025,ARAD.TA,687.784238,28
11/04/2025,ARAD.TA,643.5740599,29
12/04/2025,ARAD.TA,657.5244954,30
14/03/2025,ARAN.TA,2016.49913,1
15/03/2025,ARAN.TA,2041.05118,2
16/03/2025,ARAN.TA,2017.651134,3
17/03/2025,ARAN.TA,2015.712756,4
18/03/2025,ARAN.TA,1969.036948,5
19/03/2025,ARAN.TA,1960.093789,6
20/03/2025,ARAN.TA,1971.538473,7
21/03/2025,ARAN.TA,1879.255538,8
22/03/2025,ARAN.TA,1913.346957,9
23/03/2025,ARAN.TA,1907.649526,10
24/03/2025,ARAN.TA,1907.175365,11
25/03/2025,ARAN.TA,1898.513175,12
26/03/2025,ARAN.TA,1888.965864,13
27/03/2025,ARAN.TA,1888.868476,14
28/03/2025,ARAN.TA,1877.154256,15
29/03/2025,ARAN.TA,1866.559217,16
30/03/2025,ARAN.TA,1804.791305,17
31/03/2025,ARAN.TA,1837.531874,18
01/04/2025,ARAN.TA,1854.805433,19
02/04/2025,ARAN.TA,1845.223294,20
03/04/2025,ARAN.TA,1865.553027,21
04/04/2025,ARAN.TA,1866.65079,22
05/04/2025,ARAN.TA,1923.745784,23
06/04/2025,ARAN.TA,1928.534373,24
07/04/2025,ARAN.TA,1981.024195,25
08/04/2025,ARAN.TA,2006.603159,26
09/04/2025,ARAN.TA,1997.365715,27
10/04/2025,ARAN.TA,1931.269173,28
11/04/2025,ARAN.TA,1921.557137,29
12/04/2025,ARAN.TA,1910.71148,30
14/03/2025,ARBE.TA,813.3592893,1
15/03/2025,ARBE.TA,815.8296153,2
16/03/2025,ARBE.TA,808.6462213,3
17/03/2025,ARBE.TA,785.6501468,4
18/03/2025,ARBE.TA,772.4691472,5
19/03/2025,ARBE.TA,760.2450443,6
20/03/2025,ARBE.TA,761.270704,7
21/03/2025,ARBE.TA,755.3656814,8
22/03/2025,ARBE.TA,747.9922393,9
23/03/2025,ARBE.TA,743.548524,10
24/03/2025,ARBE.TA,743.4707446,11
25/03/2025,ARBE.TA,745.8108918,12
26/03/2025,ARBE.TA,745.7328758,13
27/03/2025,ARBE.TA,733.9318668,14
28/03/2025,ARBE.TA,732.7317806,15
29/03/2025,ARBE.TA,723.8293992,16
30/03/2025,ARBE.TA,722.7268364,17
31/03/2025,ARBE.TA,725.0016901,18
01/04/2025,ARBE.TA,712.838201,19
02/04/2025,ARBE.TA,711.7523803,20
03/04/2025,ARBE.TA,710.6682137,21
04/04/2025,ARBE.TA,690.4584126,22
05/04/2025,ARBE.TA,690.3861868,23
06/04/2025,ARBE.TA,679.4610233,24
07/04/2025,ARBE.TA,660.1386844,25
08/04/2025,ARBE.TA,654.3261518,26
09/04/2025,ARBE.TA,654.2577056,27
10/04/2025,ARBE.TA,652.3409592,28
11/04/2025,ARBE.TA,654.3942664,29
12/04/2025,ARBE.TA,654.3258131,30
14/03/2025,ARGO.TA,10558.64456,1
15/03/2025,ARGO.TA,9869.386993,2
16/03/2025,ARGO.TA,10421.61331,3
17/03/2025,ARGO.TA,10682.16625,4
18/03/2025,ARGO.TA,10952.50326,5
19/03/2025,ARGO.TA,11063.36254,6
20/03/2025,ARGO.TA,10960.7753,7
21/03/2025,ARGO.TA,10686.90993,8
22/03/2025,ARGO.TA,10443.7695,9
23/03/2025,ARGO.TA,10608.67337,10
24/03/2025,ARGO.TA,10718.28248,11
25/03/2025,ARGO.TA,10829.02408,12
26/03/2025,ARGO.TA,10558.45065,13
27/03/2025,ARGO.TA,10645.25873,14
28/03/2025,ARGO.TA,11141.00699,15
29/03/2025,ARGO.TA,11522.55243,16
30/03/2025,ARGO.TA,11414.65733,17
31/03/2025,ARGO.TA,12007.57905,18
01/04/2025,ARGO.TA,11569.51355,19
02/04/2025,ARGO.TA,11660.21341,20
03/04/2025,ARGO.TA,11495.14336,21
04/04/2025,ARGO.TA,12131.91412,22
05/04/2025,ARGO.TA,11970.35335,23
06/04/2025,ARGO.TA,11656.1353,24
07/04/2025,ARGO.TA,12056.72062,25
08/04/2025,ARGO.TA,11487.01165,26
09/04/2025,ARGO.TA,10737.15122,27
10/04/2025,ARGO.TA,10284.92028,28
11/04/2025,ARGO.TA,10542.05573,29
12/04/2025,ARGO.TA,10590.04289,30
14/03/2025,ARIN.TA,244.9915069,1
15/03/2025,ARIN.TA,236.7192199,2
16/03/2025,ARIN.TA,237.7962612,3
17/03/2025,ARIN.TA,234.5653677,4
18/03/2025,ARIN.TA,230.5559371,5
19/03/2025,ARIN.TA,229.8471455,6
20/03/2025,ARIN.TA,230.6388139,7
21/03/2025,ARIN.TA,227.9179434,8
22/03/2025,ARIN.TA,227.1295729,9
23/03/2025,ARIN.TA,227.5075697,10
24/03/2025,ARIN.TA,230.0028868,11
25/03/2025,ARIN.TA,228.9957745,12
26/03/2025,ARIN.TA,229.8228335,13
27/03/2025,ARIN.TA,228.8165096,14
28/03/2025,ARIN.TA,202.7181623,15
29/03/2025,ARIN.TA,199.2530966,16
30/03/2025,ARIN.TA,201.970869,17
31/03/2025,ARIN.TA,201.7371367,18
01/04/2025,ARIN.TA,201.1169419,19
02/04/2025,ARIN.TA,197.6596134,20
03/04/2025,ARIN.TA,191.6916486,21
04/04/2025,ARIN.TA,193.1159111,22
05/04/2025,ARIN.TA,191.6716141,23
06/04/2025,ARIN.TA,191.0086201,24
07/04/2025,ARIN.TA,191.8109468,25
08/04/2025,ARIN.TA,188.7076433,26
09/04/2025,ARIN.TA,188.0031713,27
10/04/2025,ARIN.TA,188.7928737,28
11/04/2025,ARIN.TA,182.6587719,29
12/04/2025,ARIN.TA,185.5441333,30
14/03/2025,ARYT.TA,986.0824846,1
15/03/2025,ARYT.TA,936.125398,2
16/03/2025,ARYT.TA,949.1952239,3
17/03/2025,ARYT.TA,934.9666928,4
18/03/2025,ARYT.TA,999.6948266,5
19/03/2025,ARYT.TA,1065.012744,6
20/03/2025,ARYT.TA,1104.111106,7
21/03/2025,ARYT.TA,1089.390701,8
22/03/2025,ARYT.TA,1119.199718,9
23/03/2025,ARYT.TA,995.8679063,10
24/03/2025,ARYT.TA,1064.812257,11
25/03/2025,ARYT.TA,1047.670181,12
26/03/2025,ARYT.TA,1073.253734,13
27/03/2025,ARYT.TA,1091.061449,14
28/03/2025,ARYT.TA,1076.515027,15
29/03/2025,ARYT.TA,1036.198144,16
30/03/2025,ARYT.TA,1001.752392,17
31/03/2025,ARYT.TA,963.5143587,18
01/04/2025,ARYT.TA,975.0921047,19
02/04/2025,ARYT.TA,995.6162817,20
03/04/2025,ARYT.TA,930.7962951,21
04/04/2025,ARYT.TA,929.9215838,22
05/04/2025,ARYT.TA,932.5003097,23
06/04/2025,ARYT.TA,914.5257621,24
07/04/2025,ARYT.TA,902.3329771,25
08/04/2025,ARYT.TA,836.5714362,26
09/04/2025,ARYT.TA,859.3436773,27
10/04/2025,ARYT.TA,815.8074547,28
11/04/2025,ARYT.TA,837.9192889,29
12/04/2025,ARYT.TA,823.4400447,30
14/03/2025,ARF.TA,5981.086128,1
15/03/2025,ARF.TA,6009.054525,2
16/03/2025,ARF.TA,5992.722802,3
17/03/2025,ARF.TA,6020.745613,4
18/03/2025,ARF.TA,6001.499991,5
19/03/2025,ARF.TA,6049.042722,6
20/03/2025,ARF.TA,5991.878304,7
21/03/2025,ARF.TA,5961.021095,8
22/03/2025,ARF.TA,5939.250231,9
23/03/2025,ARF.TA,5923.108226,10
24/03/2025,ARF.TA,5939.204612,11
25/03/2025,ARF.TA,5920.219639,12
26/03/2025,ARF.TA,5959.417994,13
27/03/2025,ARF.TA,6050.225507,14
28/03/2025,ARF.TA,6037.530716,15
29/03/2025,ARF.TA,6085.358875,16
30/03/2025,ARF.TA,6065.906713,17
31/03/2025,ARF.TA,5961.588239,18
01/04/2025,ARF.TA,5899.243241,19
02/04/2025,ARF.TA,5856.60046,20
03/04/2025,ARF.TA,5861.779053,21
04/04/2025,ARF.TA,5866.962225,22
05/04/2025,ARF.TA,5846.455634,23
06/04/2025,ARF.TA,5821.78129,24
07/04/2025,ARF.TA,5820.763531,25
08/04/2025,ARF.TA,5777.324687,26
09/04/2025,ARF.TA,5782.433182,27
10/04/2025,ARF.TA,5762.274005,28
11/04/2025,ARF.TA,5750.183403,29
12/04/2025,ARF.TA,5798.529558,30
14/03/2025,ASHO.TA,4880.839525,1
15/03/2025,ASHO.TA,4968.839613,2
16/03/2025,ASHO.TA,4937.939987,3
17/03/2025,ASHO.TA,5269.407144,4
18/03/2025,ASHO.TA,5236.638385,5
19/03/2025,ASHO.TA,5024.214859,6
20/03/2025,ASHO.TA,4756.757356,7
21/03/2025,ASHO.TA,4775.132885,8
22/03/2025,ASHO.TA,4542.631049,9
23/03/2025,ASHO.TA,4513.711237,10
24/03/2025,ASHO.TA,4611.01608,11
25/03/2025,ASHO.TA,4701.734408,12
26/03/2025,ASHO.TA,4518.61177,13
27/03/2025,ASHO.TA,4326.529495,14
28/03/2025,ASHO.TA,4403.825506,15
29/03/2025,ASHO.TA,4169.393619,16
30/03/2025,ASHO.TA,4205.304376,17
31/03/2025,ASHO.TA,4237.778644,18
01/04/2025,ASHO.TA,4343.092623,19
02/04/2025,ASHO.TA,4295.518365,20
03/04/2025,ASHO.TA,4254.97877,21
04/04/2025,ASHO.TA,4089.256321,22
05/04/2025,ASHO.TA,4015.060869,23
06/04/2025,ASHO.TA,4078.0346,24
07/04/2025,ASHO.TA,4181.512743,25
08/04/2025,ASHO.TA,4219.483548,26
09/04/2025,ASHO.TA,4240.421975,27
10/04/2025,ASHO.TA,4335.430653,28
11/04/2025,ASHO.TA,4463.38815,29
12/04/2025,ASHO.TA,4763.000253,30
14/03/2025,ASHG.TA,5905.146384,1
15/03/2025,ASHG.TA,5918.435149,2
16/03/2025,ASHG.TA,5966.972672,3
17/03/2025,ASHG.TA,6017.561292,4
18/03/2025,ASHG.TA,6054.229657,5
19/03/2025,ASHG.TA,6082.553221,6
20/03/2025,ASHG.TA,6065.995648,7
21/03/2025,ASHG.TA,6019.882631,8
22/03/2025,ASHG.TA,6043.294333,9
23/03/2025,ASHG.TA,5962.252481,10
24/03/2025,ASHG.TA,5855.355889,11
25/03/2025,ASHG.TA,5909.396846,12
26/03/2025,ASHG.TA,5927.904068,13
27/03/2025,ASHG.TA,5916.856428,14
28/03/2025,ASHG.TA,5871.975292,15
29/03/2025,ASHG.TA,5855.990942,16
30/03/2025,ASHG.TA,5874.330906,17
31/03/2025,ASHG.TA,5858.340144,18
01/04/2025,ASHG.TA,6077.721076,19
02/04/2025,ASHG.TA,6070.681666,20
03/04/2025,ASHG.TA,5989.272545,21
04/04/2025,ASHG.TA,5870.943829,22
05/04/2025,ASHG.TA,5810.5564,23
06/04/2025,ASHG.TA,5691.939528,24
07/04/2025,ASHG.TA,5779.075626,25
08/04/2025,ASHG.TA,5735.239598,26
09/04/2025,ASHG.TA,5716.016552,27
10/04/2025,ASHG.TA,5753.759213,28
11/04/2025,ASHG.TA,5627.975776,29
12/04/2025,ASHG.TA,5728.070254,30
14/03/2025,ASGR.TA,704.19002,1
15/03/2025,ASGR.TA,691.2053774,2
16/03/2025,ASGR.TA,692.5298742,3
17/03/2025,ASGR.TA,696.1015986,4
18/03/2025,ASGR.TA,667.3993406,5
19/03/2025,ASGR.TA,687.9144858,6
20/03/2025,ASGR.TA,685.2647335,7
21/03/2025,ASGR.TA,706.0054002,8
22/03/2025,ASGR.TA,710.2413215,9
23/03/2025,ASGR.TA,707.5055692,10
24/03/2025,ASGR.TA,753.951465,11
25/03/2025,ASGR.TA,759.7123703,12
26/03/2025,ASGR.TA,765.5172944,13
27/03/2025,ASGR.TA,741.9216383,14
28/03/2025,ASGR.TA,724.9189014,15
29/03/2025,ASGR.TA,737.1374421,16
30/03/2025,ASGR.TA,733.0162171,17
31/03/2025,ASGR.TA,736.7967499,18
01/04/2025,ASGR.TA,738.2086095,19
02/04/2025,ASGR.TA,726.8020768,20
03/04/2025,ASGR.TA,709.7128502,21
04/04/2025,ASGR.TA,718.456205,22
05/04/2025,ASGR.TA,714.96951,23
06/04/2025,ASGR.TA,761.905394,24
07/04/2025,ASGR.TA,759.3634015,25
08/04/2025,ASGR.TA,753.9441213,26
09/04/2025,ASGR.TA,757.8325898,27
10/04/2025,ASGR.TA,774.4441934,28
11/04/2025,ASGR.TA,798.4174506,29
12/04/2025,ASGR.TA,799.7138884,30
14/03/2025,AUDC.TA,3621.26648,1
15/03/2025,AUDC.TA,3668.326819,2
16/03/2025,AUDC.TA,3657.985215,3
17/03/2025,AUDC.TA,3576.383318,4
18/03/2025,AUDC.TA,3495.714781,5
19/03/2025,AUDC.TA,3418.739909,6
20/03/2025,AUDC.TA,3321.761341,7
21/03/2025,AUDC.TA,3438.823231,8
22/03/2025,AUDC.TA,3406.297329,9
23/03/2025,AUDC.TA,3419.609997,10
24/03/2025,AUDC.TA,3388.429194,11
25/03/2025,AUDC.TA,3372.882256,12
26/03/2025,AUDC.TA,3437.210363,13
27/03/2025,AUDC.TA,3483.11642,14
28/03/2025,AUDC.TA,3442.82819,15
29/03/2025,AUDC.TA,3389.669044,16
30/03/2025,AUDC.TA,3389.525607,17
31/03/2025,AUDC.TA,3513.368282,18
01/04/2025,AUDC.TA,3476.519759,19
02/04/2025,AUDC.TA,3378.45772,20
03/04/2025,AUDC.TA,3377.301716,21
04/04/2025,AUDC.TA,3301.961274,22
05/04/2025,AUDC.TA,3341.289345,23
06/04/2025,AUDC.TA,3313.131748,24
07/04/2025,AUDC.TA,3269.763206,25
08/04/2025,AUDC.TA,3242.372951,26
09/04/2025,AUDC.TA,3206.140618,27
10/04/2025,AUDC.TA,3208.379771,28
11/04/2025,AUDC.TA,3128.299073,29
12/04/2025,AUDC.TA,3066.57228,30
14/03/2025,AUGN.TA,359.1899616,1
15/03/2025,AUGN.TA,1027.950759,2
16/03/2025,AUGN.TA,1046.051107,3
17/03/2025,AUGN.TA,1060.162685,4
18/03/2025,AUGN.TA,984.3491072,5
19/03/2025,AUGN.TA,1046.994605,6
20/03/2025,AUGN.TA,1090.252641,7
21/03/2025,AUGN.TA,1034.546385,8
22/03/2025,AUGN.TA,960.5646614,9
23/03/2025,AUGN.TA,1021.69648,10
24/03/2025,AUGN.TA,964.7964408,11
25/03/2025,AUGN.TA,897.6724006,12
26/03/2025,AUGN.TA,1241.368988,13
27/03/2025,AUGN.TA,1258.115469,14
28/03/2025,AUGN.TA,1189.30576,15
29/03/2025,AUGN.TA,1210.247276,16
30/03/2025,AUGN.TA,1243.799095,17
31/03/2025,AUGN.TA,1255.347309,18
01/04/2025,AUGN.TA,1203.583815,19
02/04/2025,AUGN.TA,1254.124372,20
03/04/2025,AUGN.TA,1244.441866,21
04/04/2025,AUGN.TA,1219.449781,22
05/04/2025,AUGN.TA,1267.336864,23
06/04/2025,AUGN.TA,1268.763896,24
07/04/2025,AUGN.TA,1340.085664,25
08/04/2025,AUGN.TA,1303.594643,26
09/04/2025,AUGN.TA,1298.514141,27
10/04/2025,AUGN.TA,1299.976279,28
11/04/2025,AUGN.TA,1353.686604,29
12/04/2025,AUGN.TA,1499.43648,30
14/03/2025,AURA.TA,1816.010037,1
15/03/2025,AURA.TA,1786.025979,2
16/03/2025,AURA.TA,1919.283647,3
17/03/2025,AURA.TA,1870.45363,4
18/03/2025,AURA.TA,1923.001716,5
19/03/2025,AURA.TA,1901.750937,6
20/03/2025,AURA.TA,1927.590852,7
21/03/2025,AURA.TA,1948.544581,8
22/03/2025,AURA.TA,1975.935586,9
23/03/2025,AURA.TA,1937.556628,10
24/03/2025,AURA.TA,1898.936645,11
25/03/2025,AURA.TA,1914.911581,12
26/03/2025,AURA.TA,1922.639498,13
27/03/2025,AURA.TA,1899.304978,14
28/03/2025,AURA.TA,1932.350467,15
29/03/2025,AURA.TA,1911.785579,16
30/03/2025,AURA.TA,1922.288066,17
31/03/2025,AURA.TA,1954.714039,18
01/04/2025,AURA.TA,1917.354312,19
02/04/2025,AURA.TA,1929.512188,20
03/04/2025,AURA.TA,1972.302708,21
04/04/2025,AURA.TA,1986.978979,22
05/04/2025,AURA.TA,1959.924024,23
06/04/2025,AURA.TA,1996.728104,24
07/04/2025,AURA.TA,1987.893541,25
08/04/2025,AURA.TA,2000.2405,26
09/04/2025,AURA.TA,1999.608645,27
10/04/2025,AURA.TA,1996.784382,28
11/04/2025,AURA.TA,2007.642118,29
12/04/2025,AURA.TA,2008.406602,30
14/03/2025,AUSA-M.TA,27.03982526,1
15/03/2025,AUSA-M.TA,31.41985643,2
16/03/2025,AUSA-M.TA,32.63739566,3
17/03/2025,AUSA-M.TA,37.61957946,4
18/03/2025,AUSA-M.TA,38.79948534,5
19/03/2025,AUSA-M.TA,38.72417687,6
20/03/2025,AUSA-M.TA,38.1683386,7
21/03/2025,AUSA-M.TA,38.04758975,8
22/03/2025,AUSA-M.TA,43.5469212,9
23/03/2025,AUSA-M.TA,39.72628869,10
24/03/2025,AUSA-M.TA,39.36638723,11
25/03/2025,AUSA-M.TA,4.13157088,12
26/03/2025,AUSA-M.TA,3.76908339,13
27/03/2025,AUSA-M.TA,3.78282172,14
28/03/2025,AUSA-M.TA,3.32785078,15
29/03/2025,AUSA-M.TA,3.29770202,16
30/03/2025,AUSA-M.TA,0.4295452,17
31/03/2025,AUSA-M.TA,0.44301751,18
01/04/2025,AUSA-M.TA,0.44161599,19
02/04/2025,AUSA-M.TA,0.43761516,20
03/04/2025,AUSA-M.TA,0.43365057,21
04/04/2025,AUSA-M.TA,0.4343105,22
05/04/2025,AUSA-M.TA,0.2911044,23
06/04/2025,AUSA-M.TA,0.31160091,24
07/04/2025,AUSA-M.TA,0.31847058,25
08/04/2025,AUSA-M.TA,0.32817985,26
09/04/2025,AUSA-M.TA,0.3125061,27
10/04/2025,AUSA-M.TA,0.50638965,28
11/04/2025,AUSA-M.TA,0.73826917,29
12/04/2025,AUSA-M.TA,0.75454534,30
14/03/2025,AUIS.TA,1012.371763,1
15/03/2025,AUIS.TA,1014.362398,2
16/03/2025,AUIS.TA,1004.0719,3
17/03/2025,AUIS.TA,864.0883159,4
18/03/2025,AUIS.TA,753.4226679,5
19/03/2025,AUIS.TA,726.9493792,6
20/03/2025,AUIS.TA,779.2772157,7
21/03/2025,AUIS.TA,755.4731583,8
22/03/2025,AUIS.TA,672.4902051,9
23/03/2025,AUIS.TA,674.0360151,10
24/03/2025,AUIS.TA,779.0162543,11
25/03/2025,AUIS.TA,779.8964941,12
26/03/2025,AUIS.TA,768.6339115,13
27/03/2025,AUIS.TA,771.7656501,14
28/03/2025,AUIS.TA,763.9362458,15
29/03/2025,AUIS.TA,805.0928191,16
30/03/2025,AUIS.TA,828.2497765,17
31/03/2025,AUIS.TA,832.5589092,18
01/04/2025,AUIS.TA,836.890461,19
02/04/2025,AUIS.TA,806.4885,20
03/04/2025,AUIS.TA,758.462762,21
04/04/2025,AUIS.TA,743.2344764,22
05/04/2025,AUIS.TA,731.6156888,23
06/04/2025,AUIS.TA,745.8858343,24
07/04/2025,AUIS.TA,733.4912249,25
08/04/2025,AUIS.TA,734.0508713,26
09/04/2025,AUIS.TA,680.8611191,27
10/04/2025,AUIS.TA,693.3212028,28
11/04/2025,AUIS.TA,621.6357848,29
12/04/2025,AUIS.TA,624.659339,30
14/03/2025,AMX.TA,24.93841355,1
15/03/2025,AMX.TA,25.22865337,2
16/03/2025,AMX.TA,24.78741282,3
17/03/2025,AMX.TA,24.36987054,4
18/03/2025,AMX.TA,23.57420749,5
19/03/2025,AMX.TA,23.79472729,6
20/03/2025,AMX.TA,23.63571274,7
21/03/2025,AMX.TA,23.91140312,8
22/03/2025,AMX.TA,24.35140612,9
23/03/2025,AMX.TA,24.99230669,10
24/03/2025,AMX.TA,25.42107964,11
25/03/2025,AMX.TA,25.74797319,12
26/03/2025,AMX.TA,21.99695105,13
27/03/2025,AMX.TA,21.84995061,14
28/03/2025,AMX.TA,20.87888832,15
29/03/2025,AMX.TA,20.86133292,16
30/03/2025,AMX.TA,30.16238857,17
31/03/2025,AMX.TA,29.63772029,18
01/04/2025,AMX.TA,28.90550478,19
02/04/2025,AMX.TA,29.24266278,20
03/04/2025,AMX.TA,28.9144716,21
04/04/2025,AMX.TA,28.65070411,22
05/04/2025,AMX.TA,29.40475719,23
06/04/2025,AMX.TA,31.92218087,24
07/04/2025,AMX.TA,33.4056486,25
08/04/2025,AMX.TA,33.6182193,26
09/04/2025,AMX.TA,32.75900732,27
10/04/2025,AMX.TA,33.85169311,28
11/04/2025,AMX.TA,35.81568091,29
12/04/2025,AMX.TA,34.58983592,30
14/03/2025,AVER.TA,1098.377161,1
15/03/2025,AVER.TA,1127.825261,2
16/03/2025,AVER.TA,1098.802793,3
17/03/2025,AVER.TA,1064.236403,4
18/03/2025,AVER.TA,1047.85358,5
19/03/2025,AVER.TA,1020.889033,6
20/03/2025,AVER.TA,1005.961198,7
21/03/2025,AVER.TA,992.4146635,8
22/03/2025,AVER.TA,1008.080791,9
23/03/2025,AVER.TA,1219.916425,10
24/03/2025,AVER.TA,1215.743427,11
25/03/2025,AVER.TA,1220.564665,12
26/03/2025,AVER.TA,1141.988024,13
27/03/2025,AVER.TA,1135.516815,14
28/03/2025,AVER.TA,1135.131102,15
29/03/2025,AVER.TA,1182.25103,16
30/03/2025,AVER.TA,1111.01214,17
31/03/2025,AVER.TA,1039.488193,18
01/04/2025,AVER.TA,1024.288394,19
02/04/2025,AVER.TA,1026.712061,20
03/04/2025,AVER.TA,1069.331454,21
04/04/2025,AVER.TA,1042.341133,22
05/04/2025,AVER.TA,1057.480314,23
06/04/2025,AVER.TA,1072.83938,24
07/04/2025,AVER.TA,1054.360104,25
08/04/2025,AVER.TA,1027.733133,26
09/04/2025,AVER.TA,1016.342727,27
10/04/2025,AVER.TA,1055.949133,28
11/04/2025,AVER.TA,1061.880568,29
12/04/2025,AVER.TA,1057.242435,30
14/03/2025,AVGD.TA,1761.058579,1
15/03/2025,AVGD.TA,1768.426795,2
16/03/2025,AVGD.TA,1709.215411,3
17/03/2025,AVGD.TA,1711.934531,4
18/03/2025,AVGD.TA,1730.686309,5
19/03/2025,AVGD.TA,1773.008803,6
20/03/2025,AVGD.TA,1745.446427,7
21/03/2025,AVGD.TA,1740.45385,8
22/03/2025,AVGD.TA,1744.235579,9
23/03/2025,AVGD.TA,1755.615495,10
24/03/2025,AVGD.TA,1752.40838,11
25/03/2025,AVGD.TA,1693.733333,12
26/03/2025,AVGD.TA,1735.152173,13
27/03/2025,AVGD.TA,1798.247883,14
28/03/2025,AVGD.TA,1817.945099,15
29/03/2025,AVGD.TA,1812.745151,16
30/03/2025,AVGD.TA,1860.518867,17
31/03/2025,AVGD.TA,1836.32851,18
01/04/2025,AVGD.TA,1806.951555,19
02/04/2025,AVGD.TA,1819.772676,20
03/04/2025,AVGD.TA,1797.78186,21
04/04/2025,AVGD.TA,1837.036694,22
05/04/2025,AVGD.TA,1853.508033,23
06/04/2025,AVGD.TA,1894.25999,24
07/04/2025,AVGD.TA,1899.111428,25
08/04/2025,AVGD.TA,1868.730094,26
09/04/2025,AVGD.TA,1828.504921,27
10/04/2025,AVGD.TA,1730.044639,28
11/04/2025,AVGD.TA,1741.331969,29
12/04/2025,AVGD.TA,1732.769542,30
14/03/2025,AVGL.TA,147.0874133,1
15/03/2025,AVGL.TA,151.5831333,2
16/03/2025,AVGL.TA,146.7558053,3
17/03/2025,AVGL.TA,143.7852286,4
18/03/2025,AVGL.TA,142.0382169,5
19/03/2025,AVGL.TA,148.7508921,6
20/03/2025,AVGL.TA,147.3231164,7
21/03/2025,AVGL.TA,151.3921178,8
22/03/2025,AVGL.TA,153.8807576,9
23/03/2025,AVGL.TA,155.4439832,10
24/03/2025,AVGL.TA,156.1809374,11
25/03/2025,AVGL.TA,154.8279955,12
26/03/2025,AVGL.TA,159.560306,13
27/03/2025,AVGL.TA,149.1220088,14
28/03/2025,AVGL.TA,152.3822163,15
29/03/2025,AVGL.TA,153.5135947,16
30/03/2025,AVGL.TA,156.9936165,17
31/03/2025,AVGL.TA,156.7640089,18
01/04/2025,AVGL.TA,158.6883586,19
02/04/2025,AVGL.TA,158.8022646,20
03/04/2025,AVGL.TA,160.8686064,21
04/04/2025,AVGL.TA,160.1358459,22
05/04/2025,AVGL.TA,160.2507909,23
06/04/2025,AVGL.TA,158.314134,24
07/04/2025,AVGL.TA,161.775306,25
08/04/2025,AVGL.TA,164.4450314,26
09/04/2025,AVGL.TA,164.5630695,27
10/04/2025,AVGL.TA,165.3228766,28
11/04/2025,AVGL.TA,164.5509356,29
12/04/2025,AVGL.TA,162.5623108,30
14/03/2025,AVIA.TA,1660.274328,1
15/03/2025,AVIA.TA,1659.721689,2
16/03/2025,AVIA.TA,1653.227071,3
17/03/2025,AVIA.TA,1646.629211,4
18/03/2025,AVIA.TA,1646.081114,5
19/03/2025,AVIA.TA,1646.496354,6
20/03/2025,AVIA.TA,1662.030084,7
21/03/2025,AVIA.TA,1661.744013,8
22/03/2025,AVIA.TA,1654.827703,9
23/03/2025,AVIA.TA,1674.357007,10
24/03/2025,AVIA.TA,1667.80512,11
25/03/2025,AVIA.TA,1721.167837,12
26/03/2025,AVIA.TA,1758.710053,13
27/03/2025,AVIA.TA,1764.528836,14
28/03/2025,AVIA.TA,1793.846457,15
29/03/2025,AVIA.TA,1778.448869,16
30/03/2025,AVIA.TA,1795.012927,17
31/03/2025,AVIA.TA,1796.409964,18
01/04/2025,AVIA.TA,1779.089813,19
02/04/2025,AVIA.TA,1763.22238,20
03/04/2025,AVIA.TA,1764.594675,21
04/04/2025,AVIA.TA,1666.617221,22
05/04/2025,AVIA.TA,1664.925033,23
06/04/2025,AVIA.TA,1661.468754,24
07/04/2025,AVIA.TA,1660.782495,25
08/04/2025,AVIA.TA,1660.096519,26
09/04/2025,AVIA.TA,1648.041923,27
10/04/2025,AVIA.TA,1677.073653,28
11/04/2025,AVIA.TA,1659.887385,29
12/04/2025,AVIA.TA,1715.60267,30
14/03/2025,AVIV.TA,1925.93816,1
15/03/2025,AVIV.TA,1938.551992,2
16/03/2025,AVIV.TA,1968.09084,3
17/03/2025,AVIV.TA,2006.696272,4
18/03/2025,AVIV.TA,2051.689728,5
19/03/2025,AVIV.TA,2055.296802,6
20/03/2025,AVIV.TA,2108.113167,7
21/03/2025,AVIV.TA,2110.293593,8
22/03/2025,AVIV.TA,2072.107687,9
23/03/2025,AVIV.TA,2073.158444,10
24/03/2025,AVIV.TA,2120.71212,11
25/03/2025,AVIV.TA,2153.026647,12
26/03/2025,AVIV.TA,2145.959036,13
27/03/2025,AVIV.TA,2086.875184,14
28/03/2025,AVIV.TA,2074.210775,15
29/03/2025,AVIV.TA,2075.634084,16
30/03/2025,AVIV.TA,2093.12413,17
31/03/2025,AVIV.TA,2067.702956,18
01/04/2025,AVIV.TA,2022.754793,19
02/04/2025,AVIV.TA,1961.250407,20
03/04/2025,AVIV.TA,1974.095515,21
04/04/2025,AVIV.TA,2022.66291,22
05/04/2025,AVIV.TA,1978.041066,23
06/04/2025,AVIV.TA,1917.896256,24
07/04/2025,AVIV.TA,1895.057908,25
08/04/2025,AVIV.TA,1924.218426,26
09/04/2025,AVIV.TA,1969.542309,27
10/04/2025,AVIV.TA,1982.441725,28
11/04/2025,AVIV.TA,2021.32866,29
12/04/2025,AVIV.TA,2009.062025,30
14/03/2025,AVRT.TA,49.31379663,1
15/03/2025,AVRT.TA,49.377543,2
16/03/2025,AVRT.TA,49.31201913,3
17/03/2025,AVRT.TA,49.32618311,4
18/03/2025,AVRT.TA,49.3267434,5
19/03/2025,AVRT.TA,49.34052532,6
20/03/2025,AVRT.TA,49.17234076,7
21/03/2025,AVRT.TA,49.17832944,8
22/03/2025,AVRT.TA,49.1468294,9
23/03/2025,AVRT.TA,49.17987847,10
24/03/2025,AVRT.TA,48.52232301,11
25/03/2025,AVRT.TA,48.52662938,12
26/03/2025,AVRT.TA,48.53025597,13
27/03/2025,AVRT.TA,48.52139204,14
28/03/2025,AVRT.TA,48.52366337,15
29/03/2025,AVRT.TA,48.54394591,16
30/03/2025,AVRT.TA,48.55975151,17
31/03/2025,AVRT.TA,48.57556226,18
01/04/2025,AVRT.TA,48.5895147,19
02/04/2025,AVRT.TA,49.62919207,20
03/04/2025,AVRT.TA,50.765167,21
04/04/2025,AVRT.TA,50.75793439,22
05/04/2025,AVRT.TA,50.80712255,23
06/04/2025,AVRT.TA,50.81710043,24
07/04/2025,AVRT.TA,50.54235207,25
08/04/2025,AVRT.TA,50.5775588,26
09/04/2025,AVRT.TA,50.56427486,27
10/04/2025,AVRT.TA,50.51780574,28
11/04/2025,AVRT.TA,50.54317461,29
12/04/2025,AVRT.TA,50.77491426,30
14/03/2025,AILN.TA,28.85825796,1
15/03/2025,AILN.TA,27.90823039,2
16/03/2025,AILN.TA,30.85545617,3
17/03/2025,AILN.TA,33.3576872,4
18/03/2025,AILN.TA,19.95427663,5
19/03/2025,AILN.TA,20.57395898,6
20/03/2025,AILN.TA,12.30716226,7
21/03/2025,AILN.TA,13.2891571,8
22/03/2025,AILN.TA,17.81280845,9
23/03/2025,AILN.TA,9.38852771,10
24/03/2025,AILN.TA,8.69131038,11
25/03/2025,AILN.TA,8.36098737,12
26/03/2025,AILN.TA,9.24394258,13
27/03/2025,AILN.TA,7.13111015,14
28/03/2025,AILN.TA,9.55855199,15
29/03/2025,AILN.TA,7.37381118,16
30/03/2025,AILN.TA,12.219454,17
31/03/2025,AILN.TA,11.70346778,18
01/04/2025,AILN.TA,5.46041656,19
02/04/2025,AILN.TA,7.41862332,20
03/04/2025,AILN.TA,8.01055911,21
04/04/2025,AILN.TA,10.24033251,22
05/04/2025,AILN.TA,11.33614244,23
06/04/2025,AILN.TA,10.18273023,24
07/04/2025,AILN.TA,10.19474424,25
08/04/2025,AILN.TA,17.46317931,26
09/04/2025,AILN.TA,16.44575922,27
10/04/2025,AILN.TA,12.68685081,28
11/04/2025,AILN.TA,6.65434038,29
12/04/2025,AILN.TA,2.93410874,30
14/03/2025,AYAL.TA,4103.549752,1
15/03/2025,AYAL.TA,4072.21175,2
16/03/2025,AYAL.TA,4202.615564,3
17/03/2025,AYAL.TA,4213.008495,4
18/03/2025,AYAL.TA,4226.559363,5
19/03/2025,AYAL.TA,4203.99107,6
20/03/2025,AYAL.TA,4121.587018,7
21/03/2025,AYAL.TA,4071.479425,8
22/03/2025,AYAL.TA,4009.409998,9
23/03/2025,AYAL.TA,4165.710979,10
24/03/2025,AYAL.TA,4148.957718,11
25/03/2025,AYAL.TA,4161.334238,12
26/03/2025,AYAL.TA,4095.813882,13
27/03/2025,AYAL.TA,4155.860667,14
28/03/2025,AYAL.TA,4303.983025,15
29/03/2025,AYAL.TA,4286.673675,16
30/03/2025,AYAL.TA,4275.707169,17
31/03/2025,AYAL.TA,4259.403145,18
01/04/2025,AYAL.TA,4364.518971,19
02/04/2025,AYAL.TA,4569.963963,20
03/04/2025,AYAL.TA,4624.181071,21
04/04/2025,AYAL.TA,4756.42711,22
05/04/2025,AYAL.TA,4424.211958,23
06/04/2025,AYAL.TA,4580.536727,24
07/04/2025,AYAL.TA,4692.191135,25
08/04/2025,AYAL.TA,4384.829555,26
09/04/2025,AYAL.TA,4340.034767,27
10/04/2025,AYAL.TA,4324.734457,28
11/04/2025,AYAL.TA,4327.181051,29
12/04/2025,AYAL.TA,4284.839909,30
14/03/2025,AZRM.TA,1834.51974,1
15/03/2025,AZRM.TA,1924.32102,2
16/03/2025,AZRM.TA,1902.918384,3
17/03/2025,AZRM.TA,1920.854495,4
18/03/2025,AZRM.TA,1911.635576,5
19/03/2025,AZRM.TA,1857.697769,6
20/03/2025,AZRM.TA,1875.778136,7
21/03/2025,AZRM.TA,1805.843784,8
22/03/2025,AZRM.TA,1818.578963,9
23/03/2025,AZRM.TA,1768.74204,10
24/03/2025,AZRM.TA,1722.346184,11
25/03/2025,AZRM.TA,1798.982621,12
26/03/2025,AZRM.TA,1797.259945,13
27/03/2025,AZRM.TA,1790.543341,14
28/03/2025,AZRM.TA,1757.934378,15
29/03/2025,AZRM.TA,1718.256085,16
30/03/2025,AZRM.TA,1748.018081,17
31/03/2025,AZRM.TA,1803.772629,18
01/04/2025,AZRM.TA,1826.544501,19
02/04/2025,AZRM.TA,1815.057301,20
03/04/2025,AZRM.TA,1778.901537,21
04/04/2025,AZRM.TA,1719.272133,22
05/04/2025,AZRM.TA,1707.171778,23
06/04/2025,AZRM.TA,1720.01444,24
07/04/2025,AZRM.TA,1739.160759,25
08/04/2025,AZRM.TA,1664.739198,26
09/04/2025,AZRM.TA,1717.790722,27
10/04/2025,AZRM.TA,1727.532062,28
11/04/2025,AZRM.TA,1786.013592,29
12/04/2025,AZRM.TA,1798.608925,30
14/03/2025,AZRG.TA,27539.52156,1
15/03/2025,AZRG.TA,27294.17493,2
16/03/2025,AZRG.TA,27781.76371,3
17/03/2025,AZRG.TA,28632.67033,4
18/03/2025,AZRG.TA,28441.3888,5
19/03/2025,AZRG.TA,28391.52231,6
20/03/2025,AZRG.TA,28336.1034,7
21/03/2025,AZRG.TA,27913.28028,8
22/03/2025,AZRG.TA,27452.07066,9
23/03/2025,AZRG.TA,27063.48618,10
24/03/2025,AZRG.TA,26831.93119,11
25/03/2025,AZRG.TA,26144.0969,12
26/03/2025,AZRG.TA,26484.65714,13
27/03/2025,AZRG.TA,26727.36545,14
28/03/2025,AZRG.TA,26420.50702,15
29/03/2025,AZRG.TA,27150.64096,16
30/03/2025,AZRG.TA,27395.91901,17
31/03/2025,AZRG.TA,27445.70067,18
01/04/2025,AZRG.TA,27316.14448,19
02/04/2025,AZRG.TA,27365.78118,20
03/04/2025,AZRG.TA,27741.20395,21
04/04/2025,AZRG.TA,28145.57128,22
05/04/2025,AZRG.TA,28761.15405,23
06/04/2025,AZRG.TA,28504.92403,24
07/04/2025,AZRG.TA,28189.51854,25
08/04/2025,AZRG.TA,27703.75041,26
09/04/2025,AZRG.TA,27848.38457,27
10/04/2025,AZRG.TA,28681.88861,28
11/04/2025,AZRG.TA,28327.47728,29
12/04/2025,AZRG.TA,28716.09326,30
14/03/2025,BCOM.TA,2038.324343,1
15/03/2025,BCOM.TA,2025.747456,2
16/03/2025,BCOM.TA,2028.707855,3
17/03/2025,BCOM.TA,2048.854729,4
18/03/2025,BCOM.TA,2043.551491,5
19/03/2025,BCOM.TA,2044.273853,6
20/03/2025,BCOM.TA,2040.676164,7
21/03/2025,BCOM.TA,2059.644618,8
22/03/2025,BCOM.TA,2098.123054,9
23/03/2025,BCOM.TA,2060.814698,10
24/03/2025,BCOM.TA,2088.221073,11
25/03/2025,BCOM.TA,2105.925633,12
26/03/2025,BCOM.TA,2125.500592,13
27/03/2025,BCOM.TA,2151.056832,14
28/03/2025,BCOM.TA,2177.225967,15
29/03/2025,BCOM.TA,2163.338943,16
30/03/2025,BCOM.TA,2165.540911,17
31/03/2025,BCOM.TA,2165.952051,18
01/04/2025,BCOM.TA,2180.393329,19
02/04/2025,BCOM.TA,2173.633899,20
03/04/2025,BCOM.TA,2202.095811,21
04/04/2025,BCOM.TA,2176.847176,22
05/04/2025,BCOM.TA,2288.871732,23
06/04/2025,BCOM.TA,2300.317459,24
07/04/2025,BCOM.TA,2297.301764,25
08/04/2025,BCOM.TA,2334.001073,26
09/04/2025,BCOM.TA,2323.434846,27
10/04/2025,BCOM.TA,2503.694761,28
11/04/2025,BCOM.TA,2499.288544,29
12/04/2025,BCOM.TA,2483.867412,30
14/03/2025,BKFR.TA,1414.857385,1
15/03/2025,BKFR.TA,1407.41021,2
16/03/2025,BKFR.TA,1407.540622,3
17/03/2025,BKFR.TA,1409.322951,4
18/03/2025,BKFR.TA,1411.810715,5
19/03/2025,BKFR.TA,1411.756745,6
20/03/2025,BKFR.TA,1415.103679,7
21/03/2025,BKFR.TA,1384.700636,8
22/03/2025,BKFR.TA,1396.366853,9
23/03/2025,BKFR.TA,1389.953786,10
24/03/2025,BKFR.TA,1373.005336,11
25/03/2025,BKFR.TA,1365.857379,12
26/03/2025,BKFR.TA,1417.01221,13
27/03/2025,BKFR.TA,1416.958041,14
28/03/2025,BKFR.TA,1406.578942,15
29/03/2025,BKFR.TA,1399.175342,16
30/03/2025,BKFR.TA,1447.224523,17
31/03/2025,BKFR.TA,1446.324611,18
01/04/2025,BKFR.TA,1454.806209,19
02/04/2025,BKFR.TA,1447.232392,20
03/04/2025,BKFR.TA,1457.002763,21
04/04/2025,BKFR.TA,1456.096771,22
05/04/2025,BKFR.TA,1442.563359,23
06/04/2025,BKFR.TA,1445.109799,24
07/04/2025,BKFR.TA,1499.232835,25
08/04/2025,BKFR.TA,1554.078107,26
09/04/2025,BKFR.TA,1560.760385,27
10/04/2025,BKFR.TA,1549.381439,28
11/04/2025,BKFR.TA,1567.537435,29
12/04/2025,BKFR.TA,1567.166568,30
14/03/2025,BVGG.TA,888.0174015,1
15/03/2025,BVGG.TA,888.6901778,2
16/03/2025,BVGG.TA,895.9307366,3
17/03/2025,BVGG.TA,900.8498853,4
18/03/2025,BVGG.TA,885.5627581,5
19/03/2025,BVGG.TA,888.0001116,6
20/03/2025,BVGG.TA,902.2358796,7
21/03/2025,BVGG.TA,899.7176445,8
22/03/2025,BVGG.TA,876.2612791,9
23/03/2025,BVGG.TA,880.1512111,10
24/03/2025,BVGG.TA,857.2049584,11
25/03/2025,BVGG.TA,849.6201169,12
26/03/2025,BVGG.TA,853.4231108,13
27/03/2025,BVGG.TA,839.034786,14
28/03/2025,BVGG.TA,836.4444786,15
29/03/2025,BVGG.TA,849.0940742,16
30/03/2025,BVGG.TA,847.0847265,17
31/03/2025,BVGG.TA,851.735684,18
01/04/2025,BVGG.TA,843.9167977,19
02/04/2025,BVGG.TA,841.3114183,20
03/04/2025,BVGG.TA,853.4180754,21
04/04/2025,BVGG.TA,882.635851,22
05/04/2025,BVGG.TA,884.0521725,23
06/04/2025,BVGG.TA,901.1416198,24
07/04/2025,BVGG.TA,885.849542,25
08/04/2025,BVGG.TA,893.0669568,26
09/04/2025,BVGG.TA,887.2310198,27
10/04/2025,BVGG.TA,861.9250197,28
11/04/2025,BVGG.TA,858.7462261,29
12/04/2025,BVGG.TA,866.1257983,30
14/03/2025,BRAN.TA,1334.18377,1
15/03/2025,BRAN.TA,1332.719044,2
16/03/2025,BRAN.TA,1329.682043,3
17/03/2025,BRAN.TA,1324.111357,4
18/03/2025,BRAN.TA,1327.747329,5
19/03/2025,BRAN.TA,1332.489566,6
20/03/2025,BRAN.TA,1328.117751,7
21/03/2025,BRAN.TA,1332.033241,8
22/03/2025,BRAN.TA,1327.735592,9
23/03/2025,BRAN.TA,1323.45181,10
24/03/2025,BRAN.TA,1325.409711,11
25/03/2025,BRAN.TA,1293.727011,12
26/03/2025,BRAN.TA,1287.576017,13
27/03/2025,BRAN.TA,1287.627413,14
28/03/2025,BRAN.TA,1291.430381,15
29/03/2025,BRAN.TA,1314.214918,16
30/03/2025,BRAN.TA,1324.672304,17
31/03/2025,BRAN.TA,1332.070143,18
01/04/2025,BRAN.TA,1369.806984,19
02/04/2025,BRAN.TA,1379.165123,20
03/04/2025,BRAN.TA,1393.996634,21
04/04/2025,BRAN.TA,1460.844913,22
05/04/2025,BRAN.TA,1457.056543,23
06/04/2025,BRAN.TA,1452.276032,24
07/04/2025,BRAN.TA,1480.119475,25
08/04/2025,BRAN.TA,1485.397185,26
09/04/2025,BRAN.TA,1489.88843,27
10/04/2025,BRAN.TA,1495.334151,28
11/04/2025,BRAN.TA,1513.358449,29
12/04/2025,BRAN.TA,1494.682425,30
14/03/2025,BRKT.TA,232.9076843,1
15/03/2025,BRKT.TA,229.7452043,2
16/03/2025,BRKT.TA,229.0459942,3
17/03/2025,BRKT.TA,227.995333,4
18/03/2025,BRKT.TA,224.8995542,5
19/03/2025,BRKT.TA,224.0805165,6
20/03/2025,BRKT.TA,227.2812587,7
21/03/2025,BRKT.TA,219.7795615,8
22/03/2025,BRKT.TA,217.2734137,9
23/03/2025,BRKT.TA,217.9869099,10
24/03/2025,BRKT.TA,227.1657555,11
25/03/2025,BRKT.TA,227.3187355,12
26/03/2025,BRKT.TA,230.0310404,13
27/03/2025,BRKT.TA,226.9076203,14
28/03/2025,BRKT.TA,226.2340658,15
29/03/2025,BRKT.TA,227.0789915,16
30/03/2025,BRKT.TA,230.1265635,17
31/03/2025,BRKT.TA,240.2518591,18
01/04/2025,BRKT.TA,247.5716136,19
02/04/2025,BRKT.TA,247.7383355,20
03/04/2025,BRKT.TA,246.6283739,21
04/04/2025,BRKT.TA,245.7302044,22
05/04/2025,BRKT.TA,244.9823453,23
06/04/2025,BRKT.TA,240.4933564,24
07/04/2025,BRKT.TA,241.100227,25
08/04/2025,BRKT.TA,241.8919672,26
09/04/2025,BRKT.TA,246.146974,27
10/04/2025,BRKT.TA,249.4974414,28
11/04/2025,BRKT.TA,248.9379862,29
12/04/2025,BRKT.TA,243.9546233,30
14/03/2025,BVC.TA,70.80512911,1
15/03/2025,BVC.TA,72.37005399,2
16/03/2025,BVC.TA,71.45690099,3
17/03/2025,BVC.TA,73.00845732,4
18/03/2025,BVC.TA,71.81090729,5
19/03/2025,BVC.TA,71.60174353,6
20/03/2025,BVC.TA,69.22367019,7
21/03/2025,BVC.TA,68.08820162,8
22/03/2025,BVC.TA,70.27859976,9
23/03/2025,BVC.TA,70.85938639,10
24/03/2025,BVC.TA,71.63174552,11
25/03/2025,BVC.TA,72.41298342,12
26/03/2025,BVC.TA,71.04675259,13
27/03/2025,BVC.TA,71.16657686,14
28/03/2025,BVC.TA,73.63155328,15
29/03/2025,BVC.TA,72.66791773,16
30/03/2025,BVC.TA,70.22190384,17
31/03/2025,BVC.TA,67.26266367,18
01/04/2025,BVC.TA,67.81852643,19
02/04/2025,BVC.TA,69.6293604,20
03/04/2025,BVC.TA,68.75078901,21
04/04/2025,BVC.TA,66.59867294,22
05/04/2025,BVC.TA,67.72430218,23
06/04/2025,BVC.TA,67.81840986,24
07/04/2025,BVC.TA,68.57046705,25
08/04/2025,BVC.TA,67.47948394,26
09/04/2025,BVC.TA,67.60935696,27
10/04/2025,BVC.TA,68.3590959,28
11/04/2025,BVC.TA,69.02008336,29
12/04/2025,BVC.TA,68.11145711,30
14/03/2025,ORL.TA,101.6880741,1
15/03/2025,ORL.TA,102.7751181,2
16/03/2025,ORL.TA,101.5650797,3
17/03/2025,ORL.TA,101.0287984,4
18/03/2025,ORL.TA,100.2030118,5
19/03/2025,ORL.TA,105.5629134,6
20/03/2025,ORL.TA,106.8390948,7
21/03/2025,ORL.TA,108.3063779,8
22/03/2025,ORL.TA,106.0761801,9
23/03/2025,ORL.TA,104.4368791,10
24/03/2025,ORL.TA,104.9659002,11
25/03/2025,ORL.TA,104.4818049,12
26/03/2025,ORL.TA,101.6588478,13
27/03/2025,ORL.TA,101.3216416,14
28/03/2025,ORL.TA,98.58406782,15
29/03/2025,ORL.TA,98.37572123,16
30/03/2025,ORL.TA,97.20377908,17
31/03/2025,ORL.TA,96.54279186,18
01/04/2025,ORL.TA,95.84485159,19
02/04/2025,ORL.TA,93.69419763,20
03/04/2025,ORL.TA,92.99922846,21
04/04/2025,ORL.TA,93.47031255,22
05/04/2025,ORL.TA,93.03182459,23
06/04/2025,ORL.TA,92.35926629,24
07/04/2025,ORL.TA,94.67066778,25
08/04/2025,ORL.TA,94.59515541,26
09/04/2025,ORL.TA,96.05134965,27
10/04/2025,ORL.TA,99.99137309,28
11/04/2025,ORL.TA,99.46915195,29
12/04/2025,ORL.TA,102.3579776,30
14/03/2025,BHNY.TA,773.9123745,1
15/03/2025,BHNY.TA,727.9707334,2
16/03/2025,BHNY.TA,1702.504322,3
17/03/2025,BHNY.TA,1231.033252,4
18/03/2025,BHNY.TA,942.7457577,5
19/03/2025,BHNY.TA,1132.566214,6
20/03/2025,BHNY.TA,1134.305329,7
21/03/2025,BHNY.TA,3151.160919,8
22/03/2025,BHNY.TA,3973.48451,9
23/03/2025,BHNY.TA,5328.3694,10
24/03/2025,BHNY.TA,2304.156615,11
25/03/2025,BHNY.TA,1801.898609,12
26/03/2025,BHNY.TA,1481.183323,13
27/03/2025,BHNY.TA,1476.824004,14
28/03/2025,BHNY.TA,1479.091746,15
29/03/2025,BHNY.TA,1474.738583,16
30/03/2025,BHNY.TA,2706.138149,17
31/03/2025,BHNY.TA,5868.11152,18
01/04/2025,BHNY.TA,8157.863102,19
02/04/2025,BHNY.TA,8193.892953,20
03/04/2025,BHNY.TA,8367.603521,21
04/04/2025,BHNY.TA,8404.559707,22
05/04/2025,BHNY.TA,6841.91915,23
06/04/2025,BHNY.TA,14836.32482,24
07/04/2025,BHNY.TA,14611.80375,25
08/04/2025,BHNY.TA,12232.20326,26
09/04/2025,BHNY.TA,23166.10971,27
10/04/2025,BHNY.TA,10294.62031,28
11/04/2025,BHNY.TA,8843.916393,29
12/04/2025,BHNY.TA,7920.726111,30
14/03/2025,BSEN.TA,34966.96141,1
15/03/2025,BSEN.TA,35692.52133,2
16/03/2025,BSEN.TA,34939.18713,3
17/03/2025,BSEN.TA,35360.9532,4
18/03/2025,BSEN.TA,89227.16458,5
19/03/2025,BSEN.TA,88105.36041,6
20/03/2025,BSEN.TA,106650.209,7
21/03/2025,BSEN.TA,106107.5174,8
22/03/2025,BSEN.TA,109717.1228,9
23/03/2025,BSEN.TA,142161.0676,10
24/03/2025,BSEN.TA,142222.8581,11
25/03/2025,BSEN.TA,145878.2763,12
26/03/2025,BSEN.TA,146274.1703,13
27/03/2025,BSEN.TA,189528.2311,14
28/03/2025,BSEN.TA,188699.5011,15
29/03/2025,BSEN.TA,187585.888,16
30/03/2025,BSEN.TA,186759.8699,17
31/03/2025,BSEN.TA,187471.2712,18
01/04/2025,BSEN.TA,190253.1493,19
02/04/2025,BSEN.TA,191018.1806,20
03/04/2025,BSEN.TA,183842.2239,21
04/04/2025,BSEN.TA,185081.0106,22
05/04/2025,BSEN.TA,180203.671,23
06/04/2025,BSEN.TA,185591.6571,24
07/04/2025,BSEN.TA,186976.3761,25
08/04/2025,BSEN.TA,187878.1366,26
09/04/2025,BSEN.TA,190666.0521,27
10/04/2025,BSEN.TA,189826.4708,28
11/04/2025,BSEN.TA,192251.3434,29
12/04/2025,BSEN.TA,195696.2978,30
14/03/2025,BEZQ.TA,597.8091345,1
15/03/2025,BEZQ.TA,600.1249349,2
16/03/2025,BEZQ.TA,618.3981728,3
17/03/2025,BEZQ.TA,618.790143,4
18/03/2025,BEZQ.TA,641.296819,5
19/03/2025,BEZQ.TA,645.5198568,6
20/03/2025,BEZQ.TA,656.9696562,7
21/03/2025,BEZQ.TA,654.8105982,8
22/03/2025,BEZQ.TA,670.7099992,9
23/03/2025,BEZQ.TA,678.1228632,10
24/03/2025,BEZQ.TA,671.5046964,11
25/03/2025,BEZQ.TA,681.4742079,12
26/03/2025,BEZQ.TA,677.9998143,13
27/03/2025,BEZQ.TA,678.9427512,14
28/03/2025,BEZQ.TA,668.8829629,15
29/03/2025,BEZQ.TA,681.9059916,16
30/03/2025,BEZQ.TA,675.2509032,17
31/03/2025,BEZQ.TA,674.0434507,18
01/04/2025,BEZQ.TA,680.3750407,19
02/04/2025,BEZQ.TA,682.6801565,20
03/04/2025,BEZQ.TA,674.3246971,21
04/04/2025,BEZQ.TA,681.2837763,22
05/04/2025,BEZQ.TA,675.8634798,23
06/04/2025,BEZQ.TA,670.6493478,24
07/04/2025,BEZQ.TA,670.3998916,25
08/04/2025,BEZQ.TA,670.537844,26
09/04/2025,BEZQ.TA,656.7102846,27
10/04/2025,BEZQ.TA,650.3010947,28
11/04/2025,BEZQ.TA,666.0910008,29
12/04/2025,BEZQ.TA,666.6639331,30
14/03/2025,BIG.TA,52479.56422,1
15/03/2025,BIG.TA,53411.11289,2
16/03/2025,BIG.TA,54581.58804,3
17/03/2025,BIG.TA,55777.7135,4
18/03/2025,BIG.TA,55564.89587,5
19/03/2025,BIG.TA,55476.89508,6
20/03/2025,BIG.TA,55803.35313,7
21/03/2025,BIG.TA,55686.50282,8
22/03/2025,BIG.TA,55462.68651,9
23/03/2025,BIG.TA,54219.88659,10
24/03/2025,BIG.TA,54522.96896,11
25/03/2025,BIG.TA,54408.79973,12
26/03/2025,BIG.TA,53676.0758,13
27/03/2025,BIG.TA,53713.57292,14
28/03/2025,BIG.TA,53664.61026,15
29/03/2025,BIG.TA,53442.56591,16
30/03/2025,BIG.TA,52808.68178,17
31/03/2025,BIG.TA,52596.43207,18
01/04/2025,BIG.TA,53822.10545,19
02/04/2025,BIG.TA,52710.65703,20
03/04/2025,BIG.TA,52978.47651,21
04/04/2025,BIG.TA,53498.63655,22
05/04/2025,BIG.TA,53116.74505,23
06/04/2025,BIG.TA,51844.34672,24
07/04/2025,BIG.TA,50943.41266,25
08/04/2025,BIG.TA,50961.61966,26
09/04/2025,BIG.TA,50907.53771,27
10/04/2025,BIG.TA,50384.67105,28
11/04/2025,BIG.TA,50705.12868,29
12/04/2025,BIG.TA,51100.10571,30
14/03/2025,BIGT.TA,162.1866194,1
15/03/2025,BIGT.TA,167.7717032,2
16/03/2025,BIGT.TA,161.1684567,3
17/03/2025,BIGT.TA,159.3360161,4
18/03/2025,BIGT.TA,159.1301267,5
19/03/2025,BIGT.TA,160.6189952,6
20/03/2025,BIGT.TA,158.6718301,7
21/03/2025,BIGT.TA,166.7335542,8
22/03/2025,BIGT.TA,172.9303661,9
23/03/2025,BIGT.TA,170.9641957,10
24/03/2025,BIGT.TA,163.7846646,11
25/03/2025,BIGT.TA,172.1061592,12
26/03/2025,BIGT.TA,173.3394671,13
27/03/2025,BIGT.TA,171.3284042,14
28/03/2025,BIGT.TA,180.5952105,15
29/03/2025,BIGT.TA,169.2525354,16
30/03/2025,BIGT.TA,169.6061647,17
31/03/2025,BIGT.TA,166.8405301,18
01/04/2025,BIGT.TA,167.1300613,19
02/04/2025,BIGT.TA,168.5347573,20
03/04/2025,BIGT.TA,169.2657318,21
04/04/2025,BIGT.TA,164.7162271,22
05/04/2025,BIGT.TA,162.2592216,23
06/04/2025,BIGT.TA,163.1821071,24
07/04/2025,BIGT.TA,161.2038697,25
08/04/2025,BIGT.TA,149.8166594,26
09/04/2025,BIGT.TA,151.3205336,27
10/04/2025,BIGT.TA,156.9445058,28
11/04/2025,BIGT.TA,139.7660885,29
12/04/2025,BIGT.TA,138.0717208,30
14/03/2025,BKRY.TA,353.8653732,1
15/03/2025,BKRY.TA,350.5652844,2
16/03/2025,BKRY.TA,352.3584978,3
17/03/2025,BKRY.TA,340.7721761,4
18/03/2025,BKRY.TA,341.2838765,5
19/03/2025,BKRY.TA,340.0792212,6
20/03/2025,BKRY.TA,342.3468269,7
21/03/2025,BKRY.TA,333.9134264,8
22/03/2025,BKRY.TA,327.2026806,9
23/03/2025,BKRY.TA,326.4769742,10
24/03/2025,BKRY.TA,330.9873311,11
25/03/2025,BKRY.TA,337.0461678,12
26/03/2025,BKRY.TA,334.9149805,13
27/03/2025,BKRY.TA,329.6354067,14
28/03/2025,BKRY.TA,324.4168854,15
29/03/2025,BKRY.TA,321.1088646,16
30/03/2025,BKRY.TA,313.8702569,17
31/03/2025,BKRY.TA,315.3337733,18
01/04/2025,BKRY.TA,322.052255,19
02/04/2025,BKRY.TA,314.7923809,20
03/04/2025,BKRY.TA,311.7930096,21
04/04/2025,BKRY.TA,301.2387835,22
05/04/2025,BKRY.TA,305.5746167,23
06/04/2025,BKRY.TA,302.9244503,24
07/04/2025,BKRY.TA,299.4363515,25
08/04/2025,BKRY.TA,301.1960856,26
09/04/2025,BKRY.TA,294.4063624,27
10/04/2025,BKRY.TA,292.2951227,28
11/04/2025,BKRY.TA,287.1232767,29
12/04/2025,BKRY.TA,280.6507902,30
14/03/2025,BIOV.TA,75.31310343,1
15/03/2025,BIOV.TA,91.85731009,2
16/03/2025,BIOV.TA,101.2791113,3
17/03/2025,BIOV.TA,63.95867319,4
18/03/2025,BIOV.TA,78.00862544,5
19/03/2025,BIOV.TA,159.029288,6
20/03/2025,BIOV.TA,-42.46705945,7
21/03/2025,BIOV.TA,-56.63074774,8
22/03/2025,BIOV.TA,-94.01645079,9
23/03/2025,BIOV.TA,-114.6692658,10
24/03/2025,BIOV.TA,-74.2218017,11
25/03/2025,BIOV.TA,-1332.093872,12
26/03/2025,BIOV.TA,-2419.167437,13
27/03/2025,BIOV.TA,-33065.44643,14
28/03/2025,BIOV.TA,492.1854216,15
29/03/2025,BIOV.TA,350.3914808,16
30/03/2025,BIOV.TA,197.6299526,17
31/03/2025,BIOV.TA,11.65339033,18
01/04/2025,BIOV.TA,4.39290749,19
02/04/2025,BIOV.TA,1.17123122,20
03/04/2025,BIOV.TA,0.6066661,21
04/04/2025,BIOV.TA,-0.30622993,22
05/04/2025,BIOV.TA,-1.07159304,23
06/04/2025,BIOV.TA,4.67305616,24
07/04/2025,BIOV.TA,52.59914016,25
08/04/2025,BIOV.TA,70.14209782,26
09/04/2025,BIOV.TA,56.83190003,27
10/04/2025,BIOV.TA,65.27945277,28
11/04/2025,BIOV.TA,11.41293076,29
12/04/2025,BIOV.TA,14.06344068,30
14/03/2025,BOLT.TA,638.7394654,1
15/03/2025,BOLT.TA,642.9471855,2
16/03/2025,BOLT.TA,670.468178,3
17/03/2025,BOLT.TA,663.5581726,4
18/03/2025,BOLT.TA,643.6800367,5
19/03/2025,BOLT.TA,588.8583495,6
20/03/2025,BOLT.TA,567.288943,7
21/03/2025,BOLT.TA,596.6734094,8
22/03/2025,BOLT.TA,598.0394977,9
23/03/2025,BOLT.TA,570.0185658,10
24/03/2025,BOLT.TA,585.7202903,11
25/03/2025,BOLT.TA,610.805582,12
26/03/2025,BOLT.TA,583.2619835,13
27/03/2025,BOLT.TA,587.2450989,14
28/03/2025,BOLT.TA,618.4816948,15
29/03/2025,BOLT.TA,632.4119531,16
30/03/2025,BOLT.TA,634.0576597,17
31/03/2025,BOLT.TA,634.399883,18
01/04/2025,BOLT.TA,645.6565513,19
02/04/2025,BOLT.TA,665.4192182,20
03/04/2025,BOLT.TA,648.2574124,21
04/04/2025,BOLT.TA,620.6207974,22
05/04/2025,BOLT.TA,630.1061631,23
06/04/2025,BOLT.TA,639.4276834,24
07/04/2025,BOLT.TA,663.1299074,25
08/04/2025,BOLT.TA,786.0443855,26
09/04/2025,BOLT.TA,762.4969441,27
10/04/2025,BOLT.TA,765.9526601,28
11/04/2025,BOLT.TA,750.7043083,29
12/04/2025,BOLT.TA,705.7656146,30
14/03/2025,BLRX.TA,2.8510098,1
15/03/2025,BLRX.TA,1.24131387,2
16/03/2025,BLRX.TA,1.59347307,3
17/03/2025,BLRX.TA,0.9024642,4
18/03/2025,BLRX.TA,0.84439217,5
19/03/2025,BLRX.TA,0.8287555,6
20/03/2025,BLRX.TA,0.66475184,7
21/03/2025,BLRX.TA,0.31342226,8
22/03/2025,BLRX.TA,0.50614434,9
23/03/2025,BLRX.TA,0.51004866,10
24/03/2025,BLRX.TA,0.61778449,11
25/03/2025,BLRX.TA,0.60014823,12
26/03/2025,BLRX.TA,0.52518054,13
27/03/2025,BLRX.TA,0.34567824,14
28/03/2025,BLRX.TA,0.3536702,15
29/03/2025,BLRX.TA,0.47035995,16
30/03/2025,BLRX.TA,0.48355047,17
31/03/2025,BLRX.TA,0.46900549,18
01/04/2025,BLRX.TA,0.33698279,19
02/04/2025,BLRX.TA,0.23125523,20
03/04/2025,BLRX.TA,0.23603448,21
04/04/2025,BLRX.TA,0.2274355,22
05/04/2025,BLRX.TA,0.50541277,23
06/04/2025,BLRX.TA,0.39985393,24
07/04/2025,BLRX.TA,0.39003534,25
08/04/2025,BLRX.TA,0.37582596,26
09/04/2025,BLRX.TA,0.35323864,27
10/04/2025,BLRX.TA,0.35649638,28
11/04/2025,BLRX.TA,0.4741186,29
12/04/2025,BLRX.TA,0.47503051,30
14/03/2025,BIMT.TA,27.09556149,1
15/03/2025,BIMT.TA,32.03965922,2
16/03/2025,BIMT.TA,31.59258128,3
17/03/2025,BIMT.TA,30.78058828,4
18/03/2025,BIMT.TA,30.18394201,5
19/03/2025,BIMT.TA,30.01565897,6
20/03/2025,BIMT.TA,28.28721884,7
21/03/2025,BIMT.TA,28.60407595,8
22/03/2025,BIMT.TA,35.17558992,9
23/03/2025,BIMT.TA,34.15018314,10
24/03/2025,BIMT.TA,34.49023941,11
25/03/2025,BIMT.TA,33.88780567,12
26/03/2025,BIMT.TA,33.97388985,13
27/03/2025,BIMT.TA,34.18491333,14
28/03/2025,BIMT.TA,34.67121672,15
29/03/2025,BIMT.TA,33.59953231,16
30/03/2025,BIMT.TA,35.67510339,17
31/03/2025,BIMT.TA,33.03061505,18
01/04/2025,BIMT.TA,35.85850921,19
02/04/2025,BIMT.TA,35.16343328,20
03/04/2025,BIMT.TA,34.01233264,21
04/04/2025,BIMT.TA,40.2185261,22
05/04/2025,BIMT.TA,40.18648393,23
06/04/2025,BIMT.TA,39.2521819,24
07/04/2025,BIMT.TA,40.07567223,25
08/04/2025,BIMT.TA,49.28267616,26
09/04/2025,BIMT.TA,48.88100625,27
10/04/2025,BIMT.TA,54.43631483,28
11/04/2025,BIMT.TA,54.88833684,29
12/04/2025,BIMT.TA,64.90375216,30
14/03/2025,BIRM.TA,1296.931466,1
15/03/2025,BIRM.TA,1292.612935,2
16/03/2025,BIRM.TA,1294.553316,3
17/03/2025,BIRM.TA,1281.560238,4
18/03/2025,BIRM.TA,1288.854945,5
19/03/2025,BIRM.TA,1250.766493,6
20/03/2025,BIRM.TA,1256.248646,7
21/03/2025,BIRM.TA,1210.094404,8
22/03/2025,BIRM.TA,1178.026152,9
23/03/2025,BIRM.TA,1092.030956,10
24/03/2025,BIRM.TA,1110.271455,11
25/03/2025,BIRM.TA,1112.102111,12
26/03/2025,BIRM.TA,1173.589353,13
27/03/2025,BIRM.TA,1223.131143,14
28/03/2025,BIRM.TA,1243.561445,15
29/03/2025,BIRM.TA,1259.866452,16
30/03/2025,BIRM.TA,1258.360029,17
31/03/2025,BIRM.TA,1267.713523,18
01/04/2025,BIRM.TA,1196.240643,19
02/04/2025,BIRM.TA,1128.797359,20
03/04/2025,BIRM.TA,1111.042092,21
04/04/2025,BIRM.TA,1113.653187,22
05/04/2025,BIRM.TA,1099.720138,23
06/04/2025,BIRM.TA,1097.246006,24
07/04/2025,BIRM.TA,1106.61168,25
08/04/2025,BIRM.TA,1166.651923,26
09/04/2025,BIRM.TA,1215.900858,27
10/04/2025,BIRM.TA,1195.743217,28
11/04/2025,BIRM.TA,1208.013125,29
12/04/2025,BIRM.TA,1249.987774,30
14/03/2025,BLRN.TA,51.36848775,1
15/03/2025,BLRN.TA,37.77944483,2
16/03/2025,BLRN.TA,38.89459056,3
17/03/2025,BLRN.TA,40.81458099,4
18/03/2025,BLRN.TA,39.82559255,5
19/03/2025,BLRN.TA,34.73580144,6
20/03/2025,BLRN.TA,35.76110715,7
21/03/2025,BLRN.TA,33.28003682,8
22/03/2025,BLRN.TA,31.06983258,9
23/03/2025,BLRN.TA,38.69576948,10
24/03/2025,BLRN.TA,30.82071279,11
25/03/2025,BLRN.TA,35.00937194,12
26/03/2025,BLRN.TA,44.67011557,13
27/03/2025,BLRN.TA,58.28249662,14
28/03/2025,BLRN.TA,52.95884972,15
29/03/2025,BLRN.TA,60.15617096,16
30/03/2025,BLRN.TA,68.24969539,17
31/03/2025,BLRN.TA,56.05072437,18
01/04/2025,BLRN.TA,60.13914376,19
02/04/2025,BLRN.TA,77.90073587,20
03/04/2025,BLRN.TA,96.19254905,21
04/04/2025,BLRN.TA,124.6022123,22
05/04/2025,BLRN.TA,99.86262391,23
06/04/2025,BLRN.TA,94.72621652,24
07/04/2025,BLRN.TA,108.2864364,25
08/04/2025,BLRN.TA,115.1079006,26
09/04/2025,BLRN.TA,113.3637012,27
10/04/2025,BLRN.TA,82.31319525,28
11/04/2025,BLRN.TA,80.67131304,29
12/04/2025,BLRN.TA,85.75317273,30
14/03/2025,BLITZ-M.TA,577.955418,1
15/03/2025,BLITZ-M.TA,545.2349959,2
16/03/2025,BLITZ-M.TA,560.9261292,3
17/03/2025,BLITZ-M.TA,563.0514475,4
18/03/2025,BLITZ-M.TA,566.864449,5
19/03/2025,BLITZ-M.TA,683.9696838,6
20/03/2025,BLITZ-M.TA,720.7793139,7
21/03/2025,BLITZ-M.TA,367.5870295,8
22/03/2025,BLITZ-M.TA,351.2456415,9
23/03/2025,BLITZ-M.TA,369.7771692,10
24/03/2025,BLITZ-M.TA,360.6269222,11
25/03/2025,BLITZ-M.TA,353.8027299,12
26/03/2025,BLITZ-M.TA,225.0240128,13
27/03/2025,BLITZ-M.TA,-1097.93554,14
28/03/2025,BLITZ-M.TA,-908.8706633,15
29/03/2025,BLITZ-M.TA,-891.67198,16
30/03/2025,BLITZ-M.TA,-938.7161053,17
31/03/2025,BLITZ-M.TA,-899.7633316,18
01/04/2025,BLITZ-M.TA,-1030.756189,19
02/04/2025,BLITZ-M.TA,-1153.696183,20
03/04/2025,BLITZ-M.TA,-2517.082666,21
04/04/2025,BLITZ-M.TA,-2114.853501,22
05/04/2025,BLITZ-M.TA,-3378.425609,23
06/04/2025,BLITZ-M.TA,-3386.979145,24
07/04/2025,BLITZ-M.TA,-3565.674309,25
08/04/2025,BLITZ-M.TA,-5374.174621,26
09/04/2025,BLITZ-M.TA,-5762.995072,27
10/04/2025,BLITZ-M.TA,-6111.191666,28
11/04/2025,BLITZ-M.TA,-6134.822156,29
12/04/2025,BLITZ-M.TA,-5570.543176,30
14/03/2025,BLSR.TA,29337.90726,1
15/03/2025,BLSR.TA,29844.75371,2
16/03/2025,BLSR.TA,29823.59217,3
17/03/2025,BLSR.TA,28750.39525,4
18/03/2025,BLSR.TA,29066.43925,5
19/03/2025,BLSR.TA,30143.36872,6
20/03/2025,BLSR.TA,31009.96452,7
21/03/2025,BLSR.TA,31260.91617,8
22/03/2025,BLSR.TA,31276.47011,9
23/03/2025,BLSR.TA,31433.08572,10
24/03/2025,BLSR.TA,32714.69632,11
25/03/2025,BLSR.TA,32806.99322,12
26/03/2025,BLSR.TA,32591.18842,13
27/03/2025,BLSR.TA,33085.168,14
28/03/2025,BLSR.TA,32247.72272,15
29/03/2025,BLSR.TA,32567.49391,16
30/03/2025,BLSR.TA,32976.03901,17
31/03/2025,BLSR.TA,33068.06756,18
01/04/2025,BLSR.TA,32894.04092,19
02/04/2025,BLSR.TA,32910.87922,20
03/04/2025,BLSR.TA,32677.88064,21
04/04/2025,BLSR.TA,34011.28502,22
05/04/2025,BLSR.TA,34038.02623,23
06/04/2025,BLSR.TA,33084.30843,24
07/04/2025,BLSR.TA,33841.39189,25
08/04/2025,BLSR.TA,34917.09629,26
09/04/2025,BLSR.TA,35015.60675,27
10/04/2025,BLSR.TA,35475.11338,28
11/04/2025,BLSR.TA,36494.99224,29
12/04/2025,BLSR.TA,37327.21676,30
14/03/2025,BOTI.TA,4465.64667,1
15/03/2025,BOTI.TA,4447.347586,2
16/03/2025,BOTI.TA,4418.05534,3
17/03/2025,BOTI.TA,4401.761013,4
18/03/2025,BOTI.TA,4391.77052,5
19/03/2025,BOTI.TA,4397.574918,6
20/03/2025,BOTI.TA,4306.67664,7
21/03/2025,BOTI.TA,4227.509295,8
22/03/2025,BOTI.TA,4240.91133,9
23/03/2025,BOTI.TA,4274.39517,10
24/03/2025,BOTI.TA,4338.100788,11
25/03/2025,BOTI.TA,4402.755875,12
26/03/2025,BOTI.TA,4508.015795,13
27/03/2025,BOTI.TA,4527.18687,14
28/03/2025,BOTI.TA,4387.327267,15
29/03/2025,BOTI.TA,4346.587112,16
30/03/2025,BOTI.TA,4285.965787,17
31/03/2025,BOTI.TA,4245.193317,18
01/04/2025,BOTI.TA,4205.773,19
02/04/2025,BOTI.TA,4161.970434,20
03/04/2025,BOTI.TA,4090.951937,21
04/04/2025,BOTI.TA,4113.179617,22
05/04/2025,BOTI.TA,4015.761165,23
06/04/2025,BOTI.TA,3965.645026,24
07/04/2025,BOTI.TA,3897.976561,25
08/04/2025,BOTI.TA,3893.292864,26
09/04/2025,BOTI.TA,3972.73902,27
10/04/2025,BOTI.TA,3901.277678,28
11/04/2025,BOTI.TA,4054.413583,29
12/04/2025,BOTI.TA,4041.832061,30
14/03/2025,BONS.TA,18.16074721,1
15/03/2025,BONS.TA,17.90011457,2
16/03/2025,BONS.TA,18.2646774,3
17/03/2025,BONS.TA,18.36934276,4
18/03/2025,BONS.TA,18.7417996,5
19/03/2025,BONS.TA,16.81809096,6
20/03/2025,BONS.TA,16.81527295,7
21/03/2025,BONS.TA,16.49566143,8
22/03/2025,BONS.TA,16.55539139,9
23/03/2025,BONS.TA,14.52161707,10
24/03/2025,BONS.TA,14.07758522,11
25/03/2025,BONS.TA,14.50677805,12
26/03/2025,BONS.TA,13.13061883,13
27/03/2025,BONS.TA,11.88500646,14
28/03/2025,BONS.TA,11.974656,15
29/03/2025,BONS.TA,11.92890986,16
30/03/2025,BONS.TA,11.67390934,17
31/03/2025,BONS.TA,11.67195329,18
01/04/2025,BONS.TA,11.65829639,19
02/04/2025,BONS.TA,11.49583898,20
03/04/2025,BONS.TA,11.41939322,21
04/04/2025,BONS.TA,11.14342153,22
05/04/2025,BONS.TA,10.93091343,23
06/04/2025,BONS.TA,11.08322485,24
07/04/2025,BONS.TA,11.0677143,25
08/04/2025,BONS.TA,10.9962404,26
09/04/2025,BONS.TA,10.57110388,27
10/04/2025,BONS.TA,9.56829526,28
11/04/2025,BONS.TA,9.4940526,29
12/04/2025,BONS.TA,9.29920841,30
14/03/2025,BCNV-M.TA,36.49562042,1
15/03/2025,BCNV-M.TA,37.42108423,2
16/03/2025,BCNV-M.TA,37.24645814,3
17/03/2025,BCNV-M.TA,36.98064353,4
18/03/2025,BCNV-M.TA,37.00653288,5
19/03/2025,BCNV-M.TA,36.98346705,6
20/03/2025,BCNV-M.TA,34.62528659,7
21/03/2025,BCNV-M.TA,38.68946836,8
22/03/2025,BCNV-M.TA,38.69420997,9
23/03/2025,BCNV-M.TA,35.48552455,10
24/03/2025,BCNV-M.TA,35.49733226,11
25/03/2025,BCNV-M.TA,37.2662799,12
26/03/2025,BCNV-M.TA,-179.0830266,13
27/03/2025,BCNV-M.TA,-178.3061337,14
28/03/2025,BCNV-M.TA,-178.4174787,15
29/03/2025,BCNV-M.TA,-177.9369785,16
30/03/2025,BCNV-M.TA,-178.1161986,17
31/03/2025,BCNV-M.TA,-163.3460598,18
01/04/2025,BCNV-M.TA,-163.3121544,19
02/04/2025,BCNV-M.TA,-162.6036782,20
03/04/2025,BCNV-M.TA,-155.4796624,21
04/04/2025,BCNV-M.TA,-149.2510969,22
05/04/2025,BCNV-M.TA,-149.3442982,23
06/04/2025,BCNV-M.TA,-149.3132991,24
07/04/2025,BCNV-M.TA,-153.3205021,25
08/04/2025,BCNV-M.TA,-153.8418589,26
09/04/2025,BCNV-M.TA,-153.937927,27
10/04/2025,BCNV-M.TA,-153.9567929,28
11/04/2025,BCNV-M.TA,-145.0514983,29
12/04/2025,BCNV-M.TA,-144.4621229,30
14/03/2025,BWAY.TA,1910.656217,1
15/03/2025,BWAY.TA,1885.105162,2
16/03/2025,BWAY.TA,1943.099847,3
17/03/2025,BWAY.TA,1930.557472,4
18/03/2025,BWAY.TA,1923.833835,5
19/03/2025,BWAY.TA,1958.989686,6
20/03/2025,BWAY.TA,1937.123499,7
21/03/2025,BWAY.TA,1935.945198,8
22/03/2025,BWAY.TA,1937.042818,9
23/03/2025,BWAY.TA,1875.04191,10
24/03/2025,BWAY.TA,1978.649625,11
25/03/2025,BWAY.TA,1993.668138,12
26/03/2025,BWAY.TA,1976.206004,13
27/03/2025,BWAY.TA,2030.006971,14
28/03/2025,BWAY.TA,2031.157921,15
29/03/2025,BWAY.TA,2120.495312,16
30/03/2025,BWAY.TA,2124.915159,17
31/03/2025,BWAY.TA,2117.514624,18
01/04/2025,BWAY.TA,2234.520462,19
02/04/2025,BWAY.TA,2240.191641,20
03/04/2025,BWAY.TA,2168.522853,21
04/04/2025,BWAY.TA,2184.717861,22
05/04/2025,BWAY.TA,2189.27157,23
06/04/2025,BWAY.TA,2169.677614,24
07/04/2025,BWAY.TA,2247.23202,25
08/04/2025,BWAY.TA,2265.692941,26
09/04/2025,BWAY.TA,2282.613637,27
10/04/2025,BWAY.TA,2228.309584,28
11/04/2025,BWAY.TA,2278.121728,29
12/04/2025,BWAY.TA,2183.219719,30
14/03/2025,BRAM.TA,197.8923335,1
15/03/2025,BRAM.TA,201.6017256,2
16/03/2025,BRAM.TA,208.4043766,3
17/03/2025,BRAM.TA,207.6803972,4
18/03/2025,BRAM.TA,207.7369049,5
19/03/2025,BRAM.TA,206.9804336,6
20/03/2025,BRAM.TA,207.1011789,7
21/03/2025,BRAM.TA,201.9690398,8
22/03/2025,BRAM.TA,202.0570408,9
23/03/2025,BRAM.TA,220.1549699,10
24/03/2025,BRAM.TA,220.1422167,11
25/03/2025,BRAM.TA,221.0646832,12
26/03/2025,BRAM.TA,239.4911353,13
27/03/2025,BRAM.TA,259.3787636,14
28/03/2025,BRAM.TA,259.2554109,15
29/03/2025,BRAM.TA,259.216447,16
30/03/2025,BRAM.TA,252.1078717,17
31/03/2025,BRAM.TA,241.2578484,18
01/04/2025,BRAM.TA,234.8547671,19
02/04/2025,BRAM.TA,234.2680839,20
03/04/2025,BRAM.TA,233.3773829,21
04/04/2025,BRAM.TA,233.1505961,22
05/04/2025,BRAM.TA,241.0178012,23
06/04/2025,BRAM.TA,228.0538831,24
07/04/2025,BRAM.TA,228.228794,25
08/04/2025,BRAM.TA,221.1333639,26
09/04/2025,BRAM.TA,221.229715,27
10/04/2025,BRAM.TA,221.5987794,28
11/04/2025,BRAM.TA,222.6664343,29
12/04/2025,BRAM.TA,224.379562,30
14/03/2025,BRND.TA,308.1514448,1
15/03/2025,BRND.TA,316.9633905,2
16/03/2025,BRND.TA,314.2664074,3
17/03/2025,BRND.TA,313.2928588,4
18/03/2025,BRND.TA,319.0469707,5
19/03/2025,BRND.TA,324.1438679,6
20/03/2025,BRND.TA,323.1397204,7
21/03/2025,BRND.TA,326.922178,8
22/03/2025,BRND.TA,326.9606693,9
23/03/2025,BRND.TA,326.1880997,10
24/03/2025,BRND.TA,327.9650656,11
25/03/2025,BRND.TA,327.5424649,12
26/03/2025,BRND.TA,333.5075296,13
27/03/2025,BRND.TA,334.0359126,14
28/03/2025,BRND.TA,352.1797812,15
29/03/2025,BRND.TA,355.0717623,16
30/03/2025,BRND.TA,356.6144667,17
31/03/2025,BRND.TA,362.8356492,18
01/04/2025,BRND.TA,365.2191013,19
02/04/2025,BRND.TA,371.3709668,20
03/04/2025,BRND.TA,377.1280913,21
04/04/2025,BRND.TA,376.4872485,22
05/04/2025,BRND.TA,392.722196,23
06/04/2025,BRND.TA,380.8024925,24
07/04/2025,BRND.TA,382.5467695,25
08/04/2025,BRND.TA,386.2378108,26
09/04/2025,BRND.TA,383.5516207,27
10/04/2025,BRND.TA,380.8841124,28
11/04/2025,BRND.TA,383.386124,29
12/04/2025,BRND.TA,376.5880471,30
14/03/2025,BRIL.TA,1865.847666,1
15/03/2025,BRIL.TA,1853.575823,2
16/03/2025,BRIL.TA,1811.343445,3
17/03/2025,BRIL.TA,1825.507974,4
18/03/2025,BRIL.TA,1826.858166,5
19/03/2025,BRIL.TA,1823.157064,6
20/03/2025,BRIL.TA,1848.605974,7
21/03/2025,BRIL.TA,1846.003655,8
22/03/2025,BRIL.TA,1822.519034,9
23/03/2025,BRIL.TA,1820.352469,10
24/03/2025,BRIL.TA,1821.533446,11
25/03/2025,BRIL.TA,1817.333752,12
26/03/2025,BRIL.TA,1839.214671,13
27/03/2025,BRIL.TA,1836.625573,14
28/03/2025,BRIL.TA,1839.245931,15
29/03/2025,BRIL.TA,1827.150011,16
30/03/2025,BRIL.TA,1824.577896,17
31/03/2025,BRIL.TA,1809.328004,18
01/04/2025,BRIL.TA,1806.194974,19
02/04/2025,BRIL.TA,1869.838545,20
03/04/2025,BRIL.TA,1888.757277,21
04/04/2025,BRIL.TA,1955.310035,22
05/04/2025,BRIL.TA,1970.649434,23
06/04/2025,BRIL.TA,1980.965732,24
07/04/2025,BRIL.TA,1993.014754,25
08/04/2025,BRIL.TA,2014.913435,26
09/04/2025,BRIL.TA,2085.911465,27
10/04/2025,BRIL.TA,2072.193333,28
11/04/2025,BRIL.TA,2025.221825,29
12/04/2025,BRIL.TA,2073.560328,30
14/03/2025,BRMG.TA,1765.48488,1
15/03/2025,BRMG.TA,1815.548846,2
16/03/2025,BRMG.TA,1803.922601,3
17/03/2025,BRMG.TA,1824.828016,4
18/03/2025,BRMG.TA,1821.874,5
19/03/2025,BRMG.TA,1873.295099,6
20/03/2025,BRMG.TA,1865.587528,7
21/03/2025,BRMG.TA,1899.056129,8
22/03/2025,BRMG.TA,1899.070024,9
23/03/2025,BRMG.TA,1913.136372,10
24/03/2025,BRMG.TA,1928.881457,11
25/03/2025,BRMG.TA,1933.85172,12
26/03/2025,BRMG.TA,1939.688429,13
27/03/2025,BRMG.TA,1911.586615,14
28/03/2025,BRMG.TA,1916.512314,15
29/03/2025,BRMG.TA,1901.938665,16
30/03/2025,BRMG.TA,1913.814788,17
31/03/2025,BRMG.TA,1918.746229,18
01/04/2025,BRMG.TA,1927.291089,19
02/04/2025,BRMG.TA,1921.626742,20
03/04/2025,BRMG.TA,1900.050551,21
04/04/2025,BRMG.TA,1828.238634,22
05/04/2025,BRMG.TA,1816.905175,23
06/04/2025,BRMG.TA,1817.164717,24
07/04/2025,BRMG.TA,1813.860845,25
08/04/2025,BRMG.TA,1817.869344,26
09/04/2025,BRMG.TA,1815.669967,27
10/04/2025,BRMG.TA,1813.612165,28
11/04/2025,BRMG.TA,1811.417938,29
12/04/2025,BRMG.TA,1806.094144,30
14/03/2025,BBLS.TA,36.92306724,1
15/03/2025,BBLS.TA,31.69270999,2
16/03/2025,BBLS.TA,33.46274721,3
17/03/2025,BBLS.TA,24.65828888,4
18/03/2025,BBLS.TA,27.01071511,5
19/03/2025,BBLS.TA,24.95936516,6
20/03/2025,BBLS.TA,26.61360317,7
21/03/2025,BBLS.TA,30.29513237,8
22/03/2025,BBLS.TA,-72.87252447,9
23/03/2025,BBLS.TA,-59.80239594,10
24/03/2025,BBLS.TA,-57.3289193,11
25/03/2025,BBLS.TA,-51.23972608,12
26/03/2025,BBLS.TA,-44.6721971,13
27/03/2025,BBLS.TA,-14.21355162,14
28/03/2025,BBLS.TA,-16.6912569,15
29/03/2025,BBLS.TA,-18.31917113,16
30/03/2025,BBLS.TA,-17.34978242,17
31/03/2025,BBLS.TA,-16.40131304,18
01/04/2025,BBLS.TA,-15.5334109,19
02/04/2025,BBLS.TA,-42.05904305,20
03/04/2025,BBLS.TA,-85.51181717,21
04/04/2025,BBLS.TA,-80.24410264,22
05/04/2025,BBLS.TA,-82.57894549,23
06/04/2025,BBLS.TA,-51.94260589,24
07/04/2025,BBLS.TA,-72.29468982,25
08/04/2025,BBLS.TA,-77.95943795,26
09/04/2025,BBLS.TA,-72.89134482,27
10/04/2025,BBLS.TA,-80.00050731,28
11/04/2025,BBLS.TA,-90.70292827,29
12/04/2025,BBLS.TA,-100.6758741,30
14/03/2025,BLGO.TA,743.6314184,1
15/03/2025,BLGO.TA,764.7828396,2
16/03/2025,BLGO.TA,753.5529335,3
17/03/2025,BLGO.TA,737.3616685,4
18/03/2025,BLGO.TA,741.7191209,5
19/03/2025,BLGO.TA,812.9702406,6
20/03/2025,BLGO.TA,802.1099968,7
21/03/2025,BLGO.TA,815.2072697,8
22/03/2025,BLGO.TA,805.8848231,9
23/03/2025,BLGO.TA,787.302767,10
24/03/2025,BLGO.TA,775.7421831,11
25/03/2025,BLGO.TA,777.9403771,12
26/03/2025,BLGO.TA,793.9096405,13
27/03/2025,BLGO.TA,793.2598575,14
28/03/2025,BLGO.TA,800.949,15
29/03/2025,BLGO.TA,810.3047834,16
30/03/2025,BLGO.TA,799.4466296,17
31/03/2025,BLGO.TA,797.6931315,18
01/04/2025,BLGO.TA,776.6726221,19
02/04/2025,BLGO.TA,763.1711502,20
03/04/2025,BLGO.TA,768.0627406,21
04/04/2025,BLGO.TA,776.6502577,22
05/04/2025,BLGO.TA,773.2651544,23
06/04/2025,BLGO.TA,765.3628953,24
07/04/2025,BLGO.TA,785.5008502,25
08/04/2025,BLGO.TA,704.9964607,26
09/04/2025,BLGO.TA,712.0263655,27
10/04/2025,BLGO.TA,719.0573786,28
11/04/2025,BLGO.TA,714.3909835,29
12/04/2025,BLGO.TA,711.8241547,30
14/03/2025,BULL-M.TA,26.80996836,1
15/03/2025,BULL-M.TA,26.80533326,2
16/03/2025,BULL-M.TA,32.37734875,3
17/03/2025,BULL-M.TA,10.10586253,4
18/03/2025,BULL-M.TA,7.27256457,5
19/03/2025,BULL-M.TA,2.26996776,6
20/03/2025,BULL-M.TA,2.35688029,7
21/03/2025,BULL-M.TA,3.68442124,8
22/03/2025,BULL-M.TA,6.80275701,9
23/03/2025,BULL-M.TA,3.45374406,10
24/03/2025,BULL-M.TA,3.46840306,11
25/03/2025,BULL-M.TA,3.43966918,12
26/03/2025,BULL-M.TA,6.68058108,13
27/03/2025,BULL-M.TA,6.62523601,14
28/03/2025,BULL-M.TA,4.76777282,15
29/03/2025,BULL-M.TA,-5.60155936,16
30/03/2025,BULL-M.TA,-14.13933765,17
31/03/2025,BULL-M.TA,66.17048601,18
01/04/2025,BULL-M.TA,47.61880847,19
02/04/2025,BULL-M.TA,55.58481986,20
03/04/2025,BULL-M.TA,140.3060266,21
04/04/2025,BULL-M.TA,160.185688,22
05/04/2025,BULL-M.TA,123.3477485,23
06/04/2025,BULL-M.TA,123.17815,24
07/04/2025,BULL-M.TA,123.4428125,25
08/04/2025,BULL-M.TA,-182.6295611,26
09/04/2025,BULL-M.TA,-460.9896752,27
10/04/2025,BULL-M.TA,63.97146024,28
11/04/2025,BULL-M.TA,74.67305897,29
12/04/2025,BULL-M.TA,543.0184477,30
14/03/2025,CISY.TA,2104.150876,1
15/03/2025,CISY.TA,2097.380688,2
16/03/2025,CISY.TA,2220.300654,3
17/03/2025,CISY.TA,2214.299928,4
18/03/2025,CISY.TA,2210.905222,5
19/03/2025,CISY.TA,2569.101331,6
20/03/2025,CISY.TA,2596.124019,7
21/03/2025,CISY.TA,2595.255233,8
22/03/2025,CISY.TA,2746.65823,9
23/03/2025,CISY.TA,2752.543048,10
24/03/2025,CISY.TA,2812.317144,11
25/03/2025,CISY.TA,2734.127611,12
26/03/2025,CISY.TA,2742.187176,13
27/03/2025,CISY.TA,2737.983175,14
28/03/2025,CISY.TA,2631.582591,15
29/03/2025,CISY.TA,2398.179062,16
30/03/2025,CISY.TA,2396.086226,17
31/03/2025,CISY.TA,2536.799708,18
01/04/2025,CISY.TA,2583.077331,19
02/04/2025,CISY.TA,2429.534209,20
03/04/2025,CISY.TA,2387.415118,21
04/04/2025,CISY.TA,2387.351773,22
05/04/2025,CISY.TA,2493.973079,23
06/04/2025,CISY.TA,2097.536848,24
07/04/2025,CISY.TA,1963.540335,25
08/04/2025,CISY.TA,1907.685368,26
09/04/2025,CISY.TA,1855.424548,27
10/04/2025,CISY.TA,1862.710811,28
11/04/2025,CISY.TA,1724.755377,29
12/04/2025,CISY.TA,1590.341748,30
14/03/2025,CLAB.TA,1324.650944,1
15/03/2025,CLAB.TA,1377.247044,2
16/03/2025,CLAB.TA,1385.149098,3
17/03/2025,CLAB.TA,1399.639853,4
18/03/2025,CLAB.TA,1420.079276,5
19/03/2025,CLAB.TA,1413.05619,6
20/03/2025,CLAB.TA,1386.898881,7
21/03/2025,CLAB.TA,1388.915857,8
22/03/2025,CLAB.TA,1415.543545,9
23/03/2025,CLAB.TA,1395.888461,10
24/03/2025,CLAB.TA,1411.872426,11
25/03/2025,CLAB.TA,1418.0191,12
26/03/2025,CLAB.TA,1423.058482,13
27/03/2025,CLAB.TA,1439.863133,14
28/03/2025,CLAB.TA,1497.033805,15
29/03/2025,CLAB.TA,1512.406944,16
30/03/2025,CLAB.TA,1543.105631,17
31/03/2025,CLAB.TA,1528.9428,18
01/04/2025,CLAB.TA,1459.474367,19
02/04/2025,CLAB.TA,1449.581509,20
03/04/2025,CLAB.TA,1440.36302,21
04/04/2025,CLAB.TA,1441.160219,22
05/04/2025,CLAB.TA,1450.357686,23
06/04/2025,CLAB.TA,1487.198603,24
07/04/2025,CLAB.TA,1514.718133,25
08/04/2025,CLAB.TA,1517.22588,26
09/04/2025,CLAB.TA,1566.563462,27
10/04/2025,CLAB.TA,1555.944713,28
11/04/2025,CLAB.TA,1392.333599,29
12/04/2025,CLAB.TA,1417.41366,30
14/03/2025,CAMT.TA,25087.67049,1
15/03/2025,CAMT.TA,26157.79267,2
16/03/2025,CAMT.TA,25931.2159,3
17/03/2025,CAMT.TA,24281.73773,4
18/03/2025,CAMT.TA,26136.19492,5
19/03/2025,CAMT.TA,25436.04765,6
20/03/2025,CAMT.TA,25558.66499,7
21/03/2025,CAMT.TA,25871.57207,8
22/03/2025,CAMT.TA,26128.49633,9
23/03/2025,CAMT.TA,27455.88095,10
24/03/2025,CAMT.TA,27782.91065,11
25/03/2025,CAMT.TA,26742.83035,12
26/03/2025,CAMT.TA,26752.97927,13
27/03/2025,CAMT.TA,26549.21679,14
28/03/2025,CAMT.TA,27133.26635,15
29/03/2025,CAMT.TA,26909.71308,16
30/03/2025,CAMT.TA,24471.03432,17
31/03/2025,CAMT.TA,20573.77024,18
01/04/2025,CAMT.TA,19714.46129,19
02/04/2025,CAMT.TA,18891.04328,20
03/04/2025,CAMT.TA,18587.64754,21
04/04/2025,CAMT.TA,18434.50234,22
05/04/2025,CAMT.TA,18654.07752,23
06/04/2025,CAMT.TA,18667.66154,24
07/04/2025,CAMT.TA,19229.70702,25
08/04/2025,CAMT.TA,20118.02838,26
09/04/2025,CAMT.TA,19546.59813,27
10/04/2025,CAMT.TA,19192.86092,28
11/04/2025,CAMT.TA,18788.78458,29
12/04/2025,CAMT.TA,18610.74638,30
14/03/2025,CANF.TA,1.72767663,1
15/03/2025,CANF.TA,1.79158217,2
16/03/2025,CANF.TA,1.97010716,3
17/03/2025,CANF.TA,2.51782023,4
18/03/2025,CANF.TA,2.45925787,5
19/03/2025,CANF.TA,2.52234452,6
20/03/2025,CANF.TA,2.34644378,7
21/03/2025,CANF.TA,2.24671478,8
22/03/2025,CANF.TA,2.0522444,9
23/03/2025,CANF.TA,2.24323761,10
24/03/2025,CANF.TA,2.20262231,11
25/03/2025,CANF.TA,2.18422058,12
26/03/2025,CANF.TA,2.02364493,13
27/03/2025,CANF.TA,1.97083973,14
28/03/2025,CANF.TA,1.88977583,15
29/03/2025,CANF.TA,2.19171852,16
30/03/2025,CANF.TA,2.17340789,17
31/03/2025,CANF.TA,2.1499411,18
01/04/2025,CANF.TA,1.97067805,19
02/04/2025,CANF.TA,1.93597606,20
03/04/2025,CANF.TA,2.11614871,21
04/04/2025,CANF.TA,1.88685918,22
05/04/2025,CANF.TA,2.06882561,23
06/04/2025,CANF.TA,2.01979306,24
07/04/2025,CANF.TA,2.00384678,25
08/04/2025,CANF.TA,2.00803835,26
09/04/2025,CANF.TA,2.18983992,27
10/04/2025,CANF.TA,2.07555682,28
11/04/2025,CANF.TA,2.28237891,29
12/04/2025,CANF.TA,2.27821795,30
14/03/2025,CNGL.TA,1035.04527,1
15/03/2025,CNGL.TA,939.5639635,2
16/03/2025,CNGL.TA,966.195453,3
17/03/2025,CNGL.TA,961.3263505,4
18/03/2025,CNGL.TA,1031.431202,5
19/03/2025,CNGL.TA,1032.102566,6
20/03/2025,CNGL.TA,1033.175237,7
21/03/2025,CNGL.TA,1113.510899,8
22/03/2025,CNGL.TA,1194.713828,9
23/03/2025,CNGL.TA,1170.035562,10
24/03/2025,CNGL.TA,1299.179148,11
25/03/2025,CNGL.TA,1313.953793,12
26/03/2025,CNGL.TA,1254.542232,13
27/03/2025,CNGL.TA,1294.277429,14
28/03/2025,CNGL.TA,1286.321355,15
29/03/2025,CNGL.TA,1287.607178,16
30/03/2025,CNGL.TA,1285.433547,17
31/03/2025,CNGL.TA,1258.881355,18
01/04/2025,CNGL.TA,1298.753985,19
02/04/2025,CNGL.TA,1243.743181,20
03/04/2025,CNGL.TA,1114.496097,21
04/04/2025,CNGL.TA,1108.100668,22
05/04/2025,CNGL.TA,1005.880115,23
06/04/2025,CNGL.TA,973.2920834,24
07/04/2025,CNGL.TA,927.4973111,25
08/04/2025,CNGL.TA,964.7295478,26
09/04/2025,CNGL.TA,1035.082578,27
10/04/2025,CNGL.TA,1067.866815,28
11/04/2025,CNGL.TA,963.3536439,29
12/04/2025,CNGL.TA,892.6785151,30
14/03/2025,CNTC.TA,3886.700599,1
15/03/2025,CNTC.TA,3515.695262,2
16/03/2025,CNTC.TA,4353.004685,3
17/03/2025,CNTC.TA,2079.32526,4
18/03/2025,CNTC.TA,909.6221866,5
19/03/2025,CNTC.TA,1760.132027,6
20/03/2025,CNTC.TA,1074.594628,7
21/03/2025,CNTC.TA,775.2916995,8
22/03/2025,CNTC.TA,632.4470175,9
23/03/2025,CNTC.TA,944.9023368,10
24/03/2025,CNTC.TA,826.4105659,11
25/03/2025,CNTC.TA,-2.30924432,12
26/03/2025,CNTC.TA,-3.541421,13
27/03/2025,CNTC.TA,-16.07102912,14
28/03/2025,CNTC.TA,-25.47454724,15
29/03/2025,CNTC.TA,-28.98115001,16
30/03/2025,CNTC.TA,-27.86618047,17
31/03/2025,CNTC.TA,-12.76932313,18
01/04/2025,CNTC.TA,-11.16803626,19
02/04/2025,CNTC.TA,-12.70533019,20
03/04/2025,CNTC.TA,-12.65140687,21
04/04/2025,CNTC.TA,-13.03886305,22
05/04/2025,CNTC.TA,-12.53722887,23
06/04/2025,CNTC.TA,-9.06417433,24
07/04/2025,CNTC.TA,-4.01329623,25
08/04/2025,CNTC.TA,-4.75580143,26
09/04/2025,CNTC.TA,-4.63287187,27
10/04/2025,CNTC.TA,-4.27724729,28
11/04/2025,CNTC.TA,-3.97522585,29
12/04/2025,CNTC.TA,-4.87525106,30
14/03/2025,CNZN.TA,74.16470702,1
15/03/2025,CNZN.TA,73.40297596,2
16/03/2025,CNZN.TA,79.93265665,3
17/03/2025,CNZN.TA,81.12415508,4
18/03/2025,CNZN.TA,78.18437592,5
19/03/2025,CNZN.TA,79.07563975,6
20/03/2025,CNZN.TA,79.3622266,7
21/03/2025,CNZN.TA,79.12460526,8
22/03/2025,CNZN.TA,76.19033571,9
23/03/2025,CNZN.TA,76.89266767,10
24/03/2025,CNZN.TA,81.33321504,11
25/03/2025,CNZN.TA,88.76554664,12
26/03/2025,CNZN.TA,68.69406992,13
27/03/2025,CNZN.TA,59.97634984,14
28/03/2025,CNZN.TA,64.31498786,15
29/03/2025,CNZN.TA,62.70037217,16
30/03/2025,CNZN.TA,62.72080263,17
31/03/2025,CNZN.TA,63.37771917,18
01/04/2025,CNZN.TA,63.21864174,19
02/04/2025,CNZN.TA,63.06870521,20
03/04/2025,CNZN.TA,-0.35687649,21
04/04/2025,CNZN.TA,-0.35509822,22
05/04/2025,CNZN.TA,-0.23726735,23
06/04/2025,CNZN.TA,-0.22801734,24
07/04/2025,CNZN.TA,-0.2298166,25
08/04/2025,CNZN.TA,-0.23222362,26
09/04/2025,CNZN.TA,-0.24264517,27
10/04/2025,CNZN.TA,-0.24015301,28
11/04/2025,CNZN.TA,-0.22765127,29
12/04/2025,CNZN.TA,-0.23694814,30
14/03/2025,CPTP.TA,51.54770506,1
15/03/2025,CPTP.TA,52.26365718,2
16/03/2025,CPTP.TA,52.63361358,3
17/03/2025,CPTP.TA,52.59022842,4
18/03/2025,CPTP.TA,-5.2005537,5
19/03/2025,CPTP.TA,-5.20097475,6
20/03/2025,CPTP.TA,-5.20552904,7
21/03/2025,CPTP.TA,-5.04232006,8
22/03/2025,CPTP.TA,-5.15909768,9
23/03/2025,CPTP.TA,-5.18903924,10
24/03/2025,CPTP.TA,-4.99563874,11
25/03/2025,CPTP.TA,-4.97817946,12
26/03/2025,CPTP.TA,-4.97987692,13
27/03/2025,CPTP.TA,-4.97573819,14
28/03/2025,CPTP.TA,-4.81973384,15
29/03/2025,CPTP.TA,-4.84330226,16
30/03/2025,CPTP.TA,-4.84802168,17
31/03/2025,CPTP.TA,-4.84134744,18
01/04/2025,CPTP.TA,-4.88923499,19
02/04/2025,CPTP.TA,-4.80325889,20
03/04/2025,CPTP.TA,-4.52006213,21
04/04/2025,CPTP.TA,-4.53024568,22
05/04/2025,CPTP.TA,-4.52982025,23
06/04/2025,CPTP.TA,-4.530187,24
07/04/2025,CPTP.TA,-4.51934672,25
08/04/2025,CPTP.TA,-4.50105099,26
09/04/2025,CPTP.TA,-4.4998307,27
10/04/2025,CPTP.TA,-4.66182655,28
11/04/2025,CPTP.TA,-4.65565839,29
12/04/2025,CPTP.TA,-4.7608081,30
14/03/2025,CRSM.TA,3306.286596,1
15/03/2025,CRSM.TA,3376.559783,2
16/03/2025,CRSM.TA,3338.050515,3
17/03/2025,CRSM.TA,3423.337293,4
18/03/2025,CRSM.TA,3418.185914,5
19/03/2025,CRSM.TA,3481.134874,6
20/03/2025,CRSM.TA,3643.84137,7
21/03/2025,CRSM.TA,3738.917801,8
22/03/2025,CRSM.TA,3807.773326,9
23/03/2025,CRSM.TA,3918.581453,10
24/03/2025,CRSM.TA,3961.708994,11
25/03/2025,CRSM.TA,4016.112336,12
26/03/2025,CRSM.TA,4313.053591,13
27/03/2025,CRSM.TA,4349.95254,14
28/03/2025,CRSM.TA,4347.330592,15
29/03/2025,CRSM.TA,4399.097692,16
30/03/2025,CRSM.TA,4480.111022,17
31/03/2025,CRSM.TA,4522.664823,18
01/04/2025,CRSM.TA,4502.897684,19
02/04/2025,CRSM.TA,4541.420782,20
03/04/2025,CRSM.TA,4558.257831,21
04/04/2025,CRSM.TA,4507.605126,22
05/04/2025,CRSM.TA,4487.351582,23
06/04/2025,CRSM.TA,4548.973201,24
07/04/2025,CRSM.TA,4648.727488,25
08/04/2025,CRSM.TA,4750.669284,26
09/04/2025,CRSM.TA,4313.177468,27
10/04/2025,CRSM.TA,4441.095241,28
11/04/2025,CRSM.TA,4476.963568,29
12/04/2025,CRSM.TA,4592.83354,30
14/03/2025,CRSR.TA,3466.083579,1
15/03/2025,CRSR.TA,3464.938574,2
16/03/2025,CRSR.TA,3426.67629,3
17/03/2025,CRSR.TA,3468.300419,4
18/03/2025,CRSR.TA,3503.422764,5
19/03/2025,CRSR.TA,3618.132881,6
20/03/2025,CRSR.TA,3604.606684,7
21/03/2025,CRSR.TA,3722.629796,8
22/03/2025,CRSR.TA,3713.565359,9
23/03/2025,CRSR.TA,3795.350125,10
24/03/2025,CRSR.TA,3833.784395,11
25/03/2025,CRSR.TA,3852.070011,12
26/03/2025,CRSR.TA,3824.4617,13
27/03/2025,CRSR.TA,3845.535548,14
28/03/2025,CRSR.TA,3831.29973,15
29/03/2025,CRSR.TA,3737.966539,16
30/03/2025,CRSR.TA,3758.563775,17
31/03/2025,CRSR.TA,3621.935617,18
01/04/2025,CRSR.TA,3451.309887,19
02/04/2025,CRSR.TA,3379.862771,20
03/04/2025,CRSR.TA,3256.712082,21
04/04/2025,CRSR.TA,3247.561129,22
05/04/2025,CRSR.TA,3216.428165,23
06/04/2025,CRSR.TA,3207.785883,24
07/04/2025,CRSR.TA,3091.17914,25
08/04/2025,CRSR.TA,2978.547099,26
09/04/2025,CRSR.TA,2870.018987,27
10/04/2025,CRSR.TA,2825.235155,28
11/04/2025,CRSR.TA,2722.534575,29
12/04/2025,CRSR.TA,2763.169253,30
14/03/2025,CRML.TA,1968.79963,1
15/03/2025,CRML.TA,1933.034803,2
16/03/2025,CRML.TA,1900.965607,3
17/03/2025,CRML.TA,1904.686344,4
18/03/2025,CRML.TA,1855.518458,5
19/03/2025,CRML.TA,1853.318624,6
20/03/2025,CRML.TA,1858.411865,7
21/03/2025,CRML.TA,1863.738454,8
22/03/2025,CRML.TA,1898.930332,9
23/03/2025,CRML.TA,1855.872704,10
24/03/2025,CRML.TA,1837.12905,11
25/03/2025,CRML.TA,1803.094195,12
26/03/2025,CRML.TA,1763.700159,13
27/03/2025,CRML.TA,1768.547114,14
28/03/2025,CRML.TA,1773.407388,15
29/03/2025,CRML.TA,1734.66195,16
30/03/2025,CRML.TA,1883.25822,17
31/03/2025,CRML.TA,1793.291441,18
01/04/2025,CRML.TA,1752.629141,19
02/04/2025,CRML.TA,1754.991602,20
03/04/2025,CRML.TA,1775.697263,21
04/04/2025,CRML.TA,1796.647213,22
05/04/2025,CRML.TA,1711.806596,23
06/04/2025,CRML.TA,1729.794066,24
07/04/2025,CRML.TA,1772.239993,25
08/04/2025,CRML.TA,1798.936459,26
09/04/2025,CRML.TA,1779.967881,27
10/04/2025,CRML.TA,1788.16574,28
11/04/2025,CRML.TA,1774.683824,29
12/04/2025,CRML.TA,1754.233988,30
14/03/2025,CRMT.TA,1238.502482,1
15/03/2025,CRMT.TA,1238.583728,2
16/03/2025,CRMT.TA,1252.782787,3
17/03/2025,CRMT.TA,1254.340989,4
18/03/2025,CRMT.TA,1286.070139,5
19/03/2025,CRMT.TA,1262.525026,6
20/03/2025,CRMT.TA,1262.618951,7
21/03/2025,CRMT.TA,1277.444579,8
22/03/2025,CRMT.TA,1291.483629,9
23/03/2025,CRMT.TA,1309.757259,10
24/03/2025,CRMT.TA,1317.414018,11
25/03/2025,CRMT.TA,1318.339591,12
26/03/2025,CRMT.TA,1339.829193,13
27/03/2025,CRMT.TA,1352.383956,14
28/03/2025,CRMT.TA,1367.887614,15
29/03/2025,CRMT.TA,1361.247435,16
30/03/2025,CRMT.TA,1345.563435,17
31/03/2025,CRMT.TA,1321.642506,18
01/04/2025,CRMT.TA,-1165.708907,19
02/04/2025,CRMT.TA,-1166.325597,20
03/04/2025,CRMT.TA,1033.030236,21
04/04/2025,CRMT.TA,1033.185608,22
05/04/2025,CRMT.TA,1033.253386,23
06/04/2025,CRMT.TA,-19503.21141,24
07/04/2025,CRMT.TA,-19956.69035,25
08/04/2025,CRMT.TA,-20018.35078,26
09/04/2025,CRMT.TA,-21683.98564,27
10/04/2025,CRMT.TA,-21687.247,28
11/04/2025,CRMT.TA,-23050.13218,29
12/04/2025,CRMT.TA,-23117.23106,30
14/03/2025,CAST.TA,12448.8091,1
15/03/2025,CAST.TA,12170.07235,2
16/03/2025,CAST.TA,12002.76649,3
17/03/2025,CAST.TA,12123.97035,4
18/03/2025,CAST.TA,12158.14288,5
19/03/2025,CAST.TA,11895.74851,6
20/03/2025,CAST.TA,12010.02952,7
21/03/2025,CAST.TA,12032.66164,8
22/03/2025,CAST.TA,12245.05559,9
23/03/2025,CAST.TA,12413.41399,10
24/03/2025,CAST.TA,12435.47914,11
25/03/2025,CAST.TA,12408.02705,12
26/03/2025,CAST.TA,12349.03749,13
27/03/2025,CAST.TA,12285.16017,14
28/03/2025,CAST.TA,12233.16684,15
29/03/2025,CAST.TA,12635.7093,16
30/03/2025,CAST.TA,12608.28215,17
31/03/2025,CAST.TA,12878.36779,18
01/04/2025,CAST.TA,13225.46918,19
02/04/2025,CAST.TA,13310.96495,20
03/04/2025,CAST.TA,13254.31702,21
04/04/2025,CAST.TA,13198.57927,22
05/04/2025,CAST.TA,13366.06183,23
06/04/2025,CAST.TA,13316.19417,24
07/04/2025,CAST.TA,13774.64496,25
08/04/2025,CAST.TA,13704.86334,26
09/04/2025,CAST.TA,14024.69702,27
10/04/2025,CAST.TA,14032.97397,28
11/04/2025,CAST.TA,14014.48367,29
12/04/2025,CAST.TA,14166.10821,30
14/03/2025,CEL.TA,2605.375179,1
15/03/2025,CEL.TA,2631.143471,2
16/03/2025,CEL.TA,2644.257479,3
17/03/2025,CEL.TA,2708.082886,4
18/03/2025,CEL.TA,2721.745186,5
19/03/2025,CEL.TA,2829.927102,6
20/03/2025,CEL.TA,2896.549156,7
21/03/2025,CEL.TA,2976.017637,8
22/03/2025,CEL.TA,2973.230087,9
23/03/2025,CEL.TA,3015.314709,10
24/03/2025,CEL.TA,3023.115598,11
25/03/2025,CEL.TA,2965.452696,12
26/03/2025,CEL.TA,3009.420714,13
27/03/2025,CEL.TA,3044.34156,14
28/03/2025,CEL.TA,3123.703131,15
29/03/2025,CEL.TA,3247.861775,16
30/03/2025,CEL.TA,3321.912395,17
31/03/2025,CEL.TA,3318.711738,18
01/04/2025,CEL.TA,3460.028632,19
02/04/2025,CEL.TA,3429.42472,20
03/04/2025,CEL.TA,3405.635486,21
04/04/2025,CEL.TA,3386.436225,22
05/04/2025,CEL.TA,3528.07449,23
06/04/2025,CEL.TA,3486.674207,24
07/04/2025,CEL.TA,3566.169704,25
08/04/2025,CEL.TA,3492.355463,26
09/04/2025,CEL.TA,3451.374326,27
10/04/2025,CEL.TA,3502.546981,28
11/04/2025,CEL.TA,3564.628848,29
12/04/2025,CEL.TA,3582.395485,30
14/03/2025,CILO.TA,-1739.106009,1
15/03/2025,CILO.TA,-20372.03807,2
16/03/2025,CILO.TA,-146470.1031,3
17/03/2025,CILO.TA,1106621.841,4
18/03/2025,CILO.TA,-8360831.824,5
19/03/2025,CILO.TA,-15352157.95,6
20/03/2025,CILO.TA,-13086967.77,7
21/03/2025,CILO.TA,51196336.59,8
22/03/2025,CILO.TA,31427529.63,9
23/03/2025,CILO.TA,-2.22E+08,10
24/03/2025,CILO.TA,-2.21E+08,11
25/03/2025,CILO.TA,-1.95E+08,12
26/03/2025,CILO.TA,-2.22E+08,13
27/03/2025,CILO.TA,-5.51E+08,14
28/03/2025,CILO.TA,-6.04E+08,15
29/03/2025,CILO.TA,4.56E+09,16
30/03/2025,CILO.TA,4.86E+09,17
31/03/2025,CILO.TA,3.66E+09,18
01/04/2025,CILO.TA,4.44E+09,19
02/04/2025,CILO.TA,1.16E+09,20
03/04/2025,CILO.TA,-1.39E+08,21
04/04/2025,CILO.TA,-2.70E+08,22
05/04/2025,CILO.TA,2.71E+08,23
06/04/2025,CILO.TA,2.76E+08,24
07/04/2025,CILO.TA,1.22E+08,25
08/04/2025,CILO.TA,2.49E+08,26
09/04/2025,CILO.TA,1.11E+08,27
10/04/2025,CILO.TA,7.97E+08,28
11/04/2025,CILO.TA,-1.60E+08,29
12/04/2025,CILO.TA,-1.29E+09,30
17/01/2025,CION.TA,34.12731245,1
18/01/2025,CION.TA,34.13188186,2
19/01/2025,CION.TA,34.36784724,3
20/01/2025,CION.TA,34.56680185,4
21/01/2025,CION.TA,34.5735864,5
22/01/2025,CION.TA,34.59695384,6
23/01/2025,CION.TA,34.69854505,7
24/01/2025,CION.TA,34.93842796,8
25/01/2025,CION.TA,36.0968203,9
26/01/2025,CION.TA,36.29641508,10
27/01/2025,CION.TA,36.947039,11
28/01/2025,CION.TA,37.90573972,12
29/01/2025,CION.TA,37.89857555,13
30/01/2025,CION.TA,37.9005187,14
31/01/2025,CION.TA,37.90246195,15
01/02/2025,CION.TA,37.90782446,16
02/02/2025,CION.TA,38.58733337,17
03/02/2025,CION.TA,38.57280817,18
04/02/2025,CION.TA,38.61454783,19
05/02/2025,CION.TA,38.63042992,20
06/02/2025,CION.TA,38.63619308,21
07/02/2025,CION.TA,38.63043797,22
08/02/2025,CION.TA,39.91123983,23
09/02/2025,CION.TA,40.1609878,24
10/02/2025,CION.TA,40.39347876,25
11/02/2025,CION.TA,34.8582509,26
12/02/2025,CION.TA,35.48309531,27
13/02/2025,CION.TA,35.47638901,28
14/02/2025,CION.TA,35.68176095,29
15/02/2025,CION.TA,35.90504259,30
14/03/2025,CPIA.TA,41.61682934,1
15/03/2025,CPIA.TA,41.2989862,2
16/03/2025,CPIA.TA,41.10736679,3
17/03/2025,CPIA.TA,41.5314997,4
18/03/2025,CPIA.TA,41.89476588,5
19/03/2025,CPIA.TA,41.84078146,6
20/03/2025,CPIA.TA,40.99812394,7
21/03/2025,CPIA.TA,41.00926367,8
22/03/2025,CPIA.TA,38.80305959,9
23/03/2025,CPIA.TA,38.6230208,10
24/03/2025,CPIA.TA,37.82074481,11
25/03/2025,CPIA.TA,35.78607571,12
26/03/2025,CPIA.TA,36.62704071,13
27/03/2025,CPIA.TA,37.0472944,14
28/03/2025,CPIA.TA,37.15964705,15
29/03/2025,CPIA.TA,36.87584507,16
30/03/2025,CPIA.TA,36.89671526,17
31/03/2025,CPIA.TA,36.89465203,18
01/04/2025,CPIA.TA,38.16738076,19
02/04/2025,CPIA.TA,37.37456931,20
03/04/2025,CPIA.TA,37.08886451,21
04/04/2025,CPIA.TA,37.33584675,22
05/04/2025,CPIA.TA,36.80587233,23
06/04/2025,CPIA.TA,36.15376813,24
07/04/2025,CPIA.TA,38.80279982,25
08/04/2025,CPIA.TA,37.85650188,26
09/04/2025,CPIA.TA,35.81990914,27
10/04/2025,CPIA.TA,36.13321739,28
11/04/2025,CPIA.TA,36.44926608,29
12/04/2025,CPIA.TA,36.0385765,30
14/03/2025,CTPL1.TA,30437.93524,1
15/03/2025,CTPL1.TA,30414.31016,2
16/03/2025,CTPL1.TA,31395.40646,3
17/03/2025,CTPL1.TA,106181.2584,4
18/03/2025,CTPL1.TA,-6822.795606,5
19/03/2025,CTPL1.TA,-2196.456875,6
20/03/2025,CTPL1.TA,-1915.833865,7
21/03/2025,CTPL1.TA,-2032.326784,8
22/03/2025,CTPL1.TA,-1023.966303,9
23/03/2025,CTPL1.TA,-367.8769298,10
24/03/2025,CTPL1.TA,-898.5022504,11
25/03/2025,CTPL1.TA,-928.7000297,12
26/03/2025,CTPL1.TA,-744.4963276,13
27/03/2025,CTPL1.TA,-760.9466377,14
28/03/2025,CTPL1.TA,-441.191841,15
29/03/2025,CTPL1.TA,-316.0769287,16
30/03/2025,CTPL1.TA,-316.0769287,17
31/03/2025,CTPL1.TA,-323.5152421,18
01/04/2025,CTPL1.TA,-360.0307837,19
02/04/2025,CTPL1.TA,-288.5989037,20
03/04/2025,CTPL1.TA,-288.6006702,21
04/04/2025,CTPL1.TA,-299.2847712,22
05/04/2025,CTPL1.TA,-482.4272734,23
06/04/2025,CTPL1.TA,-493.0869341,24
07/04/2025,CTPL1.TA,-480.0497154,25
08/04/2025,CTPL1.TA,-531.6374312,26
09/04/2025,CTPL1.TA,-706.8923101,27
10/04/2025,CTPL1.TA,-737.7733216,28
11/04/2025,CTPL1.TA,-782.8537242,29
12/04/2025,CTPL1.TA,-817.0531553,30
14/03/2025,CTPL5.TA,90283.42501,1
15/03/2025,CTPL5.TA,-1411643.636,2
16/03/2025,CTPL5.TA,-1061302.229,3
17/03/2025,CTPL5.TA,87965.48958,4
18/03/2025,CTPL5.TA,-19220.80625,5
19/03/2025,CTPL5.TA,-17805.94312,6
20/03/2025,CTPL5.TA,-17851.43068,7
21/03/2025,CTPL5.TA,-17846.79544,8
22/03/2025,CTPL5.TA,-17854.53164,9
23/03/2025,CTPL5.TA,-16364.50979,10
24/03/2025,CTPL5.TA,-16539.32442,11
25/03/2025,CTPL5.TA,846611.2943,12
26/03/2025,CTPL5.TA,775958.6808,13
27/03/2025,CTPL5.TA,864925.7067,14
28/03/2025,CTPL5.TA,-13523710.13,15
29/03/2025,CTPL5.TA,-2484026.467,16
30/03/2025,CTPL5.TA,-2483381.473,17
31/03/2025,CTPL5.TA,-2362018.649,18
01/04/2025,CTPL5.TA,-2413249.984,19
02/04/2025,CTPL5.TA,-2026823.996,20
03/04/2025,CTPL5.TA,-2027702.581,21
04/04/2025,CTPL5.TA,-2071682.72,22
05/04/2025,CTPL5.TA,-1970439.61,23
06/04/2025,CTPL5.TA,-1967775.819,24
07/04/2025,CTPL5.TA,-3891334.96,25
08/04/2025,CTPL5.TA,-4337493.379,26
09/04/2025,CTPL5.TA,-4834805.794,27
10/04/2025,CTPL5.TA,58694662.33,28
11/04/2025,CTPL5.TA,12221571.89,29
12/04/2025,CTPL5.TA,-32074781.98,30
14/03/2025,CBI.TA,35.46106274,1
15/03/2025,CBI.TA,30.79555092,2
16/03/2025,CBI.TA,30.85472062,3
17/03/2025,CBI.TA,30.80699671,4
18/03/2025,CBI.TA,32.04670428,5
19/03/2025,CBI.TA,31.86785327,6
20/03/2025,CBI.TA,35.9708953,7
21/03/2025,CBI.TA,36.3269928,8
22/03/2025,CBI.TA,36.27080475,9
23/03/2025,CBI.TA,37.730382,10
24/03/2025,CBI.TA,39.3340659,11
25/03/2025,CBI.TA,40.03120742,12
26/03/2025,CBI.TA,40.45264515,13
27/03/2025,CBI.TA,39.51746235,14
28/03/2025,CBI.TA,39.8200309,15
29/03/2025,CBI.TA,38.82374838,16
30/03/2025,CBI.TA,37.77744241,17
31/03/2025,CBI.TA,37.12978393,18
01/04/2025,CBI.TA,36.70929286,19
02/04/2025,CBI.TA,36.77982507,20
03/04/2025,CBI.TA,36.07080581,21
04/04/2025,CBI.TA,34.78639245,22
05/04/2025,CBI.TA,35.06747555,23
06/04/2025,CBI.TA,35.85372504,24
07/04/2025,CBI.TA,36.13996042,25
08/04/2025,CBI.TA,36.69364896,26
09/04/2025,CBI.TA,35.98629096,27
10/04/2025,CBI.TA,36.36514491,28
11/04/2025,CBI.TA,36.74798732,29
12/04/2025,CBI.TA,36.03958182,30
14/03/2025,CLIS.TA,10549.82216,1
15/03/2025,CLIS.TA,10688.20145,2
16/03/2025,CLIS.TA,10569.20069,3
17/03/2025,CLIS.TA,10364.41332,4
18/03/2025,CLIS.TA,10504.85689,5
19/03/2025,CLIS.TA,10201.09118,6
20/03/2025,CLIS.TA,10284.84364,7
21/03/2025,CLIS.TA,10685.1355,8
22/03/2025,CLIS.TA,10624.27495,9
23/03/2025,CLIS.TA,10640.64646,10
24/03/2025,CLIS.TA,10918.31427,11
25/03/2025,CLIS.TA,10997.11337,12
26/03/2025,CLIS.TA,10652.64587,13
27/03/2025,CLIS.TA,11203.28284,14
28/03/2025,CLIS.TA,11139.47102,15
29/03/2025,CLIS.TA,10969.92558,16
30/03/2025,CLIS.TA,10907.44292,17
31/03/2025,CLIS.TA,10729.99961,18
01/04/2025,CLIS.TA,10969.0797,19
02/04/2025,CLIS.TA,11255.31798,20
03/04/2025,CLIS.TA,11244.95549,21
04/04/2025,CLIS.TA,11161.87745,22
05/04/2025,CLIS.TA,10768.04607,23
06/04/2025,CLIS.TA,10749.20216,24
07/04/2025,CLIS.TA,10837.68663,25
08/04/2025,CLIS.TA,11059.99274,26
09/04/2025,CLIS.TA,11007.29847,27
10/04/2025,CLIS.TA,11091.40455,28
11/04/2025,CLIS.TA,11182.46662,29
12/04/2025,CLIS.TA,11274.27632,30
14/03/2025,CFX.TA,414.7403025,1
15/03/2025,CFX.TA,415.0242424,2
16/03/2025,CFX.TA,424.4359571,3
17/03/2025,CFX.TA,424.0391093,4
18/03/2025,CFX.TA,421.8321913,5
19/03/2025,CFX.TA,423.3552523,6
20/03/2025,CFX.TA,423.2430995,7
21/03/2025,CFX.TA,422.2299231,8
22/03/2025,CFX.TA,433.549651,9
23/03/2025,CFX.TA,433.1339836,10
24/03/2025,CFX.TA,432.798788,11
25/03/2025,CFX.TA,432.7635546,12
26/03/2025,CFX.TA,437.2074172,13
27/03/2025,CFX.TA,435.3813194,14
28/03/2025,CFX.TA,437.0808468,15
29/03/2025,CFX.TA,440.1852185,16
30/03/2025,CFX.TA,434.6530436,17
31/03/2025,CFX.TA,442.7864369,18
01/04/2025,CFX.TA,447.7790245,19
02/04/2025,CFX.TA,444.7789709,20
03/04/2025,CFX.TA,444.7927555,21
04/04/2025,CFX.TA,453.4717907,22
05/04/2025,CFX.TA,450.3582584,23
06/04/2025,CFX.TA,444.7295365,24
07/04/2025,CFX.TA,440.9717563,25
08/04/2025,CFX.TA,449.5762341,26
09/04/2025,CFX.TA,439.2631539,27
10/04/2025,CFX.TA,448.2912165,28
11/04/2025,CFX.TA,452.725931,29
12/04/2025,CFX.TA,457.0995783,30
14/03/2025,CDEV.TA,16468.38725,1
15/03/2025,CDEV.TA,16471.16713,2
16/03/2025,CDEV.TA,20527.69988,3
17/03/2025,CDEV.TA,20478.7651,4
18/03/2025,CDEV.TA,20241.79449,5
19/03/2025,CDEV.TA,20358.36747,6
20/03/2025,CDEV.TA,20452.69436,7
21/03/2025,CDEV.TA,21096.1482,8
22/03/2025,CDEV.TA,21122.45867,9
23/03/2025,CDEV.TA,20847.06168,10
24/03/2025,CDEV.TA,20914.81816,11
25/03/2025,CDEV.TA,20908.42637,12
26/03/2025,CDEV.TA,21052.22273,13
27/03/2025,CDEV.TA,20207.41665,14
28/03/2025,CDEV.TA,20170.42492,15
29/03/2025,CDEV.TA,19902.76737,16
30/03/2025,CDEV.TA,19866.23155,17
31/03/2025,CDEV.TA,19607.21339,18
01/04/2025,CDEV.TA,19649.66821,19
02/04/2025,CDEV.TA,19629.78054,20
03/04/2025,CDEV.TA,19039.21646,21
04/04/2025,CDEV.TA,19484.0993,22
05/04/2025,CDEV.TA,19962.36258,23
06/04/2025,CDEV.TA,20167.79309,24
07/04/2025,CDEV.TA,20193.85085,25
08/04/2025,CDEV.TA,20332.73276,26
09/04/2025,CDEV.TA,20420.40972,27
10/04/2025,CDEV.TA,21049.74406,28
11/04/2025,CDEV.TA,20961.74579,29
12/04/2025,CDEV.TA,20948.92743,30
14/03/2025,CGEN.TA,627.4982949,1
15/03/2025,CGEN.TA,652.2637372,2
16/03/2025,CGEN.TA,643.0526162,3
17/03/2025,CGEN.TA,624.3737832,4
18/03/2025,CGEN.TA,646.4292175,5
19/03/2025,CGEN.TA,630.3984015,6
20/03/2025,CGEN.TA,613.7446233,7
21/03/2025,CGEN.TA,527.4563393,8
22/03/2025,CGEN.TA,543.2218357,9
23/03/2025,CGEN.TA,525.3105416,10
24/03/2025,CGEN.TA,510.3764488,11
25/03/2025,CGEN.TA,485.2592683,12
26/03/2025,CGEN.TA,470.5114934,13
27/03/2025,CGEN.TA,475.2728763,14
28/03/2025,CGEN.TA,474.8896236,15
29/03/2025,CGEN.TA,478.9823362,16
30/03/2025,CGEN.TA,476.0788884,17
31/03/2025,CGEN.TA,475.647649,18
01/04/2025,CGEN.TA,490.0555739,19
02/04/2025,CGEN.TA,489.5937755,20
03/04/2025,CGEN.TA,486.6260043,21
04/04/2025,CGEN.TA,495.9657631,22
05/04/2025,CGEN.TA,497.6949273,23
06/04/2025,CGEN.TA,559.1152985,24
07/04/2025,CGEN.TA,566.5657721,25
08/04/2025,CGEN.TA,546.383417,26
09/04/2025,CGEN.TA,565.538208,27
10/04/2025,CGEN.TA,546.8910908,28
11/04/2025,CGEN.TA,535.8136856,29
12/04/2025,CGEN.TA,518.7883587,30
14/03/2025,CMDR.TA,38690.97498,1
15/03/2025,CMDR.TA,38532.25117,2
16/03/2025,CMDR.TA,38394.78855,3
17/03/2025,CMDR.TA,38111.49163,4
18/03/2025,CMDR.TA,39156.79823,5
19/03/2025,CMDR.TA,39138.64853,6
20/03/2025,CMDR.TA,38615.17098,7
21/03/2025,CMDR.TA,38979.96514,8
22/03/2025,CMDR.TA,38837.63119,9
23/03/2025,CMDR.TA,39598.23822,10
24/03/2025,CMDR.TA,40286.15594,11
25/03/2025,CMDR.TA,39992.87115,12
26/03/2025,CMDR.TA,39457.96841,13
27/03/2025,CMDR.TA,39530.023,14
28/03/2025,CMDR.TA,39549.3279,15
29/03/2025,CMDR.TA,40236.39593,16
30/03/2025,CMDR.TA,38798.40245,17
31/03/2025,CMDR.TA,38070.37877,18
01/04/2025,CMDR.TA,38514.80177,19
02/04/2025,CMDR.TA,39636.13866,20
03/04/2025,CMDR.TA,39956.18828,21
04/04/2025,CMDR.TA,39349.63456,22
05/04/2025,CMDR.TA,39031.38249,23
06/04/2025,CMDR.TA,38541.10938,24
07/04/2025,CMDR.TA,38341.30216,25
08/04/2025,CMDR.TA,38650.89637,26
09/04/2025,CMDR.TA,39026.27828,27
10/04/2025,CMDR.TA,39337.24442,28
11/04/2025,CMDR.TA,39796.45646,29
12/04/2025,CMDR.TA,40504.80285,30
14/03/2025,CNTL-M.TA,16.7238822,1
15/03/2025,CNTL-M.TA,16.82464858,2
16/03/2025,CNTL-M.TA,17.3016163,3
17/03/2025,CNTL-M.TA,19.08718922,4
18/03/2025,CNTL-M.TA,19.14014275,5
19/03/2025,CNTL-M.TA,19.20607194,6
20/03/2025,CNTL-M.TA,-2.52951777,7
21/03/2025,CNTL-M.TA,-2.49989375,8
22/03/2025,CNTL-M.TA,-2.54644981,9
23/03/2025,CNTL-M.TA,-2.41673211,10
24/03/2025,CNTL-M.TA,-2.4209133,11
25/03/2025,CNTL-M.TA,-2.35026669,12
26/03/2025,CNTL-M.TA,-1.93785962,13
27/03/2025,CNTL-M.TA,-1.98677402,14
28/03/2025,CNTL-M.TA,-1.99197575,15
29/03/2025,CNTL-M.TA,-2.00016686,16
30/03/2025,CNTL-M.TA,-2.00439342,17
31/03/2025,CNTL-M.TA,-1.65267758,18
01/04/2025,CNTL-M.TA,3.59602676,19
02/04/2025,CNTL-M.TA,-7.8245198,20
03/04/2025,CNTL-M.TA,-7.97331715,21
04/04/2025,CNTL-M.TA,16.98337281,22
05/04/2025,CNTL-M.TA,17.30438735,23
06/04/2025,CNTL-M.TA,-2.27905818,24
07/04/2025,CNTL-M.TA,-2.11386748,25
08/04/2025,CNTL-M.TA,-2.11973198,26
09/04/2025,CNTL-M.TA,-2.15190932,27
10/04/2025,CNTL-M.TA,-2.15645653,28
11/04/2025,CNTL-M.TA,-2.09352725,29
12/04/2025,CNTL-M.TA,-2.03243435,30
14/03/2025,CMCT.TA,15071.20189,1
15/03/2025,CMCT.TA,13299.26637,2
16/03/2025,CMCT.TA,12276.26293,3
17/03/2025,CMCT.TA,12261.32569,4
18/03/2025,CMCT.TA,15218.95971,5
19/03/2025,CMCT.TA,-1891.831084,6
20/03/2025,CMCT.TA,-1904.457134,7
21/03/2025,CMCT.TA,-1861.232861,8
22/03/2025,CMCT.TA,-1573.55093,9
23/03/2025,CMCT.TA,-24821.36144,10
24/03/2025,CMCT.TA,-22096.78531,11
25/03/2025,CMCT.TA,-24112.48093,12
26/03/2025,CMCT.TA,-21465.71677,13
27/03/2025,CMCT.TA,-20999.48707,14
28/03/2025,CMCT.TA,228796.177,15
29/03/2025,CMCT.TA,47906.35339,16
30/03/2025,CMCT.TA,-4982126.289,17
31/03/2025,CMCT.TA,3059367.215,18
01/04/2025,CMCT.TA,2992918.568,19
02/04/2025,CMCT.TA,-302027.8819,20
03/04/2025,CMCT.TA,-306174.1797,21
04/04/2025,CMCT.TA,-314009.1905,22
05/04/2025,CMCT.TA,-350323.2186,23
06/04/2025,CMCT.TA,74686.07259,24
07/04/2025,CMCT.TA,-931401.364,25
08/04/2025,CMCT.TA,-1026858.833,26
09/04/2025,CMCT.TA,-491255.2879,27
10/04/2025,CMCT.TA,-1364215.555,28
11/04/2025,CMCT.TA,23445224.62,29
12/04/2025,CMCT.TA,-17589754.28,30
14/03/2025,DANH.TA,2458,1
15/03/2025,DANH.TA,2458.401457,2
16/03/2025,DANH.TA,2584.893238,3
17/03/2025,DANH.TA,2584.893238,4
18/03/2025,DANH.TA,2584.893389,5
19/03/2025,DANH.TA,2649.8464,6
20/03/2025,DANH.TA,2649.41045,7
21/03/2025,DANH.TA,2649.410296,8
22/03/2025,DANH.TA,2649.41045,9
23/03/2025,DANH.TA,2649.410604,10
24/03/2025,DANH.TA,2649.410604,11
25/03/2025,DANH.TA,2469.148834,12
26/03/2025,DANH.TA,1115.301249,13
27/03/2025,DANH.TA,1115.112839,14
28/03/2025,DANH.TA,1115.113487,15
29/03/2025,DANH.TA,1115.113487,16
30/03/2025,DANH.TA,1115.113487,17
31/03/2025,DANH.TA,1115.113487,18
01/04/2025,DANH.TA,1115.113487,19
02/04/2025,DANH.TA,1115.113487,20
03/04/2025,DANH.TA,1115.300731,21
04/04/2025,DANH.TA,1115.300796,22
05/04/2025,DANH.TA,1115.300796,23
06/04/2025,DANH.TA,1115.300861,24
07/04/2025,DANH.TA,1115.300861,25
08/04/2025,DANH.TA,1115.300861,26
09/04/2025,DANH.TA,1115.300796,27
10/04/2025,DANH.TA,1115.113551,28
11/04/2025,DANH.TA,1115.113487,29
12/04/2025,DANH.TA,1115.113487,30
14/03/2025,DANE.TA,41853.40492,1
15/03/2025,DANE.TA,41450.84752,2
16/03/2025,DANE.TA,42006.66929,3
17/03/2025,DANE.TA,41727.46895,4
18/03/2025,DANE.TA,41040.84959,5
19/03/2025,DANE.TA,40627.04355,6
20/03/2025,DANE.TA,40651.99607,7
21/03/2025,DANE.TA,40669.81923,8
22/03/2025,DANE.TA,40831.51937,9
23/03/2025,DANE.TA,40456.22507,10
24/03/2025,DANE.TA,40419.9015,11
25/03/2025,DANE.TA,40644.42346,12
26/03/2025,DANE.TA,41013.55222,13
27/03/2025,DANE.TA,41277.44393,14
28/03/2025,DANE.TA,42176.83096,15
29/03/2025,DANE.TA,41751.57106,16
30/03/2025,DANE.TA,43830.47138,17
31/03/2025,DANE.TA,44939.66047,18
01/04/2025,DANE.TA,44799.03221,19
02/04/2025,DANE.TA,44855.60823,20
03/04/2025,DANE.TA,44782.73914,21
04/04/2025,DANE.TA,47012.56781,22
05/04/2025,DANE.TA,47315.05872,23
06/04/2025,DANE.TA,46351.32457,24
07/04/2025,DANE.TA,45846.23016,25
08/04/2025,DANE.TA,46014.05869,26
09/04/2025,DANE.TA,46072.16915,27
10/04/2025,DANE.TA,47651.66217,28
11/04/2025,DANE.TA,46956.06479,29
12/04/2025,DANE.TA,47114.82929,30
14/03/2025,DNYA.TA,10082.36321,1
15/03/2025,DNYA.TA,10186.13962,2
16/03/2025,DNYA.TA,10173.54481,3
17/03/2025,DNYA.TA,10266.17328,4
18/03/2025,DNYA.TA,10272.43912,5
19/03/2025,DNYA.TA,10377.87806,6
20/03/2025,DNYA.TA,10525.11333,7
21/03/2025,DNYA.TA,10591.31683,8
22/03/2025,DNYA.TA,10520.3308,9
23/03/2025,DNYA.TA,10670.50991,10
24/03/2025,DNYA.TA,10777.68076,11
25/03/2025,DNYA.TA,10760.71395,12
26/03/2025,DNYA.TA,10744.4665,13
27/03/2025,DNYA.TA,10732.93975,14
28/03/2025,DNYA.TA,10504.90154,15
29/03/2025,DNYA.TA,10415.0888,16
30/03/2025,DNYA.TA,10372.09804,17
31/03/2025,DNYA.TA,10520.16111,18
01/04/2025,DNYA.TA,10457.29239,19
02/04/2025,DNYA.TA,10723.33199,20
03/04/2025,DNYA.TA,10631.65176,21
04/04/2025,DNYA.TA,10714.26195,22
05/04/2025,DNYA.TA,10597.97141,23
06/04/2025,DNYA.TA,10514.99798,24
07/04/2025,DNYA.TA,10504.45919,25
08/04/2025,DNYA.TA,10434.0553,26
09/04/2025,DNYA.TA,10350.72046,27
10/04/2025,DNYA.TA,10456.9629,28
11/04/2025,DNYA.TA,10418.11544,29
12/04/2025,DNYA.TA,10348.29025,30
14/03/2025,DLEA.TA,2862.091268,1
15/03/2025,DLEA.TA,2895.559596,2
16/03/2025,DLEA.TA,2804.311925,3
17/03/2025,DLEA.TA,2761.412654,4
18/03/2025,DLEA.TA,2667.199552,5
19/03/2025,DLEA.TA,2665.189652,6
20/03/2025,DLEA.TA,2607.15021,7
21/03/2025,DLEA.TA,2589.521566,8
22/03/2025,DLEA.TA,2643.057738,9
23/03/2025,DLEA.TA,2705.919303,10
24/03/2025,DLEA.TA,2914.792516,11
25/03/2025,DLEA.TA,2929.011144,12
26/03/2025,DLEA.TA,3018.005707,13
27/03/2025,DLEA.TA,2984.603505,14
28/03/2025,DLEA.TA,3028.170946,15
29/03/2025,DLEA.TA,2950.190429,16
30/03/2025,DLEA.TA,2913.13528,17
31/03/2025,DLEA.TA,2951.283782,18
01/04/2025,DLEA.TA,2976.394537,19
02/04/2025,DLEA.TA,3047.184067,20
03/04/2025,DLEA.TA,2923.033969,21
04/04/2025,DLEA.TA,3088.763141,22
05/04/2025,DLEA.TA,3098.075469,23
06/04/2025,DLEA.TA,3205.933356,24
07/04/2025,DLEA.TA,3183.710699,25
08/04/2025,DLEA.TA,2998.438275,26
09/04/2025,DLEA.TA,3010.422166,27
10/04/2025,DLEA.TA,3019.498304,28
11/04/2025,DLEA.TA,2908.175557,29
12/04/2025,DLEA.TA,2857.704999,30
14/03/2025,DLEKG.TA,55401.31559,1
15/03/2025,DLEKG.TA,56233.36839,2
16/03/2025,DLEKG.TA,55382.48788,3
17/03/2025,DLEKG.TA,56111.23604,4
18/03/2025,DLEKG.TA,56234.7915,5
19/03/2025,DLEKG.TA,56382.47953,6
20/03/2025,DLEKG.TA,55175.99354,7
21/03/2025,DLEKG.TA,56148.22503,8
22/03/2025,DLEKG.TA,58226.07842,9
23/03/2025,DLEKG.TA,55125.54304,10
24/03/2025,DLEKG.TA,53828.3496,11
25/03/2025,DLEKG.TA,55338.6179,12
26/03/2025,DLEKG.TA,54207.45227,13
27/03/2025,DLEKG.TA,54842.7045,14
28/03/2025,DLEKG.TA,53686.99107,15
29/03/2025,DLEKG.TA,55562.45831,16
30/03/2025,DLEKG.TA,55872.73064,17
31/03/2025,DLEKG.TA,54466.75523,18
01/04/2025,DLEKG.TA,56802.20295,19
02/04/2025,DLEKG.TA,55099.30911,20
03/04/2025,DLEKG.TA,55023.99811,21
04/04/2025,DLEKG.TA,53864.46423,22
05/04/2025,DLEKG.TA,54412.24087,23
06/04/2025,DLEKG.TA,56964.74347,24
07/04/2025,DLEKG.TA,57809.27288,25
08/04/2025,DLEKG.TA,58258.82184,26
09/04/2025,DLEKG.TA,59219.0211,27
10/04/2025,DLEKG.TA,59561.73569,28
11/04/2025,DLEKG.TA,60543.40908,29
12/04/2025,DLEKG.TA,60078.78008,30
14/03/2025,DLTI.TA,7936.463309,1
15/03/2025,DLTI.TA,8083.391564,2
16/03/2025,DLTI.TA,8476.130307,3
17/03/2025,DLTI.TA,8369.221897,4
18/03/2025,DLTI.TA,8099.956759,5
19/03/2025,DLTI.TA,7847.433261,6
20/03/2025,DLTI.TA,7676.601068,7
21/03/2025,DLTI.TA,7429.619799,8
22/03/2025,DLTI.TA,7556.926506,9
23/03/2025,DLTI.TA,7439.641838,10
24/03/2025,DLTI.TA,7470.235064,11
25/03/2025,DLTI.TA,7307.614167,12
26/03/2025,DLTI.TA,7093.290067,13
27/03/2025,DLTI.TA,7647.423339,14
28/03/2025,DLTI.TA,7650.54529,15
29/03/2025,DLTI.TA,7932.343958,16
30/03/2025,DLTI.TA,7893.043252,17
31/03/2025,DLTI.TA,7934.272364,18
01/04/2025,DLTI.TA,7963.045512,19
02/04/2025,DLTI.TA,8028.3137,20
03/04/2025,DLTI.TA,8165.879041,21
04/04/2025,DLTI.TA,8386.041222,22
05/04/2025,DLTI.TA,7913.870195,23
06/04/2025,DLTI.TA,7906.694453,24
07/04/2025,DLTI.TA,7751.651436,25
08/04/2025,DLTI.TA,7549.9122,26
09/04/2025,DLTI.TA,8139.717144,27
10/04/2025,DLTI.TA,8002.798409,28
11/04/2025,DLTI.TA,8077.983314,29
12/04/2025,DLTI.TA,8328.836414,30
14/03/2025,DELG.TA,19629.14908,1
15/03/2025,DELG.TA,19544.38772,2
16/03/2025,DELG.TA,19520.37843,3
17/03/2025,DELG.TA,19372.57709,4
18/03/2025,DELG.TA,19170.68842,5
19/03/2025,DELG.TA,19135.82276,6
20/03/2025,DELG.TA,18881.2706,7
21/03/2025,DELG.TA,19200.42865,8
22/03/2025,DELG.TA,19628.45575,9
23/03/2025,DELG.TA,19501.87053,10
24/03/2025,DELG.TA,19435.28366,11
25/03/2025,DELG.TA,19987.59,12
26/03/2025,DELG.TA,20192.45117,13
27/03/2025,DELG.TA,20529.07404,14
28/03/2025,DELG.TA,20424.23424,15
29/03/2025,DELG.TA,20771.21325,16
30/03/2025,DELG.TA,20656.1408,17
31/03/2025,DELG.TA,20331.87508,18
01/04/2025,DELG.TA,20326.25942,19
02/04/2025,DELG.TA,20469.48029,20
03/04/2025,DELG.TA,20245.86999,21
04/04/2025,DELG.TA,20070.71514,22
05/04/2025,DELG.TA,19941.27775,23
06/04/2025,DELG.TA,20425.23966,24
07/04/2025,DELG.TA,20159.7821,25
08/04/2025,DELG.TA,20337.71084,26
09/04/2025,DELG.TA,20027.73043,27
10/04/2025,DELG.TA,19758.24317,28
11/04/2025,DELG.TA,19445.00129,29
12/04/2025,DELG.TA,19698.8232,30
14/03/2025,DIMRI.TA,32853.82198,1
15/03/2025,DIMRI.TA,32818.48581,2
16/03/2025,DIMRI.TA,33170.12671,3
17/03/2025,DIMRI.TA,32493.02982,4
18/03/2025,DIMRI.TA,31822.06665,5
19/03/2025,DIMRI.TA,31414.46876,6
20/03/2025,DIMRI.TA,32249.26871,7
21/03/2025,DIMRI.TA,31767.53655,8
22/03/2025,DIMRI.TA,30713.20289,9
23/03/2025,DIMRI.TA,31614.99067,10
24/03/2025,DIMRI.TA,32580.75177,11
25/03/2025,DIMRI.TA,32225.83436,12
26/03/2025,DIMRI.TA,31936.90713,13
27/03/2025,DIMRI.TA,32175.10665,14
28/03/2025,DIMRI.TA,32613.85938,15
29/03/2025,DIMRI.TA,33487.55332,16
30/03/2025,DIMRI.TA,32803.97685,17
31/03/2025,DIMRI.TA,33034.23097,18
01/04/2025,DIMRI.TA,32742.84302,19
02/04/2025,DIMRI.TA,32568.81851,20
03/04/2025,DIMRI.TA,32475.73779,21
04/04/2025,DIMRI.TA,32888.29719,22
05/04/2025,DIMRI.TA,32269.77643,23
06/04/2025,DIMRI.TA,31856.44398,24
07/04/2025,DIMRI.TA,32131.17891,25
08/04/2025,DIMRI.TA,31788.65884,26
09/04/2025,DIMRI.TA,31265.15962,27
10/04/2025,DIMRI.TA,31374.80512,28
11/04/2025,DIMRI.TA,30701.23976,29
12/04/2025,DIMRI.TA,30502.55089,30
14/03/2025,DIPL.TA,5021.149958,1
15/03/2025,DIPL.TA,5009.406957,2
16/03/2025,DIPL.TA,4943.788351,3
17/03/2025,DIPL.TA,5109.589333,4
18/03/2025,DIPL.TA,5267.102673,5
19/03/2025,DIPL.TA,5156.676877,6
20/03/2025,DIPL.TA,5134.981475,7
21/03/2025,DIPL.TA,5082.621015,8
22/03/2025,DIPL.TA,5141.581864,9
23/03/2025,DIPL.TA,5118.221396,10
24/03/2025,DIPL.TA,5011.101679,11
25/03/2025,DIPL.TA,5165.578939,12
26/03/2025,DIPL.TA,5194.31585,13
27/03/2025,DIPL.TA,5178.151756,14
28/03/2025,DIPL.TA,5351.812638,15
29/03/2025,DIPL.TA,5329.296252,16
30/03/2025,DIPL.TA,5280.52091,17
31/03/2025,DIPL.TA,5445.371683,18
01/04/2025,DIPL.TA,5430.187629,19
02/04/2025,DIPL.TA,5391.545579,20
03/04/2025,DIPL.TA,5618.164325,21
04/04/2025,DIPL.TA,5500.378456,22
05/04/2025,DIPL.TA,5608.203861,23
06/04/2025,DIPL.TA,5552.986044,24
07/04/2025,DIPL.TA,5436.015213,25
08/04/2025,DIPL.TA,5549.7448,26
09/04/2025,DIPL.TA,5357.876953,27
10/04/2025,DIPL.TA,5377.166576,28
11/04/2025,DIPL.TA,5338.901832,29
12/04/2025,DIPL.TA,5415.584382,30
14/03/2025,DIFI.TA,63864.62611,1
15/03/2025,DIFI.TA,63830.46794,2
16/03/2025,DIFI.TA,64930.59305,3
17/03/2025,DIFI.TA,66029.23123,4
18/03/2025,DIFI.TA,66121.75445,5
19/03/2025,DIFI.TA,66684.09418,6
20/03/2025,DIFI.TA,66346.69807,7
21/03/2025,DIFI.TA,65686.92661,8
22/03/2025,DIFI.TA,65812.91376,9
23/03/2025,DIFI.TA,66191.72313,10
24/03/2025,DIFI.TA,65677.15436,11
25/03/2025,DIFI.TA,66654.24026,12
26/03/2025,DIFI.TA,67645.86238,13
27/03/2025,DIFI.TA,68039.44659,14
28/03/2025,DIFI.TA,68685.6874,15
29/03/2025,DIFI.TA,68702.44639,16
30/03/2025,DIFI.TA,68807.65057,17
31/03/2025,DIFI.TA,70187.91306,18
01/04/2025,DIFI.TA,71293.45825,19
02/04/2025,DIFI.TA,71580.9913,20
03/04/2025,DIFI.TA,70828.02287,21
04/04/2025,DIFI.TA,71207.61262,22
05/04/2025,DIFI.TA,73079.17434,23
06/04/2025,DIFI.TA,73041.69456,24
07/04/2025,DIFI.TA,73129.64483,25
08/04/2025,DIFI.TA,73647.00741,26
09/04/2025,DIFI.TA,73698.46855,27
10/04/2025,DIFI.TA,73907.80234,28
11/04/2025,DIFI.TA,73762.99185,29
12/04/2025,DIFI.TA,75854.6596,30
14/03/2025,DSCT.TA,2707.50654,1
15/03/2025,DSCT.TA,2748.443132,2
16/03/2025,DSCT.TA,2711.553799,3
17/03/2025,DSCT.TA,2735.282421,4
18/03/2025,DSCT.TA,2763.875903,5
19/03/2025,DSCT.TA,2766.270901,6
20/03/2025,DSCT.TA,2763.911146,7
21/03/2025,DSCT.TA,2758.570869,8
22/03/2025,DSCT.TA,2785.298531,9
23/03/2025,DSCT.TA,2801.857549,10
24/03/2025,DSCT.TA,2813.828931,11
25/03/2025,DSCT.TA,2790.525997,12
26/03/2025,DSCT.TA,2753.416424,13
27/03/2025,DSCT.TA,2785.888429,14
28/03/2025,DSCT.TA,2813.15534,15
29/03/2025,DSCT.TA,2793.336876,16
30/03/2025,DSCT.TA,2761.643548,17
31/03/2025,DSCT.TA,2766.432689,18
01/04/2025,DSCT.TA,2735.044617,19
02/04/2025,DSCT.TA,2730.049351,20
03/04/2025,DSCT.TA,2738.09337,21
04/04/2025,DSCT.TA,2795.0583,22
05/04/2025,DSCT.TA,2799.849951,23
06/04/2025,DSCT.TA,2820.573497,24
07/04/2025,DSCT.TA,2847.9019,25
08/04/2025,DSCT.TA,2845.472511,26
09/04/2025,DSCT.TA,2716.834973,27
10/04/2025,DSCT.TA,2721.24308,28
11/04/2025,DSCT.TA,2743.02995,29
12/04/2025,DSCT.TA,2751.955897,30
14/03/2025,DISI.TA,504.1133385,1
15/03/2025,DISI.TA,504.3964178,2
16/03/2025,DISI.TA,505.174397,3
17/03/2025,DISI.TA,531.0349368,4
18/03/2025,DISI.TA,545.7104649,5
19/03/2025,DISI.TA,538.2947727,6
20/03/2025,DISI.TA,579.4315795,7
21/03/2025,DISI.TA,642.2275633,8
22/03/2025,DISI.TA,611.9179321,9
23/03/2025,DISI.TA,609.291155,10
24/03/2025,DISI.TA,605.6039847,11
25/03/2025,DISI.TA,608.4294996,12
26/03/2025,DISI.TA,569.6343774,13
27/03/2025,DISI.TA,565.6602661,14
28/03/2025,DISI.TA,554.710815,15
29/03/2025,DISI.TA,561.0097126,16
30/03/2025,DISI.TA,557.1208784,17
31/03/2025,DISI.TA,569.0502346,18
01/04/2025,DISI.TA,552.5498107,19
02/04/2025,DISI.TA,548.178015,20
03/04/2025,DISI.TA,538.9583548,21
04/04/2025,DISI.TA,539.2610009,22
05/04/2025,DISI.TA,561.4484348,23
06/04/2025,DISI.TA,589.3646532,24
07/04/2025,DISI.TA,601.7202898,25
08/04/2025,DISI.TA,580.5197225,26
09/04/2025,DISI.TA,571.117066,27
10/04/2025,DISI.TA,571.2885324,28
11/04/2025,DISI.TA,572.0852566,29
12/04/2025,DISI.TA,579.6851823,30
14/03/2025,DNA.TA,96.67989758,1
15/03/2025,DNA.TA,95.67478409,2
16/03/2025,DNA.TA,98.07865635,3
17/03/2025,DNA.TA,101.4410881,4
18/03/2025,DNA.TA,101.0061498,5
19/03/2025,DNA.TA,99.97852088,6
20/03/2025,DNA.TA,102.1992861,7
21/03/2025,DNA.TA,99.61143205,8
22/03/2025,DNA.TA,109.8007653,9
23/03/2025,DNA.TA,115.3337361,10
24/03/2025,DNA.TA,110.4373371,11
25/03/2025,DNA.TA,109.2891971,12
26/03/2025,DNA.TA,111.682172,13
27/03/2025,DNA.TA,110.1980329,14
28/03/2025,DNA.TA,107.2775072,15
29/03/2025,DNA.TA,114.8845284,16
30/03/2025,DNA.TA,116.9585017,17
31/03/2025,DNA.TA,117.0850598,18
01/04/2025,DNA.TA,114.2149797,19
02/04/2025,DNA.TA,121.765564,20
03/04/2025,DNA.TA,121.5247801,21
04/04/2025,DNA.TA,117.7189183,22
05/04/2025,DNA.TA,111.9449353,23
06/04/2025,DNA.TA,119.8829227,24
07/04/2025,DNA.TA,132.8106622,25
08/04/2025,DNA.TA,131.4113034,26
09/04/2025,DNA.TA,134.428786,27
10/04/2025,DNA.TA,134.4189832,28
11/04/2025,DNA.TA,123.8613006,29
12/04/2025,DNA.TA,120.5786639,30
14/03/2025,DRAL.TA,11060.46723,1
15/03/2025,DRAL.TA,11082.94351,2
16/03/2025,DRAL.TA,11072.66105,3
17/03/2025,DRAL.TA,11080.26518,4
18/03/2025,DRAL.TA,11075.53849,5
19/03/2025,DRAL.TA,11048.73111,6
20/03/2025,DRAL.TA,11044.01787,7
21/03/2025,DRAL.TA,10875.13121,8
22/03/2025,DRAL.TA,10835.02205,9
23/03/2025,DRAL.TA,10867.49867,10
24/03/2025,DRAL.TA,11004.53074,11
25/03/2025,DRAL.TA,11133.45419,12
26/03/2025,DRAL.TA,11245.78226,13
27/03/2025,DRAL.TA,11264.72733,14
28/03/2025,DRAL.TA,11266.69633,15
29/03/2025,DRAL.TA,11408.76201,16
30/03/2025,DRAL.TA,11686.98847,17
31/03/2025,DRAL.TA,11800.29789,18
01/04/2025,DRAL.TA,11823.42182,19
02/04/2025,DRAL.TA,12050.33426,20
03/04/2025,DRAL.TA,12031.53178,21
04/04/2025,DRAL.TA,12022.50102,22
05/04/2025,DRAL.TA,11986.14551,23
06/04/2025,DRAL.TA,12044.17401,24
07/04/2025,DRAL.TA,12007.75296,25
08/04/2025,DRAL.TA,12007.64251,26
09/04/2025,DRAL.TA,12007.53207,27
10/04/2025,DRAL.TA,12041.91208,28
11/04/2025,DRAL.TA,12423.40422,29
12/04/2025,DRAL.TA,12816.98218,30
14/03/2025,DORL.TA,1440.26816,1
15/03/2025,DORL.TA,1484.967952,2
16/03/2025,DORL.TA,1532.601336,3
17/03/2025,DORL.TA,1497.530554,4
18/03/2025,DORL.TA,1492.812252,5
19/03/2025,DORL.TA,1435.886305,6
20/03/2025,DORL.TA,1487.975719,7
21/03/2025,DORL.TA,1483.284736,8
22/03/2025,DORL.TA,1460.885578,9
23/03/2025,DORL.TA,1507.746471,10
24/03/2025,DORL.TA,1530.606913,11
25/03/2025,DORL.TA,1585.318243,12
26/03/2025,DORL.TA,1559.304443,13
27/03/2025,DORL.TA,1565.006999,14
28/03/2025,DORL.TA,1584.815816,15
29/03/2025,DORL.TA,1614.600377,16
30/03/2025,DORL.TA,1603.912499,17
31/03/2025,DORL.TA,1662.097373,18
01/04/2025,DORL.TA,1677.203638,19
02/04/2025,DORL.TA,1702.633388,20
03/04/2025,DORL.TA,1681.379214,21
04/04/2025,DORL.TA,1741.479878,22
05/04/2025,DORL.TA,1774.208737,23
06/04/2025,DORL.TA,1841.320664,24
07/04/2025,DORL.TA,1916.942074,25
08/04/2025,DORL.TA,1875.50882,26
09/04/2025,DORL.TA,1869.292782,27
10/04/2025,DORL.TA,1894.098862,28
11/04/2025,DORL.TA,1948.264938,29
12/04/2025,DORL.TA,1972.924779,30
14/03/2025,DRSH.TA,1625.53944,1
15/03/2025,DRSH.TA,1634.606214,2
16/03/2025,DRSH.TA,1653.6456,3
17/03/2025,DRSH.TA,1655.23242,4
18/03/2025,DRSH.TA,1665.431074,5
19/03/2025,DRSH.TA,1661.301493,6
20/03/2025,DRSH.TA,1671.78982,7
21/03/2025,DRSH.TA,1667.644472,8
22/03/2025,DRSH.TA,1666.638753,9
23/03/2025,DRSH.TA,1688.941179,10
24/03/2025,DRSH.TA,1657.444708,11
25/03/2025,DRSH.TA,1654.816083,12
26/03/2025,DRSH.TA,1623.955998,13
27/03/2025,DRSH.TA,1621.110333,14
28/03/2025,DRSH.TA,1648.602249,15
29/03/2025,DRSH.TA,1676.560393,16
30/03/2025,DRSH.TA,1675.982396,17
31/03/2025,DRSH.TA,1676.370579,18
01/04/2025,DRSH.TA,1695.896424,19
02/04/2025,DRSH.TA,1706.577766,20
03/04/2025,DRSH.TA,1717.533297,21
04/04/2025,DRSH.TA,1720.377587,22
05/04/2025,DRSH.TA,1740.346219,23
06/04/2025,DRSH.TA,1764.953421,24
07/04/2025,DRSH.TA,1788.571463,25
08/04/2025,DRSH.TA,1828.920077,26
09/04/2025,DRSH.TA,1853.3941,27
10/04/2025,DRSH.TA,1819.958949,28
11/04/2025,DRSH.TA,1815.558285,29
12/04/2025,DRSH.TA,1827.020486,30
14/03/2025,DUNI.TA,22288.65466,1
15/03/2025,DUNI.TA,22246.0413,2
16/03/2025,DUNI.TA,22461.23829,3
17/03/2025,DUNI.TA,22315.76729,4
18/03/2025,DUNI.TA,22042.39994,5
19/03/2025,DUNI.TA,23475.14237,6
20/03/2025,DUNI.TA,25001.01218,7
21/03/2025,DUNI.TA,24621.99143,8
22/03/2025,DUNI.TA,24877.64625,9
23/03/2025,DUNI.TA,26494.67794,10
24/03/2025,DUNI.TA,25938.09042,11
25/03/2025,DUNI.TA,25524.12545,12
26/03/2025,DUNI.TA,25540.49804,13
27/03/2025,DUNI.TA,26897.33673,14
28/03/2025,DUNI.TA,26874.21213,15
29/03/2025,DUNI.TA,27065.99371,16
30/03/2025,DUNI.TA,27922.3124,17
31/03/2025,DUNI.TA,27777.82297,18
01/04/2025,DUNI.TA,27829.85161,19
02/04/2025,DUNI.TA,28084.42932,20
03/04/2025,DUNI.TA,28147.41965,21
04/04/2025,DUNI.TA,28214.00457,22
05/04/2025,DUNI.TA,27715.09477,23
06/04/2025,DUNI.TA,27662.10668,24
07/04/2025,DUNI.TA,27558.03558,25
08/04/2025,DUNI.TA,29022.05593,26
09/04/2025,DUNI.TA,27783.60888,27
10/04/2025,DUNI.TA,27835.64836,28
11/04/2025,DUNI.TA,29130.53565,29
12/04/2025,DUNI.TA,29575.07256,30
14/03/2025,ECNR.TA,2862.145561,1
15/03/2025,ECNR.TA,2957.0831,2
16/03/2025,ECNR.TA,2919.833735,3
17/03/2025,ECNR.TA,2998.629811,4
18/03/2025,ECNR.TA,3065.354647,5
19/03/2025,ECNR.TA,3026.741422,6
20/03/2025,ECNR.TA,3044.844261,7
21/03/2025,ECNR.TA,3051.045557,8
22/03/2025,ECNR.TA,3038.245948,9
23/03/2025,ECNR.TA,2956.906553,10
24/03/2025,ECNR.TA,2980.863169,11
25/03/2025,ECNR.TA,3007.71098,12
26/03/2025,ECNR.TA,3018.714574,13
27/03/2025,ECNR.TA,3169.150778,14
28/03/2025,ECNR.TA,3072.087332,15
29/03/2025,ECNR.TA,3140.446727,16
30/03/2025,ECNR.TA,3073.183045,17
31/03/2025,ECNR.TA,3155.321848,18
01/04/2025,ECNR.TA,3264.008111,19
02/04/2025,ECNR.TA,3286.381677,20
03/04/2025,ECNR.TA,3239.628368,21
04/04/2025,ECNR.TA,3350.315466,22
05/04/2025,ECNR.TA,3357.138902,23
06/04/2025,ECNR.TA,3285.233997,24
07/04/2025,ECNR.TA,3282.964986,25
08/04/2025,ECNR.TA,3391.861131,26
09/04/2025,ECNR.TA,3483.395572,27
10/04/2025,ECNR.TA,3470.074495,28
11/04/2025,ECNR.TA,3518.516721,29
12/04/2025,ECNR.TA,3567.6352,30
14/03/2025,EFCP.TA,1787.947482,1
15/03/2025,EFCP.TA,1789.828075,2
16/03/2025,EFCP.TA,1784.707148,3
17/03/2025,EFCP.TA,1786.269473,4
18/03/2025,EFCP.TA,1793.598198,5
19/03/2025,EFCP.TA,1800.956993,6
20/03/2025,EFCP.TA,1801.049706,7
21/03/2025,EFCP.TA,1801.142424,8
22/03/2025,EFCP.TA,1801.431969,9
23/03/2025,EFCP.TA,1788.77306,10
24/03/2025,EFCP.TA,1796.112058,11
25/03/2025,EFCP.TA,1797.684367,12
26/03/2025,EFCP.TA,1797.973356,13
27/03/2025,EFCP.TA,1798.262391,14
28/03/2025,EFCP.TA,1799.14004,15
29/03/2025,EFCP.TA,1790.927062,16
30/03/2025,EFCP.TA,1790.193659,17
31/03/2025,EFCP.TA,1775.842392,18
01/04/2025,EFCP.TA,1776.12787,19
02/04/2025,EFCP.TA,1775.987544,20
03/04/2025,EFCP.TA,1779.90128,21
04/04/2025,EFCP.TA,1787.203878,22
05/04/2025,EFCP.TA,1794.536438,23
06/04/2025,EFCP.TA,1793.801557,24
07/04/2025,EFCP.TA,1793.659834,25
08/04/2025,EFCP.TA,1794.535237,26
09/04/2025,EFCP.TA,1796.422759,27
10/04/2025,EFCP.TA,1791.282963,28
11/04/2025,EFCP.TA,1795.230406,29
12/04/2025,EFCP.TA,1795.322824,30
14/03/2025,ELAL.TA,929.8540991,1
15/03/2025,ELAL.TA,944.790238,2
16/03/2025,ELAL.TA,969.0271714,3
17/03/2025,ELAL.TA,989.1265032,4
18/03/2025,ELAL.TA,1013.678664,5
19/03/2025,ELAL.TA,1027.980395,6
20/03/2025,ELAL.TA,1053.015835,7
21/03/2025,ELAL.TA,1050.684754,8
22/03/2025,ELAL.TA,1068.183553,9
23/03/2025,ELAL.TA,1181.658528,10
24/03/2025,ELAL.TA,1162.124882,11
25/03/2025,ELAL.TA,1159.013904,12
26/03/2025,ELAL.TA,1165.819373,13
27/03/2025,ELAL.TA,1186.0255,14
28/03/2025,ELAL.TA,1202.758828,15
29/03/2025,ELAL.TA,1219.562422,16
30/03/2025,ELAL.TA,1249.324353,17
31/03/2025,ELAL.TA,1287.686955,18
01/04/2025,ELAL.TA,1310.005307,19
02/04/2025,ELAL.TA,1315.983338,20
03/04/2025,ELAL.TA,1334.368777,21
04/04/2025,ELAL.TA,1367.873314,22
05/04/2025,ELAL.TA,1394.60429,23
06/04/2025,ELAL.TA,1430.380413,24
07/04/2025,ELAL.TA,1465.019952,25
08/04/2025,ELAL.TA,1388.211728,26
09/04/2025,ELAL.TA,1391.950767,27
10/04/2025,ELAL.TA,1433.509385,28
11/04/2025,ELAL.TA,1585.793551,29
12/04/2025,ELAL.TA,1615.654323,30
14/03/2025,EMITF-M.TA,791.3604924,1
15/03/2025,EMITF-M.TA,731.3783175,2
16/03/2025,EMITF-M.TA,733.2528514,3
17/03/2025,EMITF-M.TA,736.7575195,4
18/03/2025,EMITF-M.TA,730.2545114,5
19/03/2025,EMITF-M.TA,775.7395188,6
20/03/2025,EMITF-M.TA,763.3086362,7
21/03/2025,EMITF-M.TA,751.5544756,8
22/03/2025,EMITF-M.TA,767.3231967,9
23/03/2025,EMITF-M.TA,788.8359078,10
24/03/2025,EMITF-M.TA,795.2169625,11
25/03/2025,EMITF-M.TA,792.4401487,12
26/03/2025,EMITF-M.TA,816.5106229,13
27/03/2025,EMITF-M.TA,817.6482308,14
28/03/2025,EMITF-M.TA,831.4491119,15
29/03/2025,EMITF-M.TA,849.1463658,16
30/03/2025,EMITF-M.TA,843.2182654,17
31/03/2025,EMITF-M.TA,857.4507367,18
01/04/2025,EMITF-M.TA,899.9022482,19
02/04/2025,EMITF-M.TA,929.4648157,20
03/04/2025,EMITF-M.TA,950.6953495,21
04/04/2025,EMITF-M.TA,901.1407926,22
05/04/2025,EMITF-M.TA,905.6317552,23
06/04/2025,EMITF-M.TA,912.0394512,24
07/04/2025,EMITF-M.TA,921.0153643,25
08/04/2025,EMITF-M.TA,951.2715159,26
09/04/2025,EMITF-M.TA,973.3603422,27
10/04/2025,EMITF-M.TA,970.2279434,28
11/04/2025,EMITF-M.TA,974.8652617,29
12/04/2025,EMITF-M.TA,954.4109714,30
14/03/2025,EMTC-M.TA,23.39958224,1
15/03/2025,EMTC-M.TA,21.87205446,2
16/03/2025,EMTC-M.TA,17.89643742,3
17/03/2025,EMTC-M.TA,19.06374488,4
18/03/2025,EMTC-M.TA,17.18875629,5
19/03/2025,EMTC-M.TA,16.79733088,6
20/03/2025,EMTC-M.TA,15.36938836,7
21/03/2025,EMTC-M.TA,16.94274274,8
22/03/2025,EMTC-M.TA,17.58012173,9
23/03/2025,EMTC-M.TA,16.20224523,10
24/03/2025,EMTC-M.TA,15.83328482,11
25/03/2025,EMTC-M.TA,15.89924605,12
26/03/2025,EMTC-M.TA,15.84819104,13
27/03/2025,EMTC-M.TA,17.75484443,14
28/03/2025,EMTC-M.TA,18.43004709,15
29/03/2025,EMTC-M.TA,17.64815094,16
30/03/2025,EMTC-M.TA,27.25307116,17
31/03/2025,EMTC-M.TA,28.43925072,18
01/04/2025,EMTC-M.TA,23.71568769,19
02/04/2025,EMTC-M.TA,24.16548314,20
03/04/2025,EMTC-M.TA,23.91901218,21
04/04/2025,EMTC-M.TA,25.11015628,22
05/04/2025,EMTC-M.TA,25.11366229,23
06/04/2025,EMTC-M.TA,27.23857526,24
07/04/2025,EMTC-M.TA,27.01672954,25
08/04/2025,EMTC-M.TA,24.45612209,26
09/04/2025,EMTC-M.TA,24.48529229,27
10/04/2025,EMTC-M.TA,27.55026786,28
11/04/2025,EMTC-M.TA,27.96805027,29
12/04/2025,EMTC-M.TA,28.08456475,30
14/03/2025,ESLT.TA,123582.4291,1
15/03/2025,ESLT.TA,122550.8661,2
16/03/2025,ESLT.TA,127362.0293,3
17/03/2025,ESLT.TA,127118.6526,4
18/03/2025,ESLT.TA,126978.8043,5
19/03/2025,ESLT.TA,131278.6636,6
20/03/2025,ESLT.TA,131669.6701,7
21/03/2025,ESLT.TA,132777.1982,8
22/03/2025,ESLT.TA,128604.1113,9
23/03/2025,ESLT.TA,132959.008,10
24/03/2025,ESLT.TA,133613.2685,11
25/03/2025,ESLT.TA,133779.4645,12
26/03/2025,ESLT.TA,133568.3534,13
27/03/2025,ESLT.TA,132782.5129,14
28/03/2025,ESLT.TA,136258.1231,15
29/03/2025,ESLT.TA,136202.149,16
30/03/2025,ESLT.TA,138289.3256,17
31/03/2025,ESLT.TA,138598.8304,18
01/04/2025,ESLT.TA,143178.6971,19
02/04/2025,ESLT.TA,142452.7511,20
03/04/2025,ESLT.TA,142276.2108,21
04/04/2025,ESLT.TA,141201.7424,22
05/04/2025,ESLT.TA,142383.0164,23
06/04/2025,ESLT.TA,143561.1589,24
07/04/2025,ESLT.TA,142655.307,25
08/04/2025,ESLT.TA,146197.9974,26
09/04/2025,ESLT.TA,146128.4327,27
10/04/2025,ESLT.TA,144858.7085,28
11/04/2025,ESLT.TA,147767.3266,29
12/04/2025,ESLT.TA,147091.2928,30
14/03/2025,ELCO.TA,16263.66127,1
15/03/2025,ELCO.TA,16244.63189,2
16/03/2025,ELCO.TA,15959.21689,3
17/03/2025,ELCO.TA,15746.68803,4
18/03/2025,ELCO.TA,15593.8297,5
19/03/2025,ELCO.TA,15555.58964,6
20/03/2025,ELCO.TA,15282.28098,7
21/03/2025,ELCO.TA,15185.71524,8
22/03/2025,ELCO.TA,15387.7759,9
23/03/2025,ELCO.TA,15262.81855,10
24/03/2025,ELCO.TA,14921.13368,11
25/03/2025,ELCO.TA,14942.57439,12
26/03/2025,ELCO.TA,14859.07122,13
27/03/2025,ELCO.TA,15615.08342,14
28/03/2025,ELCO.TA,15265.51249,15
29/03/2025,ELCO.TA,15466.51745,16
30/03/2025,ELCO.TA,15480.18876,17
31/03/2025,ELCO.TA,16237.19587,18
01/04/2025,ELCO.TA,16508.65137,19
02/04/2025,ELCO.TA,16657.36397,20
03/04/2025,ELCO.TA,16658.44654,21
04/04/2025,ELCO.TA,16840.88219,22
05/04/2025,ELCO.TA,17159.58153,23
06/04/2025,ELCO.TA,17210.99517,24
07/04/2025,ELCO.TA,16591.07514,25
08/04/2025,ELCO.TA,16592.15341,26
09/04/2025,ELCO.TA,16188.74676,27
10/04/2025,ELCO.TA,16169.80503,28
11/04/2025,ELCO.TA,16188.38307,29
12/04/2025,ELCO.TA,16150.8942,30
13/03/2025,ELDAV-M.TA,276.645383,1
14/03/2025,ELDAV-M.TA,277.5725732,2
15/03/2025,ELDAV-M.TA,284.8285318,3
16/03/2025,ELDAV-M.TA,274.7421481,4
17/03/2025,ELDAV-M.TA,272.5934087,5
18/03/2025,ELDAV-M.TA,273.399783,6
19/03/2025,ELDAV-M.TA,268.154971,7
20/03/2025,ELDAV-M.TA,268.1424924,8
21/03/2025,ELDAV-M.TA,260.9448695,9
22/03/2025,ELDAV-M.TA,260.6656113,10
23/03/2025,ELDAV-M.TA,261.1240066,11
24/03/2025,ELDAV-M.TA,261.5680557,12
25/03/2025,ELDAV-M.TA,259.3691485,13
26/03/2025,ELDAV-M.TA,261.1158268,14
27/03/2025,ELDAV-M.TA,261.2373095,15
28/03/2025,ELDAV-M.TA,251.001582,16
29/03/2025,ELDAV-M.TA,251.1926405,17
30/03/2025,ELDAV-M.TA,251.6343771,18
31/03/2025,ELDAV-M.TA,251.2719925,19
01/04/2025,ELDAV-M.TA,253.9522778,20
02/04/2025,ELDAV-M.TA,251.8889114,21
03/04/2025,ELDAV-M.TA,252.1039592,22
04/04/2025,ELDAV-M.TA,246.4571042,23
05/04/2025,ELDAV-M.TA,248.3508356,24
06/04/2025,ELDAV-M.TA,248.2895518,25
07/04/2025,ELDAV-M.TA,248.8926138,26
08/04/2025,ELDAV-M.TA,248.8810315,27
09/04/2025,ELDAV-M.TA,248.427911,28
10/04/2025,ELDAV-M.TA,248.0701442,29
11/04/2025,ELDAV-M.TA,254.038749,30
14/03/2025,ECP.TA,11558.87596,1
15/03/2025,ECP.TA,11890.37653,2
16/03/2025,ECP.TA,12267.351,3
17/03/2025,ECP.TA,12273.7747,4
18/03/2025,ECP.TA,11803.08365,5
19/03/2025,ECP.TA,11510.1529,6
20/03/2025,ECP.TA,11034.48556,7
21/03/2025,ECP.TA,10912.28967,8
22/03/2025,ECP.TA,10809.48422,9
23/03/2025,ECP.TA,11478.90639,10
24/03/2025,ECP.TA,11187.25577,11
25/03/2025,ECP.TA,10758.232,12
26/03/2025,ECP.TA,11105.42488,13
27/03/2025,ECP.TA,10829.80873,14
28/03/2025,ECP.TA,10808.59251,15
29/03/2025,ECP.TA,10808.94254,16
30/03/2025,ECP.TA,10371.15531,17
31/03/2025,ECP.TA,10469.48076,18
01/04/2025,ECP.TA,10470.85139,19
02/04/2025,ECP.TA,10069.30125,20
03/04/2025,ECP.TA,10069.62734,21
04/04/2025,ECP.TA,9905.187785,22
05/04/2025,ECP.TA,9937.063847,23
06/04/2025,ECP.TA,10036.01805,24
07/04/2025,ECP.TA,10620.82391,25
08/04/2025,ECP.TA,10685.36133,26
09/04/2025,ECP.TA,11259.78844,27
10/04/2025,ECP.TA,11496.53533,28
11/04/2025,ECP.TA,11635.95706,29
12/04/2025,ECP.TA,11445.93895,30
14/03/2025,ELCP.TA,2658.110802,1
15/03/2025,ELCP.TA,2643.222386,2
16/03/2025,ELCP.TA,2660.286074,3
17/03/2025,ELCP.TA,2643.178764,4
18/03/2025,ELCP.TA,2658.403894,5
19/03/2025,ELCP.TA,5680.55881,6
20/03/2025,ELCP.TA,5648.505581,7
21/03/2025,ELCP.TA,5560.820265,8
22/03/2025,ELCP.TA,5599.852966,9
23/03/2025,ELCP.TA,5585.599069,10
24/03/2025,ELCP.TA,5602.071597,11
25/03/2025,ELCP.TA,5628.249694,12
26/03/2025,ELCP.TA,5696.596639,13
27/03/2025,ELCP.TA,5520.774294,14
28/03/2025,ELCP.TA,5396.21283,15
29/03/2025,ELCP.TA,5420.598462,16
30/03/2025,ELCP.TA,5262.32922,17
31/03/2025,ELCP.TA,5365.444198,18
01/04/2025,ELCP.TA,5396.284522,19
02/04/2025,ELCP.TA,5288.576931,20
03/04/2025,ELCP.TA,5318.975425,21
04/04/2025,ELCP.TA,5284.771074,22
05/04/2025,ELCP.TA,5426.957254,23
06/04/2025,ELCP.TA,5262.82571,24
07/04/2025,ELCP.TA,5248.451985,25
08/04/2025,ELCP.TA,5282.014055,26
09/04/2025,ELCP.TA,11286.76931,27
10/04/2025,ELCP.TA,11258.0399,28
11/04/2025,ELCP.TA,11021.79914,29
12/04/2025,ELCP.TA,11205.05728,30
14/03/2025,ELCRE.TA,4624.125742,1
15/03/2025,ELCRE.TA,4516.37607,2
16/03/2025,ELCRE.TA,4671.074764,3
17/03/2025,ELCRE.TA,4874.118322,4
18/03/2025,ELCRE.TA,4883.519126,5
19/03/2025,ELCRE.TA,4836.923767,6
20/03/2025,ELCRE.TA,4978.338237,7
21/03/2025,ELCRE.TA,5137.186877,8
22/03/2025,ELCRE.TA,5131.583144,9
23/03/2025,ELCRE.TA,5045.582238,10
24/03/2025,ELCRE.TA,5137.123572,11
25/03/2025,ELCRE.TA,5128.073319,12
26/03/2025,ELCRE.TA,5268.485756,13
27/03/2025,ELCRE.TA,5203.729117,14
28/03/2025,ELCRE.TA,5095.478371,15
29/03/2025,ELCRE.TA,5153.093186,16
30/03/2025,ELCRE.TA,4931.505333,17
31/03/2025,ELCRE.TA,4874.20871,18
01/04/2025,ELCRE.TA,4875.056727,19
02/04/2025,ELCRE.TA,4899.199409,20
03/04/2025,ELCRE.TA,5141.509373,21
04/04/2025,ELCRE.TA,5296.203677,22
05/04/2025,ELCRE.TA,5348.556778,23
06/04/2025,ELCRE.TA,5286.414649,24
07/04/2025,ELCRE.TA,5224.994518,25
08/04/2025,ELCRE.TA,4951.400679,26
09/04/2025,ELCRE.TA,4767.526809,27
10/04/2025,ELCRE.TA,4818.034607,28
11/04/2025,ELCRE.TA,4861.929601,29
12/04/2025,ELCRE.TA,5197.830678,30
14/03/2025,ELWS.TA,19394.89815,1
15/03/2025,ELWS.TA,19564.79088,2
16/03/2025,ELWS.TA,19013.72255,3
17/03/2025,ELWS.TA,19209.37589,4
18/03/2025,ELWS.TA,19426.3123,5
19/03/2025,ELWS.TA,18863.67232,6
20/03/2025,ELWS.TA,18875.84995,7
21/03/2025,ELWS.TA,18749.35753,8
22/03/2025,ELWS.TA,18505.38653,9
23/03/2025,ELWS.TA,18540.07906,10
24/03/2025,ELWS.TA,19085.58033,11
25/03/2025,ELWS.TA,18506.21604,12
26/03/2025,ELWS.TA,18386.40959,13
27/03/2025,ELWS.TA,18568.21896,14
28/03/2025,ELWS.TA,18080.00338,15
29/03/2025,ELWS.TA,18934.71467,16
30/03/2025,ELWS.TA,18593.68064,17
31/03/2025,ELWS.TA,18384.33156,18
01/04/2025,ELWS.TA,18094.89644,19
02/04/2025,ELWS.TA,18084.56827,20
03/04/2025,ELWS.TA,18383.33033,21
04/04/2025,ELWS.TA,19240.82184,22
05/04/2025,ELWS.TA,17636.29884,23
06/04/2025,ELWS.TA,19060.74278,24
07/04/2025,ELWS.TA,19229.0094,25
08/04/2025,ELWS.TA,17574.93808,26
09/04/2025,ELWS.TA,17475.2315,27
10/04/2025,ELWS.TA,17571.47364,28
11/04/2025,ELWS.TA,16866.98918,29
12/04/2025,ELWS.TA,16658.23427,30
14/03/2025,ELLO.TA,5619.001108,1
15/03/2025,ELLO.TA,5595.697814,2
16/03/2025,ELLO.TA,5590.971716,3
17/03/2025,ELLO.TA,5478.087747,4
18/03/2025,ELLO.TA,5325.401186,5
19/03/2025,ELLO.TA,5197.177036,6
20/03/2025,ELLO.TA,5200.280777,7
21/03/2025,ELLO.TA,5351.52356,8
22/03/2025,ELLO.TA,5325.03154,9
23/03/2025,ELLO.TA,5249.355362,10
24/03/2025,ELLO.TA,5290.528772,11
25/03/2025,ELLO.TA,5444.396291,12
26/03/2025,ELLO.TA,5588.417668,13
27/03/2025,ELLO.TA,5582.636025,14
28/03/2025,ELLO.TA,5488.73296,15
29/03/2025,ELLO.TA,5461.561703,16
30/03/2025,ELLO.TA,5434.524953,17
31/03/2025,ELLO.TA,5513.645727,18
01/04/2025,ELLO.TA,5549.172903,19
02/04/2025,ELLO.TA,5585.037474,20
03/04/2025,ELLO.TA,5605.550295,21
04/04/2025,ELLO.TA,5449.311068,22
05/04/2025,ELLO.TA,5519.941653,23
06/04/2025,ELLO.TA,5515.279538,24
07/04/2025,ELLO.TA,5979.098595,25
08/04/2025,ELLO.TA,5837.329263,26
09/04/2025,ELLO.TA,5979.437161,27
10/04/2025,ELLO.TA,6017.965664,28
11/04/2025,ELLO.TA,6019.80115,29
12/04/2025,ELLO.TA,6000.914362,30
14/03/2025,ELMR.TA,1637.879158,1
15/03/2025,ELMR.TA,1658.172769,2
16/03/2025,ELMR.TA,1672.621663,3
17/03/2025,ELMR.TA,1713.69676,4
18/03/2025,ELMR.TA,1708.175645,5
19/03/2025,ELMR.TA,1710.172142,6
20/03/2025,ELMR.TA,1733.88418,7
21/03/2025,ELMR.TA,1758.147465,8
22/03/2025,ELMR.TA,1760.471432,9
23/03/2025,ELMR.TA,1757.676092,10
24/03/2025,ELMR.TA,1794.045841,11
25/03/2025,ELMR.TA,1796.41726,12
26/03/2025,ELMR.TA,1778.076953,13
27/03/2025,ELMR.TA,1805.545729,14
28/03/2025,ELMR.TA,1810.520501,15
29/03/2025,ELMR.TA,1807.131969,16
30/03/2025,ELMR.TA,1824.820471,17
31/03/2025,ELMR.TA,1845.872705,18
01/04/2025,ELMR.TA,1864.297729,19
02/04/2025,ELMR.TA,1929.476466,20
03/04/2025,ELMR.TA,1909.051922,21
04/04/2025,ELMR.TA,1953.78854,22
05/04/2025,ELMR.TA,1999.573513,23
06/04/2025,ELMR.TA,1864.844622,24
07/04/2025,ELMR.TA,1930.04248,25
08/04/2025,ELMR.TA,2095.8773,26
09/04/2025,ELMR.TA,2125.206173,27
10/04/2025,ELMR.TA,2233.026078,28
11/04/2025,ELMR.TA,2254.395751,29
12/04/2025,ELMR.TA,2272.928701,30
14/03/2025,ELRN.TA,468.434682,1
15/03/2025,ELRN.TA,473.9858795,2
16/03/2025,ELRN.TA,468.8029065,3
17/03/2025,ELRN.TA,468.2273729,4
18/03/2025,ELRN.TA,462.41257,5
19/03/2025,ELRN.TA,462.8793379,6
20/03/2025,ELRN.TA,464.0718537,7
21/03/2025,ELRN.TA,462.0606165,8
22/03/2025,ELRN.TA,466.5800236,9
23/03/2025,ELRN.TA,479.8411769,10
24/03/2025,ELRN.TA,474.8501618,11
25/03/2025,ELRN.TA,481.4457111,12
26/03/2025,ELRN.TA,495.1293774,13
27/03/2025,ELRN.TA,499.9722295,14
28/03/2025,ELRN.TA,496.0652691,15
29/03/2025,ELRN.TA,510.0245526,16
30/03/2025,ELRN.TA,499.0522067,17
31/03/2025,ELRN.TA,499.5758281,18
01/04/2025,ELRN.TA,515.3281336,19
02/04/2025,ELRN.TA,519.5261964,20
03/04/2025,ELRN.TA,440.287705,21
04/04/2025,ELRN.TA,432.4032978,22
05/04/2025,ELRN.TA,422.2453999,23
06/04/2025,ELRN.TA,425.6851747,24
07/04/2025,ELRN.TA,427.8370892,25
08/04/2025,ELRN.TA,429.0625855,26
09/04/2025,ELRN.TA,422.2781256,27
10/04/2025,ELRN.TA,413.9185755,28
11/04/2025,ELRN.TA,418.2526074,29
12/04/2025,ELRN.TA,413.6790704,30
14/03/2025,ELSPC.TA,843.0230626,1
15/03/2025,ELSPC.TA,772.9120589,2
16/03/2025,ELSPC.TA,779.408742,3
17/03/2025,ELSPC.TA,782.8603259,4
18/03/2025,ELSPC.TA,790.3913502,5
19/03/2025,ELSPC.TA,802.5620515,6
20/03/2025,ELSPC.TA,792.2051888,7
21/03/2025,ELSPC.TA,789.7405865,8
22/03/2025,ELSPC.TA,792.0271979,9
23/03/2025,ELSPC.TA,801.4968566,10
24/03/2025,ELSPC.TA,835.3713763,11
25/03/2025,ELSPC.TA,833.9610456,12
26/03/2025,ELSPC.TA,851.5186884,13
27/03/2025,ELSPC.TA,817.8506605,14
28/03/2025,ELSPC.TA,843.7461518,15
29/03/2025,ELSPC.TA,868.5270212,16
30/03/2025,ELSPC.TA,878.9026262,17
31/03/2025,ELSPC.TA,888.3312663,18
01/04/2025,ELSPC.TA,887.3812064,19
02/04/2025,ELSPC.TA,892.1443017,20
03/04/2025,ELSPC.TA,888.8479653,21
04/04/2025,ELSPC.TA,899.4663286,22
05/04/2025,ELSPC.TA,910.2205541,23
06/04/2025,ELSPC.TA,919.7965676,24
07/04/2025,ELSPC.TA,843.3006051,25
08/04/2025,ELSPC.TA,847.5009042,26
09/04/2025,ELSPC.TA,846.6693921,27
10/04/2025,ELSPC.TA,861.2426938,28
11/04/2025,ELSPC.TA,840.1911566,29
12/04/2025,ELSPC.TA,840.4079223,30
14/03/2025,EMCO.TA,842.8182104,1
15/03/2025,EMCO.TA,825.2210251,2
16/03/2025,EMCO.TA,800.1701433,3
17/03/2025,EMCO.TA,812.7956631,4
18/03/2025,EMCO.TA,825.6203952,5
19/03/2025,EMCO.TA,820.28462,6
20/03/2025,EMCO.TA,840.424356,7
21/03/2025,EMCO.TA,856.4798458,8
22/03/2025,EMCO.TA,858.5172072,9
23/03/2025,EMCO.TA,859.4066961,10
24/03/2025,EMCO.TA,895.3841889,11
25/03/2025,EMCO.TA,906.8046029,12
26/03/2025,EMCO.TA,864.0993617,13
27/03/2025,EMCO.TA,865.1557621,14
28/03/2025,EMCO.TA,867.0948343,15
29/03/2025,EMCO.TA,866.3548899,16
30/03/2025,EMCO.TA,868.1454762,17
31/03/2025,EMCO.TA,897.2470077,18
01/04/2025,EMCO.TA,899.5576687,19
02/04/2025,EMCO.TA,882.9177541,20
03/04/2025,EMCO.TA,884.8966363,21
04/04/2025,EMCO.TA,886.7255447,22
05/04/2025,EMCO.TA,903.0765885,23
06/04/2025,EMCO.TA,886.9427672,24
07/04/2025,EMCO.TA,868.4243061,25
08/04/2025,EMCO.TA,845.7210126,26
09/04/2025,EMCO.TA,847.7314328,27
10/04/2025,EMCO.TA,833.8322756,28
11/04/2025,EMCO.TA,853.1249392,29
12/04/2025,EMCO.TA,855.3219736,30
14/03/2025,EMDV.TA,2861.844988,1
15/03/2025,EMDV.TA,2878.567451,2
16/03/2025,EMDV.TA,2877.393285,3
17/03/2025,EMDV.TA,2927.091309,4
18/03/2025,EMDV.TA,2913.993776,5
19/03/2025,EMDV.TA,2894.321445,6
20/03/2025,EMDV.TA,2913.415063,7
21/03/2025,EMDV.TA,2848.678586,8
22/03/2025,EMDV.TA,2855.775076,9
23/03/2025,EMDV.TA,2911.919549,10
24/03/2025,EMDV.TA,2904.559257,11
25/03/2025,EMDV.TA,2920.186995,12
26/03/2025,EMDV.TA,2924.867273,13
27/03/2025,EMDV.TA,2878.727385,14
28/03/2025,EMDV.TA,2880.00879,15
29/03/2025,EMDV.TA,2904.431811,16
30/03/2025,EMDV.TA,2904.808173,17
31/03/2025,EMDV.TA,2906.434187,18
01/04/2025,EMDV.TA,2929.494034,19
02/04/2025,EMDV.TA,2895.117835,20
03/04/2025,EMDV.TA,2908.370291,21
04/04/2025,EMDV.TA,2908.747164,22
05/04/2025,EMDV.TA,2933.413891,23
06/04/2025,EMDV.TA,2934.569688,24
07/04/2025,EMDV.TA,2928.581905,25
08/04/2025,EMDV.TA,2930.221227,26
09/04/2025,EMDV.TA,2923.736517,27
10/04/2025,EMDV.TA,2942.802983,28
11/04/2025,EMDV.TA,2901.244878,29
12/04/2025,EMDV.TA,2893.402341,30
17/02/2025,ENDY.TA,128.9275945,1
18/02/2025,ENDY.TA,129.23167,2
19/02/2025,ENDY.TA,129.1800973,3
20/02/2025,ENDY.TA,129.3452495,4
21/02/2025,ENDY.TA,133.7002104,5
22/02/2025,ENDY.TA,135.1598991,6
23/02/2025,ENDY.TA,130.9952708,7
24/02/2025,ENDY.TA,132.6673595,8
25/02/2025,ENDY.TA,132.843481,9
26/02/2025,ENDY.TA,132.4964475,10
27/02/2025,ENDY.TA,173.9847744,11
28/02/2025,ENDY.TA,174.3994398,12
01/03/2025,ENDY.TA,174.4095102,13
02/03/2025,ENDY.TA,177.945437,14
03/03/2025,ENDY.TA,181.036616,15
04/03/2025,ENDY.TA,181.4680883,16
05/03/2025,ENDY.TA,176.4953477,17
06/03/2025,ENDY.TA,176.7205199,18
07/03/2025,ENDY.TA,177.0501842,19
08/03/2025,ENDY.TA,174.4883412,20
09/03/2025,ENDY.TA,174.9042067,21
10/03/2025,ENDY.TA,175.4380473,22
11/03/2025,ENDY.TA,181.6372731,23
12/03/2025,ENDY.TA,183.8118873,24
13/03/2025,ENDY.TA,190.3070086,25
14/03/2025,ENDY.TA,191.8096197,26
15/03/2025,ENDY.TA,187.5274167,27
16/03/2025,ENDY.TA,189.7281459,28
17/03/2025,ENDY.TA,193.3632952,29
18/03/2025,ENDY.TA,192.10866,30
14/03/2025,ENOG.TA,4519.359354,1
15/03/2025,ENOG.TA,4424.088375,2
16/03/2025,ENOG.TA,4480.275391,3
17/03/2025,ENOG.TA,4473.707137,4
18/03/2025,ENOG.TA,4478.550174,5
19/03/2025,ENOG.TA,4523.591222,6
20/03/2025,ENOG.TA,4529.238501,7
21/03/2025,ENOG.TA,4272.521777,8
22/03/2025,ENOG.TA,4322.04214,9
23/03/2025,ENOG.TA,4340.819072,10
24/03/2025,ENOG.TA,4282.966447,11
25/03/2025,ENOG.TA,4315.380597,12
26/03/2025,ENOG.TA,4442.522596,13
27/03/2025,ENOG.TA,4451.844084,14
28/03/2025,ENOG.TA,4448.117611,15
29/03/2025,ENOG.TA,4442.953328,16
30/03/2025,ENOG.TA,4273.673506,17
31/03/2025,ENOG.TA,4279.557458,18
01/04/2025,ENOG.TA,4322.958702,19
02/04/2025,ENOG.TA,4333.353889,20
03/04/2025,ENOG.TA,4446.107231,21
04/04/2025,ENOG.TA,4451.657779,22
05/04/2025,ENOG.TA,4414.77989,23
06/04/2025,ENOG.TA,4335.716574,24
07/04/2025,ENOG.TA,4341.13751,25
08/04/2025,ENOG.TA,4614.327863,26
09/04/2025,ENOG.TA,4799.538947,27
10/04/2025,ENOG.TA,4792.502641,28
11/04/2025,ENOG.TA,4798.635011,29
12/04/2025,ENOG.TA,4747.633368,30
14/03/2025,ENRG.TA,1083.672481,1
15/03/2025,ENRG.TA,1079.426032,2
16/03/2025,ENRG.TA,1034.048357,3
17/03/2025,ENRG.TA,1037.214197,4
18/03/2025,ENRG.TA,1034.54872,5
19/03/2025,ENRG.TA,1039.02832,6
20/03/2025,ENRG.TA,1046.867269,7
21/03/2025,ENRG.TA,1050.561684,8
22/03/2025,ENRG.TA,1035.656214,9
23/03/2025,ENRG.TA,1042.600603,10
24/03/2025,ENRG.TA,1043.121993,11
25/03/2025,ENRG.TA,1060.740251,12
26/03/2025,ENRG.TA,1062.118313,13
27/03/2025,ENRG.TA,1050.711026,14
28/03/2025,ENRG.TA,1024.687714,15
29/03/2025,ENRG.TA,1025.200145,16
30/03/2025,ENRG.TA,1046.644295,17
31/03/2025,ENRG.TA,1042.542943,18
01/04/2025,ENRG.TA,1043.744385,19
02/04/2025,ENRG.TA,1065.576426,20
03/04/2025,ENRG.TA,1052.410191,21
04/04/2025,ENRG.TA,1041.91271,22
05/04/2025,ENRG.TA,1063.787469,23
06/04/2025,ENRG.TA,1036.165523,24
07/04/2025,ENRG.TA,1009.2608,25
08/04/2025,ENRG.TA,1002.537202,26
09/04/2025,ENRG.TA,991.7698238,27
10/04/2025,ENRG.TA,1030.247499,28
11/04/2025,ENRG.TA,1019.688612,29
12/04/2025,ENRG.TA,999.4633427,30
14/03/2025,ENLT.TA,6234.574371,1
15/03/2025,ENLT.TA,6310.639039,2
16/03/2025,ENLT.TA,6206.641409,3
17/03/2025,ENLT.TA,6127.97118,4
18/03/2025,ENLT.TA,6238.261477,5
19/03/2025,ENLT.TA,6280.126669,6
20/03/2025,ENLT.TA,6183.199693,7
21/03/2025,ENLT.TA,6190.382843,8
22/03/2025,ENLT.TA,5766.126061,9
23/03/2025,ENLT.TA,5666.402655,10
24/03/2025,ENLT.TA,5568.403935,11
25/03/2025,ENLT.TA,5647.286003,12
26/03/2025,ENLT.TA,5657.176607,13
27/03/2025,ENLT.TA,5699.269449,14
28/03/2025,ENLT.TA,5636.015318,15
29/03/2025,ENLT.TA,5571.119378,16
30/03/2025,ENLT.TA,5608.507356,17
31/03/2025,ENLT.TA,5731.859276,18
01/04/2025,ENLT.TA,5759.698288,19
02/04/2025,ENLT.TA,5736.538794,20
03/04/2025,ENLT.TA,5649.2278,21
04/04/2025,ENLT.TA,5609.056322,22
05/04/2025,ENLT.TA,5642.01035,23
06/04/2025,ENLT.TA,5654.701331,24
07/04/2025,ENLT.TA,5734.805888,25
08/04/2025,ENLT.TA,5496.242659,26
09/04/2025,ENLT.TA,5463.210794,27
10/04/2025,ENLT.TA,5328.146115,28
11/04/2025,ENLT.TA,5283.788218,29
12/04/2025,ENLT.TA,5252.033182,30
14/03/2025,ENLV.TA,460.9090558,1
15/03/2025,ENLV.TA,528.6699953,2
16/03/2025,ENLV.TA,595.8299771,3
17/03/2025,ENLV.TA,683.4264313,4
18/03/2025,ENLV.TA,697.8250055,5
19/03/2025,ENLV.TA,561.2380004,6
20/03/2025,ENLV.TA,598.8793058,7
21/03/2025,ENLV.TA,605.419883,8
22/03/2025,ENLV.TA,672.4620249,9
23/03/2025,ENLV.TA,675.8258137,10
24/03/2025,ENLV.TA,581.4440287,11
25/03/2025,ENLV.TA,666.9255204,12
26/03/2025,ENLV.TA,609.6600239,13
27/03/2025,ENLV.TA,594.2571232,14
28/03/2025,ENLV.TA,566.19971,15
29/03/2025,ENLV.TA,551.8893821,16
30/03/2025,ENLV.TA,652.9814591,17
31/03/2025,ENLV.TA,690.3918337,18
01/04/2025,ENLV.TA,769.6451565,19
02/04/2025,ENLV.TA,745.4361565,20
03/04/2025,ENLV.TA,689.9612756,21
04/04/2025,ENLV.TA,789.4495447,22
05/04/2025,ENLV.TA,764.6176026,23
06/04/2025,ENLV.TA,806.6871738,24
07/04/2025,ENLV.TA,834.1010879,25
08/04/2025,ENLV.TA,831.3413845,26
09/04/2025,ENLV.TA,801.8506978,27
10/04/2025,ENLV.TA,810.6079987,28
11/04/2025,ENLV.TA,800.306676,29
12/04/2025,ENLV.TA,830.7784035,30
14/03/2025,EPIT.TA,906.7747398,1
15/03/2025,EPIT.TA,898.1466929,2
16/03/2025,EPIT.TA,889.5361055,3
17/03/2025,EPIT.TA,954.5829684,4
18/03/2025,EPIT.TA,920.2980278,5
19/03/2025,EPIT.TA,910.6677798,6
20/03/2025,EPIT.TA,912.3321385,7
21/03/2025,EPIT.TA,920.288386,8
22/03/2025,EPIT.TA,920.214124,9
23/03/2025,EPIT.TA,895.6625425,10
24/03/2025,EPIT.TA,895.578962,11
25/03/2025,EPIT.TA,923.4769408,12
26/03/2025,EPIT.TA,887.4921115,13
27/03/2025,EPIT.TA,894.1104079,14
28/03/2025,EPIT.TA,896.0964995,15
29/03/2025,EPIT.TA,904.6100894,16
30/03/2025,EPIT.TA,906.2633769,17
31/03/2025,EPIT.TA,910.0751553,18
01/04/2025,EPIT.TA,912.1283247,19
02/04/2025,EPIT.TA,908.3682215,20
03/04/2025,EPIT.TA,904.1871971,21
04/04/2025,EPIT.TA,914.5578915,22
05/04/2025,EPIT.TA,922.2969641,23
06/04/2025,EPIT.TA,926.1761804,24
07/04/2025,EPIT.TA,919.583939,25
08/04/2025,EPIT.TA,882.9178324,26
09/04/2025,EPIT.TA,864.5033909,27
10/04/2025,EPIT.TA,862.3174316,28
11/04/2025,EPIT.TA,872.4368334,29
12/04/2025,EPIT.TA,910.2260379,30
14/03/2025,EQTL.TA,14511.30158,1
15/03/2025,EQTL.TA,14158.25864,2
16/03/2025,EQTL.TA,14306.10291,3
17/03/2025,EQTL.TA,14474.52051,4
18/03/2025,EQTL.TA,14122.37241,5
19/03/2025,EQTL.TA,14567.15844,6
20/03/2025,EQTL.TA,14287.90973,7
21/03/2025,EQTL.TA,14414.96174,8
22/03/2025,EQTL.TA,14851.10266,9
23/03/2025,EQTL.TA,15650.82783,10
24/03/2025,EQTL.TA,15939.10117,11
25/03/2025,EQTL.TA,15799.92967,12
26/03/2025,EQTL.TA,15554.42338,13
27/03/2025,EQTL.TA,15840.92104,14
28/03/2025,EQTL.TA,16175.02219,15
29/03/2025,EQTL.TA,16019.82138,16
30/03/2025,EQTL.TA,15819.36525,17
31/03/2025,EQTL.TA,15694.70298,18
01/04/2025,EQTL.TA,15299.58768,19
02/04/2025,EQTL.TA,15179.02144,20
03/04/2025,EQTL.TA,15875.84804,21
04/04/2025,EQTL.TA,16730.75529,22
05/04/2025,EQTL.TA,16362.29831,23
06/04/2025,EQTL.TA,16105.50684,24
07/04/2025,EQTL.TA,16077.51319,25
08/04/2025,EQTL.TA,16088.72651,26
09/04/2025,EQTL.TA,15734.40876,27
10/04/2025,EQTL.TA,14373.59795,28
11/04/2025,EQTL.TA,14155.20885,29
12/04/2025,EQTL.TA,14412.2344,30
14/03/2025,EFNC-M.TA,468.6116873,1
15/03/2025,EFNC-M.TA,445.591701,2
16/03/2025,EFNC-M.TA,439.02984,3
17/03/2025,EFNC-M.TA,375.9615673,4
18/03/2025,EFNC-M.TA,368.414588,5
19/03/2025,EFNC-M.TA,371.7993661,6
20/03/2025,EFNC-M.TA,573.2943824,7
21/03/2025,EFNC-M.TA,634.1266855,8
22/03/2025,EFNC-M.TA,546.3788282,9
23/03/2025,EFNC-M.TA,563.1664404,10
24/03/2025,EFNC-M.TA,631.2469417,11
25/03/2025,EFNC-M.TA,591.9165459,12
26/03/2025,EFNC-M.TA,713.2064212,13
27/03/2025,EFNC-M.TA,660.5239952,14
28/03/2025,EFNC-M.TA,832.3760022,15
29/03/2025,EFNC-M.TA,534.0163245,16
30/03/2025,EFNC-M.TA,457.3028893,17
31/03/2025,EFNC-M.TA,394.20821,18
01/04/2025,EFNC-M.TA,428.3594764,19
02/04/2025,EFNC-M.TA,425.3991731,20
03/04/2025,EFNC-M.TA,446.1356859,21
04/04/2025,EFNC-M.TA,465.8932589,22
05/04/2025,EFNC-M.TA,294.3610171,23
06/04/2025,EFNC-M.TA,301.2411294,24
07/04/2025,EFNC-M.TA,249.0115076,25
08/04/2025,EFNC-M.TA,243.4059296,26
09/04/2025,EFNC-M.TA,266.5100457,27
10/04/2025,EFNC-M.TA,217.8532556,28
11/04/2025,EFNC-M.TA,219.6099942,29
12/04/2025,EFNC-M.TA,220.8107422,30
14/03/2025,BCUR.TA,18.95802353,1
15/03/2025,BCUR.TA,19.11298238,2
16/03/2025,BCUR.TA,18.09846125,3
17/03/2025,BCUR.TA,13.89701204,4
18/03/2025,BCUR.TA,13.99210148,5
19/03/2025,BCUR.TA,14.02266675,6
20/03/2025,BCUR.TA,13.73033322,7
21/03/2025,BCUR.TA,12.68936594,8
22/03/2025,BCUR.TA,13.52436376,9
23/03/2025,BCUR.TA,13.2898239,10
24/03/2025,BCUR.TA,13.09007978,11
25/03/2025,BCUR.TA,13.10320779,12
26/03/2025,BCUR.TA,13.09284748,13
27/03/2025,BCUR.TA,12.21109622,14
28/03/2025,BCUR.TA,12.22334271,15
29/03/2025,BCUR.TA,11.5745251,16
30/03/2025,BCUR.TA,11.61883663,17
31/03/2025,BCUR.TA,11.60780792,18
01/04/2025,BCUR.TA,10.87113181,19
02/04/2025,BCUR.TA,11.28921726,20
03/04/2025,BCUR.TA,11.82094256,21
04/04/2025,BCUR.TA,11.90182663,22
05/04/2025,BCUR.TA,11.52502942,23
06/04/2025,BCUR.TA,11.48822555,24
07/04/2025,BCUR.TA,11.53220669,25
08/04/2025,BCUR.TA,11.42517613,26
09/04/2025,BCUR.TA,11.86456919,27
10/04/2025,BCUR.TA,13.93704762,28
11/04/2025,BCUR.TA,12.6112214,29
12/04/2025,BCUR.TA,12.5859138,30
14/03/2025,ETGA.TA,2139.479253,1
15/03/2025,ETGA.TA,2091.443903,2
16/03/2025,ETGA.TA,2262.704344,3
17/03/2025,ETGA.TA,2287.381495,4
18/03/2025,ETGA.TA,2270.548095,5
19/03/2025,ETGA.TA,2284.096884,6
20/03/2025,ETGA.TA,2271.474736,7
21/03/2025,ETGA.TA,2341.018008,8
22/03/2025,ETGA.TA,2380.099937,9
23/03/2025,ETGA.TA,2405.982828,10
24/03/2025,ETGA.TA,2314.156801,11
25/03/2025,ETGA.TA,2305.594816,12
26/03/2025,ETGA.TA,2338.270088,13
27/03/2025,ETGA.TA,2267.181912,14
28/03/2025,ETGA.TA,2393.66136,15
29/03/2025,ETGA.TA,2389.119943,16
30/03/2025,ETGA.TA,2407.789701,17
31/03/2025,ETGA.TA,2404.704388,18
01/04/2025,ETGA.TA,2364.646653,19
02/04/2025,ETGA.TA,2418.265257,20
03/04/2025,ETGA.TA,2447.821031,21
04/04/2025,ETGA.TA,2449.99583,22
05/04/2025,ETGA.TA,2475.701567,23
06/04/2025,ETGA.TA,2465.93654,24
07/04/2025,ETGA.TA,2460.184922,25
08/04/2025,ETGA.TA,2418.500271,26
09/04/2025,ETGA.TA,2432.931919,27
10/04/2025,ETGA.TA,2500.062687,28
11/04/2025,ETGA.TA,2486.037948,29
12/04/2025,ETGA.TA,2557.57933,30
14/03/2025,EVGN.TA,436.0125432,1
15/03/2025,EVGN.TA,345.733636,2
16/03/2025,EVGN.TA,345.1596567,3
17/03/2025,EVGN.TA,437.8372837,4
18/03/2025,EVGN.TA,375.2748828,5
19/03/2025,EVGN.TA,377.8362816,6
20/03/2025,EVGN.TA,276.7534126,7
21/03/2025,EVGN.TA,269.9546367,8
22/03/2025,EVGN.TA,287.1184813,9
23/03/2025,EVGN.TA,298.0443659,10
24/03/2025,EVGN.TA,282.6245846,11
25/03/2025,EVGN.TA,269.1605939,12
26/03/2025,EVGN.TA,240.9047277,13
27/03/2025,EVGN.TA,244.0002725,14
28/03/2025,EVGN.TA,68.87811688,15
29/03/2025,EVGN.TA,71.34183181,16
30/03/2025,EVGN.TA,75.87777951,17
31/03/2025,EVGN.TA,93.26767638,18
01/04/2025,EVGN.TA,94.19831762,19
02/04/2025,EVGN.TA,95.13824496,20
03/04/2025,EVGN.TA,88.40229286,21
04/04/2025,EVGN.TA,87.81892182,22
05/04/2025,EVGN.TA,89.63845381,23
06/04/2025,EVGN.TA,89.66174568,24
07/04/2025,EVGN.TA,86.33657902,25
08/04/2025,EVGN.TA,118.7452345,26
09/04/2025,EVGN.TA,110.3378667,27
10/04/2025,EVGN.TA,117.7259586,28
11/04/2025,EVGN.TA,115.2264088,29
12/04/2025,EVGN.TA,116.2601707,30
14/03/2025,EXPO.TA,6327.851317,1
15/03/2025,EXPO.TA,6571.07816,2
16/03/2025,EXPO.TA,6631.542313,3
17/03/2025,EXPO.TA,6692.111203,4
18/03/2025,EXPO.TA,6702.698445,5
19/03/2025,EXPO.TA,6661.329973,6
20/03/2025,EXPO.TA,6771.832471,7
21/03/2025,EXPO.TA,6809.133381,8
22/03/2025,EXPO.TA,6974.503688,9
23/03/2025,EXPO.TA,7079.846964,10
24/03/2025,EXPO.TA,7132.304641,11
25/03/2025,EXPO.TA,7126.719316,12
26/03/2025,EXPO.TA,7159.979252,13
27/03/2025,EXPO.TA,7130.57869,14
28/03/2025,EXPO.TA,7141.046142,15
29/03/2025,EXPO.TA,7258.933747,16
30/03/2025,EXPO.TA,7199.444873,17
31/03/2025,EXPO.TA,7338.581739,18
01/04/2025,EXPO.TA,7459.412268,19
02/04/2025,EXPO.TA,7697.018859,20
03/04/2025,EXPO.TA,7673.708264,21
04/04/2025,EXPO.TA,7671.696222,22
05/04/2025,EXPO.TA,7754.165884,23
06/04/2025,EXPO.TA,7753.820187,24
07/04/2025,EXPO.TA,7806.496038,25
08/04/2025,EXPO.TA,7935.9953,26
09/04/2025,EXPO.TA,7849.543938,27
10/04/2025,EXPO.TA,8222.22726,28
11/04/2025,EXPO.TA,8283.340398,29
12/04/2025,EXPO.TA,8171.859107,30
14/03/2025,FTAL.TA,47820.63668,1
15/03/2025,FTAL.TA,48275.95406,2
16/03/2025,FTAL.TA,48502.08421,3
17/03/2025,FTAL.TA,49371.78448,4
18/03/2025,FTAL.TA,50363.09696,5
19/03/2025,FTAL.TA,50045.96306,6
20/03/2025,FTAL.TA,50813.45076,7
21/03/2025,FTAL.TA,51101.78341,8
22/03/2025,FTAL.TA,52564.21898,9
23/03/2025,FTAL.TA,51438.52098,10
24/03/2025,FTAL.TA,50010.04463,11
25/03/2025,FTAL.TA,50832.42583,12
26/03/2025,FTAL.TA,49320.57688,13
27/03/2025,FTAL.TA,49157.27482,14
28/03/2025,FTAL.TA,50144.28027,15
29/03/2025,FTAL.TA,50546.59293,16
30/03/2025,FTAL.TA,50228.30356,17
31/03/2025,FTAL.TA,50463.57874,18
01/04/2025,FTAL.TA,49479.18734,19
02/04/2025,FTAL.TA,48513.99843,20
03/04/2025,FTAL.TA,48889.36833,21
04/04/2025,FTAL.TA,48758.01324,22
05/04/2025,FTAL.TA,48894.89132,23
06/04/2025,FTAL.TA,48587.00264,24
07/04/2025,FTAL.TA,47520.48739,25
08/04/2025,FTAL.TA,48301.92951,26
09/04/2025,FTAL.TA,48656.09399,27
10/04/2025,FTAL.TA,49402.26714,28
11/04/2025,FTAL.TA,52469.62753,29
12/04/2025,FTAL.TA,51952.47805,30
14/03/2025,FEAT.TA,157.6981654,1
15/03/2025,FEAT.TA,157.7066198,2
16/03/2025,FEAT.TA,157.3174407,3
17/03/2025,FEAT.TA,164.6783473,4
18/03/2025,FEAT.TA,159.6623194,5
19/03/2025,FEAT.TA,2850.666881,6
20/03/2025,FEAT.TA,2796.691589,7
21/03/2025,FEAT.TA,1128.335075,8
22/03/2025,FEAT.TA,1130.395258,9
23/03/2025,FEAT.TA,1121.541202,10
24/03/2025,FEAT.TA,1126.352962,11
25/03/2025,FEAT.TA,-305.6565066,12
26/03/2025,FEAT.TA,-312.2703933,13
27/03/2025,FEAT.TA,-1592.220744,14
28/03/2025,FEAT.TA,-1628.708395,15
29/03/2025,FEAT.TA,-1636.932105,16
30/03/2025,FEAT.TA,-1642.012654,17
31/03/2025,FEAT.TA,-23278.54629,18
01/04/2025,FEAT.TA,-22837.78404,19
02/04/2025,FEAT.TA,-22918.44082,20
03/04/2025,FEAT.TA,-21907.0147,21
04/04/2025,FEAT.TA,-21908.18916,22
05/04/2025,FEAT.TA,-21493.37363,23
06/04/2025,FEAT.TA,-20847.24977,24
07/04/2025,FEAT.TA,-20116.29129,25
08/04/2025,FEAT.TA,-1239.214308,26
09/04/2025,FEAT.TA,-1237.543176,27
10/04/2025,FEAT.TA,-1242.852622,28
11/04/2025,FEAT.TA,-1024.332975,29
12/04/2025,FEAT.TA,-68.22401298,30
14/03/2025,FIBI.TA,19611.0519,1
15/03/2025,FIBI.TA,19937.63988,2
16/03/2025,FIBI.TA,19533.08515,3
17/03/2025,FIBI.TA,19858.37473,4
18/03/2025,FIBI.TA,19866.28514,5
19/03/2025,FIBI.TA,19772.37627,6
20/03/2025,FIBI.TA,20016.47948,7
21/03/2025,FIBI.TA,20167.65942,8
22/03/2025,FIBI.TA,19953.78668,9
23/03/2025,FIBI.TA,19951.76785,10
24/03/2025,FIBI.TA,20096.85383,11
25/03/2025,FIBI.TA,20276.00343,12
26/03/2025,FIBI.TA,20066.36295,13
27/03/2025,FIBI.TA,19510.56038,14
28/03/2025,FIBI.TA,18970.15256,15
29/03/2025,FIBI.TA,19104.89709,16
30/03/2025,FIBI.TA,19436.20773,17
31/03/2025,FIBI.TA,19453.06691,18
01/04/2025,FIBI.TA,19391.20791,19
02/04/2025,FIBI.TA,19578.68944,20
03/04/2025,FIBI.TA,19489.35202,21
04/04/2025,FIBI.TA,19685.47119,22
05/04/2025,FIBI.TA,20076.33611,23
06/04/2025,FIBI.TA,20397.51419,24
07/04/2025,FIBI.TA,20475.36796,25
08/04/2025,FIBI.TA,20522.42611,26
09/04/2025,FIBI.TA,20705.36939,27
10/04/2025,FIBI.TA,20785.96385,28
11/04/2025,FIBI.TA,20518.99469,29
12/04/2025,FIBI.TA,20574.0553,30
14/03/2025,FIBIH.TA,20520.20014,1
15/03/2025,FIBIH.TA,20617.37413,2
16/03/2025,FIBIH.TA,20625.473,3
17/03/2025,FIBIH.TA,20368.16331,4
18/03/2025,FIBIH.TA,20210.53529,5
19/03/2025,FIBIH.TA,20512.558,6
20/03/2025,FIBIH.TA,20397.78662,7
21/03/2025,FIBIH.TA,20747.58753,8
22/03/2025,FIBIH.TA,20999.76248,9
23/03/2025,FIBIH.TA,21135.73299,10
24/03/2025,FIBIH.TA,21378.48719,11
25/03/2025,FIBIH.TA,21618.30387,12
26/03/2025,FIBIH.TA,21536.03804,13
27/03/2025,FIBIH.TA,21804.47198,14
28/03/2025,FIBIH.TA,21487.81525,15
29/03/2025,FIBIH.TA,21766.1415,16
30/03/2025,FIBIH.TA,21584.18992,17
31/03/2025,FIBIH.TA,21716.83139,18
01/04/2025,FIBIH.TA,21692.69579,19
02/04/2025,FIBIH.TA,21617.75719,20
03/04/2025,FIBIH.TA,21241.21225,21
04/04/2025,FIBIH.TA,21466.6745,22
05/04/2025,FIBIH.TA,21329.86297,23
06/04/2025,FIBIH.TA,21519.16972,24
07/04/2025,FIBIH.TA,21855.35598,25
08/04/2025,FIBIH.TA,21512.89501,26
09/04/2025,FIBIH.TA,21742.24566,27
10/04/2025,FIBIH.TA,22038.53967,28
11/04/2025,FIBIH.TA,22309.39455,29
12/04/2025,FIBIH.TA,22511.53712,30
14/03/2025,FGAS.TA,1216.490337,1
15/03/2025,FGAS.TA,1230.911254,2
16/03/2025,FGAS.TA,1216.279228,3
17/03/2025,FGAS.TA,1217.005343,4
18/03/2025,FGAS.TA,1216.562863,5
19/03/2025,FGAS.TA,1217.032598,6
20/03/2025,FGAS.TA,1219.368621,7
21/03/2025,FGAS.TA,1227.824062,8
22/03/2025,FGAS.TA,1223.351231,9
23/03/2025,FGAS.TA,1227.21947,10
24/03/2025,FGAS.TA,1225.674625,11
25/03/2025,FGAS.TA,1215.228021,12
26/03/2025,FGAS.TA,1194.549823,13
27/03/2025,FGAS.TA,1189.94995,14
28/03/2025,FGAS.TA,1222.702554,15
29/03/2025,FGAS.TA,1232.061669,16
30/03/2025,FGAS.TA,1246.667176,17
31/03/2025,FGAS.TA,1246.535171,18
01/04/2025,FGAS.TA,1282.822079,19
02/04/2025,FGAS.TA,1265.048861,20
03/04/2025,FGAS.TA,1262.667651,21
04/04/2025,FGAS.TA,1276.75059,22
05/04/2025,FGAS.TA,1262.73629,23
06/04/2025,FGAS.TA,1260.359432,24
07/04/2025,FGAS.TA,1295.050012,25
08/04/2025,FGAS.TA,1311.097854,26
09/04/2025,FGAS.TA,1314.232436,27
10/04/2025,FGAS.TA,1320.934246,28
11/04/2025,FGAS.TA,1315.837321,29
12/04/2025,FGAS.TA,1298.494953,30
14/03/2025,FLYS.TA,48.27523823,1
15/03/2025,FLYS.TA,48.94845381,2
16/03/2025,FLYS.TA,32.82114462,3
17/03/2025,FLYS.TA,32.19308362,4
18/03/2025,FLYS.TA,32.11964762,5
19/03/2025,FLYS.TA,32.84109634,6
20/03/2025,FLYS.TA,32.8248016,7
21/03/2025,FLYS.TA,33.75899046,8
22/03/2025,FLYS.TA,32.21519619,9
23/03/2025,FLYS.TA,32.0927244,10
24/03/2025,FLYS.TA,30.62512826,11
25/03/2025,FLYS.TA,31.02812273,12
26/03/2025,FLYS.TA,31.91117839,13
27/03/2025,FLYS.TA,30.50595823,14
28/03/2025,FLYS.TA,30.54877779,15
29/03/2025,FLYS.TA,29.20355142,16
30/03/2025,FLYS.TA,27.66906589,17
31/03/2025,FLYS.TA,26.64302518,18
01/04/2025,FLYS.TA,26.55842253,19
02/04/2025,FLYS.TA,27.15495896,20
03/04/2025,FLYS.TA,27.65133664,21
04/04/2025,FLYS.TA,28.03694449,22
05/04/2025,FLYS.TA,28.07629843,23
06/04/2025,FLYS.TA,27.71406363,24
07/04/2025,FLYS.TA,33.18461358,25
08/04/2025,FLYS.TA,31.12826039,26
09/04/2025,FLYS.TA,29.49264202,27
10/04/2025,FLYS.TA,30.0764183,28
11/04/2025,FLYS.TA,30.50350692,29
12/04/2025,FLYS.TA,30.40664564,30
14/03/2025,FBRT.TA,17893.40563,1
15/03/2025,FBRT.TA,18414.7384,2
16/03/2025,FBRT.TA,17647.2598,3
17/03/2025,FBRT.TA,16004.58113,4
18/03/2025,FBRT.TA,16113.24887,5
19/03/2025,FBRT.TA,16002.2547,6
20/03/2025,FBRT.TA,15814.31114,7
21/03/2025,FBRT.TA,15614.311,8
22/03/2025,FBRT.TA,15606.39628,9
23/03/2025,FBRT.TA,15623.53949,10
24/03/2025,FBRT.TA,15566.86166,11
25/03/2025,FBRT.TA,15712.64663,12
26/03/2025,FBRT.TA,16266.08594,13
27/03/2025,FBRT.TA,16203.91629,14
28/03/2025,FBRT.TA,15998.98889,15
29/03/2025,FBRT.TA,16016.56336,16
30/03/2025,FBRT.TA,16166.55982,17
31/03/2025,FBRT.TA,16051.21165,18
01/04/2025,FBRT.TA,16098.24552,19
02/04/2025,FBRT.TA,15958.01403,20
03/04/2025,FBRT.TA,16116.63299,21
04/04/2025,FBRT.TA,16071.58102,22
05/04/2025,FBRT.TA,15803.03411,23
06/04/2025,FBRT.TA,15785.79943,24
07/04/2025,FBRT.TA,15616.91104,25
08/04/2025,FBRT.TA,15776.55972,26
09/04/2025,FBRT.TA,15698.20342,27
10/04/2025,FBRT.TA,15301.79736,28
11/04/2025,FBRT.TA,15632.75179,29
12/04/2025,FBRT.TA,15451.3764,30
14/03/2025,FRSX.TA,17.66138503,1
15/03/2025,FRSX.TA,20.8607952,2
16/03/2025,FRSX.TA,20.92334624,3
17/03/2025,FRSX.TA,17.92784851,4
18/03/2025,FRSX.TA,16.35050441,5
19/03/2025,FRSX.TA,17.57242946,6
20/03/2025,FRSX.TA,15.95516927,7
21/03/2025,FRSX.TA,14.68694286,8
22/03/2025,FRSX.TA,15.82219851,9
23/03/2025,FRSX.TA,14.3139045,10
24/03/2025,FRSX.TA,19.64935602,11
25/03/2025,FRSX.TA,19.30582936,12
26/03/2025,FRSX.TA,20.79811078,13
27/03/2025,FRSX.TA,22.92055956,14
28/03/2025,FRSX.TA,26.18692248,15
29/03/2025,FRSX.TA,22.49014531,16
30/03/2025,FRSX.TA,41.05798137,17
31/03/2025,FRSX.TA,36.86824619,18
01/04/2025,FRSX.TA,42.75866055,19
02/04/2025,FRSX.TA,43.28916986,20
03/04/2025,FRSX.TA,34.26896874,21
04/04/2025,FRSX.TA,34.81157646,22
05/04/2025,FRSX.TA,33.27204149,23
06/04/2025,FRSX.TA,36.91523034,24
07/04/2025,FRSX.TA,34.31986946,25
08/04/2025,FRSX.TA,30.81772055,26
09/04/2025,FRSX.TA,42.99562111,27
10/04/2025,FRSX.TA,40.17639697,28
11/04/2025,FRSX.TA,33.83452517,29
12/04/2025,FRSX.TA,31.61385623,30
14/03/2025,FORTY.TA,36299.62963,1
15/03/2025,FORTY.TA,35837.84592,2
16/03/2025,FORTY.TA,35020.26429,3
17/03/2025,FORTY.TA,35865.85785,4
18/03/2025,FORTY.TA,36367.97443,5
19/03/2025,FORTY.TA,37519.25979,6
20/03/2025,FORTY.TA,37969.75812,7
21/03/2025,FORTY.TA,38422.62077,8
22/03/2025,FORTY.TA,38974.30882,9
23/03/2025,FORTY.TA,38528.16723,10
24/03/2025,FORTY.TA,37553.39946,11
25/03/2025,FORTY.TA,37804.5389,12
26/03/2025,FORTY.TA,36879.73387,13
27/03/2025,FORTY.TA,36757.56856,14
28/03/2025,FORTY.TA,36658.56488,15
29/03/2025,FORTY.TA,35928.04092,16
30/03/2025,FORTY.TA,35826.28761,17
31/03/2025,FORTY.TA,35882.17017,18
01/04/2025,FORTY.TA,35752.84582,19
02/04/2025,FORTY.TA,36276.35667,20
03/04/2025,FORTY.TA,36291.09392,21
04/04/2025,FORTY.TA,37142.51389,22
05/04/2025,FORTY.TA,37034.37934,23
06/04/2025,FORTY.TA,36697.63351,24
07/04/2025,FORTY.TA,37859.35475,25
08/04/2025,FORTY.TA,38453.9601,26
09/04/2025,FORTY.TA,38634.29704,27
10/04/2025,FORTY.TA,39170.9889,28
11/04/2025,FORTY.TA,39584.59458,29
12/04/2025,FORTY.TA,39159.00032,30
14/03/2025,FOX.TA,31300.02113,1
15/03/2025,FOX.TA,31675.32018,2
16/03/2025,FOX.TA,31555.64441,3
17/03/2025,FOX.TA,32246.04286,4
18/03/2025,FOX.TA,31784.65153,5
19/03/2025,FOX.TA,31965.7825,6
20/03/2025,FOX.TA,32603.36993,7
21/03/2025,FOX.TA,31744.37237,8
22/03/2025,FOX.TA,31805.17232,9
23/03/2025,FOX.TA,31566.76681,10
24/03/2025,FOX.TA,31324.5554,11
25/03/2025,FOX.TA,31161.91324,12
26/03/2025,FOX.TA,31840.17731,13
27/03/2025,FOX.TA,31780.3597,14
28/03/2025,FOX.TA,31465.97379,15
29/03/2025,FOX.TA,31166.71772,16
30/03/2025,FOX.TA,30927.57589,17
31/03/2025,FOX.TA,31968.34103,18
01/04/2025,FOX.TA,31854.03766,19
02/04/2025,FOX.TA,31306.27103,20
03/04/2025,FOX.TA,31008.53381,21
04/04/2025,FOX.TA,30302.57245,22
05/04/2025,FOX.TA,29845.18267,23
06/04/2025,FOX.TA,29559.37739,24
07/04/2025,FOX.TA,29485.71494,25
08/04/2025,FOX.TA,29249.34432,26
09/04/2025,FOX.TA,29355.78188,27
10/04/2025,FOX.TA,29501.67064,28
11/04/2025,FOX.TA,29167.11953,29
12/04/2025,FOX.TA,28902.28891,30
14/03/2025,FRDN.TA,5855.141017,1
15/03/2025,FRDN.TA,5913.670161,2
16/03/2025,FRDN.TA,5916.678615,3
17/03/2025,FRDN.TA,5832.127657,4
18/03/2025,FRDN.TA,5813.494405,5
19/03/2025,FRDN.TA,5907.0544,6
20/03/2025,FRDN.TA,6883.771296,7
21/03/2025,FRDN.TA,6868.344028,8
22/03/2025,FRDN.TA,6852.951333,9
23/03/2025,FRDN.TA,6765.652627,10
24/03/2025,FRDN.TA,6647.91418,11
25/03/2025,FRDN.TA,6632.707565,12
26/03/2025,FRDN.TA,6244.592537,13
27/03/2025,FRDN.TA,6230.818867,14
28/03/2025,FRDN.TA,6248.958577,15
29/03/2025,FRDN.TA,6864.17741,16
30/03/2025,FRDN.TA,7414.808872,17
31/03/2025,FRDN.TA,7450.468418,18
01/04/2025,FRDN.TA,7488.530141,19
02/04/2025,FRDN.TA,7745.900267,20
03/04/2025,FRDN.TA,7536.697263,21
04/04/2025,FRDN.TA,7639.568787,22
05/04/2025,FRDN.TA,7749.708062,23
06/04/2025,FRDN.TA,7760.294061,24
07/04/2025,FRDN.TA,7621.648639,25
08/04/2025,FRDN.TA,7659.675663,26
09/04/2025,FRDN.TA,7883.136221,27
10/04/2025,FRDN.TA,7878.477583,28
11/04/2025,FRDN.TA,7610.266006,29
12/04/2025,FRDN.TA,7620.66153,30
14/03/2025,GOSS.TA,515.9809497,1
15/03/2025,GOSS.TA,521.9449263,2
16/03/2025,GOSS.TA,526.4244684,3
17/03/2025,GOSS.TA,527.1256023,4
18/03/2025,GOSS.TA,528.816064,5
19/03/2025,GOSS.TA,536.5547864,6
20/03/2025,GOSS.TA,538.1238533,7
21/03/2025,GOSS.TA,535.4222863,8
22/03/2025,GOSS.TA,499.2944019,9
23/03/2025,GOSS.TA,503.7701306,10
24/03/2025,GOSS.TA,502.2520606,11
25/03/2025,GOSS.TA,493.9944948,12
26/03/2025,GOSS.TA,495.1975844,13
27/03/2025,GOSS.TA,488.8228215,14
28/03/2025,GOSS.TA,487.349794,15
29/03/2025,GOSS.TA,489.9628641,16
30/03/2025,GOSS.TA,493.1310587,17
31/03/2025,GOSS.TA,497.3633086,18
01/04/2025,GOSS.TA,489.6240532,19
02/04/2025,GOSS.TA,492.790057,20
03/04/2025,GOSS.TA,492.8733724,21
04/04/2025,GOSS.TA,498.8952898,22
05/04/2025,GOSS.TA,513.9493038,23
06/04/2025,GOSS.TA,515.3800212,24
07/04/2025,GOSS.TA,515.7352506,25
08/04/2025,GOSS.TA,525.458563,26
09/04/2025,GOSS.TA,519.5467943,27
10/04/2025,GOSS.TA,529.5860941,28
11/04/2025,GOSS.TA,528.8849517,29
12/04/2025,GOSS.TA,525.1599159,30
14/03/2025,GCT.TA,1179.890116,1
15/03/2025,GCT.TA,1221.566823,2
16/03/2025,GCT.TA,1216.129619,3
17/03/2025,GCT.TA,1268.388708,4
18/03/2025,GCT.TA,1310.734967,5
19/03/2025,GCT.TA,1391.506677,6
20/03/2025,GCT.TA,1330.895349,7
21/03/2025,GCT.TA,1291.391555,8
22/03/2025,GCT.TA,1264.439185,9
23/03/2025,GCT.TA,1209.36267,10
24/03/2025,GCT.TA,1250.502157,11
25/03/2025,GCT.TA,1227.950358,12
26/03/2025,GCT.TA,1247.905842,13
27/03/2025,GCT.TA,1204.021715,14
28/03/2025,GCT.TA,1182.381045,15
29/03/2025,GCT.TA,1161.057755,16
30/03/2025,GCT.TA,1112.815102,17
31/03/2025,GCT.TA,1151.860234,18
01/04/2025,GCT.TA,1112.943247,19
02/04/2025,GCT.TA,1089.715235,20
03/04/2025,GCT.TA,1094.921448,21
04/04/2025,GCT.TA,1109.57054,22
05/04/2025,GCT.TA,1096.007177,23
06/04/2025,GCT.TA,1134.462572,24
07/04/2025,GCT.TA,1174.534663,25
08/04/2025,GCT.TA,1183.979949,26
09/04/2025,GCT.TA,1244.941322,27
10/04/2025,GCT.TA,1235.856276,28
11/04/2025,GCT.TA,1225.330045,29
12/04/2025,GCT.TA,1203.491219,30
30/01/2025,GPGB-M.TA,-572.7354645,1
31/01/2025,GPGB-M.TA,-572.7134578,2
01/02/2025,GPGB-M.TA,-546.9058106,3
02/02/2025,GPGB-M.TA,-546.6656925,4
03/02/2025,GPGB-M.TA,-2272.432045,5
04/02/2025,GPGB-M.TA,-2226.806914,6
05/02/2025,GPGB-M.TA,2311.897172,7
06/02/2025,GPGB-M.TA,1988.226866,8
07/02/2025,GPGB-M.TA,-337.9980233,9
08/02/2025,GPGB-M.TA,-375.4660424,10
09/02/2025,GPGB-M.TA,-532.9134571,11
10/02/2025,GPGB-M.TA,-2001.815891,12
11/02/2025,GPGB-M.TA,171.6125073,13
12/02/2025,GPGB-M.TA,181.8703921,14
13/02/2025,GPGB-M.TA,179.5019614,15
14/02/2025,GPGB-M.TA,-45.70401753,16
15/02/2025,GPGB-M.TA,-39.30536213,17
16/02/2025,GPGB-M.TA,-37.95523035,18
17/02/2025,GPGB-M.TA,-37.7571123,19
18/02/2025,GPGB-M.TA,-39.20465832,20
19/02/2025,GPGB-M.TA,-46.78724439,21
20/02/2025,GPGB-M.TA,4.12177028,22
21/02/2025,GPGB-M.TA,1.88765206,23
22/02/2025,GPGB-M.TA,1.87556975,24
23/02/2025,GPGB-M.TA,3.84189246,25
24/02/2025,GPGB-M.TA,3.84189273,26
25/02/2025,GPGB-M.TA,3.84068461,27
26/02/2025,GPGB-M.TA,3.82986701,28
27/02/2025,GPGB-M.TA,3.8163156,29
28/02/2025,GPGB-M.TA,3.8163156,30
14/03/2025,GLTC.TA,-34.13827824,1
15/03/2025,GLTC.TA,-34.05108768,2
16/03/2025,GLTC.TA,-33.57665998,3
17/03/2025,GLTC.TA,-48.34008912,4
18/03/2025,GLTC.TA,-52.15961923,5
19/03/2025,GLTC.TA,-52.23457033,6
20/03/2025,GLTC.TA,-48.05362516,7
21/03/2025,GLTC.TA,-43.76644642,8
22/03/2025,GLTC.TA,-39.96609787,9
23/03/2025,GLTC.TA,-12.68808211,10
24/03/2025,GLTC.TA,-16.38592317,11
25/03/2025,GLTC.TA,-16.40946902,12
26/03/2025,GLTC.TA,-15.47659288,13
27/03/2025,GLTC.TA,-15.06926904,14
28/03/2025,GLTC.TA,-13.55076627,15
29/03/2025,GLTC.TA,-13.86346498,16
30/03/2025,GLTC.TA,-12.65966611,17
31/03/2025,GLTC.TA,-12.7646206,18
01/04/2025,GLTC.TA,-12.0389536,19
02/04/2025,GLTC.TA,-12.61436805,20
03/04/2025,GLTC.TA,-12.38286853,21
04/04/2025,GLTC.TA,-12.97472075,22
05/04/2025,GLTC.TA,-11.8530177,23
06/04/2025,GLTC.TA,-11.63549052,24
07/04/2025,GLTC.TA,-12.32495669,25
08/04/2025,GLTC.TA,-17.74415636,26
09/04/2025,GLTC.TA,-17.74520429,27
10/04/2025,GLTC.TA,-19.69633708,28
11/04/2025,GLTC.TA,-24.78112304,29
12/04/2025,GLTC.TA,-25.77583918,30
02/01/2025,GMLA.TA,165.5891467,1
03/01/2025,GMLA.TA,164.6707529,2
04/01/2025,GMLA.TA,163.9465249,3
05/01/2025,GMLA.TA,162.7443748,4
06/01/2025,GMLA.TA,163.3645879,5
07/01/2025,GMLA.TA,164.1947668,6
08/01/2025,GMLA.TA,164.6550707,7
09/01/2025,GMLA.TA,165.2825653,8
10/01/2025,GMLA.TA,83.05967205,9
11/01/2025,GMLA.TA,81.2658555,10
12/01/2025,GMLA.TA,81.89608396,11
13/01/2025,GMLA.TA,81.29465688,12
14/01/2025,GMLA.TA,80.81579427,13
15/01/2025,GMLA.TA,80.77618711,14
16/01/2025,GMLA.TA,81.40261812,15
17/01/2025,GMLA.TA,84.57516809,16
18/01/2025,GMLA.TA,83.26841544,17
19/01/2025,GMLA.TA,85.6366126,18
20/01/2025,GMLA.TA,85.68833901,19
21/01/2025,GMLA.TA,92.11052265,20
22/01/2025,GMLA.TA,90.0949201,21
23/01/2025,GMLA.TA,89.98163444,22
24/01/2025,GMLA.TA,90.29358629,23
25/01/2025,GMLA.TA,90.33368403,24
26/01/2025,GMLA.TA,89.83267357,25
27/01/2025,GMLA.TA,89.35596821,26
28/01/2025,GMLA.TA,89.5260898,27
29/01/2025,GMLA.TA,89.6437561,28
30/01/2025,GMLA.TA,89.16805325,29
31/01/2025,GMLA.TA,89.06114987,30
14/03/2025,GSFI.TA,2944.162111,1
15/03/2025,GSFI.TA,2889.242555,2
16/03/2025,GSFI.TA,2860.973328,3
17/03/2025,GSFI.TA,2847.886354,4
18/03/2025,GSFI.TA,2861.137633,5
19/03/2025,GSFI.TA,2791.656569,6
20/03/2025,GSFI.TA,2747.570058,7
21/03/2025,GSFI.TA,2851.556986,8
22/03/2025,GSFI.TA,2869.141689,9
23/03/2025,GSFI.TA,2802.530101,10
24/03/2025,GSFI.TA,2741.101028,11
25/03/2025,GSFI.TA,2578.791736,12
26/03/2025,GSFI.TA,2529.232109,13
27/03/2025,GSFI.TA,2422.200772,14
28/03/2025,GSFI.TA,2436.21029,15
29/03/2025,GSFI.TA,2450.300836,16
30/03/2025,GSFI.TA,2465.411111,17
31/03/2025,GSFI.TA,2431.806942,18
01/04/2025,GSFI.TA,2447.562739,19
02/04/2025,GSFI.TA,2386.445245,20
03/04/2025,GSFI.TA,2340.582164,21
04/04/2025,GSFI.TA,2333.607147,22
05/04/2025,GSFI.TA,2290.076708,23
06/04/2025,GSFI.TA,2276.963351,24
07/04/2025,GSFI.TA,2293.748538,25
08/04/2025,GSFI.TA,2294.457137,26
09/04/2025,GSFI.TA,2375.257272,27
10/04/2025,GSFI.TA,2378.747063,28
11/04/2025,GSFI.TA,2412.895934,29
12/04/2025,GSFI.TA,2417.257308,30
14/03/2025,GAGR.TA,401.1198415,1
15/03/2025,GAGR.TA,406.8996589,2
16/03/2025,GAGR.TA,403.2306241,3
17/03/2025,GAGR.TA,400.9319135,4
18/03/2025,GAGR.TA,403.8577404,5
19/03/2025,GAGR.TA,404.8893912,6
20/03/2025,GAGR.TA,401.9514423,7
21/03/2025,GAGR.TA,399.0348117,8
22/03/2025,GAGR.TA,399.661288,9
23/03/2025,GAGR.TA,404.0809244,10
24/03/2025,GAGR.TA,407.4491495,11
25/03/2025,GAGR.TA,401.8224862,12
26/03/2025,GAGR.TA,408.3102134,13
27/03/2025,GAGR.TA,400.1910053,14
28/03/2025,GAGR.TA,397.449307,15
29/03/2025,GAGR.TA,411.1048725,16
30/03/2025,GAGR.TA,417.3693841,17
31/03/2025,GAGR.TA,421.4162977,18
01/04/2025,GAGR.TA,423.8614646,19
02/04/2025,GAGR.TA,424.7365232,20
03/04/2025,GAGR.TA,446.1516416,21
04/04/2025,GAGR.TA,595.9561395,22
05/04/2025,GAGR.TA,616.0244849,23
06/04/2025,GAGR.TA,608.116022,24
07/04/2025,GAGR.TA,604.0678093,25
08/04/2025,GAGR.TA,607.8545965,26
09/04/2025,GAGR.TA,577.5334628,27
10/04/2025,GAGR.TA,606.6525679,28
11/04/2025,GAGR.TA,596.5596648,29
12/04/2025,GAGR.TA,602.7241544,30
14/03/2025,GAON-M.TA,3514.269638,1
15/03/2025,GAON-M.TA,3830.446207,2
16/03/2025,GAON-M.TA,3838.44661,3
17/03/2025,GAON-M.TA,4038.58648,4
18/03/2025,GAON-M.TA,2678.637695,5
19/03/2025,GAON-M.TA,2671.125115,6
20/03/2025,GAON-M.TA,2507.328891,7
21/03/2025,GAON-M.TA,2567.195971,8
22/03/2025,GAON-M.TA,2559.995943,9
23/03/2025,GAON-M.TA,2558.278426,10
24/03/2025,GAON-M.TA,2557.421836,11
25/03/2025,GAON-M.TA,2336.42634,12
26/03/2025,GAON-M.TA,2334.858817,13
27/03/2025,GAON-M.TA,2667.783319,14
28/03/2025,GAON-M.TA,3263.665434,15
29/03/2025,GAON-M.TA,3341.591439,16
30/03/2025,GAON-M.TA,3712.661001,17
31/03/2025,GAON-M.TA,4168.280264,18
01/04/2025,GAON-M.TA,4173.313281,19
02/04/2025,GAON-M.TA,4171.670001,20
03/04/2025,GAON-M.TA,4173.636508,21
04/04/2025,GAON-M.TA,3309.59211,22
05/04/2025,GAON-M.TA,3365.943728,23
06/04/2025,GAON-M.TA,3411.048214,24
07/04/2025,GAON-M.TA,3401.481495,25
08/04/2025,GAON-M.TA,3818.912683,26
09/04/2025,GAON-M.TA,3818.411188,27
10/04/2025,GAON-M.TA,3561.088839,28
11/04/2025,GAON-M.TA,3559.896478,29
12/04/2025,GAON-M.TA,3574.328658,30
14/03/2025,GVYM.TA,3026.026903,1
15/03/2025,GVYM.TA,3030.61076,2
16/03/2025,GVYM.TA,3082.779149,3
17/03/2025,GVYM.TA,3091.22948,4
18/03/2025,GVYM.TA,3046.740524,5
19/03/2025,GVYM.TA,3045.164767,6
20/03/2025,GVYM.TA,2958.121035,7
21/03/2025,GVYM.TA,2966.22966,8
22/03/2025,GVYM.TA,3016.385988,9
23/03/2025,GVYM.TA,3021.952359,10
24/03/2025,GVYM.TA,3057.602874,11
25/03/2025,GVYM.TA,2970.203608,12
26/03/2025,GVYM.TA,2978.345354,13
27/03/2025,GVYM.TA,2971.066022,14
28/03/2025,GVYM.TA,2975.566623,15
29/03/2025,GVYM.TA,2951.67044,16
30/03/2025,GVYM.TA,2941.824283,17
31/03/2025,GVYM.TA,2920.130975,18
01/04/2025,GVYM.TA,2912.484513,19
02/04/2025,GVYM.TA,2879.593671,20
03/04/2025,GVYM.TA,2847.074267,21
04/04/2025,GVYM.TA,2826.796823,22
05/04/2025,GVYM.TA,2817.346145,23
06/04/2025,GVYM.TA,2807.927064,24
07/04/2025,GVYM.TA,2799.601703,25
08/04/2025,GVYM.TA,2814.750102,26
09/04/2025,GVYM.TA,2819.013915,27
10/04/2025,GVYM.TA,2790.486375,28
11/04/2025,GVYM.TA,2766.313084,29
12/04/2025,GVYM.TA,2719.492968,30
14/03/2025,GEFR.TA,61.3061191,1
15/03/2025,GEFR.TA,61.66930814,2
16/03/2025,GEFR.TA,61.63919921,3
17/03/2025,GEFR.TA,60.44952414,4
18/03/2025,GEFR.TA,58.50620302,5
19/03/2025,GEFR.TA,58.58949933,6
20/03/2025,GEFR.TA,57.99369801,7
21/03/2025,GEFR.TA,56.71537284,8
22/03/2025,GEFR.TA,57.21160571,9
23/03/2025,GEFR.TA,57.45687213,10
24/03/2025,GEFR.TA,56.09152166,11
25/03/2025,GEFR.TA,57.3050606,12
26/03/2025,GEFR.TA,55.46282717,13
27/03/2025,GEFR.TA,56.18590952,14
28/03/2025,GEFR.TA,57.40797613,15
29/03/2025,GEFR.TA,57.57585759,16
30/03/2025,GEFR.TA,57.91174989,17
31/03/2025,GEFR.TA,56.9049468,18
01/04/2025,GEFR.TA,58.41832452,19
02/04/2025,GEFR.TA,58.66022498,20
03/04/2025,GEFR.TA,60.03394375,21
04/04/2025,GEFR.TA,57.54951894,22
05/04/2025,GEFR.TA,55.61675048,23
06/04/2025,GEFR.TA,54.98868445,24
07/04/2025,GEFR.TA,55.31444781,25
08/04/2025,GEFR.TA,55.92891804,26
09/04/2025,GEFR.TA,55.00789719,27
10/04/2025,GEFR.TA,55.72504852,28
11/04/2025,GEFR.TA,55.40224183,29
12/04/2025,GEFR.TA,56.19968351,30
14/03/2025,GNCL.TA,45.79974742,1
15/03/2025,GNCL.TA,43.18711714,2
16/03/2025,GNCL.TA,45.43861779,3
17/03/2025,GNCL.TA,58.6664143,4
18/03/2025,GNCL.TA,49.5313662,5
19/03/2025,GNCL.TA,50.44076851,6
20/03/2025,GNCL.TA,51.26959485,7
21/03/2025,GNCL.TA,61.05899528,8
22/03/2025,GNCL.TA,54.28289238,9
23/03/2025,GNCL.TA,51.18634413,10
24/03/2025,GNCL.TA,40.4395016,11
25/03/2025,GNCL.TA,39.41046776,12
26/03/2025,GNCL.TA,49.32142376,13
27/03/2025,GNCL.TA,46.75198815,14
28/03/2025,GNCL.TA,46.94313872,15
29/03/2025,GNCL.TA,46.56641452,16
30/03/2025,GNCL.TA,42.52323371,17
31/03/2025,GNCL.TA,40.47111099,18
01/04/2025,GNCL.TA,44.17582676,19
02/04/2025,GNCL.TA,39.79348725,20
03/04/2025,GNCL.TA,36.8238736,21
04/04/2025,GNCL.TA,33.17086407,22
05/04/2025,GNCL.TA,37.09634081,23
06/04/2025,GNCL.TA,36.08450859,24
07/04/2025,GNCL.TA,32.81906294,25
08/04/2025,GNCL.TA,27.7087503,26
09/04/2025,GNCL.TA,28.26554106,27
10/04/2025,GNCL.TA,25.00375079,28
11/04/2025,GNCL.TA,25.16886243,29
12/04/2025,GNCL.TA,22.60805712,30
14/03/2025,GNRS.TA,81.30915482,1
15/03/2025,GNRS.TA,80.90028428,2
16/03/2025,GNRS.TA,80.64503989,3
17/03/2025,GNRS.TA,80.45956123,4
18/03/2025,GNRS.TA,82.7904977,5
19/03/2025,GNRS.TA,83.94851807,6
20/03/2025,GNRS.TA,79.55144162,7
21/03/2025,GNRS.TA,80.47530696,8
22/03/2025,GNRS.TA,80.07062949,9
23/03/2025,GNRS.TA,83.71842143,10
24/03/2025,GNRS.TA,83.38073592,11
25/03/2025,GNRS.TA,85.18515943,12
26/03/2025,GNRS.TA,84.8415577,13
27/03/2025,GNRS.TA,84.9423492,14
28/03/2025,GNRS.TA,84.14669876,15
29/03/2025,GNRS.TA,85.75029384,16
30/03/2025,GNRS.TA,84.674941,17
31/03/2025,GNRS.TA,84.5017309,18
01/04/2025,GNRS.TA,82.70744805,19
02/04/2025,GNRS.TA,81.48541628,20
03/04/2025,GNRS.TA,81.76062076,21
04/04/2025,GNRS.TA,87.2714254,22
05/04/2025,GNRS.TA,85.98224891,23
06/04/2025,GNRS.TA,86.64759623,24
07/04/2025,GNRS.TA,89.37893009,25
08/04/2025,GNRS.TA,90.62910522,26
09/04/2025,GNRS.TA,89.05621719,27
10/04/2025,GNRS.TA,87.52311216,28
11/04/2025,GNRS.TA,84.85666015,29
12/04/2025,GNRS.TA,86.47378506,30
10/03/2025,GFC-M.TA,-41.20028712,1
11/03/2025,GFC-M.TA,-41.26025005,2
12/03/2025,GFC-M.TA,-41.21914539,3
13/03/2025,GFC-M.TA,-41.18082695,4
14/03/2025,GFC-M.TA,-41.34696526,5
15/03/2025,GFC-M.TA,-45.61718106,6
16/03/2025,GFC-M.TA,-45.90480365,7
17/03/2025,GFC-M.TA,-45.97445593,8
18/03/2025,GFC-M.TA,-45.92865484,9
19/03/2025,GFC-M.TA,-46.03165971,10
20/03/2025,GFC-M.TA,-46.07019705,11
21/03/2025,GFC-M.TA,-42.7411526,12
22/03/2025,GFC-M.TA,-42.76483121,13
23/03/2025,GFC-M.TA,-39.67463336,14
24/03/2025,GFC-M.TA,-39.76361225,15
25/03/2025,GFC-M.TA,-40.50960708,16
26/03/2025,GFC-M.TA,-41.26959733,17
27/03/2025,GFC-M.TA,-41.10788007,18
28/03/2025,GFC-M.TA,-41.09565513,19
29/03/2025,GFC-M.TA,-45.909849,20
30/03/2025,GFC-M.TA,-47.57346495,21
31/03/2025,GFC-M.TA,1934.429693,22
01/04/2025,GFC-M.TA,1934.489815,23
02/04/2025,GFC-M.TA,2014.234568,24
03/04/2025,GFC-M.TA,2469.344935,25
04/04/2025,GFC-M.TA,2471.399361,26
05/04/2025,GFC-M.TA,2507.298995,27
06/04/2025,GFC-M.TA,2542.195885,28
07/04/2025,GFC-M.TA,2558.224779,29
08/04/2025,GFC-M.TA,2548.17657,30
28/10/2022,GIBUI.TA,1.4378462,1
29/10/2022,GIBUI.TA,1.45925127,2
30/10/2022,GIBUI.TA,1.452939,3
31/10/2022,GIBUI.TA,1.55466304,4
01/11/2022,GIBUI.TA,1.69101453,5
02/11/2022,GIBUI.TA,1.98808836,6
03/11/2022,GIBUI.TA,1.37305031,7
04/11/2022,GIBUI.TA,1.37504263,8
05/11/2022,GIBUI.TA,1.16822866,9
06/11/2022,GIBUI.TA,1.0839811,10
07/11/2022,GIBUI.TA,1.11716328,11
08/11/2022,GIBUI.TA,1.12582966,12
09/11/2022,GIBUI.TA,1.20465193,13
10/11/2022,GIBUI.TA,1.45800545,14
11/11/2022,GIBUI.TA,1.66868257,15
12/11/2022,GIBUI.TA,1.4876681,16
13/11/2022,GIBUI.TA,1.83022386,17
14/11/2022,GIBUI.TA,1.60889652,18
15/11/2022,GIBUI.TA,1.80329568,19
16/11/2022,GIBUI.TA,2.14752486,20
17/11/2022,GIBUI.TA,1.8878266,21
18/11/2022,GIBUI.TA,1.8954094,22
19/11/2022,GIBUI.TA,1.93476701,23
20/11/2022,GIBUI.TA,1.83705021,24
21/11/2022,GIBUI.TA,1.96566689,25
22/11/2022,GIBUI.TA,1.95389909,26
23/11/2022,GIBUI.TA,1.96174729,27
24/11/2022,GIBUI.TA,1.96462379,28
25/11/2022,GIBUI.TA,1.98536545,29
26/11/2022,GIBUI.TA,2.0357814,30
14/03/2025,GILT.TA,2575.887594,1
15/03/2025,GILT.TA,2555.893502,2
16/03/2025,GILT.TA,2427.555794,3
17/03/2025,GILT.TA,2452.936254,4
18/03/2025,GILT.TA,2492.373749,5
19/03/2025,GILT.TA,2544.916819,6
20/03/2025,GILT.TA,2560.317069,7
21/03/2025,GILT.TA,2580.58836,8
22/03/2025,GILT.TA,2543.357971,9
23/03/2025,GILT.TA,2542.536412,10
24/03/2025,GILT.TA,2521.302294,11
25/03/2025,GILT.TA,2590.535091,12
26/03/2025,GILT.TA,2603.531665,13
27/03/2025,GILT.TA,2553.080528,14
28/03/2025,GILT.TA,2560.081173,15
29/03/2025,GILT.TA,2531.272234,16
30/03/2025,GILT.TA,2525.48687,17
31/03/2025,GILT.TA,2602.325081,18
01/04/2025,GILT.TA,2514.025529,19
02/04/2025,GILT.TA,2721.131308,20
03/04/2025,GILT.TA,2737.021875,21
04/04/2025,GILT.TA,2764.943814,22
05/04/2025,GILT.TA,2800.717349,23
06/04/2025,GILT.TA,2836.953731,24
07/04/2025,GILT.TA,2836.037334,25
08/04/2025,GILT.TA,2860.416418,26
09/04/2025,GILT.TA,2961.633728,27
10/04/2025,GILT.TA,3016.283338,28
11/04/2025,GILT.TA,2914.094398,29
12/04/2025,GILT.TA,3070.587577,30
14/03/2025,GLTL.TA,69.50309333,1
15/03/2025,GLTL.TA,72.60850426,2
16/03/2025,GLTL.TA,71.58930987,3
17/03/2025,GLTL.TA,71.87458114,4
18/03/2025,GLTL.TA,72.97945451,5
19/03/2025,GLTL.TA,74.50626185,6
20/03/2025,GLTL.TA,74.53788761,7
21/03/2025,GLTL.TA,76.03086562,8
22/03/2025,GLTL.TA,75.46363954,9
23/03/2025,GLTL.TA,75.4567283,10
24/03/2025,GLTL.TA,75.53761257,11
25/03/2025,GLTL.TA,73.05327317,12
26/03/2025,GLTL.TA,73.0493181,13
27/03/2025,GLTL.TA,72.3859155,14
28/03/2025,GLTL.TA,73.49864923,15
29/03/2025,GLTL.TA,71.89247819,16
30/03/2025,GLTL.TA,70.99742577,17
31/03/2025,GLTL.TA,70.8389782,18
01/04/2025,GLTL.TA,70.87153889,19
02/04/2025,GLTL.TA,71.34687589,20
03/04/2025,GLTL.TA,70.72480245,21
04/04/2025,GLTL.TA,70.10698428,22
05/04/2025,GLTL.TA,68.95036278,23
06/04/2025,GLTL.TA,72.0310776,24
07/04/2025,GLTL.TA,83.16825679,25
08/04/2025,GLTL.TA,82.97927819,26
09/04/2025,GLTL.TA,83.01450051,27
10/04/2025,GLTL.TA,83.29242334,28
11/04/2025,GLTL.TA,81.9004859,29
12/04/2025,GLTL.TA,82.46756013,30
14/03/2025,GNGR.TA,914.4103335,1
15/03/2025,GNGR.TA,898.0277294,2
16/03/2025,GNGR.TA,871.9874758,3
17/03/2025,GNGR.TA,860.2081217,4
18/03/2025,GNGR.TA,868.1817211,5
19/03/2025,GNGR.TA,871.5290294,6
20/03/2025,GNGR.TA,868.5651154,7
21/03/2025,GNGR.TA,875.1493092,8
22/03/2025,GNGR.TA,875.32901,9
23/03/2025,GNGR.TA,884.6229836,10
24/03/2025,GNGR.TA,887.6841269,11
25/03/2025,GNGR.TA,895.2509375,12
26/03/2025,GNGR.TA,913.6668299,13
27/03/2025,GNGR.TA,887.6041834,14
28/03/2025,GNGR.TA,882.9600377,15
29/03/2025,GNGR.TA,886.9514882,16
30/03/2025,GNGR.TA,891.2978404,17
31/03/2025,GNGR.TA,886.8160314,18
01/04/2025,GNGR.TA,885.3567671,19
02/04/2025,GNGR.TA,874.401956,20
03/04/2025,GNGR.TA,864.7371762,21
04/04/2025,GNGR.TA,864.8897718,22
05/04/2025,GNGR.TA,864.4281573,23
06/04/2025,GNGR.TA,862.7324039,24
07/04/2025,GNGR.TA,881.8701318,25
08/04/2025,GNGR.TA,879.4100273,26
09/04/2025,GNGR.TA,879.5652121,27
10/04/2025,GNGR.TA,878.1092058,28
11/04/2025,GNGR.TA,888.952131,29
12/04/2025,GNGR.TA,896.9951385,30
14/03/2025,GIVO.TA,24.51318707,1
15/03/2025,GIVO.TA,24.59759477,2
16/03/2025,GIVO.TA,24.9031921,3
17/03/2025,GIVO.TA,24.59455396,4
18/03/2025,GIVO.TA,25.87572484,5
19/03/2025,GIVO.TA,26.30966263,6
20/03/2025,GIVO.TA,26.84476071,7
21/03/2025,GIVO.TA,25.66645259,8
22/03/2025,GIVO.TA,25.81394147,9
23/03/2025,GIVO.TA,26.55439939,10
24/03/2025,GIVO.TA,26.5660757,11
25/03/2025,GIVO.TA,26.3550228,12
26/03/2025,GIVO.TA,26.51865588,13
27/03/2025,GIVO.TA,25.79137816,14
28/03/2025,GIVO.TA,25.78120694,15
29/03/2025,GIVO.TA,25.66062699,16
30/03/2025,GIVO.TA,26.09095757,17
31/03/2025,GIVO.TA,26.14365151,18
01/04/2025,GIVO.TA,25.98038299,19
02/04/2025,GIVO.TA,25.93729762,20
03/04/2025,GIVO.TA,25.85125661,21
04/04/2025,GIVO.TA,25.7722162,22
05/04/2025,GIVO.TA,25.45280779,23
06/04/2025,GIVO.TA,25.37539678,24
07/04/2025,GIVO.TA,25.33073516,25
08/04/2025,GIVO.TA,25.06397125,26
09/04/2025,GIVO.TA,24.93419824,27
10/04/2025,GIVO.TA,24.98793235,28
11/04/2025,GIVO.TA,25.02261212,29
12/04/2025,GIVO.TA,25.0015505,30
14/03/2025,GIX.TA,11.15332102,1
15/03/2025,GIX.TA,10.66524215,2
16/03/2025,GIX.TA,10.17361809,3
17/03/2025,GIX.TA,9.59682079,4
18/03/2025,GIX.TA,9.6715628,5
19/03/2025,GIX.TA,9.3832797,6
20/03/2025,GIX.TA,10.22622198,7
21/03/2025,GIX.TA,10.14498554,8
22/03/2025,GIX.TA,9.96734586,9
23/03/2025,GIX.TA,10.59443888,10
24/03/2025,GIX.TA,10.5784943,11
25/03/2025,GIX.TA,10.75426159,12
26/03/2025,GIX.TA,10.17643492,13
27/03/2025,GIX.TA,10.75463924,14
28/03/2025,GIX.TA,10.56632447,15
29/03/2025,GIX.TA,10.91944806,16
30/03/2025,GIX.TA,9.8318624,17
31/03/2025,GIX.TA,9.68113381,18
01/04/2025,GIX.TA,9.48265428,19
02/04/2025,GIX.TA,9.76648919,20
03/04/2025,GIX.TA,9.49885327,21
04/04/2025,GIX.TA,9.61989987,22
05/04/2025,GIX.TA,9.53249398,23
06/04/2025,GIX.TA,9.47057512,24
07/04/2025,GIX.TA,8.38687018,25
08/04/2025,GIX.TA,8.32024543,26
09/04/2025,GIX.TA,7.48851928,27
10/04/2025,GIX.TA,7.44044328,28
11/04/2025,GIX.TA,6.72832971,29
12/04/2025,GIX.TA,6.72407969,30
14/03/2025,GKL.TA,79.74719465,1
15/03/2025,GKL.TA,79.49098759,2
16/03/2025,GKL.TA,76.72644029,3
17/03/2025,GKL.TA,76.47993813,4
18/03/2025,GKL.TA,76.24736876,5
19/03/2025,GKL.TA,76.19985228,6
20/03/2025,GKL.TA,76.07384592,7
21/03/2025,GKL.TA,77.17728254,8
22/03/2025,GKL.TA,77.3123418,9
23/03/2025,GKL.TA,78.41530701,10
24/03/2025,GKL.TA,81.24197829,11
25/03/2025,GKL.TA,81.8478199,12
26/03/2025,GKL.TA,82.44203172,13
27/03/2025,GKL.TA,79.99744505,14
28/03/2025,GKL.TA,83.98690547,15
29/03/2025,GKL.TA,84.75393484,16
30/03/2025,GKL.TA,83.39497465,17
31/03/2025,GKL.TA,82.34889965,18
01/04/2025,GKL.TA,82.32991914,19
02/04/2025,GKL.TA,82.96218156,20
03/04/2025,GKL.TA,80.88343646,21
04/04/2025,GKL.TA,80.83303083,22
05/04/2025,GKL.TA,81.32877437,23
06/04/2025,GKL.TA,81.85446806,24
07/04/2025,GKL.TA,84.52040316,25
08/04/2025,GKL.TA,84.55330315,26
09/04/2025,GKL.TA,84.7856802,27
10/04/2025,GKL.TA,87.84198713,28
11/04/2025,GKL.TA,87.95162624,29
12/04/2025,GKL.TA,87.16560438,30
09/10/2024,GLEN-M.TA,0.01750484,1
10/10/2024,GLEN-M.TA,0.02020567,2
11/10/2024,GLEN-M.TA,0.02005612,3
12/10/2024,GLEN-M.TA,0.03808078,4
13/10/2024,GLEN-M.TA,0.05288275,5
14/10/2024,GLEN-M.TA,0.03497608,6
15/10/2024,GLEN-M.TA,0.03857545,7
16/10/2024,GLEN-M.TA,0.01810884,8
17/10/2024,GLEN-M.TA,0.01805734,9
18/10/2024,GLEN-M.TA,0.01180839,10
19/10/2024,GLEN-M.TA,0.01180683,11
20/10/2024,GLEN-M.TA,0.01305136,12
21/10/2024,GLEN-M.TA,0.00943442,13
22/10/2024,GLEN-M.TA,0.00942099,14
23/10/2024,GLEN-M.TA,0.0072823,15
24/10/2024,GLEN-M.TA,0.00715128,16
25/10/2024,GLEN-M.TA,0.00709434,17
26/10/2024,GLEN-M.TA,0.00721833,18
27/10/2024,GLEN-M.TA,0.00824035,19
28/10/2024,GLEN-M.TA,0.00868976,20
29/10/2024,GLEN-M.TA,0.00869404,21
30/10/2024,GLEN-M.TA,0.01548103,22
31/10/2024,GLEN-M.TA,0.01414839,23
01/11/2024,GLEN-M.TA,0.00755324,24
02/11/2024,GLEN-M.TA,0.00576025,25
03/11/2024,GLEN-M.TA,0.00899363,26
04/11/2024,GLEN-M.TA,0.00896731,27
05/11/2024,GLEN-M.TA,0.0089717,28
06/11/2024,GLEN-M.TA,0.01035595,29
07/11/2024,GLEN-M.TA,0.00800501,30
14/03/2025,GLRS.TA,50402.06676,1
15/03/2025,GLRS.TA,50578.92977,2
16/03/2025,GLRS.TA,50281.55358,3
17/03/2025,GLRS.TA,50220.86409,4
18/03/2025,GLRS.TA,50205.62807,5
19/03/2025,GLRS.TA,50487.22935,6
20/03/2025,GLRS.TA,51349.15636,7
21/03/2025,GLRS.TA,51522.97748,8
22/03/2025,GLRS.TA,53136.76121,9
23/03/2025,GLRS.TA,52894.62964,10
24/03/2025,GLRS.TA,53144.76029,11
25/03/2025,GLRS.TA,52843.11065,12
26/03/2025,GLRS.TA,53811.7799,13
27/03/2025,GLRS.TA,53566.57244,14
28/03/2025,GLRS.TA,53554.85257,15
29/03/2025,GLRS.TA,55232.27794,16
30/03/2025,GLRS.TA,54416.91627,17
31/03/2025,GLRS.TA,54389.01935,18
01/04/2025,GLRS.TA,53926.53088,19
02/04/2025,GLRS.TA,53869.70383,20
03/04/2025,GLRS.TA,53738.86898,21
04/04/2025,GLRS.TA,53493.99376,22
05/04/2025,GLRS.TA,52363.6742,23
06/04/2025,GLRS.TA,52814.35682,24
07/04/2025,GLRS.TA,52814.10491,25
08/04/2025,GLRS.TA,53490.61641,26
09/04/2025,GLRS.TA,53783.29288,27
10/04/2025,GLRS.TA,53718.37681,28
11/04/2025,GLRS.TA,53510.95897,29
12/04/2025,GLRS.TA,54103.32326,30
14/03/2025,GOTO.TA,442.0480346,1
15/03/2025,GOTO.TA,447.1502091,2
16/03/2025,GOTO.TA,444.2643746,3
17/03/2025,GOTO.TA,273.8727613,4
18/03/2025,GOTO.TA,279.8834335,5
19/03/2025,GOTO.TA,286.0260215,6
20/03/2025,GOTO.TA,285.4321362,7
21/03/2025,GOTO.TA,267.7467056,8
22/03/2025,GOTO.TA,267.1907743,9
23/03/2025,GOTO.TA,264.1409779,10
24/03/2025,GOTO.TA,355.6055506,11
25/03/2025,GOTO.TA,356.1709927,12
26/03/2025,GOTO.TA,367.5977752,13
27/03/2025,GOTO.TA,366.4497022,14
28/03/2025,GOTO.TA,381.5652746,15
29/03/2025,GOTO.TA,382.1719948,16
30/03/2025,GOTO.TA,384.0801773,17
31/03/2025,GOTO.TA,383.3584708,18
01/04/2025,GOTO.TA,386.7910784,19
02/04/2025,GOTO.TA,401.0452824,20
03/04/2025,GOTO.TA,539.9159556,21
04/04/2025,GOTO.TA,539.5569387,22
05/04/2025,GOTO.TA,510.6799578,23
06/04/2025,GOTO.TA,499.6426526,24
07/04/2025,GOTO.TA,663.8888958,25
08/04/2025,GOTO.TA,667.3269427,26
09/04/2025,GOTO.TA,1273.363698,27
10/04/2025,GOTO.TA,1279.297836,28
11/04/2025,GOTO.TA,1495.095162,29
12/04/2025,GOTO.TA,1478.029693,30
14/03/2025,GRIN.TA,1343.305531,1
15/03/2025,GRIN.TA,1339.192816,2
16/03/2025,GRIN.TA,1306.813485,3
17/03/2025,GRIN.TA,1301.152421,4
18/03/2025,GRIN.TA,1316.622449,5
19/03/2025,GRIN.TA,1320.380677,6
20/03/2025,GRIN.TA,1348.74668,7
21/03/2025,GRIN.TA,1371.932249,8
22/03/2025,GRIN.TA,1376.703692,9
23/03/2025,GRIN.TA,1371.306895,10
24/03/2025,GRIN.TA,1407.563607,11
25/03/2025,GRIN.TA,1407.886076,12
26/03/2025,GRIN.TA,1417.00405,13
27/03/2025,GRIN.TA,1411.69416,14
28/03/2025,GRIN.TA,1444.127442,15
29/03/2025,GRIN.TA,1453.317142,16
30/03/2025,GRIN.TA,1442.206309,17
31/03/2025,GRIN.TA,1447.193709,18
01/04/2025,GRIN.TA,1473.43104,19
02/04/2025,GRIN.TA,1500.367232,20
03/04/2025,GRIN.TA,1471.373811,21
04/04/2025,GRIN.TA,1457.967618,22
05/04/2025,GRIN.TA,1489.289428,23
06/04/2025,GRIN.TA,1502.419061,24
07/04/2025,GRIN.TA,1492.631075,25
08/04/2025,GRIN.TA,1500.429295,26
09/04/2025,GRIN.TA,1493.929496,27
10/04/2025,GRIN.TA,1495.774061,28
11/04/2025,GRIN.TA,1469.565837,29
12/04/2025,GRIN.TA,1467.540927,30
14/03/2025,GOLD.TA,18857.78304,1
15/03/2025,GOLD.TA,18983.19099,2
16/03/2025,GOLD.TA,18241.09,3
17/03/2025,GOLD.TA,17527.99962,4
18/03/2025,GOLD.TA,17635.37528,5
19/03/2025,GOLD.TA,17880.76835,6
20/03/2025,GOLD.TA,18081.18069,7
21/03/2025,GOLD.TA,18317.4692,8
22/03/2025,GOLD.TA,18644.07034,9
23/03/2025,GOLD.TA,18477.80888,10
24/03/2025,GOLD.TA,17643.39482,11
25/03/2025,GOLD.TA,17708.83578,12
26/03/2025,GOLD.TA,17990.07675,13
27/03/2025,GOLD.TA,17983.93272,14
28/03/2025,GOLD.TA,17513.18589,15
29/03/2025,GOLD.TA,17347.16263,16
30/03/2025,GOLD.TA,17648.92096,17
31/03/2025,GOLD.TA,17665.40241,18
01/04/2025,GOLD.TA,17961.12201,19
02/04/2025,GOLD.TA,17905.28338,20
03/04/2025,GOLD.TA,18205.0186,21
04/04/2025,GOLD.TA,17978.60403,22
05/04/2025,GOLD.TA,17990.04445,23
06/04/2025,GOLD.TA,17914.63391,24
07/04/2025,GOLD.TA,17278.78066,25
08/04/2025,GOLD.TA,17384.62962,26
09/04/2025,GOLD.TA,16929.57013,27
10/04/2025,GOLD.TA,17005.62591,28
11/04/2025,GOLD.TA,16694.44121,29
12/04/2025,GOLD.TA,16943.02927,30
14/03/2025,GOHO.TA,2481.609264,1
15/03/2025,GOHO.TA,2432.355141,2
16/03/2025,GOHO.TA,2413.398161,3
17/03/2025,GOHO.TA,2462.670439,4
18/03/2025,GOHO.TA,2461.069874,5
19/03/2025,GOHO.TA,2487.368502,6
20/03/2025,GOHO.TA,2502.823063,7
21/03/2025,GOHO.TA,2505.066289,8
22/03/2025,GOHO.TA,2459.750096,9
23/03/2025,GOHO.TA,2414.834439,10
24/03/2025,GOHO.TA,2676.540651,11
25/03/2025,GOHO.TA,2693.17058,12
26/03/2025,GOHO.TA,2664.946203,13
27/03/2025,GOHO.TA,2639.704656,14
28/03/2025,GOHO.TA,2578.351537,15
29/03/2025,GOHO.TA,2577.45503,16
30/03/2025,GOHO.TA,2604.15754,17
31/03/2025,GOHO.TA,2569.607886,18
01/04/2025,GOHO.TA,2540.82236,19
02/04/2025,GOHO.TA,2512.819502,20
03/04/2025,GOHO.TA,2497.213614,21
04/04/2025,GOHO.TA,2400.112395,22
05/04/2025,GOHO.TA,2399.277863,23
06/04/2025,GOHO.TA,2372.400426,24
07/04/2025,GOHO.TA,2402.049309,25
08/04/2025,GOHO.TA,2373.826798,26
09/04/2025,GOHO.TA,2345.319269,27
10/04/2025,GOHO.TA,2299.084668,28
11/04/2025,GOHO.TA,2268.58245,29
12/04/2025,GOHO.TA,2253.04963,30
14/03/2025,GOLF.TA,687.0471495,1
15/03/2025,GOLF.TA,693.8058303,2
16/03/2025,GOLF.TA,694.2702634,3
17/03/2025,GOLF.TA,701.0462904,4
18/03/2025,GOLF.TA,703.5064115,5
19/03/2025,GOLF.TA,699.1398648,6
20/03/2025,GOLF.TA,704.388362,7
21/03/2025,GOLF.TA,713.9996789,8
22/03/2025,GOLF.TA,719.7668593,9
23/03/2025,GOLF.TA,704.6307646,10
24/03/2025,GOLF.TA,709.4859236,11
25/03/2025,GOLF.TA,707.8770991,12
26/03/2025,GOLF.TA,711.0702115,13
27/03/2025,GOLF.TA,673.9750868,14
28/03/2025,GOLF.TA,681.4603497,15
29/03/2025,GOLF.TA,681.6681826,16
30/03/2025,GOLF.TA,682.1244908,17
31/03/2025,GOLF.TA,673.5593039,18
01/04/2025,GOLF.TA,697.0279716,19
02/04/2025,GOLF.TA,700.1721454,20
03/04/2025,GOLF.TA,713.5414717,21
04/04/2025,GOLF.TA,714.9372201,22
05/04/2025,GOLF.TA,719.8633943,23
06/04/2025,GOLF.TA,716.6231815,24
07/04/2025,GOLF.TA,755.1720475,25
08/04/2025,GOLF.TA,756.5292479,26
09/04/2025,GOLF.TA,753.3812993,27
10/04/2025,GOLF.TA,761.5643713,28
11/04/2025,GOLF.TA,775.5808789,29
12/04/2025,GOLF.TA,792.9897581,30
12/03/2025,GRAC.TA,1712.255354,1
13/03/2025,GRAC.TA,1713.345507,2
14/03/2025,GRAC.TA,1718.511776,3
15/03/2025,GRAC.TA,1695.7166,4
16/03/2025,GRAC.TA,1697.668145,5
17/03/2025,GRAC.TA,1729.934891,6
18/03/2025,GRAC.TA,1706.041061,7
19/03/2025,GRAC.TA,1711.750995,8
20/03/2025,GRAC.TA,1712.392869,9
21/03/2025,GRAC.TA,1710.399144,10
22/03/2025,GRAC.TA,1742.907862,11
23/03/2025,GRAC.TA,1743.561419,12
24/03/2025,GRAC.TA,1746.117114,13
25/03/2025,GRAC.TA,1757.777249,14
26/03/2025,GRAC.TA,1769.515247,15
27/03/2025,GRAC.TA,1770.641857,16
28/03/2025,GRAC.TA,1778.323552,17
29/03/2025,GRAC.TA,1747.281168,18
30/03/2025,GRAC.TA,1772.751329,19
31/03/2025,GRAC.TA,1806.445145,20
01/04/2025,GRAC.TA,1809.093013,21
02/04/2025,GRAC.TA,1812.509176,22
03/04/2025,GRAC.TA,1824.612661,23
04/04/2025,GRAC.TA,1832.528502,24
05/04/2025,GRAC.TA,1834.478559,25
06/04/2025,GRAC.TA,1836.942014,26
07/04/2025,GRAC.TA,1840.42009,27
08/04/2025,GRAC.TA,1855.016092,28
09/04/2025,GRAC.TA,1868.82427,29
10/04/2025,GRAC.TA,1881.303813,30
14/03/2025,G107.TA,45.02216968,1
15/03/2025,G107.TA,46.02425291,2
16/03/2025,G107.TA,48.87872634,3
17/03/2025,G107.TA,46.16064114,4
18/03/2025,G107.TA,48.28609658,5
19/03/2025,G107.TA,48.33301276,6
20/03/2025,G107.TA,47.86612005,7
21/03/2025,G107.TA,46.37226943,8
22/03/2025,G107.TA,49.23198042,9
23/03/2025,G107.TA,48.05163548,10
24/03/2025,G107.TA,44.8601977,11
25/03/2025,G107.TA,45.636917,12
26/03/2025,G107.TA,40.96496522,13
27/03/2025,G107.TA,38.80037867,14
28/03/2025,G107.TA,40.00437651,15
29/03/2025,G107.TA,41.84636825,16
30/03/2025,G107.TA,44.42697344,17
31/03/2025,G107.TA,46.86160697,18
01/04/2025,G107.TA,45.96243461,19
02/04/2025,G107.TA,42.92632416,20
03/04/2025,G107.TA,41.94415283,21
04/04/2025,G107.TA,40.85514481,22
05/04/2025,G107.TA,42.20634281,23
06/04/2025,G107.TA,44.26359188,24
07/04/2025,G107.TA,45.24879103,25
08/04/2025,G107.TA,33.79766055,26
09/04/2025,G107.TA,32.76100489,27
10/04/2025,G107.TA,31.89008319,28
11/04/2025,G107.TA,31.17913103,29
12/04/2025,G107.TA,32.61476649,30
14/03/2025,GUID.TA,-20.11847858,1
15/03/2025,GUID.TA,4.00515132,2
16/03/2025,GUID.TA,4.89362116,3
17/03/2025,GUID.TA,4.88838754,4
18/03/2025,GUID.TA,4.79943243,5
19/03/2025,GUID.TA,4.80152876,6
20/03/2025,GUID.TA,4.89319898,7
21/03/2025,GUID.TA,4.93812212,8
22/03/2025,GUID.TA,5.16139886,9
23/03/2025,GUID.TA,5.01533353,10
24/03/2025,GUID.TA,5.02673828,11
25/03/2025,GUID.TA,5.02001102,12
26/03/2025,GUID.TA,5.04937206,13
27/03/2025,GUID.TA,-2150.120377,14
28/03/2025,GUID.TA,-2160.959609,15
29/03/2025,GUID.TA,-2083.989256,16
30/03/2025,GUID.TA,-2174.153332,17
31/03/2025,GUID.TA,-2175.045246,18
01/04/2025,GUID.TA,-2071.467008,19
02/04/2025,GUID.TA,-3116.145258,20
03/04/2025,GUID.TA,-3111.974934,21
04/04/2025,GUID.TA,-772.1187235,22
05/04/2025,GUID.TA,-759.1354933,23
06/04/2025,GUID.TA,-927.5358696,24
07/04/2025,GUID.TA,-928.1847963,25
08/04/2025,GUID.TA,-876.0454859,26
09/04/2025,GUID.TA,-884.0882236,27
10/04/2025,GUID.TA,-885.8035147,28
11/04/2025,GUID.TA,-887.1333899,29
12/04/2025,GUID.TA,-887.75405,30
06/03/2025,HDST-M.TA,32.64678389,1
07/03/2025,HDST-M.TA,34.24549934,2
08/03/2025,HDST-M.TA,34.47271795,3
09/03/2025,HDST-M.TA,37.43480425,4
10/03/2025,HDST-M.TA,39.05611696,5
11/03/2025,HDST-M.TA,41.03446977,6
12/03/2025,HDST-M.TA,41.40863573,7
13/03/2025,HDST-M.TA,23.91148064,8
14/03/2025,HDST-M.TA,34.86069466,9
15/03/2025,HDST-M.TA,32.23439014,10
16/03/2025,HDST-M.TA,28.07874792,11
17/03/2025,HDST-M.TA,29.43452253,12
18/03/2025,HDST-M.TA,39.15113572,13
19/03/2025,HDST-M.TA,39.11651927,14
20/03/2025,HDST-M.TA,39.96696521,15
21/03/2025,HDST-M.TA,53.64829938,16
22/03/2025,HDST-M.TA,67.44210136,17
23/03/2025,HDST-M.TA,59.7069695,18
24/03/2025,HDST-M.TA,62.63082426,19
25/03/2025,HDST-M.TA,62.57544767,20
26/03/2025,HDST-M.TA,81.58365218,21
27/03/2025,HDST-M.TA,78.51335241,22
28/03/2025,HDST-M.TA,81.9137895,23
29/03/2025,HDST-M.TA,82.8250431,24
30/03/2025,HDST-M.TA,582.7163001,25
31/03/2025,HDST-M.TA,586.3089919,26
01/04/2025,HDST-M.TA,992.79152,27
02/04/2025,HDST-M.TA,1149.901612,28
03/04/2025,HDST-M.TA,1435.141382,29
04/04/2025,HDST-M.TA,1443.989634,30
14/03/2025,HGG.TA,2045.484563,1
15/03/2025,HGG.TA,2042.173388,2
16/03/2025,HGG.TA,2084.095265,3
17/03/2025,HGG.TA,2078.284745,4
18/03/2025,HGG.TA,2092.821627,5
19/03/2025,HGG.TA,2135.783214,6
20/03/2025,HGG.TA,2156.449255,7
21/03/2025,HGG.TA,2178.02711,8
22/03/2025,HGG.TA,2199.101908,9
23/03/2025,HGG.TA,2177.326632,10
24/03/2025,HGG.TA,2138.172858,11
25/03/2025,HGG.TA,2137.668684,12
26/03/2025,HGG.TA,2187.155695,13
27/03/2025,HGG.TA,2157.101616,14
28/03/2025,HGG.TA,2186.402781,15
29/03/2025,HGG.TA,2151.677297,16
30/03/2025,HGG.TA,2112.069488,17
31/03/2025,HGG.TA,2075.223178,18
01/04/2025,HGG.TA,2034.332446,19
02/04/2025,HGG.TA,2070.909423,20
03/04/2025,HGG.TA,2080.758233,21
04/04/2025,HGG.TA,2090.653883,22
05/04/2025,HGG.TA,2100.378737,23
06/04/2025,HGG.TA,2099.883475,24
07/04/2025,HGG.TA,2129.916885,25
08/04/2025,HGG.TA,2179.224442,26
09/04/2025,HGG.TA,2167.473657,27
10/04/2025,HGG.TA,2146.011562,28
11/04/2025,HGG.TA,2156.217542,29
12/04/2025,HGG.TA,2156.263411,30
14/03/2025,HGGE.TA,847.429921,1
15/03/2025,HGGE.TA,851.3942164,2
16/03/2025,HGGE.TA,879.4668472,3
17/03/2025,HGGE.TA,931.6501605,4
18/03/2025,HGGE.TA,933.6442488,5
19/03/2025,HGGE.TA,986.1384829,6
20/03/2025,HGGE.TA,990.624487,7
21/03/2025,HGGE.TA,958.3292881,8
22/03/2025,HGGE.TA,962.6887864,9
23/03/2025,HGGE.TA,975.1667637,10
24/03/2025,HGGE.TA,986.8429929,11
25/03/2025,HGGE.TA,998.6590282,12
26/03/2025,HGGE.TA,1008.36316,13
27/03/2025,HGGE.TA,1104.239658,14
28/03/2025,HGGE.TA,1209.232219,15
29/03/2025,HGGE.TA,1209.523274,16
30/03/2025,HGGE.TA,1210.095008,17
31/03/2025,HGGE.TA,1204.758664,18
01/04/2025,HGGE.TA,1180.473324,19
02/04/2025,HGGE.TA,1188.268586,20
03/04/2025,HGGE.TA,1258.774703,21
04/04/2025,HGGE.TA,1271.006421,22
05/04/2025,HGGE.TA,1285.553437,23
06/04/2025,HGGE.TA,1252.459453,24
07/04/2025,HGGE.TA,1237.45767,25
08/04/2025,HGGE.TA,1233.9126,26
09/04/2025,HGGE.TA,1281.854699,27
10/04/2025,HGGE.TA,1353.927098,28
11/04/2025,HGGE.TA,1356.82502,29
12/04/2025,HGGE.TA,1487.593888,30
14/03/2025,HMAM.TA,430.8382614,1
15/03/2025,HMAM.TA,378.1005892,2
16/03/2025,HMAM.TA,379.3559212,3
17/03/2025,HMAM.TA,379.4282942,4
18/03/2025,HMAM.TA,379.3293033,5
19/03/2025,HMAM.TA,379.0490368,6
20/03/2025,HMAM.TA,379.1152746,7
21/03/2025,HMAM.TA,376.3692184,8
22/03/2025,HMAM.TA,375.2779179,9
23/03/2025,HMAM.TA,379.4186061,10
24/03/2025,HMAM.TA,375.2650331,11
25/03/2025,HMAM.TA,372.197562,12
26/03/2025,HMAM.TA,372.1361095,13
27/03/2025,HMAM.TA,372.4982582,14
28/03/2025,HMAM.TA,379.2232906,15
29/03/2025,HMAM.TA,379.2110541,16
30/03/2025,HMAM.TA,379.1904994,17
31/03/2025,HMAM.TA,379.5595131,18
01/04/2025,HMAM.TA,381.2227252,19
02/04/2025,HMAM.TA,359.3842687,20
03/04/2025,HMAM.TA,358.6406081,21
04/04/2025,HMAM.TA,359.050291,22
05/04/2025,HMAM.TA,359.7723643,23
06/04/2025,HMAM.TA,360.303414,24
07/04/2025,HMAM.TA,362.6747284,25
08/04/2025,HMAM.TA,362.5795831,26
09/04/2025,HMAM.TA,366.3466144,27
10/04/2025,HMAM.TA,377.3190492,28
11/04/2025,HMAM.TA,386.055156,29
12/04/2025,HMAM.TA,385.2145606,30
14/03/2025,MSBI.TA,147.7520842,1
15/03/2025,MSBI.TA,152.4315838,2
16/03/2025,MSBI.TA,152.7746338,3
17/03/2025,MSBI.TA,151.5538415,4
18/03/2025,MSBI.TA,153.0835428,5
19/03/2025,MSBI.TA,153.3442559,6
20/03/2025,MSBI.TA,150.4360082,7
21/03/2025,MSBI.TA,148.9051397,8
22/03/2025,MSBI.TA,149.3010221,9
23/03/2025,MSBI.TA,148.6266476,10
24/03/2025,MSBI.TA,149.5801457,11
25/03/2025,MSBI.TA,151.5728793,12
26/03/2025,MSBI.TA,152.1905296,13
27/03/2025,MSBI.TA,152.78356,14
28/03/2025,MSBI.TA,155.6823025,15
29/03/2025,MSBI.TA,155.7733014,16
30/03/2025,MSBI.TA,158.8649137,17
31/03/2025,MSBI.TA,158.1473403,18
01/04/2025,MSBI.TA,155.5640325,19
02/04/2025,MSBI.TA,154.4455818,20
03/04/2025,MSBI.TA,155.3788456,21
04/04/2025,MSBI.TA,153.3539188,22
05/04/2025,MSBI.TA,153.0798743,23
06/04/2025,MSBI.TA,154.0048856,24
07/04/2025,MSBI.TA,153.8078601,25
08/04/2025,MSBI.TA,152.4964221,26
09/04/2025,MSBI.TA,152.7561353,27
10/04/2025,MSBI.TA,151.5639581,28
11/04/2025,MSBI.TA,154.8560414,29
12/04/2025,MSBI.TA,156.9190614,30
14/03/2025,HAMAT.TA,1489.123013,1
15/03/2025,HAMAT.TA,1455.036821,2
16/03/2025,HAMAT.TA,1421.993445,3
17/03/2025,HAMAT.TA,1409.130531,4
18/03/2025,HAMAT.TA,1368.762536,5
19/03/2025,HAMAT.TA,1363.937398,6
20/03/2025,HAMAT.TA,1323.225249,7
21/03/2025,HAMAT.TA,1333.054658,8
22/03/2025,HAMAT.TA,1342.343533,9
23/03/2025,HAMAT.TA,1362.87927,10
24/03/2025,HAMAT.TA,1355.589711,11
25/03/2025,HAMAT.TA,1386.45135,12
26/03/2025,HAMAT.TA,1375.611647,13
27/03/2025,HAMAT.TA,1382.521371,14
28/03/2025,HAMAT.TA,1389.758279,15
29/03/2025,HAMAT.TA,1394.108882,16
30/03/2025,HAMAT.TA,1404.856361,17
31/03/2025,HAMAT.TA,1424.600658,18
01/04/2025,HAMAT.TA,1485.176775,19
02/04/2025,HAMAT.TA,1474.773361,20
03/04/2025,HAMAT.TA,1477.784987,21
04/04/2025,HAMAT.TA,1487.471982,22
05/04/2025,HAMAT.TA,1494.960527,23
06/04/2025,HAMAT.TA,1504.76011,24
07/04/2025,HAMAT.TA,1487.530537,25
08/04/2025,HAMAT.TA,1456.110404,26
09/04/2025,HAMAT.TA,1476.177569,27
10/04/2025,HAMAT.TA,1464.388835,28
11/04/2025,HAMAT.TA,1482.544273,29
12/04/2025,HAMAT.TA,1508.665082,30
14/03/2025,HARL.TA,5662.713972,1
15/03/2025,HARL.TA,5756.242063,2
16/03/2025,HARL.TA,5709.367399,3
17/03/2025,HARL.TA,5790.478295,4
18/03/2025,HARL.TA,5795.204021,5
19/03/2025,HARL.TA,5845.781045,6
20/03/2025,HARL.TA,5818.894477,7
21/03/2025,HARL.TA,5882.59271,8
22/03/2025,HARL.TA,5863.191284,9
23/03/2025,HARL.TA,5836.77762,10
24/03/2025,HARL.TA,5765.515043,11
25/03/2025,HARL.TA,5725.846336,12
26/03/2025,HARL.TA,5744.873239,13
27/03/2025,HARL.TA,5821.852098,14
28/03/2025,HARL.TA,5871.93325,15
29/03/2025,HARL.TA,5891.445598,16
30/03/2025,HARL.TA,5788.76267,17
31/03/2025,HARL.TA,5763.841026,18
01/04/2025,HARL.TA,5765.717224,19
02/04/2025,HARL.TA,5746.701266,20
03/04/2025,HARL.TA,5985.477801,21
04/04/2025,HARL.TA,6009.958967,22
05/04/2025,HARL.TA,6043.436094,23
06/04/2025,HARL.TA,6109.592337,24
07/04/2025,HARL.TA,6229.4428,25
08/04/2025,HARL.TA,6154.195608,26
09/04/2025,HARL.TA,6150.688442,27
10/04/2025,HARL.TA,6226.085254,28
11/04/2025,HARL.TA,6416.823594,29
12/04/2025,HARL.TA,6395.260521,30
14/03/2025,HICN.TA,76.32545832,1
15/03/2025,HICN.TA,69.60162729,2
16/03/2025,HICN.TA,52.98458184,3
17/03/2025,HICN.TA,56.24706436,4
18/03/2025,HICN.TA,57.72657165,5
19/03/2025,HICN.TA,90.74756877,6
20/03/2025,HICN.TA,82.7532333,7
21/03/2025,HICN.TA,95.57654199,8
22/03/2025,HICN.TA,41.50858916,9
23/03/2025,HICN.TA,50.57702309,10
24/03/2025,HICN.TA,39.95534396,11
25/03/2025,HICN.TA,15.27944977,12
26/03/2025,HICN.TA,8.41866442,13
27/03/2025,HICN.TA,6.4976588,14
28/03/2025,HICN.TA,8.07565438,15
29/03/2025,HICN.TA,5.73901877,16
30/03/2025,HICN.TA,3.89327611,17
31/03/2025,HICN.TA,4.54839102,18
01/04/2025,HICN.TA,-84.65112069,19
02/04/2025,HICN.TA,-80.0285398,20
03/04/2025,HICN.TA,16.23742294,21
04/04/2025,HICN.TA,17.50124102,22
05/04/2025,HICN.TA,14.71697261,23
06/04/2025,HICN.TA,-4.43842622,24
07/04/2025,HICN.TA,-6.759012,25
08/04/2025,HICN.TA,-6.27906084,26
09/04/2025,HICN.TA,-8.71293509,27
10/04/2025,HICN.TA,-7.846876,28
11/04/2025,HICN.TA,-6.50685414,29
12/04/2025,HICN.TA,68.63358541,30
14/03/2025,HLAN.TA,23169.35369,1
15/03/2025,HLAN.TA,23171.73741,2
16/03/2025,HLAN.TA,23172.58847,3
17/03/2025,HLAN.TA,23646.56991,4
18/03/2025,HLAN.TA,23647.43842,5
19/03/2025,HLAN.TA,24061.2771,6
20/03/2025,HLAN.TA,24152.85057,7
21/03/2025,HLAN.TA,24492.8098,8
22/03/2025,HLAN.TA,24719.29931,9
23/03/2025,HLAN.TA,24616.23987,10
24/03/2025,HLAN.TA,25169.9546,11
25/03/2025,HLAN.TA,24624.94719,12
26/03/2025,HLAN.TA,24825.24659,13
27/03/2025,HLAN.TA,24873.3854,14
28/03/2025,HLAN.TA,25480.13524,15
29/03/2025,HLAN.TA,25568.40256,16
30/03/2025,HLAN.TA,25282.37617,17
31/03/2025,HLAN.TA,25002.09406,18
01/04/2025,HLAN.TA,25199.87103,19
02/04/2025,HLAN.TA,25365.19815,20
03/04/2025,HLAN.TA,25811.85215,21
04/04/2025,HLAN.TA,26175.16237,22
05/04/2025,HLAN.TA,27151.56562,23
06/04/2025,HLAN.TA,27250.61613,24
07/04/2025,HLAN.TA,27038.15652,25
08/04/2025,HLAN.TA,27511.33399,26
09/04/2025,HLAN.TA,27349.26995,27
10/04/2025,HLAN.TA,27908.51204,28
11/04/2025,HLAN.TA,27649.85138,29
12/04/2025,HLAN.TA,28136.73567,30
14/03/2025,HIPR.TA,1702.667579,1
15/03/2025,HIPR.TA,1688.09519,2
16/03/2025,HIPR.TA,1703.814281,3
17/03/2025,HIPR.TA,1689.232078,4
18/03/2025,HIPR.TA,1702.809074,5
19/03/2025,HIPR.TA,1699.338084,6
20/03/2025,HIPR.TA,1701.43189,7
21/03/2025,HIPR.TA,1687.767344,8
22/03/2025,HIPR.TA,1696.874967,9
23/03/2025,HIPR.TA,1650.349386,10
24/03/2025,HIPR.TA,1636.224766,11
25/03/2025,HIPR.TA,1647.591965,12
26/03/2025,HIPR.TA,1651.41029,13
27/03/2025,HIPR.TA,1743.563445,14
28/03/2025,HIPR.TA,1705.164175,15
29/03/2025,HIPR.TA,1684.198013,16
30/03/2025,HIPR.TA,1644.478665,17
31/03/2025,HIPR.TA,1624.258674,18
01/04/2025,HIPR.TA,1567.904662,19
02/04/2025,HIPR.TA,1603.383267,20
03/04/2025,HIPR.TA,1607.856385,21
04/04/2025,HIPR.TA,1622.935567,22
05/04/2025,HIPR.TA,1666.512216,23
06/04/2025,HIPR.TA,1720.387385,24
07/04/2025,HIPR.TA,1776.004236,25
08/04/2025,HIPR.TA,1799.436778,26
09/04/2025,HIPR.TA,1809.146998,27
10/04/2025,HIPR.TA,1750.013496,28
11/04/2025,HIPR.TA,1675.974788,29
12/04/2025,HIPR.TA,1691.692815,30
14/03/2025,HRON.TA,226456.6062,1
15/03/2025,HRON.TA,226763.7839,2
16/03/2025,HRON.TA,225759.1119,3
17/03/2025,HRON.TA,225739.9903,4
18/03/2025,HRON.TA,225671.6822,5
19/03/2025,HRON.TA,225410.363,6
20/03/2025,HRON.TA,234354.1496,7
21/03/2025,HRON.TA,231149.113,8
22/03/2025,HRON.TA,230125.0119,9
23/03/2025,HRON.TA,231409.036,10
24/03/2025,HRON.TA,224327.5852,11
25/03/2025,HRON.TA,225428.444,12
26/03/2025,HRON.TA,218710.859,13
27/03/2025,HRON.TA,218763.8157,14
28/03/2025,HRON.TA,219099.8113,15
29/03/2025,HRON.TA,218594.0102,16
30/03/2025,HRON.TA,218669.1207,17
31/03/2025,HRON.TA,212642.3503,18
01/04/2025,HRON.TA,212598.5107,19
02/04/2025,HRON.TA,212671.9135,20
03/04/2025,HRON.TA,213707.235,21
04/04/2025,HRON.TA,214747.5966,22
05/04/2025,HRON.TA,214771.6727,23
06/04/2025,HRON.TA,214669.9466,24
07/04/2025,HRON.TA,208753.3979,25
08/04/2025,HRON.TA,208632.7312,26
09/04/2025,HRON.TA,210081.4266,27
10/04/2025,HRON.TA,210056.9003,28
11/04/2025,HRON.TA,211801.4301,29
12/04/2025,HRON.TA,211738.671,30
20/10/2023,HIVE.TA,1.45589583,1
21/10/2023,HIVE.TA,1.45727221,2
22/10/2023,HIVE.TA,1.40017483,3
23/10/2023,HIVE.TA,1.44640625,4
24/10/2023,HIVE.TA,1.45100503,5
25/10/2023,HIVE.TA,1.44931936,6
26/10/2023,HIVE.TA,1.63099542,7
27/10/2023,HIVE.TA,1.71301928,8
28/10/2023,HIVE.TA,1.27566112,9
29/10/2023,HIVE.TA,1.45170786,10
30/10/2023,HIVE.TA,1.51832126,11
31/10/2023,HIVE.TA,2.07206153,12
01/11/2023,HIVE.TA,2.14047753,13
02/11/2023,HIVE.TA,2.14282201,14
03/11/2023,HIVE.TA,2.29349458,15
04/11/2023,HIVE.TA,2.30078664,16
05/11/2023,HIVE.TA,1.71336312,17
06/11/2023,HIVE.TA,1.58726372,18
07/11/2023,HIVE.TA,1.58900227,19
08/11/2023,HIVE.TA,1.603247,20
09/11/2023,HIVE.TA,1.35691948,21
10/11/2023,HIVE.TA,1.35534311,22
11/11/2023,HIVE.TA,1.22665446,23
12/11/2023,HIVE.TA,1.21659046,24
13/11/2023,HIVE.TA,1.02966997,25
14/11/2023,HIVE.TA,0.7667806,26
15/11/2023,HIVE.TA,0.76887178,27
16/11/2023,HIVE.TA,0.77096866,28
17/11/2023,HIVE.TA,0.81344024,29
18/11/2023,HIVE.TA,0.81433121,30
14/03/2025,HOD.TA,4759.113174,1
15/03/2025,HOD.TA,4764.773464,2
16/03/2025,HOD.TA,4763.2857,3
17/03/2025,HOD.TA,4748.756926,4
18/03/2025,HOD.TA,4758.648082,5
19/03/2025,HOD.TA,4838.029843,6
20/03/2025,HOD.TA,4926.200636,7
21/03/2025,HOD.TA,4914.383833,8
22/03/2025,HOD.TA,5071.012724,9
23/03/2025,HOD.TA,5080.76835,10
24/03/2025,HOD.TA,5294.637019,11
25/03/2025,HOD.TA,5295.285717,12
26/03/2025,HOD.TA,5280.250416,13
27/03/2025,HOD.TA,5361.956659,14
28/03/2025,HOD.TA,5297.842582,15
29/03/2025,HOD.TA,5306.117593,16
30/03/2025,HOD.TA,5258.537482,17
31/03/2025,HOD.TA,5280.840096,18
01/04/2025,HOD.TA,5233.486649,19
02/04/2025,HOD.TA,5186.003597,20
03/04/2025,HOD.TA,5133.300018,21
04/04/2025,HOD.TA,5152.272607,22
05/04/2025,HOD.TA,5105.526405,23
06/04/2025,HOD.TA,5042.768016,24
07/04/2025,HOD.TA,4944.410759,25
08/04/2025,HOD.TA,4931.354705,26
09/04/2025,HOD.TA,4960.853507,27
10/04/2025,HOD.TA,5033.674869,28
11/04/2025,HOD.TA,5131.619887,29
12/04/2025,HOD.TA,5118.788542,30
14/03/2025,HLMS.TA,643.5111703,1
15/03/2025,HLMS.TA,653.6549252,2
16/03/2025,HLMS.TA,661.2752493,3
17/03/2025,HLMS.TA,651.7097873,4
18/03/2025,HLMS.TA,659.9458268,5
19/03/2025,HLMS.TA,657.3463533,6
20/03/2025,HLMS.TA,684.6467663,7
21/03/2025,HLMS.TA,675.2813009,8
22/03/2025,HLMS.TA,669.7266929,9
23/03/2025,HLMS.TA,667.4116437,10
24/03/2025,HLMS.TA,679.5864111,11
25/03/2025,HLMS.TA,665.4044843,12
26/03/2025,HLMS.TA,660.2315954,13
27/03/2025,HLMS.TA,664.2398133,14
28/03/2025,HLMS.TA,660.7519999,15
29/03/2025,HLMS.TA,639.4699244,16
30/03/2025,HLMS.TA,641.8425924,17
31/03/2025,HLMS.TA,641.5342175,18
01/04/2025,HLMS.TA,638.2119191,19
02/04/2025,HLMS.TA,638.4497125,20
03/04/2025,HLMS.TA,631.5111521,21
04/04/2025,HLMS.TA,628.0441641,22
05/04/2025,HLMS.TA,651.608838,23
06/04/2025,HLMS.TA,648.2636523,24
07/04/2025,HLMS.TA,636.9137529,25
08/04/2025,HLMS.TA,629.5531272,26
09/04/2025,HLMS.TA,641.4016152,27
10/04/2025,HLMS.TA,633.7089975,28
11/04/2025,HLMS.TA,629.0882624,29
12/04/2025,HLMS.TA,624.4869972,30
14/03/2025,HMGS.TA,63.41622724,1
15/03/2025,HMGS.TA,33.97137611,2
16/03/2025,HMGS.TA,42.09151204,3
17/03/2025,HMGS.TA,40.58281094,4
18/03/2025,HMGS.TA,31.14199465,5
19/03/2025,HMGS.TA,32.71709664,6
20/03/2025,HMGS.TA,50.76239235,7
21/03/2025,HMGS.TA,38.5152649,8
22/03/2025,HMGS.TA,37.1347485,9
23/03/2025,HMGS.TA,33.50432064,10
24/03/2025,HMGS.TA,32.62340257,11
25/03/2025,HMGS.TA,20.57306087,12
26/03/2025,HMGS.TA,24.91033872,13
27/03/2025,HMGS.TA,22.98779324,14
28/03/2025,HMGS.TA,18.30401862,15
29/03/2025,HMGS.TA,18.58559337,16
30/03/2025,HMGS.TA,11.72049859,17
31/03/2025,HMGS.TA,5.45630689,18
01/04/2025,HMGS.TA,4.55878009,19
02/04/2025,HMGS.TA,5.92206195,20
03/04/2025,HMGS.TA,22.22775576,21
04/04/2025,HMGS.TA,35.97618944,22
05/04/2025,HMGS.TA,22.19544334,23
06/04/2025,HMGS.TA,17.03209713,24
07/04/2025,HMGS.TA,17.06338067,25
08/04/2025,HMGS.TA,16.67223748,26
09/04/2025,HMGS.TA,15.928527,27
10/04/2025,HMGS.TA,17.46056751,28
11/04/2025,HMGS.TA,10.52605189,29
12/04/2025,HMGS.TA,10.54538551,30
14/03/2025,HUMX.TA,18.92379891,1
15/03/2025,HUMX.TA,22.56402715,2
16/03/2025,HUMX.TA,18.05552257,3
17/03/2025,HUMX.TA,17.8738229,4
18/03/2025,HUMX.TA,23.29981673,5
19/03/2025,HUMX.TA,33.41187989,6
20/03/2025,HUMX.TA,32.39952302,7
21/03/2025,HUMX.TA,29.51990795,8
22/03/2025,HUMX.TA,28.76920716,9
23/03/2025,HUMX.TA,37.91720701,10
24/03/2025,HUMX.TA,44.33145004,11
25/03/2025,HUMX.TA,42.11692731,12
26/03/2025,HUMX.TA,41.04588026,13
27/03/2025,HUMX.TA,40.00451877,14
28/03/2025,HUMX.TA,44.26134509,15
29/03/2025,HUMX.TA,46.23569667,16
30/03/2025,HUMX.TA,23.49444011,17
31/03/2025,HUMX.TA,24.68631689,18
01/04/2025,HUMX.TA,44.93546489,19
02/04/2025,HUMX.TA,50.52237814,20
03/04/2025,HUMX.TA,54.08493378,21
04/04/2025,HUMX.TA,41.75307342,22
05/04/2025,HUMX.TA,33.41041713,23
06/04/2025,HUMX.TA,60.81557783,24
07/04/2025,HUMX.TA,43.48640112,25
08/04/2025,HUMX.TA,43.18179509,26
09/04/2025,HUMX.TA,35.25236557,27
10/04/2025,HUMX.TA,35.39441371,28
11/04/2025,HUMX.TA,32.55786714,29
12/04/2025,HUMX.TA,36.93386071,30
14/03/2025,IARG.TA,67.77619101,1
15/03/2025,IARG.TA,68.22314756,2
16/03/2025,IARG.TA,70.12486152,3
17/03/2025,IARG.TA,69.64116149,4
18/03/2025,IARG.TA,70.03063244,5
19/03/2025,IARG.TA,71.33128338,6
20/03/2025,IARG.TA,74.24776927,7
21/03/2025,IARG.TA,85.35384873,8
22/03/2025,IARG.TA,81.96852792,9
23/03/2025,IARG.TA,85.10034452,10
24/03/2025,IARG.TA,88.57979901,11
25/03/2025,IARG.TA,84.3917906,12
26/03/2025,IARG.TA,80.63009897,13
27/03/2025,IARG.TA,66.99347481,14
28/03/2025,IARG.TA,67.36813846,15
29/03/2025,IARG.TA,67.93461206,16
30/03/2025,IARG.TA,65.83824086,17
31/03/2025,IARG.TA,63.16179429,18
01/04/2025,IARG.TA,66.26991001,19
02/04/2025,IARG.TA,70.79342539,20
03/04/2025,IARG.TA,69.67753942,21
04/04/2025,IARG.TA,78.60315736,22
05/04/2025,IARG.TA,79.12151337,23
06/04/2025,IARG.TA,72.29954918,24
07/04/2025,IARG.TA,71.19300395,25
08/04/2025,IARG.TA,71.7811409,26
09/04/2025,IARG.TA,67.08831644,27
10/04/2025,IARG.TA,71.71939037,28
11/04/2025,IARG.TA,72.53446541,29
12/04/2025,IARG.TA,72.58397487,30
14/03/2025,ICL.TA,2231.426722,1
15/03/2025,ICL.TA,2235.981478,2
16/03/2025,ICL.TA,2229.398905,3
17/03/2025,ICL.TA,2283.990941,4
18/03/2025,ICL.TA,2258.151842,5
19/03/2025,ICL.TA,2181.367891,6
20/03/2025,ICL.TA,2182.313679,7
21/03/2025,ICL.TA,2201.283894,8
22/03/2025,ICL.TA,2238.697141,9
23/03/2025,ICL.TA,2236.167564,10
24/03/2025,ICL.TA,2271.98261,11
25/03/2025,ICL.TA,2218.465665,12
26/03/2025,ICL.TA,2191.147054,13
27/03/2025,ICL.TA,2221.69739,14
28/03/2025,ICL.TA,2238.894145,15
29/03/2025,ICL.TA,2262.807,16
30/03/2025,ICL.TA,2152.139967,17
31/03/2025,ICL.TA,2188.913805,18
01/04/2025,ICL.TA,2161.921594,19
02/04/2025,ICL.TA,2211.257974,20
03/04/2025,ICL.TA,2224.523016,21
04/04/2025,ICL.TA,2297.629484,22
05/04/2025,ICL.TA,2277.386044,23
06/04/2025,ICL.TA,2321.483921,24
07/04/2025,ICL.TA,2358.665416,25
08/04/2025,ICL.TA,2349.361248,26
09/04/2025,ICL.TA,2368.325342,27
10/04/2025,ICL.TA,2230.567426,28
11/04/2025,ICL.TA,2246.871742,29
12/04/2025,ICL.TA,2297.477141,30
14/03/2025,ICON.TA,519.6186014,1
15/03/2025,ICON.TA,522.1676283,2
16/03/2025,ICON.TA,511.141417,3
17/03/2025,ICON.TA,515.1726339,4
18/03/2025,ICON.TA,509.269889,5
19/03/2025,ICON.TA,507.796524,6
20/03/2025,ICON.TA,503.4743321,7
21/03/2025,ICON.TA,535.1746749,8
22/03/2025,ICON.TA,547.7644464,9
23/03/2025,ICON.TA,569.5461744,10
24/03/2025,ICON.TA,578.6911297,11
25/03/2025,ICON.TA,579.3657662,12
26/03/2025,ICON.TA,567.910869,13
27/03/2025,ICON.TA,531.6891244,14
28/03/2025,ICON.TA,563.246525,15
29/03/2025,ICON.TA,563.9031563,16
30/03/2025,ICON.TA,566.6694243,17
31/03/2025,ICON.TA,579.1655017,18
01/04/2025,ICON.TA,583.8198626,19
02/04/2025,ICON.TA,562.630036,20
03/04/2025,ICON.TA,563.6502823,21
04/04/2025,ICON.TA,546.9974282,22
05/04/2025,ICON.TA,539.6178359,23
06/04/2025,ICON.TA,537.1202909,24
07/04/2025,ICON.TA,548.9647569,25
08/04/2025,ICON.TA,563.7871535,26
09/04/2025,ICON.TA,564.3160895,27
10/04/2025,ICON.TA,561.7197684,28
11/04/2025,ICON.TA,553.3297617,29
12/04/2025,ICON.TA,563.8185235,30
14/03/2025,IDNT.TA,297.2751144,1
15/03/2025,IDNT.TA,310.8784116,2
16/03/2025,IDNT.TA,307.9324842,3
17/03/2025,IDNT.TA,290.7428895,4
18/03/2025,IDNT.TA,228.0249365,5
19/03/2025,IDNT.TA,253.0140159,6
20/03/2025,IDNT.TA,264.591927,7
21/03/2025,IDNT.TA,271.6444275,8
22/03/2025,IDNT.TA,267.6044064,9
23/03/2025,IDNT.TA,336.4145331,10
24/03/2025,IDNT.TA,320.5587078,11
25/03/2025,IDNT.TA,325.2351187,12
26/03/2025,IDNT.TA,408.8640471,13
27/03/2025,IDNT.TA,394.0307087,14
28/03/2025,IDNT.TA,486.9063191,15
29/03/2025,IDNT.TA,585.7639419,16
30/03/2025,IDNT.TA,563.8799065,17
31/03/2025,IDNT.TA,570.5847096,18
01/04/2025,IDNT.TA,550.431511,19
02/04/2025,IDNT.TA,558.4613785,20
03/04/2025,IDNT.TA,605.9024935,21
04/04/2025,IDNT.TA,583.2660853,22
05/04/2025,IDNT.TA,560.9712368,23
06/04/2025,IDNT.TA,571.7910832,24
07/04/2025,IDNT.TA,568.6270865,25
08/04/2025,IDNT.TA,581.6480802,26
09/04/2025,IDNT.TA,590.1333447,27
10/04/2025,IDNT.TA,600.770222,28
11/04/2025,IDNT.TA,471.1743491,29
12/04/2025,IDNT.TA,428.0535282,30
14/03/2025,IDIN.TA,16452.44467,1
15/03/2025,IDIN.TA,16340.59432,2
16/03/2025,IDIN.TA,16225.5453,3
17/03/2025,IDIN.TA,16376.15005,4
18/03/2025,IDIN.TA,16307.02838,5
19/03/2025,IDIN.TA,16348.67775,6
20/03/2025,IDIN.TA,16335.14557,7
21/03/2025,IDIN.TA,16216.02324,8
22/03/2025,IDIN.TA,16111.35191,9
23/03/2025,IDIN.TA,16409.06835,10
24/03/2025,IDIN.TA,16395.48618,11
25/03/2025,IDIN.TA,16678.6598,12
26/03/2025,IDIN.TA,16598.53321,13
27/03/2025,IDIN.TA,16736.70249,14
28/03/2025,IDIN.TA,16452.75834,15
29/03/2025,IDIN.TA,16439.14001,16
30/03/2025,IDIN.TA,16529.60844,17
31/03/2025,IDIN.TA,16536.4513,18
01/04/2025,IDIN.TA,16875.56149,19
02/04/2025,IDIN.TA,16628.2608,20
03/04/2025,IDIN.TA,16507.00096,21
04/04/2025,IDIN.TA,16792.10059,22
05/04/2025,IDIN.TA,16696.9989,23
06/04/2025,IDIN.TA,17039.40141,24
07/04/2025,IDIN.TA,17265.19308,25
08/04/2025,IDIN.TA,17139.28848,26
09/04/2025,IDIN.TA,17287.57514,27
10/04/2025,IDIN.TA,17616.27039,28
11/04/2025,IDIN.TA,18190.0751,29
12/04/2025,IDIN.TA,18269.12147,30
14/03/2025,IDMO.TA,399.0423783,1
15/03/2025,IDMO.TA,403.1713163,2
16/03/2025,IDMO.TA,396.7787109,3
17/03/2025,IDMO.TA,398.0710162,4
18/03/2025,IDMO.TA,403.3735838,5
19/03/2025,IDMO.TA,405.7928557,6
20/03/2025,IDMO.TA,404.8471984,7
21/03/2025,IDMO.TA,393.8020474,8
22/03/2025,IDMO.TA,389.6494245,9
23/03/2025,IDMO.TA,383.0703478,10
24/03/2025,IDMO.TA,405.7049444,11
25/03/2025,IDMO.TA,392.258403,12
26/03/2025,IDMO.TA,395.2903518,13
27/03/2025,IDMO.TA,399.3892591,14
28/03/2025,IDMO.TA,395.8744762,15
29/03/2025,IDMO.TA,397.1638363,16
30/03/2025,IDMO.TA,409.4365353,17
31/03/2025,IDMO.TA,413.6821294,18
01/04/2025,IDMO.TA,408.5225076,19
02/04/2025,IDMO.TA,405.0632991,20
03/04/2025,IDMO.TA,413.3158194,21
04/04/2025,IDMO.TA,403.7151181,22
05/04/2025,IDMO.TA,411.4874813,23
06/04/2025,IDMO.TA,424.2027931,24
07/04/2025,IDMO.TA,424.4282511,25
08/04/2025,IDMO.TA,428.8292996,26
09/04/2025,IDMO.TA,419.6544408,27
10/04/2025,IDMO.TA,420.8561229,28
11/04/2025,IDMO.TA,402.5756527,29
12/04/2025,IDMO.TA,406.7411499,30
14/03/2025,IES.TA,23424.48217,1
15/03/2025,IES.TA,23182.57667,2
16/03/2025,IES.TA,23541.4135,3
17/03/2025,IES.TA,23482.01645,4
18/03/2025,IES.TA,23533.61933,5
19/03/2025,IES.TA,23506.93092,6
20/03/2025,IES.TA,23558.58855,7
21/03/2025,IES.TA,23574.78043,8
22/03/2025,IES.TA,23781.38983,9
23/03/2025,IES.TA,23804.50858,10
24/03/2025,IES.TA,24077.3966,11
25/03/2025,IES.TA,24628.36807,12
26/03/2025,IES.TA,24991.16997,13
27/03/2025,IES.TA,25277.66153,14
28/03/2025,IES.TA,24976.68683,15
29/03/2025,IES.TA,24745.08956,16
30/03/2025,IES.TA,24285.52758,17
31/03/2025,IES.TA,24437.54946,18
01/04/2025,IES.TA,24163.705,19
02/04/2025,IES.TA,23870.64137,20
03/04/2025,IES.TA,23929.51418,21
04/04/2025,IES.TA,24284.85171,22
05/04/2025,IES.TA,24493.62494,23
06/04/2025,IES.TA,24146.11922,24
07/04/2025,IES.TA,24023.67235,25
08/04/2025,IES.TA,23299.95243,26
09/04/2025,IES.TA,23500.25863,27
10/04/2025,IES.TA,23257.57058,28
11/04/2025,IES.TA,22977.57093,29
12/04/2025,IES.TA,22715.93632,30
14/03/2025,INTO.TA,679.3422242,1
15/03/2025,INTO.TA,902.3828171,2
16/03/2025,INTO.TA,789.8212427,3
17/03/2025,INTO.TA,362.2756942,4
18/03/2025,INTO.TA,336.31905,5
19/03/2025,INTO.TA,202.7435486,6
20/03/2025,INTO.TA,188.2172024,7
21/03/2025,INTO.TA,222.1975805,8
22/03/2025,INTO.TA,225.1332729,9
23/03/2025,INTO.TA,217.1590787,10
24/03/2025,INTO.TA,228.9464749,11
25/03/2025,INTO.TA,218.7443065,12
26/03/2025,INTO.TA,206.4111058,13
27/03/2025,INTO.TA,191.6731269,14
28/03/2025,INTO.TA,167.7641733,15
29/03/2025,INTO.TA,167.6261746,16
30/03/2025,INTO.TA,172.8588748,17
31/03/2025,INTO.TA,305.6052634,18
01/04/2025,INTO.TA,309.7175921,19
02/04/2025,INTO.TA,317.3080207,20
03/04/2025,INTO.TA,317.0277257,21
04/04/2025,INTO.TA,277.4822698,22
05/04/2025,INTO.TA,327.335626,23
06/04/2025,INTO.TA,388.5951261,24
07/04/2025,INTO.TA,458.4113751,25
08/04/2025,INTO.TA,464.1375883,26
09/04/2025,INTO.TA,510.4426632,27
10/04/2025,INTO.TA,497.9159588,28
11/04/2025,INTO.TA,596.0379096,29
12/04/2025,INTO.TA,520.9929173,30
14/03/2025,ILDR.TA,673.5034007,1
15/03/2025,ILDR.TA,680.3689316,2
16/03/2025,ILDR.TA,681.043132,3
17/03/2025,ILDR.TA,664.235331,4
18/03/2025,ILDR.TA,672.4855927,5
19/03/2025,ILDR.TA,664.3112009,6
20/03/2025,ILDR.TA,680.3644252,7
21/03/2025,ILDR.TA,666.5052794,8
22/03/2025,ILDR.TA,627.1386024,9
23/03/2025,ILDR.TA,623.2530111,10
24/03/2025,ILDR.TA,618.7168347,11
25/03/2025,ILDR.TA,616.343672,12
26/03/2025,ILDR.TA,620.7519945,13
27/03/2025,ILDR.TA,620.803731,14
28/03/2025,ILDR.TA,642.5232423,15
29/03/2025,ILDR.TA,635.8117683,16
30/03/2025,ILDR.TA,634.6750422,17
31/03/2025,ILDR.TA,632.3843562,18
01/04/2025,ILDR.TA,624.8431489,19
02/04/2025,ILDR.TA,634.4271854,20
03/04/2025,ILDR.TA,631.746885,21
04/04/2025,ILDR.TA,649.5525364,22
05/04/2025,ILDR.TA,665.2491143,23
06/04/2025,ILDR.TA,665.5175504,24
07/04/2025,ILDR.TA,662.0081188,25
08/04/2025,ILDR.TA,647.5551855,26
09/04/2025,ILDR.TA,647.6091559,27
10/04/2025,ILDR.TA,645.7426799,28
11/04/2025,ILDR.TA,716.83529,29
12/04/2025,ILDR.TA,795.7547938,30
14/03/2025,ILX.TA,7315.984384,1
15/03/2025,ILX.TA,7329.861677,2
16/03/2025,ILX.TA,7645.146013,3
17/03/2025,ILX.TA,7798.39077,4
18/03/2025,ILX.TA,7772.792571,5
19/03/2025,ILX.TA,7767.852268,6
20/03/2025,ILX.TA,7750.89938,7
21/03/2025,ILX.TA,7880.4249,8
22/03/2025,ILX.TA,7816.233168,9
23/03/2025,ILX.TA,7757.529311,10
24/03/2025,ILX.TA,7614.5591,11
25/03/2025,ILX.TA,7645.29031,12
26/03/2025,ILX.TA,7658.934725,13
27/03/2025,ILX.TA,7668.619288,14
28/03/2025,ILX.TA,8032.463769,15
29/03/2025,ILX.TA,8072.322687,16
30/03/2025,ILX.TA,7889.5496,17
31/03/2025,ILX.TA,7744.146273,18
01/04/2025,ILX.TA,7758.594692,19
02/04/2025,ILX.TA,7584.694633,20
03/04/2025,ILX.TA,7690.434228,21
04/04/2025,ILX.TA,7764.358981,22
05/04/2025,ILX.TA,7676.279688,23
06/04/2025,ILX.TA,7853.545056,24
07/04/2025,ILX.TA,7891.598179,25
08/04/2025,ILX.TA,7695.93723,26
09/04/2025,ILX.TA,7759.413679,27
10/04/2025,ILX.TA,7663.96294,28
11/04/2025,ILX.TA,7638.806,29
12/04/2025,ILX.TA,7664.629014,30
14/03/2025,ISI.TA,1340.957013,1
15/03/2025,ISI.TA,1311.053033,2
16/03/2025,ISI.TA,1289.043505,3
17/03/2025,ISI.TA,1284.506748,4
18/03/2025,ISI.TA,1250.868061,5
19/03/2025,ISI.TA,1214.645625,6
20/03/2025,ISI.TA,1283.450037,7
21/03/2025,ISI.TA,1292.560651,8
22/03/2025,ISI.TA,1303.161572,9
23/03/2025,ISI.TA,1309.243275,10
24/03/2025,ISI.TA,1285.418795,11
25/03/2025,ISI.TA,1295.483511,12
26/03/2025,ISI.TA,1311.574352,13
27/03/2025,ISI.TA,1337.339643,14
28/03/2025,ISI.TA,1372.728063,15
29/03/2025,ISI.TA,1409.052924,16
30/03/2025,ISI.TA,1338.594042,17
31/03/2025,ISI.TA,1356.917412,18
01/04/2025,ISI.TA,1340.529736,19
02/04/2025,ISI.TA,1329.654524,20
03/04/2025,ISI.TA,1339.093122,21
04/04/2025,ISI.TA,1345.342514,22
05/04/2025,ISI.TA,1325.287585,23
06/04/2025,ISI.TA,1341.748614,24
07/04/2025,ISI.TA,1331.458186,25
08/04/2025,ISI.TA,1334.514923,26
09/04/2025,ISI.TA,1337.578678,27
10/04/2025,ISI.TA,1341.496936,28
11/04/2025,ISI.TA,1305.881347,29
12/04/2025,ISI.TA,1263.445667,30
14/03/2025,IMCO.TA,4018.188657,1
15/03/2025,IMCO.TA,4005.563146,2
16/03/2025,IMCO.TA,3969.317013,3
17/03/2025,IMCO.TA,3924.025787,4
18/03/2025,IMCO.TA,3990.229244,5
19/03/2025,IMCO.TA,3991.694472,6
20/03/2025,IMCO.TA,4068.213598,7
21/03/2025,IMCO.TA,4049.607938,8
22/03/2025,IMCO.TA,4014.441787,9
23/03/2025,IMCO.TA,3966.2999,10
24/03/2025,IMCO.TA,3898.857533,11
25/03/2025,IMCO.TA,4063.691439,12
26/03/2025,IMCO.TA,4107.103456,13
27/03/2025,IMCO.TA,4164.68747,14
28/03/2025,IMCO.TA,4250.629767,15
29/03/2025,IMCO.TA,4559.568833,16
30/03/2025,IMCO.TA,4623.49668,17
31/03/2025,IMCO.TA,4652.496355,18
01/04/2025,IMCO.TA,4655.550999,19
02/04/2025,IMCO.TA,4684.590172,20
03/04/2025,IMCO.TA,4763.625347,21
04/04/2025,IMCO.TA,4807.797293,22
05/04/2025,IMCO.TA,4907.118782,23
06/04/2025,IMCO.TA,5036.519844,24
07/04/2025,IMCO.TA,5036.678082,25
08/04/2025,IMCO.TA,5025.03089,26
09/04/2025,IMCO.TA,5019.246808,27
10/04/2025,IMCO.TA,5045.911311,28
11/04/2025,IMCO.TA,5156.540858,29
12/04/2025,IMCO.TA,5243.105376,30
14/03/2025,IMED.TA,241.5824067,1
15/03/2025,IMED.TA,229.8106732,2
16/03/2025,IMED.TA,228.6147631,3
17/03/2025,IMED.TA,241.6231705,4
18/03/2025,IMED.TA,355.0753032,5
19/03/2025,IMED.TA,308.4403179,6
20/03/2025,IMED.TA,844.1833164,7
21/03/2025,IMED.TA,855.6007695,8
22/03/2025,IMED.TA,863.3582201,9
23/03/2025,IMED.TA,863.3571302,10
24/03/2025,IMED.TA,912.4830096,11
25/03/2025,IMED.TA,-1372.99313,12
26/03/2025,IMED.TA,-1385.509402,13
27/03/2025,IMED.TA,-2709.161044,14
28/03/2025,IMED.TA,-1886.306598,15
29/03/2025,IMED.TA,-1901.404521,16
30/03/2025,IMED.TA,-1918.737817,17
31/03/2025,IMED.TA,-1920.021449,18
01/04/2025,IMED.TA,-5254.987692,19
02/04/2025,IMED.TA,-4998.924698,20
03/04/2025,IMED.TA,-5036.079628,21
04/04/2025,IMED.TA,-4958.000199,22
05/04/2025,IMED.TA,-5019.094026,23
06/04/2025,IMED.TA,-4960.341958,24
07/04/2025,IMED.TA,-5060.183462,25
08/04/2025,IMED.TA,-6240.840607,26
09/04/2025,IMED.TA,-5568.426449,27
10/04/2025,IMED.TA,-4774.465158,28
11/04/2025,IMED.TA,-4816.026263,29
12/04/2025,IMED.TA,-3407.8168,30
14/03/2025,INRM.TA,1689.148373,1
15/03/2025,INRM.TA,1673.5789,2
16/03/2025,INRM.TA,1705.019724,3
17/03/2025,INRM.TA,1662.990856,4
18/03/2025,INRM.TA,1663.494728,5
19/03/2025,INRM.TA,1677.911829,6
20/03/2025,INRM.TA,1723.68396,7
21/03/2025,INRM.TA,1778.365574,8
22/03/2025,INRM.TA,1793.784794,9
23/03/2025,INRM.TA,1816.562207,10
24/03/2025,INRM.TA,1839.005159,11
25/03/2025,INRM.TA,1759.440066,12
26/03/2025,INRM.TA,1711.589679,13
27/03/2025,INRM.TA,1685.409867,14
28/03/2025,INRM.TA,1714.628961,15
29/03/2025,INRM.TA,1739.910509,16
30/03/2025,INRM.TA,1711.623307,17
31/03/2025,INRM.TA,1722.309648,18
01/04/2025,INRM.TA,1690.203849,19
02/04/2025,INRM.TA,1670.628106,20
03/04/2025,INRM.TA,1650.826821,21
04/04/2025,INRM.TA,1673.482668,22
05/04/2025,INRM.TA,1722.535663,23
06/04/2025,INRM.TA,1706.658448,24
07/04/2025,INRM.TA,1732.05089,25
08/04/2025,INRM.TA,1734.351036,26
09/04/2025,INRM.TA,1756.125476,27
10/04/2025,INRM.TA,1749.316088,28
11/04/2025,INRM.TA,1723.70226,29
12/04/2025,INRM.TA,1728.253709,30
14/03/2025,ININ.TA,239.5906748,1
15/03/2025,ININ.TA,239.1419765,2
16/03/2025,ININ.TA,238.1721729,3
17/03/2025,ININ.TA,241.4350846,4
18/03/2025,ININ.TA,241.2542704,5
19/03/2025,ININ.TA,251.0963719,6
20/03/2025,ININ.TA,255.3091929,7
21/03/2025,ININ.TA,261.549926,8
22/03/2025,ININ.TA,257.5134726,9
23/03/2025,ININ.TA,277.4771048,10
24/03/2025,ININ.TA,276.9174235,11
25/03/2025,ININ.TA,290.0272507,12
26/03/2025,ININ.TA,279.6731134,13
27/03/2025,ININ.TA,276.2872026,14
28/03/2025,ININ.TA,276.6626449,15
29/03/2025,ININ.TA,277.0385975,16
30/03/2025,ININ.TA,277.9000184,17
31/03/2025,ININ.TA,276.6769774,18
01/04/2025,ININ.TA,278.4894021,19
02/04/2025,ININ.TA,275.0728192,20
03/04/2025,ININ.TA,229.7704041,21
04/04/2025,ININ.TA,239.1080053,22
05/04/2025,ININ.TA,235.5221429,23
06/04/2025,ININ.TA,234.7448241,24
07/04/2025,ININ.TA,237.1322594,25
08/04/2025,ININ.TA,224.2671499,26
09/04/2025,ININ.TA,227.6562177,27
10/04/2025,ININ.TA,221.0519937,28
11/04/2025,ININ.TA,225.69778,29
12/04/2025,ININ.TA,213.1671814,30
14/03/2025,INCR.TA,591.4510493,1
15/03/2025,INCR.TA,582.3876275,2
16/03/2025,INCR.TA,592.3154875,3
17/03/2025,INCR.TA,579.0417524,4
18/03/2025,INCR.TA,579.1499814,5
19/03/2025,INCR.TA,570.0604941,6
20/03/2025,INCR.TA,585.3812037,7
21/03/2025,INCR.TA,600.1305962,8
22/03/2025,INCR.TA,591.6846678,9
23/03/2025,INCR.TA,632.3014129,10
24/03/2025,INCR.TA,643.6042909,11
25/03/2025,INCR.TA,654.5757007,12
26/03/2025,INCR.TA,644.544954,13
27/03/2025,INCR.TA,635.4739607,14
28/03/2025,INCR.TA,646.8335505,15
29/03/2025,INCR.TA,606.0302758,16
30/03/2025,INCR.TA,583.473396,17
31/03/2025,INCR.TA,529.5175825,18
01/04/2025,INCR.TA,518.6075684,19
02/04/2025,INCR.TA,506.4057948,20
03/04/2025,INCR.TA,505.9468301,21
04/04/2025,INCR.TA,502.7062257,22
05/04/2025,INCR.TA,507.1527139,23
06/04/2025,INCR.TA,500.5524776,24
07/04/2025,INCR.TA,481.5085606,25
08/04/2025,INCR.TA,485.9729741,26
09/04/2025,INCR.TA,483.166721,27
10/04/2025,INCR.TA,475.7626529,28
11/04/2025,INCR.TA,485.1008403,29
12/04/2025,INCR.TA,482.4322461,30
14/03/2025,INTR.TA,6299.818901,1
15/03/2025,INTR.TA,6299.766707,2
16/03/2025,INTR.TA,6295.117372,3
17/03/2025,INTR.TA,6492.466904,4
18/03/2025,INTR.TA,6698.774067,5
19/03/2025,INTR.TA,6850.062516,6
20/03/2025,INTR.TA,6851.450708,7
21/03/2025,INTR.TA,6821.76682,8
22/03/2025,INTR.TA,6768.858057,9
23/03/2025,INTR.TA,6826.4626,10
24/03/2025,INTR.TA,6929.464921,11
25/03/2025,INTR.TA,6442.110539,12
26/03/2025,INTR.TA,6665.380898,13
27/03/2025,INTR.TA,6779.254368,14
28/03/2025,INTR.TA,6642.185896,15
29/03/2025,INTR.TA,6853.250588,16
30/03/2025,INTR.TA,6852.304739,17
31/03/2025,INTR.TA,6848.35499,18
01/04/2025,INTR.TA,6794.081916,19
02/04/2025,INTR.TA,6405.738443,20
03/04/2025,INTR.TA,6398.129641,21
04/04/2025,INTR.TA,6099.101589,22
05/04/2025,INTR.TA,6028.408594,23
06/04/2025,INTR.TA,5706.273962,24
07/04/2025,INTR.TA,5707.389825,25
08/04/2025,INTR.TA,5638.159151,26
09/04/2025,INTR.TA,5631.462088,27
10/04/2025,INTR.TA,5490.104477,28
11/04/2025,INTR.TA,5481.358703,29
12/04/2025,INTR.TA,5481.35122,30
14/03/2025,IGLD.TA,-491.8335116,1
15/03/2025,IGLD.TA,1398.314853,2
16/03/2025,IGLD.TA,506.5907532,3
17/03/2025,IGLD.TA,-2442.924199,4
18/03/2025,IGLD.TA,-2619.031118,5
19/03/2025,IGLD.TA,-1334.860152,6
20/03/2025,IGLD.TA,-149.0030913,7
21/03/2025,IGLD.TA,11.70014198,8
22/03/2025,IGLD.TA,0.47723021,9
23/03/2025,IGLD.TA,0.74917737,10
24/03/2025,IGLD.TA,0.49697334,11
25/03/2025,IGLD.TA,0.16180528,12
26/03/2025,IGLD.TA,0.18242333,13
27/03/2025,IGLD.TA,0.14961293,14
28/03/2025,IGLD.TA,0.4590569,15
29/03/2025,IGLD.TA,0.32647989,16
30/03/2025,IGLD.TA,0.35001535,17
31/03/2025,IGLD.TA,1.07395109,18
01/04/2025,IGLD.TA,1.84058149,19
02/04/2025,IGLD.TA,-1.12542562,20
03/04/2025,IGLD.TA,3.16775434,21
04/04/2025,IGLD.TA,-9.00613284,22
05/04/2025,IGLD.TA,35.78167027,23
06/04/2025,IGLD.TA,30.94777848,24
07/04/2025,IGLD.TA,86.38018454,25
08/04/2025,IGLD.TA,84.14333978,26
09/04/2025,IGLD.TA,119.2495223,27
10/04/2025,IGLD.TA,2.2465875,28
11/04/2025,IGLD.TA,2.38566935,29
12/04/2025,IGLD.TA,-0.59859359,30
14/03/2025,ISCN.TA,1297.873727,1
15/03/2025,ISCN.TA,1341.333933,2
16/03/2025,ISCN.TA,1433.267363,3
17/03/2025,ISCN.TA,1419.898733,4
18/03/2025,ISCN.TA,1425.345005,5
19/03/2025,ISCN.TA,1457.383387,6
20/03/2025,ISCN.TA,1457.665236,7
21/03/2025,ISCN.TA,1419.195631,8
22/03/2025,ISCN.TA,1410.300051,9
23/03/2025,ISCN.TA,1480.268123,10
24/03/2025,ISCN.TA,1485.701103,11
25/03/2025,ISCN.TA,1483.524725,12
26/03/2025,ISCN.TA,1467.161429,13
27/03/2025,ISCN.TA,1447.171014,14
28/03/2025,ISCN.TA,1436.76179,15
29/03/2025,ISCN.TA,1435.526521,16
30/03/2025,ISCN.TA,1440.795287,17
31/03/2025,ISCN.TA,1444.605977,18
01/04/2025,ISCN.TA,1448.426747,19
02/04/2025,ISCN.TA,1453.982443,20
03/04/2025,ISCN.TA,1371.461711,21
04/04/2025,ISCN.TA,1371.726944,22
05/04/2025,ISCN.TA,1458.621789,23
06/04/2025,ISCN.TA,1420.126939,24
07/04/2025,ISCN.TA,1468.728019,25
08/04/2025,ISCN.TA,1459.521969,26
09/04/2025,ISCN.TA,1493.813274,27
10/04/2025,ISCN.TA,1496.379641,28
11/04/2025,ISCN.TA,1479.320207,29
12/04/2025,ISCN.TA,1488.278264,30
14/03/2025,ILDC.TA,3321.58982,1
15/03/2025,ILDC.TA,3295.140771,2
16/03/2025,ILDC.TA,3408.440722,3
17/03/2025,ILDC.TA,3253.3754,4
18/03/2025,ILDC.TA,3257.016267,5
19/03/2025,ILDC.TA,3219.821718,6
20/03/2025,ILDC.TA,3310.611254,7
21/03/2025,ILDC.TA,3318.391058,8
22/03/2025,ILDC.TA,3448.086818,9
23/03/2025,ILDC.TA,3564.227457,10
24/03/2025,ILDC.TA,3686.779671,11
25/03/2025,ILDC.TA,3696.684391,12
26/03/2025,ILDC.TA,3671.33967,13
27/03/2025,ILDC.TA,3729.001732,14
28/03/2025,ILDC.TA,3880.288806,15
29/03/2025,ILDC.TA,3882.447939,16
30/03/2025,ILDC.TA,3930.657907,17
31/03/2025,ILDC.TA,4010.35992,18
01/04/2025,ILDC.TA,3992.227901,19
02/04/2025,ILDC.TA,3987.654167,20
03/04/2025,ILDC.TA,3912.242308,21
04/04/2025,ILDC.TA,3877.83336,22
05/04/2025,ILDC.TA,3758.275876,23
06/04/2025,ILDC.TA,3766.54963,24
07/04/2025,ILDC.TA,3802.863349,25
08/04/2025,ILDC.TA,3946.713385,26
09/04/2025,ILDC.TA,3928.869131,27
10/04/2025,ILDC.TA,3967.594695,28
11/04/2025,ILDC.TA,3926.635539,29
12/04/2025,ILDC.TA,3935.862976,30
14/03/2025,ISOP.TA,80.69930273,1
15/03/2025,ISOP.TA,77.00075771,2
16/03/2025,ISOP.TA,75.515592,3
17/03/2025,ISOP.TA,72.34622786,4
18/03/2025,ISOP.TA,72.83312056,5
19/03/2025,ISOP.TA,75.06797874,6
20/03/2025,ISOP.TA,75.2744356,7
21/03/2025,ISOP.TA,73.04745408,8
22/03/2025,ISOP.TA,73.22864062,9
23/03/2025,ISOP.TA,71.4931447,10
24/03/2025,ISOP.TA,70.97928644,11
25/03/2025,ISOP.TA,69.9063374,12
26/03/2025,ISOP.TA,66.90540604,13
27/03/2025,ISOP.TA,63.59168405,14
28/03/2025,ISOP.TA,64.24113644,15
29/03/2025,ISOP.TA,63.92721725,16
30/03/2025,ISOP.TA,64.73712854,17
31/03/2025,ISOP.TA,65.15197117,18
01/04/2025,ISOP.TA,65.3135738,19
02/04/2025,ISOP.TA,65.07324217,20
03/04/2025,ISOP.TA,61.99245229,21
04/04/2025,ISOP.TA,57.37664265,22
05/04/2025,ISOP.TA,58.24777152,23
06/04/2025,ISOP.TA,58.93340272,24
07/04/2025,ISOP.TA,59.41185883,25
08/04/2025,ISOP.TA,57.15181263,26
09/04/2025,ISOP.TA,59.7412172,27
10/04/2025,ISOP.TA,58.16762809,28
11/04/2025,ISOP.TA,56.78426315,29
12/04/2025,ISOP.TA,56.42761203,30
14/03/2025,ISHI.TA,13046.38171,1
15/03/2025,ISHI.TA,13102.01022,2
16/03/2025,ISHI.TA,13541.18051,3
17/03/2025,ISHI.TA,13193.61884,4
18/03/2025,ISHI.TA,13299.05782,5
19/03/2025,ISHI.TA,13444.49173,6
20/03/2025,ISHI.TA,13067.40434,7
21/03/2025,ISHI.TA,12866.66803,8
22/03/2025,ISHI.TA,13007.37348,9
23/03/2025,ISHI.TA,13076.05313,10
24/03/2025,ISHI.TA,13453.30812,11
25/03/2025,ISHI.TA,13327.19234,12
26/03/2025,ISHI.TA,13571.94823,13
27/03/2025,ISHI.TA,13608.91332,14
28/03/2025,ISHI.TA,13298.37237,15
29/03/2025,ISHI.TA,13370.16973,16
30/03/2025,ISHI.TA,13365.1264,17
31/03/2025,ISHI.TA,13159.8166,18
01/04/2025,ISHI.TA,13512.30637,19
02/04/2025,ISHI.TA,13601.4285,20
03/04/2025,ISHI.TA,14029.30761,21
04/04/2025,ISHI.TA,13859.04835,22
05/04/2025,ISHI.TA,13604.0422,23
06/04/2025,ISHI.TA,14315.50557,24
07/04/2025,ISHI.TA,14300.83506,25
08/04/2025,ISHI.TA,14286.17959,26
09/04/2025,ISHI.TA,14376.93726,27
10/04/2025,ISHI.TA,14531.25154,28
11/04/2025,ISHI.TA,14259.94003,29
12/04/2025,ISHI.TA,14076.89061,30
14/03/2025,ISRG.TA,220.3652292,1
15/03/2025,ISRG.TA,218.8713198,2
16/03/2025,ISRG.TA,218.5356029,3
17/03/2025,ISRG.TA,217.9446827,4
18/03/2025,ISRG.TA,224.1434248,5
19/03/2025,ISRG.TA,226.705045,6
20/03/2025,ISRG.TA,228.1595728,7
21/03/2025,ISRG.TA,230.7670914,8
22/03/2025,ISRG.TA,228.9227082,9
23/03/2025,ISRG.TA,232.6967188,10
24/03/2025,ISRG.TA,238.8482098,11
25/03/2025,ISRG.TA,245.1623194,12
26/03/2025,ISRG.TA,244.6375586,13
27/03/2025,ISRG.TA,238.2729433,14
28/03/2025,ISRG.TA,244.2034021,15
29/03/2025,ISRG.TA,244.0570268,16
30/03/2025,ISRG.TA,237.1731385,17
31/03/2025,ISRG.TA,247.1663811,18
01/04/2025,ISRG.TA,245.6772914,19
02/04/2025,ISRG.TA,241.5074725,20
03/04/2025,ISRG.TA,242.2167195,21
04/04/2025,ISRG.TA,244.98489,22
05/04/2025,ISRG.TA,249.7690487,23
06/04/2025,ISRG.TA,248.4553806,24
07/04/2025,ISRG.TA,257.2298151,25
08/04/2025,ISRG.TA,261.2717622,26
09/04/2025,ISRG.TA,270.9017791,27
10/04/2025,ISRG.TA,280.4689292,28
11/04/2025,ISRG.TA,282.1571012,29
12/04/2025,ISRG.TA,286.8087319,30
14/03/2025,ISRA.TA,206.4622724,1
15/03/2025,ISRA.TA,201.6939753,2
16/03/2025,ISRA.TA,205.6221321,3
17/03/2025,ISRA.TA,211.4567236,4
18/03/2025,ISRA.TA,217.4568733,5
19/03/2025,ISRA.TA,218.6553513,6
20/03/2025,ISRA.TA,220.7009125,7
21/03/2025,ISRA.TA,214.9411654,8
22/03/2025,ISRA.TA,217.0200402,9
23/03/2025,ISRA.TA,215.2094919,10
24/03/2025,ISRA.TA,216.4060004,11
25/03/2025,ISRA.TA,210.6111518,12
26/03/2025,ISRA.TA,208.741725,13
27/03/2025,ISRA.TA,212.712351,14
28/03/2025,ISRA.TA,212.7919635,15
29/03/2025,ISRA.TA,211.9629515,16
30/03/2025,ISRA.TA,209.3303024,17
31/03/2025,ISRA.TA,207.4722446,18
01/04/2025,ISRA.TA,212.113043,19
02/04/2025,ISRA.TA,207.3061264,20
03/04/2025,ISRA.TA,198.6108412,21
04/04/2025,ISRA.TA,202.1035023,22
05/04/2025,ISRA.TA,205.9059183,23
06/04/2025,ISRA.TA,209.1902199,24
07/04/2025,ISRA.TA,210.5978039,25
08/04/2025,ISRA.TA,204.4403035,26
09/04/2025,ISRA.TA,205.5769381,27
10/04/2025,ISRA.TA,203.1738197,28
11/04/2025,ISRA.TA,200.4480958,29
12/04/2025,ISRA.TA,205.1658922,30
14/03/2025,ISRS.TA,83529.06734,1
15/03/2025,ISRS.TA,85123.69669,2
16/03/2025,ISRS.TA,85608.28179,3
17/03/2025,ISRS.TA,85443.86217,4
18/03/2025,ISRS.TA,85646.76004,5
19/03/2025,ISRS.TA,86460.62109,6
20/03/2025,ISRS.TA,87690.68705,7
21/03/2025,ISRS.TA,88186.87625,8
22/03/2025,ISRS.TA,87986.88477,9
23/03/2025,ISRS.TA,87787.34683,10
24/03/2025,ISRS.TA,86934.14626,11
25/03/2025,ISRS.TA,84333.7766,12
26/03/2025,ISRS.TA,85077.80844,13
27/03/2025,ISRS.TA,82532.96546,14
28/03/2025,ISRS.TA,81677.29673,15
29/03/2025,ISRS.TA,81558.61529,16
30/03/2025,ISRS.TA,81401.97347,17
31/03/2025,ISRS.TA,81495.82596,18
01/04/2025,ISRS.TA,80427.94006,19
02/04/2025,ISRS.TA,81293.03988,20
03/04/2025,ISRS.TA,81499.78667,21
04/04/2025,ISRS.TA,82492.68016,22
05/04/2025,ISRS.TA,82824.54262,23
06/04/2025,ISRS.TA,82146.29171,24
07/04/2025,ISRS.TA,81279.87217,25
08/04/2025,ISRS.TA,81440.50422,26
09/04/2025,ISRS.TA,82214.3952,27
10/04/2025,ISRS.TA,81331.92864,28
11/04/2025,ISRS.TA,80458.93424,29
12/04/2025,ISRS.TA,80529.92984,30
14/03/2025,ISRO.TA,8382.014724,1
15/03/2025,ISRO.TA,8564.775027,2
16/03/2025,ISRO.TA,8402.692664,3
17/03/2025,ISRO.TA,8400.664014,4
18/03/2025,ISRO.TA,8351.033737,5
19/03/2025,ISRO.TA,8388.149279,6
20/03/2025,ISRO.TA,8313.437292,7
21/03/2025,ISRO.TA,8636.035031,8
22/03/2025,ISRO.TA,8926.31582,9
23/03/2025,ISRO.TA,9153.39255,10
24/03/2025,ISRO.TA,9192.657508,11
25/03/2025,ISRO.TA,9152.968301,12
26/03/2025,ISRO.TA,9433.584805,13
27/03/2025,ISRO.TA,9698.198919,14
28/03/2025,ISRO.TA,9794.828702,15
29/03/2025,ISRO.TA,9678.869904,16
30/03/2025,ISRO.TA,9680.751905,17
31/03/2025,ISRO.TA,9468.297942,18
01/04/2025,ISRO.TA,8880.56985,19
02/04/2025,ISRO.TA,8837.135941,20
03/04/2025,ISRO.TA,8837.84529,21
04/04/2025,ISRO.TA,8870.265774,22
05/04/2025,ISRO.TA,8856.964951,23
06/04/2025,ISRO.TA,9154.6718,24
07/04/2025,ISRO.TA,9111.112003,25
08/04/2025,ISRO.TA,9171.570648,26
09/04/2025,ISRO.TA,9077.361169,27
10/04/2025,ISRO.TA,9202.923901,28
11/04/2025,ISRO.TA,9242.401331,29
12/04/2025,ISRO.TA,9181.446902,30
14/03/2025,ISTA.TA,9706.1914,1
15/03/2025,ISTA.TA,10050.25968,2
16/03/2025,ISTA.TA,10006.48781,3
17/03/2025,ISTA.TA,9935.157012,4
18/03/2025,ISTA.TA,9459.480451,5
19/03/2025,ISTA.TA,9497.314712,6
20/03/2025,ISTA.TA,9516.875889,7
21/03/2025,ISTA.TA,9588.344185,8
22/03/2025,ISTA.TA,9511.716658,9
23/03/2025,ISTA.TA,9459.245924,10
24/03/2025,ISTA.TA,9675.541303,11
25/03/2025,ISTA.TA,9872.962703,12
26/03/2025,ISTA.TA,9892.762796,13
27/03/2025,ISTA.TA,10033.73604,14
28/03/2025,ISTA.TA,10069.2977,15
29/03/2025,ISTA.TA,10239.1167,16
30/03/2025,ISTA.TA,10263.89221,17
31/03/2025,ISTA.TA,10285.03227,18
01/04/2025,ISTA.TA,10309.91888,19
02/04/2025,ISTA.TA,10520.28423,20
03/04/2025,ISTA.TA,10686.46215,21
04/04/2025,ISTA.TA,10802.17061,22
05/04/2025,ISTA.TA,10867.57232,23
06/04/2025,ISTA.TA,10893.8685,24
07/04/2025,ISTA.TA,10865.04994,25
08/04/2025,ISTA.TA,10956.11783,26
09/04/2025,ISTA.TA,10894.94836,27
10/04/2025,ISTA.TA,10725.32704,28
11/04/2025,ISTA.TA,10449.30356,29
12/04/2025,ISTA.TA,10612.20816,30
14/03/2025,JCFN.TA,2162.63685,1
15/03/2025,JCFN.TA,2210.73701,2
16/03/2025,JCFN.TA,2089.066976,3
17/03/2025,JCFN.TA,2097.901452,4
18/03/2025,JCFN.TA,2112.661631,5
19/03/2025,JCFN.TA,2127.267629,6
20/03/2025,JCFN.TA,2119.002981,7
21/03/2025,JCFN.TA,2166.13266,8
22/03/2025,JCFN.TA,2181.372893,9
23/03/2025,JCFN.TA,2061.318942,10
24/03/2025,JCFN.TA,1947.872275,11
25/03/2025,JCFN.TA,1951.77267,12
26/03/2025,JCFN.TA,1973.900147,13
27/03/2025,JCFN.TA,2017.80253,14
28/03/2025,JCFN.TA,2049.518027,15
29/03/2025,JCFN.TA,2101.929323,16
30/03/2025,JCFN.TA,2073.480911,17
31/03/2025,JCFN.TA,2130.66812,18
01/04/2025,JCFN.TA,2188.513041,19
02/04/2025,JCFN.TA,2213.01788,20
03/04/2025,JCFN.TA,2228.066608,21
04/04/2025,JCFN.TA,2285.043837,22
05/04/2025,JCFN.TA,2259.120777,23
06/04/2025,JCFN.TA,2263.078288,24
07/04/2025,JCFN.TA,2313.41241,25
08/04/2025,JCFN.TA,2259.01972,26
09/04/2025,JCFN.TA,2255.817998,27
10/04/2025,JCFN.TA,2287.998701,28
11/04/2025,JCFN.TA,2327.930269,29
12/04/2025,JCFN.TA,2362.852649,30
14/03/2025,JBNK.TA,1819.136449,1
15/03/2025,JBNK.TA,1831.793983,2
16/03/2025,JBNK.TA,1832.721038,3
17/03/2025,JBNK.TA,1825.02033,4
18/03/2025,JBNK.TA,1825.010528,5
19/03/2025,JBNK.TA,1780.451754,6
20/03/2025,JBNK.TA,1806.869839,7
21/03/2025,JBNK.TA,1840.292448,8
22/03/2025,JBNK.TA,1849.168538,9
23/03/2025,JBNK.TA,1875.372773,10
24/03/2025,JBNK.TA,1869.981144,11
25/03/2025,JBNK.TA,1868.526798,12
26/03/2025,JBNK.TA,1862.774319,13
27/03/2025,JBNK.TA,1861.104219,14
28/03/2025,JBNK.TA,1802.854553,15
29/03/2025,JBNK.TA,1746.428012,16
30/03/2025,JBNK.TA,1730.123574,17
31/03/2025,JBNK.TA,1752.702148,18
01/04/2025,JBNK.TA,1803.81318,19
02/04/2025,JBNK.TA,1883.942047,20
03/04/2025,JBNK.TA,1887.025462,21
04/04/2025,JBNK.TA,1873.655765,22
05/04/2025,JBNK.TA,1877.576951,23
06/04/2025,JBNK.TA,1867.429975,24
07/04/2025,JBNK.TA,1848.183566,25
08/04/2025,JBNK.TA,1837.71462,26
09/04/2025,JBNK.TA,1827.783072,27
10/04/2025,JBNK.TA,1783.156605,28
11/04/2025,JBNK.TA,1771.132883,29
12/04/2025,JBNK.TA,1779.645873,30
14/03/2025,JNGO.TA,423.435148,1
15/03/2025,JNGO.TA,423.8111143,2
16/03/2025,JNGO.TA,506.9412124,3
17/03/2025,JNGO.TA,521.4794269,4
18/03/2025,JNGO.TA,522.6807175,5
19/03/2025,JNGO.TA,591.7424466,6
20/03/2025,JNGO.TA,596.9042307,7
21/03/2025,JNGO.TA,579.633696,8
22/03/2025,JNGO.TA,656.2206141,9
23/03/2025,JNGO.TA,675.0399088,10
24/03/2025,JNGO.TA,666.5477895,11
25/03/2025,JNGO.TA,648.6620598,12
26/03/2025,JNGO.TA,599.5600466,13
27/03/2025,JNGO.TA,766.2467195,14
28/03/2025,JNGO.TA,693.1415109,15
29/03/2025,JNGO.TA,640.6725201,16
30/03/2025,JNGO.TA,625.1096635,17
31/03/2025,JNGO.TA,621.4104106,18
01/04/2025,JNGO.TA,617.823467,19
02/04/2025,JNGO.TA,677.1696946,20
03/04/2025,JNGO.TA,682.1065041,21
04/04/2025,JNGO.TA,699.0572862,22
05/04/2025,JNGO.TA,678.8311049,23
06/04/2025,JNGO.TA,670.4813912,24
07/04/2025,JNGO.TA,670.3492559,25
08/04/2025,JNGO.TA,650.9536988,26
09/04/2025,JNGO.TA,647.8983699,27
10/04/2025,JNGO.TA,634.3593074,28
11/04/2025,JNGO.TA,637.4519594,29
12/04/2025,JNGO.TA,655.1279957,30
14/03/2025,KDST.TA,2039.177643,1
15/03/2025,KDST.TA,2134.975245,2
16/03/2025,KDST.TA,2104.603893,3
17/03/2025,KDST.TA,2156.002133,4
18/03/2025,KDST.TA,2144.055843,5
19/03/2025,KDST.TA,2209.050327,6
20/03/2025,KDST.TA,2362.680645,7
21/03/2025,KDST.TA,2282.659773,8
22/03/2025,KDST.TA,2345.58307,9
23/03/2025,KDST.TA,2287.700354,10
24/03/2025,KDST.TA,2275.170863,11
25/03/2025,KDST.TA,2260.01873,12
26/03/2025,KDST.TA,2326.705989,13
27/03/2025,KDST.TA,2222.146622,14
28/03/2025,KDST.TA,2332.711674,15
29/03/2025,KDST.TA,2425.188209,16
30/03/2025,KDST.TA,2351.938962,17
31/03/2025,KDST.TA,2246.245656,18
01/04/2025,KDST.TA,2335.294388,19
02/04/2025,KDST.TA,2290.562449,20
03/04/2025,KDST.TA,2275.307811,21
04/04/2025,KDST.TA,2241.755295,22
05/04/2025,KDST.TA,2347.069701,23
06/04/2025,KDST.TA,2560.646607,24
07/04/2025,KDST.TA,2508.196784,25
08/04/2025,KDST.TA,2448.829624,26
09/04/2025,KDST.TA,2460.697132,27
10/04/2025,KDST.TA,2458.878171,28
11/04/2025,KDST.TA,2581.22203,29
12/04/2025,KDST.TA,2704.754156,30
14/03/2025,KAFR.TA,3373.854282,1
15/03/2025,KAFR.TA,3411.506792,2
16/03/2025,KAFR.TA,3444.316038,3
17/03/2025,KAFR.TA,3530.86691,4
18/03/2025,KAFR.TA,3542.883182,5
19/03/2025,KAFR.TA,3491.734925,6
20/03/2025,KAFR.TA,3352.744737,7
21/03/2025,KAFR.TA,3392.260041,8
22/03/2025,KAFR.TA,3608.400746,9
23/03/2025,KAFR.TA,3679.975865,10
24/03/2025,KAFR.TA,3557.796266,11
25/03/2025,KAFR.TA,3566.246382,12
26/03/2025,KAFR.TA,3589.212371,13
27/03/2025,KAFR.TA,3600.604582,14
28/03/2025,KAFR.TA,3640.60118,15
29/03/2025,KAFR.TA,3709.585834,16
30/03/2025,KAFR.TA,3718.396465,17
31/03/2025,KAFR.TA,3694.102309,18
01/04/2025,KAFR.TA,3695.491126,19
02/04/2025,KAFR.TA,3729.316531,20
03/04/2025,KAFR.TA,3655.673026,21
04/04/2025,KAFR.TA,3705.295393,22
05/04/2025,KAFR.TA,3746.454928,23
06/04/2025,KAFR.TA,3791.933628,24
07/04/2025,KAFR.TA,3836.625193,25
08/04/2025,KAFR.TA,3825.764927,26
09/04/2025,KAFR.TA,3940.328573,27
10/04/2025,KAFR.TA,3885.493026,28
11/04/2025,KAFR.TA,3949.588742,29
12/04/2025,KAFR.TA,4050.244711,30
14/03/2025,KMDA.TA,2548.374166,1
15/03/2025,KMDA.TA,2546.576053,2
16/03/2025,KMDA.TA,2512.610688,3
17/03/2025,KMDA.TA,2459.958648,4
18/03/2025,KMDA.TA,2496.77,5
19/03/2025,KMDA.TA,2491.214981,6
20/03/2025,KMDA.TA,2506.264034,7
21/03/2025,KMDA.TA,2584.610743,8
22/03/2025,KMDA.TA,2720.707271,9
23/03/2025,KMDA.TA,2550.705024,10
24/03/2025,KMDA.TA,2538.850359,11
25/03/2025,KMDA.TA,2489.266285,12
26/03/2025,KMDA.TA,2474.894964,13
27/03/2025,KMDA.TA,2403.308194,14
28/03/2025,KMDA.TA,2757.161557,15
29/03/2025,KMDA.TA,2595.655342,16
30/03/2025,KMDA.TA,2433.466912,17
31/03/2025,KMDA.TA,2514.450078,18
01/04/2025,KMDA.TA,2501.919012,19
02/04/2025,KMDA.TA,2510.038534,20
03/04/2025,KMDA.TA,2537.795072,21
04/04/2025,KMDA.TA,2505.997896,22
05/04/2025,KMDA.TA,2461.240034,23
06/04/2025,KMDA.TA,2509.518275,24
07/04/2025,KMDA.TA,2485.667979,25
08/04/2025,KMDA.TA,2480.472395,26
09/04/2025,KMDA.TA,2456.898149,27
10/04/2025,KMDA.TA,2474.21866,28
11/04/2025,KMDA.TA,2482.584079,29
12/04/2025,KMDA.TA,2473.738362,30
14/03/2025,KRDI.TA,326.0078338,1
15/03/2025,KRDI.TA,324.3574876,2
16/03/2025,KRDI.TA,325.0502747,3
17/03/2025,KRDI.TA,326.1599941,4
18/03/2025,KRDI.TA,325.6171036,5
19/03/2025,KRDI.TA,313.8493009,6
20/03/2025,KRDI.TA,316.5626071,7
21/03/2025,KRDI.TA,326.0304762,8
22/03/2025,KRDI.TA,327.6287805,9
23/03/2025,KRDI.TA,331.5281307,10
24/03/2025,KRDI.TA,332.1212092,11
25/03/2025,KRDI.TA,324.9598065,12
26/03/2025,KRDI.TA,321.8703852,13
27/03/2025,KRDI.TA,322.9692485,14
28/03/2025,KRDI.TA,331.6279478,15
29/03/2025,KRDI.TA,332.7313438,16
30/03/2025,KRDI.TA,332.8050237,17
31/03/2025,KRDI.TA,334.6801855,18
01/04/2025,KRDI.TA,336.6100472,19
02/04/2025,KRDI.TA,342.841496,20
03/04/2025,KRDI.TA,343.572538,21
04/04/2025,KRDI.TA,342.5725081,22
05/04/2025,KRDI.TA,345.5341336,23
06/04/2025,KRDI.TA,346.8899136,24
07/04/2025,KRDI.TA,350.3335412,25
08/04/2025,KRDI.TA,351.8727019,26
09/04/2025,KRDI.TA,349.7977488,27
10/04/2025,KRDI.TA,351.90804,28
11/04/2025,KRDI.TA,347.9398621,29
12/04/2025,KRDI.TA,349.5755665,30
14/03/2025,KARE.TA,573.8198919,1
15/03/2025,KARE.TA,590.7212436,2
16/03/2025,KARE.TA,601.1933759,3
17/03/2025,KARE.TA,593.9598817,4
18/03/2025,KARE.TA,619.3523703,5
19/03/2025,KARE.TA,611.6408519,6
20/03/2025,KARE.TA,617.7983659,7
21/03/2025,KARE.TA,629.2764761,8
22/03/2025,KARE.TA,620.1676795,9
23/03/2025,KARE.TA,622.7506972,10
24/03/2025,KARE.TA,624.3649532,11
25/03/2025,KARE.TA,609.597594,12
26/03/2025,KARE.TA,603.2535427,13
27/03/2025,KARE.TA,598.3739297,14
28/03/2025,KARE.TA,604.0502385,15
29/03/2025,KARE.TA,611.6506192,16
30/03/2025,KARE.TA,620.0921452,17
31/03/2025,KARE.TA,626.9759601,18
01/04/2025,KARE.TA,626.284875,19
02/04/2025,KARE.TA,618.7240647,20
03/04/2025,KARE.TA,621.3010698,21
04/04/2025,KARE.TA,614.1771467,22
05/04/2025,KARE.TA,616.6063688,23
06/04/2025,KARE.TA,651.5854496,24
07/04/2025,KARE.TA,634.6591046,25
08/04/2025,KARE.TA,632.0887697,26
09/04/2025,KARE.TA,640.6171047,27
10/04/2025,KARE.TA,644.7254345,28
11/04/2025,KARE.TA,646.1577261,29
12/04/2025,KARE.TA,652.1077381,30
14/03/2025,KEN.TA,11941.56229,1
15/03/2025,KEN.TA,11673.75255,2
16/03/2025,KEN.TA,11519.66981,3
17/03/2025,KEN.TA,11333.50147,4
18/03/2025,KEN.TA,11551.25002,5
19/03/2025,KEN.TA,11465.56389,6
20/03/2025,KEN.TA,11654.54226,7
21/03/2025,KEN.TA,11833.06114,8
22/03/2025,KEN.TA,11799.22964,9
23/03/2025,KEN.TA,11866.08691,10
24/03/2025,KEN.TA,11913.9484,11
25/03/2025,KEN.TA,11870.43097,12
26/03/2025,KEN.TA,11356.21281,13
27/03/2025,KEN.TA,10941.70979,14
28/03/2025,KEN.TA,11165.68868,15
29/03/2025,KEN.TA,11183.16115,16
30/03/2025,KEN.TA,11189.40998,17
31/03/2025,KEN.TA,10931.35278,18
01/04/2025,KEN.TA,11071.57839,19
02/04/2025,KEN.TA,11092.32127,20
03/04/2025,KEN.TA,11061.71182,21
04/04/2025,KEN.TA,11273.73976,22
05/04/2025,KEN.TA,11253.57638,23
06/04/2025,KEN.TA,11072.57413,24
07/04/2025,KEN.TA,10824.25292,25
08/04/2025,KEN.TA,10947.45343,26
09/04/2025,KEN.TA,11075.85057,27
10/04/2025,KEN.TA,11125.14202,28
11/04/2025,KEN.TA,10953.79822,29
12/04/2025,KEN.TA,11121.58343,30
14/03/2025,KRUR.TA,7509.129201,1
15/03/2025,KRUR.TA,7489.554967,2
16/03/2025,KRUR.TA,7483.452235,3
17/03/2025,KRUR.TA,7521.694181,4
18/03/2025,KRUR.TA,7499.027821,5
19/03/2025,KRUR.TA,7372.059299,6
20/03/2025,KRUR.TA,7352.84237,7
21/03/2025,KRUR.TA,7345.574737,8
22/03/2025,KRUR.TA,7272.131249,9
23/03/2025,KRUR.TA,7154.00832,10
24/03/2025,KRUR.TA,7185.466893,11
25/03/2025,KRUR.TA,7175.13518,12
26/03/2025,KRUR.TA,7165.422524,13
27/03/2025,KRUR.TA,7316.484584,14
28/03/2025,KRUR.TA,7346.006448,15
29/03/2025,KRUR.TA,7358.80427,16
30/03/2025,KRUR.TA,7348.223322,17
31/03/2025,KRUR.TA,7332.627719,18
01/04/2025,KRUR.TA,7264.686424,19
02/04/2025,KRUR.TA,7103.602284,20
03/04/2025,KRUR.TA,7217.243884,21
04/04/2025,KRUR.TA,7239.826779,22
05/04/2025,KRUR.TA,7262.480335,23
06/04/2025,KRUR.TA,7257.659544,24
07/04/2025,KRUR.TA,7279.051401,25
08/04/2025,KRUR.TA,7157.982116,26
09/04/2025,KRUR.TA,7168.261645,27
10/04/2025,KRUR.TA,6993.876573,28
11/04/2025,KRUR.TA,6948.129931,29
12/04/2025,KRUR.TA,6949.173767,30
14/03/2025,KSTN.TA,714.3325274,1
15/03/2025,KSTN.TA,703.7436611,2
16/03/2025,KSTN.TA,723.1876338,3
17/03/2025,KSTN.TA,712.7321763,4
18/03/2025,KSTN.TA,710.2647592,5
19/03/2025,KSTN.TA,742.5138954,6
20/03/2025,KSTN.TA,731.9509254,7
21/03/2025,KSTN.TA,749.1031843,8
22/03/2025,KSTN.TA,744.1306218,9
23/03/2025,KSTN.TA,762.8589617,10
24/03/2025,KSTN.TA,770.8528874,11
25/03/2025,KSTN.TA,777.6141201,12
26/03/2025,KSTN.TA,784.4346562,13
27/03/2025,KSTN.TA,783.3389802,14
28/03/2025,KSTN.TA,778.2582872,15
29/03/2025,KSTN.TA,785.3205561,16
30/03/2025,KSTN.TA,782.290576,17
31/03/2025,KSTN.TA,784.3739026,18
01/04/2025,KSTN.TA,779.5672055,19
02/04/2025,KSTN.TA,767.6962493,20
03/04/2025,KSTN.TA,767.5787644,21
04/04/2025,KSTN.TA,764.2306636,22
05/04/2025,KSTN.TA,757.4541993,23
06/04/2025,KSTN.TA,752.9374446,24
07/04/2025,KSTN.TA,751.2828443,25
08/04/2025,KSTN.TA,752.8613409,26
09/04/2025,KSTN.TA,754.8662942,27
10/04/2025,KSTN.TA,757.1936123,28
11/04/2025,KSTN.TA,761.9256635,29
12/04/2025,KSTN.TA,755.1696377,30
14/03/2025,KLIL.TA,20544.40424,1
15/03/2025,KLIL.TA,20671.05208,2
16/03/2025,KLIL.TA,20874.77337,3
17/03/2025,KLIL.TA,20044.08346,4
18/03/2025,KLIL.TA,20154.14635,5
19/03/2025,KLIL.TA,19454.41875,6
20/03/2025,KLIL.TA,19584.56771,7
21/03/2025,KLIL.TA,19324.10218,8
22/03/2025,KLIL.TA,18930.33959,9
23/03/2025,KLIL.TA,18829.42311,10
24/03/2025,KLIL.TA,19061.28727,11
25/03/2025,KLIL.TA,19345.19008,12
26/03/2025,KLIL.TA,19662.74613,13
27/03/2025,KLIL.TA,19692.7516,14
28/03/2025,KLIL.TA,19742.80008,15
29/03/2025,KLIL.TA,19564.05605,16
30/03/2025,KLIL.TA,19650.78548,17
31/03/2025,KLIL.TA,19808.38322,18
01/04/2025,KLIL.TA,19820.91526,19
02/04/2025,KLIL.TA,19848.47891,20
03/04/2025,KLIL.TA,20443.76791,21
04/04/2025,KLIL.TA,20693.60738,22
05/04/2025,KLIL.TA,20277.251,23
06/04/2025,KLIL.TA,20169.15422,24
07/04/2025,KLIL.TA,20050.12533,25
08/04/2025,KLIL.TA,19801.77668,26
09/04/2025,KLIL.TA,20043.77049,27
10/04/2025,KLIL.TA,19898.61532,28
11/04/2025,KLIL.TA,19694.20127,29
12/04/2025,KLIL.TA,19762.65164,30
14/03/2025,KNFM.TA,1665.802274,1
15/03/2025,KNFM.TA,1699.967175,2
16/03/2025,KNFM.TA,1626.301219,3
17/03/2025,KNFM.TA,1613.332637,4
18/03/2025,KNFM.TA,1622.801615,5
19/03/2025,KNFM.TA,1670.542472,6
20/03/2025,KNFM.TA,1683.478906,7
21/03/2025,KNFM.TA,1677.890476,8
22/03/2025,KNFM.TA,1688.158712,9
23/03/2025,KNFM.TA,1689.542074,10
24/03/2025,KNFM.TA,1757.693385,11
25/03/2025,KNFM.TA,1749.346551,12
26/03/2025,KNFM.TA,1800.810206,13
27/03/2025,KNFM.TA,1792.25862,14
28/03/2025,KNFM.TA,1785.460979,15
29/03/2025,KNFM.TA,1791.205809,16
30/03/2025,KNFM.TA,1852.711098,17
31/03/2025,KNFM.TA,1724.868937,18
01/04/2025,KNFM.TA,1701.81918,19
02/04/2025,KNFM.TA,1707.294887,20
03/04/2025,KNFM.TA,1714.05301,21
04/04/2025,KNFM.TA,1706.796924,22
05/04/2025,KNFM.TA,1700.390681,23
06/04/2025,KNFM.TA,1687.354718,24
07/04/2025,KNFM.TA,1696.695373,25
08/04/2025,KNFM.TA,1670.253322,26
09/04/2025,KNFM.TA,1728.46035,27
10/04/2025,KNFM.TA,1717.041467,28
11/04/2025,KNFM.TA,1756.384499,29
12/04/2025,KNFM.TA,1739.619195,30
14/03/2025,LHIS.TA,1748.173993,1
15/03/2025,LHIS.TA,1699.762928,2
16/03/2025,LHIS.TA,1654.597572,3
17/03/2025,LHIS.TA,1691.969301,4
18/03/2025,LHIS.TA,1740.728984,5
19/03/2025,LHIS.TA,1725.562435,6
20/03/2025,LHIS.TA,1727.726089,7
21/03/2025,LHIS.TA,1677.808083,8
22/03/2025,LHIS.TA,1728.584403,9
23/03/2025,LHIS.TA,1754.653206,10
24/03/2025,LHIS.TA,1688.217207,11
25/03/2025,LHIS.TA,1689.350181,12
26/03/2025,LHIS.TA,1548.221857,13
27/03/2025,LHIS.TA,1575.829308,14
28/03/2025,LHIS.TA,1577.128778,15
29/03/2025,LHIS.TA,1578.187199,16
30/03/2025,LHIS.TA,1564.600907,17
31/03/2025,LHIS.TA,1564.28662,18
01/04/2025,LHIS.TA,1430.491952,19
02/04/2025,LHIS.TA,1392.481547,20
03/04/2025,LHIS.TA,1365.257808,21
04/04/2025,LHIS.TA,1341.462391,22
05/04/2025,LHIS.TA,1338.768396,23
06/04/2025,LHIS.TA,1369.006619,24
07/04/2025,LHIS.TA,1377.199299,25
08/04/2025,LHIS.TA,1376.897203,26
09/04/2025,LHIS.TA,1435.361753,27
10/04/2025,LHIS.TA,1373.574892,28
11/04/2025,LHIS.TA,1224.839279,29
12/04/2025,LHIS.TA,1117.817082,30
14/03/2025,LAHAV.TA,465.4966174,1
15/03/2025,LAHAV.TA,457.5977447,2
16/03/2025,LAHAV.TA,465.000337,3
17/03/2025,LAHAV.TA,466.4112651,4
18/03/2025,LAHAV.TA,477.6921966,5
19/03/2025,LAHAV.TA,470.4136214,6
20/03/2025,LAHAV.TA,465.2580743,7
21/03/2025,LAHAV.TA,453.089748,8
22/03/2025,LAHAV.TA,457.2145107,9
23/03/2025,LAHAV.TA,460.7594603,10
24/03/2025,LAHAV.TA,463.8591324,11
25/03/2025,LAHAV.TA,460.3579404,12
26/03/2025,LAHAV.TA,448.3177718,13
27/03/2025,LAHAV.TA,444.5651735,14
28/03/2025,LAHAV.TA,439.5531746,15
29/03/2025,LAHAV.TA,442.8030302,16
30/03/2025,LAHAV.TA,460.6673107,17
31/03/2025,LAHAV.TA,469.4981111,18
01/04/2025,LAHAV.TA,476.3465579,19
02/04/2025,LAHAV.TA,464.2443361,20
03/04/2025,LAHAV.TA,465.6323724,21
04/04/2025,LAHAV.TA,469.0750456,22
05/04/2025,LAHAV.TA,479.0977722,23
06/04/2025,LAHAV.TA,478.9954493,24
07/04/2025,LAHAV.TA,482.8593668,25
08/04/2025,LAHAV.TA,474.7724687,26
09/04/2025,LAHAV.TA,469.5691504,27
10/04/2025,LAHAV.TA,453.6171113,28
11/04/2025,LAHAV.TA,456.1069056,29
12/04/2025,LAHAV.TA,452.0811802,30
13/03/2025,LPHL.TA,115.1365394,1
14/03/2025,LPHL.TA,120.1194656,2
15/03/2025,LPHL.TA,120.2016522,3
16/03/2025,LPHL.TA,120.5571991,4
17/03/2025,LPHL.TA,120.5407278,5
18/03/2025,LPHL.TA,123.1550506,6
19/03/2025,LPHL.TA,123.9759161,7
20/03/2025,LPHL.TA,125.5851538,8
21/03/2025,LPHL.TA,126.6885798,9
22/03/2025,LPHL.TA,128.0710324,10
23/03/2025,LPHL.TA,127.6349785,11
24/03/2025,LPHL.TA,129.4899606,12
25/03/2025,LPHL.TA,129.6336044,13
26/03/2025,LPHL.TA,128.2307565,14
27/03/2025,LPHL.TA,127.9805371,15
28/03/2025,LPHL.TA,126.2489232,16
29/03/2025,LPHL.TA,122.2598502,17
30/03/2025,LPHL.TA,122.2431462,18
31/03/2025,LPHL.TA,122.0046105,19
01/04/2025,LPHL.TA,121.7817601,20
02/04/2025,LPHL.TA,121.0544279,21
03/04/2025,LPHL.TA,122.6293216,22
04/04/2025,LPHL.TA,122.0765017,23
05/04/2025,LPHL.TA,116.7083147,24
06/04/2025,LPHL.TA,116.484753,25
07/04/2025,LPHL.TA,111.9026889,26
08/04/2025,LPHL.TA,108.3669122,27
09/04/2025,LPHL.TA,110.7068828,28
10/04/2025,LPHL.TA,112.0112955,29
11/04/2025,LPHL.TA,113.6024318,30
14/03/2025,LSCO.TA,381.9668425,1
15/03/2025,LSCO.TA,401.012088,2
16/03/2025,LSCO.TA,402.8624545,3
17/03/2025,LSCO.TA,403.0806653,4
18/03/2025,LSCO.TA,406.7531654,5
19/03/2025,LSCO.TA,406.1094091,6
20/03/2025,LSCO.TA,422.0128827,7
21/03/2025,LSCO.TA,410.6991032,8
22/03/2025,LSCO.TA,405.237714,9
23/03/2025,LSCO.TA,398.1910225,10
24/03/2025,LSCO.TA,399.5633141,11
25/03/2025,LSCO.TA,400.9221415,12
26/03/2025,LSCO.TA,402.7720931,13
27/03/2025,LSCO.TA,402.8039978,14
28/03/2025,LSCO.TA,398.7750041,15
29/03/2025,LSCO.TA,385.7726613,16
30/03/2025,LSCO.TA,394.3632494,17
31/03/2025,LSCO.TA,385.9321526,18
01/04/2025,LSCO.TA,393.2804846,19
02/04/2025,LSCO.TA,383.4733985,20
03/04/2025,LSCO.TA,389.7635729,21
04/04/2025,LSCO.TA,394.3995137,22
05/04/2025,LSCO.TA,393.1464181,23
06/04/2025,LSCO.TA,396.7284065,24
07/04/2025,LSCO.TA,397.0210657,25
08/04/2025,LSCO.TA,399.3673995,26
09/04/2025,LSCO.TA,406.1846251,27
10/04/2025,LSCO.TA,413.4703457,28
11/04/2025,LSCO.TA,418.9351823,29
12/04/2025,LSCO.TA,423.25065,30
14/03/2025,LUMI.TA,4927.336175,1
15/03/2025,LUMI.TA,4964.882044,2
16/03/2025,LUMI.TA,4994.82328,3
17/03/2025,LUMI.TA,4921.680178,4
18/03/2025,LUMI.TA,4973.09746,5
19/03/2025,LUMI.TA,4889.005233,6
20/03/2025,LUMI.TA,4877.508151,7
21/03/2025,LUMI.TA,5002.679634,8
22/03/2025,LUMI.TA,4964.578725,9
23/03/2025,LUMI.TA,4987.403798,10
24/03/2025,LUMI.TA,4927.961327,11
25/03/2025,LUMI.TA,5021.748099,12
26/03/2025,LUMI.TA,5080.924137,13
27/03/2025,LUMI.TA,5171.483565,14
28/03/2025,LUMI.TA,5118.208313,15
29/03/2025,LUMI.TA,5115.762328,16
30/03/2025,LUMI.TA,5008.415426,17
31/03/2025,LUMI.TA,4989.22938,18
01/04/2025,LUMI.TA,4982.065277,19
02/04/2025,LUMI.TA,4979.684354,20
03/04/2025,LUMI.TA,4892.608085,21
04/04/2025,LUMI.TA,4806.057916,22
05/04/2025,LUMI.TA,4891.718289,23
06/04/2025,LUMI.TA,4873.940891,24
07/04/2025,LUMI.TA,4802.567964,25
08/04/2025,LUMI.TA,4843.167057,26
09/04/2025,LUMI.TA,4930.057269,27
10/04/2025,LUMI.TA,4883.075998,28
11/04/2025,LUMI.TA,4874.99504,29
12/04/2025,LUMI.TA,4813.465379,30
14/03/2025,LEOF.TA,516.6791279,1
15/03/2025,LEOF.TA,517.4661321,2
16/03/2025,LEOF.TA,537.0722327,3
17/03/2025,LEOF.TA,536.9036311,4
18/03/2025,LEOF.TA,521.7259362,5
19/03/2025,LEOF.TA,529.0145837,6
20/03/2025,LEOF.TA,525.1999036,7
21/03/2025,LEOF.TA,559.6978556,8
22/03/2025,LEOF.TA,561.2062289,9
23/03/2025,LEOF.TA,563.3529004,10
24/03/2025,LEOF.TA,571.7620599,11
25/03/2025,LEOF.TA,567.6391313,12
26/03/2025,LEOF.TA,569.6534223,13
27/03/2025,LEOF.TA,576.984827,14
28/03/2025,LEOF.TA,581.2014377,15
29/03/2025,LEOF.TA,569.5660129,16
30/03/2025,LEOF.TA,573.7868795,17
31/03/2025,LEOF.TA,574.8746554,18
01/04/2025,LEOF.TA,577.7516407,19
02/04/2025,LEOF.TA,577.6084286,20
03/04/2025,LEOF.TA,592.6250469,21
04/04/2025,LEOF.TA,923.4233589,22
05/04/2025,LEOF.TA,912.1615775,23
06/04/2025,LEOF.TA,931.0239733,24
07/04/2025,LEOF.TA,929.3798151,25
08/04/2025,LEOF.TA,934.7841956,26
09/04/2025,LEOF.TA,939.4623639,27
10/04/2025,LEOF.TA,948.473295,28
11/04/2025,LEOF.TA,958.3321069,29
12/04/2025,LEOF.TA,965.4339914,30
14/03/2025,LEVI.TA,41660.94096,1
15/03/2025,LEVI.TA,40340.28112,2
16/03/2025,LEVI.TA,40931.162,3
17/03/2025,LEVI.TA,40970.11223,4
18/03/2025,LEVI.TA,40084.48775,5
19/03/2025,LEVI.TA,40671.62191,6
20/03/2025,LEVI.TA,41444.53669,7
21/03/2025,LEVI.TA,40886.99994,8
22/03/2025,LEVI.TA,41889.12039,9
23/03/2025,LEVI.TA,42532.94824,10
24/03/2025,LEVI.TA,42481.69279,11
25/03/2025,LEVI.TA,42609.68756,12
26/03/2025,LEVI.TA,42390.7903,13
27/03/2025,LEVI.TA,43429.76791,14
28/03/2025,LEVI.TA,43348.96756,15
29/03/2025,LEVI.TA,43617.99941,16
30/03/2025,LEVI.TA,43646.64356,17
31/03/2025,LEVI.TA,44243.29045,18
01/04/2025,LEVI.TA,43782.41205,19
02/04/2025,LEVI.TA,43654.5072,20
03/04/2025,LEVI.TA,43641.8869,21
04/04/2025,LEVI.TA,42761.1917,22
05/04/2025,LEVI.TA,43196.78506,23
06/04/2025,LEVI.TA,42384.44304,24
07/04/2025,LEVI.TA,41040.84805,25
08/04/2025,LEVI.TA,41453.16103,26
09/04/2025,LEVI.TA,41368.02468,27
10/04/2025,LEVI.TA,41155.50617,28
11/04/2025,LEVI.TA,41194.66989,29
12/04/2025,LEVI.TA,40232.09643,30
20/01/2025,LVPR.TA,3793.676061,1
21/01/2025,LVPR.TA,3753.612506,2
22/01/2025,LVPR.TA,3767.955554,3
23/01/2025,LVPR.TA,3819.165256,4
24/01/2025,LVPR.TA,3824.823666,5
25/01/2025,LVPR.TA,3791.662295,6
26/01/2025,LVPR.TA,3695.94559,7
27/01/2025,LVPR.TA,3651.111103,8
28/01/2025,LVPR.TA,3692.601102,9
29/01/2025,LVPR.TA,3685.803912,10
30/01/2025,LVPR.TA,3683.845835,11
31/01/2025,LVPR.TA,3830.507914,12
01/02/2025,LVPR.TA,3832.848412,13
02/02/2025,LVPR.TA,3837.118116,14
03/02/2025,LVPR.TA,3786.50259,15
04/02/2025,LVPR.TA,3736.554734,16
05/02/2025,LVPR.TA,3678.261647,17
06/02/2025,LVPR.TA,3661.188305,18
07/02/2025,LVPR.TA,3564.733291,19
08/02/2025,LVPR.TA,3525.798117,20
09/02/2025,LVPR.TA,1911.510132,21
10/02/2025,LVPR.TA,1884.408606,22
11/02/2025,LVPR.TA,1882.149432,23
12/02/2025,LVPR.TA,1868.111442,24
13/02/2025,LVPR.TA,2123.546113,25
14/02/2025,LVPR.TA,2106.40555,26
15/02/2025,LVPR.TA,2101.130524,27
16/02/2025,LVPR.TA,2105.067795,28
17/02/2025,LVPR.TA,2061.85163,29
18/02/2025,LVPR.TA,2060.673178,30
14/03/2025,LBRA.TA,1010.368956,1
15/03/2025,LBRA.TA,1023.001588,2
16/03/2025,LBRA.TA,1014.329532,3
17/03/2025,LBRA.TA,1027.011683,4
18/03/2025,LBRA.TA,1017.112117,5
19/03/2025,LBRA.TA,1025.482564,6
20/03/2025,LBRA.TA,1026.731768,7
21/03/2025,LBRA.TA,1009.376959,8
22/03/2025,LBRA.TA,1021.666549,9
23/03/2025,LBRA.TA,1011.350854,10
24/03/2025,LBRA.TA,1008.171666,11
25/03/2025,LBRA.TA,1006.62281,12
26/03/2025,LBRA.TA,1013.187913,13
27/03/2025,LBRA.TA,1009.594196,14
28/03/2025,LBRA.TA,1005.639983,15
29/03/2025,LBRA.TA,986.7789664,16
30/03/2025,LBRA.TA,984.8169132,17
31/03/2025,LBRA.TA,978.8733665,18
01/04/2025,LBRA.TA,988.3313807,19
02/04/2025,LBRA.TA,990.0274982,20
03/04/2025,LBRA.TA,984.5357628,21
04/04/2025,LBRA.TA,987.4334103,22
05/04/2025,LBRA.TA,1040.655502,23
06/04/2025,LBRA.TA,1022.256464,24
07/04/2025,LBRA.TA,1010.377405,25
08/04/2025,LBRA.TA,998.6782196,26
09/04/2025,LBRA.TA,1011.164682,27
10/04/2025,LBRA.TA,1018.349731,28
11/04/2025,LBRA.TA,1016.785239,29
12/04/2025,LBRA.TA,1007.514613,30
14/03/2025,LCTX.TA,199.5340488,1
15/03/2025,LCTX.TA,193.8918641,2
16/03/2025,LCTX.TA,189.0421605,3
17/03/2025,LCTX.TA,185.2024344,4
18/03/2025,LCTX.TA,194.2707315,5
19/03/2025,LCTX.TA,189.8129926,6
20/03/2025,LCTX.TA,186.3492731,7
21/03/2025,LCTX.TA,181.1884114,8
22/03/2025,LCTX.TA,183.7157958,9
23/03/2025,LCTX.TA,190.9780299,10
24/03/2025,LCTX.TA,187.1044347,11
25/03/2025,LCTX.TA,183.3040666,12
26/03/2025,LCTX.TA,193.8275174,13
27/03/2025,LCTX.TA,186.2637323,14
28/03/2025,LCTX.TA,173.2764001,15
29/03/2025,LCTX.TA,163.0333741,16
30/03/2025,LCTX.TA,161.6708946,17
31/03/2025,LCTX.TA,158.3871194,18
01/04/2025,LCTX.TA,162.0581542,19
02/04/2025,LCTX.TA,150.758568,20
03/04/2025,LCTX.TA,147.2992598,21
04/04/2025,LCTX.TA,155.7556817,22
05/04/2025,LCTX.TA,159.7385963,23
06/04/2025,LCTX.TA,164.2520434,24
07/04/2025,LCTX.TA,160.5442243,25
08/04/2025,LCTX.TA,163.0330908,26
09/04/2025,LCTX.TA,168.1502648,27
10/04/2025,LCTX.TA,165.8942629,28
11/04/2025,LCTX.TA,168.1178982,29
12/04/2025,LCTX.TA,163.3946365,30
14/03/2025,LPSN.TA,280.8676097,1
15/03/2025,LPSN.TA,617.1724072,2
16/03/2025,LPSN.TA,584.1034557,3
17/03/2025,LPSN.TA,614.0366973,4
18/03/2025,LPSN.TA,625.0770188,5
19/03/2025,LPSN.TA,667.09659,6
20/03/2025,LPSN.TA,640.6733408,7
21/03/2025,LPSN.TA,572.0419267,8
22/03/2025,LPSN.TA,472.9550128,9
23/03/2025,LPSN.TA,324.3051217,10
24/03/2025,LPSN.TA,357.9147443,11
25/03/2025,LPSN.TA,352.9553357,12
26/03/2025,LPSN.TA,366.0259872,13
27/03/2025,LPSN.TA,401.8794353,14
28/03/2025,LPSN.TA,445.1417055,15
29/03/2025,LPSN.TA,402.6979853,16
30/03/2025,LPSN.TA,429.5481294,17
31/03/2025,LPSN.TA,392.0419652,18
01/04/2025,LPSN.TA,406.4915883,19
02/04/2025,LPSN.TA,356.634472,20
03/04/2025,LPSN.TA,351.6928034,21
04/04/2025,LPSN.TA,314.0181057,22
05/04/2025,LPSN.TA,334.9554625,23
06/04/2025,LPSN.TA,357.4721836,24
07/04/2025,LPSN.TA,436.2693677,25
08/04/2025,LPSN.TA,403.6455398,26
09/04/2025,LPSN.TA,411.8062181,27
10/04/2025,LPSN.TA,363.7386094,28
11/04/2025,LPSN.TA,260.9185331,29
12/04/2025,LPSN.TA,235.917366,30
14/03/2025,LODZ.TA,2357.475637,1
15/03/2025,LODZ.TA,2442.83431,2
16/03/2025,LODZ.TA,2443.068911,3
17/03/2025,LODZ.TA,13.01990516,4
18/03/2025,LODZ.TA,13.03964782,5
19/03/2025,LODZ.TA,13.03439721,6
20/03/2025,LODZ.TA,13.03010948,7
21/03/2025,LODZ.TA,0.06944167,8
22/03/2025,LODZ.TA,0.06892056,9
23/03/2025,LODZ.TA,0.06889789,10
24/03/2025,LODZ.TA,0.06708951,11
25/03/2025,LODZ.TA,0.06769605,12
26/03/2025,LODZ.TA,0.06770239,13
27/03/2025,LODZ.TA,0.06717253,14
28/03/2025,LODZ.TA,0.06898968,15
29/03/2025,LODZ.TA,0.06900222,16
30/03/2025,LODZ.TA,0.06893995,17
31/03/2025,LODZ.TA,0.06956323,18
01/04/2025,LODZ.TA,0.07144505,19
02/04/2025,LODZ.TA,0.07144048,20
03/04/2025,LODZ.TA,0.07109197,21
04/04/2025,LODZ.TA,0.07108472,22
05/04/2025,LODZ.TA,0.06997781,23
06/04/2025,LODZ.TA,0.0695256,24
07/04/2025,LODZ.TA,0.06953471,25
08/04/2025,LODZ.TA,0.07116081,26
09/04/2025,LODZ.TA,0.07159928,27
10/04/2025,LODZ.TA,0.07159444,28
11/04/2025,LODZ.TA,0.07160132,29
12/04/2025,LODZ.TA,0.0713441,30
14/03/2025,LUDN.TA,2391.381541,1
15/03/2025,LUDN.TA,2370.832152,2
16/03/2025,LUDN.TA,2308.284765,3
17/03/2025,LUDN.TA,2330.467196,4
18/03/2025,LUDN.TA,2342.281283,5
19/03/2025,LUDN.TA,2471.774841,6
20/03/2025,LUDN.TA,2474.463829,7
21/03/2025,LUDN.TA,2391.216767,8
22/03/2025,LUDN.TA,2425.769589,9
23/03/2025,LUDN.TA,2442.892985,10
24/03/2025,LUDN.TA,2565.743728,11
25/03/2025,LUDN.TA,2634.084965,12
26/03/2025,LUDN.TA,2588.279506,13
27/03/2025,LUDN.TA,2601.400548,14
28/03/2025,LUDN.TA,2601.436123,15
29/03/2025,LUDN.TA,2622.740759,16
30/03/2025,LUDN.TA,2773.65045,17
31/03/2025,LUDN.TA,2728.863381,18
01/04/2025,LUDN.TA,2746.443564,19
02/04/2025,LUDN.TA,2786.129374,20
03/04/2025,LUDN.TA,2758.763993,21
04/04/2025,LUDN.TA,2766.391684,22
05/04/2025,LUDN.TA,2739.220166,23
06/04/2025,LUDN.TA,2859.990359,24
07/04/2025,LUDN.TA,2818.122624,25
08/04/2025,LUDN.TA,2849.132484,26
09/04/2025,LUDN.TA,2830.476772,27
10/04/2025,LUDN.TA,2972.818731,28
11/04/2025,LUDN.TA,3033.574108,29
12/04/2025,LUDN.TA,2995.650471,30
14/03/2025,LUZN.TA,269.3954672,1
15/03/2025,LUZN.TA,273.2964634,2
16/03/2025,LUZN.TA,276.3853509,3
17/03/2025,LUZN.TA,279.0815429,4
18/03/2025,LUZN.TA,284.3094584,5
19/03/2025,LUZN.TA,293.2768924,6
20/03/2025,LUZN.TA,295.2392899,7
21/03/2025,LUZN.TA,295.4591054,8
22/03/2025,LUZN.TA,296.5974626,9
23/03/2025,LUZN.TA,295.5129603,10
24/03/2025,LUZN.TA,288.1507887,11
25/03/2025,LUZN.TA,288.283127,12
26/03/2025,LUZN.TA,289.2260855,13
27/03/2025,LUZN.TA,290.2443501,14
28/03/2025,LUZN.TA,296.0120179,15
29/03/2025,LUZN.TA,296.9802573,16
30/03/2025,LUZN.TA,295.2697416,17
31/03/2025,LUZN.TA,288.520865,18
01/04/2025,LUZN.TA,289.413471,19
02/04/2025,LUZN.TA,285.361166,20
03/04/2025,LUZN.TA,278.930579,21
04/04/2025,LUZN.TA,280.1204737,22
05/04/2025,LUZN.TA,284.1352283,23
06/04/2025,LUZN.TA,273.5594562,24
07/04/2025,LUZN.TA,269.7118656,25
08/04/2025,LUZN.TA,269.6450744,26
09/04/2025,LUZN.TA,268.6591229,27
10/04/2025,LUZN.TA,271.4749493,28
11/04/2025,LUZN.TA,263.403206,29
12/04/2025,LUZN.TA,265.9727547,30
14/03/2025,LURO.TA,2310.680379,1
15/03/2025,LURO.TA,2307.774654,2
16/03/2025,LURO.TA,2307.312647,3
17/03/2025,LURO.TA,2306.850732,4
18/03/2025,LURO.TA,2305.578492,5
19/03/2025,LURO.TA,2302.679183,6
20/03/2025,LURO.TA,2301.773483,7
21/03/2025,LURO.TA,2301.312677,8
22/03/2025,LURO.TA,2298.418732,9
23/03/2025,LURO.TA,2295.528427,10
24/03/2025,LURO.TA,2295.068871,11
25/03/2025,LURO.TA,2293.803129,12
26/03/2025,LURO.TA,2292.538084,13
27/03/2025,LURO.TA,2288.466381,14
28/03/2025,LURO.TA,2289.208014,15
29/03/2025,LURO.TA,2285.142225,16
30/03/2025,LURO.TA,2285.882781,17
31/03/2025,LURO.TA,2284.983687,18
01/04/2025,LURO.TA,2282.110276,19
02/04/2025,LURO.TA,2282.849849,20
03/04/2025,LURO.TA,2278.795353,21
04/04/2025,LURO.TA,2279.533852,22
05/04/2025,LURO.TA,2276.667294,23
06/04/2025,LURO.TA,2277.405103,24
07/04/2025,LURO.TA,2280.040277,25
08/04/2025,LURO.TA,2278.782823,26
09/04/2025,LURO.TA,2277.526062,27
10/04/2025,LURO.TA,2277.070111,28
11/04/2025,LURO.TA,2279.704897,29
12/04/2025,LURO.TA,2278.808233,30
14/03/2025,MGIC.TA,5071.942203,1
15/03/2025,MGIC.TA,4967.414841,2
16/03/2025,MGIC.TA,4965.351325,3
17/03/2025,MGIC.TA,5005.17096,4
18/03/2025,MGIC.TA,4999.655176,5
19/03/2025,MGIC.TA,4972.049946,6
20/03/2025,MGIC.TA,4926.5628,7
21/03/2025,MGIC.TA,4952.888946,8
22/03/2025,MGIC.TA,4959.309325,9
23/03/2025,MGIC.TA,5240.090415,10
24/03/2025,MGIC.TA,5159.534254,11
25/03/2025,MGIC.TA,5234.634875,12
26/03/2025,MGIC.TA,5183.353146,13
27/03/2025,MGIC.TA,5064.273012,14
28/03/2025,MGIC.TA,5046.907605,15
29/03/2025,MGIC.TA,5223.39744,16
30/03/2025,MGIC.TA,5217.641167,17
31/03/2025,MGIC.TA,5258.931028,18
01/04/2025,MGIC.TA,5374.817489,19
02/04/2025,MGIC.TA,5339.885671,20
03/04/2025,MGIC.TA,5335.201693,21
04/04/2025,MGIC.TA,5343.813194,22
05/04/2025,MGIC.TA,6301.006906,23
06/04/2025,MGIC.TA,6366.55781,24
07/04/2025,MGIC.TA,6330.203029,25
08/04/2025,MGIC.TA,6478.711883,26
09/04/2025,MGIC.TA,6356.929293,27
10/04/2025,MGIC.TA,6407.234923,28
11/04/2025,MGIC.TA,6769.99318,29
12/04/2025,MGIC.TA,6712.834881,30
14/03/2025,MLTM.TA,8730.893017,1
15/03/2025,MLTM.TA,8795.665478,2
16/03/2025,MLTM.TA,9075.289795,3
17/03/2025,MLTM.TA,9303.685628,4
18/03/2025,MLTM.TA,9262.607965,5
19/03/2025,MLTM.TA,9203.899367,6
20/03/2025,MLTM.TA,9162.101525,7
21/03/2025,MLTM.TA,9173.809746,8
22/03/2025,MLTM.TA,9588.025441,9
23/03/2025,MLTM.TA,9513.532614,10
24/03/2025,MLTM.TA,9392.097754,11
25/03/2025,MLTM.TA,9353.689952,12
26/03/2025,MLTM.TA,9350.498147,13
27/03/2025,MLTM.TA,10019.19431,14
28/03/2025,MLTM.TA,10106.60558,15
29/03/2025,MLTM.TA,10348.78431,16
30/03/2025,MLTM.TA,10285.51571,17
31/03/2025,MLTM.TA,9937.614387,18
01/04/2025,MLTM.TA,9963.585696,19
02/04/2025,MLTM.TA,10144.95752,20
03/04/2025,MLTM.TA,9991.368045,21
04/04/2025,MLTM.TA,10705.89569,22
05/04/2025,MLTM.TA,10850.09013,23
06/04/2025,MLTM.TA,11066.99544,24
07/04/2025,MLTM.TA,11136.70322,25
08/04/2025,MLTM.TA,11090.29834,26
09/04/2025,MLTM.TA,10922.06477,27
10/04/2025,MLTM.TA,10738.63095,28
11/04/2025,MLTM.TA,10382.42249,29
12/04/2025,MLTM.TA,10316.61624,30
14/03/2025,MSLA.TA,1249.081916,1
15/03/2025,MSLA.TA,1267.039974,2
16/03/2025,MSLA.TA,1267.543128,3
17/03/2025,MSLA.TA,1271.282592,4
18/03/2025,MSLA.TA,1266.246663,5
19/03/2025,MSLA.TA,1271.575534,6
20/03/2025,MSLA.TA,1263.515394,7
21/03/2025,MSLA.TA,1280.485151,8
22/03/2025,MSLA.TA,1290.221384,9
23/03/2025,MSLA.TA,1303.894383,10
24/03/2025,MSLA.TA,1318.697145,11
25/03/2025,MSLA.TA,1319.926036,12
26/03/2025,MSLA.TA,1319.470167,13
27/03/2025,MSLA.TA,1320.113019,14
28/03/2025,MSLA.TA,1327.594419,15
29/03/2025,MSLA.TA,1297.402881,16
30/03/2025,MSLA.TA,1367.465647,17
31/03/2025,MSLA.TA,1368.131882,18
01/04/2025,MSLA.TA,1375.485524,19
02/04/2025,MSLA.TA,1386.218034,20
03/04/2025,MSLA.TA,1423.731376,21
04/04/2025,MSLA.TA,1413.91174,22
05/04/2025,MSLA.TA,1365.745779,23
06/04/2025,MSLA.TA,1409.658175,24
07/04/2025,MSLA.TA,1368.116604,25
08/04/2025,MSLA.TA,1364.36026,26
09/04/2025,MSLA.TA,1344.496641,27
10/04/2025,MSLA.TA,1350.154818,28
11/04/2025,MSLA.TA,1321.963662,29
12/04/2025,MSLA.TA,1307.240724,30
14/03/2025,MSVT.TA,127.3450892,1
15/03/2025,MSVT.TA,131.7921394,2
16/03/2025,MSVT.TA,123.5854474,3
17/03/2025,MSVT.TA,127.9012061,4
18/03/2025,MSVT.TA,127.9531935,5
19/03/2025,MSVT.TA,128.0052019,6
20/03/2025,MSVT.TA,119.6863934,7
21/03/2025,MSVT.TA,120.1760085,8
22/03/2025,MSVT.TA,107.7145466,9
23/03/2025,MSVT.TA,114.2735686,10
24/03/2025,MSVT.TA,97.86188092,11
25/03/2025,MSVT.TA,93.70267126,12
26/03/2025,MSVT.TA,98.07621971,13
27/03/2025,MSVT.TA,91.96901686,14
28/03/2025,MSVT.TA,93.38138743,15
29/03/2025,MSVT.TA,106.5378405,16
30/03/2025,MSVT.TA,113.6762575,17
31/03/2025,MSVT.TA,193.6486836,18
01/04/2025,MSVT.TA,201.0170248,19
02/04/2025,MSVT.TA,214.4858858,20
03/04/2025,MSVT.TA,213.0726569,21
04/04/2025,MSVT.TA,211.6687396,22
05/04/2025,MSVT.TA,211.0330936,23
06/04/2025,MSVT.TA,209.3011766,24
07/04/2025,MSVT.TA,224.504167,25
08/04/2025,MSVT.TA,221.5925709,26
09/04/2025,MSVT.TA,178.0413849,27
10/04/2025,MSVT.TA,184.329224,28
11/04/2025,MSVT.TA,168.0851217,29
12/04/2025,MSVT.TA,170.4113391,30
14/03/2025,MTLF.TA,343.9353922,1
15/03/2025,MTLF.TA,349.5612908,2
16/03/2025,MTLF.TA,350.4596377,3
17/03/2025,MTLF.TA,327.3675499,4
18/03/2025,MTLF.TA,343.566573,5
19/03/2025,MTLF.TA,328.0284094,6
20/03/2025,MTLF.TA,320.512648,7
21/03/2025,MTLF.TA,312.9580935,8
22/03/2025,MTLF.TA,317.8373884,9
23/03/2025,MTLF.TA,322.2754307,10
24/03/2025,MTLF.TA,309.9802467,11
25/03/2025,MTLF.TA,311.3608058,12
26/03/2025,MTLF.TA,305.4684567,13
27/03/2025,MTLF.TA,295.7182488,14
28/03/2025,MTLF.TA,294.2598142,15
29/03/2025,MTLF.TA,295.6697323,16
30/03/2025,MTLF.TA,288.4240873,17
31/03/2025,MTLF.TA,273.315526,18
01/04/2025,MTLF.TA,280.1928634,19
02/04/2025,MTLF.TA,278.8109976,20
03/04/2025,MTLF.TA,266.2014737,21
04/04/2025,MTLF.TA,270.5816575,22
05/04/2025,MTLF.TA,264.3821117,23
06/04/2025,MTLF.TA,259.6867421,24
07/04/2025,MTLF.TA,258.9690214,25
08/04/2025,MTLF.TA,266.2074278,26
09/04/2025,MTLF.TA,258.6718025,27
10/04/2025,MTLF.TA,263.9979255,28
11/04/2025,MTLF.TA,262.6959305,29
12/04/2025,MTLF.TA,267.1950741,30
14/03/2025,MTRX.TA,9509.604907,1
15/03/2025,MTRX.TA,9665.48622,2
16/03/2025,MTRX.TA,9671.750504,3
17/03/2025,MTRX.TA,9675.278484,4
18/03/2025,MTRX.TA,9642.536407,5
19/03/2025,MTRX.TA,9662.420996,6
20/03/2025,MTRX.TA,9737.074199,7
21/03/2025,MTRX.TA,9595.980714,8
22/03/2025,MTRX.TA,9734.688237,9
23/03/2025,MTRX.TA,9935.515036,10
24/03/2025,MTRX.TA,9916.876125,11
25/03/2025,MTRX.TA,9860.584948,12
26/03/2025,MTRX.TA,9916.166966,13
27/03/2025,MTRX.TA,9998.651658,14
28/03/2025,MTRX.TA,10204.92403,15
29/03/2025,MTRX.TA,10187.085,16
30/03/2025,MTRX.TA,10208.09255,17
31/03/2025,MTRX.TA,10229.14341,18
01/04/2025,MTRX.TA,10274.00008,19
02/04/2025,MTRX.TA,10444.20073,20
03/04/2025,MTRX.TA,10376.27245,21
04/04/2025,MTRX.TA,10662.28884,22
05/04/2025,MTRX.TA,10803.1406,23
06/04/2025,MTRX.TA,10785.70453,24
07/04/2025,MTRX.TA,10739.90317,25
08/04/2025,MTRX.TA,10754.44375,26
09/04/2025,MTRX.TA,10968.87205,27
10/04/2025,MTRX.TA,11113.78383,28
11/04/2025,MTRX.TA,11274.56105,29
12/04/2025,MTRX.TA,11471.95058,30
14/03/2025,MAXO.TA,1259.888622,1
15/03/2025,MAXO.TA,1274.314193,2
16/03/2025,MAXO.TA,1276.315473,3
17/03/2025,MAXO.TA,1257.935046,4
18/03/2025,MAXO.TA,1240.794246,5
19/03/2025,MAXO.TA,1189.582649,6
20/03/2025,MAXO.TA,1255.086792,7
21/03/2025,MAXO.TA,1302.594923,8
22/03/2025,MAXO.TA,1296.071026,9
23/03/2025,MAXO.TA,1297.490036,10
24/03/2025,MAXO.TA,1312.920587,11
25/03/2025,MAXO.TA,1289.518326,12
26/03/2025,MAXO.TA,1317.598186,13
27/03/2025,MAXO.TA,1311.35253,14
28/03/2025,MAXO.TA,1342.160863,15
29/03/2025,MAXO.TA,1390.847197,16
30/03/2025,MAXO.TA,1373.725839,17
31/03/2025,MAXO.TA,1352.043064,18
01/04/2025,MAXO.TA,1426.493058,19
02/04/2025,MAXO.TA,1480.146961,20
03/04/2025,MAXO.TA,1474.594526,21
04/04/2025,MAXO.TA,1425.952965,22
05/04/2025,MAXO.TA,1426.996665,23
06/04/2025,MAXO.TA,1478.453607,24
07/04/2025,MAXO.TA,1480.072299,25
08/04/2025,MAXO.TA,1522.838922,26
09/04/2025,MAXO.TA,1538.664886,27
10/04/2025,MAXO.TA,1547.015225,28
11/04/2025,MAXO.TA,1531.390292,29
12/04/2025,MAXO.TA,1531.765515,30
14/03/2025,MTRN.TA,961.4821418,1
15/03/2025,MTRN.TA,958.2725057,2
16/03/2025,MTRN.TA,955.157,3
17/03/2025,MTRN.TA,980.2812776,4
18/03/2025,MTRN.TA,1002.309717,5
19/03/2025,MTRN.TA,998.1051239,6
20/03/2025,MTRN.TA,1048.487401,7
21/03/2025,MTRN.TA,1005.081824,8
22/03/2025,MTRN.TA,999.9662727,9
23/03/2025,MTRN.TA,932.7513812,10
24/03/2025,MTRN.TA,953.703815,11
25/03/2025,MTRN.TA,935.7314749,12
26/03/2025,MTRN.TA,909.0749836,13
27/03/2025,MTRN.TA,913.7018456,14
28/03/2025,MTRN.TA,908.4890802,15
29/03/2025,MTRN.TA,933.4196432,16
30/03/2025,MTRN.TA,907.9849513,17
31/03/2025,MTRN.TA,925.6551929,18
01/04/2025,MTRN.TA,914.8181773,19
02/04/2025,MTRN.TA,875.1637951,20
03/04/2025,MTRN.TA,873.6133392,21
04/04/2025,MTRN.TA,870.3950875,22
05/04/2025,MTRN.TA,902.3001015,23
06/04/2025,MTRN.TA,885.0090548,24
07/04/2025,MTRN.TA,872.8419886,25
08/04/2025,MTRN.TA,864.8146276,26
09/04/2025,MTRN.TA,831.9233056,27
10/04/2025,MTRN.TA,843.1357909,28
11/04/2025,MTRN.TA,855.976481,29
12/04/2025,MTRN.TA,852.008447,30
14/03/2025,MDPR.TA,647.0153038,1
15/03/2025,MDPR.TA,638.8192706,2
16/03/2025,MDPR.TA,649.2167244,3
17/03/2025,MDPR.TA,640.604212,4
18/03/2025,MDPR.TA,622.885312,5
19/03/2025,MDPR.TA,609.8407094,6
20/03/2025,MDPR.TA,575.5219329,7
21/03/2025,MDPR.TA,587.0589435,8
22/03/2025,MDPR.TA,590.1399809,9
23/03/2025,MDPR.TA,590.5119289,10
24/03/2025,MDPR.TA,578.5271225,11
25/03/2025,MDPR.TA,568.6115282,12
26/03/2025,MDPR.TA,567.5437487,13
27/03/2025,MDPR.TA,574.0330564,14
28/03/2025,MDPR.TA,585.0428998,15
29/03/2025,MDPR.TA,581.4216576,16
30/03/2025,MDPR.TA,582.2733226,17
31/03/2025,MDPR.TA,578.6692233,18
01/04/2025,MDPR.TA,581.8503345,19
02/04/2025,MDPR.TA,586.3363267,20
03/04/2025,MDPR.TA,563.5943499,21
04/04/2025,MDPR.TA,577.0700935,22
05/04/2025,MDPR.TA,577.4521178,23
06/04/2025,MDPR.TA,579.808789,24
07/04/2025,MDPR.TA,595.6829519,25
08/04/2025,MDPR.TA,595.8683776,26
09/04/2025,MDPR.TA,579.412213,27
10/04/2025,MDPR.TA,567.0680594,28
11/04/2025,MDPR.TA,551.383145,29
12/04/2025,MDPR.TA,563.3957369,30
14/03/2025,MPRS.TA,5.61587592,1
15/03/2025,MPRS.TA,5.66620579,2
16/03/2025,MPRS.TA,8.28469814,3
17/03/2025,MPRS.TA,8.03357429,4
18/03/2025,MPRS.TA,12.78797641,5
19/03/2025,MPRS.TA,20.35611233,6
20/03/2025,MPRS.TA,20.36762848,7
21/03/2025,MPRS.TA,14.12409551,8
22/03/2025,MPRS.TA,13.96985241,9
23/03/2025,MPRS.TA,13.99218625,10
24/03/2025,MPRS.TA,13.28091566,11
25/03/2025,MPRS.TA,13.47786289,12
26/03/2025,MPRS.TA,13.81891046,13
27/03/2025,MPRS.TA,9.1039884,14
28/03/2025,MPRS.TA,15.24673095,15
29/03/2025,MPRS.TA,15.37262521,16
30/03/2025,MPRS.TA,15.36526961,17
31/03/2025,MPRS.TA,15.49214266,18
01/04/2025,MPRS.TA,15.84172635,19
02/04/2025,MPRS.TA,15.85068855,20
03/04/2025,MPRS.TA,15.7654481,21
04/04/2025,MPRS.TA,15.68066604,22
05/04/2025,MPRS.TA,15.64685953,23
06/04/2025,MPRS.TA,0.8232271,24
07/04/2025,MPRS.TA,0.96546502,25
08/04/2025,MPRS.TA,0.96651578,26
09/04/2025,MPRS.TA,0.97395543,27
10/04/2025,MPRS.TA,0.97622838,28
11/04/2025,MPRS.TA,1.55397648,29
12/04/2025,MPRS.TA,1.5602743,30
14/03/2025,MDTR.TA,1013.360112,1
15/03/2025,MDTR.TA,1020.169245,2
16/03/2025,MDTR.TA,984.2096893,3
17/03/2025,MDTR.TA,995.8381658,4
18/03/2025,MDTR.TA,988.3251474,5
19/03/2025,MDTR.TA,994.422155,6
20/03/2025,MDTR.TA,986.668173,7
21/03/2025,MDTR.TA,975.9100327,8
22/03/2025,MDTR.TA,982.4825935,9
23/03/2025,MDTR.TA,1004.529534,10
24/03/2025,MDTR.TA,1003.199629,11
25/03/2025,MDTR.TA,1006.60625,12
26/03/2025,MDTR.TA,1047.613456,13
27/03/2025,MDTR.TA,1024.488015,14
28/03/2025,MDTR.TA,1049.469368,15
29/03/2025,MDTR.TA,1063.433101,16
30/03/2025,MDTR.TA,1048.356986,17
31/03/2025,MDTR.TA,1050.469437,18
01/04/2025,MDTR.TA,1058.422004,19
02/04/2025,MDTR.TA,1077.505772,20
03/04/2025,MDTR.TA,1074.230721,21
04/04/2025,MDTR.TA,1076.036404,22
05/04/2025,MDTR.TA,1106.67638,23
06/04/2025,MDTR.TA,1129.291992,24
07/04/2025,MDTR.TA,1134.202875,25
08/04/2025,MDTR.TA,1140.89635,26
09/04/2025,MDTR.TA,1174.893911,27
10/04/2025,MDTR.TA,1212.459441,28
11/04/2025,MDTR.TA,1194.55662,29
12/04/2025,MDTR.TA,1185.544386,30
14/03/2025,MGOR.TA,10794.56683,1
15/03/2025,MGOR.TA,11224.27128,2
16/03/2025,MGOR.TA,11078.45374,3
17/03/2025,MGOR.TA,11355.16318,4
18/03/2025,MGOR.TA,11232.96727,5
19/03/2025,MGOR.TA,11004.74441,6
20/03/2025,MGOR.TA,10781.15841,7
21/03/2025,MGOR.TA,10581.5917,8
22/03/2025,MGOR.TA,10435.76528,9
23/03/2025,MGOR.TA,10242.59203,10
24/03/2025,MGOR.TA,10148.74319,11
25/03/2025,MGOR.TA,10016.89813,12
26/03/2025,MGOR.TA,9970.176698,13
27/03/2025,MGOR.TA,9812.669186,14
28/03/2025,MGOR.TA,9885.132672,15
29/03/2025,MGOR.TA,9764.146077,16
30/03/2025,MGOR.TA,9606.86662,17
31/03/2025,MGOR.TA,9205.51364,18
01/04/2025,MGOR.TA,9635.093251,19
02/04/2025,MGOR.TA,9471.995205,20
03/04/2025,MGOR.TA,9722.875982,21
04/04/2025,MGOR.TA,9512.215127,22
05/04/2025,MGOR.TA,9582.459855,23
06/04/2025,MGOR.TA,9393.711232,24
07/04/2025,MGOR.TA,9723.001473,25
08/04/2025,MGOR.TA,9525.45695,26
09/04/2025,MGOR.TA,9646.26778,27
10/04/2025,MGOR.TA,9675.474436,28
11/04/2025,MGOR.TA,9440.253819,29
12/04/2025,MGOR.TA,9209.728668,30
14/03/2025,MEDN.TA,20233.15078,1
15/03/2025,MEDN.TA,19963.87755,2
16/03/2025,MEDN.TA,20286.36912,3
17/03/2025,MEDN.TA,20134.60991,4
18/03/2025,MEDN.TA,20124.97858,5
19/03/2025,MEDN.TA,19900.18337,6
20/03/2025,MEDN.TA,20116.82061,7
21/03/2025,MEDN.TA,19892.11653,8
22/03/2025,MEDN.TA,19930.76137,9
23/03/2025,MEDN.TA,19933.39291,10
24/03/2025,MEDN.TA,19900.04665,11
25/03/2025,MEDN.TA,19618.30439,12
26/03/2025,MEDN.TA,19670.58764,13
27/03/2025,MEDN.TA,19799.46314,14
28/03/2025,MEDN.TA,19372.25583,15
29/03/2025,MEDN.TA,19238.1479,16
30/03/2025,MEDN.TA,19364.19018,17
31/03/2025,MEDN.TA,19596.05458,18
01/04/2025,MEDN.TA,19831.71713,19
02/04/2025,MEDN.TA,19930.41906,20
03/04/2025,MEDN.TA,19871.69667,21
04/04/2025,MEDN.TA,19696.63807,22
05/04/2025,MEDN.TA,19583.44157,23
06/04/2025,MEDN.TA,20169.63022,24
07/04/2025,MEDN.TA,20053.71543,25
08/04/2025,MEDN.TA,20031.89909,26
09/04/2025,MEDN.TA,19721.80152,27
10/04/2025,MEDN.TA,19608.4604,28
11/04/2025,MEDN.TA,20077.84342,29
12/04/2025,MEDN.TA,19968.67792,30
14/03/2025,MLSR.TA,29699.10578,1
15/03/2025,MLSR.TA,29432.84292,2
16/03/2025,MLSR.TA,29459.51325,3
17/03/2025,MLSR.TA,29384.5447,4
18/03/2025,MLSR.TA,29526.33505,5
19/03/2025,MLSR.TA,29297.94428,6
20/03/2025,MLSR.TA,28953.36061,7
21/03/2025,MLSR.TA,29405.8746,8
22/03/2025,MLSR.TA,29060.02152,9
23/03/2025,MLSR.TA,29680.24851,10
24/03/2025,MLSR.TA,29564.66071,11
25/03/2025,MLSR.TA,29618.17063,12
26/03/2025,MLSR.TA,29645.00889,13
27/03/2025,MLSR.TA,29366.94619,14
28/03/2025,MLSR.TA,29127.04597,15
29/03/2025,MLSR.TA,29203.30284,16
30/03/2025,MLSR.TA,29963.29779,17
31/03/2025,MLSR.TA,29406.16642,18
01/04/2025,MLSR.TA,29142.52986,19
02/04/2025,MLSR.TA,28979.86179,20
03/04/2025,MLSR.TA,28944.05115,21
04/04/2025,MLSR.TA,29101.84189,22
05/04/2025,MLSR.TA,29486.95176,23
06/04/2025,MLSR.TA,29605.17051,24
07/04/2025,MLSR.TA,29683.64478,25
08/04/2025,MLSR.TA,29955.09663,26
09/04/2025,MLSR.TA,30377.73467,27
10/04/2025,MLSR.TA,30427.09207,28
11/04/2025,MLSR.TA,31076.49639,29
12/04/2025,MLSR.TA,31562.19301,30
14/03/2025,MNIN.TA,1646.279085,1
15/03/2025,MNIN.TA,1637.726625,2
16/03/2025,MNIN.TA,1670.438638,3
17/03/2025,MNIN.TA,1705.989185,4
18/03/2025,MNIN.TA,1737.426342,5
19/03/2025,MNIN.TA,1775.786953,6
20/03/2025,MNIN.TA,1806.585355,7
21/03/2025,MNIN.TA,1813.168906,8
22/03/2025,MNIN.TA,1824.912324,9
23/03/2025,MNIN.TA,1822.956321,10
24/03/2025,MNIN.TA,1864.261392,11
25/03/2025,MNIN.TA,1866.822991,12
26/03/2025,MNIN.TA,1892.516932,13
27/03/2025,MNIN.TA,1845.684234,14
28/03/2025,MNIN.TA,1898.773047,15
29/03/2025,MNIN.TA,1870.989271,16
30/03/2025,MNIN.TA,1877.807522,17
31/03/2025,MNIN.TA,2095.296581,18
01/04/2025,MNIN.TA,2131.66118,19
02/04/2025,MNIN.TA,2100.532386,20
03/04/2025,MNIN.TA,2106.235405,21
04/04/2025,MNIN.TA,2170.610786,22
05/04/2025,MNIN.TA,2087.402734,23
06/04/2025,MNIN.TA,2109.772174,24
07/04/2025,MNIN.TA,2124.595777,25
08/04/2025,MNIN.TA,2167.032533,26
09/04/2025,MNIN.TA,2165.61298,27
10/04/2025,MNIN.TA,2164.240071,28
11/04/2025,MNIN.TA,1992.279414,29
12/04/2025,MNIN.TA,1952.62603,30
14/03/2025,MNIF.TA,1789.271086,1
15/03/2025,MNIF.TA,1771.585328,2
16/03/2025,MNIF.TA,1722.375505,3
17/03/2025,MNIF.TA,1686.97819,4
18/03/2025,MNIF.TA,1702.033074,5
19/03/2025,MNIF.TA,1708.930748,6
20/03/2025,MNIF.TA,1715.856376,7
21/03/2025,MNIF.TA,1730.473456,8
22/03/2025,MNIF.TA,1731.487551,9
23/03/2025,MNIF.TA,1717.070175,10
24/03/2025,MNIF.TA,1717.125685,11
25/03/2025,MNIF.TA,1718.919198,12
26/03/2025,MNIF.TA,1719.215379,13
27/03/2025,MNIF.TA,1721.186198,14
28/03/2025,MNIF.TA,1721.593074,15
29/03/2025,MNIF.TA,1716.266347,16
30/03/2025,MNIF.TA,1722.596495,17
31/03/2025,MNIF.TA,1750.748822,18
01/04/2025,MNIF.TA,1766.372806,19
02/04/2025,MNIF.TA,1771.80636,20
03/04/2025,MNIF.TA,1755.535849,21
04/04/2025,MNIF.TA,1764.388775,22
05/04/2025,MNIF.TA,1692.519485,23
06/04/2025,MNIF.TA,1726.559278,24
07/04/2025,MNIF.TA,1754.776368,25
08/04/2025,MNIF.TA,1754.34559,26
09/04/2025,MNIF.TA,1761.051844,27
10/04/2025,MNIF.TA,1776.767774,28
11/04/2025,MNIF.TA,1784.021771,29
12/04/2025,MNIF.TA,1834.74204,30
14/03/2025,MNRT.TA,207.1236476,1
15/03/2025,MNRT.TA,210.5090992,2
16/03/2025,MNRT.TA,205.8815749,3
17/03/2025,MNRT.TA,207.7737968,4
18/03/2025,MNRT.TA,208.2877863,5
19/03/2025,MNRT.TA,205.8298955,6
20/03/2025,MNRT.TA,212.357045,7
21/03/2025,MNRT.TA,212.9930712,8
22/03/2025,MNRT.TA,215.1307216,9
23/03/2025,MNRT.TA,214.2686263,10
24/03/2025,MNRT.TA,217.2661615,11
25/03/2025,MNRT.TA,217.8870031,12
26/03/2025,MNRT.TA,218.3453928,13
27/03/2025,MNRT.TA,216.3484468,14
28/03/2025,MNRT.TA,223.2091541,15
29/03/2025,MNRT.TA,222.9183365,16
30/03/2025,MNRT.TA,221.3845123,17
31/03/2025,MNRT.TA,227.0448259,18
01/04/2025,MNRT.TA,227.7136398,19
02/04/2025,MNRT.TA,225.2319084,20
03/04/2025,MNRT.TA,219.5754036,21
04/04/2025,MNRT.TA,214.6725025,22
05/04/2025,MNRT.TA,212.5074014,23
06/04/2025,MNRT.TA,218.799087,24
07/04/2025,MNRT.TA,223.8173518,25
08/04/2025,MNRT.TA,226.8372213,26
09/04/2025,MNRT.TA,227.7866823,27
10/04/2025,MNRT.TA,231.577548,28
11/04/2025,MNRT.TA,232.5833267,29
12/04/2025,MNRT.TA,230.5034871,30
14/03/2025,MMHD.TA,17347.73592,1
15/03/2025,MMHD.TA,16983.91322,2
16/03/2025,MMHD.TA,16901.12878,3
17/03/2025,MMHD.TA,16442.95172,4
18/03/2025,MMHD.TA,16196.49396,5
19/03/2025,MMHD.TA,16405.13596,6
20/03/2025,MMHD.TA,16589.07475,7
21/03/2025,MMHD.TA,16802.77395,8
22/03/2025,MMHD.TA,17004.31095,9
23/03/2025,MMHD.TA,17196.31489,10
24/03/2025,MMHD.TA,16954.56521,11
25/03/2025,MMHD.TA,16342.11563,12
26/03/2025,MMHD.TA,16571.57575,13
27/03/2025,MMHD.TA,16635.36212,14
28/03/2025,MMHD.TA,16623.11614,15
29/03/2025,MMHD.TA,16526.35022,16
30/03/2025,MMHD.TA,16615.75942,17
31/03/2025,MMHD.TA,16737.08626,18
01/04/2025,MMHD.TA,16687.31315,19
02/04/2025,MMHD.TA,16337.34107,20
03/04/2025,MMHD.TA,16325.31448,21
04/04/2025,MMHD.TA,16750.11582,22
05/04/2025,MMHD.TA,16830.92949,23
06/04/2025,MMHD.TA,16895.71414,24
07/04/2025,MMHD.TA,17119.63262,25
08/04/2025,MMHD.TA,17542.21994,26
09/04/2025,MMHD.TA,17852.41258,27
10/04/2025,MMHD.TA,17621.25414,28
11/04/2025,MMHD.TA,17689.11971,29
12/04/2025,MMHD.TA,17735.929,30
14/03/2025,CMER.TA,2518.493692,1
15/03/2025,CMER.TA,2618.060263,2
16/03/2025,CMER.TA,2611.320333,3
17/03/2025,CMER.TA,2669.24355,4
18/03/2025,CMER.TA,2637.30969,5
19/03/2025,CMER.TA,2620.472567,6
20/03/2025,CMER.TA,2540.362071,7
21/03/2025,CMER.TA,2546.137572,8
22/03/2025,CMER.TA,2577.212232,9
23/03/2025,CMER.TA,2437.075812,10
24/03/2025,CMER.TA,2463.933224,11
25/03/2025,CMER.TA,2469.356167,12
26/03/2025,CMER.TA,2544.175217,13
27/03/2025,CMER.TA,2515.390841,14
28/03/2025,CMER.TA,2523.213462,15
29/03/2025,CMER.TA,2516.480037,16
30/03/2025,CMER.TA,2533.568967,17
31/03/2025,CMER.TA,2577.029319,18
01/04/2025,CMER.TA,2597.97089,19
02/04/2025,CMER.TA,2620.370619,20
03/04/2025,CMER.TA,2577.722566,21
04/04/2025,CMER.TA,2590.528602,22
05/04/2025,CMER.TA,2555.588155,23
06/04/2025,CMER.TA,2529.439228,24
07/04/2025,CMER.TA,2580.974798,25
08/04/2025,CMER.TA,2588.652157,26
09/04/2025,CMER.TA,2619.006231,27
10/04/2025,CMER.TA,2662.354902,28
11/04/2025,CMER.TA,2683.342181,29
12/04/2025,CMER.TA,2712.276666,30
14/03/2025,MRHL.TA,85.20911479,1
15/03/2025,MRHL.TA,84.88934101,2
16/03/2025,MRHL.TA,87.8890294,3
17/03/2025,MRHL.TA,85.04219727,4
18/03/2025,MRHL.TA,86.48246369,5
19/03/2025,MRHL.TA,84.82897222,6
20/03/2025,MRHL.TA,84.73340226,7
21/03/2025,MRHL.TA,82.47021823,8
22/03/2025,MRHL.TA,74.51111573,9
23/03/2025,MRHL.TA,75.34947361,10
24/03/2025,MRHL.TA,76.38949439,11
25/03/2025,MRHL.TA,77.93964579,12
26/03/2025,MRHL.TA,76.34326392,13
27/03/2025,MRHL.TA,98.89263174,14
28/03/2025,MRHL.TA,100.9436402,15
29/03/2025,MRHL.TA,97.22329995,16
30/03/2025,MRHL.TA,87.84039511,17
31/03/2025,MRHL.TA,88.30194755,18
01/04/2025,MRHL.TA,86.94273287,19
02/04/2025,MRHL.TA,86.67143673,20
03/04/2025,MRHL.TA,89.08467084,21
04/04/2025,MRHL.TA,92.42351635,22
05/04/2025,MRHL.TA,90.03985458,23
06/04/2025,MRHL.TA,89.92386089,24
07/04/2025,MRHL.TA,92.50142841,25
08/04/2025,MRHL.TA,105.3356771,26
09/04/2025,MRHL.TA,105.4443642,27
10/04/2025,MRHL.TA,105.3085257,28
11/04/2025,MRHL.TA,101.5151642,29
12/04/2025,MRHL.TA,94.29754614,30
14/03/2025,MSKE.TA,306.6830828,1
15/03/2025,MSKE.TA,308.4346465,2
16/03/2025,MSKE.TA,307.1768892,3
17/03/2025,MSKE.TA,335.2072254,4
18/03/2025,MSKE.TA,331.5339257,5
19/03/2025,MSKE.TA,315.3113363,6
20/03/2025,MSKE.TA,339.2725774,7
21/03/2025,MSKE.TA,341.0721791,8
22/03/2025,MSKE.TA,325.7534127,9
23/03/2025,MSKE.TA,350.5081716,10
24/03/2025,MSKE.TA,349.8139011,11
25/03/2025,MSKE.TA,347.212001,12
26/03/2025,MSKE.TA,331.803971,13
27/03/2025,MSKE.TA,357.9053263,14
28/03/2025,MSKE.TA,355.2648969,15
29/03/2025,MSKE.TA,353.4081882,16
30/03/2025,MSKE.TA,360.262182,17
31/03/2025,MSKE.TA,379.4536876,18
01/04/2025,MSKE.TA,415.1853638,19
02/04/2025,MSKE.TA,394.9271421,20
03/04/2025,MSKE.TA,402.3395549,21
04/04/2025,MSKE.TA,390.8570292,22
05/04/2025,MSKE.TA,362.7217931,23
06/04/2025,MSKE.TA,353.2485774,24
07/04/2025,MSKE.TA,338.058624,25
08/04/2025,MSKE.TA,328.5183005,26
09/04/2025,MSKE.TA,324.1361419,27
10/04/2025,MSKE.TA,294.8020099,28
11/04/2025,MSKE.TA,283.8995092,29
12/04/2025,MSKE.TA,298.9185941,30
14/03/2025,MGRT.TA,545.6585586,1
15/03/2025,MGRT.TA,536.7530636,2
16/03/2025,MGRT.TA,521.0271194,3
17/03/2025,MGRT.TA,521.3215121,4
18/03/2025,MGRT.TA,536.5305143,5
19/03/2025,MGRT.TA,532.9569295,6
20/03/2025,MGRT.TA,553.439035,7
21/03/2025,MGRT.TA,549.0141651,8
22/03/2025,MGRT.TA,549.2783202,9
23/03/2025,MGRT.TA,537.9649882,10
24/03/2025,MGRT.TA,547.7826349,11
25/03/2025,MGRT.TA,548.0461974,12
26/03/2025,MGRT.TA,535.4261747,13
27/03/2025,MGRT.TA,542.5683565,14
28/03/2025,MGRT.TA,529.0618063,15
29/03/2025,MGRT.TA,525.5379671,16
30/03/2025,MGRT.TA,514.7136086,17
31/03/2025,MGRT.TA,567.6086958,18
01/04/2025,MGRT.TA,596.5509672,19
02/04/2025,MGRT.TA,572.0405296,20
03/04/2025,MGRT.TA,594.5772502,21
04/04/2025,MGRT.TA,596.3863327,22
05/04/2025,MGRT.TA,602.8043041,23
06/04/2025,MGRT.TA,587.3409119,24
07/04/2025,MGRT.TA,583.1304533,25
08/04/2025,MGRT.TA,612.8641765,26
09/04/2025,MGRT.TA,613.5293295,27
10/04/2025,MGRT.TA,623.3165231,28
11/04/2025,MGRT.TA,617.6538331,29
12/04/2025,MGRT.TA,611.4471715,30
14/03/2025,MIA.TA,71.58040926,1
15/03/2025,MIA.TA,75.19562027,2
16/03/2025,MIA.TA,76.09189997,3
17/03/2025,MIA.TA,79.21857733,4
18/03/2025,MIA.TA,93.15545643,5
19/03/2025,MIA.TA,96.14554105,6
20/03/2025,MIA.TA,101.1971577,7
21/03/2025,MIA.TA,102.8138035,8
22/03/2025,MIA.TA,94.39394057,9
23/03/2025,MIA.TA,99.56687628,10
24/03/2025,MIA.TA,109.2614358,11
25/03/2025,MIA.TA,84.17622454,12
26/03/2025,MIA.TA,84.98195366,13
27/03/2025,MIA.TA,91.13194559,14
28/03/2025,MIA.TA,90.80599308,15
29/03/2025,MIA.TA,91.81320006,16
30/03/2025,MIA.TA,90.1484346,17
31/03/2025,MIA.TA,96.67231551,18
01/04/2025,MIA.TA,94.52122716,19
02/04/2025,MIA.TA,101.8031253,20
03/04/2025,MIA.TA,105.8513735,21
04/04/2025,MIA.TA,115.1100456,22
05/04/2025,MIA.TA,123.4403537,23
06/04/2025,MIA.TA,140.2837212,24
07/04/2025,MIA.TA,151.1573342,25
08/04/2025,MIA.TA,131.514771,26
09/04/2025,MIA.TA,120.7444628,27
10/04/2025,MIA.TA,122.7340965,28
11/04/2025,MIA.TA,94.55571212,29
12/04/2025,MIA.TA,97.04503738,30
14/03/2025,MCLL.TA,1124.657507,1
15/03/2025,MCLL.TA,1149.224297,2
16/03/2025,MCLL.TA,1174.004907,3
17/03/2025,MCLL.TA,1194.528402,4
18/03/2025,MCLL.TA,1198.395972,5
19/03/2025,MCLL.TA,1185.905849,6
20/03/2025,MCLL.TA,1189.745502,7
21/03/2025,MCLL.TA,1141.41141,8
22/03/2025,MCLL.TA,1142.333237,9
23/03/2025,MCLL.TA,1122.766075,10
24/03/2025,MCLL.TA,1122.155822,11
25/03/2025,MCLL.TA,1114.00619,12
26/03/2025,MCLL.TA,1183.117009,13
27/03/2025,MCLL.TA,1227.615927,14
28/03/2025,MCLL.TA,1254.086888,15
29/03/2025,MCLL.TA,1253.40526,16
30/03/2025,MCLL.TA,1237.113112,17
31/03/2025,MCLL.TA,1240.023425,18
01/04/2025,MCLL.TA,1236.506508,19
02/04/2025,MCLL.TA,1227.526407,20
03/04/2025,MCLL.TA,1199.737953,21
04/04/2025,MCLL.TA,1189.587185,22
05/04/2025,MCLL.TA,1186.797082,23
06/04/2025,MCLL.TA,1189.628641,24
07/04/2025,MCLL.TA,1174.165482,25
08/04/2025,MCLL.TA,1188.381678,26
09/04/2025,MCLL.TA,1226.761533,27
10/04/2025,MCLL.TA,1204.992801,28
11/04/2025,MCLL.TA,1214.363226,29
12/04/2025,MCLL.TA,1220.457176,30
14/03/2025,MCMN.TA,27175.36422,1
15/03/2025,MCMN.TA,27499.03448,2
16/03/2025,MCMN.TA,26865.6008,3
17/03/2025,MCMN.TA,26873.756,4
18/03/2025,MCMN.TA,27186.8293,5
19/03/2025,MCMN.TA,27074.31548,6
20/03/2025,MCMN.TA,27069.11188,7
21/03/2025,MCMN.TA,27106.76881,8
22/03/2025,MCMN.TA,27135.74006,9
23/03/2025,MCMN.TA,27098.34766,10
24/03/2025,MCMN.TA,27370.596,11
25/03/2025,MCMN.TA,27365.33545,12
26/03/2025,MCMN.TA,27651.29485,13
27/03/2025,MCMN.TA,28127.02209,14
28/03/2025,MCMN.TA,28265.46692,15
29/03/2025,MCMN.TA,27570.60217,16
30/03/2025,MCMN.TA,27465.389,17
31/03/2025,MCMN.TA,27476.58108,18
01/04/2025,MCMN.TA,27487.77608,19
02/04/2025,MCMN.TA,27936.0124,20
03/04/2025,MCMN.TA,28038.69424,21
04/04/2025,MCMN.TA,28521.0865,22
05/04/2025,MCMN.TA,28403.05081,23
06/04/2025,MCMN.TA,28302.55807,24
07/04/2025,MCMN.TA,28024.17949,25
08/04/2025,MCMN.TA,28454.37568,26
09/04/2025,MCMN.TA,28340.81451,27
10/04/2025,MCMN.TA,27691.7558,28
11/04/2025,MCMN.TA,28163.48106,29
12/04/2025,MCMN.TA,28517.07128,30
14/03/2025,MCRNT.TA,246.8132946,1
15/03/2025,MCRNT.TA,244.9872212,2
16/03/2025,MCRNT.TA,243.2990317,3
17/03/2025,MCRNT.TA,237.641889,4
18/03/2025,MCRNT.TA,244.9642733,5
19/03/2025,MCRNT.TA,246.687852,6
20/03/2025,MCRNT.TA,303.3942335,7
21/03/2025,MCRNT.TA,302.5919775,8
22/03/2025,MCRNT.TA,482.4859068,9
23/03/2025,MCRNT.TA,489.8085436,10
24/03/2025,MCRNT.TA,456.0668384,11
25/03/2025,MCRNT.TA,452.4996193,12
26/03/2025,MCRNT.TA,437.8733758,13
27/03/2025,MCRNT.TA,422.7629616,14
28/03/2025,MCRNT.TA,428.2854468,15
29/03/2025,MCRNT.TA,412.9622895,16
30/03/2025,MCRNT.TA,408.3690482,17
31/03/2025,MCRNT.TA,416.3395012,18
01/04/2025,MCRNT.TA,663.8574605,19
02/04/2025,MCRNT.TA,617.3439367,20
03/04/2025,MCRNT.TA,619.7354203,21
04/04/2025,MCRNT.TA,624.7482446,22
05/04/2025,MCRNT.TA,640.3847431,23
06/04/2025,MCRNT.TA,620.4268087,24
07/04/2025,MCRNT.TA,639.0497466,25
08/04/2025,MCRNT.TA,650.3451198,26
09/04/2025,MCRNT.TA,622.4513759,27
10/04/2025,MCRNT.TA,624.8626448,28
11/04/2025,MCRNT.TA,773.5183818,29
12/04/2025,MCRNT.TA,746.5575918,30
14/03/2025,MGDL.TA,770.8469692,1
15/03/2025,MGDL.TA,780.4729171,2
16/03/2025,MGDL.TA,777.9155466,3
17/03/2025,MGDL.TA,785.2901808,4
18/03/2025,MGDL.TA,771.5942525,5
19/03/2025,MGDL.TA,763.1944225,6
20/03/2025,MGDL.TA,783.480839,7
21/03/2025,MGDL.TA,790.9082321,8
22/03/2025,MGDL.TA,793.9065204,9
23/03/2025,MGDL.TA,794.0433568,10
24/03/2025,MGDL.TA,801.5717126,11
25/03/2025,MGDL.TA,814.5128412,12
26/03/2025,MGDL.TA,830.5561425,13
27/03/2025,MGDL.TA,860.8412133,14
28/03/2025,MGDL.TA,866.9248732,15
29/03/2025,MGDL.TA,872.1955258,16
30/03/2025,MGDL.TA,877.1008513,17
31/03/2025,MGDL.TA,861.8036903,18
01/04/2025,MGDL.TA,868.0197772,19
02/04/2025,MGDL.TA,856.6007163,20
03/04/2025,MGDL.TA,861.4183349,21
04/04/2025,MGDL.TA,857.2754058,22
05/04/2025,MGDL.TA,839.3203378,23
06/04/2025,MGDL.TA,852.8709063,24
07/04/2025,MGDL.TA,849.2085614,25
08/04/2025,MGDL.TA,866.207832,26
09/04/2025,MGDL.TA,869.7397031,27
10/04/2025,MGDL.TA,870.090029,28
11/04/2025,MGDL.TA,874.0113309,29
12/04/2025,MGDL.TA,874.1395909,30
14/03/2025,MIFT.TA,217.82309,1
15/03/2025,MIFT.TA,242.586311,2
16/03/2025,MIFT.TA,314.0160104,3
17/03/2025,MIFT.TA,287.9737959,4
18/03/2025,MIFT.TA,289.4329513,5
19/03/2025,MIFT.TA,236.7456016,6
20/03/2025,MIFT.TA,236.5315707,7
21/03/2025,MIFT.TA,228.4197368,8
22/03/2025,MIFT.TA,254.3169054,9
23/03/2025,MIFT.TA,237.4300271,10
24/03/2025,MIFT.TA,232.1478669,11
25/03/2025,MIFT.TA,344.0571314,12
26/03/2025,MIFT.TA,336.5476126,13
27/03/2025,MIFT.TA,279.0734048,14
28/03/2025,MIFT.TA,324.0062661,15
29/03/2025,MIFT.TA,483.2071513,16
30/03/2025,MIFT.TA,720.6315911,17
31/03/2025,MIFT.TA,1112.601637,18
01/04/2025,MIFT.TA,810.0699338,19
02/04/2025,MIFT.TA,998.9864056,20
03/04/2025,MIFT.TA,997.0406394,21
04/04/2025,MIFT.TA,598.086814,22
05/04/2025,MIFT.TA,755.9157031,23
06/04/2025,MIFT.TA,725.7622894,24
07/04/2025,MIFT.TA,754.7127166,25
08/04/2025,MIFT.TA,876.2269895,26
09/04/2025,MIFT.TA,682.1001013,27
10/04/2025,MIFT.TA,469.1963487,28
11/04/2025,MIFT.TA,522.5369421,29
12/04/2025,MIFT.TA,676.3982896,30
14/03/2025,MLD.TA,0.03681327,1
15/03/2025,MLD.TA,0.0389101,2
16/03/2025,MLD.TA,0.04043147,3
17/03/2025,MLD.TA,0.03210448,4
18/03/2025,MLD.TA,0.04436259,5
19/03/2025,MLD.TA,0.12505636,6
20/03/2025,MLD.TA,0.10927809,7
21/03/2025,MLD.TA,0.13350908,8
22/03/2025,MLD.TA,0.13423595,9
23/03/2025,MLD.TA,0.13661546,10
24/03/2025,MLD.TA,0.13163703,11
25/03/2025,MLD.TA,0.12347916,12
26/03/2025,MLD.TA,0.11202917,13
27/03/2025,MLD.TA,0.09279771,14
28/03/2025,MLD.TA,0.09444267,15
29/03/2025,MLD.TA,0.09366651,16
30/03/2025,MLD.TA,0.08891515,17
31/03/2025,MLD.TA,0.08957906,18
01/04/2025,MLD.TA,0.08762418,19
02/04/2025,MLD.TA,0.08827845,20
03/04/2025,MLD.TA,0.05082813,21
04/04/2025,MLD.TA,0.04460846,22
05/04/2025,MLD.TA,0.04897581,23
06/04/2025,MLD.TA,0.05480091,24
07/04/2025,MLD.TA,0.04971933,25
08/04/2025,MLD.TA,0.04628034,26
09/04/2025,MLD.TA,0.04308167,27
10/04/2025,MLD.TA,0.04041179,28
11/04/2025,MLD.TA,0.04154844,29
12/04/2025,MLD.TA,0.04847334,30
14/03/2025,MSHR.TA,767.9236817,1
15/03/2025,MSHR.TA,770.1373268,2
16/03/2025,MSHR.TA,787.2735298,3
17/03/2025,MSHR.TA,790.5471876,4
18/03/2025,MSHR.TA,790.5235454,5
19/03/2025,MSHR.TA,765.0480717,6
20/03/2025,MSHR.TA,765.8941607,7
21/03/2025,MSHR.TA,779.5563976,8
22/03/2025,MSHR.TA,793.8200962,9
23/03/2025,MSHR.TA,783.3985103,10
24/03/2025,MSHR.TA,763.8171349,11
25/03/2025,MSHR.TA,757.2290561,12
26/03/2025,MSHR.TA,738.5204421,13
27/03/2025,MSHR.TA,750.2087938,14
28/03/2025,MSHR.TA,769.6779118,15
29/03/2025,MSHR.TA,769.6548937,16
30/03/2025,MSHR.TA,770.810278,17
31/03/2025,MSHR.TA,771.6627396,18
01/04/2025,MSHR.TA,768.7191023,19
02/04/2025,MSHR.TA,767.2709286,20
03/04/2025,MSHR.TA,777.1282671,21
04/04/2025,MSHR.TA,776.2034292,22
05/04/2025,MSHR.TA,743.2763795,23
06/04/2025,MSHR.TA,731.8928617,24
07/04/2025,MSHR.TA,729.8953633,25
08/04/2025,MSHR.TA,740.3798433,26
09/04/2025,MSHR.TA,739.9574468,27
10/04/2025,MSHR.TA,746.8558676,28
11/04/2025,MSHR.TA,752.69479,29
12/04/2025,MSHR.TA,755.5832276,30
14/03/2025,MVNE.TA,1058.63293,1
15/03/2025,MVNE.TA,1067.033045,2
16/03/2025,MVNE.TA,1093.642379,3
17/03/2025,MVNE.TA,1103.883331,4
18/03/2025,MVNE.TA,1099.810909,5
19/03/2025,MVNE.TA,1113.204231,6
20/03/2025,MVNE.TA,1126.760654,7
21/03/2025,MVNE.TA,1143.840735,8
22/03/2025,MVNE.TA,1137.40154,9
23/03/2025,MVNE.TA,1146.280363,10
24/03/2025,MVNE.TA,1139.827434,11
25/03/2025,MVNE.TA,1135.155313,12
26/03/2025,MVNE.TA,1137.955734,13
27/03/2025,MVNE.TA,1129.319318,14
28/03/2025,MVNE.TA,1108.237462,15
29/03/2025,MVNE.TA,1118.586632,16
30/03/2025,MVNE.TA,1137.846606,17
31/03/2025,MVNE.TA,1095.005036,18
01/04/2025,MVNE.TA,1103.693758,19
02/04/2025,MVNE.TA,1141.039738,20
03/04/2025,MVNE.TA,1135.726838,21
04/04/2025,MVNE.TA,1175.706823,22
05/04/2025,MVNE.TA,1163.997937,23
06/04/2025,MVNE.TA,1162.603479,24
07/04/2025,MVNE.TA,1140.900282,25
08/04/2025,MVNE.TA,1177.104638,26
09/04/2025,MVNE.TA,1204.927967,27
10/04/2025,MVNE.TA,1190.28281,28
11/04/2025,MVNE.TA,1192.193754,29
12/04/2025,MVNE.TA,1235.03846,30
14/03/2025,MISH.TA,21719.57846,1
15/03/2025,MISH.TA,21801.42537,2
16/03/2025,MISH.TA,21579.9425,3
17/03/2025,MISH.TA,21520.59198,4
18/03/2025,MISH.TA,21682.60295,5
19/03/2025,MISH.TA,21641.6443,6
20/03/2025,MISH.TA,21875.24305,7
21/03/2025,MISH.TA,22313.60792,8
22/03/2025,MISH.TA,22076.40279,9
23/03/2025,MISH.TA,22070.83339,10
24/03/2025,MISH.TA,22988.93069,11
25/03/2025,MISH.TA,22244.36103,12
26/03/2025,MISH.TA,22007.89202,13
27/03/2025,MISH.TA,21887.25342,14
28/03/2025,MISH.TA,21995.10544,15
29/03/2025,MISH.TA,22036.30671,16
30/03/2025,MISH.TA,21785.00258,17
31/03/2025,MISH.TA,21564.5574,18
01/04/2025,MISH.TA,21637.75886,19
02/04/2025,MISH.TA,22159.02477,20
03/04/2025,MISH.TA,22045.32338,21
04/04/2025,MISH.TA,21331.31545,22
05/04/2025,MISH.TA,21890.19119,23
06/04/2025,MISH.TA,21802.27365,24
07/04/2025,MISH.TA,22120.89931,25
08/04/2025,MISH.TA,22104.74082,26
09/04/2025,MISH.TA,21933.5086,27
10/04/2025,MISH.TA,22666.22359,28
11/04/2025,MISH.TA,22910.88159,29
12/04/2025,MISH.TA,23158.18043,30
14/03/2025,MZTF.TA,16867.0451,1
15/03/2025,MZTF.TA,17013.16035,2
16/03/2025,MZTF.TA,17050.29795,3
17/03/2025,MZTF.TA,16942.26729,4
18/03/2025,MZTF.TA,16670.18589,5
19/03/2025,MZTF.TA,16752.32394,6
20/03/2025,MZTF.TA,16618.44331,7
21/03/2025,MZTF.TA,16716.42737,8
22/03/2025,MZTF.TA,16756.2826,9
23/03/2025,MZTF.TA,16700.75937,10
24/03/2025,MZTF.TA,16952.62185,11
25/03/2025,MZTF.TA,16989.62729,12
26/03/2025,MZTF.TA,16905.8524,13
27/03/2025,MZTF.TA,16758.63915,14
28/03/2025,MZTF.TA,16861.03815,15
29/03/2025,MZTF.TA,16607.32485,16
30/03/2025,MZTF.TA,16493.89093,17
31/03/2025,MZTF.TA,16211.33618,18
01/04/2025,MZTF.TA,16093.17677,19
02/04/2025,MZTF.TA,16135.00681,20
03/04/2025,MZTF.TA,16170.14898,21
04/04/2025,MZTF.TA,15813.00013,22
05/04/2025,MZTF.TA,15902.23741,23
06/04/2025,MZTF.TA,15551.0059,24
07/04/2025,MZTF.TA,15657.61959,25
08/04/2025,MZTF.TA,15354.99797,26
09/04/2025,MZTF.TA,15578.03423,27
10/04/2025,MZTF.TA,15705.79616,28
11/04/2025,MZTF.TA,15853.31103,29
12/04/2025,MZTF.TA,15581.72997,30
14/03/2025,MLRN.TA,858.4753666,1
15/03/2025,MLRN.TA,836.4569615,2
16/03/2025,MLRN.TA,843.7884358,3
17/03/2025,MLRN.TA,837.5011533,4
18/03/2025,MLRN.TA,944.0038158,5
19/03/2025,MLRN.TA,939.4453648,6
20/03/2025,MLRN.TA,938.0627436,7
21/03/2025,MLRN.TA,936.7284537,8
22/03/2025,MLRN.TA,945.2925278,9
23/03/2025,MLRN.TA,965.2949562,10
24/03/2025,MLRN.TA,963.8742911,11
25/03/2025,MLRN.TA,968.3106948,12
26/03/2025,MLRN.TA,981.5684986,13
27/03/2025,MLRN.TA,992.8962706,14
28/03/2025,MLRN.TA,988.3533996,15
29/03/2025,MLRN.TA,962.1103788,16
30/03/2025,MLRN.TA,955.7247215,17
31/03/2025,MLRN.TA,960.542056,18
01/04/2025,MLRN.TA,955.9037443,19
02/04/2025,MLRN.TA,959.2282974,20
03/04/2025,MLRN.TA,962.5644129,21
04/04/2025,MLRN.TA,981.5438202,22
05/04/2025,MLRN.TA,993.6661534,23
06/04/2025,MLRN.TA,991.0379976,24
07/04/2025,MLRN.TA,987.9819588,25
08/04/2025,MLRN.TA,986.3776326,26
09/04/2025,MLRN.TA,986.6056098,27
10/04/2025,MLRN.TA,988.0673237,28
11/04/2025,MLRN.TA,982.8386598,29
12/04/2025,MLRN.TA,989.412093,30
14/03/2025,MDIN.TA,185.7277944,1
15/03/2025,MDIN.TA,192.0333603,2
16/03/2025,MDIN.TA,194.7394075,3
17/03/2025,MDIN.TA,195.5819074,4
18/03/2025,MDIN.TA,204.0646238,5
19/03/2025,MDIN.TA,200.9756262,6
20/03/2025,MDIN.TA,198.9842574,7
21/03/2025,MDIN.TA,199.112716,8
22/03/2025,MDIN.TA,189.1955561,9
23/03/2025,MDIN.TA,186.6548527,10
24/03/2025,MDIN.TA,184.1482683,11
25/03/2025,MDIN.TA,181.898614,12
26/03/2025,MDIN.TA,166.9204437,13
27/03/2025,MDIN.TA,148.3004727,14
28/03/2025,MDIN.TA,143.6690858,15
29/03/2025,MDIN.TA,131.4810758,16
30/03/2025,MDIN.TA,131.9775386,17
31/03/2025,MDIN.TA,135.4720155,18
01/04/2025,MDIN.TA,131.1782125,19
02/04/2025,MDIN.TA,128.6409667,20
03/04/2025,MDIN.TA,128.5436104,21
04/04/2025,MDIN.TA,127.3641677,22
05/04/2025,MDIN.TA,133.0780142,23
06/04/2025,MDIN.TA,131.8775549,24
07/04/2025,MDIN.TA,129.3267824,25
08/04/2025,MDIN.TA,128.3179006,26
09/04/2025,MDIN.TA,135.4176954,27
10/04/2025,MDIN.TA,137.08411,28
11/04/2025,MDIN.TA,143.2340153,29
12/04/2025,MDIN.TA,142.7606816,30
14/03/2025,MRG.TA,1264.457225,1
15/03/2025,MRG.TA,1253.937403,2
16/03/2025,MRG.TA,1256.131779,3
17/03/2025,MRG.TA,1251.877478,4
18/03/2025,MRG.TA,1259.116289,5
19/03/2025,MRG.TA,1248.965084,6
20/03/2025,MRG.TA,1268.528438,7
21/03/2025,MRG.TA,1283.858614,8
22/03/2025,MRG.TA,1276.393036,9
23/03/2025,MRG.TA,1272.084753,10
24/03/2025,MRG.TA,1290.450817,11
25/03/2025,MRG.TA,1314.565451,12
26/03/2025,MRG.TA,1270.029263,13
27/03/2025,MRG.TA,1254.732343,14
28/03/2025,MRG.TA,1242.636857,15
29/03/2025,MRG.TA,1241.168285,16
30/03/2025,MRG.TA,1263.452312,17
31/03/2025,MRG.TA,1278.104119,18
01/04/2025,MRG.TA,1267.799831,19
02/04/2025,MRG.TA,1253.454821,20
03/04/2025,MRG.TA,1303.684776,21
04/04/2025,MRG.TA,1279.66035,22
05/04/2025,MRG.TA,1297.023954,23
06/04/2025,MRG.TA,1304.523818,24
07/04/2025,MRG.TA,1319.651917,25
08/04/2025,MRG.TA,1337.558163,26
09/04/2025,MRG.TA,1291.336872,27
10/04/2025,MRG.TA,1302.741151,28
11/04/2025,MRG.TA,1298.262127,29
12/04/2025,MRG.TA,1311.310516,30
14/03/2025,MYDS.TA,36.87580583,1
15/03/2025,MYDS.TA,37.86391643,2
16/03/2025,MYDS.TA,38.77979892,3
17/03/2025,MYDS.TA,42.09144737,4
18/03/2025,MYDS.TA,42.48672796,5
19/03/2025,MYDS.TA,43.51443069,6
20/03/2025,MYDS.TA,43.50715433,7
21/03/2025,MYDS.TA,43.85407366,8
22/03/2025,MYDS.TA,25.39370765,9
23/03/2025,MYDS.TA,25.4467888,10
24/03/2025,MYDS.TA,24.85402257,11
25/03/2025,MYDS.TA,25.32251269,12
26/03/2025,MYDS.TA,24.42797245,13
27/03/2025,MYDS.TA,24.42388767,14
28/03/2025,MYDS.TA,23.60503864,15
29/03/2025,MYDS.TA,23.58332856,16
30/03/2025,MYDS.TA,23.58929817,17
31/03/2025,MYDS.TA,23.67124961,18
01/04/2025,MYDS.TA,22.8971219,19
02/04/2025,MYDS.TA,23.03223088,20
03/04/2025,MYDS.TA,22.75289025,21
04/04/2025,MYDS.TA,22.80045123,22
05/04/2025,MYDS.TA,22.82628887,23
06/04/2025,MYDS.TA,23.79112155,24
07/04/2025,MYDS.TA,23.37026136,25
08/04/2025,MYDS.TA,22.54468613,26
09/04/2025,MYDS.TA,20.57682362,27
10/04/2025,MYDS.TA,21.9983547,28
11/04/2025,MYDS.TA,21.66833656,29
12/04/2025,MYDS.TA,22.19488652,30
14/03/2025,NFTA.TA,2364.041174,1
15/03/2025,NFTA.TA,2301.781474,2
16/03/2025,NFTA.TA,2250.155964,3
17/03/2025,NFTA.TA,2263.734845,4
18/03/2025,NFTA.TA,2000.849404,5
19/03/2025,NFTA.TA,2063.589287,6
20/03/2025,NFTA.TA,2030.54005,7
21/03/2025,NFTA.TA,2080.530134,8
22/03/2025,NFTA.TA,2143.816319,9
23/03/2025,NFTA.TA,2164.53888,10
24/03/2025,NFTA.TA,2230.380467,11
25/03/2025,NFTA.TA,2228.686006,12
26/03/2025,NFTA.TA,2178.640308,13
27/03/2025,NFTA.TA,2210.566118,14
28/03/2025,NFTA.TA,2399.378943,15
29/03/2025,NFTA.TA,2404.333544,16
30/03/2025,NFTA.TA,2355.316323,17
31/03/2025,NFTA.TA,2363.036242,18
01/04/2025,NFTA.TA,2325.191237,19
02/04/2025,NFTA.TA,2290.424268,20
03/04/2025,NFTA.TA,2271.492278,21
04/04/2025,NFTA.TA,2248.592891,22
05/04/2025,NFTA.TA,2226.31303,23
06/04/2025,NFTA.TA,2233.610121,24
07/04/2025,NFTA.TA,2226.377329,25
08/04/2025,NFTA.TA,2240.984073,26
09/04/2025,NFTA.TA,2156.851018,27
10/04/2025,NFTA.TA,2200.385272,28
11/04/2025,NFTA.TA,2232.629733,29
12/04/2025,NFTA.TA,2196.873243,30
14/03/2025,NVPT.TA,7530.911317,1
15/03/2025,NVPT.TA,7554.395185,2
16/03/2025,NVPT.TA,7531.85102,3
17/03/2025,NVPT.TA,7772.837919,4
18/03/2025,NVPT.TA,8034.942539,5
19/03/2025,NVPT.TA,7957.429105,6
20/03/2025,NVPT.TA,7963.217047,7
21/03/2025,NVPT.TA,8106.221399,8
22/03/2025,NVPT.TA,8105.944839,9
23/03/2025,NVPT.TA,8103.236565,10
24/03/2025,NVPT.TA,8030.844485,11
25/03/2025,NVPT.TA,8088.011023,12
26/03/2025,NVPT.TA,8035.914696,13
27/03/2025,NVPT.TA,8121.175881,14
28/03/2025,NVPT.TA,8743.722816,15
29/03/2025,NVPT.TA,8691.407727,16
30/03/2025,NVPT.TA,8712.709455,17
31/03/2025,NVPT.TA,8736.359554,18
01/04/2025,NVPT.TA,8790.225873,19
02/04/2025,NVPT.TA,8933.430403,20
03/04/2025,NVPT.TA,8902.585048,21
04/04/2025,NVPT.TA,8758.867183,22
05/04/2025,NVPT.TA,8843.098919,23
06/04/2025,NVPT.TA,8890.380737,24
07/04/2025,NVPT.TA,8786.018888,25
08/04/2025,NVPT.TA,8759.799256,26
09/04/2025,NVPT.TA,8733.65787,27
10/04/2025,NVPT.TA,8510.36245,28
11/04/2025,NVPT.TA,8449.261842,29
12/04/2025,NVPT.TA,8390.466058,30
14/03/2025,NAWI.TA,4331.601439,1
15/03/2025,NAWI.TA,4295.670762,2
16/03/2025,NAWI.TA,4166.729094,3
17/03/2025,NAWI.TA,4218.544254,4
18/03/2025,NAWI.TA,4214.16361,5
19/03/2025,NAWI.TA,4211.745526,6
20/03/2025,NAWI.TA,4283.871229,7
21/03/2025,NAWI.TA,4279.831876,8
22/03/2025,NAWI.TA,4332.961364,9
23/03/2025,NAWI.TA,4429.554891,10
24/03/2025,NAWI.TA,4502.332419,11
25/03/2025,NAWI.TA,4448.986079,12
26/03/2025,NAWI.TA,4443.982181,13
27/03/2025,NAWI.TA,4332.854216,14
28/03/2025,NAWI.TA,4380.291243,15
29/03/2025,NAWI.TA,4453.411251,16
30/03/2025,NAWI.TA,4488.042021,17
31/03/2025,NAWI.TA,4574.4551,18
01/04/2025,NAWI.TA,4642.631223,19
02/04/2025,NAWI.TA,4794.692744,20
03/04/2025,NAWI.TA,4948.707075,21
04/04/2025,NAWI.TA,5043.989832,22
05/04/2025,NAWI.TA,5135.641684,23
06/04/2025,NAWI.TA,5114.120207,24
07/04/2025,NAWI.TA,5108.809574,25
08/04/2025,NAWI.TA,5126.291336,26
09/04/2025,NAWI.TA,5214.07854,27
10/04/2025,NAWI.TA,5204.388131,28
11/04/2025,NAWI.TA,5221.892978,29
12/04/2025,NAWI.TA,5195.076036,30
14/03/2025,NYAX.TA,12719.04206,1
15/03/2025,NYAX.TA,12573.41194,2
16/03/2025,NYAX.TA,12564.24848,3
17/03/2025,NYAX.TA,12460.49135,4
18/03/2025,NYAX.TA,12573.72904,5
19/03/2025,NYAX.TA,12564.56535,6
20/03/2025,NYAX.TA,12494.59688,7
21/03/2025,NYAX.TA,12360.94709,8
22/03/2025,NYAX.TA,12219.41707,9
23/03/2025,NYAX.TA,12440.41543,10
24/03/2025,NYAX.TA,12704.31685,11
25/03/2025,NYAX.TA,12756.99564,12
26/03/2025,NYAX.TA,12611.72687,13
27/03/2025,NYAX.TA,12453.1323,14
28/03/2025,NYAX.TA,12289.72389,15
29/03/2025,NYAX.TA,12389.25129,16
30/03/2025,NYAX.TA,12612.51672,17
31/03/2025,NYAX.TA,12562.32234,18
01/04/2025,NYAX.TA,12789.52243,19
02/04/2025,NYAX.TA,10888.68623,20
03/04/2025,NYAX.TA,10865.82347,21
04/04/2025,NYAX.TA,11190.66801,22
05/04/2025,NYAX.TA,11334.60687,23
06/04/2025,NYAX.TA,11673.46616,24
07/04/2025,NYAX.TA,11721.8705,25
08/04/2025,NYAX.TA,11732.95866,26
09/04/2025,NYAX.TA,11961.50027,27
10/04/2025,NYAX.TA,11606.14535,28
11/04/2025,NYAX.TA,11220.94331,29
12/04/2025,NYAX.TA,11359.86707,30
14/03/2025,NTGR.TA,1426.591602,1
15/03/2025,NTGR.TA,1427.146653,2
16/03/2025,NTGR.TA,1456.740496,3
17/03/2025,NTGR.TA,1440.23695,4
18/03/2025,NTGR.TA,1476.811992,5
19/03/2025,NTGR.TA,1465.545766,6
20/03/2025,NTGR.TA,1495.047401,7
21/03/2025,NTGR.TA,1502.740997,8
22/03/2025,NTGR.TA,1502.665427,9
23/03/2025,NTGR.TA,1485.641593,10
24/03/2025,NTGR.TA,1498.854289,11
25/03/2025,NTGR.TA,1479.955468,12
26/03/2025,NTGR.TA,1472.54385,13
27/03/2025,NTGR.TA,1453.444027,14
28/03/2025,NTGR.TA,1448.812131,15
29/03/2025,NTGR.TA,1447.094473,16
30/03/2025,NTGR.TA,1453.401566,17
31/03/2025,NTGR.TA,1423.374814,18
01/04/2025,NTGR.TA,1417.541949,19
02/04/2025,NTGR.TA,1421.060411,20
03/04/2025,NTGR.TA,1424.105016,21
04/04/2025,NTGR.TA,1402.694946,22
05/04/2025,NTGR.TA,1434.945544,23
06/04/2025,NTGR.TA,1455.088554,24
07/04/2025,NTGR.TA,1464.623665,25
08/04/2025,NTGR.TA,1434.365069,26
09/04/2025,NTGR.TA,1440.616682,27
10/04/2025,NTGR.TA,1421.930975,28
11/04/2025,NTGR.TA,1395.40782,29
12/04/2025,NTGR.TA,1424.343515,30
14/03/2025,NTNB.TA,268.6176536,1
15/03/2025,NTNB.TA,271.0658198,2
16/03/2025,NTNB.TA,271.4485567,3
17/03/2025,NTNB.TA,272.4303271,4
18/03/2025,NTNB.TA,273.6826914,5
19/03/2025,NTNB.TA,281.9696794,6
20/03/2025,NTNB.TA,283.2658962,7
21/03/2025,NTNB.TA,284.9684199,8
22/03/2025,NTNB.TA,293.8535772,9
23/03/2025,NTNB.TA,292.677725,10
24/03/2025,NTNB.TA,293.7362766,11
25/03/2025,NTNB.TA,289.1912113,12
26/03/2025,NTNB.TA,294.1392743,13
27/03/2025,NTNB.TA,292.9622789,14
28/03/2025,NTNB.TA,293.3030762,15
29/03/2025,NTNB.TA,283.7595157,16
30/03/2025,NTNB.TA,281.2440093,17
31/03/2025,NTNB.TA,280.2616783,18
01/04/2025,NTNB.TA,277.8111193,19
02/04/2025,NTNB.TA,279.1192789,20
03/04/2025,NTNB.TA,280.4678274,21
04/04/2025,NTNB.TA,281.7571402,22
05/04/2025,NTNB.TA,283.1184333,23
06/04/2025,NTNB.TA,280.6086101,24
07/04/2025,NTNB.TA,280.9630413,25
08/04/2025,NTNB.TA,281.2627386,26
09/04/2025,NTNB.TA,276.9106799,27
10/04/2025,NTNB.TA,277.7961623,28
11/04/2025,NTNB.TA,273.4977429,29
12/04/2025,NTNB.TA,273.094623,30
14/03/2025,NTO.TA,15719.82159,1
15/03/2025,NTO.TA,15497.82773,2
16/03/2025,NTO.TA,15645.29442,3
17/03/2025,NTO.TA,15899.57005,4
18/03/2025,NTO.TA,16421.21755,5
19/03/2025,NTO.TA,16246.38645,6
20/03/2025,NTO.TA,16056.26276,7
21/03/2025,NTO.TA,15932.568,8
22/03/2025,NTO.TA,16065.47842,9
23/03/2025,NTO.TA,16431.82006,10
24/03/2025,NTO.TA,16420.53933,11
25/03/2025,NTO.TA,16218.56066,12
26/03/2025,NTO.TA,16503.32099,13
27/03/2025,NTO.TA,16566.83656,14
28/03/2025,NTO.TA,16233.27146,15
29/03/2025,NTO.TA,16094.59585,16
30/03/2025,NTO.TA,15987.83205,17
31/03/2025,NTO.TA,16275.94412,18
01/04/2025,NTO.TA,17012.98629,19
02/04/2025,NTO.TA,16671.84269,20
03/04/2025,NTO.TA,16626.15003,21
04/04/2025,NTO.TA,16618.48631,22
05/04/2025,NTO.TA,16838.84319,23
06/04/2025,NTO.TA,16541.07435,24
07/04/2025,NTO.TA,16152.88553,25
08/04/2025,NTO.TA,16108.61518,26
09/04/2025,NTO.TA,16234.69686,27
10/04/2025,NTO.TA,15909.15948,28
11/04/2025,NTO.TA,16019.59484,29
12/04/2025,NTO.TA,16204.58633,30
14/03/2025,NTML.TA,9484.954436,1
15/03/2025,NTML.TA,9569.242812,2
16/03/2025,NTML.TA,9491.303078,3
17/03/2025,NTML.TA,9854.294361,4
18/03/2025,NTML.TA,9801.473991,5
19/03/2025,NTML.TA,9856.725209,6
20/03/2025,NTML.TA,10137.21316,7
21/03/2025,NTML.TA,10194.35695,8
22/03/2025,NTML.TA,10190.3208,9
23/03/2025,NTML.TA,10248.74365,10
24/03/2025,NTML.TA,9794.340701,11
25/03/2025,NTML.TA,10168.92154,12
26/03/2025,NTML.TA,10060.6819,13
27/03/2025,NTML.TA,10039.96269,14
28/03/2025,NTML.TA,9846.350566,15
29/03/2025,NTML.TA,10044.64127,16
30/03/2025,NTML.TA,9896.503588,17
31/03/2025,NTML.TA,10016.99311,18
01/04/2025,NTML.TA,10658.75235,19
02/04/2025,NTML.TA,10935.98016,20
03/04/2025,NTML.TA,10540.03112,21
04/04/2025,NTML.TA,10738.51939,22
05/04/2025,NTML.TA,10545.97396,23
06/04/2025,NTML.TA,10318.89198,24
07/04/2025,NTML.TA,10133.81524,25
08/04/2025,NTML.TA,9994.363082,26
09/04/2025,NTML.TA,9990.406117,27
10/04/2025,NTML.TA,9993.128217,28
11/04/2025,NTML.TA,10050.42052,29
12/04/2025,NTML.TA,10425.67774,30
14/03/2025,NWMD.TA,1303.622743,1
15/03/2025,NWMD.TA,1311.69829,2
16/03/2025,NWMD.TA,1317.886319,3
17/03/2025,NWMD.TA,1308.627863,4
18/03/2025,NWMD.TA,1356.780052,5
19/03/2025,NWMD.TA,1331.027759,6
20/03/2025,NWMD.TA,1334.07629,7
21/03/2025,NWMD.TA,1320.307423,8
22/03/2025,NWMD.TA,1339.357975,9
23/03/2025,NWMD.TA,1342.371679,10
24/03/2025,NWMD.TA,1332.941207,11
25/03/2025,NWMD.TA,1285.743907,12
26/03/2025,NWMD.TA,1296.368741,13
27/03/2025,NWMD.TA,1296.425942,14
28/03/2025,NWMD.TA,1315.131911,15
29/03/2025,NWMD.TA,1301.284714,16
30/03/2025,NWMD.TA,1309.592024,17
31/03/2025,NWMD.TA,1307.150261,18
01/04/2025,NWMD.TA,1300.636332,19
02/04/2025,NWMD.TA,1312.237598,20
03/04/2025,NWMD.TA,1342.196159,21
04/04/2025,NWMD.TA,1342.255381,22
05/04/2025,NWMD.TA,1338.586456,23
06/04/2025,NWMD.TA,1348.818363,24
07/04/2025,NWMD.TA,1348.543245,25
08/04/2025,NWMD.TA,1351.020292,26
09/04/2025,NWMD.TA,1338.453122,27
10/04/2025,NWMD.TA,1344.309775,28
11/04/2025,NWMD.TA,1296.709933,29
12/04/2025,NWMD.TA,1296.445443,30
14/03/2025,NXSN.TA,8036.249299,1
15/03/2025,NXSN.TA,8221.633888,2
16/03/2025,NXSN.TA,8203.842139,3
17/03/2025,NXSN.TA,9258.282889,4
18/03/2025,NXSN.TA,10448.25103,5
19/03/2025,NXSN.TA,10297.1767,6
20/03/2025,NXSN.TA,10557.58829,7
21/03/2025,NXSN.TA,11253.68891,8
22/03/2025,NXSN.TA,12700.1268,9
23/03/2025,NXSN.TA,11793.46835,10
24/03/2025,NXSN.TA,11805.86502,11
25/03/2025,NXSN.TA,11287.56386,12
26/03/2025,NXSN.TA,11089.20366,13
27/03/2025,NXSN.TA,11017.58739,14
28/03/2025,NXSN.TA,10894.44996,15
29/03/2025,NXSN.TA,10884.04019,16
30/03/2025,NXSN.TA,11135.11917,17
31/03/2025,NXSN.TA,11111.02259,18
01/04/2025,NXSN.TA,11136.45224,19
02/04/2025,NXSN.TA,11266.90218,20
03/04/2025,NXSN.TA,10889.90262,21
04/04/2025,NXSN.TA,10063.96878,22
05/04/2025,NXSN.TA,10959.14101,23
06/04/2025,NXSN.TA,10942.02944,24
07/04/2025,NXSN.TA,11081.11357,25
08/04/2025,NXSN.TA,11280.4628,26
09/04/2025,NXSN.TA,11089.05487,27
10/04/2025,NXSN.TA,11599.98172,28
11/04/2025,NXSN.TA,11784.14364,29
12/04/2025,NXSN.TA,12063.57274,30
14/03/2025,NXTG.TA,106.8979742,1
15/03/2025,NXTG.TA,114.8476534,2
16/03/2025,NXTG.TA,113.6781271,3
17/03/2025,NXTG.TA,115.3788161,4
18/03/2025,NXTG.TA,114.3190552,5
19/03/2025,NXTG.TA,116.724109,6
20/03/2025,NXTG.TA,115.2351988,7
21/03/2025,NXTG.TA,95.48005087,8
22/03/2025,NXTG.TA,97.99887018,9
23/03/2025,NXTG.TA,96.04746843,10
24/03/2025,NXTG.TA,90.41853049,11
25/03/2025,NXTG.TA,92.83805315,12
26/03/2025,NXTG.TA,102.576692,13
27/03/2025,NXTG.TA,97.17073412,14
28/03/2025,NXTG.TA,101.8562686,15
29/03/2025,NXTG.TA,96.33739829,16
30/03/2025,NXTG.TA,93.67451795,17
31/03/2025,NXTG.TA,90.50994315,18
01/04/2025,NXTG.TA,88.47391461,19
02/04/2025,NXTG.TA,92.2437222,20
03/04/2025,NXTG.TA,93.62374039,21
04/04/2025,NXTG.TA,95.5934044,22
05/04/2025,NXTG.TA,101.7723699,23
06/04/2025,NXTG.TA,100.8213665,24
07/04/2025,NXTG.TA,103.4880885,25
08/04/2025,NXTG.TA,98.03409852,26
09/04/2025,NXTG.TA,95.38041311,27
10/04/2025,NXTG.TA,102.8969143,28
11/04/2025,NXTG.TA,105.5320152,29
12/04/2025,NXTG.TA,98.42746501,30
14/03/2025,NXTM.TA,975.1073996,1
15/03/2025,NXTM.TA,994.9210912,2
16/03/2025,NXTM.TA,1047.245539,3
17/03/2025,NXTM.TA,1029.418652,4
18/03/2025,NXTM.TA,1032.752449,5
19/03/2025,NXTM.TA,1076.516864,6
20/03/2025,NXTM.TA,1070.448798,7
21/03/2025,NXTM.TA,1125.559783,8
22/03/2025,NXTM.TA,1131.464458,9
23/03/2025,NXTM.TA,1113.17747,10
24/03/2025,NXTM.TA,1170.488297,11
25/03/2025,NXTM.TA,1175.179965,12
26/03/2025,NXTM.TA,1178.985814,13
27/03/2025,NXTM.TA,1148.569516,14
28/03/2025,NXTM.TA,1140.447875,15
29/03/2025,NXTM.TA,1148.229447,16
30/03/2025,NXTM.TA,1148.292372,17
31/03/2025,NXTM.TA,1191.700503,18
01/04/2025,NXTM.TA,1190.242139,19
02/04/2025,NXTM.TA,1212.541958,20
03/04/2025,NXTM.TA,1209.299559,21
04/04/2025,NXTM.TA,1183.272017,22
05/04/2025,NXTM.TA,1179.292885,23
06/04/2025,NXTM.TA,1203.393528,24
07/04/2025,NXTM.TA,1209.135469,25
08/04/2025,NXTM.TA,1203.21758,26
09/04/2025,NXTM.TA,1265.164032,27
10/04/2025,NXTM.TA,1276.551941,28
11/04/2025,NXTM.TA,1310.47772,29
12/04/2025,NXTM.TA,1360.016836,30
14/03/2025,NXFR.TA,406.2080227,1
15/03/2025,NXFR.TA,512.8836467,2
16/03/2025,NXFR.TA,476.6109855,3
17/03/2025,NXFR.TA,473.3901181,4
18/03/2025,NXFR.TA,323.934657,5
19/03/2025,NXFR.TA,122.5312395,6
20/03/2025,NXFR.TA,116.821015,7
21/03/2025,NXFR.TA,248.0325004,8
22/03/2025,NXFR.TA,229.6040953,9
23/03/2025,NXFR.TA,252.5792454,10
24/03/2025,NXFR.TA,312.7085817,11
25/03/2025,NXFR.TA,310.9747527,12
26/03/2025,NXFR.TA,622.8306952,13
27/03/2025,NXFR.TA,612.7826173,14
28/03/2025,NXFR.TA,511.8870011,15
29/03/2025,NXFR.TA,895.5117949,16
30/03/2025,NXFR.TA,1420.096373,17
31/03/2025,NXFR.TA,2411.916773,18
01/04/2025,NXFR.TA,1126.072382,19
02/04/2025,NXFR.TA,1662.724328,20
03/04/2025,NXFR.TA,1336.201714,21
04/04/2025,NXFR.TA,1454.098957,22
05/04/2025,NXFR.TA,1696.680155,23
06/04/2025,NXFR.TA,2820.333899,24
07/04/2025,NXFR.TA,3383.473917,25
08/04/2025,NXFR.TA,5365.489395,26
09/04/2025,NXFR.TA,2127.341737,27
10/04/2025,NXFR.TA,1354.671829,28
11/04/2025,NXFR.TA,933.762843,29
12/04/2025,NXFR.TA,971.8803368,30
14/03/2025,NXGN.TA,63.33511274,1
15/03/2025,NXGN.TA,59.89280732,2
16/03/2025,NXGN.TA,66.61176212,3
17/03/2025,NXGN.TA,60.58735072,4
18/03/2025,NXGN.TA,56.34863835,5
19/03/2025,NXGN.TA,59.53687515,6
20/03/2025,NXGN.TA,66.2159004,7
21/03/2025,NXGN.TA,70.21641867,8
22/03/2025,NXGN.TA,79.12683551,9
23/03/2025,NXGN.TA,81.71637013,10
24/03/2025,NXGN.TA,83.28466581,11
25/03/2025,NXGN.TA,87.81260898,12
26/03/2025,NXGN.TA,85.03898234,13
27/03/2025,NXGN.TA,79.59461959,14
28/03/2025,NXGN.TA,91.53342346,15
29/03/2025,NXGN.TA,96.06344087,16
30/03/2025,NXGN.TA,98.4922547,17
31/03/2025,NXGN.TA,103.3098803,18
01/04/2025,NXGN.TA,104.2741408,19
02/04/2025,NXGN.TA,110.5739963,20
03/04/2025,NXGN.TA,115.5071642,21
04/04/2025,NXGN.TA,118.9395118,22
05/04/2025,NXGN.TA,126.3289307,23
06/04/2025,NXGN.TA,127.301253,24
07/04/2025,NXGN.TA,109.2576267,25
08/04/2025,NXGN.TA,113.247117,26
09/04/2025,NXGN.TA,115.155448,27
10/04/2025,NXGN.TA,111.162881,28
11/04/2025,NXGN.TA,119.4057582,29
12/04/2025,NXGN.TA,123.6484472,30
14/03/2025,NICE.TA,51726.11883,1
15/03/2025,NICE.TA,51853.04175,2
16/03/2025,NICE.TA,51948.71644,3
17/03/2025,NICE.TA,49244.04953,4
18/03/2025,NICE.TA,48681.85944,5
19/03/2025,NICE.TA,48724.16767,6
20/03/2025,NICE.TA,47959.78929,7
21/03/2025,NICE.TA,49108.96257,8
22/03/2025,NICE.TA,49229.46365,9
23/03/2025,NICE.TA,50797.18913,10
24/03/2025,NICE.TA,50890.91565,11
25/03/2025,NICE.TA,49693.11523,12
26/03/2025,NICE.TA,48119.93947,13
27/03/2025,NICE.TA,48645.33855,14
28/03/2025,NICE.TA,49073.88741,15
29/03/2025,NICE.TA,50488.58268,16
30/03/2025,NICE.TA,50328.47347,17
31/03/2025,NICE.TA,49112.6077,18
01/04/2025,NICE.TA,48720.08285,19
02/04/2025,NICE.TA,47584.1278,20
03/04/2025,NICE.TA,46434.5616,21
04/04/2025,NICE.TA,46201.71047,22
05/04/2025,NICE.TA,47412.65681,23
06/04/2025,NICE.TA,47583.3854,24
07/04/2025,NICE.TA,47449.26852,25
08/04/2025,NICE.TA,47211.32903,26
09/04/2025,NICE.TA,47135.56159,27
10/04/2025,NICE.TA,46897.08971,28
11/04/2025,NICE.TA,46328.57318,29
12/04/2025,NICE.TA,47895.21507,30
14/03/2025,NISA.TA,1159.154143,1
15/03/2025,NISA.TA,1163.413829,2
16/03/2025,NISA.TA,1159.868266,3
17/03/2025,NISA.TA,1166.01563,4
18/03/2025,NISA.TA,1169.077297,5
19/03/2025,NISA.TA,1173.07965,6
20/03/2025,NISA.TA,1174.754792,7
21/03/2025,NISA.TA,1139.657304,8
22/03/2025,NISA.TA,1141.945691,9
23/03/2025,NISA.TA,1156.711402,10
24/03/2025,NISA.TA,1157.295134,11
25/03/2025,NISA.TA,1157.678182,12
26/03/2025,NISA.TA,1144.449646,13
27/03/2025,NISA.TA,1147.599393,14
28/03/2025,NISA.TA,1148.077369,15
29/03/2025,NISA.TA,1159.357123,16
30/03/2025,NISA.TA,1156.49736,17
31/03/2025,NISA.TA,1158.298455,18
01/04/2025,NISA.TA,1162.739594,19
02/04/2025,NISA.TA,1145.019626,20
03/04/2025,NISA.TA,1151.381406,21
04/04/2025,NISA.TA,1163.037833,22
05/04/2025,NISA.TA,1168.70141,23
06/04/2025,NISA.TA,1169.188175,24
07/04/2025,NISA.TA,1173.190909,25
08/04/2025,NISA.TA,1170.386106,26
09/04/2025,NISA.TA,1173.607235,27
10/04/2025,NISA.TA,1181.355524,28
11/04/2025,NISA.TA,1187.632245,29
12/04/2025,NISA.TA,1199.300622,30
14/03/2025,NOFR.TA,8170.375937,1
15/03/2025,NOFR.TA,8202.109076,2
16/03/2025,NOFR.TA,7966.454511,3
17/03/2025,NOFR.TA,7907.518056,4
18/03/2025,NOFR.TA,7849.017618,5
19/03/2025,NOFR.TA,7650.421778,6
20/03/2025,NOFR.TA,7626.321286,7
21/03/2025,NOFR.TA,7598.913246,8
22/03/2025,NOFR.TA,7628.426867,9
23/03/2025,NOFR.TA,7627.422935,10
24/03/2025,NOFR.TA,7515.589957,11
25/03/2025,NOFR.TA,7682.93688,12
26/03/2025,NOFR.TA,7766.635882,13
27/03/2025,NOFR.TA,7723.156235,14
28/03/2025,NOFR.TA,7671.276324,15
29/03/2025,NOFR.TA,7665.382503,16
30/03/2025,NOFR.TA,7875.537132,17
31/03/2025,NOFR.TA,7826.434525,18
01/04/2025,NOFR.TA,7828.797691,19
02/04/2025,NOFR.TA,7870.005047,20
03/04/2025,NOFR.TA,7929.460328,21
04/04/2025,NOFR.TA,7758.636337,22
05/04/2025,NOFR.TA,7746.332412,23
06/04/2025,NOFR.TA,7810.284518,24
07/04/2025,NOFR.TA,8163.827308,25
08/04/2025,NOFR.TA,8199.337734,26
09/04/2025,NOFR.TA,7903.870104,27
10/04/2025,NOFR.TA,7859.622184,28
11/04/2025,NOFR.TA,7849.404563,29
12/04/2025,NOFR.TA,7823.602105,30
14/03/2025,NSTR.TA,1109.418705,1
15/03/2025,NSTR.TA,1111.318903,2
16/03/2025,NSTR.TA,1147.100967,3
17/03/2025,NSTR.TA,1120.099577,4
18/03/2025,NSTR.TA,1087.099163,5
19/03/2025,NSTR.TA,1102.860347,6
20/03/2025,NSTR.TA,1137.317116,7
21/03/2025,NSTR.TA,1156.550775,8
22/03/2025,NSTR.TA,1175.314781,9
23/03/2025,NSTR.TA,1183.822056,10
24/03/2025,NSTR.TA,1187.22628,11
25/03/2025,NSTR.TA,1131.004669,12
26/03/2025,NSTR.TA,1156.428882,13
27/03/2025,NSTR.TA,1164.39196,14
28/03/2025,NSTR.TA,1103.894365,15
29/03/2025,NSTR.TA,1168.541708,16
30/03/2025,NSTR.TA,1141.035629,17
31/03/2025,NSTR.TA,1184.886067,18
01/04/2025,NSTR.TA,1196.986258,19
02/04/2025,NSTR.TA,1176.596354,20
03/04/2025,NSTR.TA,1187.642728,21
04/04/2025,NSTR.TA,1204.622581,22
05/04/2025,NSTR.TA,1234.107835,23
06/04/2025,NSTR.TA,1184.478903,24
07/04/2025,NSTR.TA,1160.890206,25
08/04/2025,NSTR.TA,1193.890006,26
09/04/2025,NSTR.TA,1173.323516,27
10/04/2025,NSTR.TA,1096.566054,28
11/04/2025,NSTR.TA,1118.778525,29
12/04/2025,NSTR.TA,1136.92971,30
14/03/2025,NVMI.TA,85671.23736,1
15/03/2025,NVMI.TA,84798.95956,2
16/03/2025,NVMI.TA,82694.15787,3
17/03/2025,NVMI.TA,85340.29701,4
18/03/2025,NVMI.TA,86828.51493,5
19/03/2025,NVMI.TA,88000.91478,6
20/03/2025,NVMI.TA,91170.16258,7
21/03/2025,NVMI.TA,81696.77875,8
22/03/2025,NVMI.TA,79837.80229,9
23/03/2025,NVMI.TA,80736.07683,10
24/03/2025,NVMI.TA,53981.61668,11
25/03/2025,NVMI.TA,53472.65705,12
26/03/2025,NVMI.TA,53129.23963,13
27/03/2025,NVMI.TA,53727.00963,14
28/03/2025,NVMI.TA,54002.70509,15
29/03/2025,NVMI.TA,53816.71106,16
30/03/2025,NVMI.TA,54650.93871,17
31/03/2025,NVMI.TA,53613.51215,18
01/04/2025,NVMI.TA,56885.58056,19
02/04/2025,NVMI.TA,55411.67455,20
03/04/2025,NVMI.TA,56131.85663,21
04/04/2025,NVMI.TA,55544.60834,22
05/04/2025,NVMI.TA,53657.64573,23
06/04/2025,NVMI.TA,54699.70976,24
07/04/2025,NVMI.TA,56545.33735,25
08/04/2025,NVMI.TA,53563.22173,26
09/04/2025,NVMI.TA,53219.22268,27
10/04/2025,NVMI.TA,54910.27629,28
11/04/2025,NVMI.TA,54189.43439,29
12/04/2025,NVMI.TA,53987.19573,30
14/03/2025,NVLG.TA,159.2867157,1
15/03/2025,NVLG.TA,162.3135102,2
16/03/2025,NVLG.TA,162.2614825,3
17/03/2025,NVLG.TA,165.5503304,4
18/03/2025,NVLG.TA,166.0573707,5
19/03/2025,NVLG.TA,168.8657877,6
20/03/2025,NVLG.TA,170.1699725,7
21/03/2025,NVLG.TA,169.8513086,8
22/03/2025,NVLG.TA,171.3298147,9
23/03/2025,NVLG.TA,171.7791692,10
24/03/2025,NVLG.TA,169.007776,11
25/03/2025,NVLG.TA,164.37025,12
26/03/2025,NVLG.TA,167.4251281,13
27/03/2025,NVLG.TA,162.8310295,14
28/03/2025,NVLG.TA,162.2905196,15
29/03/2025,NVLG.TA,164.5002772,16
30/03/2025,NVLG.TA,167.4099313,17
31/03/2025,NVLG.TA,168.3269418,18
01/04/2025,NVLG.TA,174.7683836,19
02/04/2025,NVLG.TA,176.1181554,20
03/04/2025,NVLG.TA,173.0947773,21
04/04/2025,NVLG.TA,173.4035593,22
05/04/2025,NVLG.TA,171.3745914,23
06/04/2025,NVLG.TA,172.5630373,24
07/04/2025,NVLG.TA,179.1665836,25
08/04/2025,NVLG.TA,185.1488754,26
09/04/2025,NVLG.TA,185.3535341,27
10/04/2025,NVLG.TA,189.1104305,28
11/04/2025,NVLG.TA,186.632923,29
12/04/2025,NVLG.TA,187.9271821,30
14/03/2025,NRGN.TA,315.7999113,1
15/03/2025,NRGN.TA,275.9475795,2
16/03/2025,NRGN.TA,283.5159874,3
17/03/2025,NRGN.TA,269.5626566,4
18/03/2025,NRGN.TA,262.0749194,5
19/03/2025,NRGN.TA,259.2006077,6
20/03/2025,NRGN.TA,262.2180287,7
21/03/2025,NRGN.TA,256.6754019,8
22/03/2025,NRGN.TA,255.5483809,9
23/03/2025,NRGN.TA,252.7726678,10
24/03/2025,NRGN.TA,247.4296921,11
25/03/2025,NRGN.TA,216.2053319,12
26/03/2025,NRGN.TA,217.9192569,13
27/03/2025,NRGN.TA,219.1536424,14
28/03/2025,NRGN.TA,227.4694244,15
29/03/2025,NRGN.TA,238.5229379,16
30/03/2025,NRGN.TA,238.5996654,17
31/03/2025,NRGN.TA,239.1440401,18
01/04/2025,NRGN.TA,231.4053137,19
02/04/2025,NRGN.TA,240.706193,20
03/04/2025,NRGN.TA,239.2803004,21
04/04/2025,NRGN.TA,234.8325925,22
05/04/2025,NRGN.TA,232.5033556,23
06/04/2025,NRGN.TA,242.7683369,24
07/04/2025,NRGN.TA,248.5067198,25
08/04/2025,NRGN.TA,246.7498692,26
09/04/2025,NRGN.TA,253.0724375,27
10/04/2025,NRGN.TA,261.2583615,28
11/04/2025,NRGN.TA,254.0194148,29
12/04/2025,NRGN.TA,228.171399,30
14/03/2025,NURI.TA,951.8231589,1
15/03/2025,NURI.TA,937.8843008,2
16/03/2025,NURI.TA,915.402979,3
17/03/2025,NURI.TA,878.2290502,4
18/03/2025,NURI.TA,842.9639301,5
19/03/2025,NURI.TA,792.6496976,6
20/03/2025,NURI.TA,757.7063598,7
21/03/2025,NURI.TA,768.4971962,8
22/03/2025,NURI.TA,760.7790955,9
23/03/2025,NURI.TA,813.5334994,10
24/03/2025,NURI.TA,1099.277636,11
25/03/2025,NURI.TA,1047.962436,12
26/03/2025,NURI.TA,1037.637836,13
27/03/2025,NURI.TA,1167.615015,14
28/03/2025,NURI.TA,1044.432604,15
29/03/2025,NURI.TA,1070.028815,16
30/03/2025,NURI.TA,1120.996438,17
31/03/2025,NURI.TA,1090.40917,18
01/04/2025,NURI.TA,1074.600056,19
02/04/2025,NURI.TA,1058.863207,20
03/04/2025,NURI.TA,1058.380305,21
04/04/2025,NURI.TA,470.0320552,22
05/04/2025,NURI.TA,455.2545691,23
06/04/2025,NURI.TA,440.4989275,24
07/04/2025,NURI.TA,450.6339004,25
08/04/2025,NURI.TA,445.9526111,26
09/04/2025,NURI.TA,499.3697413,27
10/04/2025,NURI.TA,517.7681205,28
11/04/2025,NURI.TA,502.1219238,29
12/04/2025,NURI.TA,460.6475452,30
14/03/2025,ORTC.TA,884.7006958,1
15/03/2025,ORTC.TA,897.1547022,2
16/03/2025,ORTC.TA,900.8218311,3
17/03/2025,ORTC.TA,900.7355264,4
18/03/2025,ORTC.TA,857.7759913,5
19/03/2025,ORTC.TA,960.7893172,6
20/03/2025,ORTC.TA,961.3566406,7
21/03/2025,ORTC.TA,1071.405969,8
22/03/2025,ORTC.TA,1072.166066,9
23/03/2025,ORTC.TA,1072.291947,10
24/03/2025,ORTC.TA,1054.874684,11
25/03/2025,ORTC.TA,1041.055339,12
26/03/2025,ORTC.TA,944.1712278,13
27/03/2025,ORTC.TA,870.2553887,14
28/03/2025,ORTC.TA,826.9968877,15
29/03/2025,ORTC.TA,828.6234706,16
30/03/2025,ORTC.TA,831.2493103,17
31/03/2025,ORTC.TA,841.1941475,18
01/04/2025,ORTC.TA,846.905508,19
02/04/2025,ORTC.TA,924.9124098,20
03/04/2025,ORTC.TA,966.7828798,21
04/04/2025,ORTC.TA,1002.462323,22
05/04/2025,ORTC.TA,1094.797276,23
06/04/2025,ORTC.TA,1101.598077,24
07/04/2025,ORTC.TA,1142.25292,25
08/04/2025,ORTC.TA,1149.348511,26
09/04/2025,ORTC.TA,1148.946777,27
10/04/2025,ORTC.TA,1152.214224,28
11/04/2025,ORTC.TA,1150.631508,29
12/04/2025,ORTC.TA,1150.824751,30
14/03/2025,ONE.TA,6983.571613,1
15/03/2025,ONE.TA,6956.984722,2
16/03/2025,ONE.TA,6803.329489,3
17/03/2025,ONE.TA,6670.939335,4
18/03/2025,ONE.TA,6796.194345,5
19/03/2025,ONE.TA,6856.3751,6
20/03/2025,ONE.TA,6855.008928,7
21/03/2025,ONE.TA,6797.082962,8
22/03/2025,ONE.TA,6744.512882,9
23/03/2025,ONE.TA,6703.744461,10
24/03/2025,ONE.TA,7110.344231,11
25/03/2025,ONE.TA,7185.018021,12
26/03/2025,ONE.TA,7348.578597,13
27/03/2025,ONE.TA,7359.216651,14
28/03/2025,ONE.TA,7468.104697,15
29/03/2025,ONE.TA,7218.287684,16
30/03/2025,ONE.TA,7216.905165,17
31/03/2025,ONE.TA,7079.065787,18
01/04/2025,ONE.TA,7016.858069,19
02/04/2025,ONE.TA,6959.119336,20
03/04/2025,ONE.TA,6958.061003,21
04/04/2025,ONE.TA,6925.197554,22
05/04/2025,ONE.TA,6954.701722,23
06/04/2025,ONE.TA,6983.082535,24
07/04/2025,ONE.TA,6749.490093,25
08/04/2025,ONE.TA,6956.606542,26
09/04/2025,ONE.TA,7201.501858,27
10/04/2025,ONE.TA,7121.133888,28
11/04/2025,ONE.TA,7286.307365,29
12/04/2025,ONE.TA,7316.001058,30
14/03/2025,OPAL.TA,257.0351123,1
15/03/2025,OPAL.TA,256.8179686,2
16/03/2025,OPAL.TA,251.1919577,3
17/03/2025,OPAL.TA,250.9735593,4
18/03/2025,OPAL.TA,251.7010828,5
19/03/2025,OPAL.TA,264.9397695,6
20/03/2025,OPAL.TA,271.8507007,7
21/03/2025,OPAL.TA,266.093154,8
22/03/2025,OPAL.TA,264.5049537,9
23/03/2025,OPAL.TA,257.0039997,10
24/03/2025,OPAL.TA,256.0315917,11
25/03/2025,OPAL.TA,255.9249923,12
26/03/2025,OPAL.TA,261.3396388,13
27/03/2025,OPAL.TA,260.66435,14
28/03/2025,OPAL.TA,260.2787717,15
29/03/2025,OPAL.TA,262.1735497,16
30/03/2025,OPAL.TA,265.6336556,17
31/03/2025,OPAL.TA,268.7907436,18
01/04/2025,OPAL.TA,268.9572071,19
02/04/2025,OPAL.TA,262.0883701,20
03/04/2025,OPAL.TA,256.3469026,21
04/04/2025,OPAL.TA,260.9776422,22
05/04/2025,OPAL.TA,254.3125936,23
06/04/2025,OPAL.TA,252.4731669,24
07/04/2025,OPAL.TA,250.5340528,25
08/04/2025,OPAL.TA,263.7113574,26
09/04/2025,OPAL.TA,264.1019823,27
10/04/2025,OPAL.TA,262.5256665,28
11/04/2025,OPAL.TA,260.0537773,29
12/04/2025,OPAL.TA,262.4137203,30
14/03/2025,OPCE.TA,3473.967267,1
15/03/2025,OPCE.TA,3504.620215,2
16/03/2025,OPCE.TA,3517.259174,3
17/03/2025,OPCE.TA,3519.204389,4
18/03/2025,OPCE.TA,3490.194609,5
19/03/2025,OPCE.TA,3543.778321,6
20/03/2025,OPCE.TA,3511.297516,7
21/03/2025,OPCE.TA,3586.35688,8
22/03/2025,OPCE.TA,3564.418845,9
23/03/2025,OPCE.TA,3588.17046,10
24/03/2025,OPCE.TA,3541.551667,11
25/03/2025,OPCE.TA,3532.440026,12
26/03/2025,OPCE.TA,3555.978549,13
27/03/2025,OPCE.TA,3593.345142,14
28/03/2025,OPCE.TA,3533.181094,15
29/03/2025,OPCE.TA,3583.429774,16
30/03/2025,OPCE.TA,3511.034975,17
31/03/2025,OPCE.TA,3447.418644,18
01/04/2025,OPCE.TA,3493.207867,19
02/04/2025,OPCE.TA,3559.245789,20
03/04/2025,OPCE.TA,3590.477952,21
04/04/2025,OPCE.TA,3557.402869,22
05/04/2025,OPCE.TA,3538.894361,23
06/04/2025,OPCE.TA,3593.423914,24
07/04/2025,OPCE.TA,3633.620577,25
08/04/2025,OPCE.TA,3741.230408,26
09/04/2025,OPCE.TA,3799.252877,27
10/04/2025,OPCE.TA,3854.913243,28
11/04/2025,OPCE.TA,3804.828832,29
12/04/2025,OPCE.TA,3825.301197,30
14/03/2025,OPK.TA,644.5282703,1
15/03/2025,OPK.TA,643.1182946,2
16/03/2025,OPK.TA,635.8306109,3
17/03/2025,OPK.TA,619.2434538,4
18/03/2025,OPK.TA,581.2934768,5
19/03/2025,OPK.TA,577.6912745,6
20/03/2025,OPK.TA,585.6881807,7
21/03/2025,OPK.TA,592.2972016,8
22/03/2025,OPK.TA,577.8425171,9
23/03/2025,OPK.TA,590.9290297,10
24/03/2025,OPK.TA,611.1029703,11
25/03/2025,OPK.TA,605.4415834,12
26/03/2025,OPK.TA,594.1422643,13
27/03/2025,OPK.TA,583.0538237,14
28/03/2025,OPK.TA,600.163914,15
29/03/2025,OPK.TA,633.6683641,16
30/03/2025,OPK.TA,628.2852116,17
31/03/2025,OPK.TA,626.6021561,18
01/04/2025,OPK.TA,624.6430128,19
02/04/2025,OPK.TA,479.6315958,20
03/04/2025,OPK.TA,458.2991958,21
04/04/2025,OPK.TA,427.7199196,22
05/04/2025,OPK.TA,433.0371575,23
06/04/2025,OPK.TA,428.8240055,24
07/04/2025,OPK.TA,433.5685103,25
08/04/2025,OPK.TA,431.0219835,26
09/04/2025,OPK.TA,423.6160555,27
10/04/2025,OPK.TA,422.2915714,28
11/04/2025,OPK.TA,403.8947906,29
12/04/2025,OPK.TA,411.9234511,30
14/03/2025,ORAD.TA,89.098702,1
15/03/2025,ORAD.TA,89.08604408,2
16/03/2025,ORAD.TA,87.57452707,3
17/03/2025,ORAD.TA,87.60264388,4
18/03/2025,ORAD.TA,87.74026789,5
19/03/2025,ORAD.TA,89.43558252,6
20/03/2025,ORAD.TA,89.33866941,7
21/03/2025,ORAD.TA,86.93931571,8
22/03/2025,ORAD.TA,87.07730489,9
23/03/2025,ORAD.TA,88.16220595,10
24/03/2025,ORAD.TA,84.53764834,11
25/03/2025,ORAD.TA,84.03203827,12
26/03/2025,ORAD.TA,83.75028539,13
27/03/2025,ORAD.TA,81.78804247,14
28/03/2025,ORAD.TA,81.25752785,15
29/03/2025,ORAD.TA,81.2459839,16
30/03/2025,ORAD.TA,75.27606409,17
31/03/2025,ORAD.TA,75.30480246,18
01/04/2025,ORAD.TA,74.41976902,19
02/04/2025,ORAD.TA,75.01401236,20
03/04/2025,ORAD.TA,77.32843537,21
04/04/2025,ORAD.TA,73.33857669,22
05/04/2025,ORAD.TA,72.62024655,23
06/04/2025,ORAD.TA,76.15960734,24
07/04/2025,ORAD.TA,76.1782267,25
08/04/2025,ORAD.TA,76.19685061,26
09/04/2025,ORAD.TA,72.32215288,27
10/04/2025,ORAD.TA,72.02828932,28
11/04/2025,ORAD.TA,70.80619011,29
12/04/2025,ORAD.TA,71.00458753,30
14/03/2025,ORMP.TA,843.9576433,1
15/03/2025,ORMP.TA,844.7334213,2
16/03/2025,ORMP.TA,869.6355595,3
17/03/2025,ORMP.TA,839.6598073,4
18/03/2025,ORMP.TA,844.8855837,5
19/03/2025,ORMP.TA,826.2983741,6
20/03/2025,ORMP.TA,786.1324936,7
21/03/2025,ORMP.TA,765.8549362,8
22/03/2025,ORMP.TA,740.0427873,9
23/03/2025,ORMP.TA,770.6348676,10
24/03/2025,ORMP.TA,749.7520571,11
25/03/2025,ORMP.TA,757.331189,12
26/03/2025,ORMP.TA,702.8902607,13
27/03/2025,ORMP.TA,701.7309583,14
28/03/2025,ORMP.TA,660.10304,15
29/03/2025,ORMP.TA,643.5547109,16
30/03/2025,ORMP.TA,666.7694796,17
31/03/2025,ORMP.TA,665.2652341,18
01/04/2025,ORMP.TA,635.2230426,19
02/04/2025,ORMP.TA,606.4351446,20
03/04/2025,ORMP.TA,610.4398922,21
04/04/2025,ORMP.TA,614.2390766,22
05/04/2025,ORMP.TA,595.6484248,23
06/04/2025,ORMP.TA,601.8024814,24
07/04/2025,ORMP.TA,608.0201198,25
08/04/2025,ORMP.TA,621.9735064,26
09/04/2025,ORMP.TA,591.7397382,27
10/04/2025,ORMP.TA,580.7878233,28
11/04/2025,ORMP.TA,600.17727,29
12/04/2025,ORMP.TA,557.0333877,30
14/03/2025,ORBI.TA,3185.14128,1
15/03/2025,ORBI.TA,3212.038568,2
16/03/2025,ORBI.TA,3304.636036,3
17/03/2025,ORBI.TA,3290.483722,4
18/03/2025,ORBI.TA,3269.161001,5
19/03/2025,ORBI.TA,3308.682831,6
20/03/2025,ORBI.TA,3367.646294,7
21/03/2025,ORBI.TA,3358.291419,8
22/03/2025,ORBI.TA,3400.55535,9
23/03/2025,ORBI.TA,3314.319813,10
24/03/2025,ORBI.TA,3292.842631,11
25/03/2025,ORBI.TA,3300.987118,12
26/03/2025,ORBI.TA,3264.505098,13
27/03/2025,ORBI.TA,3259.797144,14
28/03/2025,ORBI.TA,3251.270117,15
29/03/2025,ORBI.TA,3184.678938,16
30/03/2025,ORBI.TA,3171.040349,17
31/03/2025,ORBI.TA,3255.061494,18
01/04/2025,ORBI.TA,3282.549231,19
02/04/2025,ORBI.TA,3272.087975,20
03/04/2025,ORBI.TA,3213.533947,21
04/04/2025,ORBI.TA,3142.159025,22
05/04/2025,ORBI.TA,3108.554081,23
06/04/2025,ORBI.TA,3075.214692,24
07/04/2025,ORBI.TA,3055.286939,25
08/04/2025,ORBI.TA,3032.906089,26
09/04/2025,ORBI.TA,3114.661717,27
10/04/2025,ORBI.TA,3065.201696,28
11/04/2025,ORBI.TA,3045.530886,29
12/04/2025,ORBI.TA,3065.60033,30
14/03/2025,ORIN.TA,2460.371295,1
15/03/2025,ORIN.TA,2492.292512,2
16/03/2025,ORIN.TA,2768.895287,3
17/03/2025,ORIN.TA,2792.829214,4
18/03/2025,ORIN.TA,2811.98881,5
19/03/2025,ORIN.TA,2928.739052,6
20/03/2025,ORIN.TA,2941.967602,7
21/03/2025,ORIN.TA,2974.498443,8
22/03/2025,ORIN.TA,2987.310558,9
23/03/2025,ORIN.TA,3200.212803,10
24/03/2025,ORIN.TA,3331.041612,11
25/03/2025,ORIN.TA,3356.788031,12
26/03/2025,ORIN.TA,3692.427359,13
27/03/2025,ORIN.TA,3733.256417,14
28/03/2025,ORIN.TA,3875.093545,15
29/03/2025,ORIN.TA,3750.485786,16
30/03/2025,ORIN.TA,3736.229092,17
31/03/2025,ORIN.TA,3519.262649,18
01/04/2025,ORIN.TA,3515.487788,19
02/04/2025,ORIN.TA,3414.350954,20
03/04/2025,ORIN.TA,3588.879925,21
04/04/2025,ORIN.TA,3493.763133,22
05/04/2025,ORIN.TA,3485.440512,23
06/04/2025,ORIN.TA,3492.604014,24
07/04/2025,ORIN.TA,3504.381129,25
08/04/2025,ORIN.TA,3482.725939,26
09/04/2025,ORIN.TA,3497.053304,27
10/04/2025,ORIN.TA,3492.337974,28
11/04/2025,ORIN.TA,3519.161521,29
12/04/2025,ORIN.TA,3511.790693,30
14/03/2025,ORA.TA,26153.82,1
15/03/2025,ORA.TA,25731.44569,2
16/03/2025,ORA.TA,25445.88504,3
17/03/2025,ORA.TA,25578.0276,4
18/03/2025,ORA.TA,25543.06268,5
19/03/2025,ORA.TA,24242.09262,6
20/03/2025,ORA.TA,24120.67104,7
21/03/2025,ORA.TA,23999.40703,8
22/03/2025,ORA.TA,23445.88232,9
23/03/2025,ORA.TA,22905.12416,10
24/03/2025,ORA.TA,22768.87131,11
25/03/2025,ORA.TA,22468.95634,12
26/03/2025,ORA.TA,22503.7329,13
27/03/2025,ORA.TA,21938.23859,14
28/03/2025,ORA.TA,21575.39351,15
29/03/2025,ORA.TA,21033.22735,16
30/03/2025,ORA.TA,21565.94269,17
31/03/2025,ORA.TA,21407.83827,18
01/04/2025,ORA.TA,21006.26265,19
02/04/2025,ORA.TA,20748.33787,20
03/04/2025,ORA.TA,20625.40296,21
04/04/2025,ORA.TA,20825.94302,22
05/04/2025,ORA.TA,21037.05533,23
06/04/2025,ORA.TA,20490.59435,24
07/04/2025,ORA.TA,21212.59295,25
08/04/2025,ORA.TA,21030.16345,26
09/04/2025,ORA.TA,20623.13265,27
10/04/2025,ORA.TA,20506.52062,28
11/04/2025,ORA.TA,20554.15879,29
12/04/2025,ORA.TA,20676.94804,30
14/03/2025,ORON.TA,1073.009237,1
15/03/2025,ORON.TA,1075.613957,2
16/03/2025,ORON.TA,1073.698762,3
17/03/2025,ORON.TA,1100.079283,4
18/03/2025,ORON.TA,1101.9461,5
19/03/2025,ORON.TA,1107.86459,6
20/03/2025,ORON.TA,1148.064101,7
21/03/2025,ORON.TA,1189.722274,8
22/03/2025,ORON.TA,1209.589201,9
23/03/2025,ORON.TA,1248.481986,10
24/03/2025,ORON.TA,1220.74374,11
25/03/2025,ORON.TA,1211.209172,12
26/03/2025,ORON.TA,1203.502135,13
27/03/2025,ORON.TA,1232.639147,14
28/03/2025,ORON.TA,1187.803871,15
29/03/2025,ORON.TA,1200.18087,16
30/03/2025,ORON.TA,1204.440956,17
31/03/2025,ORON.TA,1178.482079,18
01/04/2025,ORON.TA,1187.496579,19
02/04/2025,ORON.TA,1188.038556,20
03/04/2025,ORON.TA,1163.975054,21
04/04/2025,ORON.TA,1206.210565,22
05/04/2025,ORON.TA,1213.742142,23
06/04/2025,ORON.TA,1240.640089,24
07/04/2025,ORON.TA,1255.579672,25
08/04/2025,ORON.TA,1283.115386,26
09/04/2025,ORON.TA,1281.736209,27
10/04/2025,ORON.TA,1275.93224,28
11/04/2025,ORON.TA,1269.998041,29
12/04/2025,ORON.TA,1290.542214,30
14/03/2025,OVRS.TA,462.1791268,1
15/03/2025,OVRS.TA,464.7268024,2
16/03/2025,OVRS.TA,464.2012115,3
17/03/2025,OVRS.TA,464.0313708,4
18/03/2025,OVRS.TA,464.6589198,5
19/03/2025,OVRS.TA,465.8098436,6
20/03/2025,OVRS.TA,466.6630407,7
21/03/2025,OVRS.TA,465.9000899,8
22/03/2025,OVRS.TA,462.6159808,9
23/03/2025,OVRS.TA,461.5207174,10
24/03/2025,OVRS.TA,464.0646792,11
25/03/2025,OVRS.TA,461.8900244,12
26/03/2025,OVRS.TA,462.4410669,13
27/03/2025,OVRS.TA,472.1660418,14
28/03/2025,OVRS.TA,472.804592,15
29/03/2025,OVRS.TA,478.8004497,16
30/03/2025,OVRS.TA,472.9301316,17
31/03/2025,OVRS.TA,473.2534559,18
01/04/2025,OVRS.TA,468.655428,19
02/04/2025,OVRS.TA,468.3286436,20
03/04/2025,OVRS.TA,469.2324911,21
04/04/2025,OVRS.TA,470.3947433,22
05/04/2025,OVRS.TA,470.5464451,23
06/04/2025,OVRS.TA,467.2469778,24
07/04/2025,OVRS.TA,469.0070451,25
08/04/2025,OVRS.TA,463.9247676,26
09/04/2025,OVRS.TA,461.2901808,27
10/04/2025,OVRS.TA,451.2605766,28
11/04/2025,OVRS.TA,451.6781552,29
12/04/2025,OVRS.TA,448.3605645,30
14/03/2025,PLRM.TA,8859.459806,1
15/03/2025,PLRM.TA,8828.123426,2
16/03/2025,PLRM.TA,8896.833279,3
17/03/2025,PLRM.TA,9031.560538,4
18/03/2025,PLRM.TA,9199.949617,5
19/03/2025,PLRM.TA,9320.07699,6
20/03/2025,PLRM.TA,9326.004308,7
21/03/2025,PLRM.TA,9622.730881,8
22/03/2025,PLRM.TA,9726.567445,9
23/03/2025,PLRM.TA,9797.004566,10
24/03/2025,PLRM.TA,9643.702691,11
25/03/2025,PLRM.TA,9586.384402,12
26/03/2025,PLRM.TA,9436.378276,13
27/03/2025,PLRM.TA,9563.358422,14
28/03/2025,PLRM.TA,9588.536054,15
29/03/2025,PLRM.TA,9749.085898,16
30/03/2025,PLRM.TA,9788.974434,17
31/03/2025,PLRM.TA,9880.782003,18
01/04/2025,PLRM.TA,9961.024356,19
02/04/2025,PLRM.TA,10111.86696,20
03/04/2025,PLRM.TA,10264.99382,21
04/04/2025,PLRM.TA,10572.6089,22
05/04/2025,PLRM.TA,10702.24042,23
06/04/2025,PLRM.TA,11211.15923,24
07/04/2025,PLRM.TA,11038.19875,25
08/04/2025,PLRM.TA,11122.18973,26
09/04/2025,PLRM.TA,11199.71973,27
10/04/2025,PLRM.TA,11322.51485,28
11/04/2025,PLRM.TA,11533.61766,29
12/04/2025,PLRM.TA,11684.21666,30
14/03/2025,PRKM.TA,540.5150817,1
15/03/2025,PRKM.TA,537.0629142,2
16/03/2025,PRKM.TA,537.4564897,3
17/03/2025,PRKM.TA,530.823081,4
18/03/2025,PRKM.TA,542.3654226,5
19/03/2025,PRKM.TA,549.1819033,6
20/03/2025,PRKM.TA,548.2684806,7
21/03/2025,PRKM.TA,514.0504791,8
22/03/2025,PRKM.TA,524.2089224,9
23/03/2025,PRKM.TA,528.3275654,10
24/03/2025,PRKM.TA,532.0086766,11
25/03/2025,PRKM.TA,523.4394883,12
26/03/2025,PRKM.TA,499.6572064,13
27/03/2025,PRKM.TA,468.4730848,14
28/03/2025,PRKM.TA,475.4408226,15
29/03/2025,PRKM.TA,475.0130909,16
30/03/2025,PRKM.TA,477.1729096,17
31/03/2025,PRKM.TA,479.3425487,18
01/04/2025,PRKM.TA,478.5452858,19
02/04/2025,PRKM.TA,510.4498874,20
03/04/2025,PRKM.TA,510.2538421,21
04/04/2025,PRKM.TA,514.2628417,22
05/04/2025,PRKM.TA,531.2543064,23
06/04/2025,PRKM.TA,525.6637376,24
07/04/2025,PRKM.TA,525.5977117,25
08/04/2025,PRKM.TA,532.2034548,26
09/04/2025,PRKM.TA,528.804372,27
10/04/2025,PRKM.TA,528.7379517,28
11/04/2025,PRKM.TA,536.2366073,29
12/04/2025,PRKM.TA,529.6182547,30
14/03/2025,PTNR.TA,2671.462623,1
15/03/2025,PTNR.TA,2820.23322,2
16/03/2025,PTNR.TA,2828.667063,3
17/03/2025,PTNR.TA,2843.825279,4
18/03/2025,PTNR.TA,2772.77087,5
19/03/2025,PTNR.TA,2819.100053,6
20/03/2025,PTNR.TA,2844.753058,7
21/03/2025,PTNR.TA,2913.88688,8
22/03/2025,PTNR.TA,2946.343873,9
23/03/2025,PTNR.TA,2906.810217,10
24/03/2025,PTNR.TA,2895.051442,11
25/03/2025,PTNR.TA,2841.34814,12
26/03/2025,PTNR.TA,2940.552138,13
27/03/2025,PTNR.TA,2945.635458,14
28/03/2025,PTNR.TA,2960.447792,15
29/03/2025,PTNR.TA,2949.361004,16
30/03/2025,PTNR.TA,2947.865447,17
31/03/2025,PTNR.TA,2952.928288,18
01/04/2025,PTNR.TA,2993.524998,19
02/04/2025,PTNR.TA,2969.460235,20
03/04/2025,PTNR.TA,2864.518029,21
04/04/2025,PTNR.TA,2832.398021,22
05/04/2025,PTNR.TA,2779.856943,23
06/04/2025,PTNR.TA,2843.934536,24
07/04/2025,PTNR.TA,2858.23546,25
08/04/2025,PTNR.TA,2886.234492,26
09/04/2025,PTNR.TA,2793.509219,27
10/04/2025,PTNR.TA,2820.564108,28
11/04/2025,PTNR.TA,2797.889767,29
12/04/2025,PTNR.TA,2953.700941,30
14/03/2025,PMNT.TA,399.5831771,1
15/03/2025,PMNT.TA,416.1011867,2
16/03/2025,PMNT.TA,419.9301237,3
17/03/2025,PMNT.TA,420.6580545,4
18/03/2025,PMNT.TA,408.4168162,5
19/03/2025,PMNT.TA,413.7997773,6
20/03/2025,PMNT.TA,418.9537887,7
21/03/2025,PMNT.TA,431.3942069,8
22/03/2025,PMNT.TA,432.1420103,9
23/03/2025,PMNT.TA,441.8253042,10
24/03/2025,PMNT.TA,445.8909528,11
25/03/2025,PMNT.TA,455.1047148,12
26/03/2025,PMNT.TA,466.8424333,13
27/03/2025,PMNT.TA,467.2799566,14
28/03/2025,PMNT.TA,460.3544588,15
29/03/2025,PMNT.TA,469.1355016,16
30/03/2025,PMNT.TA,460.7202329,17
31/03/2025,PMNT.TA,452.4559157,18
01/04/2025,PMNT.TA,452.2809974,19
02/04/2025,PMNT.TA,445.5694663,20
03/04/2025,PMNT.TA,440.6028113,21
04/04/2025,PMNT.TA,451.9665077,22
05/04/2025,PMNT.TA,442.6947261,23
06/04/2025,PMNT.TA,432.6102599,24
07/04/2025,PMNT.TA,441.8663435,25
08/04/2025,PMNT.TA,444.3728294,26
09/04/2025,PMNT.TA,442.4937951,27
10/04/2025,PMNT.TA,437.903713,28
11/04/2025,PMNT.TA,443.3579468,29
12/04/2025,PMNT.TA,451.8147892,30
14/03/2025,PAYT.TA,6883.555779,1
15/03/2025,PAYT.TA,6862.065227,2
16/03/2025,PAYT.TA,6851.231224,3
17/03/2025,PAYT.TA,6750.3107,4
18/03/2025,PAYT.TA,6815.330412,5
19/03/2025,PAYT.TA,6839.61795,6
20/03/2025,PAYT.TA,6796.579767,7
21/03/2025,PAYT.TA,6862.075875,8
22/03/2025,PAYT.TA,6938.175104,9
23/03/2025,PAYT.TA,6910.790373,10
24/03/2025,PAYT.TA,6923.054017,11
25/03/2025,PAYT.TA,7341.366361,12
26/03/2025,PAYT.TA,7307.841652,13
27/03/2025,PAYT.TA,7372.645067,14
28/03/2025,PAYT.TA,7362.194456,15
29/03/2025,PAYT.TA,7333.522572,16
30/03/2025,PAYT.TA,7404.192999,17
31/03/2025,PAYT.TA,7393.697669,18
01/04/2025,PAYT.TA,7451.094428,19
02/04/2025,PAYT.TA,7372.714969,20
03/04/2025,PAYT.TA,7339.047106,21
04/04/2025,PAYT.TA,7311.175925,22
05/04/2025,PAYT.TA,6829.175342,23
06/04/2025,PAYT.TA,6889.73411,24
07/04/2025,PAYT.TA,7001.064189,25
08/04/2025,PAYT.TA,7063.147207,26
09/04/2025,PAYT.TA,7125.780756,27
10/04/2025,PAYT.TA,7168.278987,28
11/04/2025,PAYT.TA,7252.718592,29
12/04/2025,PAYT.TA,7234.149624,30
14/03/2025,PAZ.TA,50478.36967,1
15/03/2025,PAZ.TA,51109.59773,2
16/03/2025,PAZ.TA,51383.13863,3
17/03/2025,PAZ.TA,51294.25413,4
18/03/2025,PAZ.TA,51684.32294,5
19/03/2025,PAZ.TA,51372.45268,6
20/03/2025,PAZ.TA,51534.64042,7
21/03/2025,PAZ.TA,51223.67336,8
22/03/2025,PAZ.TA,51407.14386,9
23/03/2025,PAZ.TA,51076.21546,10
24/03/2025,PAZ.TA,49690.90039,11
25/03/2025,PAZ.TA,49369.72311,12
26/03/2025,PAZ.TA,49685.32139,13
27/03/2025,PAZ.TA,49916.53341,14
28/03/2025,PAZ.TA,49654.22946,15
29/03/2025,PAZ.TA,51437.59264,16
30/03/2025,PAZ.TA,50563.21657,17
31/03/2025,PAZ.TA,50792.13666,18
01/04/2025,PAZ.TA,51700.45913,19
02/04/2025,PAZ.TA,51640.25563,20
03/04/2025,PAZ.TA,52360.8442,21
04/04/2025,PAZ.TA,52250.93463,22
05/04/2025,PAZ.TA,51896.8429,23
06/04/2025,PAZ.TA,54013.53101,24
07/04/2025,PAZ.TA,54044.94023,25
08/04/2025,PAZ.TA,53980.09072,26
09/04/2025,PAZ.TA,54072.87129,27
10/04/2025,PAZ.TA,54737.66006,28
11/04/2025,PAZ.TA,54366.7164,29
12/04/2025,PAZ.TA,56015.30151,30
14/03/2025,PCBT.TA,806.2766272,1
15/03/2025,PCBT.TA,911.4669154,2
16/03/2025,PCBT.TA,949.3132609,3
17/03/2025,PCBT.TA,994.784394,4
18/03/2025,PCBT.TA,972.578633,5
19/03/2025,PCBT.TA,966.9691426,6
20/03/2025,PCBT.TA,1006.266816,7
21/03/2025,PCBT.TA,1032.798579,8
22/03/2025,PCBT.TA,1039.336613,9
23/03/2025,PCBT.TA,1096.14809,10
24/03/2025,PCBT.TA,1095.47607,11
25/03/2025,PCBT.TA,1092.049875,12
26/03/2025,PCBT.TA,1102.37966,13
27/03/2025,PCBT.TA,1148.153172,14
28/03/2025,PCBT.TA,1182.739031,15
29/03/2025,PCBT.TA,1210.085752,16
30/03/2025,PCBT.TA,1195.787831,17
31/03/2025,PCBT.TA,1230.700756,18
01/04/2025,PCBT.TA,1195.633408,19
02/04/2025,PCBT.TA,1252.903024,20
03/04/2025,PCBT.TA,1277.598013,21
04/04/2025,PCBT.TA,1287.393537,22
05/04/2025,PCBT.TA,1316.656035,23
06/04/2025,PCBT.TA,1302.168698,24
07/04/2025,PCBT.TA,1311.479614,25
08/04/2025,PCBT.TA,1310.675581,26
09/04/2025,PCBT.TA,1273.329446,27
10/04/2025,PCBT.TA,1308.385812,28
11/04/2025,PCBT.TA,1292.926414,29
12/04/2025,PCBT.TA,1299.850997,30
14/03/2025,PEN.TA,237.384104,1
15/03/2025,PEN.TA,253.3520736,2
16/03/2025,PEN.TA,256.10527,3
17/03/2025,PEN.TA,259.3162681,4
18/03/2025,PEN.TA,258.0965893,5
19/03/2025,PEN.TA,257.9254373,6
20/03/2025,PEN.TA,264.8519973,7
21/03/2025,PEN.TA,267.5100217,8
22/03/2025,PEN.TA,263.8992366,9
23/03/2025,PEN.TA,259.3230743,10
24/03/2025,PEN.TA,257.4681957,11
25/03/2025,PEN.TA,257.003359,12
26/03/2025,PEN.TA,259.5826154,13
27/03/2025,PEN.TA,257.317518,14
28/03/2025,PEN.TA,259.0902066,15
29/03/2025,PEN.TA,260.1080488,16
30/03/2025,PEN.TA,263.369233,17
31/03/2025,PEN.TA,264.0463528,18
01/04/2025,PEN.TA,262.7075216,19
02/04/2025,PEN.TA,263.5472101,20
03/04/2025,PEN.TA,268.5375452,21
04/04/2025,PEN.TA,267.8923072,22
05/04/2025,PEN.TA,273.4371727,23
06/04/2025,PEN.TA,275.1370254,24
07/04/2025,PEN.TA,269.6347093,25
08/04/2025,PEN.TA,272.3474542,26
09/04/2025,PEN.TA,271.3066726,27
10/04/2025,PEN.TA,274.0294754,28
11/04/2025,PEN.TA,271.8183844,29
12/04/2025,PEN.TA,272.1062676,30
14/03/2025,PERI.TA,3264.577653,1
15/03/2025,PERI.TA,3342.458416,2
16/03/2025,PERI.TA,3408.565993,3
17/03/2025,PERI.TA,3413.733855,4
18/03/2025,PERI.TA,3465.76671,5
19/03/2025,PERI.TA,3384.872965,6
20/03/2025,PERI.TA,3462.638645,7
21/03/2025,PERI.TA,3451.089036,8
22/03/2025,PERI.TA,3389.350352,9
23/03/2025,PERI.TA,3452.580999,10
24/03/2025,PERI.TA,3522.439492,11
25/03/2025,PERI.TA,3533.403877,12
26/03/2025,PERI.TA,3573.017184,13
27/03/2025,PERI.TA,3506.279098,14
28/03/2025,PERI.TA,3440.239201,15
29/03/2025,PERI.TA,3371.103971,16
30/03/2025,PERI.TA,3493.565754,17
31/03/2025,PERI.TA,3460.326168,18
01/04/2025,PERI.TA,3452.477322,19
02/04/2025,PERI.TA,3520.760868,20
03/04/2025,PERI.TA,3560.232433,21
04/04/2025,PERI.TA,3496.033614,22
05/04/2025,PERI.TA,2570.223114,23
06/04/2025,PERI.TA,2599.038115,24
07/04/2025,PERI.TA,2843.552243,25
08/04/2025,PERI.TA,2784.228835,26
09/04/2025,PERI.TA,2818.626662,27
10/04/2025,PERI.TA,2875.657911,28
11/04/2025,PERI.TA,2896.387832,29
12/04/2025,PERI.TA,2811.364674,30
14/03/2025,PTCH.TA,208.6193021,1
15/03/2025,PTCH.TA,208.4137181,2
16/03/2025,PTCH.TA,203.3944658,3
17/03/2025,PTCH.TA,207.6300647,4
18/03/2025,PTCH.TA,208.3906508,5
19/03/2025,PTCH.TA,211.5797949,6
20/03/2025,PTCH.TA,211.9904165,7
21/03/2025,PTCH.TA,204.5282964,8
22/03/2025,PTCH.TA,209.1202313,9
23/03/2025,PTCH.TA,206.0178247,10
24/03/2025,PTCH.TA,204.1626341,11
25/03/2025,PTCH.TA,202.0499695,12
26/03/2025,PTCH.TA,205.3752096,13
27/03/2025,PTCH.TA,203.5449046,14
28/03/2025,PTCH.TA,207.3309784,15
29/03/2025,PTCH.TA,204.2551163,16
30/03/2025,PTCH.TA,205.314271,17
31/03/2025,PTCH.TA,204.8486533,18
01/04/2025,PTCH.TA,208.4022517,19
02/04/2025,PTCH.TA,206.4779762,20
03/04/2025,PTCH.TA,200.6581074,21
04/04/2025,PTCH.TA,199.7503911,22
05/04/2025,PTCH.TA,197.4818448,23
06/04/2025,PTCH.TA,195.0252124,24
07/04/2025,PTCH.TA,194.5722185,25
08/04/2025,PTCH.TA,191.6856391,26
09/04/2025,PTCH.TA,191.2509289,27
10/04/2025,PTCH.TA,191.1533227,28
11/04/2025,PTCH.TA,195.8600212,29
12/04/2025,PTCH.TA,198.2440418,30
14/03/2025,PTX.TA,55.0202321,1
15/03/2025,PTX.TA,53.90340135,2
16/03/2025,PTX.TA,54.0349653,3
17/03/2025,PTX.TA,53.04287208,4
18/03/2025,PTX.TA,55.73172057,5
19/03/2025,PTX.TA,56.52938311,6
20/03/2025,PTX.TA,50.55836018,7
21/03/2025,PTX.TA,51.03935774,8
22/03/2025,PTX.TA,49.04756613,9
23/03/2025,PTX.TA,48.98956155,10
24/03/2025,PTX.TA,48.88920006,11
25/03/2025,PTX.TA,43.7251859,12
26/03/2025,PTX.TA,43.60008028,13
27/03/2025,PTX.TA,44.07017948,14
28/03/2025,PTX.TA,44.06300949,15
29/03/2025,PTX.TA,47.66159915,16
30/03/2025,PTX.TA,44.46969275,17
31/03/2025,PTX.TA,43.7734919,18
01/04/2025,PTX.TA,41.00063953,19
02/04/2025,PTX.TA,41.39070771,20
03/04/2025,PTX.TA,41.24087701,21
04/04/2025,PTX.TA,42.51658993,22
05/04/2025,PTX.TA,42.45196908,23
06/04/2025,PTX.TA,38.77967239,24
07/04/2025,PTX.TA,36.397896,25
08/04/2025,PTX.TA,38.3334569,26
09/04/2025,PTX.TA,37.6664387,27
10/04/2025,PTX.TA,37.66031057,28
11/04/2025,PTX.TA,38.30445814,29
12/04/2025,PTX.TA,38.27588998,30
14/03/2025,PHOE.TA,5974.338287,1
15/03/2025,PHOE.TA,5976.389211,2
16/03/2025,PHOE.TA,5963.320957,3
17/03/2025,PHOE.TA,5984.878118,4
18/03/2025,PHOE.TA,6061.073418,5
19/03/2025,PHOE.TA,5946.705496,6
20/03/2025,PHOE.TA,5948.809454,7
21/03/2025,PHOE.TA,5999.252302,8
22/03/2025,PHOE.TA,5946.812191,9
23/03/2025,PHOE.TA,5937.146068,10
24/03/2025,PHOE.TA,5934.121708,11
25/03/2025,PHOE.TA,5935.594167,12
26/03/2025,PHOE.TA,5816.308862,13
27/03/2025,PHOE.TA,5964.38915,14
28/03/2025,PHOE.TA,5998.016019,15
29/03/2025,PHOE.TA,6131.927763,16
30/03/2025,PHOE.TA,6160.566813,17
31/03/2025,PHOE.TA,6224.46387,18
01/04/2025,PHOE.TA,6253.535108,19
02/04/2025,PHOE.TA,6466.951107,20
03/04/2025,PHOE.TA,6470.519931,21
04/04/2025,PHOE.TA,6298.7275,22
05/04/2025,PHOE.TA,6396.453414,23
06/04/2025,PHOE.TA,6399.983333,24
07/04/2025,PHOE.TA,6432.62869,25
08/04/2025,PHOE.TA,6450.10556,26
09/04/2025,PHOE.TA,6316.235996,27
10/04/2025,PHOE.TA,6348.077426,28
11/04/2025,PHOE.TA,6389.875741,29
12/04/2025,PHOE.TA,6490.488907,30
14/03/2025,PHTM.TA,3116.956853,1
15/03/2025,PHTM.TA,2998.753749,2
16/03/2025,PHTM.TA,2847.872053,3
17/03/2025,PHTM.TA,2848.622028,4
18/03/2025,PHTM.TA,2912.872693,5
19/03/2025,PHTM.TA,2846.659131,6
20/03/2025,PHTM.TA,2876.852842,7
21/03/2025,PHTM.TA,2887.29009,8
22/03/2025,PHTM.TA,2873.585624,9
23/03/2025,PHTM.TA,2818.306281,10
24/03/2025,PHTM.TA,2965.570106,11
25/03/2025,PHTM.TA,3021.405575,12
26/03/2025,PHTM.TA,2993.520299,13
27/03/2025,PHTM.TA,3049.882012,14
28/03/2025,PHTM.TA,3016.796638,15
29/03/2025,PHTM.TA,3017.306415,16
30/03/2025,PHTM.TA,3041.383267,17
31/03/2025,PHTM.TA,3034.521742,18
01/04/2025,PHTM.TA,3001.602997,19
02/04/2025,PHTM.TA,3025.19351,20
03/04/2025,PHTM.TA,2953.220212,21
04/04/2025,PHTM.TA,2929.358925,22
05/04/2025,PHTM.TA,2833.107717,23
06/04/2025,PHTM.TA,2819.660427,24
07/04/2025,PHTM.TA,2793.637105,25
08/04/2025,PHTM.TA,2827.071456,26
09/04/2025,PHTM.TA,2817.263076,27
10/04/2025,PHTM.TA,2818.00499,28
11/04/2025,PHTM.TA,2804.629385,29
12/04/2025,PHTM.TA,2750.676558,30
14/03/2025,PLNT.TA,99.70316381,1
15/03/2025,PLNT.TA,119.3740856,2
16/03/2025,PLNT.TA,193.0262714,3
17/03/2025,PLNT.TA,312.1208532,4
18/03/2025,PLNT.TA,255.21065,5
19/03/2025,PLNT.TA,129.4193082,6
20/03/2025,PLNT.TA,119.1956724,7
21/03/2025,PLNT.TA,109.7796652,8
22/03/2025,PLNT.TA,80.66947225,9
23/03/2025,PLNT.TA,169.4124964,10
24/03/2025,PLNT.TA,355.7801129,11
25/03/2025,PLNT.TA,327.6748298,12
26/03/2025,PLNT.TA,628.2776633,13
27/03/2025,PLNT.TA,1015.916429,14
28/03/2025,PLNT.TA,741.0843307,15
29/03/2025,PLNT.TA,629.0198215,16
30/03/2025,PLNT.TA,529.1571761,17
31/03/2025,PLNT.TA,268.3397251,18
01/04/2025,PLNT.TA,218.5802007,19
02/04/2025,PLNT.TA,143.8254444,20
03/04/2025,PLNT.TA,109.3786454,21
04/04/2025,PLNT.TA,108.7516269,22
05/04/2025,PLNT.TA,99.50209014,23
06/04/2025,PLNT.TA,122.117601,24
07/04/2025,PLNT.TA,207.1676979,25
08/04/2025,PLNT.TA,564.1820788,26
09/04/2025,PLNT.TA,429.0580976,27
10/04/2025,PLNT.TA,282.3195849,28
11/04/2025,PLNT.TA,254.7839681,29
12/04/2025,PLNT.TA,298.3299209,30
14/03/2025,PLSN.TA,20818.37009,1
15/03/2025,PLSN.TA,20714.78661,2
16/03/2025,PLSN.TA,20456.22904,3
17/03/2025,PLSN.TA,21247.63212,4
18/03/2025,PLSN.TA,21582.30048,5
19/03/2025,PLSN.TA,21139.887,6
20/03/2025,PLSN.TA,20931.02891,7
21/03/2025,PLSN.TA,20751.12745,8
22/03/2025,PLSN.TA,20752.61023,9
23/03/2025,PLSN.TA,20159.27009,10
24/03/2025,PLSN.TA,20384.62569,11
25/03/2025,PLSN.TA,20949.24922,12
26/03/2025,PLSN.TA,20869.56195,13
27/03/2025,PLSN.TA,21123.09585,14
28/03/2025,PLSN.TA,21307.39645,15
29/03/2025,PLSN.TA,21539.05644,16
30/03/2025,PLSN.TA,21408.72149,17
31/03/2025,PLSN.TA,21202.5825,18
01/04/2025,PLSN.TA,20983.28222,19
02/04/2025,PLSN.TA,20775.97136,20
03/04/2025,PLSN.TA,20678.6116,21
04/04/2025,PLSN.TA,20387.04238,22
05/04/2025,PLSN.TA,20017.37991,23
06/04/2025,PLSN.TA,19813.02425,24
07/04/2025,PLSN.TA,20172.23538,25
08/04/2025,PLSN.TA,20479.50544,26
09/04/2025,PLSN.TA,20223.88459,27
10/04/2025,PLSN.TA,19203.33733,28
11/04/2025,PLSN.TA,19237.49937,29
12/04/2025,PLSN.TA,19119.65701,30
14/03/2025,PLCR.TA,854.0570133,1
15/03/2025,PLCR.TA,894.3151664,2
16/03/2025,PLCR.TA,911.3440067,3
17/03/2025,PLCR.TA,906.4614971,4
18/03/2025,PLCR.TA,13828.34296,5
19/03/2025,PLCR.TA,12709.04777,6
20/03/2025,PLCR.TA,13934.20547,7
21/03/2025,PLCR.TA,13950.73711,8
22/03/2025,PLCR.TA,12016.44835,9
23/03/2025,PLCR.TA,12148.48947,10
24/03/2025,PLCR.TA,12083.40415,11
25/03/2025,PLCR.TA,12242.59918,12
26/03/2025,PLCR.TA,14706.4267,13
27/03/2025,PLCR.TA,16451.57964,14
28/03/2025,PLCR.TA,15811.08938,15
29/03/2025,PLCR.TA,15492.99248,16
30/03/2025,PLCR.TA,15077.19856,17
31/03/2025,PLCR.TA,14223.55771,18
01/04/2025,PLCR.TA,13738.70525,19
02/04/2025,PLCR.TA,13265.73939,20
03/04/2025,PLCR.TA,13158.28727,21
04/04/2025,PLCR.TA,12645.27929,22
05/04/2025,PLCR.TA,12036.25185,23
06/04/2025,PLCR.TA,14458.55189,24
07/04/2025,PLCR.TA,13628.06692,25
08/04/2025,PLCR.TA,14345.59336,26
09/04/2025,PLCR.TA,15465.07403,27
10/04/2025,PLCR.TA,16016.28871,28
11/04/2025,PLCR.TA,14388.21412,29
12/04/2025,PLCR.TA,14231.19839,30
14/03/2025,PPIL.TA,643.4142952,1
15/03/2025,PPIL.TA,639.4181452,2
16/03/2025,PPIL.TA,639.585602,3
17/03/2025,PPIL.TA,637.8702756,4
18/03/2025,PPIL.TA,638.1620116,5
19/03/2025,PPIL.TA,638.6222146,6
20/03/2025,PPIL.TA,652.8640843,7
21/03/2025,PPIL.TA,652.7635474,8
22/03/2025,PPIL.TA,2.65430043,9
23/03/2025,PPIL.TA,2.96501404,10
24/03/2025,PPIL.TA,2.8900611,11
25/03/2025,PPIL.TA,2.89253983,12
26/03/2025,PPIL.TA,2.83001565,13
27/03/2025,PPIL.TA,1.39123491,14
28/03/2025,PPIL.TA,1.45781379,15
29/03/2025,PPIL.TA,1.45602088,16
30/03/2025,PPIL.TA,1.43782296,17
31/03/2025,PPIL.TA,1.48198967,18
01/04/2025,PPIL.TA,1.51785304,19
02/04/2025,PPIL.TA,-1.26443669,20
03/04/2025,PPIL.TA,-1.20628072,21
04/04/2025,PPIL.TA,-1.23547208,22
05/04/2025,PPIL.TA,-1.26158232,23
06/04/2025,PPIL.TA,-1.26138804,24
07/04/2025,PPIL.TA,-1.26530843,25
08/04/2025,PPIL.TA,-1.24683558,26
09/04/2025,PPIL.TA,-1.3965752,27
10/04/2025,PPIL.TA,-1.45231839,28
11/04/2025,PPIL.TA,-1.45424507,29
12/04/2025,PPIL.TA,-1.45243909,30
14/03/2025,PLAZ-L.TA,131.6856841,1
15/03/2025,PLAZ-L.TA,135.1360844,2
16/03/2025,PLAZ-L.TA,135.1309872,3
17/03/2025,PLAZ-L.TA,135.1602006,4
18/03/2025,PLAZ-L.TA,135.2025549,5
19/03/2025,PLAZ-L.TA,133.2642117,6
20/03/2025,PLAZ-L.TA,131.3536577,7
21/03/2025,PLAZ-L.TA,188.4271972,8
22/03/2025,PLAZ-L.TA,186.234123,9
23/03/2025,PLAZ-L.TA,189.6002353,10
24/03/2025,PLAZ-L.TA,189.4208383,11
25/03/2025,PLAZ-L.TA,189.4136936,12
26/03/2025,PLAZ-L.TA,189.395915,13
27/03/2025,PLAZ-L.TA,159.2992621,14
28/03/2025,PLAZ-L.TA,159.9158936,15
29/03/2025,PLAZ-L.TA,164.0455798,16
30/03/2025,PLAZ-L.TA,164.0879863,17
31/03/2025,PLAZ-L.TA,164.0750795,18
01/04/2025,PLAZ-L.TA,164.0437363,19
02/04/2025,PLAZ-L.TA,164.0496748,20
03/04/2025,PLAZ-L.TA,90.9103776,21
04/04/2025,PLAZ-L.TA,90.91968343,22
05/04/2025,PLAZ-L.TA,90.91419822,23
06/04/2025,PLAZ-L.TA,90.94539768,24
07/04/2025,PLAZ-L.TA,90.99097209,25
08/04/2025,PLAZ-L.TA,91.00471792,26
09/04/2025,PLAZ-L.TA,91.55080342,27
10/04/2025,PLAZ-L.TA,86.48571766,28
11/04/2025,PLAZ-L.TA,83.97681673,29
12/04/2025,PLAZ-L.TA,83.99497127,30
14/03/2025,PLUR.TA,2097.351508,1
15/03/2025,PLUR.TA,1969.409887,2
16/03/2025,PLUR.TA,1920.912487,3
17/03/2025,PLUR.TA,1923.627038,4
18/03/2025,PLUR.TA,1815.731118,5
19/03/2025,PLUR.TA,1870.244418,6
20/03/2025,PLUR.TA,1886.194472,7
21/03/2025,PLUR.TA,2015.466741,8
22/03/2025,PLUR.TA,2006.098974,9
23/03/2025,PLUR.TA,2021.949342,10
24/03/2025,PLUR.TA,2105.485819,11
25/03/2025,PLUR.TA,2130.899418,12
26/03/2025,PLUR.TA,1915.317945,13
27/03/2025,PLUR.TA,1807.888081,14
28/03/2025,PLUR.TA,1789.302879,15
29/03/2025,PLUR.TA,1709.938074,16
30/03/2025,PLUR.TA,1730.577339,17
31/03/2025,PLUR.TA,2099.338848,18
01/04/2025,PLUR.TA,1929.011,19
02/04/2025,PLUR.TA,2016.196437,20
03/04/2025,PLUR.TA,2159.498591,21
04/04/2025,PLUR.TA,2135.89411,22
05/04/2025,PLUR.TA,2138.912464,23
06/04/2025,PLUR.TA,2213.415804,24
07/04/2025,PLUR.TA,2207.032714,25
08/04/2025,PLUR.TA,2209.990485,26
09/04/2025,PLUR.TA,1990.106793,27
10/04/2025,PLUR.TA,1966.343764,28
11/04/2025,PLUR.TA,1909.49693,29
12/04/2025,PLUR.TA,1885.357657,30
14/03/2025,POLI.TA,5140.014733,1
15/03/2025,POLI.TA,5237.571388,2
16/03/2025,POLI.TA,5246.077472,3
17/03/2025,POLI.TA,5246.271935,4
18/03/2025,POLI.TA,5363.58282,5
19/03/2025,POLI.TA,5438.886004,6
20/03/2025,POLI.TA,5489.829961,7
21/03/2025,POLI.TA,5539.113479,8
22/03/2025,POLI.TA,5499.441912,9
23/03/2025,POLI.TA,5551.425369,10
24/03/2025,POLI.TA,5569.938871,11
25/03/2025,POLI.TA,5648.139236,12
26/03/2025,POLI.TA,5592.343476,13
27/03/2025,POLI.TA,5500.320018,14
28/03/2025,POLI.TA,5488.192477,15
29/03/2025,POLI.TA,5633.707911,16
30/03/2025,POLI.TA,5560.217302,17
31/03/2025,POLI.TA,5737.438199,18
01/04/2025,POLI.TA,5723.2481,19
02/04/2025,POLI.TA,5747.857667,20
03/04/2025,POLI.TA,5804.179564,21
04/04/2025,POLI.TA,5804.394716,22
05/04/2025,POLI.TA,5721.938709,23
06/04/2025,POLI.TA,5677.095675,24
07/04/2025,POLI.TA,5823.298887,25
08/04/2025,POLI.TA,5703.132733,26
09/04/2025,POLI.TA,5531.651524,27
10/04/2025,POLI.TA,5595.143504,28
11/04/2025,POLI.TA,5570.737718,29
12/04/2025,POLI.TA,5640.82863,30
14/03/2025,POLY.TA,4986.988524,1
15/03/2025,POLY.TA,5198.170121,2
16/03/2025,POLY.TA,5026.942801,3
17/03/2025,POLY.TA,5087.316598,4
18/03/2025,POLY.TA,5035.563353,5
19/03/2025,POLY.TA,5136.403051,6
20/03/2025,POLY.TA,5092.655058,7
21/03/2025,POLY.TA,5049.279677,8
22/03/2025,POLY.TA,5085.713822,9
23/03/2025,POLY.TA,5122.845279,10
24/03/2025,POLY.TA,5188.983861,11
25/03/2025,POLY.TA,5197.052237,12
26/03/2025,POLY.TA,5190.170823,13
27/03/2025,POLY.TA,5003.961571,14
28/03/2025,POLY.TA,5140.983767,15
29/03/2025,POLY.TA,5218.135867,16
30/03/2025,POLY.TA,5228.587932,17
31/03/2025,POLY.TA,5341.359763,18
01/04/2025,POLY.TA,5338.347154,19
02/04/2025,POLY.TA,5330.984998,20
03/04/2025,POLY.TA,5323.908376,21
04/04/2025,POLY.TA,5421.118693,22
05/04/2025,POLY.TA,5389.482735,23
06/04/2025,POLY.TA,5382.346524,24
07/04/2025,POLY.TA,5603.730424,25
08/04/2025,POLY.TA,5488.838357,26
09/04/2025,POLY.TA,5415.464254,27
10/04/2025,POLY.TA,5541.622393,28
11/04/2025,POLY.TA,5555.369233,29
12/04/2025,POLY.TA,5441.468705,30
14/03/2025,POLP.TA,1108.624936,1
15/03/2025,POLP.TA,1126.360771,2
16/03/2025,POLP.TA,1134.072753,3
17/03/2025,POLP.TA,1116.272852,4
18/03/2025,POLP.TA,1145.80854,5
19/03/2025,POLP.TA,1148.809239,6
20/03/2025,POLP.TA,1174.080895,7
21/03/2025,POLP.TA,1175.757339,8
22/03/2025,POLP.TA,1175.382484,9
23/03/2025,POLP.TA,1172.355644,10
24/03/2025,POLP.TA,1169.767514,11
25/03/2025,POLP.TA,1207.380765,12
26/03/2025,POLP.TA,1226.103644,13
27/03/2025,POLP.TA,1241.159546,14
28/03/2025,POLP.TA,1257.703842,15
29/03/2025,POLP.TA,1252.504931,16
30/03/2025,POLP.TA,1252.017434,17
31/03/2025,POLP.TA,1232.547765,18
01/04/2025,POLP.TA,1248.977269,19
02/04/2025,POLP.TA,1238.467209,20
03/04/2025,POLP.TA,1240.235589,21
04/04/2025,POLP.TA,1219.942441,22
05/04/2025,POLP.TA,1207.934706,23
06/04/2025,POLP.TA,1239.895694,24
07/04/2025,POLP.TA,1232.249032,25
08/04/2025,POLP.TA,1204.632164,26
09/04/2025,POLP.TA,1215.603075,27
10/04/2025,POLP.TA,1231.806711,28
11/04/2025,POLP.TA,1233.004232,29
12/04/2025,POLP.TA,1211.967927,30
14/03/2025,PMVM.TA,248.0975237,1
15/03/2025,PMVM.TA,267.2807705,2
16/03/2025,PMVM.TA,250.5825081,3
17/03/2025,PMVM.TA,223.0694405,4
18/03/2025,PMVM.TA,219.9077261,5
19/03/2025,PMVM.TA,210.7276302,6
20/03/2025,PMVM.TA,223.4173603,7
21/03/2025,PMVM.TA,236.8712486,8
22/03/2025,PMVM.TA,255.2051502,9
23/03/2025,PMVM.TA,279.7022006,10
24/03/2025,PMVM.TA,266.7753479,11
25/03/2025,PMVM.TA,298.8148363,12
26/03/2025,PMVM.TA,313.4453052,13
27/03/2025,PMVM.TA,154.6870978,14
28/03/2025,PMVM.TA,145.5895452,15
29/03/2025,PMVM.TA,136.5438665,16
30/03/2025,PMVM.TA,146.0276056,17
31/03/2025,PMVM.TA,163.370014,18
01/04/2025,PMVM.TA,152.877552,19
02/04/2025,PMVM.TA,160.4970052,20
03/04/2025,PMVM.TA,172.9068577,21
04/04/2025,PMVM.TA,157.1085163,22
05/04/2025,PMVM.TA,154.8817108,23
06/04/2025,PMVM.TA,154.3581554,24
07/04/2025,PMVM.TA,150.3349446,25
08/04/2025,PMVM.TA,146.6782154,26
09/04/2025,PMVM.TA,133.276361,27
10/04/2025,PMVM.TA,121.0990218,28
11/04/2025,PMVM.TA,126.4457137,29
12/04/2025,PMVM.TA,120.6018372,30
14/03/2025,PRSK.TA,8982.185268,1
15/03/2025,PRSK.TA,8567.888328,2
16/03/2025,PRSK.TA,8233.863088,3
17/03/2025,PRSK.TA,8349.542149,4
18/03/2025,PRSK.TA,8766.529138,5
19/03/2025,PRSK.TA,8563.239436,6
20/03/2025,PRSK.TA,8343.46549,7
21/03/2025,PRSK.TA,8494.157591,8
22/03/2025,PRSK.TA,8616.579964,9
23/03/2025,PRSK.TA,8568.010086,10
24/03/2025,PRSK.TA,8708.062302,11
25/03/2025,PRSK.TA,8734.746721,12
26/03/2025,PRSK.TA,9279.899069,13
27/03/2025,PRSK.TA,8918.115582,14
28/03/2025,PRSK.TA,8589.436493,15
29/03/2025,PRSK.TA,8541.019617,16
30/03/2025,PRSK.TA,8816.256253,17
31/03/2025,PRSK.TA,8611.813414,18
01/04/2025,PRSK.TA,8481.356307,19
02/04/2025,PRSK.TA,8259.413728,20
03/04/2025,PRSK.TA,8373.846693,21
04/04/2025,PRSK.TA,8291.136549,22
05/04/2025,PRSK.TA,8362.528832,23
06/04/2025,PRSK.TA,8346.536588,24
07/04/2025,PRSK.TA,8249.96036,25
08/04/2025,PRSK.TA,8544.891087,26
09/04/2025,PRSK.TA,8678.27556,27
10/04/2025,PRSK.TA,8734.689813,28
11/04/2025,PRSK.TA,8412.77092,29
12/04/2025,PRSK.TA,8683.874709,30
14/03/2025,PRIM.TA,1114.786183,1
15/03/2025,PRIM.TA,1210.194277,2
16/03/2025,PRIM.TA,1230.34638,3
17/03/2025,PRIM.TA,898.2664551,4
18/03/2025,PRIM.TA,924.7461104,5
19/03/2025,PRIM.TA,907.4949605,6
20/03/2025,PRIM.TA,841.627037,7
21/03/2025,PRIM.TA,859.9300512,8
22/03/2025,PRIM.TA,841.4421079,9
23/03/2025,PRIM.TA,913.6709594,10
24/03/2025,PRIM.TA,667.0641597,11
25/03/2025,PRIM.TA,668.7941592,12
26/03/2025,PRIM.TA,788.888141,13
27/03/2025,PRIM.TA,792.0601918,14
28/03/2025,PRIM.TA,722.9074757,15
29/03/2025,PRIM.TA,795.8482618,16
30/03/2025,PRIM.TA,766.7707193,17
31/03/2025,PRIM.TA,679.7973719,18
01/04/2025,PRIM.TA,694.3406966,19
02/04/2025,PRIM.TA,753.9424573,20
03/04/2025,PRIM.TA,710.4882053,21
04/04/2025,PRIM.TA,872.6349661,22
05/04/2025,PRIM.TA,872.7198752,23
06/04/2025,PRIM.TA,782.732499,24
07/04/2025,PRIM.TA,809.7296959,25
08/04/2025,PRIM.TA,828.152948,26
09/04/2025,PRIM.TA,889.0489169,27
10/04/2025,PRIM.TA,846.3091899,28
11/04/2025,PRIM.TA,1039.452852,29
12/04/2025,PRIM.TA,1075.304581,30
14/03/2025,PRMG.TA,1598.789537,1
15/03/2025,PRMG.TA,1633.604941,2
16/03/2025,PRMG.TA,1643.399984,3
17/03/2025,PRMG.TA,1560.614687,4
18/03/2025,PRMG.TA,1638.651796,5
19/03/2025,PRMG.TA,1642.298174,6
20/03/2025,PRMG.TA,1661.007107,7
21/03/2025,PRMG.TA,1682.391115,8
22/03/2025,PRMG.TA,1705.09902,9
23/03/2025,PRMG.TA,1704.011517,10
24/03/2025,PRMG.TA,1682.107704,11
25/03/2025,PRMG.TA,1686.485627,12
26/03/2025,PRMG.TA,1637.23528,13
27/03/2025,PRMG.TA,1683.1624,14
28/03/2025,PRMG.TA,1638.806366,15
29/03/2025,PRMG.TA,1656.557359,16
30/03/2025,PRMG.TA,1679.842256,17
31/03/2025,PRMG.TA,1683.580292,18
01/04/2025,PRMG.TA,1691.438759,19
02/04/2025,PRMG.TA,1606.233537,20
03/04/2025,PRMG.TA,1615.864462,21
04/04/2025,PRMG.TA,1620.069978,22
05/04/2025,PRMG.TA,1621.532385,23
06/04/2025,PRMG.TA,1670.749487,24
07/04/2025,PRMG.TA,1674.708053,25
08/04/2025,PRMG.TA,1713.250705,26
09/04/2025,PRMG.TA,1682.761982,27
10/04/2025,PRMG.TA,1700.989087,28
11/04/2025,PRMG.TA,1786.04549,29
12/04/2025,PRMG.TA,1776.372566,30
14/03/2025,PRTC.TA,15889.61011,1
15/03/2025,PRTC.TA,15848.58544,2
16/03/2025,PRTC.TA,16565.09132,3
17/03/2025,PRTC.TA,17313.99004,4
18/03/2025,PRTC.TA,17630.20583,5
19/03/2025,PRTC.TA,18119.26488,6
20/03/2025,PRTC.TA,18331.39993,7
21/03/2025,PRTC.TA,19266.51635,8
22/03/2025,PRTC.TA,19519.28217,9
23/03/2025,PRTC.TA,19272.00747,10
24/03/2025,PRTC.TA,19511.31126,11
25/03/2025,PRTC.TA,20183.74484,12
26/03/2025,PRTC.TA,20089.41863,13
27/03/2025,PRTC.TA,20041.59865,14
28/03/2025,PRTC.TA,20086.62732,15
29/03/2025,PRTC.TA,19252.26653,16
30/03/2025,PRTC.TA,19814.31659,17
31/03/2025,PRTC.TA,19652.66188,18
01/04/2025,PRTC.TA,20011.59024,19
02/04/2025,PRTC.TA,20054.93085,20
03/04/2025,PRTC.TA,20098.36532,21
04/04/2025,PRTC.TA,17829.45563,22
05/04/2025,PRTC.TA,17825.14895,23
06/04/2025,PRTC.TA,17289.64979,24
07/04/2025,PRTC.TA,17197.14705,25
08/04/2025,PRTC.TA,17316.8309,26
09/04/2025,PRTC.TA,16569.77308,27
10/04/2025,PRTC.TA,16481.12181,28
11/04/2025,PRTC.TA,16687.16207,29
12/04/2025,PRTC.TA,17085.10593,30
14/03/2025,PRPD.TA,2042.940688,1
15/03/2025,PRPD.TA,2004.133247,2
16/03/2025,PRPD.TA,1939.435071,3
17/03/2025,PRPD.TA,1938.695834,4
18/03/2025,PRPD.TA,1965.391496,5
19/03/2025,PRPD.TA,2026.694915,6
20/03/2025,PRPD.TA,2044.72413,7
21/03/2025,PRPD.TA,2059.202897,8
22/03/2025,PRPD.TA,2045.112127,9
23/03/2025,PRPD.TA,2049.593961,10
24/03/2025,PRPD.TA,1995.672419,11
25/03/2025,PRPD.TA,1991.757757,12
26/03/2025,PRPD.TA,1992.421656,13
27/03/2025,PRPD.TA,1982.245098,14
28/03/2025,PRPD.TA,1918.253523,15
29/03/2025,PRPD.TA,1932.288199,16
30/03/2025,PRPD.TA,1992.559078,17
31/03/2025,PRPD.TA,2030.814065,18
01/04/2025,PRPD.TA,2032.87987,19
02/04/2025,PRPD.TA,2034.947777,20
03/04/2025,PRPD.TA,1999.578958,21
04/04/2025,PRPD.TA,2024.494123,22
05/04/2025,PRPD.TA,1989.306996,23
06/04/2025,PRPD.TA,1985.91117,24
07/04/2025,PRPD.TA,1982.015655,25
08/04/2025,PRPD.TA,1999.277973,26
09/04/2025,PRPD.TA,1999.519208,27
10/04/2025,PRPD.TA,1963.905964,28
11/04/2025,PRPD.TA,1944.297237,29
12/04/2025,PRPD.TA,1953.65562,30
14/03/2025,PTBL.TA,24509.01039,1
15/03/2025,PTBL.TA,24343.97452,2
16/03/2025,PTBL.TA,24471.23837,3
17/03/2025,PTBL.TA,23918.51878,4
18/03/2025,PTBL.TA,23615.74029,5
19/03/2025,PTBL.TA,24080.91402,6
20/03/2025,PTBL.TA,24731.23029,7
21/03/2025,PTBL.TA,24227.69296,8
22/03/2025,PTBL.TA,25707.2656,9
23/03/2025,PTBL.TA,26280.05324,10
24/03/2025,PTBL.TA,26302.95957,11
25/03/2025,PTBL.TA,26354.39205,12
26/03/2025,PTBL.TA,26461.53596,13
27/03/2025,PTBL.TA,25170.8866,14
28/03/2025,PTBL.TA,25273.21897,15
29/03/2025,PTBL.TA,24555.43181,16
30/03/2025,PTBL.TA,24831.28501,17
31/03/2025,PTBL.TA,25495.05983,18
01/04/2025,PTBL.TA,28264.4063,19
02/04/2025,PTBL.TA,26945.97488,20
03/04/2025,PTBL.TA,28591.55158,21
04/04/2025,PTBL.TA,27858.83592,22
05/04/2025,PTBL.TA,29110.58817,23
06/04/2025,PTBL.TA,28494.03685,24
07/04/2025,PTBL.TA,29079.76851,25
08/04/2025,PTBL.TA,28503.97541,26
09/04/2025,PTBL.TA,28491.89465,27
10/04/2025,PTBL.TA,29975.15083,28
11/04/2025,PTBL.TA,28976.66832,29
12/04/2025,PTBL.TA,29406.09241,30
14/03/2025,PULS.TA,321.7189326,1
15/03/2025,PULS.TA,312.8895177,2
16/03/2025,PULS.TA,307.838288,3
17/03/2025,PULS.TA,301.5142774,4
18/03/2025,PULS.TA,289.7350228,5
19/03/2025,PULS.TA,287.0624687,6
20/03/2025,PULS.TA,281.1652618,7
21/03/2025,PULS.TA,278.9399985,8
22/03/2025,PULS.TA,562.0159556,9
23/03/2025,PULS.TA,540.0596849,10
24/03/2025,PULS.TA,635.6182036,11
25/03/2025,PULS.TA,623.484591,12
26/03/2025,PULS.TA,616.5918327,13
27/03/2025,PULS.TA,610.5963277,14
28/03/2025,PULS.TA,586.7421682,15
29/03/2025,PULS.TA,581.9135713,16
30/03/2025,PULS.TA,583.0111369,17
31/03/2025,PULS.TA,591.3395012,18
01/04/2025,PULS.TA,589.2285408,19
02/04/2025,PULS.TA,588.6755383,20
03/04/2025,PULS.TA,618.0101287,21
04/04/2025,PULS.TA,623.9907883,22
05/04/2025,PULS.TA,615.3931869,23
06/04/2025,PULS.TA,617.0135658,24
07/04/2025,PULS.TA,616.3094213,25
08/04/2025,PULS.TA,599.3951179,26
09/04/2025,PULS.TA,701.4631843,27
10/04/2025,PULS.TA,712.2194073,28
11/04/2025,PULS.TA,1332.827423,29
12/04/2025,PULS.TA,1297.541104,30
14/03/2025,PPBT.TA,3.38152543,1
15/03/2025,PPBT.TA,3.33194341,2
16/03/2025,PPBT.TA,5.70462232,3
17/03/2025,PPBT.TA,12.88883797,4
18/03/2025,PPBT.TA,3.50299846,5
19/03/2025,PPBT.TA,3.5094183,6
20/03/2025,PPBT.TA,1.52528669,7
21/03/2025,PPBT.TA,0.80829099,8
22/03/2025,PPBT.TA,0.9973674,9
23/03/2025,PPBT.TA,1.91258511,10
24/03/2025,PPBT.TA,1.58630105,11
25/03/2025,PPBT.TA,1.64200437,12
26/03/2025,PPBT.TA,1.38388841,13
27/03/2025,PPBT.TA,1.36068384,14
28/03/2025,PPBT.TA,1.49941828,15
29/03/2025,PPBT.TA,1.14167106,16
30/03/2025,PPBT.TA,0.89577573,17
31/03/2025,PPBT.TA,0.75180128,18
01/04/2025,PPBT.TA,0.43001423,19
02/04/2025,PPBT.TA,0.45656898,20
03/04/2025,PPBT.TA,0.44440709,21
04/04/2025,PPBT.TA,0.35106303,22
05/04/2025,PPBT.TA,0.29117222,23
06/04/2025,PPBT.TA,0.16842921,24
07/04/2025,PPBT.TA,0.1423796,25
08/04/2025,PPBT.TA,0.20728406,26
09/04/2025,PPBT.TA,0.30177556,27
10/04/2025,PPBT.TA,0.27935761,28
11/04/2025,PPBT.TA,0.2874696,29
12/04/2025,PPBT.TA,0.26709653,30
14/03/2025,QLTU.TA,20580.69328,1
15/03/2025,QLTU.TA,19079.19421,2
16/03/2025,QLTU.TA,19185.60079,3
17/03/2025,QLTU.TA,18983.46984,4
18/03/2025,QLTU.TA,18861.50863,5
19/03/2025,QLTU.TA,18961.68426,6
20/03/2025,QLTU.TA,19395.67021,7
21/03/2025,QLTU.TA,19773.11851,8
22/03/2025,QLTU.TA,21430.9932,9
23/03/2025,QLTU.TA,21186.40471,10
24/03/2025,QLTU.TA,21587.18735,11
25/03/2025,QLTU.TA,21685.64167,12
26/03/2025,QLTU.TA,21253.19011,13
27/03/2025,QLTU.TA,21108.28386,14
28/03/2025,QLTU.TA,21354.36643,15
29/03/2025,QLTU.TA,20809.33938,16
30/03/2025,QLTU.TA,20344.52293,17
31/03/2025,QLTU.TA,20868.3908,18
01/04/2025,QLTU.TA,21220.31045,19
02/04/2025,QLTU.TA,20901.31817,20
03/04/2025,QLTU.TA,21260.6519,21
04/04/2025,QLTU.TA,21442.25385,22
05/04/2025,QLTU.TA,21375.78015,23
06/04/2025,QLTU.TA,20544.35646,24
07/04/2025,QLTU.TA,20543.67746,25
08/04/2025,QLTU.TA,21526.60059,26
09/04/2025,QLTU.TA,20503.27723,27
10/04/2025,QLTU.TA,20139.83973,28
11/04/2025,QLTU.TA,20192.72452,29
12/04/2025,QLTU.TA,20062.99434,30
14/03/2025,QNCO.TA,557.7307075,1
15/03/2025,QNCO.TA,549.3432443,2
16/03/2025,QNCO.TA,556.7572083,3
17/03/2025,QNCO.TA,549.9252114,4
18/03/2025,QNCO.TA,546.8392862,5
19/03/2025,QNCO.TA,547.108983,6
20/03/2025,QNCO.TA,551.3400198,7
21/03/2025,QNCO.TA,556.6370421,8
22/03/2025,QNCO.TA,564.1494435,9
23/03/2025,QNCO.TA,568.2574198,10
24/03/2025,QNCO.TA,580.3701074,11
25/03/2025,QNCO.TA,607.4307649,12
26/03/2025,QNCO.TA,608.4816347,13
27/03/2025,QNCO.TA,590.3941174,14
28/03/2025,QNCO.TA,662.6044307,15
29/03/2025,QNCO.TA,660.6831105,16
30/03/2025,QNCO.TA,636.8264272,17
31/03/2025,QNCO.TA,640.3237104,18
01/04/2025,QNCO.TA,654.7500545,19
02/04/2025,QNCO.TA,644.4597619,20
03/04/2025,QNCO.TA,643.4596294,21
04/04/2025,QNCO.TA,621.8451643,22
05/04/2025,QNCO.TA,618.6287968,23
06/04/2025,QNCO.TA,611.0375704,24
07/04/2025,QNCO.TA,603.5394963,25
08/04/2025,QNCO.TA,612.5463534,26
09/04/2025,QNCO.TA,603.6432872,27
10/04/2025,QNCO.TA,583.3662936,28
11/04/2025,QNCO.TA,579.9984051,29
12/04/2025,QNCO.TA,582.8579802,30
14/03/2025,QLRD.TA,4017.354742,1
15/03/2025,QLRD.TA,4009.992719,2
16/03/2025,QLRD.TA,3850.978376,3
17/03/2025,QLRD.TA,3952.173009,4
18/03/2025,QLRD.TA,3964.164934,5
19/03/2025,QLRD.TA,3954.51274,6
20/03/2025,QLRD.TA,3971.366785,7
21/03/2025,QLRD.TA,4023.799874,8
22/03/2025,QLRD.TA,4105.5501,9
23/03/2025,QLRD.TA,4119.041639,10
24/03/2025,QLRD.TA,4071.041282,11
25/03/2025,QLRD.TA,4176.959103,12
26/03/2025,QLRD.TA,4106.886882,13
27/03/2025,QLRD.TA,4202.972397,14
28/03/2025,QLRD.TA,4209.983854,15
29/03/2025,QLRD.TA,4153.997158,16
30/03/2025,QLRD.TA,4236.105376,17
31/03/2025,QLRD.TA,4225.791044,18
01/04/2025,QLRD.TA,4226.324473,19
02/04/2025,QLRD.TA,4065.039232,20
03/04/2025,QLRD.TA,4055.694237,21
04/04/2025,QLRD.TA,4064.370293,22
05/04/2025,QLRD.TA,4158.699431,23
06/04/2025,QLRD.TA,4167.886004,24
07/04/2025,QLRD.TA,4167.469063,25
08/04/2025,QLRD.TA,4190.856172,26
09/04/2025,QLRD.TA,3990.891498,27
10/04/2025,QLRD.TA,4039.643261,28
11/04/2025,QLRD.TA,3960.141154,29
12/04/2025,QLRD.TA,3998.22455,30
14/03/2025,RLCO.TA,5692.992814,1
15/03/2025,RLCO.TA,5661.081367,2
16/03/2025,RLCO.TA,5742.36542,3
17/03/2025,RLCO.TA,5659.331264,4
18/03/2025,RLCO.TA,5565.258767,5
19/03/2025,RLCO.TA,5506.80405,6
20/03/2025,RLCO.TA,5445.356373,7
21/03/2025,RLCO.TA,5509.601089,8
22/03/2025,RLCO.TA,5426.563265,9
23/03/2025,RLCO.TA,5628.628486,10
24/03/2025,RLCO.TA,5855.010246,11
25/03/2025,RLCO.TA,5775.679091,12
26/03/2025,RLCO.TA,5619.445953,13
27/03/2025,RLCO.TA,5691.454726,14
28/03/2025,RLCO.TA,5639.17272,15
29/03/2025,RLCO.TA,5709.957981,16
30/03/2025,RLCO.TA,5657.506003,17
31/03/2025,RLCO.TA,5771.006719,18
01/04/2025,RLCO.TA,5752.649171,19
02/04/2025,RLCO.TA,5865.241566,20
03/04/2025,RLCO.TA,5982.909866,21
04/04/2025,RLCO.TA,5998.069807,22
05/04/2025,RLCO.TA,6100.941723,23
06/04/2025,RLCO.TA,6109.645402,24
07/04/2025,RLCO.TA,6085.39886,25
08/04/2025,RLCO.TA,6051.287824,26
09/04/2025,RLCO.TA,6533.292421,27
10/04/2025,RLCO.TA,6807.97682,28
11/04/2025,RLCO.TA,7133.114082,29
12/04/2025,RLCO.TA,7067.234075,30
14/03/2025,RMN.TA,1475.947439,1
15/03/2025,RMN.TA,1499.326357,2
16/03/2025,RMN.TA,1510.978249,3
17/03/2025,RMN.TA,1514.677351,4
18/03/2025,RMN.TA,1507.394003,5
19/03/2025,RMN.TA,1497.806432,6
20/03/2025,RMN.TA,1501.683428,7
21/03/2025,RMN.TA,1507.418773,8
22/03/2025,RMN.TA,1525.883345,9
23/03/2025,RMN.TA,1501.802623,10
24/03/2025,RMN.TA,1474.153883,11
25/03/2025,RMN.TA,1499.168583,12
26/03/2025,RMN.TA,1536.419343,13
27/03/2025,RMN.TA,1544.903291,14
28/03/2025,RMN.TA,1546.639705,15
29/03/2025,RMN.TA,1539.202665,16
30/03/2025,RMN.TA,1539.590329,17
31/03/2025,RMN.TA,1548.573436,18
01/04/2025,RMN.TA,1532.522444,19
02/04/2025,RMN.TA,1541.464312,20
03/04/2025,RMN.TA,1540.52159,21
04/04/2025,RMN.TA,1542.803219,22
05/04/2025,RMN.TA,1519.670777,23
06/04/2025,RMN.TA,1541.420276,24
07/04/2025,RMN.TA,1576.628135,25
08/04/2025,RMN.TA,1580.487958,26
09/04/2025,RMN.TA,1550.639555,27
10/04/2025,RMN.TA,1533.360706,28
11/04/2025,RMN.TA,1509.16198,29
12/04/2025,RMN.TA,1495.943253,30
14/03/2025,RMLI.TA,26168.24756,1
15/03/2025,RMLI.TA,25808.60572,2
16/03/2025,RMLI.TA,26101.08823,3
17/03/2025,RMLI.TA,26785.46694,4
18/03/2025,RMLI.TA,26855.26126,5
19/03/2025,RMLI.TA,26487.21119,6
20/03/2025,RMLI.TA,26659.33007,7
21/03/2025,RMLI.TA,26832.5674,8
22/03/2025,RMLI.TA,27020.79798,9
23/03/2025,RMLI.TA,27210.349,10
24/03/2025,RMLI.TA,27192.3693,11
25/03/2025,RMLI.TA,27267.28155,12
26/03/2025,RMLI.TA,27269.66245,13
27/03/2025,RMLI.TA,27610.80254,14
28/03/2025,RMLI.TA,27592.55824,15
29/03/2025,RMLI.TA,27786.12016,16
30/03/2025,RMLI.TA,28304.11552,17
31/03/2025,RMLI.TA,27794.99519,18
01/04/2025,RMLI.TA,27923.23243,19
02/04/2025,RMLI.TA,27589.9746,20
03/04/2025,RMLI.TA,27233.05028,21
04/04/2025,RMLI.TA,27212.8817,22
05/04/2025,RMLI.TA,27548.66443,23
06/04/2025,RMLI.TA,27746.4103,24
07/04/2025,RMLI.TA,28470.6908,25
08/04/2025,RMLI.TA,28793.34205,26
09/04/2025,RMLI.TA,28894.30747,27
10/04/2025,RMLI.TA,29328.69484,28
11/04/2025,RMLI.TA,29374.14436,29
12/04/2025,RMLI.TA,29785.68742,30
14/03/2025,RANI.TA,469.06439,1
15/03/2025,RANI.TA,484.12757,2
16/03/2025,RANI.TA,500.0732386,3
17/03/2025,RANI.TA,510.891065,4
18/03/2025,RANI.TA,505.5262119,5
19/03/2025,RANI.TA,524.9955091,6
20/03/2025,RANI.TA,515.1706772,7
21/03/2025,RANI.TA,532.1388099,8
22/03/2025,RANI.TA,530.4449511,9
23/03/2025,RANI.TA,516.6073232,10
24/03/2025,RANI.TA,519.7683325,11
25/03/2025,RANI.TA,516.2915875,12
26/03/2025,RANI.TA,522.0611677,13
27/03/2025,RANI.TA,505.2909828,14
28/03/2025,RANI.TA,497.7185947,15
29/03/2025,RANI.TA,496.9317657,16
30/03/2025,RANI.TA,499.344838,17
31/03/2025,RANI.TA,487.6952963,18
01/04/2025,RANI.TA,498.6503137,19
02/04/2025,RANI.TA,502.155567,20
03/04/2025,RANI.TA,504.3807304,21
04/04/2025,RANI.TA,492.6137031,22
05/04/2025,RANI.TA,497.6386868,23
06/04/2025,RANI.TA,495.5112248,24
07/04/2025,RANI.TA,502.186465,25
08/04/2025,RANI.TA,580.6691982,26
09/04/2025,RANI.TA,577.0114615,27
10/04/2025,RANI.TA,579.1858333,28
11/04/2025,RANI.TA,582.1335885,29
12/04/2025,RANI.TA,596.926789,30
14/03/2025,RPAC.TA,3925.996912,1
15/03/2025,RPAC.TA,3954.287839,2
16/03/2025,RPAC.TA,3884.812042,3
17/03/2025,RPAC.TA,3903.907991,4
18/03/2025,RPAC.TA,3887.961268,5
19/03/2025,RPAC.TA,3964.383275,6
20/03/2025,RPAC.TA,3959.463938,7
21/03/2025,RPAC.TA,3928.878263,8
22/03/2025,RPAC.TA,3932.040541,9
23/03/2025,RPAC.TA,3953.611311,10
24/03/2025,RPAC.TA,3917.069301,11
25/03/2025,RPAC.TA,3944.875739,12
26/03/2025,RPAC.TA,3816.754628,13
27/03/2025,RPAC.TA,3710.318911,14
28/03/2025,RPAC.TA,3810.68419,15
29/03/2025,RPAC.TA,3790.144146,16
30/03/2025,RPAC.TA,3781.463321,17
31/03/2025,RPAC.TA,3895.427052,18
01/04/2025,RPAC.TA,3939.639206,19
02/04/2025,RPAC.TA,3928.007553,20
03/04/2025,RPAC.TA,3874.046949,21
04/04/2025,RPAC.TA,3876.124171,22
05/04/2025,RPAC.TA,3768.032848,23
06/04/2025,RPAC.TA,3766.828078,24
07/04/2025,RPAC.TA,3804.123648,25
08/04/2025,RPAC.TA,3897.213668,26
09/04/2025,RPAC.TA,3859.138751,27
10/04/2025,RPAC.TA,3823.238225,28
11/04/2025,RPAC.TA,3844.542101,29
12/04/2025,RPAC.TA,3858.001548,30
14/03/2025,RATI.TA,403.786102,1
15/03/2025,RATI.TA,401.8398896,2
16/03/2025,RATI.TA,384.6975942,3
17/03/2025,RATI.TA,393.5411108,4
18/03/2025,RATI.TA,374.5171585,5
19/03/2025,RATI.TA,375.7858924,6
20/03/2025,RATI.TA,373.6697892,7
21/03/2025,RATI.TA,367.5853374,8
22/03/2025,RATI.TA,372.8161092,9
23/03/2025,RATI.TA,374.1340683,10
24/03/2025,RATI.TA,378.8911505,11
25/03/2025,RATI.TA,386.7196273,12
26/03/2025,RATI.TA,385.1826447,13
27/03/2025,RATI.TA,393.4186453,14
28/03/2025,RATI.TA,401.5472826,15
29/03/2025,RATI.TA,398.4437173,16
30/03/2025,RATI.TA,408.3598979,17
31/03/2025,RATI.TA,415.2043171,18
01/04/2025,RATI.TA,413.682945,19
02/04/2025,RATI.TA,396.0354306,20
03/04/2025,RATI.TA,402.8281985,21
04/04/2025,RATI.TA,397.1369181,22
05/04/2025,RATI.TA,409.5948057,23
06/04/2025,RATI.TA,406.4847072,24
07/04/2025,RATI.TA,402.810733,25
08/04/2025,RATI.TA,411.5079476,26
09/04/2025,RATI.TA,415.9810298,27
10/04/2025,RATI.TA,410.0567296,28
11/04/2025,RATI.TA,400.635581,29
12/04/2025,RATI.TA,399.7635085,30
14/03/2025,RTPT.TA,31.19233648,1
15/03/2025,RTPT.TA,31.4740059,2
16/03/2025,RTPT.TA,31.75821881,3
17/03/2025,RTPT.TA,29.26982053,4
18/03/2025,RTPT.TA,29.52602594,5
19/03/2025,RTPT.TA,29.48207702,6
20/03/2025,RTPT.TA,30.16994678,7
21/03/2025,RTPT.TA,30.79219211,8
22/03/2025,RTPT.TA,31.00177068,9
23/03/2025,RTPT.TA,30.65193972,10
24/03/2025,RTPT.TA,30.92872931,11
25/03/2025,RTPT.TA,31.35089397,12
26/03/2025,RTPT.TA,31.78269479,13
27/03/2025,RTPT.TA,31.53945071,14
28/03/2025,RTPT.TA,32.39965033,15
29/03/2025,RTPT.TA,32.6780107,16
30/03/2025,RTPT.TA,32.42791445,17
31/03/2025,RTPT.TA,32.21267908,18
01/04/2025,RTPT.TA,32.42280926,19
02/04/2025,RTPT.TA,32.20057142,20
03/04/2025,RTPT.TA,32.77987233,21
04/04/2025,RTPT.TA,32.93729507,22
05/04/2025,RTPT.TA,32.60736051,23
06/04/2025,RTPT.TA,31.44080685,24
07/04/2025,RTPT.TA,32.97303714,25
08/04/2025,RTPT.TA,31.70118274,26
09/04/2025,RTPT.TA,30.47838702,27
10/04/2025,RTPT.TA,29.86957713,28
11/04/2025,RTPT.TA,29.58242468,29
12/04/2025,RTPT.TA,29.93174842,30
14/03/2025,BRIH.TA,84.01601741,1
15/03/2025,BRIH.TA,82.14957259,2
16/03/2025,BRIH.TA,81.29483406,3
17/03/2025,BRIH.TA,81.18146371,4
18/03/2025,BRIH.TA,78.94393858,5
19/03/2025,BRIH.TA,77.81803732,6
20/03/2025,BRIH.TA,79.42884374,7
21/03/2025,BRIH.TA,77.60371435,8
22/03/2025,BRIH.TA,77.48354423,9
23/03/2025,BRIH.TA,80.00906788,10
24/03/2025,BRIH.TA,81.21727521,11
25/03/2025,BRIH.TA,82.23887861,12
26/03/2025,BRIH.TA,82.3568388,13
27/03/2025,BRIH.TA,80.52725321,14
28/03/2025,BRIH.TA,81.81229038,15
29/03/2025,BRIH.TA,85.8736111,16
30/03/2025,BRIH.TA,85.95579806,17
31/03/2025,BRIH.TA,85.76558944,18
01/04/2025,BRIH.TA,84.82066989,19
02/04/2025,BRIH.TA,83.61095447,20
03/04/2025,BRIH.TA,85.14656766,21
04/04/2025,BRIH.TA,85.2817473,22
05/04/2025,BRIH.TA,85.41714154,23
06/04/2025,BRIH.TA,85.41227919,24
07/04/2025,BRIH.TA,85.45991635,25
08/04/2025,BRIH.TA,86.55670312,26
09/04/2025,BRIH.TA,84.17102554,27
10/04/2025,BRIH.TA,85.69280097,28
11/04/2025,BRIH.TA,86.59359522,29
12/04/2025,BRIH.TA,86.89917358,30
14/03/2025,RAVD.TA,796.7246285,1
15/03/2025,RAVD.TA,776.641969,2
16/03/2025,RAVD.TA,782.3437742,3
17/03/2025,RAVD.TA,776.7208582,4
18/03/2025,RAVD.TA,768.6265732,5
19/03/2025,RAVD.TA,778.1760527,6
20/03/2025,RAVD.TA,762.8966154,7
21/03/2025,RAVD.TA,775.6093757,8
22/03/2025,RAVD.TA,777.5882348,9
23/03/2025,RAVD.TA,794.1295704,10
24/03/2025,RAVD.TA,789.3722219,11
25/03/2025,RAVD.TA,785.9096139,12
26/03/2025,RAVD.TA,783.8665624,13
27/03/2025,RAVD.TA,769.9559078,14
28/03/2025,RAVD.TA,766.8537277,15
29/03/2025,RAVD.TA,763.0981296,16
30/03/2025,RAVD.TA,759.103052,17
31/03/2025,RAVD.TA,757.8123703,18
01/04/2025,RAVD.TA,791.1593279,19
02/04/2025,RAVD.TA,788.9724946,20
03/04/2025,RAVD.TA,791.7527474,21
04/04/2025,RAVD.TA,791.9898922,22
05/04/2025,RAVD.TA,821.119573,23
06/04/2025,RAVD.TA,840.5993233,24
07/04/2025,RAVD.TA,838.7634252,25
08/04/2025,RAVD.TA,839.0146505,26
09/04/2025,RAVD.TA,840.0929559,27
10/04/2025,RAVD.TA,838.2581637,28
11/04/2025,RAVD.TA,832.2333759,29
12/04/2025,RAVD.TA,862.8432268,30
14/03/2025,RVL.TA,233.1932103,1
15/03/2025,RVL.TA,235.6568639,2
16/03/2025,RVL.TA,239.2674983,3
17/03/2025,RVL.TA,235.2943198,4
18/03/2025,RVL.TA,235.9757252,5
19/03/2025,RVL.TA,224.6526988,6
20/03/2025,RVL.TA,213.0265253,7
21/03/2025,RVL.TA,217.4239267,8
22/03/2025,RVL.TA,213.8134736,9
23/03/2025,RVL.TA,212.5496012,10
24/03/2025,RVL.TA,207.7648395,11
25/03/2025,RVL.TA,207.3009379,12
26/03/2025,RVL.TA,204.2092986,13
27/03/2025,RVL.TA,201.070122,14
28/03/2025,RVL.TA,197.3399036,15
29/03/2025,RVL.TA,200.3634618,16
30/03/2025,RVL.TA,200.983209,17
31/03/2025,RVL.TA,200.8249011,18
01/04/2025,RVL.TA,194.828518,19
02/04/2025,RVL.TA,198.8502669,20
03/04/2025,RVL.TA,201.8029163,21
04/04/2025,RVL.TA,204.9458237,22
05/04/2025,RVL.TA,207.9629646,23
06/04/2025,RVL.TA,208.0397306,24
07/04/2025,RVL.TA,211.1288307,25
08/04/2025,RVL.TA,205.0118206,26
09/04/2025,RVL.TA,209.2437784,27
10/04/2025,RVL.TA,198.9239718,28
11/04/2025,RVL.TA,204.0634882,29
12/04/2025,RVL.TA,201.6591486,30
14/03/2025,RAYG-M.TA,66.48526196,1
15/03/2025,RAYG-M.TA,67.01813581,2
16/03/2025,RAYG-M.TA,68.54435557,3
17/03/2025,RAYG-M.TA,68.85416568,4
18/03/2025,RAYG-M.TA,68.13469457,5
19/03/2025,RAYG-M.TA,66.40581273,6
20/03/2025,RAYG-M.TA,65.74693849,7
21/03/2025,RAYG-M.TA,55.7549371,8
22/03/2025,RAYG-M.TA,56.92078083,9
23/03/2025,RAYG-M.TA,56.70892867,10
24/03/2025,RAYG-M.TA,56.91040824,11
25/03/2025,RAYG-M.TA,56.40519693,12
26/03/2025,RAYG-M.TA,54.97394489,13
27/03/2025,RAYG-M.TA,53.57901012,14
28/03/2025,RAYG-M.TA,53.04838319,15
29/03/2025,RAYG-M.TA,117.9537859,16
30/03/2025,RAYG-M.TA,120.2968971,17
31/03/2025,RAYG-M.TA,121.145749,18
01/04/2025,RAYG-M.TA,114.0242931,19
02/04/2025,RAYG-M.TA,98.30902797,20
03/04/2025,RAYG-M.TA,96.06845391,21
04/04/2025,RAYG-M.TA,96.54804495,22
05/04/2025,RAYG-M.TA,106.5042104,23
06/04/2025,RAYG-M.TA,108.2567784,24
07/04/2025,RAYG-M.TA,112.7919997,25
08/04/2025,RAYG-M.TA,113.2752921,26
09/04/2025,RAYG-M.TA,111.3668591,27
10/04/2025,RAYG-M.TA,107.9857511,28
11/04/2025,RAYG-M.TA,107.7767554,29
12/04/2025,RAYG-M.TA,87.23725069,30
14/03/2025,RZR.TA,501.8810674,1
15/03/2025,RZR.TA,500.8968235,2
16/03/2025,RZR.TA,480.4359265,3
17/03/2025,RZR.TA,482.3903142,4
18/03/2025,RZR.TA,499.6367806,5
19/03/2025,RZR.TA,467.2890745,6
20/03/2025,RZR.TA,494.0805067,7
21/03/2025,RZR.TA,516.2822754,8
22/03/2025,RZR.TA,517.8190705,9
23/03/2025,RZR.TA,508.7519712,10
24/03/2025,RZR.TA,497.2936633,11
25/03/2025,RZR.TA,482.0950832,12
26/03/2025,RZR.TA,530.525243,13
27/03/2025,RZR.TA,539.2521115,14
28/03/2025,RZR.TA,530.8197498,15
29/03/2025,RZR.TA,507.7170359,16
30/03/2025,RZR.TA,534.7933761,17
31/03/2025,RZR.TA,527.8024657,18
01/04/2025,RZR.TA,526.0508921,19
02/04/2025,RZR.TA,513.8347726,20
03/04/2025,RZR.TA,559.4137538,21
04/04/2025,RZR.TA,561.0372982,22
05/04/2025,RZR.TA,558.0948369,23
06/04/2025,RZR.TA,567.2011724,24
07/04/2025,RZR.TA,530.4791825,25
08/04/2025,RZR.TA,532.429154,26
09/04/2025,RZR.TA,525.353171,27
10/04/2025,RZR.TA,507.2967721,28
11/04/2025,RZR.TA,500.0416113,29
12/04/2025,RZR.TA,513.1869104,30
14/03/2025,RIT1.TA,1988.68776,1
15/03/2025,RIT1.TA,1983.484006,2
16/03/2025,RIT1.TA,1938.268183,3
17/03/2025,RIT1.TA,1964.968952,4
18/03/2025,RIT1.TA,1948.733441,5
19/03/2025,RIT1.TA,1918.034528,6
20/03/2025,RIT1.TA,1943.437943,7
21/03/2025,RIT1.TA,1995.728166,8
22/03/2025,RIT1.TA,1967.40183,9
23/03/2025,RIT1.TA,2035.596124,10
24/03/2025,RIT1.TA,2070.831799,11
25/03/2025,RIT1.TA,2053.019699,12
26/03/2025,RIT1.TA,2089.98374,13
27/03/2025,RIT1.TA,2064.977355,14
28/03/2025,RIT1.TA,2089.088459,15
29/03/2025,RIT1.TA,2086.955011,16
30/03/2025,RIT1.TA,2069.810041,17
31/03/2025,RIT1.TA,2120.325397,18
01/04/2025,RIT1.TA,2091.23204,19
02/04/2025,RIT1.TA,2098.691157,20
03/04/2025,RIT1.TA,2084.661258,21
04/04/2025,RIT1.TA,2051.821038,22
05/04/2025,RIT1.TA,2033.905338,23
06/04/2025,RIT1.TA,2040.245087,24
07/04/2025,RIT1.TA,2055.194834,25
08/04/2025,RIT1.TA,2064.16325,26
09/04/2025,RIT1.TA,2079.288256,27
10/04/2025,RIT1.TA,2134.220165,28
11/04/2025,RIT1.TA,2090.545001,29
12/04/2025,RIT1.TA,2114.387149,30
14/03/2025,AZRT.TA,402.6650053,1
15/03/2025,AZRT.TA,404.4470595,2
16/03/2025,AZRT.TA,411.8111214,3
17/03/2025,AZRT.TA,418.0363562,4
18/03/2025,AZRT.TA,416.4792146,5
19/03/2025,AZRT.TA,418.676802,6
20/03/2025,AZRT.TA,417.7415672,7
21/03/2025,AZRT.TA,419.5319843,8
22/03/2025,AZRT.TA,393.4119763,9
23/03/2025,AZRT.TA,389.5356279,10
24/03/2025,AZRT.TA,396.6281865,11
25/03/2025,AZRT.TA,435.1771557,12
26/03/2025,AZRT.TA,428.0045165,13
27/03/2025,AZRT.TA,415.8908865,14
28/03/2025,AZRT.TA,414.6824693,15
29/03/2025,AZRT.TA,395.3723879,16
30/03/2025,AZRT.TA,392.4249618,17
31/03/2025,AZRT.TA,386.8100835,18
01/04/2025,AZRT.TA,377.7529399,19
02/04/2025,AZRT.TA,370.9180704,20
03/04/2025,AZRT.TA,377.8595161,21
04/04/2025,AZRT.TA,386.798322,22
05/04/2025,AZRT.TA,424.3919099,23
06/04/2025,AZRT.TA,420.9676865,24
07/04/2025,AZRT.TA,433.7864859,25
08/04/2025,AZRT.TA,441.8588821,26
09/04/2025,AZRT.TA,429.0319381,27
10/04/2025,AZRT.TA,446.628122,28
11/04/2025,AZRT.TA,433.9873959,29
12/04/2025,AZRT.TA,435.8474418,30
14/03/2025,REKA.TA,1399.233593,1
15/03/2025,REKA.TA,1407.076979,2
16/03/2025,REKA.TA,1415.230407,3
17/03/2025,REKA.TA,1402.152124,4
18/03/2025,REKA.TA,1387.548375,5
19/03/2025,REKA.TA,1383.998291,6
20/03/2025,REKA.TA,1399.007185,7
21/03/2025,REKA.TA,1408.956377,8
22/03/2025,REKA.TA,1408.956682,9
23/03/2025,REKA.TA,1405.351824,10
24/03/2025,REKA.TA,1383.272843,11
25/03/2025,REKA.TA,1236.230676,12
26/03/2025,REKA.TA,1221.069043,13
27/03/2025,REKA.TA,1226.290542,14
28/03/2025,REKA.TA,1244.516464,15
29/03/2025,REKA.TA,1247.306978,16
30/03/2025,REKA.TA,1287.762858,17
31/03/2025,REKA.TA,1297.126793,18
01/04/2025,REKA.TA,1311.163367,19
02/04/2025,REKA.TA,1369.969312,20
03/04/2025,REKA.TA,1367.439191,21
04/04/2025,REKA.TA,1428.769118,22
05/04/2025,REKA.TA,1426.640208,23
06/04/2025,REKA.TA,1423.812909,24
07/04/2025,REKA.TA,1430.033877,25
08/04/2025,REKA.TA,1451.846151,26
09/04/2025,REKA.TA,1391.504638,27
10/04/2025,REKA.TA,1404.948267,28
11/04/2025,REKA.TA,1430.778284,29
12/04/2025,REKA.TA,1444.601345,30
14/03/2025,RTMD-L.TA,25.05707453,1
15/03/2025,RTMD-L.TA,25.63975157,2
16/03/2025,RTMD-L.TA,25.57212814,3
17/03/2025,RTMD-L.TA,26.11014342,4
18/03/2025,RTMD-L.TA,43.60369979,5
19/03/2025,RTMD-L.TA,44.38827355,6
20/03/2025,RTMD-L.TA,47.85215575,7
21/03/2025,RTMD-L.TA,52.96914977,8
22/03/2025,RTMD-L.TA,54.65439515,9
23/03/2025,RTMD-L.TA,53.92833328,10
24/03/2025,RTMD-L.TA,78.59049978,11
25/03/2025,RTMD-L.TA,75.89862329,12
26/03/2025,RTMD-L.TA,46.33768318,13
27/03/2025,RTMD-L.TA,51.05349031,14
28/03/2025,RTMD-L.TA,45.74045859,15
29/03/2025,RTMD-L.TA,43.83250853,16
30/03/2025,RTMD-L.TA,43.24132323,17
31/03/2025,RTMD-L.TA,44.01937665,18
01/04/2025,RTMD-L.TA,45.57574103,19
02/04/2025,RTMD-L.TA,43.67466176,20
03/04/2025,RTMD-L.TA,42.38666866,21
04/04/2025,RTMD-L.TA,40.70773361,22
05/04/2025,RTMD-L.TA,41.30347459,23
06/04/2025,RTMD-L.TA,43.3951388,24
07/04/2025,RTMD-L.TA,43.16160068,25
08/04/2025,RTMD-L.TA,62.89999268,26
09/04/2025,RTMD-L.TA,61.67163542,27
10/04/2025,RTMD-L.TA,62.78131067,28
11/04/2025,RTMD-L.TA,62.35487718,29
12/04/2025,RTMD-L.TA,62.12753385,30
14/03/2025,RTLS.TA,8589.608024,1
15/03/2025,RTLS.TA,8555.142799,2
16/03/2025,RTLS.TA,8914.63437,3
17/03/2025,RTLS.TA,9055.159801,4
18/03/2025,RTLS.TA,9174.911372,5
19/03/2025,RTLS.TA,9069.472251,6
20/03/2025,RTLS.TA,9043.113922,7
21/03/2025,RTLS.TA,8995.455189,8
22/03/2025,RTLS.TA,9161.906493,9
23/03/2025,RTLS.TA,9144.52987,10
24/03/2025,RTLS.TA,8851.318015,11
25/03/2025,RTLS.TA,8804.670079,12
26/03/2025,RTLS.TA,8705.49151,13
27/03/2025,RTLS.TA,8541.415665,14
28/03/2025,RTLS.TA,9096.229892,15
29/03/2025,RTLS.TA,9753.202652,16
30/03/2025,RTLS.TA,10371.08675,17
31/03/2025,RTLS.TA,10792.05663,18
01/04/2025,RTLS.TA,10759.53997,19
02/04/2025,RTLS.TA,10958.63378,20
03/04/2025,RTLS.TA,10646.83375,21
04/04/2025,RTLS.TA,10616.28258,22
05/04/2025,RTLS.TA,10653.57019,23
06/04/2025,RTLS.TA,10532.86828,24
07/04/2025,RTLS.TA,10490.60585,25
08/04/2025,RTLS.TA,10270.25837,26
09/04/2025,RTLS.TA,10579.37372,27
10/04/2025,RTLS.TA,10983.894,28
11/04/2025,RTLS.TA,10980.59402,29
12/04/2025,RTLS.TA,11311.08912,30
14/03/2025,RMON.TA,4557.368667,1
15/03/2025,RMON.TA,4500.525634,2
16/03/2025,RMON.TA,4702.604881,3
17/03/2025,RMON.TA,4708.694302,4
18/03/2025,RMON.TA,4649.963818,5
19/03/2025,RMON.TA,4537.903809,6
20/03/2025,RMON.TA,4737.38267,7
21/03/2025,RMON.TA,4652.743839,8
22/03/2025,RMON.TA,4686.115877,9
23/03/2025,RMON.TA,4881.339385,10
24/03/2025,RMON.TA,4891.227771,11
25/03/2025,RMON.TA,5142.858756,12
26/03/2025,RMON.TA,5098.633718,13
27/03/2025,RMON.TA,5084.799232,14
28/03/2025,RMON.TA,5067.61228,15
29/03/2025,RMON.TA,5076.883374,16
30/03/2025,RMON.TA,5056.418235,17
31/03/2025,RMON.TA,5020.372581,18
01/04/2025,RMON.TA,5278.647468,19
02/04/2025,RMON.TA,5205.005751,20
03/04/2025,RMON.TA,5211.668117,21
04/04/2025,RMON.TA,5190.659655,22
05/04/2025,RMON.TA,5418.8326,23
06/04/2025,RMON.TA,5444.256364,24
07/04/2025,RMON.TA,5457.935636,25
08/04/2025,RMON.TA,5391.035219,26
09/04/2025,RMON.TA,5325.158266,27
10/04/2025,RMON.TA,5345.845399,28
11/04/2025,RMON.TA,5279.167873,29
12/04/2025,RMON.TA,5379.733585,30
14/03/2025,RIMO.TA,5041.597209,1
15/03/2025,RIMO.TA,5061.572352,2
16/03/2025,RIMO.TA,5015.856565,3
17/03/2025,RIMO.TA,5050.848618,4
18/03/2025,RIMO.TA,5055.331148,5
19/03/2025,RIMO.TA,5099.956487,6
20/03/2025,RIMO.TA,5262.78706,7
21/03/2025,RIMO.TA,5166.40313,8
22/03/2025,RIMO.TA,5226.143242,9
23/03/2025,RIMO.TA,5346.802269,10
24/03/2025,RIMO.TA,5387.208651,11
25/03/2025,RIMO.TA,5365.489663,12
26/03/2025,RIMO.TA,5340.485349,13
27/03/2025,RIMO.TA,5311.750503,14
28/03/2025,RIMO.TA,5250.403252,15
29/03/2025,RIMO.TA,5250.564713,16
30/03/2025,RIMO.TA,5287.194157,17
31/03/2025,RIMO.TA,5233.034438,18
01/04/2025,RIMO.TA,5270.263319,19
02/04/2025,RIMO.TA,5106.878894,20
03/04/2025,RIMO.TA,5097.552164,21
04/04/2025,RIMO.TA,5143.592516,22
05/04/2025,RIMO.TA,5150.339243,23
06/04/2025,RIMO.TA,5111.092853,24
07/04/2025,RIMO.TA,5107.001605,25
08/04/2025,RIMO.TA,4932.557535,26
09/04/2025,RIMO.TA,4772.688922,27
10/04/2025,RIMO.TA,4624.729894,28
11/04/2025,RIMO.TA,4690.183524,29
12/04/2025,RIMO.TA,4723.550453,30
13/03/2025,ROBO.TA,166.403943,1
14/03/2025,ROBO.TA,156.0876068,2
15/03/2025,ROBO.TA,180.3838385,3
16/03/2025,ROBO.TA,175.180834,4
17/03/2025,ROBO.TA,175.8510528,5
18/03/2025,ROBO.TA,168.9992979,6
19/03/2025,ROBO.TA,181.6292421,7
20/03/2025,ROBO.TA,165.8098559,8
21/03/2025,ROBO.TA,183.1847216,9
22/03/2025,ROBO.TA,183.6972692,10
23/03/2025,ROBO.TA,202.9465193,11
24/03/2025,ROBO.TA,197.0927152,12
25/03/2025,ROBO.TA,197.4277251,13
26/03/2025,ROBO.TA,194.5608024,14
27/03/2025,ROBO.TA,209.1570122,15
28/03/2025,ROBO.TA,206.7250172,16
29/03/2025,ROBO.TA,203.1592299,17
30/03/2025,ROBO.TA,190.4644694,18
31/03/2025,ROBO.TA,471.0538468,19
01/04/2025,ROBO.TA,455.7042543,20
02/04/2025,ROBO.TA,453.1623188,21
03/04/2025,ROBO.TA,445.7985861,22
04/04/2025,ROBO.TA,469.2840854,23
05/04/2025,ROBO.TA,450.999182,24
06/04/2025,ROBO.TA,451.7657714,25
07/04/2025,ROBO.TA,411.5751812,26
08/04/2025,ROBO.TA,428.4982472,27
09/04/2025,ROBO.TA,473.3996764,28
10/04/2025,ROBO.TA,478.9192883,29
11/04/2025,ROBO.TA,464.4601904,30
14/03/2025,RTEN.TA,146.6677236,1
15/03/2025,RTEN.TA,144.9091824,2
16/03/2025,RTEN.TA,143.4844578,3
17/03/2025,RTEN.TA,142.6174804,4
18/03/2025,RTEN.TA,142.5212142,5
19/03/2025,RTEN.TA,143.5545563,6
20/03/2025,RTEN.TA,136.4629307,7
21/03/2025,RTEN.TA,135.1276447,8
22/03/2025,RTEN.TA,132.9048434,9
23/03/2025,RTEN.TA,121.4680416,10
24/03/2025,RTEN.TA,120.7055865,11
25/03/2025,RTEN.TA,119.1836521,12
26/03/2025,RTEN.TA,108.680765,13
27/03/2025,RTEN.TA,114.6686013,14
28/03/2025,RTEN.TA,114.2397296,15
29/03/2025,RTEN.TA,111.5769428,16
30/03/2025,RTEN.TA,116.4216154,17
31/03/2025,RTEN.TA,110.2391277,18
01/04/2025,RTEN.TA,115.9683631,19
02/04/2025,RTEN.TA,105.7488187,20
03/04/2025,RTEN.TA,100.6841577,21
04/04/2025,RTEN.TA,98.38056305,22
05/04/2025,RTEN.TA,97.14011701,23
06/04/2025,RTEN.TA,97.14286746,24
07/04/2025,RTEN.TA,95.71458982,25
08/04/2025,RTEN.TA,97.65317094,26
09/04/2025,RTEN.TA,98.11083028,27
10/04/2025,RTEN.TA,82.39302941,28
11/04/2025,RTEN.TA,102.574366,29
12/04/2025,RTEN.TA,101.2305424,30
14/03/2025,ROTS.TA,6732.394135,1
15/03/2025,ROTS.TA,6754.926666,2
16/03/2025,ROTS.TA,6571.12943,3
17/03/2025,ROTS.TA,6738.219592,4
18/03/2025,ROTS.TA,6576.298234,5
19/03/2025,ROTS.TA,6557.162919,6
20/03/2025,ROTS.TA,6516.410699,7
21/03/2025,ROTS.TA,6604.490425,8
22/03/2025,ROTS.TA,6578.65733,9
23/03/2025,ROTS.TA,6432.522697,10
24/03/2025,ROTS.TA,6309.223975,11
25/03/2025,ROTS.TA,6242.910795,12
26/03/2025,ROTS.TA,6307.499766,13
27/03/2025,ROTS.TA,6242.366156,14
28/03/2025,ROTS.TA,6178.29397,15
29/03/2025,ROTS.TA,6142.76953,16
30/03/2025,ROTS.TA,6076.282472,17
31/03/2025,ROTS.TA,6117.227411,18
01/04/2025,ROTS.TA,6188.93587,19
02/04/2025,ROTS.TA,6386.487501,20
03/04/2025,ROTS.TA,6407.862324,21
04/04/2025,ROTS.TA,6272.840174,22
05/04/2025,ROTS.TA,6432.345461,23
06/04/2025,ROTS.TA,6446.225673,24
07/04/2025,ROTS.TA,6347.013119,25
08/04/2025,ROTS.TA,6352.963887,26
09/04/2025,ROTS.TA,6286.190978,27
10/04/2025,ROTS.TA,6394.548509,28
11/04/2025,ROTS.TA,6636.887004,29
12/04/2025,ROTS.TA,6689.956343,30
14/03/2025,RSEL.TA,1281.159594,1
15/03/2025,RSEL.TA,1284.718232,2
16/03/2025,RSEL.TA,1271.006456,3
17/03/2025,RSEL.TA,1270.031207,4
18/03/2025,RSEL.TA,1235.710297,5
19/03/2025,RSEL.TA,1220.85597,6
20/03/2025,RSEL.TA,1218.235879,7
21/03/2025,RSEL.TA,1211.618142,8
22/03/2025,RSEL.TA,1131.985999,9
23/03/2025,RSEL.TA,1165.410965,10
24/03/2025,RSEL.TA,1164.000054,11
25/03/2025,RSEL.TA,1194.062488,12
26/03/2025,RSEL.TA,1186.568677,13
27/03/2025,RSEL.TA,1236.976952,14
28/03/2025,RSEL.TA,1229.827016,15
29/03/2025,RSEL.TA,1196.592571,16
30/03/2025,RSEL.TA,1201.988421,17
31/03/2025,RSEL.TA,1207.166335,18
01/04/2025,RSEL.TA,1083.384931,19
02/04/2025,RSEL.TA,1082.073325,20
03/04/2025,RSEL.TA,1099.215897,21
04/04/2025,RSEL.TA,1128.419899,22
05/04/2025,RSEL.TA,1084.971854,23
06/04/2025,RSEL.TA,1073.391967,24
07/04/2025,RSEL.TA,1067.18758,25
08/04/2025,RSEL.TA,1087.178069,26
09/04/2025,RSEL.TA,1086.356303,27
10/04/2025,RSEL.TA,1064.982434,28
11/04/2025,RSEL.TA,1077.499782,29
12/04/2025,RSEL.TA,1084.304848,30
14/03/2025,SRAC.TA,4838.41483,1
15/03/2025,SRAC.TA,4915.53365,2
16/03/2025,SRAC.TA,4978.771157,3
17/03/2025,SRAC.TA,5074.649343,4
18/03/2025,SRAC.TA,4947.413515,5
19/03/2025,SRAC.TA,4908.666593,6
20/03/2025,SRAC.TA,4919.932082,7
21/03/2025,SRAC.TA,4891.608595,8
22/03/2025,SRAC.TA,5112.371026,9
23/03/2025,SRAC.TA,5276.11434,10
24/03/2025,SRAC.TA,5373.578168,11
25/03/2025,SRAC.TA,5369.375086,12
26/03/2025,SRAC.TA,5338.464207,13
27/03/2025,SRAC.TA,5302.253839,14
28/03/2025,SRAC.TA,5365.223907,15
29/03/2025,SRAC.TA,5552.908869,16
30/03/2025,SRAC.TA,5494.635377,17
31/03/2025,SRAC.TA,5594.042796,18
01/04/2025,SRAC.TA,5775.644439,19
02/04/2025,SRAC.TA,5715.757624,20
03/04/2025,SRAC.TA,5725.530325,21
04/04/2025,SRAC.TA,5692.5691,22
05/04/2025,SRAC.TA,5703.479671,23
06/04/2025,SRAC.TA,5664.119588,24
07/04/2025,SRAC.TA,5632.640536,25
08/04/2025,SRAC.TA,5677.495547,26
09/04/2025,SRAC.TA,5738.608077,27
10/04/2025,SRAC.TA,5726.896445,28
11/04/2025,SRAC.TA,5475.955013,29
12/04/2025,SRAC.TA,5433.068685,30
14/03/2025,SANO1.TA,32731.3673,1
15/03/2025,SANO1.TA,32705.51046,2
16/03/2025,SANO1.TA,32846.00574,3
17/03/2025,SANO1.TA,32833.56129,4
18/03/2025,SANO1.TA,32724.86437,5
19/03/2025,SANO1.TA,33032.49551,6
20/03/2025,SANO1.TA,32687.86867,7
21/03/2025,SANO1.TA,32598.84644,8
22/03/2025,SANO1.TA,32340.93059,9
23/03/2025,SANO1.TA,31937.77907,10
24/03/2025,SANO1.TA,32645.85865,11
25/03/2025,SANO1.TA,32543.47793,12
26/03/2025,SANO1.TA,32181.7794,13
27/03/2025,SANO1.TA,32147.00218,14
28/03/2025,SANO1.TA,32836.35643,15
29/03/2025,SANO1.TA,32644.80754,16
30/03/2025,SANO1.TA,32092.4842,17
31/03/2025,SANO1.TA,31838.57459,18
01/04/2025,SANO1.TA,31747.50624,19
02/04/2025,SANO1.TA,31639.39064,20
03/04/2025,SANO1.TA,32315.94718,21
04/04/2025,SANO1.TA,33118.8364,22
05/04/2025,SANO1.TA,33006.99502,23
06/04/2025,SANO1.TA,32593.5831,24
07/04/2025,SANO1.TA,33059.20224,25
08/04/2025,SANO1.TA,33096.35942,26
09/04/2025,SANO1.TA,33806.07151,27
10/04/2025,SANO1.TA,33299.36835,28
11/04/2025,SANO1.TA,33641.5335,29
12/04/2025,SANO1.TA,33428.78376,30
14/03/2025,SPNS.TA,9963.092359,1
15/03/2025,SPNS.TA,10000.54014,2
16/03/2025,SPNS.TA,9235.055109,3
17/03/2025,SPNS.TA,9268.052359,4
18/03/2025,SPNS.TA,9199.211784,5
19/03/2025,SPNS.TA,9246.218459,6
20/03/2025,SPNS.TA,9064.861431,7
21/03/2025,SPNS.TA,9018.454928,8
22/03/2025,SPNS.TA,8755.888618,9
23/03/2025,SPNS.TA,8085.674656,10
24/03/2025,SPNS.TA,8059.490842,11
25/03/2025,SPNS.TA,7852.227572,12
26/03/2025,SPNS.TA,7865.6341,13
27/03/2025,SPNS.TA,7870.974503,14
28/03/2025,SPNS.TA,7714.863441,15
29/03/2025,SPNS.TA,7784.234905,16
30/03/2025,SPNS.TA,7792.257285,17
31/03/2025,SPNS.TA,7869.997092,18
01/04/2025,SPNS.TA,7903.673415,19
02/04/2025,SPNS.TA,8010.045591,20
03/04/2025,SPNS.TA,7939.126581,21
04/04/2025,SPNS.TA,7880.156906,22
05/04/2025,SPNS.TA,7845.656997,23
06/04/2025,SPNS.TA,7782.402922,24
07/04/2025,SPNS.TA,7902.683492,25
08/04/2025,SPNS.TA,7874.045265,26
09/04/2025,SPNS.TA,7993.378306,27
10/04/2025,SPNS.TA,7849.001235,28
11/04/2025,SPNS.TA,7912.147939,29
12/04/2025,SPNS.TA,7993.146315,30
14/03/2025,SRFT.TA,4221.111379,1
15/03/2025,SRFT.TA,4203.456572,2
16/03/2025,SRFT.TA,4227.686385,3
17/03/2025,SRFT.TA,4219.356402,4
18/03/2025,SRFT.TA,4199.042376,5
19/03/2025,SRFT.TA,4168.133017,6
20/03/2025,SRFT.TA,4186.09079,7
21/03/2025,SRFT.TA,4157.417427,8
22/03/2025,SRFT.TA,4151.059638,9
23/03/2025,SRFT.TA,4045.885979,10
24/03/2025,SRFT.TA,3984.123733,11
25/03/2025,SRFT.TA,4037.302852,12
26/03/2025,SRFT.TA,3999.455033,13
27/03/2025,SRFT.TA,3961.96202,14
28/03/2025,SRFT.TA,3962.764997,15
29/03/2025,SRFT.TA,3901.348163,16
30/03/2025,SRFT.TA,3948.131611,17
31/03/2025,SRFT.TA,3941.481543,18
01/04/2025,SRFT.TA,3965.095328,19
02/04/2025,SRFT.TA,3987.838016,20
03/04/2025,SRFT.TA,3971.158876,21
04/04/2025,SRFT.TA,3907.853832,22
05/04/2025,SRFT.TA,3880.875177,23
06/04/2025,SRFT.TA,3819.009364,24
07/04/2025,SRFT.TA,3788.777219,25
08/04/2025,SRFT.TA,3786.16779,26
09/04/2025,SRFT.TA,3793.877775,27
10/04/2025,SRFT.TA,3827.135773,28
11/04/2025,SRFT.TA,3791.258172,29
12/04/2025,SRFT.TA,3737.979575,30
14/03/2025,SARN.TA,58.92079766,1
15/03/2025,SARN.TA,58.62251451,2
16/03/2025,SARN.TA,59.4301877,3
17/03/2025,SARN.TA,60.62080149,4
18/03/2025,SARN.TA,58.98606549,5
19/03/2025,SARN.TA,57.55786281,6
20/03/2025,SARN.TA,56.16424055,7
21/03/2025,SARN.TA,55.48041876,8
22/03/2025,SARN.TA,54.2001147,9
23/03/2025,SARN.TA,53.96741752,10
24/03/2025,SARN.TA,54.57551217,11
25/03/2025,SARN.TA,53.62965003,12
26/03/2025,SARN.TA,54.00318552,13
27/03/2025,SARN.TA,53.42694495,14
28/03/2025,SARN.TA,53.67095566,15
29/03/2025,SARN.TA,53.31749782,16
30/03/2025,SARN.TA,52.99431283,17
31/03/2025,SARN.TA,53.81197333,18
01/04/2025,SARN.TA,54.09798526,19
02/04/2025,SARN.TA,54.94841292,20
03/04/2025,SARN.TA,57.05922646,21
04/04/2025,SARN.TA,56.63225001,22
05/04/2025,SARN.TA,57.69476525,23
06/04/2025,SARN.TA,59.78868506,24
07/04/2025,SARN.TA,58.49661818,25
08/04/2025,SARN.TA,58.16145783,26
09/04/2025,SARN.TA,56.0581234,27
10/04/2025,SARN.TA,55.71118056,28
11/04/2025,SARN.TA,56.4414024,29
12/04/2025,SARN.TA,56.15567105,30
14/03/2025,SVRE.TA,59.81281003,1
15/03/2025,SVRE.TA,6.00187997,2
16/03/2025,SVRE.TA,4.859085,3
17/03/2025,SVRE.TA,2.62788723,4
18/03/2025,SVRE.TA,12.39376775,5
19/03/2025,SVRE.TA,38.3042275,6
20/03/2025,SVRE.TA,889.6953452,7
21/03/2025,SVRE.TA,773.1538678,8
22/03/2025,SVRE.TA,671.8781956,9
23/03/2025,SVRE.TA,839.7831815,10
24/03/2025,SVRE.TA,106.8429692,11
25/03/2025,SVRE.TA,286.8270819,12
26/03/2025,SVRE.TA,116.2783535,13
27/03/2025,SVRE.TA,55.19912368,14
28/03/2025,SVRE.TA,0.84140586,15
29/03/2025,SVRE.TA,-0.02168248,16
30/03/2025,SVRE.TA,-0.01517094,17
31/03/2025,SVRE.TA,-0.01476884,18
01/04/2025,SVRE.TA,-0.02787352,19
02/04/2025,SVRE.TA,-0.03740156,20
03/04/2025,SVRE.TA,-0.00266006,21
04/04/2025,SVRE.TA,-0.00080688,22
05/04/2025,SVRE.TA,-0.00064232,23
06/04/2025,SVRE.TA,-0.00010747,24
07/04/2025,SVRE.TA,-5.19E-05,25
08/04/2025,SVRE.TA,-2.19E-05,26
09/04/2025,SVRE.TA,-0.00023124,27
10/04/2025,SVRE.TA,-0.00014232,28
11/04/2025,SVRE.TA,3.67E-06,29
12/04/2025,SVRE.TA,2.38E-06,30
14/03/2025,SVRT.TA,308.7641879,1
15/03/2025,SVRT.TA,341.7433419,2
16/03/2025,SVRT.TA,320.437651,3
17/03/2025,SVRT.TA,420.8071233,4
18/03/2025,SVRT.TA,347.3247469,5
19/03/2025,SVRT.TA,343.9645079,6
20/03/2025,SVRT.TA,390.3014879,7
21/03/2025,SVRT.TA,390.1615823,8
22/03/2025,SVRT.TA,452.6768458,9
23/03/2025,SVRT.TA,447.8369463,10
24/03/2025,SVRT.TA,450.1893742,11
25/03/2025,SVRT.TA,412.4366018,12
26/03/2025,SVRT.TA,409.9313066,13
27/03/2025,SVRT.TA,287.8504357,14
28/03/2025,SVRT.TA,284.4610932,15
29/03/2025,SVRT.TA,265.0836554,16
30/03/2025,SVRT.TA,229.8854607,17
31/03/2025,SVRT.TA,230.8453647,18
01/04/2025,SVRT.TA,221.6088859,19
02/04/2025,SVRT.TA,220.9667194,20
03/04/2025,SVRT.TA,231.1000552,21
04/04/2025,SVRT.TA,231.0172162,22
05/04/2025,SVRT.TA,85.79232396,23
06/04/2025,SVRT.TA,84.90382992,24
07/04/2025,SVRT.TA,92.07369923,25
08/04/2025,SVRT.TA,85.39343713,26
09/04/2025,SVRT.TA,66.75499329,27
10/04/2025,SVRT.TA,68.32515286,28
11/04/2025,SVRT.TA,65.59135821,29
12/04/2025,SVRT.TA,65.93590089,30
14/03/2025,SHNP.TA,1891.505976,1
15/03/2025,SHNP.TA,1848.608893,2
16/03/2025,SHNP.TA,1852.806759,3
17/03/2025,SHNP.TA,1842.709213,4
18/03/2025,SHNP.TA,1846.655789,5
19/03/2025,SHNP.TA,1891.873409,6
20/03/2025,SHNP.TA,1906.881557,7
21/03/2025,SHNP.TA,1966.190238,8
22/03/2025,SHNP.TA,1974.905621,9
23/03/2025,SHNP.TA,1974.201142,10
24/03/2025,SHNP.TA,1986.635772,11
25/03/2025,SHNP.TA,1997.139034,12
26/03/2025,SHNP.TA,2001.441722,13
27/03/2025,SHNP.TA,2006.552794,14
28/03/2025,SHNP.TA,2002.170544,15
29/03/2025,SHNP.TA,1989.806822,16
30/03/2025,SHNP.TA,1964.425288,17
31/03/2025,SHNP.TA,1987.679077,18
01/04/2025,SHNP.TA,2010.400765,19
02/04/2025,SHNP.TA,2019.041448,20
03/04/2025,SHNP.TA,2002.977081,21
04/04/2025,SHNP.TA,2021.096527,22
05/04/2025,SHNP.TA,2057.999475,23
06/04/2025,SHNP.TA,2017.303781,24
07/04/2025,SHNP.TA,2019.266629,25
08/04/2025,SHNP.TA,2021.051545,26
09/04/2025,SHNP.TA,2042.976526,27
10/04/2025,SHNP.TA,2040.69875,28
11/04/2025,SHNP.TA,2073.941872,29
12/04/2025,SHNP.TA,2031.498844,30
14/03/2025,SCDX.TA,322.9171737,1
15/03/2025,SCDX.TA,323.5310235,2
16/03/2025,SCDX.TA,348.0040305,3
17/03/2025,SCDX.TA,347.2588186,4
18/03/2025,SCDX.TA,353.7659501,5
19/03/2025,SCDX.TA,353.0782325,6
20/03/2025,SCDX.TA,355.7768325,7
21/03/2025,SCDX.TA,343.3128571,8
22/03/2025,SCDX.TA,350.4613516,9
23/03/2025,SCDX.TA,347.5233834,10
24/03/2025,SCDX.TA,346.8478012,11
25/03/2025,SCDX.TA,354.8373647,12
26/03/2025,SCDX.TA,356.2305789,13
27/03/2025,SCDX.TA,346.5167943,14
28/03/2025,SCDX.TA,349.2484462,15
29/03/2025,SCDX.TA,337.4350887,16
30/03/2025,SCDX.TA,334.4587415,17
31/03/2025,SCDX.TA,333.7425353,18
01/04/2025,SCDX.TA,333.5822886,19
02/04/2025,SCDX.TA,330.6281997,20
03/04/2025,SCDX.TA,338.2441481,21
04/04/2025,SCDX.TA,341.1579703,22
05/04/2025,SCDX.TA,342.0907966,23
06/04/2025,SCDX.TA,324.2271268,24
07/04/2025,SCDX.TA,322.4644544,25
08/04/2025,SCDX.TA,322.848303,26
09/04/2025,SCDX.TA,311.9279325,27
10/04/2025,SCDX.TA,306.68705,28
11/04/2025,SCDX.TA,304.5889229,29
12/04/2025,SCDX.TA,298.0104686,30
14/03/2025,SCOP.TA,14379.59541,1
15/03/2025,SCOP.TA,14320.9985,2
16/03/2025,SCOP.TA,14349.47354,3
17/03/2025,SCOP.TA,14356.78316,4
18/03/2025,SCOP.TA,14379.73025,5
19/03/2025,SCOP.TA,14153.6415,6
20/03/2025,SCOP.TA,14389.71555,7
21/03/2025,SCOP.TA,14502.04047,8
22/03/2025,SCOP.TA,14027.92404,9
23/03/2025,SCOP.TA,13873.53083,10
24/03/2025,SCOP.TA,13963.53096,11
25/03/2025,SCOP.TA,14098.14439,12
26/03/2025,SCOP.TA,13637.23257,13
27/03/2025,SCOP.TA,13725.69979,14
28/03/2025,SCOP.TA,13276.96433,15
29/03/2025,SCOP.TA,13432.19852,16
30/03/2025,SCOP.TA,13216.32854,17
31/03/2025,SCOP.TA,13137.9041,18
01/04/2025,SCOP.TA,13144.59655,19
02/04/2025,SCOP.TA,13098.82545,20
03/04/2025,SCOP.TA,13119.76189,21
04/04/2025,SCOP.TA,13315.79141,22
05/04/2025,SCOP.TA,13185.79866,23
06/04/2025,SCOP.TA,13192.51551,24
07/04/2025,SCOP.TA,13349.1834,25
08/04/2025,SCOP.TA,13533.33462,26
09/04/2025,SCOP.TA,13493.56122,27
10/04/2025,SCOP.TA,13602.07364,28
11/04/2025,SCOP.TA,13300.94227,29
12/04/2025,SCOP.TA,13182.20996,30
14/03/2025,SEMG.TA,335.6163314,1
15/03/2025,SEMG.TA,338.4926329,2
16/03/2025,SEMG.TA,343.8532769,3
17/03/2025,SEMG.TA,345.9689009,4
18/03/2025,SEMG.TA,341.8944724,5
19/03/2025,SEMG.TA,357.0836529,6
20/03/2025,SEMG.TA,355.9407102,7
21/03/2025,SEMG.TA,365.2413866,8
22/03/2025,SEMG.TA,369.904906,9
23/03/2025,SEMG.TA,372.8512896,10
24/03/2025,SEMG.TA,389.4157737,11
25/03/2025,SEMG.TA,391.6003727,12
26/03/2025,SEMG.TA,403.7956323,13
27/03/2025,SEMG.TA,387.2197376,14
28/03/2025,SEMG.TA,388.2580303,15
29/03/2025,SEMG.TA,385.834156,16
30/03/2025,SEMG.TA,389.953213,17
31/03/2025,SEMG.TA,402.0971766,18
01/04/2025,SEMG.TA,388.6460276,19
02/04/2025,SEMG.TA,398.801289,20
03/04/2025,SEMG.TA,412.1804471,21
04/04/2025,SEMG.TA,402.3920792,22
05/04/2025,SEMG.TA,402.8317085,23
06/04/2025,SEMG.TA,409.6665727,24
07/04/2025,SEMG.TA,414.5357304,25
08/04/2025,SEMG.TA,419.8061321,26
09/04/2025,SEMG.TA,420.6017444,27
10/04/2025,SEMG.TA,421.0612684,28
11/04/2025,SEMG.TA,422.293807,29
12/04/2025,SEMG.TA,414.1710308,30
14/03/2025,SLARL.TA,877.8104122,1
15/03/2025,SLARL.TA,888.8799305,2
16/03/2025,SLARL.TA,869.0907728,3
17/03/2025,SLARL.TA,853.4905365,4
18/03/2025,SLARL.TA,860.2998702,5
19/03/2025,SLARL.TA,873.446572,6
20/03/2025,SLARL.TA,911.2737083,7
21/03/2025,SLARL.TA,919.7659147,8
22/03/2025,SLARL.TA,928.8419557,9
23/03/2025,SLARL.TA,924.8815888,10
24/03/2025,SLARL.TA,898.534619,11
25/03/2025,SLARL.TA,882.1585833,12
26/03/2025,SLARL.TA,902.579736,13
27/03/2025,SLARL.TA,916.7956349,14
28/03/2025,SLARL.TA,912.8866307,15
29/03/2025,SLARL.TA,896.4123845,16
30/03/2025,SLARL.TA,903.4599277,17
31/03/2025,SLARL.TA,918.7450485,18
01/04/2025,SLARL.TA,914.420085,19
02/04/2025,SLARL.TA,915.8281296,20
03/04/2025,SLARL.TA,922.0328382,21
04/04/2025,SLARL.TA,917.7280685,22
05/04/2025,SLARL.TA,927.6629492,23
06/04/2025,SLARL.TA,947.6125321,24
07/04/2025,SLARL.TA,954.0325791,25
08/04/2025,SLARL.TA,962.9232576,26
09/04/2025,SLARL.TA,989.6208943,27
10/04/2025,SLARL.TA,995.2276367,28
11/04/2025,SLARL.TA,996.7601106,29
12/04/2025,SLARL.TA,997.5294293,30
14/03/2025,SHGR.TA,1649.349967,1
15/03/2025,SHGR.TA,1678.457474,2
16/03/2025,SHGR.TA,1688.765644,3
17/03/2025,SHGR.TA,1666.161242,4
18/03/2025,SHGR.TA,1770.684115,5
19/03/2025,SHGR.TA,1779.923816,6
20/03/2025,SHGR.TA,1792.487055,7
21/03/2025,SHGR.TA,1798.202363,8
22/03/2025,SHGR.TA,1845.631108,9
23/03/2025,SHGR.TA,1851.712004,10
24/03/2025,SHGR.TA,1894.382177,11
25/03/2025,SHGR.TA,1893.007637,12
26/03/2025,SHGR.TA,1979.946469,13
27/03/2025,SHGR.TA,2027.799253,14
28/03/2025,SHGR.TA,2083.046723,15
29/03/2025,SHGR.TA,2058.144952,16
30/03/2025,SHGR.TA,2051.059071,17
31/03/2025,SHGR.TA,1993.360399,18
01/04/2025,SHGR.TA,1955.330484,19
02/04/2025,SHGR.TA,2015.188839,20
03/04/2025,SHGR.TA,2015.314648,21
04/04/2025,SHGR.TA,1971.598824,22
05/04/2025,SHGR.TA,2030.599428,23
06/04/2025,SHGR.TA,2024.685094,24
07/04/2025,SHGR.TA,2065.871785,25
08/04/2025,SHGR.TA,2070.167948,26
09/04/2025,SHGR.TA,2054.188552,27
10/04/2025,SHGR.TA,2056.691555,28
11/04/2025,SHGR.TA,2185.713468,29
12/04/2025,SHGR.TA,2138.301385,30
14/03/2025,SHMM.TA,135.4527885,1
15/03/2025,SHMM.TA,131.17765,2
16/03/2025,SHMM.TA,124.8909841,3
17/03/2025,SHMM.TA,125.7609892,4
18/03/2025,SHMM.TA,128.9369032,5
19/03/2025,SHMM.TA,129.9396587,6
20/03/2025,SHMM.TA,132.734197,7
21/03/2025,SHMM.TA,133.6588388,8
22/03/2025,SHMM.TA,136.5333634,9
23/03/2025,SHMM.TA,136.4521981,10
24/03/2025,SHMM.TA,134.0959054,11
25/03/2025,SHMM.TA,129.6600986,12
26/03/2025,SHMM.TA,132.5950041,13
27/03/2025,SHMM.TA,132.7996671,14
28/03/2025,SHMM.TA,135.655714,15
29/03/2025,SHMM.TA,140.628748,16
30/03/2025,SHMM.TA,137.8571946,17
31/03/2025,SHMM.TA,134.2508959,18
01/04/2025,SHMM.TA,127.6900317,19
02/04/2025,SHMM.TA,129.8948341,20
03/04/2025,SHMM.TA,133.4118151,21
04/04/2025,SHMM.TA,138.6501736,22
05/04/2025,SHMM.TA,135.8232075,23
06/04/2025,SHMM.TA,136.2323604,24
07/04/2025,SHMM.TA,140.2838363,25
08/04/2025,SHMM.TA,141.4410099,26
09/04/2025,SHMM.TA,143.8832482,27
10/04/2025,SHMM.TA,159.9244077,28
11/04/2025,SHMM.TA,160.5358137,29
12/04/2025,SHMM.TA,156.8320371,30
14/03/2025,SHAN.TA,551.4020269,1
15/03/2025,SHAN.TA,544.6653039,2
16/03/2025,SHAN.TA,532.7362058,3
17/03/2025,SHAN.TA,502.1408729,4
18/03/2025,SHAN.TA,514.6391825,5
19/03/2025,SHAN.TA,525.8229054,6
20/03/2025,SHAN.TA,535.2008668,7
21/03/2025,SHAN.TA,529.4416543,8
22/03/2025,SHAN.TA,521.1706455,9
23/03/2025,SHAN.TA,527.4141812,10
24/03/2025,SHAN.TA,529.546391,11
25/03/2025,SHAN.TA,537.3108362,12
26/03/2025,SHAN.TA,531.3552904,13
27/03/2025,SHAN.TA,556.6813459,14
28/03/2025,SHAN.TA,555.217871,15
29/03/2025,SHAN.TA,563.4756518,16
30/03/2025,SHAN.TA,583.0646437,17
31/03/2025,SHAN.TA,549.3435353,18
01/04/2025,SHAN.TA,546.5754471,19
02/04/2025,SHAN.TA,546.94444,20
03/04/2025,SHAN.TA,544.6323453,21
04/04/2025,SHAN.TA,552.8819314,22
05/04/2025,SHAN.TA,547.6952226,23
06/04/2025,SHAN.TA,548.7779383,24
07/04/2025,SHAN.TA,547.5872811,25
08/04/2025,SHAN.TA,545.2724689,26
09/04/2025,SHAN.TA,574.7317857,27
10/04/2025,SHAN.TA,570.2432855,28
11/04/2025,SHAN.TA,580.7062902,29
12/04/2025,SHAN.TA,582.7193883,30
14/03/2025,SPEN.TA,2436.036709,1
15/03/2025,SPEN.TA,2378.056477,2
16/03/2025,SPEN.TA,2411.41966,3
17/03/2025,SPEN.TA,2453.247223,4
18/03/2025,SPEN.TA,2548.059001,5
19/03/2025,SPEN.TA,2525.729281,6
20/03/2025,SPEN.TA,2529.645598,7
21/03/2025,SPEN.TA,2520.960105,8
22/03/2025,SPEN.TA,2502.324446,9
23/03/2025,SPEN.TA,2504.492411,10
24/03/2025,SPEN.TA,2579.138841,11
25/03/2025,SPEN.TA,2575.888139,12
26/03/2025,SPEN.TA,2577.598595,13
27/03/2025,SPEN.TA,2558.544249,14
28/03/2025,SPEN.TA,2586.815667,15
29/03/2025,SPEN.TA,2580.592776,16
30/03/2025,SPEN.TA,2598.556726,17
31/03/2025,SPEN.TA,2579.347451,18
01/04/2025,SPEN.TA,2607.84874,19
02/04/2025,SPEN.TA,2620.057978,20
03/04/2025,SPEN.TA,2631.976633,21
04/04/2025,SPEN.TA,2628.483468,22
05/04/2025,SPEN.TA,2645.378367,23
06/04/2025,SPEN.TA,2647.670271,24
07/04/2025,SPEN.TA,2685.811582,25
08/04/2025,SPEN.TA,2688.276358,26
09/04/2025,SPEN.TA,2673.629265,27
10/04/2025,SPEN.TA,2783.472127,28
11/04/2025,SPEN.TA,2781.011588,29
12/04/2025,SPEN.TA,2826.151974,30
14/03/2025,SMNR.TA,1607.333961,1
15/03/2025,SMNR.TA,1650.565631,2
16/03/2025,SMNR.TA,1641.850652,3
17/03/2025,SMNR.TA,1679.554722,4
18/03/2025,SMNR.TA,1657.168274,5
19/03/2025,SMNR.TA,1687.828701,6
20/03/2025,SMNR.TA,1665.025622,7
21/03/2025,SMNR.TA,1703.743927,8
22/03/2025,SMNR.TA,1719.243101,9
23/03/2025,SMNR.TA,1707.837977,10
24/03/2025,SMNR.TA,1759.335453,11
25/03/2025,SMNR.TA,1788.37588,12
26/03/2025,SMNR.TA,1765.437774,13
27/03/2025,SMNR.TA,1812.932547,14
28/03/2025,SMNR.TA,1729.765165,15
29/03/2025,SMNR.TA,1689.566117,16
30/03/2025,SMNR.TA,1687.150972,17
31/03/2025,SMNR.TA,1689.678374,18
01/04/2025,SMNR.TA,1721.599776,19
02/04/2025,SMNR.TA,1713.226658,20
03/04/2025,SMNR.TA,1726.123355,21
04/04/2025,SMNR.TA,1700.813714,22
05/04/2025,SMNR.TA,1717.884763,23
06/04/2025,SMNR.TA,1782.607459,24
07/04/2025,SMNR.TA,1821.531145,25
08/04/2025,SMNR.TA,1855.550882,26
09/04/2025,SMNR.TA,1836.456328,27
10/04/2025,SMNR.TA,1776.880616,28
11/04/2025,SMNR.TA,1779.542437,29
12/04/2025,SMNR.TA,1845.936403,30
14/03/2025,SBEN.TA,235.8910976,1
15/03/2025,SBEN.TA,235.633105,2
16/03/2025,SBEN.TA,224.5838663,3
17/03/2025,SBEN.TA,238.5030209,4
18/03/2025,SBEN.TA,243.7888779,5
19/03/2025,SBEN.TA,237.4617071,6
20/03/2025,SBEN.TA,237.2019968,7
21/03/2025,SBEN.TA,236.5345394,8
22/03/2025,SBEN.TA,230.7248444,9
23/03/2025,SBEN.TA,230.9710576,10
24/03/2025,SBEN.TA,226.3785461,11
25/03/2025,SBEN.TA,226.3481927,12
26/03/2025,SBEN.TA,232.8896573,13
27/03/2025,SBEN.TA,221.9690636,14
28/03/2025,SBEN.TA,199.6974759,15
29/03/2025,SBEN.TA,198.3298081,16
30/03/2025,SBEN.TA,191.0158211,17
31/03/2025,SBEN.TA,189.9497059,18
01/04/2025,SBEN.TA,191.4618969,19
02/04/2025,SBEN.TA,190.1419606,20
03/04/2025,SBEN.TA,193.0167809,21
04/04/2025,SBEN.TA,189.7345128,22
05/04/2025,SBEN.TA,190.8905231,23
06/04/2025,SBEN.TA,184.6249675,24
07/04/2025,SBEN.TA,183.3605267,25
08/04/2025,SBEN.TA,186.0621235,26
09/04/2025,SBEN.TA,183.4915726,27
10/04/2025,SBEN.TA,192.0669942,28
11/04/2025,SBEN.TA,196.3272939,29
12/04/2025,SBEN.TA,190.2653902,30
14/03/2025,SKBN.TA,1235.2833,1
15/03/2025,SKBN.TA,1264.281985,2
16/03/2025,SKBN.TA,1287.221733,3
17/03/2025,SKBN.TA,1331.522221,4
18/03/2025,SKBN.TA,1367.376118,5
19/03/2025,SKBN.TA,1414.310483,6
20/03/2025,SKBN.TA,1405.386229,7
21/03/2025,SKBN.TA,1372.140815,8
22/03/2025,SKBN.TA,1341.294664,9
23/03/2025,SKBN.TA,1287.561248,10
24/03/2025,SKBN.TA,1259.515475,11
25/03/2025,SKBN.TA,1224.158034,12
26/03/2025,SKBN.TA,1200.280853,13
27/03/2025,SKBN.TA,1202.017298,14
28/03/2025,SKBN.TA,1156.380837,15
29/03/2025,SKBN.TA,1133.82565,16
30/03/2025,SKBN.TA,1087.410228,17
31/03/2025,SKBN.TA,1129.945104,18
01/04/2025,SKBN.TA,1065.787874,19
02/04/2025,SKBN.TA,1157.897719,20
03/04/2025,SKBN.TA,1151.738522,21
04/04/2025,SKBN.TA,1118.614938,22
05/04/2025,SKBN.TA,1090.81026,23
06/04/2025,SKBN.TA,1077.355592,24
07/04/2025,SKBN.TA,1047.111791,25
08/04/2025,SKBN.TA,1005.54367,26
09/04/2025,SKBN.TA,1025.123509,27
10/04/2025,SKBN.TA,1026.605643,28
11/04/2025,SKBN.TA,1035.402647,29
12/04/2025,SKBN.TA,1026.346305,30
14/03/2025,SHOM.TA,834.432555,1
15/03/2025,SHOM.TA,847.1609836,2
16/03/2025,SHOM.TA,827.9185006,3
17/03/2025,SHOM.TA,819.674492,4
18/03/2025,SHOM.TA,835.7625071,5
19/03/2025,SHOM.TA,835.1460924,6
20/03/2025,SHOM.TA,845.5456431,7
21/03/2025,SHOM.TA,837.126112,8
22/03/2025,SHOM.TA,854.7292746,9
23/03/2025,SHOM.TA,846.7857763,10
24/03/2025,SHOM.TA,859.7026408,11
25/03/2025,SHOM.TA,848.0221096,12
26/03/2025,SHOM.TA,854.71101,13
27/03/2025,SHOM.TA,845.7596375,14
28/03/2025,SHOM.TA,841.078289,15
29/03/2025,SHOM.TA,841.248475,16
30/03/2025,SHOM.TA,842.5255967,17
31/03/2025,SHOM.TA,849.4664569,18
01/04/2025,SHOM.TA,834.7979108,19
02/04/2025,SHOM.TA,856.2996042,20
03/04/2025,SHOM.TA,894.3690974,21
04/04/2025,SHOM.TA,885.6686071,22
05/04/2025,SHOM.TA,877.0527558,23
06/04/2025,SHOM.TA,901.6809914,24
07/04/2025,SHOM.TA,918.4571118,25
08/04/2025,SHOM.TA,908.9914891,26
09/04/2025,SHOM.TA,898.2210098,27
10/04/2025,SHOM.TA,898.8724086,28
11/04/2025,SHOM.TA,902.9852733,29
12/04/2025,SHOM.TA,911.8041877,30
14/03/2025,SAE.TA,3547.975586,1
15/03/2025,SAE.TA,3519.248421,2
16/03/2025,SAE.TA,3507.133336,3
17/03/2025,SAE.TA,3429.296254,4
18/03/2025,SAE.TA,3431.915051,5
19/03/2025,SAE.TA,3453.866015,6
20/03/2025,SAE.TA,3518.775288,7
21/03/2025,SAE.TA,3545.348165,8
22/03/2025,SAE.TA,3571.357025,9
23/03/2025,SAE.TA,3606.920435,10
24/03/2025,SAE.TA,3609.950044,11
25/03/2025,SAE.TA,3659.266432,12
26/03/2025,SAE.TA,3682.88593,13
27/03/2025,SAE.TA,3674.185026,14
28/03/2025,SAE.TA,3665.504679,15
29/03/2025,SAE.TA,3745.384176,16
30/03/2025,SAE.TA,3774.835521,17
31/03/2025,SAE.TA,3748.69626,18
01/04/2025,SAE.TA,3819.146344,19
02/04/2025,SAE.TA,3706.729651,20
03/04/2025,SAE.TA,3715.748168,21
04/04/2025,SAE.TA,3739.110802,22
05/04/2025,SAE.TA,3796.592021,23
06/04/2025,SAE.TA,3786.278628,24
07/04/2025,SAE.TA,3779.35423,25
08/04/2025,SAE.TA,3820.735161,26
09/04/2025,SAE.TA,3776.343784,27
10/04/2025,SAE.TA,3799.743402,28
11/04/2025,SAE.TA,3820.556371,29
12/04/2025,SAE.TA,3837.992944,30
14/03/2025,SKLN.TA,1861.6125,1
15/03/2025,SKLN.TA,1865.33486,2
16/03/2025,SKLN.TA,1885.506002,3
17/03/2025,SKLN.TA,1893.266104,4
18/03/2025,SKLN.TA,1860.476944,5
19/03/2025,SKLN.TA,1835.021875,6
20/03/2025,SKLN.TA,1828.638325,7
21/03/2025,SKLN.TA,1840.340014,8
22/03/2025,SKLN.TA,1800.819389,9
23/03/2025,SKLN.TA,1794.396387,10
24/03/2025,SKLN.TA,1773.21452,11
25/03/2025,SKLN.TA,1752.282693,12
26/03/2025,SKLN.TA,1754.788741,13
27/03/2025,SKLN.TA,1757.866157,14
28/03/2025,SKLN.TA,1733.815011,15
29/03/2025,SKLN.TA,1736.420828,16
30/03/2025,SKLN.TA,1684.162068,17
31/03/2025,SKLN.TA,1695.950099,18
01/04/2025,SKLN.TA,1719.817526,19
02/04/2025,SKLN.TA,1704.167335,20
03/04/2025,SKLN.TA,1689.624406,21
04/04/2025,SKLN.TA,1677.150133,22
05/04/2025,SKLN.TA,1693.088955,23
06/04/2025,SKLN.TA,1674.668217,24
07/04/2025,SKLN.TA,1661.825836,25
08/04/2025,SKLN.TA,1684.285445,26
09/04/2025,SKLN.TA,1702.498776,27
10/04/2025,SKLN.TA,1697.504525,28
11/04/2025,SKLN.TA,1752.51986,29
12/04/2025,SKLN.TA,1748.216278,30
14/03/2025,SLRM.TA,731.9332913,1
15/03/2025,SLRM.TA,723.4325683,2
16/03/2025,SLRM.TA,714.6865959,3
17/03/2025,SLRM.TA,637.9791388,4
18/03/2025,SLRM.TA,661.1259729,5
19/03/2025,SLRM.TA,737.5863693,6
20/03/2025,SLRM.TA,729.8229618,7
21/03/2025,SLRM.TA,725.7715606,8
22/03/2025,SLRM.TA,827.7449557,9
23/03/2025,SLRM.TA,818.1314695,10
24/03/2025,SLRM.TA,875.9052772,11
25/03/2025,SLRM.TA,891.9188031,12
26/03/2025,SLRM.TA,887.1059062,13
27/03/2025,SLRM.TA,919.2914308,14
28/03/2025,SLRM.TA,751.873367,15
29/03/2025,SLRM.TA,743.9595828,16
30/03/2025,SLRM.TA,822.7863953,17
31/03/2025,SLRM.TA,880.8889188,18
01/04/2025,SLRM.TA,878.5644277,19
02/04/2025,SLRM.TA,718.5634199,20
03/04/2025,SLRM.TA,801.6665594,21
04/04/2025,SLRM.TA,781.5012966,22
05/04/2025,SLRM.TA,863.2905819,23
06/04/2025,SLRM.TA,954.7612027,24
07/04/2025,SLRM.TA,885.1290667,25
08/04/2025,SLRM.TA,887.779361,26
09/04/2025,SLRM.TA,872.9253777,27
10/04/2025,SLRM.TA,932.1143525,28
11/04/2025,SLRM.TA,953.2456646,29
12/04/2025,SLRM.TA,1053.009135,30
14/03/2025,SMAG.TA,84.17258045,1
15/03/2025,SMAG.TA,87.35698196,2
16/03/2025,SMAG.TA,94.55221876,3
17/03/2025,SMAG.TA,94.36256453,4
18/03/2025,SMAG.TA,90.43694937,5
19/03/2025,SMAG.TA,90.33464781,6
20/03/2025,SMAG.TA,89.29397918,7
21/03/2025,SMAG.TA,18.59801164,8
22/03/2025,SMAG.TA,18.56998041,9
23/03/2025,SMAG.TA,18.52034354,10
24/03/2025,SMAG.TA,17.63000545,11
25/03/2025,SMAG.TA,46.89948567,12
26/03/2025,SMAG.TA,46.52632841,13
27/03/2025,SMAG.TA,47.97019306,14
28/03/2025,SMAG.TA,47.41756928,15
29/03/2025,SMAG.TA,39.38566869,16
30/03/2025,SMAG.TA,35.84870361,17
31/03/2025,SMAG.TA,37.35695113,18
01/04/2025,SMAG.TA,7.7806479,19
02/04/2025,SMAG.TA,7.08191964,20
03/04/2025,SMAG.TA,7.05795854,21
04/04/2025,SMAG.TA,7.08186197,22
05/04/2025,SMAG.TA,7.07118807,23
06/04/2025,SMAG.TA,6.7867491,24
07/04/2025,SMAG.TA,6.47639919,25
08/04/2025,SMAG.TA,6.15177618,26
09/04/2025,SMAG.TA,6.18645755,27
10/04/2025,SMAG.TA,6.19529072,28
11/04/2025,SMAG.TA,5.94299657,29
12/04/2025,SMAG.TA,5.94843477,30
14/03/2025,SOFW.TA,1726.942434,1
15/03/2025,SOFW.TA,1768.064623,2
16/03/2025,SOFW.TA,1751.130329,3
17/03/2025,SOFW.TA,1699.579229,4
18/03/2025,SOFW.TA,1611.046129,5
19/03/2025,SOFW.TA,1594.218726,6
20/03/2025,SOFW.TA,1595.953543,7
21/03/2025,SOFW.TA,1562.782989,8
22/03/2025,SOFW.TA,1584.216728,9
23/03/2025,SOFW.TA,1582.492816,10
24/03/2025,SOFW.TA,1532.855704,11
25/03/2025,SOFW.TA,1496.31605,12
26/03/2025,SOFW.TA,1473.293606,13
27/03/2025,SOFW.TA,1496.374188,14
28/03/2025,SOFW.TA,1493.367437,15
29/03/2025,SOFW.TA,1457.769089,16
30/03/2025,SOFW.TA,1434.245183,17
31/03/2025,SOFW.TA,1304.343446,18
01/04/2025,SOFW.TA,1311.033031,19
02/04/2025,SOFW.TA,1233.622403,20
03/04/2025,SOFW.TA,1250.54167,21
04/04/2025,SOFW.TA,1236.266778,22
05/04/2025,SOFW.TA,1317.90242,23
06/04/2025,SOFW.TA,1274.134389,24
07/04/2025,SOFW.TA,1243.762039,25
08/04/2025,SOFW.TA,1232.494808,26
09/04/2025,SOFW.TA,1197.194214,27
10/04/2025,SOFW.TA,1170.892664,28
11/04/2025,SOFW.TA,1136.423039,29
12/04/2025,SOFW.TA,1202.567617,30
14/03/2025,SOLR.TA,3706.544699,1
15/03/2025,SOLR.TA,3627.777145,2
16/03/2025,SOLR.TA,3804.065416,3
17/03/2025,SOLR.TA,3827.518943,4
18/03/2025,SOLR.TA,3862.962286,5
19/03/2025,SOLR.TA,3798.764215,6
20/03/2025,SOLR.TA,3548.622975,7
21/03/2025,SOLR.TA,3483.331549,8
22/03/2025,SOLR.TA,3483.060678,9
23/03/2025,SOLR.TA,3504.535088,10
24/03/2025,SOLR.TA,3506.03489,11
25/03/2025,SOLR.TA,3571.908009,12
26/03/2025,SOLR.TA,3579.474301,13
27/03/2025,SOLR.TA,3556.954152,14
28/03/2025,SOLR.TA,3631.861591,15
29/03/2025,SOLR.TA,3711.301494,16
30/03/2025,SOLR.TA,3692.671434,17
31/03/2025,SOLR.TA,3623.278582,18
01/04/2025,SOLR.TA,3640.704024,19
02/04/2025,SOLR.TA,3722.054209,20
03/04/2025,SOLR.TA,3716.725567,21
04/04/2025,SOLR.TA,3742.887151,22
05/04/2025,SOLR.TA,3825.136979,23
06/04/2025,SOLR.TA,3822.304435,24
07/04/2025,SOLR.TA,3830.401137,25
08/04/2025,SOLR.TA,3697.996571,26
09/04/2025,SOLR.TA,3521.055279,27
10/04/2025,SOLR.TA,3487.043184,28
11/04/2025,SOLR.TA,3595.726156,29
12/04/2025,SOLR.TA,3549.519659,30
14/03/2025,SONO.TA,76.07224327,1
15/03/2025,SONO.TA,73.16705549,2
16/03/2025,SONO.TA,95.31070858,3
17/03/2025,SONO.TA,58.51258243,4
18/03/2025,SONO.TA,52.71168641,5
19/03/2025,SONO.TA,31.59809332,6
20/03/2025,SONO.TA,24.58501276,7
21/03/2025,SONO.TA,44.32934703,8
22/03/2025,SONO.TA,45.19633437,9
23/03/2025,SONO.TA,31.60861627,10
24/03/2025,SONO.TA,30.57664007,11
25/03/2025,SONO.TA,39.83051131,12
26/03/2025,SONO.TA,42.20273853,13
27/03/2025,SONO.TA,32.345734,14
28/03/2025,SONO.TA,39.07900145,15
29/03/2025,SONO.TA,44.26496402,16
30/03/2025,SONO.TA,41.1207261,17
31/03/2025,SONO.TA,35.7628886,18
01/04/2025,SONO.TA,30.66231363,19
02/04/2025,SONO.TA,18.38056631,20
03/04/2025,SONO.TA,20.61279365,21
04/04/2025,SONO.TA,31.2047243,22
05/04/2025,SONO.TA,30.1859346,23
06/04/2025,SONO.TA,57.87340949,24
07/04/2025,SONO.TA,54.92241172,25
08/04/2025,SONO.TA,69.50357952,26
09/04/2025,SONO.TA,47.79066658,27
10/04/2025,SONO.TA,33.42299464,28
11/04/2025,SONO.TA,64.07960134,29
12/04/2025,SONO.TA,60.7181915,30
14/03/2025,SCC.TA,57.07243488,1
15/03/2025,SCC.TA,56.37504339,2
16/03/2025,SCC.TA,53.83115117,3
17/03/2025,SCC.TA,52.88373099,4
18/03/2025,SCC.TA,60.68964622,5
19/03/2025,SCC.TA,57.9640881,6
20/03/2025,SCC.TA,57.25580113,7
21/03/2025,SCC.TA,54.57195181,8
22/03/2025,SCC.TA,55.37869158,9
23/03/2025,SCC.TA,76.49460323,10
24/03/2025,SCC.TA,78.08971133,11
25/03/2025,SCC.TA,69.70645081,12
26/03/2025,SCC.TA,64.61580823,13
27/03/2025,SCC.TA,63.45820737,14
28/03/2025,SCC.TA,60.9676545,15
29/03/2025,SCC.TA,60.5942896,16
30/03/2025,SCC.TA,57.75394958,17
31/03/2025,SCC.TA,61.90393821,18
01/04/2025,SCC.TA,69.31941876,19
02/04/2025,SCC.TA,72.66926899,20
03/04/2025,SCC.TA,71.52108995,21
04/04/2025,SCC.TA,54.46549557,22
05/04/2025,SCC.TA,53.41588692,23
06/04/2025,SCC.TA,54.9603906,24
07/04/2025,SCC.TA,57.8060751,25
08/04/2025,SCC.TA,57.45207166,26
09/04/2025,SCC.TA,56.02394277,27
10/04/2025,SCC.TA,59.38526935,28
11/04/2025,SCC.TA,57.12238875,29
12/04/2025,SCC.TA,54.11331452,30
14/03/2025,SPDV.TA,359.1553881,1
15/03/2025,SPDV.TA,358.392696,2
16/03/2025,SPDV.TA,361.4069969,3
17/03/2025,SPDV.TA,361.4556525,4
18/03/2025,SPDV.TA,360.6880756,5
19/03/2025,SPDV.TA,360.1074043,6
20/03/2025,SPDV.TA,361.1342018,7
21/03/2025,SPDV.TA,358.9573353,8
22/03/2025,SPDV.TA,356.6046672,9
23/03/2025,SPDV.TA,358.4615092,10
24/03/2025,SPDV.TA,354.6421776,11
25/03/2025,SPDV.TA,355.7056765,12
26/03/2025,SPDV.TA,347.6222885,13
27/03/2025,SPDV.TA,352.9416114,14
28/03/2025,SPDV.TA,353.1684849,15
29/03/2025,SPDV.TA,346.7963082,16
30/03/2025,SPDV.TA,347.014015,17
31/03/2025,SPDV.TA,342.7175314,18
01/04/2025,SPDV.TA,341.5947773,19
02/04/2025,SPDV.TA,349.5483033,20
03/04/2025,SPDV.TA,336.3309274,21
04/04/2025,SPDV.TA,336.4828493,22
05/04/2025,SPDV.TA,336.6348398,23
06/04/2025,SPDV.TA,271.2486388,24
07/04/2025,SPDV.TA,269.4708286,25
08/04/2025,SPDV.TA,217.130216,26
09/04/2025,SPDV.TA,217.2282944,27
10/04/2025,SPDV.TA,217.7939796,28
11/04/2025,SPDV.TA,216.5405118,29
12/04/2025,SPDV.TA,217.7662329,30
14/03/2025,SPRG.TA,612.1019433,1
15/03/2025,SPRG.TA,611.3724218,2
16/03/2025,SPRG.TA,598.6040486,3
17/03/2025,SPRG.TA,579.7275504,4
18/03/2025,SPRG.TA,580.2179155,5
19/03/2025,SPRG.TA,580.5633418,6
20/03/2025,SPRG.TA,576.1343666,7
21/03/2025,SPRG.TA,557.4237255,8
22/03/2025,SPRG.TA,547.5892479,9
23/03/2025,SPRG.TA,534.6719721,10
24/03/2025,SPRG.TA,534.4140751,11
25/03/2025,SPRG.TA,533.1075333,12
26/03/2025,SPRG.TA,572.4148653,13
27/03/2025,SPRG.TA,551.6979144,14
28/03/2025,SPRG.TA,551.0374671,15
29/03/2025,SPRG.TA,423.0420206,16
30/03/2025,SPRG.TA,408.854053,17
31/03/2025,SPRG.TA,408.3646066,18
01/04/2025,SPRG.TA,414.1532899,19
02/04/2025,SPRG.TA,404.7698935,20
03/04/2025,SPRG.TA,399.9824927,21
04/04/2025,SPRG.TA,398.81491,22
05/04/2025,SPRG.TA,392.9546108,23
06/04/2025,SPRG.TA,406.5028272,24
07/04/2025,SPRG.TA,393.7636828,25
08/04/2025,SPRG.TA,387.2038213,26
09/04/2025,SPRG.TA,394.3263473,27
10/04/2025,SPRG.TA,394.50819,28
11/04/2025,SPRG.TA,396.407495,29
12/04/2025,SPRG.TA,407.9743875,30
14/03/2025,SPNTC.TA,370.9823792,1
15/03/2025,SPNTC.TA,373.0512128,2
16/03/2025,SPNTC.TA,375.1315835,3
17/03/2025,SPNTC.TA,387.7759803,4
18/03/2025,SPNTC.TA,381.9018129,5
19/03/2025,SPNTC.TA,384.7508867,6
20/03/2025,SPNTC.TA,386.8965022,7
21/03/2025,SPNTC.TA,390.1351053,8
22/03/2025,SPNTC.TA,379.9500348,9
23/03/2025,SPNTC.TA,380.3039991,10
24/03/2025,SPNTC.TA,380.2799844,11
25/03/2025,SPNTC.TA,379.3219507,12
26/03/2025,SPNTC.TA,400.412806,13
27/03/2025,SPNTC.TA,397.39084,14
28/03/2025,SPNTC.TA,398.7232015,15
29/03/2025,SPNTC.TA,391.6446385,16
30/03/2025,SPNTC.TA,390.657974,17
31/03/2025,SPNTC.TA,394.0812198,18
01/04/2025,SPNTC.TA,391.1070391,19
02/04/2025,SPNTC.TA,392.1396716,20
03/04/2025,SPNTC.TA,400.2329974,21
04/04/2025,SPNTC.TA,401.5601681,22
05/04/2025,SPNTC.TA,404.0035507,23
06/04/2025,SPNTC.TA,409.3803825,24
07/04/2025,SPNTC.TA,394.0634152,25
08/04/2025,SPNTC.TA,370.1745514,26
09/04/2025,SPNTC.TA,371.2254587,27
10/04/2025,SPNTC.TA,368.4237733,28
11/04/2025,SPNTC.TA,382.0267826,29
12/04/2025,SPNTC.TA,386.8720624,30
14/03/2025,STG.TA,5442.041533,1
15/03/2025,STG.TA,5566.623928,2
16/03/2025,STG.TA,5496.893315,3
17/03/2025,STG.TA,5483.403779,4
18/03/2025,STG.TA,5232.951142,5
19/03/2025,STG.TA,5196.598123,6
20/03/2025,STG.TA,5173.088278,7
21/03/2025,STG.TA,5106.297043,8
22/03/2025,STG.TA,5222.129048,9
23/03/2025,STG.TA,5265.332136,10
24/03/2025,STG.TA,5740.242367,11
25/03/2025,STG.TA,5711.334121,12
26/03/2025,STG.TA,5736.296139,13
27/03/2025,STG.TA,5743.160151,14
28/03/2025,STG.TA,6261.168406,15
29/03/2025,STG.TA,6182.737545,16
30/03/2025,STG.TA,6001.744593,17
31/03/2025,STG.TA,6091.784574,18
01/04/2025,STG.TA,6118.856475,19
02/04/2025,STG.TA,6144.452077,20
03/04/2025,STG.TA,6065.119284,21
04/04/2025,STG.TA,6069.742389,22
05/04/2025,STG.TA,6096.716335,23
06/04/2025,STG.TA,6041.926933,24
07/04/2025,STG.TA,5985.455216,25
08/04/2025,STG.TA,5810.23749,26
09/04/2025,STG.TA,5828.729369,27
10/04/2025,STG.TA,5901.574903,28
11/04/2025,STG.TA,5906.073347,29
12/04/2025,STG.TA,6205.967544,30
14/03/2025,STRG.TA,54.49536675,1
15/03/2025,STRG.TA,55.11922023,2
16/03/2025,STRG.TA,55.6850546,3
17/03/2025,STRG.TA,55.37704388,4
18/03/2025,STRG.TA,47.27024972,5
19/03/2025,STRG.TA,45.21599466,6
20/03/2025,STRG.TA,43.08115651,7
21/03/2025,STRG.TA,48.71679089,8
22/03/2025,STRG.TA,41.190789,9
23/03/2025,STRG.TA,42.57344373,10
24/03/2025,STRG.TA,103.6015419,11
25/03/2025,STRG.TA,107.9156609,12
26/03/2025,STRG.TA,138.4354861,13
27/03/2025,STRG.TA,135.0952758,14
28/03/2025,STRG.TA,157.0821612,15
29/03/2025,STRG.TA,114.3475635,16
30/03/2025,STRG.TA,47.71628336,17
31/03/2025,STRG.TA,61.21101262,18
01/04/2025,STRG.TA,44.55840244,19
02/04/2025,STRG.TA,44.99754454,20
03/04/2025,STRG.TA,41.73776145,21
04/04/2025,STRG.TA,41.36063677,22
05/04/2025,STRG.TA,40.42998155,23
06/04/2025,STRG.TA,49.32478212,24
07/04/2025,STRG.TA,49.88944366,25
08/04/2025,STRG.TA,42.18228478,26
09/04/2025,STRG.TA,50.44246434,27
10/04/2025,STRG.TA,56.87756536,28
11/04/2025,STRG.TA,57.96761704,29
12/04/2025,STRG.TA,50.28957019,30
14/03/2025,STRS.TA,8128.934664,1
15/03/2025,STRS.TA,8357.140013,2
16/03/2025,STRS.TA,8364.998869,3
17/03/2025,STRS.TA,8280.479935,4
18/03/2025,STRS.TA,8339.135391,5
19/03/2025,STRS.TA,8328.354709,6
20/03/2025,STRS.TA,8345.555346,7
21/03/2025,STRS.TA,8579.841934,8
22/03/2025,STRS.TA,8491.753457,9
23/03/2025,STRS.TA,8428.560206,10
24/03/2025,STRS.TA,8358.731688,11
25/03/2025,STRS.TA,8306.326888,12
26/03/2025,STRS.TA,8307.698587,13
27/03/2025,STRS.TA,8293.948224,14
28/03/2025,STRS.TA,8526.786034,15
29/03/2025,STRS.TA,8544.396493,16
30/03/2025,STRS.TA,8556.442658,17
31/03/2025,STRS.TA,8558.761709,18
01/04/2025,STRS.TA,8791.164986,19
02/04/2025,STRS.TA,8758.117625,20
03/04/2025,STRS.TA,8679.694015,21
04/04/2025,STRS.TA,9295.376749,22
05/04/2025,STRS.TA,9453.273231,23
06/04/2025,STRS.TA,9502.434034,24
07/04/2025,STRS.TA,9620.965859,25
08/04/2025,STRS.TA,9867.275983,26
09/04/2025,STRS.TA,10007.05623,27
10/04/2025,STRS.TA,9862.686731,28
11/04/2025,STRS.TA,9716.088742,29
12/04/2025,STRS.TA,9643.784331,30
14/03/2025,STRW.TA,4263.843561,1
15/03/2025,STRW.TA,4237.004483,2
16/03/2025,STRW.TA,4236.843414,3
17/03/2025,STRW.TA,4254.850965,4
18/03/2025,STRW.TA,4254.689218,5
19/03/2025,STRW.TA,4253.96717,6
20/03/2025,STRW.TA,4253.805457,7
21/03/2025,STRW.TA,4237.362193,8
22/03/2025,STRW.TA,4236.643087,9
23/03/2025,STRW.TA,4236.482032,10
24/03/2025,STRW.TA,4220.105733,11
25/03/2025,STRW.TA,4228.457964,12
26/03/2025,STRW.TA,4227.566881,13
27/03/2025,STRW.TA,4245.535004,14
28/03/2025,STRW.TA,4240.866793,15
29/03/2025,STRW.TA,4236.203714,16
30/03/2025,STRW.TA,4231.545764,17
31/03/2025,STRW.TA,4215.188546,18
01/04/2025,STRW.TA,4210.553703,19
02/04/2025,STRW.TA,4210.39364,20
03/04/2025,STRW.TA,4218.726649,21
04/04/2025,STRW.TA,4227.076151,22
05/04/2025,STRW.TA,4222.428237,23
06/04/2025,STRW.TA,4217.785433,24
07/04/2025,STRW.TA,4213.147734,25
08/04/2025,STRW.TA,4212.259877,26
09/04/2025,STRW.TA,4214.743065,27
10/04/2025,STRW.TA,4214.582843,28
11/04/2025,STRW.TA,4232.495781,29
12/04/2025,STRW.TA,4232.334883,30
14/03/2025,SFRN.TA,687.7380287,1
15/03/2025,SFRN.TA,691.099706,2
16/03/2025,SFRN.TA,695.2080877,3
17/03/2025,SFRN.TA,681.3617926,4
18/03/2025,SFRN.TA,685.2711254,5
19/03/2025,SFRN.TA,682.9396041,6
20/03/2025,SFRN.TA,696.5691766,7
21/03/2025,SFRN.TA,695.1992209,8
22/03/2025,SFRN.TA,695.6507687,9
23/03/2025,SFRN.TA,699.6420849,10
24/03/2025,SFRN.TA,721.8348292,11
25/03/2025,SFRN.TA,718.5091553,12
26/03/2025,SFRN.TA,704.1987785,13
27/03/2025,SFRN.TA,704.6561717,14
28/03/2025,SFRN.TA,701.6047853,15
29/03/2025,SFRN.TA,723.8597868,16
30/03/2025,SFRN.TA,720.7252426,17
31/03/2025,SFRN.TA,718.2730945,18
01/04/2025,SFRN.TA,719.0569592,19
02/04/2025,SFRN.TA,705.7832724,20
03/04/2025,SFRN.TA,694.7968109,21
04/04/2025,SFRN.TA,695.3379913,22
05/04/2025,SFRN.TA,707.8692104,23
06/04/2025,SFRN.TA,704.6078797,24
07/04/2025,SFRN.TA,706.8844594,25
08/04/2025,SFRN.TA,703.8234238,26
09/04/2025,SFRN.TA,708.5438323,27
10/04/2025,SFRN.TA,710.5827468,28
11/04/2025,SFRN.TA,707.5201607,29
12/04/2025,SFRN.TA,708.1572412,30
14/03/2025,SMT.TA,5370.041388,1
15/03/2025,SMT.TA,5439.635198,2
16/03/2025,SMT.TA,5267.885093,3
17/03/2025,SMT.TA,5360.346403,4
18/03/2025,SMT.TA,5471.557837,5
19/03/2025,SMT.TA,5426.467372,6
20/03/2025,SMT.TA,5441.945897,7
21/03/2025,SMT.TA,5521.811331,8
22/03/2025,SMT.TA,5309.497371,9
23/03/2025,SMT.TA,5387.25897,10
24/03/2025,SMT.TA,5439.393247,11
25/03/2025,SMT.TA,5298.927218,12
26/03/2025,SMT.TA,5099.318079,13
27/03/2025,SMT.TA,5006.516377,14
28/03/2025,SMT.TA,4897.679272,15
29/03/2025,SMT.TA,4709.363225,16
30/03/2025,SMT.TA,4726.43783,17
31/03/2025,SMT.TA,4675.805574,18
01/04/2025,SMT.TA,4719.805924,19
02/04/2025,SMT.TA,4650.45312,20
03/04/2025,SMT.TA,4866.728407,21
04/04/2025,SMT.TA,5008.058361,22
05/04/2025,SMT.TA,5081.559543,23
06/04/2025,SMT.TA,5146.609551,24
07/04/2025,SMT.TA,5204.642354,25
08/04/2025,SMT.TA,5020.246079,26
09/04/2025,SMT.TA,5210.459548,27
10/04/2025,SMT.TA,5246.700033,28
11/04/2025,SMT.TA,5087.330221,29
12/04/2025,SMT.TA,5065.311522,30
14/03/2025,SNFL.TA,623.0067149,1
15/03/2025,SNFL.TA,613.3857879,2
16/03/2025,SNFL.TA,614.4709908,3
17/03/2025,SNFL.TA,609.6598778,4
18/03/2025,SNFL.TA,608.7774958,5
19/03/2025,SNFL.TA,626.4251837,6
20/03/2025,SNFL.TA,623.9308142,7
21/03/2025,SNFL.TA,631.4353508,8
22/03/2025,SNFL.TA,633.1696711,9
23/03/2025,SNFL.TA,636.0584009,10
24/03/2025,SNFL.TA,635.640483,11
25/03/2025,SNFL.TA,670.0165482,12
26/03/2025,SNFL.TA,664.7705311,13
27/03/2025,SNFL.TA,665.3634392,14
28/03/2025,SNFL.TA,648.6937055,15
29/03/2025,SNFL.TA,656.4960862,16
30/03/2025,SNFL.TA,647.4382507,17
31/03/2025,SNFL.TA,645.8666643,18
01/04/2025,SNFL.TA,749.4302557,19
02/04/2025,SNFL.TA,748.3452113,20
03/04/2025,SNFL.TA,745.9073086,21
04/04/2025,SNFL.TA,742.4420609,22
05/04/2025,SNFL.TA,731.3044966,23
06/04/2025,SNFL.TA,734.6409499,24
07/04/2025,SNFL.TA,740.1526846,25
08/04/2025,SNFL.TA,742.8337758,26
09/04/2025,SNFL.TA,814.4052816,27
10/04/2025,SNFL.TA,803.9660419,28
11/04/2025,SNFL.TA,815.4952172,29
12/04/2025,SNFL.TA,827.1897251,30
14/03/2025,SNCM.TA,132.5740738,1
15/03/2025,SNCM.TA,134.142401,2
16/03/2025,SNCM.TA,134.9255756,3
17/03/2025,SNCM.TA,132.8210272,4
18/03/2025,SNCM.TA,130.3776254,5
19/03/2025,SNCM.TA,126.3259718,6
20/03/2025,SNCM.TA,125.1106701,7
21/03/2025,SNCM.TA,125.7004264,8
22/03/2025,SNCM.TA,124.5241738,9
23/03/2025,SNCM.TA,120.6544238,10
24/03/2025,SNCM.TA,120.4470242,11
25/03/2025,SNCM.TA,122.5692108,12
26/03/2025,SNCM.TA,119.5989811,13
27/03/2025,SNCM.TA,117.7723347,14
28/03/2025,SNCM.TA,120.8760888,15
29/03/2025,SNCM.TA,123.0015571,16
30/03/2025,SNCM.TA,124.398366,17
31/03/2025,SNCM.TA,125.496344,18
01/04/2025,SNCM.TA,126.5842643,19
02/04/2025,SNCM.TA,126.1456286,20
03/04/2025,SNCM.TA,125.5814762,21
04/04/2025,SNCM.TA,125.1675072,22
05/04/2025,SNCM.TA,124.8020808,23
06/04/2025,SNCM.TA,122.8152228,24
07/04/2025,SNCM.TA,121.7953276,25
08/04/2025,SNCM.TA,122.2227514,26
09/04/2025,SNCM.TA,123.7802029,27
10/04/2025,SNCM.TA,121.3263437,28
11/04/2025,SNCM.TA,120.5038881,29
12/04/2025,SNCM.TA,120.7541149,30
14/03/2025,STEC.TA,748.1419093,1
15/03/2025,STEC.TA,747.3048236,2
16/03/2025,STEC.TA,747.4929936,3
17/03/2025,STEC.TA,750.1473252,4
18/03/2025,STEC.TA,733.2385413,5
19/03/2025,STEC.TA,702.7471747,6
20/03/2025,STEC.TA,702.7218885,7
21/03/2025,STEC.TA,695.9476124,8
22/03/2025,STEC.TA,705.4440523,9
23/03/2025,STEC.TA,704.8713407,10
24/03/2025,STEC.TA,677.6912997,11
25/03/2025,STEC.TA,696.4214989,12
26/03/2025,STEC.TA,707.576403,13
27/03/2025,STEC.TA,707.5342331,14
28/03/2025,STEC.TA,700.7135657,15
29/03/2025,STEC.TA,694.0151448,16
30/03/2025,STEC.TA,742.919568,17
31/03/2025,STEC.TA,727.2702496,18
01/04/2025,STEC.TA,703.651411,19
02/04/2025,STEC.TA,696.4650473,20
03/04/2025,STEC.TA,707.5875148,21
04/04/2025,STEC.TA,757.4483276,22
05/04/2025,STEC.TA,762.3941637,23
06/04/2025,STEC.TA,732.9960261,24
07/04/2025,STEC.TA,736.6570184,25
08/04/2025,STEC.TA,736.2174978,26
09/04/2025,STEC.TA,736.159353,27
10/04/2025,STEC.TA,51.92297124,28
11/04/2025,STEC.TA,50.75259541,29
12/04/2025,STEC.TA,50.69003787,30
14/03/2025,SNEL.TA,1705.894557,1
15/03/2025,SNEL.TA,1637.521508,2
16/03/2025,SNEL.TA,1663.944,3
17/03/2025,SNEL.TA,1659.742654,4
18/03/2025,SNEL.TA,1673.62937,5
19/03/2025,SNEL.TA,1624.330571,6
20/03/2025,SNEL.TA,1606.020761,7
21/03/2025,SNEL.TA,1557.168478,8
22/03/2025,SNEL.TA,1512.04911,9
23/03/2025,SNEL.TA,1513.482723,10
24/03/2025,SNEL.TA,1508.386608,11
25/03/2025,SNEL.TA,1502.015803,12
26/03/2025,SNEL.TA,1497.603032,13
27/03/2025,SNEL.TA,1511.95381,14
28/03/2025,SNEL.TA,1466.556955,15
29/03/2025,SNEL.TA,1466.37379,16
30/03/2025,SNEL.TA,1515.742635,17
31/03/2025,SNEL.TA,1417.452263,18
01/04/2025,SNEL.TA,1441.233508,19
02/04/2025,SNEL.TA,1408.524844,20
03/04/2025,SNEL.TA,1358.709267,21
04/04/2025,SNEL.TA,1381.504954,22
05/04/2025,SNEL.TA,1412.406602,23
06/04/2025,SNEL.TA,1395.540654,24
07/04/2025,SNEL.TA,1424.644788,25
08/04/2025,SNEL.TA,1363.992146,26
09/04/2025,SNEL.TA,1354.501788,27
10/04/2025,SNEL.TA,1314.982009,28
11/04/2025,SNEL.TA,1312.413994,29
12/04/2025,SNEL.TA,1236.512269,30
14/03/2025,TDRN.TA,25503.53061,1
15/03/2025,TDRN.TA,27671.45787,2
16/03/2025,TDRN.TA,27289.377,3
17/03/2025,TDRN.TA,29862.55202,4
18/03/2025,TDRN.TA,29815.01066,5
19/03/2025,TDRN.TA,29945.74839,6
20/03/2025,TDRN.TA,30092.48568,7
21/03/2025,TDRN.TA,29576.22574,8
22/03/2025,TDRN.TA,29268.68722,9
23/03/2025,TDRN.TA,30114.58917,10
24/03/2025,TDRN.TA,29912.61243,11
25/03/2025,TDRN.TA,30085.51674,12
26/03/2025,TDRN.TA,30092.04045,13
27/03/2025,TDRN.TA,29943.04845,14
28/03/2025,TDRN.TA,29782.8138,15
29/03/2025,TDRN.TA,29691.37996,16
30/03/2025,TDRN.TA,30309.77761,17
31/03/2025,TDRN.TA,30201.06576,18
01/04/2025,TDRN.TA,30547.14431,19
02/04/2025,TDRN.TA,29480.32861,20
03/04/2025,TDRN.TA,28174.6197,21
04/04/2025,TDRN.TA,26966.59268,22
05/04/2025,TDRN.TA,26698.48316,23
06/04/2025,TDRN.TA,26655.97902,24
07/04/2025,TDRN.TA,27211.15681,25
08/04/2025,TDRN.TA,26631.75797,26
09/04/2025,TDRN.TA,26785.69791,27
10/04/2025,TDRN.TA,25868.80242,28
11/04/2025,TDRN.TA,25778.64227,29
12/04/2025,TDRN.TA,26596.45617,30
14/03/2025,TMRP.TA,2962.277739,1
15/03/2025,TMRP.TA,2980.290392,2
16/03/2025,TMRP.TA,2977.101595,3
17/03/2025,TMRP.TA,2950.87691,4
18/03/2025,TMRP.TA,2895.096228,5
19/03/2025,TMRP.TA,2882.680104,6
20/03/2025,TMRP.TA,2888.760935,7
21/03/2025,TMRP.TA,2909.694198,8
22/03/2025,TMRP.TA,2961.249924,9
23/03/2025,TMRP.TA,3013.719145,10
24/03/2025,TMRP.TA,3022.033708,11
25/03/2025,TMRP.TA,3030.998623,12
26/03/2025,TMRP.TA,3075.167928,13
27/03/2025,TMRP.TA,3177.915669,14
28/03/2025,TMRP.TA,3185.405994,15
29/03/2025,TMRP.TA,3180.932493,16
30/03/2025,TMRP.TA,3221.084899,17
31/03/2025,TMRP.TA,3166.923408,18
01/04/2025,TMRP.TA,3177.48167,19
02/04/2025,TMRP.TA,3185.612273,20
03/04/2025,TMRP.TA,3196.232842,21
04/04/2025,TMRP.TA,3155.878723,22
05/04/2025,TMRP.TA,3231.497473,23
06/04/2025,TMRP.TA,3373.117831,24
07/04/2025,TMRP.TA,3338.86825,25
08/04/2025,TMRP.TA,3371.480766,26
09/04/2025,TMRP.TA,3337.247808,27
10/04/2025,TMRP.TA,3372.770145,28
11/04/2025,TMRP.TA,3367.985411,29
12/04/2025,TMRP.TA,3413.664826,30
14/03/2025,TRA.TA,73.31918068,1
15/03/2025,TRA.TA,78.88789573,2
16/03/2025,TRA.TA,78.69048935,3
17/03/2025,TRA.TA,76.55144574,4
18/03/2025,TRA.TA,75.30974232,5
19/03/2025,TRA.TA,75.12128978,6
20/03/2025,TRA.TA,75.20246517,7
21/03/2025,TRA.TA,73.15823652,8
22/03/2025,TRA.TA,72.15079989,9
23/03/2025,TRA.TA,72.82459365,10
24/03/2025,TRA.TA,73.55632457,11
25/03/2025,TRA.TA,77.90981659,12
26/03/2025,TRA.TA,75.8472529,13
27/03/2025,TRA.TA,63.59498402,14
28/03/2025,TRA.TA,61.91138738,15
29/03/2025,TRA.TA,88.56880231,16
30/03/2025,TRA.TA,90.71917121,17
31/03/2025,TRA.TA,97.6094448,18
01/04/2025,TRA.TA,105.5122397,19
02/04/2025,TRA.TA,106.1575139,20
03/04/2025,TRA.TA,105.1356971,21
04/04/2025,TRA.TA,108.2646242,22
05/04/2025,TRA.TA,103.3050355,23
06/04/2025,TRA.TA,106.8905423,24
07/04/2025,TRA.TA,103.1721369,25
08/04/2025,TRA.TA,103.1692312,26
09/04/2025,TRA.TA,99.66910287,27
10/04/2025,TRA.TA,103.5887689,28
11/04/2025,TRA.TA,80.00013099,29
12/04/2025,TRA.TA,80.08657841,30
14/03/2025,TATT.TA,7707.577916,1
15/03/2025,TATT.TA,7699.473697,2
16/03/2025,TATT.TA,8198.026279,3
17/03/2025,TATT.TA,8856.877723,4
18/03/2025,TATT.TA,8925.303938,5
19/03/2025,TATT.TA,8852.75136,6
20/03/2025,TATT.TA,9560.143463,7
21/03/2025,TATT.TA,9762.542699,8
22/03/2025,TATT.TA,9940.439901,9
23/03/2025,TATT.TA,9991.099582,10
24/03/2025,TATT.TA,10214.23356,11
25/03/2025,TATT.TA,10080.03553,12
26/03/2025,TATT.TA,10890.13856,13
27/03/2025,TATT.TA,11328.4059,14
28/03/2025,TATT.TA,12238.83682,15
29/03/2025,TATT.TA,11800.98442,16
30/03/2025,TATT.TA,11451.59092,17
31/03/2025,TATT.TA,11707.34245,18
01/04/2025,TATT.TA,11705.15532,19
02/04/2025,TATT.TA,11651.56482,20
03/04/2025,TATT.TA,12114.45607,21
04/04/2025,TATT.TA,11217.33532,22
05/04/2025,TATT.TA,11640.53138,23
06/04/2025,TATT.TA,11948.35703,24
07/04/2025,TATT.TA,11352.56024,25
08/04/2025,TATT.TA,11670.42401,26
09/04/2025,TATT.TA,11633.35275,27
10/04/2025,TATT.TA,11491.26432,28
11/04/2025,TATT.TA,11453.89877,29
12/04/2025,TATT.TA,11397.90904,30
14/03/2025,TAYA.TA,6021.93754,1
15/03/2025,TAYA.TA,6007.764513,2
16/03/2025,TAYA.TA,6015.794,3
17/03/2025,TAYA.TA,6001.635433,4
18/03/2025,TAYA.TA,6009.159337,5
19/03/2025,TAYA.TA,5970.324243,6
20/03/2025,TAYA.TA,5977.963077,7
21/03/2025,TAYA.TA,5975.736727,8
22/03/2025,TAYA.TA,5939.792649,9
23/03/2025,TAYA.TA,5931.023859,10
24/03/2025,TAYA.TA,5931.612035,11
25/03/2025,TAYA.TA,5936.164551,12
26/03/2025,TAYA.TA,5944.590087,13
27/03/2025,TAYA.TA,6126.186965,14
28/03/2025,TAYA.TA,6128.530353,15
29/03/2025,TAYA.TA,6015.297593,16
30/03/2025,TAYA.TA,5977.622316,17
31/03/2025,TAYA.TA,6094.074013,18
01/04/2025,TAYA.TA,6109.03847,19
02/04/2025,TAYA.TA,6109.015132,20
03/04/2025,TAYA.TA,6118.0233,21
04/04/2025,TAYA.TA,6106.59397,22
05/04/2025,TAYA.TA,6114.39379,23
06/04/2025,TAYA.TA,6143.155121,24
07/04/2025,TAYA.TA,6106.204021,25
08/04/2025,TAYA.TA,6148.641286,26
09/04/2025,TAYA.TA,6150.266117,27
10/04/2025,TAYA.TA,6151.978422,28
11/04/2025,TAYA.TA,6154.235492,29
12/04/2025,TAYA.TA,6123.819562,30
14/03/2025,TNPV.TA,1478.222979,1
15/03/2025,TNPV.TA,1542.667492,2
16/03/2025,TNPV.TA,1540.201148,3
17/03/2025,TNPV.TA,1547.767133,4
18/03/2025,TNPV.TA,1534.16175,5
19/03/2025,TNPV.TA,1529.141187,6
20/03/2025,TNPV.TA,1438.711033,7
21/03/2025,TNPV.TA,1467.765172,8
22/03/2025,TNPV.TA,1534.862221,9
23/03/2025,TNPV.TA,1775.828248,10
24/03/2025,TNPV.TA,1789.608895,11
25/03/2025,TNPV.TA,1790.905282,12
26/03/2025,TNPV.TA,1804.802929,13
27/03/2025,TNPV.TA,1661.317886,14
28/03/2025,TNPV.TA,1657.982889,15
29/03/2025,TNPV.TA,1595.170467,16
30/03/2025,TNPV.TA,1599.093175,17
31/03/2025,TNPV.TA,1534.288188,18
01/04/2025,TNPV.TA,1523.503098,19
02/04/2025,TNPV.TA,1522.735952,20
03/04/2025,TNPV.TA,1454.371482,21
04/04/2025,TNPV.TA,1389.076291,22
05/04/2025,TNPV.TA,1359.619885,23
06/04/2025,TNPV.TA,1403.972128,24
07/04/2025,TNPV.TA,1267.141091,25
08/04/2025,TNPV.TA,1342.732007,26
09/04/2025,TNPV.TA,1361.768939,27
10/04/2025,TNPV.TA,1418.972635,28
11/04/2025,TNPV.TA,1378.237646,29
12/04/2025,TNPV.TA,1368.897319,30
14/03/2025,TECT.TA,366.5080071,1
15/03/2025,TECT.TA,341.0522536,2
16/03/2025,TECT.TA,333.1809106,3
17/03/2025,TECT.TA,343.9185501,4
18/03/2025,TECT.TA,346.8608879,5
19/03/2025,TECT.TA,341.6184837,6
20/03/2025,TECT.TA,330.134657,7
21/03/2025,TECT.TA,322.9440832,8
22/03/2025,TECT.TA,326.0709612,9
23/03/2025,TECT.TA,366.0520306,10
24/03/2025,TECT.TA,362.228989,11
25/03/2025,TECT.TA,374.0701839,12
26/03/2025,TECT.TA,369.27091,13
27/03/2025,TECT.TA,391.5349451,14
28/03/2025,TECT.TA,428.4804708,15
29/03/2025,TECT.TA,406.3585285,16
30/03/2025,TECT.TA,419.4545111,17
31/03/2025,TECT.TA,399.6073223,18
01/04/2025,TECT.TA,448.6050252,19
02/04/2025,TECT.TA,441.091053,20
03/04/2025,TECT.TA,445.514158,21
04/04/2025,TECT.TA,518.1925949,22
05/04/2025,TECT.TA,517.1896954,23
06/04/2025,TECT.TA,498.964394,24
07/04/2025,TECT.TA,459.1860062,25
08/04/2025,TECT.TA,447.7137736,26
09/04/2025,TECT.TA,436.3925814,27
10/04/2025,TECT.TA,477.9344874,28
11/04/2025,TECT.TA,471.0285023,29
12/04/2025,TECT.TA,462.7757594,30
14/03/2025,TEDE.TA,463.3177062,1
15/03/2025,TEDE.TA,450.5781112,2
16/03/2025,TEDE.TA,456.7896803,3
17/03/2025,TEDE.TA,431.5851307,4
18/03/2025,TEDE.TA,435.3841201,5
19/03/2025,TEDE.TA,449.6933069,6
20/03/2025,TEDE.TA,453.8519002,7
21/03/2025,TEDE.TA,485.3149926,8
22/03/2025,TEDE.TA,486.3811339,9
23/03/2025,TEDE.TA,492.3001299,10
24/03/2025,TEDE.TA,480.5891264,11
25/03/2025,TEDE.TA,474.8408397,12
26/03/2025,TEDE.TA,476.6210562,13
27/03/2025,TEDE.TA,474.5092348,14
28/03/2025,TEDE.TA,455.4418288,15
29/03/2025,TEDE.TA,2502.002746,16
30/03/2025,TEDE.TA,2502.416949,17
31/03/2025,TEDE.TA,2492.607719,18
01/04/2025,TEDE.TA,2515.658411,19
02/04/2025,TEDE.TA,2504.776288,20
03/04/2025,TEDE.TA,2482.634385,21
04/04/2025,TEDE.TA,2481.815359,22
05/04/2025,TEDE.TA,2463.282589,23
06/04/2025,TEDE.TA,2324.553294,24
07/04/2025,TEDE.TA,2075.814361,25
08/04/2025,TEDE.TA,2067.523804,26
09/04/2025,TEDE.TA,1945.219351,27
10/04/2025,TEDE.TA,1946.550551,28
11/04/2025,TEDE.TA,1938.920263,29
12/04/2025,TEDE.TA,1910.34154,30
14/03/2025,TFRLF.TA,2904.671506,1
15/03/2025,TFRLF.TA,2901.021069,2
16/03/2025,TFRLF.TA,2866.248457,3
17/03/2025,TFRLF.TA,2559.902628,4
18/03/2025,TFRLF.TA,2532.900294,5
19/03/2025,TFRLF.TA,2551.460718,6
20/03/2025,TFRLF.TA,2583.799227,7
21/03/2025,TFRLF.TA,2616.013878,8
22/03/2025,TFRLF.TA,2611.452517,9
23/03/2025,TFRLF.TA,2592.924167,10
24/03/2025,TFRLF.TA,2592.195154,11
25/03/2025,TFRLF.TA,2658.977594,12
26/03/2025,TFRLF.TA,2664.145272,13
27/03/2025,TFRLF.TA,2648.033705,14
28/03/2025,TFRLF.TA,2660.383933,15
29/03/2025,TFRLF.TA,2717.400479,16
30/03/2025,TFRLF.TA,2698.120425,17
31/03/2025,TFRLF.TA,2704.950711,18
01/04/2025,TFRLF.TA,2733.108043,19
02/04/2025,TFRLF.TA,2740.114403,20
03/04/2025,TFRLF.TA,2707.701608,21
04/04/2025,TFRLF.TA,2846.115848,22
05/04/2025,TFRLF.TA,2835.291411,23
06/04/2025,TFRLF.TA,2836.07958,24
07/04/2025,TFRLF.TA,2891.872286,25
08/04/2025,TFRLF.TA,2864.318381,26
09/04/2025,TFRLF.TA,2928.323083,27
10/04/2025,TFRLF.TA,2958.390754,28
11/04/2025,TFRLF.TA,2975.186556,29
12/04/2025,TFRLF.TA,2983.041549,30
14/03/2025,TLSY.TA,16634.70439,1
15/03/2025,TLSY.TA,16324.53007,2
16/03/2025,TLSY.TA,16226.06941,3
17/03/2025,TLSY.TA,16141.07984,4
18/03/2025,TLSY.TA,15837.86129,5
19/03/2025,TLSY.TA,15860.01905,6
20/03/2025,TLSY.TA,15857.73423,7
21/03/2025,TLSY.TA,15783.62458,8
22/03/2025,TLSY.TA,16024.20583,9
23/03/2025,TLSY.TA,15621.1175,10
24/03/2025,TLSY.TA,15741.22285,11
25/03/2025,TLSY.TA,16081.5625,12
26/03/2025,TLSY.TA,16132.06848,13
27/03/2025,TLSY.TA,16117.04864,14
28/03/2025,TLSY.TA,16461.39593,15
29/03/2025,TLSY.TA,16373.98208,16
30/03/2025,TLSY.TA,16237.44285,17
31/03/2025,TLSY.TA,15919.11189,18
01/04/2025,TLSY.TA,16146.56974,19
02/04/2025,TLSY.TA,16477.77735,20
03/04/2025,TLSY.TA,16400.76997,21
04/04/2025,TLSY.TA,16481.31937,22
05/04/2025,TLSY.TA,16716.81024,23
06/04/2025,TLSY.TA,16651.17875,24
07/04/2025,TLSY.TA,16640.00349,25
08/04/2025,TLSY.TA,16539.64007,26
09/04/2025,TLSY.TA,16542.42456,27
10/04/2025,TLSY.TA,16829.43266,28
11/04/2025,TLSY.TA,16717.22277,29
12/04/2025,TLSY.TA,16918.22472,30
14/03/2025,TRLT.TA,900.2264166,1
15/03/2025,TRLT.TA,915.7961415,2
16/03/2025,TRLT.TA,935.7068031,3
17/03/2025,TRLT.TA,934.4167018,4
18/03/2025,TRLT.TA,927.7861175,5
19/03/2025,TRLT.TA,924.6128119,6
20/03/2025,TRLT.TA,926.8486809,7
21/03/2025,TRLT.TA,947.7179506,8
22/03/2025,TRLT.TA,956.6117167,9
23/03/2025,TRLT.TA,959.3607593,10
24/03/2025,TRLT.TA,962.8476645,11
25/03/2025,TRLT.TA,967.2862636,12
26/03/2025,TRLT.TA,950.8716711,13
27/03/2025,TRLT.TA,990.5273869,14
28/03/2025,TRLT.TA,1022.139324,15
29/03/2025,TRLT.TA,1013.599189,16
30/03/2025,TRLT.TA,1009.994109,17
31/03/2025,TRLT.TA,963.1201575,18
01/04/2025,TRLT.TA,969.7186228,19
02/04/2025,TRLT.TA,960.3549228,20
03/04/2025,TRLT.TA,1005.50163,21
04/04/2025,TRLT.TA,1012.796525,22
05/04/2025,TRLT.TA,1060.408534,23
06/04/2025,TRLT.TA,1057.085448,24
07/04/2025,TRLT.TA,1071.152411,25
08/04/2025,TRLT.TA,1075.396299,26
09/04/2025,TRLT.TA,1118.477302,27
10/04/2025,TRLT.TA,1117.266367,28
11/04/2025,TRLT.TA,1113.765101,29
12/04/2025,TRLT.TA,1158.383181,30
14/03/2025,TRX.TA,522.2914038,1
15/03/2025,TRX.TA,523.9500438,2
16/03/2025,TRX.TA,528.9502259,3
17/03/2025,TRX.TA,529.9497425,4
18/03/2025,TRX.TA,529.9610615,5
19/03/2025,TRX.TA,522.6020105,6
20/03/2025,TRX.TA,515.898153,7
21/03/2025,TRX.TA,514.7869362,8
22/03/2025,TRX.TA,513.6781129,9
23/03/2025,TRX.TA,511.6640176,10
24/03/2025,TRX.TA,493.2052999,11
25/03/2025,TRX.TA,500.8992931,12
26/03/2025,TRX.TA,499.0632399,13
27/03/2025,TRX.TA,497.4839381,14
28/03/2025,TRX.TA,496.8347572,15
29/03/2025,TRX.TA,496.0545371,16
30/03/2025,TRX.TA,501.9574736,17
31/03/2025,TRX.TA,509.9184116,18
01/04/2025,TRX.TA,508.3047583,19
02/04/2025,TRX.TA,544.099245,20
03/04/2025,TRX.TA,542.0605036,21
04/04/2025,TRX.TA,533.6869549,22
05/04/2025,TRX.TA,533.9352236,23
06/04/2025,TRX.TA,552.6460096,24
07/04/2025,TRX.TA,535.4228335,25
08/04/2025,TRX.TA,545.3115147,26
09/04/2025,TRX.TA,542.649557,27
10/04/2025,TRX.TA,547.3306061,28
11/04/2025,TRX.TA,533.9868948,29
12/04/2025,TRX.TA,541.6596037,30
14/03/2025,TUZA.TA,54.01404228,1
15/03/2025,TUZA.TA,53.90355407,2
16/03/2025,TUZA.TA,53.11194975,3
17/03/2025,TUZA.TA,53.04772379,4
18/03/2025,TUZA.TA,53.15105026,5
19/03/2025,TUZA.TA,49.93445469,6
20/03/2025,TUZA.TA,69.66904961,7
21/03/2025,TUZA.TA,68.45579188,8
22/03/2025,TUZA.TA,65.56459337,9
23/03/2025,TUZA.TA,67.2956729,10
24/03/2025,TUZA.TA,61.49930247,11
25/03/2025,TUZA.TA,58.84585754,12
26/03/2025,TUZA.TA,58.79649529,13
27/03/2025,TUZA.TA,59.44562313,14
28/03/2025,TUZA.TA,62.01386591,15
29/03/2025,TUZA.TA,61.08400702,16
30/03/2025,TUZA.TA,61.52110419,17
31/03/2025,TUZA.TA,61.54849743,18
01/04/2025,TUZA.TA,61.57590288,19
02/04/2025,TUZA.TA,65.15681598,20
03/04/2025,TUZA.TA,65.01505756,21
04/04/2025,TUZA.TA,66.58939678,22
05/04/2025,TUZA.TA,65.83358841,23
06/04/2025,TUZA.TA,67.42774836,24
07/04/2025,TUZA.TA,58.44291779,25
08/04/2025,TUZA.TA,59.01667918,26
09/04/2025,TUZA.TA,59.07941004,27
10/04/2025,TUZA.TA,59.09692435,28
11/04/2025,TUZA.TA,58.70434412,29
12/04/2025,TUZA.TA,58.2479519,30
14/03/2025,TEVA.TA,5878.622553,1
15/03/2025,TEVA.TA,5853.761208,2
16/03/2025,TEVA.TA,5958.750807,3
17/03/2025,TEVA.TA,6160.483221,4
18/03/2025,TEVA.TA,6784.218748,5
19/03/2025,TEVA.TA,6701.418028,6
20/03/2025,TEVA.TA,6838.638948,7
21/03/2025,TEVA.TA,6759.1457,8
22/03/2025,TEVA.TA,7369.385321,9
23/03/2025,TEVA.TA,7393.524271,10
24/03/2025,TEVA.TA,7384.348019,11
25/03/2025,TEVA.TA,7494.996756,12
26/03/2025,TEVA.TA,5431.367051,13
27/03/2025,TEVA.TA,5461.539496,14
28/03/2025,TEVA.TA,5255.009826,15
29/03/2025,TEVA.TA,5220.210604,16
30/03/2025,TEVA.TA,5294.021916,17
31/03/2025,TEVA.TA,5360.092526,18
01/04/2025,TEVA.TA,5377.829602,19
02/04/2025,TEVA.TA,5489.280222,20
03/04/2025,TEVA.TA,5286.191297,21
04/04/2025,TEVA.TA,5184.985202,22
05/04/2025,TEVA.TA,5239.623765,23
06/04/2025,TEVA.TA,5178.717682,24
07/04/2025,TEVA.TA,5236.206024,25
08/04/2025,TEVA.TA,5388.760863,26
09/04/2025,TEVA.TA,5264.444619,27
10/04/2025,TEVA.TA,5279.05484,28
11/04/2025,TEVA.TA,5637.080025,29
12/04/2025,TEVA.TA,5445.603941,30
14/03/2025,TGI.TA,216.1395868,1
15/03/2025,TGI.TA,212.8539787,2
16/03/2025,TGI.TA,215.2159044,3
17/03/2025,TGI.TA,217.227069,4
18/03/2025,TGI.TA,215.1096962,5
19/03/2025,TGI.TA,209.1838998,6
20/03/2025,TGI.TA,207.1692328,7
21/03/2025,TGI.TA,205.1498965,8
22/03/2025,TGI.TA,207.7154144,9
23/03/2025,TGI.TA,210.3753429,10
24/03/2025,TGI.TA,205.4572742,11
25/03/2025,TGI.TA,199.5690508,12
26/03/2025,TGI.TA,190.419441,13
27/03/2025,TGI.TA,190.6275798,14
28/03/2025,TGI.TA,186.1711663,15
29/03/2025,TGI.TA,184.5135777,16
30/03/2025,TGI.TA,182.2327814,17
31/03/2025,TGI.TA,167.7082155,18
01/04/2025,TGI.TA,167.9658336,19
02/04/2025,TGI.TA,165.2800952,20
03/04/2025,TGI.TA,164.6791115,21
04/04/2025,TGI.TA,166.1375723,22
05/04/2025,TGI.TA,170.2385409,23
06/04/2025,TGI.TA,168.1448208,24
07/04/2025,TGI.TA,172.4245844,25
08/04/2025,TGI.TA,174.5808534,26
09/04/2025,TGI.TA,173.5143669,27
10/04/2025,TGI.TA,171.0228465,28
11/04/2025,TGI.TA,175.3758642,29
12/04/2025,TGI.TA,172.5716409,30
14/03/2025,ILCO.TA,103185.6322,1
15/03/2025,ILCO.TA,101484.054,2
16/03/2025,ILCO.TA,101644.7944,3
17/03/2025,ILCO.TA,101770.2501,4
18/03/2025,ILCO.TA,101047.9347,5
19/03/2025,ILCO.TA,103728.9615,6
20/03/2025,ILCO.TA,102157.4375,7
21/03/2025,ILCO.TA,100087.9829,8
22/03/2025,ILCO.TA,98522.37576,9
23/03/2025,ILCO.TA,96582.68703,10
24/03/2025,ILCO.TA,94137.86107,11
25/03/2025,ILCO.TA,95146.30537,12
26/03/2025,ILCO.TA,94538.6355,13
27/03/2025,ILCO.TA,94488.50571,14
28/03/2025,ILCO.TA,92346.95554,15
29/03/2025,ILCO.TA,90253.94289,16
30/03/2025,ILCO.TA,94491.55238,17
31/03/2025,ILCO.TA,95503.78557,18
01/04/2025,ILCO.TA,98443.37783,19
02/04/2025,ILCO.TA,101129.36,20
03/04/2025,ILCO.TA,99379.50881,21
04/04/2025,ILCO.TA,100316.5387,22
05/04/2025,ILCO.TA,99326.47756,23
06/04/2025,ILCO.TA,98692.11022,24
07/04/2025,ILCO.TA,97832.25039,25
08/04/2025,ILCO.TA,96554.86102,26
09/04/2025,ILCO.TA,97898.79467,27
10/04/2025,ILCO.TA,97556.32225,28
11/04/2025,ILCO.TA,95635.65299,29
12/04/2025,ILCO.TA,95741.63795,30
14/03/2025,TMIS.TA,1365.873443,1
15/03/2025,TMIS.TA,1421.157174,2
16/03/2025,TMIS.TA,1378.872736,3
17/03/2025,TMIS.TA,1242.34322,4
18/03/2025,TMIS.TA,1333.838801,5
19/03/2025,TMIS.TA,1359.217978,6
20/03/2025,TMIS.TA,1452.581017,7
21/03/2025,TMIS.TA,1463.388948,8
22/03/2025,TMIS.TA,1222.21867,9
23/03/2025,TMIS.TA,1394.458691,10
24/03/2025,TMIS.TA,1417.207341,11
25/03/2025,TMIS.TA,1498.267217,12
26/03/2025,TMIS.TA,1619.680095,13
27/03/2025,TMIS.TA,1646.102918,14
28/03/2025,TMIS.TA,1608.464852,15
29/03/2025,TMIS.TA,1646.068211,16
30/03/2025,TMIS.TA,1563.326463,17
31/03/2025,TMIS.TA,1597.573191,18
01/04/2025,TMIS.TA,1725.075841,19
02/04/2025,TMIS.TA,1777.843838,20
03/04/2025,TMIS.TA,1824.652602,21
04/04/2025,TMIS.TA,1825.441256,22
05/04/2025,TMIS.TA,1807.936933,23
06/04/2025,TMIS.TA,1865.004709,24
07/04/2025,TMIS.TA,1864.964274,25
08/04/2025,TMIS.TA,1964.923669,26
09/04/2025,TMIS.TA,1961.31684,27
10/04/2025,TMIS.TA,2073.498096,28
11/04/2025,TMIS.TA,2157.422937,29
12/04/2025,TMIS.TA,2158.01708,30
14/03/2025,THES.TA,638.5805335,1
15/03/2025,THES.TA,690.7062939,2
16/03/2025,THES.TA,713.0419347,3
17/03/2025,THES.TA,753.6862684,4
18/03/2025,THES.TA,789.3641377,5
19/03/2025,THES.TA,824.4590855,6
20/03/2025,THES.TA,835.9934166,7
21/03/2025,THES.TA,873.1910036,8
22/03/2025,THES.TA,884.7611242,9
23/03/2025,THES.TA,856.4224389,10
24/03/2025,THES.TA,906.455151,11
25/03/2025,THES.TA,927.2685621,12
26/03/2025,THES.TA,1016.796984,13
27/03/2025,THES.TA,995.3368543,14
28/03/2025,THES.TA,958.3857436,15
29/03/2025,THES.TA,952.4561784,16
30/03/2025,THES.TA,928.4364185,17
31/03/2025,THES.TA,886.9702028,18
01/04/2025,THES.TA,858.5607613,19
02/04/2025,THES.TA,852.3085284,20
03/04/2025,THES.TA,893.0468767,21
04/04/2025,THES.TA,828.737872,22
05/04/2025,THES.TA,877.1532351,23
06/04/2025,THES.TA,826.8887814,24
07/04/2025,THES.TA,758.9507526,25
08/04/2025,THES.TA,734.6417431,26
09/04/2025,THES.TA,742.0007832,27
10/04/2025,THES.TA,712.1522218,28
11/04/2025,THES.TA,730.8815858,29
12/04/2025,THES.TA,745.0728919,30
14/03/2025,TIGBUR.TA,5533.684947,1
15/03/2025,TIGBUR.TA,5681.255047,2
16/03/2025,TIGBUR.TA,5679.708944,3
17/03/2025,TIGBUR.TA,5836.092891,4
18/03/2025,TIGBUR.TA,5821.040793,5
19/03/2025,TIGBUR.TA,5694.187723,6
20/03/2025,TIGBUR.TA,5613.895674,7
21/03/2025,TIGBUR.TA,5658.269453,8
22/03/2025,TIGBUR.TA,5695.197885,9
23/03/2025,TIGBUR.TA,5612.36534,10
24/03/2025,TIGBUR.TA,5735.410117,11
25/03/2025,TIGBUR.TA,5662.340287,12
26/03/2025,TIGBUR.TA,5589.054241,13
27/03/2025,TIGBUR.TA,5596.02748,14
28/03/2025,TIGBUR.TA,5474.077937,15
29/03/2025,TIGBUR.TA,5472.805119,16
30/03/2025,TIGBUR.TA,5425.306705,17
31/03/2025,TIGBUR.TA,5339.980213,18
01/04/2025,TIGBUR.TA,5290.346759,19
02/04/2025,TIGBUR.TA,5269.30803,20
03/04/2025,TIGBUR.TA,5220.331453,21
04/04/2025,TIGBUR.TA,5184.478256,22
05/04/2025,TIGBUR.TA,5218.314512,23
06/04/2025,TIGBUR.TA,5256.116725,24
07/04/2025,TIGBUR.TA,5219.47888,25
08/04/2025,TIGBUR.TA,5250.620793,26
09/04/2025,TIGBUR.TA,5246.896454,27
10/04/2025,TIGBUR.TA,5172.911527,28
11/04/2025,TIGBUR.TA,5171.708735,29
12/04/2025,TIGBUR.TA,5209.638538,30
14/03/2025,TIGI.TA,693.510568,1
15/03/2025,TIGI.TA,694.9949286,2
16/03/2025,TIGI.TA,740.7351682,3
17/03/2025,TIGI.TA,700.6447386,4
18/03/2025,TIGI.TA,713.1471317,5
19/03/2025,TIGI.TA,713.6023873,6
20/03/2025,TIGI.TA,718.3789514,7
21/03/2025,TIGI.TA,762.7192008,8
22/03/2025,TIGI.TA,910.1111265,9
23/03/2025,TIGI.TA,863.0239479,10
24/03/2025,TIGI.TA,867.8392352,11
25/03/2025,TIGI.TA,867.488295,12
26/03/2025,TIGI.TA,867.7722555,13
27/03/2025,TIGI.TA,883.2568931,14
28/03/2025,TIGI.TA,788.0540565,15
29/03/2025,TIGI.TA,787.8195098,16
30/03/2025,TIGI.TA,820.4218373,17
31/03/2025,TIGI.TA,749.1829602,18
01/04/2025,TIGI.TA,752.2036648,19
02/04/2025,TIGI.TA,739.6080612,20
03/04/2025,TIGI.TA,735.7145146,21
04/04/2025,TIGI.TA,723.3950208,22
05/04/2025,TIGI.TA,660.5811772,23
06/04/2025,TIGI.TA,668.4223582,24
07/04/2025,TIGI.TA,797.5918591,25
08/04/2025,TIGI.TA,815.1779098,26
09/04/2025,TIGI.TA,848.9124096,27
10/04/2025,TIGI.TA,827.3224952,28
11/04/2025,TIGI.TA,833.5835006,29
12/04/2025,TIGI.TA,838.7008137,30
14/03/2025,TKUN.TA,40.50038672,1
15/03/2025,TKUN.TA,38.9923706,2
16/03/2025,TKUN.TA,38.38976904,3
17/03/2025,TKUN.TA,40.20353623,4
18/03/2025,TKUN.TA,38.70067489,5
19/03/2025,TKUN.TA,38.67884108,6
20/03/2025,TKUN.TA,38.6570196,7
21/03/2025,TKUN.TA,38.69972233,8
22/03/2025,TKUN.TA,37.86854202,9
23/03/2025,TKUN.TA,34.10535525,10
24/03/2025,TKUN.TA,30.14151038,11
25/03/2025,TKUN.TA,28.83141315,12
26/03/2025,TKUN.TA,27.291577,13
27/03/2025,TKUN.TA,31.87914619,14
28/03/2025,TKUN.TA,33.33792058,15
29/03/2025,TKUN.TA,35.86949337,16
30/03/2025,TKUN.TA,35.79196039,17
31/03/2025,TKUN.TA,48.31038082,18
01/04/2025,TKUN.TA,50.52939095,19
02/04/2025,TKUN.TA,52.50887719,20
03/04/2025,TKUN.TA,49.0601463,21
04/04/2025,TKUN.TA,52.21453806,22
05/04/2025,TKUN.TA,46.19462386,23
06/04/2025,TKUN.TA,48.14630335,24
07/04/2025,TKUN.TA,54.06587866,25
08/04/2025,TKUN.TA,57.93672812,26
09/04/2025,TKUN.TA,57.6704307,27
10/04/2025,TKUN.TA,72.5712705,28
11/04/2025,TKUN.TA,75.41424621,29
12/04/2025,TKUN.TA,78.86516583,30
14/03/2025,TTAM.TA,732.3981605,1
15/03/2025,TTAM.TA,736.1637958,2
16/03/2025,TTAM.TA,735.3118596,3
17/03/2025,TTAM.TA,738.8168504,4
18/03/2025,TTAM.TA,750.6465704,5
19/03/2025,TTAM.TA,755.485044,6
20/03/2025,TTAM.TA,758.043313,7
21/03/2025,TTAM.TA,758.3574909,8
22/03/2025,TTAM.TA,750.3983632,9
23/03/2025,TTAM.TA,756.4601234,10
24/03/2025,TTAM.TA,739.9833131,11
25/03/2025,TTAM.TA,737.8213297,12
26/03/2025,TTAM.TA,736.9674753,13
27/03/2025,TTAM.TA,752.5524631,14
28/03/2025,TTAM.TA,754.3367867,15
29/03/2025,TTAM.TA,759.7942342,16
30/03/2025,TTAM.TA,748.8527582,17
31/03/2025,TTAM.TA,732.5416475,18
01/04/2025,TTAM.TA,708.9291337,19
02/04/2025,TTAM.TA,711.1767889,20
03/04/2025,TTAM.TA,713.1789247,21
04/04/2025,TTAM.TA,718.2842032,22
05/04/2025,TTAM.TA,728.5645883,23
06/04/2025,TTAM.TA,732.4944874,24
07/04/2025,TTAM.TA,751.3769915,25
08/04/2025,TTAM.TA,761.6298989,26
09/04/2025,TTAM.TA,764.736552,27
10/04/2025,TTAM.TA,761.3076058,28
11/04/2025,TTAM.TA,769.2329005,29
12/04/2025,TTAM.TA,788.2649774,30
14/03/2025,TGTR.TA,462.6958086,1
15/03/2025,TGTR.TA,477.2405322,2
16/03/2025,TGTR.TA,475.0583769,3
17/03/2025,TGTR.TA,449.8968213,4
18/03/2025,TGTR.TA,482.2209853,5
19/03/2025,TGTR.TA,482.3355635,6
20/03/2025,TGTR.TA,483.6642421,7
21/03/2025,TGTR.TA,481.5640606,8
22/03/2025,TGTR.TA,478.9277858,9
23/03/2025,TGTR.TA,458.2222725,10
24/03/2025,TGTR.TA,493.9392951,11
25/03/2025,TGTR.TA,510.4275873,12
26/03/2025,TGTR.TA,509.2350529,13
27/03/2025,TGTR.TA,491.6130626,14
28/03/2025,TGTR.TA,481.0222544,15
29/03/2025,TGTR.TA,538.3655569,16
30/03/2025,TGTR.TA,560.6209544,17
31/03/2025,TGTR.TA,557.3607706,18
01/04/2025,TGTR.TA,567.0594326,19
02/04/2025,TGTR.TA,590.3641012,20
03/04/2025,TGTR.TA,673.3098287,21
04/04/2025,TGTR.TA,654.5513807,22
05/04/2025,TGTR.TA,644.6771068,23
06/04/2025,TGTR.TA,655.8951646,24
07/04/2025,TGTR.TA,693.2823935,25
08/04/2025,TGTR.TA,721.7744977,26
09/04/2025,TGTR.TA,731.6586004,27
10/04/2025,TGTR.TA,761.9045045,28
11/04/2025,TGTR.TA,823.7027227,29
12/04/2025,TGTR.TA,780.0751542,30
14/03/2025,TOEN.TA,2314.97394,1
15/03/2025,TOEN.TA,2318.365222,2
16/03/2025,TOEN.TA,2314.013316,3
17/03/2025,TOEN.TA,2356.832308,4
18/03/2025,TOEN.TA,2294.939192,5
19/03/2025,TOEN.TA,2291.315438,6
20/03/2025,TOEN.TA,2380.749511,7
21/03/2025,TOEN.TA,2413.803753,8
22/03/2025,TOEN.TA,2418.694707,9
23/03/2025,TOEN.TA,2415.525587,10
24/03/2025,TOEN.TA,2420.499246,11
25/03/2025,TOEN.TA,2480.044865,12
26/03/2025,TOEN.TA,2489.607173,13
27/03/2025,TOEN.TA,2534.075646,14
28/03/2025,TOEN.TA,2456.779821,15
29/03/2025,TOEN.TA,2551.316657,16
30/03/2025,TOEN.TA,2575.331074,17
31/03/2025,TOEN.TA,2523.928554,18
01/04/2025,TOEN.TA,2603.139983,19
02/04/2025,TOEN.TA,2654.136562,20
03/04/2025,TOEN.TA,2666.587762,21
04/04/2025,TOEN.TA,2671.990918,22
05/04/2025,TOEN.TA,2674.024014,23
06/04/2025,TOEN.TA,2719.983947,24
07/04/2025,TOEN.TA,2699.814232,25
08/04/2025,TOEN.TA,2746.371525,26
09/04/2025,TOEN.TA,2784.875434,27
10/04/2025,TOEN.TA,2892.037382,28
11/04/2025,TOEN.TA,2794.442134,29
12/04/2025,TOEN.TA,2848.488248,30
14/03/2025,TNDO.TA,398.0746115,1
15/03/2025,TNDO.TA,402.607176,2
16/03/2025,TNDO.TA,400.6609769,3
17/03/2025,TNDO.TA,405.2113192,4
18/03/2025,TNDO.TA,395.8400854,5
19/03/2025,TNDO.TA,400.3472071,6
20/03/2025,TNDO.TA,413.8519867,7
21/03/2025,TNDO.TA,401.613992,8
22/03/2025,TNDO.TA,406.1751578,9
23/03/2025,TNDO.TA,406.4673259,10
24/03/2025,TNDO.TA,387.4171202,11
25/03/2025,TNDO.TA,381.4402925,12
26/03/2025,TNDO.TA,381.4754241,13
27/03/2025,TNDO.TA,371.5238727,14
28/03/2025,TNDO.TA,399.1970134,15
29/03/2025,TNDO.TA,399.4503942,16
30/03/2025,TNDO.TA,401.2748159,17
31/03/2025,TNDO.TA,395.0842003,18
01/04/2025,TNDO.TA,424.5122438,19
02/04/2025,TNDO.TA,428.1568171,20
03/04/2025,TNDO.TA,431.8090542,21
04/04/2025,TNDO.TA,434.0309463,22
05/04/2025,TNDO.TA,408.1059555,23
06/04/2025,TNDO.TA,406.3518295,24
07/04/2025,TNDO.TA,378.450769,25
08/04/2025,TNDO.TA,374.1852769,26
09/04/2025,TNDO.TA,392.7529782,27
10/04/2025,TNDO.TA,400.365457,28
11/04/2025,TNDO.TA,401.9928681,29
12/04/2025,TNDO.TA,403.6268944,30
14/03/2025,TOPS.TA,1336.722223,1
15/03/2025,TOPS.TA,1357.761247,2
16/03/2025,TOPS.TA,1352.458357,3
17/03/2025,TOPS.TA,1350.851912,4
18/03/2025,TOPS.TA,1341.415328,5
19/03/2025,TOPS.TA,1413.240589,6
20/03/2025,TOPS.TA,1415.902274,7
21/03/2025,TOPS.TA,1424.023724,8
22/03/2025,TOPS.TA,1404.434317,9
23/03/2025,TOPS.TA,1373.821365,10
24/03/2025,TOPS.TA,1381.718223,11
25/03/2025,TOPS.TA,1383.758429,12
26/03/2025,TOPS.TA,1381.527139,13
27/03/2025,TOPS.TA,1394.608052,14
28/03/2025,TOPS.TA,1393.634304,15
29/03/2025,TOPS.TA,1497.162563,16
30/03/2025,TOPS.TA,1451.782362,17
31/03/2025,TOPS.TA,1452.858633,18
01/04/2025,TOPS.TA,1462.546799,19
02/04/2025,TOPS.TA,1465.188164,20
03/04/2025,TOPS.TA,1376.973421,21
04/04/2025,TOPS.TA,1384.87158,22
05/04/2025,TOPS.TA,1427.360713,23
06/04/2025,TOPS.TA,1436.163264,24
07/04/2025,TOPS.TA,1430.356003,25
08/04/2025,TOPS.TA,1444.482921,26
09/04/2025,TOPS.TA,1454.268954,27
10/04/2025,TOPS.TA,1444.109934,28
11/04/2025,TOPS.TA,1441.781328,29
12/04/2025,TOPS.TA,1471.611402,30
14/03/2025,TSEM.TA,13654.94004,1
15/03/2025,TSEM.TA,13084.67697,2
16/03/2025,TSEM.TA,13417.40656,3
17/03/2025,TSEM.TA,13572.57498,4
18/03/2025,TSEM.TA,13518.6435,5
19/03/2025,TSEM.TA,12996.33685,6
20/03/2025,TSEM.TA,12894.76403,7
21/03/2025,TSEM.TA,12083.8956,8
22/03/2025,TSEM.TA,12015.11376,9
23/03/2025,TSEM.TA,11922.61284,10
24/03/2025,TSEM.TA,11821.36011,11
25/03/2025,TSEM.TA,11406.57732,12
26/03/2025,TSEM.TA,11139.46018,13
27/03/2025,TSEM.TA,11152.71308,14
28/03/2025,TSEM.TA,11189.77207,15
29/03/2025,TSEM.TA,11143.38641,16
30/03/2025,TSEM.TA,10878.13768,17
31/03/2025,TSEM.TA,10573.23425,18
01/04/2025,TSEM.TA,10500.82454,19
02/04/2025,TSEM.TA,10813.55464,20
03/04/2025,TSEM.TA,9644.977711,21
04/04/2025,TSEM.TA,9772.18847,22
05/04/2025,TSEM.TA,9608.736461,23
06/04/2025,TSEM.TA,9648.076486,24
07/04/2025,TSEM.TA,9593.159387,25
08/04/2025,TSEM.TA,9620.866077,26
09/04/2025,TSEM.TA,9656.014108,27
10/04/2025,TSEM.TA,9489.090164,28
11/04/2025,TSEM.TA,9276.392134,29
12/04/2025,TSEM.TA,8945.992914,30
14/03/2025,TRAN.TA,98.45735956,1
15/03/2025,TRAN.TA,98.82011081,2
16/03/2025,TRAN.TA,104.0414436,3
17/03/2025,TRAN.TA,105.6659885,4
18/03/2025,TRAN.TA,106.9034689,5
19/03/2025,TRAN.TA,102.6397116,6
20/03/2025,TRAN.TA,98.5460107,7
21/03/2025,TRAN.TA,91.55893166,8
22/03/2025,TRAN.TA,90.6374419,9
23/03/2025,TRAN.TA,87.35090744,10
24/03/2025,TRAN.TA,88.28201224,11
25/03/2025,TRAN.TA,91.97911902,12
26/03/2025,TRAN.TA,92.31800217,13
27/03/2025,TRAN.TA,92.5526066,14
28/03/2025,TRAN.TA,92.78780723,15
29/03/2025,TRAN.TA,83.55289658,16
30/03/2025,TRAN.TA,83.90609928,17
31/03/2025,TRAN.TA,63.41702554,18
01/04/2025,TRAN.TA,63.74312886,19
02/04/2025,TRAN.TA,63.5658062,20
03/04/2025,TRAN.TA,66.82101839,21
04/04/2025,TRAN.TA,67.97487571,22
05/04/2025,TRAN.TA,68.6994444,23
06/04/2025,TRAN.TA,63.20565668,24
07/04/2025,TRAN.TA,61.20675049,25
08/04/2025,TRAN.TA,61.32405268,26
09/04/2025,TRAN.TA,56.16483703,27
10/04/2025,TRAN.TA,56.33412816,28
11/04/2025,TRAN.TA,51.82917555,29
12/04/2025,TRAN.TA,55.11916969,30
14/03/2025,TSG.TA,16852.55629,1
15/03/2025,TSG.TA,16860.25568,2
16/03/2025,TSG.TA,16852.44789,3
17/03/2025,TSG.TA,16891.513,4
18/03/2025,TSG.TA,16930.66866,5
19/03/2025,TSG.TA,16913.51823,6
20/03/2025,TSG.TA,16925.9379,7
21/03/2025,TSG.TA,16933.67082,8
22/03/2025,TSG.TA,16897.56033,9
23/03/2025,TSG.TA,16889.5946,10
24/03/2025,TSG.TA,16915.44534,11
25/03/2025,TSG.TA,16920.05105,12
26/03/2025,TSG.TA,16912.07471,13
27/03/2025,TSG.TA,16916.6795,14
28/03/2025,TSG.TA,16929.1015,15
29/03/2025,TSG.TA,16928.76915,16
30/03/2025,TSG.TA,16936.50336,17
31/03/2025,TSG.TA,16900.38683,18
01/04/2025,TSG.TA,16908.10807,19
02/04/2025,TSG.TA,16900.27812,20
03/04/2025,TSG.TA,16883.15848,21
04/04/2025,TSG.TA,16875.34008,22
05/04/2025,TSG.TA,16858.49645,23
06/04/2025,TSG.TA,16850.68947,24
07/04/2025,TSG.TA,16876.48067,25
08/04/2025,TSG.TA,16881.07577,26
09/04/2025,TSG.TA,16845.07744,27
10/04/2025,TSG.TA,16809.63914,28
11/04/2025,TSG.TA,16792.61131,29
12/04/2025,TSG.TA,16757.28338,30
14/03/2025,TURB.TA,988.5576535,1
15/03/2025,TURB.TA,998.9152565,2
16/03/2025,TURB.TA,976.3311963,3
17/03/2025,TURB.TA,974.6450842,4
18/03/2025,TURB.TA,946.4541429,5
19/03/2025,TURB.TA,951.6270929,6
20/03/2025,TURB.TA,1088.328017,7
21/03/2025,TURB.TA,1036.636545,8
22/03/2025,TURB.TA,1053.373029,9
23/03/2025,TURB.TA,1042.738725,10
24/03/2025,TURB.TA,1032.777113,11
25/03/2025,TURB.TA,1044.404501,12
26/03/2025,TURB.TA,1026.499853,13
27/03/2025,TURB.TA,1031.167104,14
28/03/2025,TURB.TA,1020.586422,15
29/03/2025,TURB.TA,1037.063777,16
30/03/2025,TURB.TA,1033.268866,17
31/03/2025,TURB.TA,1023.397722,18
01/04/2025,TURB.TA,1019.652819,19
02/04/2025,TURB.TA,1062.536452,20
03/04/2025,TURB.TA,1218.886515,21
04/04/2025,TURB.TA,1210.359905,22
05/04/2025,TURB.TA,1388.461887,23
06/04/2025,TURB.TA,1365.292582,24
07/04/2025,TURB.TA,1226.857946,25
08/04/2025,TURB.TA,1335.50095,26
09/04/2025,TURB.TA,1328.694743,27
10/04/2025,TURB.TA,1291.599673,28
11/04/2025,TURB.TA,1264.733281,29
12/04/2025,TURB.TA,1278.566583,30
14/03/2025,TRPZ.TA,2681.08229,1
15/03/2025,TRPZ.TA,2690.548656,2
16/03/2025,TRPZ.TA,2678.222446,3
17/03/2025,TRPZ.TA,2680.428938,4
18/03/2025,TRPZ.TA,2677.198471,5
19/03/2025,TRPZ.TA,2648.712459,6
20/03/2025,TRPZ.TA,2650.89464,7
21/03/2025,TRPZ.TA,2652.651041,8
22/03/2025,TRPZ.TA,2675.510162,9
23/03/2025,TRPZ.TA,2732.370422,10
24/03/2025,TRPZ.TA,2680.927788,11
25/03/2025,TRPZ.TA,2670.779665,12
26/03/2025,TRPZ.TA,2653.728024,13
27/03/2025,TRPZ.TA,2766.428863,14
28/03/2025,TRPZ.TA,2827.164361,15
29/03/2025,TRPZ.TA,2900.824801,16
30/03/2025,TRPZ.TA,2869.959353,17
31/03/2025,TRPZ.TA,2898.483277,18
01/04/2025,TRPZ.TA,2957.39668,19
02/04/2025,TRPZ.TA,2916.074516,20
03/04/2025,TRPZ.TA,2978.047278,21
04/04/2025,TRPZ.TA,3049.715468,22
05/04/2025,TRPZ.TA,3046.039935,23
06/04/2025,TRPZ.TA,3107.952515,24
07/04/2025,TRPZ.TA,3135.786951,25
08/04/2025,TRPZ.TA,3202.429068,26
09/04/2025,TRPZ.TA,3284.897024,27
10/04/2025,TRPZ.TA,3317.419701,28
11/04/2025,TRPZ.TA,3342.094165,29
12/04/2025,TRPZ.TA,3270.897417,30
14/03/2025,UMH.TA,9681.389297,1
15/03/2025,UMH.TA,11766.89349,2
16/03/2025,UMH.TA,9810.018891,3
17/03/2025,UMH.TA,9759.925872,4
18/03/2025,UMH.TA,11767.1787,5
19/03/2025,UMH.TA,10361.96011,6
20/03/2025,UMH.TA,9678.272437,7
21/03/2025,UMH.TA,8934.001917,8
22/03/2025,UMH.TA,9329.506634,9
23/03/2025,UMH.TA,12360.11827,10
24/03/2025,UMH.TA,18962.1462,11
25/03/2025,UMH.TA,18414.50861,12
26/03/2025,UMH.TA,16215.47598,13
27/03/2025,UMH.TA,15392.54356,14
28/03/2025,UMH.TA,17147.375,15
29/03/2025,UMH.TA,17151.11527,16
30/03/2025,UMH.TA,17472.05097,17
31/03/2025,UMH.TA,13956.84284,18
01/04/2025,UMH.TA,15133.58508,19
02/04/2025,UMH.TA,13756.69154,20
03/04/2025,UMH.TA,13618.83295,21
04/04/2025,UMH.TA,34631.96187,22
05/04/2025,UMH.TA,28997.34292,23
06/04/2025,UMH.TA,34961.01512,24
07/04/2025,UMH.TA,37445.44377,25
08/04/2025,UMH.TA,35561.92299,26
09/04/2025,UMH.TA,38089.05386,27
10/04/2025,UMH.TA,38039.07525,28
11/04/2025,UMH.TA,36228.3203,29
12/04/2025,UMH.TA,38802.80724,30
14/03/2025,UNTC.TA,167.1064058,1
15/03/2025,UNTC.TA,112.444784,2
16/03/2025,UNTC.TA,112.7129674,3
17/03/2025,UNTC.TA,113.2073216,4
18/03/2025,UNTC.TA,114.7629652,5
19/03/2025,UNTC.TA,114.2343099,6
20/03/2025,UNTC.TA,114.0537535,7
21/03/2025,UNTC.TA,113.8705193,8
22/03/2025,UNTC.TA,128.3986994,9
23/03/2025,UNTC.TA,125.4919282,10
24/03/2025,UNTC.TA,126.3322722,11
25/03/2025,UNTC.TA,126.214208,12
26/03/2025,UNTC.TA,126.0114373,13
27/03/2025,UNTC.TA,114.2605743,14
28/03/2025,UNTC.TA,113.9365009,15
29/03/2025,UNTC.TA,110.1995213,16
30/03/2025,UNTC.TA,110.0681246,17
31/03/2025,UNTC.TA,105.1272351,18
01/04/2025,UNTC.TA,107.5808483,19
02/04/2025,UNTC.TA,110.175782,20
03/04/2025,UNTC.TA,110.567013,21
04/04/2025,UNTC.TA,99.66956739,22
05/04/2025,UNTC.TA,103.5737959,23
06/04/2025,UNTC.TA,94.70898604,24
07/04/2025,UNTC.TA,94.27270941,25
08/04/2025,UNTC.TA,91.18067846,26
09/04/2025,UNTC.TA,93.30878655,27
10/04/2025,UNTC.TA,94.35960109,28
11/04/2025,UNTC.TA,106.3984789,29
12/04/2025,UNTC.TA,105.9083547,30
14/03/2025,UNCT.TA,19.01500678,1
15/03/2025,UNCT.TA,-1.05270152,2
16/03/2025,UNCT.TA,3.82761184,3
17/03/2025,UNCT.TA,2.95183643,4
18/03/2025,UNCT.TA,0.69735479,5
19/03/2025,UNCT.TA,1.08447658,6
20/03/2025,UNCT.TA,1.21788989,7
21/03/2025,UNCT.TA,5.33683535,8
22/03/2025,UNCT.TA,4.12278592,9
23/03/2025,UNCT.TA,4.11978693,10
24/03/2025,UNCT.TA,2.74199519,11
25/03/2025,UNCT.TA,2.96169544,12
26/03/2025,UNCT.TA,1.80402664,13
27/03/2025,UNCT.TA,1.80271436,14
28/03/2025,UNCT.TA,4.81426161,15
29/03/2025,UNCT.TA,4.04070859,16
30/03/2025,UNCT.TA,4.0423007,17
31/03/2025,UNCT.TA,11.17543029,18
01/04/2025,UNCT.TA,6.570429,19
02/04/2025,UNCT.TA,-2.2706504,20
03/04/2025,UNCT.TA,-1.90580349,21
04/04/2025,UNCT.TA,-2.05043476,22
05/04/2025,UNCT.TA,-1.43906086,23
06/04/2025,UNCT.TA,-0.68095612,24
07/04/2025,UNCT.TA,-0.68595269,25
08/04/2025,UNCT.TA,-0.93155099,26
09/04/2025,UNCT.TA,-0.08671173,27
10/04/2025,UNCT.TA,-0.09365944,28
11/04/2025,UNCT.TA,-0.10573148,29
12/04/2025,UNCT.TA,-0.135552,30
14/03/2025,UNIT.TA,2835.27932,1
15/03/2025,UNIT.TA,2846.513573,2
16/03/2025,UNIT.TA,2845.327572,3
17/03/2025,UNIT.TA,2916.00929,4
18/03/2025,UNIT.TA,2888.498965,5
19/03/2025,UNIT.TA,2923.765519,6
20/03/2025,UNIT.TA,2916.813586,7
21/03/2025,UNIT.TA,2924.833715,8
22/03/2025,UNIT.TA,3077.998755,9
23/03/2025,UNIT.TA,3016.626449,10
24/03/2025,UNIT.TA,3045.184952,11
25/03/2025,UNIT.TA,3063.17893,12
26/03/2025,UNIT.TA,3092.178147,13
27/03/2025,UNIT.TA,3110.449807,14
28/03/2025,UNIT.TA,3248.120037,15
29/03/2025,UNIT.TA,3224.946067,16
30/03/2025,UNIT.TA,3240.192728,17
31/03/2025,UNIT.TA,3257.338012,18
01/04/2025,UNIT.TA,3470.95028,19
02/04/2025,UNIT.TA,3431.031723,20
03/04/2025,UNIT.TA,3473.286083,21
04/04/2025,UNIT.TA,3515.449373,22
05/04/2025,UNIT.TA,3445.354726,23
06/04/2025,UNIT.TA,3381.366788,24
07/04/2025,UNIT.TA,3379.957941,25
08/04/2025,UNIT.TA,3368.994214,26
09/04/2025,UNIT.TA,3452.684508,27
10/04/2025,UNIT.TA,3451.245946,28
11/04/2025,UNIT.TA,3491.999485,29
12/04/2025,UNIT.TA,3506.086289,30
14/03/2025,UPSL.TA,27.95299175,1
15/03/2025,UPSL.TA,31.32820352,2
16/03/2025,UPSL.TA,27.57431373,3
17/03/2025,UPSL.TA,23.48583718,4
18/03/2025,UPSL.TA,25.48106282,5
19/03/2025,UPSL.TA,18.02605363,6
20/03/2025,UPSL.TA,12.89115541,7
21/03/2025,UPSL.TA,12.86061036,8
22/03/2025,UPSL.TA,11.82479898,9
23/03/2025,UPSL.TA,57.43662422,10
24/03/2025,UPSL.TA,32.21817204,11
25/03/2025,UPSL.TA,32.50331555,12
26/03/2025,UPSL.TA,32.45930889,13
27/03/2025,UPSL.TA,30.06944452,14
28/03/2025,UPSL.TA,28.59240007,15
29/03/2025,UPSL.TA,30.80142627,16
30/03/2025,UPSL.TA,44.66526694,17
31/03/2025,UPSL.TA,16.7460763,18
01/04/2025,UPSL.TA,16.57366769,19
02/04/2025,UPSL.TA,16.52850525,20
03/04/2025,UPSL.TA,15.78605713,21
04/04/2025,UPSL.TA,15.69526051,22
05/04/2025,UPSL.TA,15.16062157,23
06/04/2025,UPSL.TA,25.64462703,24
07/04/2025,UPSL.TA,25.87159208,25
08/04/2025,UPSL.TA,23.96675805,26
09/04/2025,UPSL.TA,16.95478988,27
10/04/2025,UPSL.TA,17.51534023,28
11/04/2025,UPSL.TA,17.68729705,29
12/04/2025,UPSL.TA,19.82296732,30
14/03/2025,UTRN.TA,723.2053378,1
15/03/2025,UTRN.TA,712.5945653,2
16/03/2025,UTRN.TA,711.7879302,3
17/03/2025,UTRN.TA,710.410113,4
18/03/2025,UTRN.TA,716.4908963,5
19/03/2025,UTRN.TA,716.5449848,6
20/03/2025,UTRN.TA,725.2942726,7
21/03/2025,UTRN.TA,730.2625399,8
22/03/2025,UTRN.TA,730.5481781,9
23/03/2025,UTRN.TA,750.6241466,10
24/03/2025,UTRN.TA,745.4767673,11
25/03/2025,UTRN.TA,739.3908104,12
26/03/2025,UTRN.TA,750.7198412,13
27/03/2025,UTRN.TA,879.2936349,14
28/03/2025,UTRN.TA,878.8357641,15
29/03/2025,UTRN.TA,899.046083,16
30/03/2025,UTRN.TA,878.4974013,17
31/03/2025,UTRN.TA,879.4827982,18
01/04/2025,UTRN.TA,903.651593,19
02/04/2025,UTRN.TA,917.208486,20
03/04/2025,UTRN.TA,912.3138105,21
04/04/2025,UTRN.TA,952.6926874,22
05/04/2025,UTRN.TA,947.6086508,23
06/04/2025,UTRN.TA,963.6923598,24
07/04/2025,UTRN.TA,976.2910105,25
08/04/2025,UTRN.TA,1044.022482,26
09/04/2025,UTRN.TA,1077.930728,27
10/04/2025,UTRN.TA,1101.867359,28
11/04/2025,UTRN.TA,1063.617258,29
12/04/2025,UTRN.TA,1048.565232,30
14/03/2025,VRDS.TA,2443.21591,1
15/03/2025,VRDS.TA,2484.692832,2
16/03/2025,VRDS.TA,2474.631908,3
17/03/2025,VRDS.TA,2460.527773,4
18/03/2025,VRDS.TA,2452.611844,5
19/03/2025,VRDS.TA,2452.187321,6
20/03/2025,VRDS.TA,2370.089096,7
21/03/2025,VRDS.TA,2346.113369,8
22/03/2025,VRDS.TA,2344.820627,9
23/03/2025,VRDS.TA,2323.12046,10
24/03/2025,VRDS.TA,2368.143849,11
25/03/2025,VRDS.TA,2382.461477,12
26/03/2025,VRDS.TA,2330.810485,13
27/03/2025,VRDS.TA,2352.060312,14
28/03/2025,VRDS.TA,2361.20184,15
29/03/2025,VRDS.TA,2336.356079,16
30/03/2025,VRDS.TA,2329.764597,17
31/03/2025,VRDS.TA,2350.639764,18
01/04/2025,VRDS.TA,2352.050369,19
02/04/2025,VRDS.TA,2301.05868,20
03/04/2025,VRDS.TA,2299.790763,21
04/04/2025,VRDS.TA,2290.44816,22
05/04/2025,VRDS.TA,2334.838341,23
06/04/2025,VRDS.TA,2377.175014,24
07/04/2025,VRDS.TA,2325.63863,25
08/04/2025,VRDS.TA,2247.777204,26
09/04/2025,VRDS.TA,2249.126082,27
10/04/2025,VRDS.TA,2297.427323,28
11/04/2025,VRDS.TA,2297.029661,29
12/04/2025,VRDS.TA,2293.856593,30
14/03/2025,VCTR.TA,5221.064087,1
15/03/2025,VCTR.TA,5187.261567,2
16/03/2025,VCTR.TA,5219.864472,3
17/03/2025,VCTR.TA,5186.069718,4
18/03/2025,VCTR.TA,5154.913331,5
19/03/2025,VCTR.TA,5097.508701,6
20/03/2025,VCTR.TA,5047.928825,7
21/03/2025,VCTR.TA,5020.095149,8
22/03/2025,VCTR.TA,4977.492824,9
23/03/2025,VCTR.TA,4995.301111,10
24/03/2025,VCTR.TA,4983.973249,11
25/03/2025,VCTR.TA,5075.352004,12
26/03/2025,VCTR.TA,5085.955101,13
27/03/2025,VCTR.TA,5132.32386,14
28/03/2025,VCTR.TA,5152.878562,15
29/03/2025,VCTR.TA,5189.423039,16
30/03/2025,VCTR.TA,5218.45054,17
31/03/2025,VCTR.TA,5266.027263,18
01/04/2025,VCTR.TA,5303.374197,19
02/04/2025,VCTR.TA,5215.075704,20
03/04/2025,VCTR.TA,5353.938847,21
04/04/2025,VCTR.TA,5319.276061,22
05/04/2025,VCTR.TA,5360.938938,23
06/04/2025,VCTR.TA,5379.114444,24
07/04/2025,VCTR.TA,5322.050005,25
08/04/2025,VCTR.TA,5371.791051,26
09/04/2025,VCTR.TA,5423.257128,27
10/04/2025,VCTR.TA,5340.719243,28
11/04/2025,VCTR.TA,5264.729068,29
12/04/2025,VCTR.TA,5285.814046,30
14/03/2025,VILR.TA,19207.3494,1
15/03/2025,VILR.TA,19175.14084,2
16/03/2025,VILR.TA,18661.84438,3
17/03/2025,VILR.TA,18735.61439,4
18/03/2025,VILR.TA,18804.07139,5
19/03/2025,VILR.TA,18921.70262,6
20/03/2025,VILR.TA,18850.83848,7
21/03/2025,VILR.TA,18852.62886,8
22/03/2025,VILR.TA,18675.60854,9
23/03/2025,VILR.TA,18750.19245,10
24/03/2025,VILR.TA,18872.26173,11
25/03/2025,VILR.TA,19557.2788,12
26/03/2025,VILR.TA,19600.2288,13
27/03/2025,VILR.TA,19586.63766,14
28/03/2025,VILR.TA,19510.5858,15
29/03/2025,VILR.TA,19783.31093,16
30/03/2025,VILR.TA,19512.40564,17
31/03/2025,VILR.TA,19512.34059,18
01/04/2025,VILR.TA,19289.95003,19
02/04/2025,VILR.TA,19223.79446,20
03/04/2025,VILR.TA,19339.38962,21
04/04/2025,VILR.TA,19743.2356,22
05/04/2025,VILR.TA,19845.56867,23
06/04/2025,VILR.TA,19969.71511,24
07/04/2025,VILR.TA,19729.03036,25
08/04/2025,VILR.TA,19456.91338,26
09/04/2025,VILR.TA,19726.14121,27
10/04/2025,VILR.TA,19583.7981,28
11/04/2025,VILR.TA,19502.04924,29
12/04/2025,VILR.TA,20056.03589,30
14/03/2025,VISN.TA,34.26161286,1
15/03/2025,VISN.TA,34.16736196,2
16/03/2025,VISN.TA,34.11869394,3
17/03/2025,VISN.TA,29.78629726,4
18/03/2025,VISN.TA,30.01276853,5
19/03/2025,VISN.TA,30.02384503,6
20/03/2025,VISN.TA,30.03889227,7
21/03/2025,VISN.TA,80.14595527,8
22/03/2025,VISN.TA,86.24647663,9
23/03/2025,VISN.TA,126.7191826,10
24/03/2025,VISN.TA,126.8522893,11
25/03/2025,VISN.TA,86.6940134,12
26/03/2025,VISN.TA,87.03345887,13
27/03/2025,VISN.TA,91.7473166,14
28/03/2025,VISN.TA,99.39739654,15
29/03/2025,VISN.TA,169.9740211,16
30/03/2025,VISN.TA,176.1620097,17
31/03/2025,VISN.TA,217.6133506,18
01/04/2025,VISN.TA,217.7719857,19
02/04/2025,VISN.TA,341.3019394,20
03/04/2025,VISN.TA,335.0784641,21
04/04/2025,VISN.TA,375.2818529,22
05/04/2025,VISN.TA,20362.78291,23
06/04/2025,VISN.TA,20465.16819,24
07/04/2025,VISN.TA,20849.77072,25
08/04/2025,VISN.TA,23483.01349,26
09/04/2025,VISN.TA,-2844.046276,27
10/04/2025,VISN.TA,-4863.447118,28
11/04/2025,VISN.TA,-4852.511951,29
12/04/2025,VISN.TA,-4857.150198,30
14/03/2025,VTNA.TA,2429.515166,1
15/03/2025,VTNA.TA,2428.264137,2
16/03/2025,VTNA.TA,2449.216449,3
17/03/2025,VTNA.TA,2471.805504,4
18/03/2025,VTNA.TA,2524.192886,5
19/03/2025,VTNA.TA,2554.110281,6
20/03/2025,VTNA.TA,2450.233773,7
21/03/2025,VTNA.TA,2465.305996,8
22/03/2025,VTNA.TA,2445.481391,9
23/03/2025,VTNA.TA,2447.28608,10
24/03/2025,VTNA.TA,2434.70056,11
25/03/2025,VTNA.TA,2430.034919,12
26/03/2025,VTNA.TA,2437.767274,13
27/03/2025,VTNA.TA,2375.129963,14
28/03/2025,VTNA.TA,2381.440981,15
29/03/2025,VTNA.TA,2437.429614,16
30/03/2025,VTNA.TA,2439.585854,17
31/03/2025,VTNA.TA,2455.44316,18
01/04/2025,VTNA.TA,2389.105223,19
02/04/2025,VTNA.TA,2375.38927,20
03/04/2025,VTNA.TA,2365.307749,21
04/04/2025,VTNA.TA,2365.677163,22
05/04/2025,VTNA.TA,2250.74834,23
06/04/2025,VTNA.TA,2254.057609,24
07/04/2025,VTNA.TA,2187.092252,25
08/04/2025,VTNA.TA,2229.306049,26
09/04/2025,VTNA.TA,2321.064978,27
10/04/2025,VTNA.TA,2360.898895,28
11/04/2025,VTNA.TA,2349.102103,29
12/04/2025,VTNA.TA,2346.41142,30
14/03/2025,WATR.TA,5.86217365,1
15/03/2025,WATR.TA,7.51590987,2
16/03/2025,WATR.TA,9.70149118,3
17/03/2025,WATR.TA,9.58182899,4
18/03/2025,WATR.TA,9.6632057,5
19/03/2025,WATR.TA,13.55500129,6
20/03/2025,WATR.TA,15.13288804,7
21/03/2025,WATR.TA,7.71236136,8
22/03/2025,WATR.TA,8.49741291,9
23/03/2025,WATR.TA,14.44251009,10
24/03/2025,WATR.TA,13.20972867,11
25/03/2025,WATR.TA,16.24200515,12
26/03/2025,WATR.TA,19.97033686,13
27/03/2025,WATR.TA,12.7991199,14
28/03/2025,WATR.TA,11.79746268,15
29/03/2025,WATR.TA,11.93209742,16
30/03/2025,WATR.TA,9.9489972,17
31/03/2025,WATR.TA,20.4991664,18
01/04/2025,WATR.TA,25.20472408,19
02/04/2025,WATR.TA,24.9453632,20
03/04/2025,WATR.TA,20.54616207,21
04/04/2025,WATR.TA,15.83266022,22
05/04/2025,WATR.TA,12.20048439,23
06/04/2025,WATR.TA,9.51245576,24
07/04/2025,WATR.TA,11.63260816,25
08/04/2025,WATR.TA,12.71359777,26
09/04/2025,WATR.TA,12.73825382,27
10/04/2025,WATR.TA,16.36468304,28
11/04/2025,WATR.TA,25.73462448,29
12/04/2025,WATR.TA,33.0609657,30
14/03/2025,WESR.TA,502.3758144,1
15/03/2025,WESR.TA,488.5506742,2
16/03/2025,WESR.TA,486.0462461,3
17/03/2025,WESR.TA,473.3789963,4
18/03/2025,WESR.TA,473.064721,5
19/03/2025,WESR.TA,468.5090334,6
20/03/2025,WESR.TA,461.0159567,7
21/03/2025,WESR.TA,454.2905912,8
22/03/2025,WESR.TA,462.8452436,9
23/03/2025,WESR.TA,460.9181084,10
24/03/2025,WESR.TA,462.830542,11
25/03/2025,WESR.TA,463.5956946,12
26/03/2025,WESR.TA,469.8555215,13
27/03/2025,WESR.TA,476.1256983,14
28/03/2025,WESR.TA,461.4034532,15
29/03/2025,WESR.TA,462.6613052,16
30/03/2025,WESR.TA,460.3438417,17
31/03/2025,WESR.TA,466.4870859,18
01/04/2025,WESR.TA,474.6870731,19
02/04/2025,WESR.TA,475.471827,20
03/04/2025,WESR.TA,467.8673912,21
04/04/2025,WESR.TA,471.5262013,22
05/04/2025,WESR.TA,473.2055412,23
06/04/2025,WESR.TA,479.8300644,24
07/04/2025,WESR.TA,472.1559254,25
08/04/2025,WESR.TA,473.6359436,26
09/04/2025,WESR.TA,473.1908553,27
10/04/2025,WESR.TA,496.555,28
11/04/2025,WESR.TA,494.0095399,29
12/04/2025,WESR.TA,480.5986476,30
14/03/2025,WILK.TA,19.60175943,1
15/03/2025,WILK.TA,21.90361053,2
16/03/2025,WILK.TA,21.29630926,3
17/03/2025,WILK.TA,20.07130135,4
18/03/2025,WILK.TA,20.32405786,5
19/03/2025,WILK.TA,16.91421434,6
20/03/2025,WILK.TA,17.4515354,7
21/03/2025,WILK.TA,18.19668526,8
22/03/2025,WILK.TA,16.79689983,9
23/03/2025,WILK.TA,18.42232717,10
24/03/2025,WILK.TA,17.91154825,11
25/03/2025,WILK.TA,17.54140908,12
26/03/2025,WILK.TA,17.6671296,13
27/03/2025,WILK.TA,18.41017231,14
28/03/2025,WILK.TA,19.23569783,15
29/03/2025,WILK.TA,18.56745021,16
30/03/2025,WILK.TA,18.20884133,17
31/03/2025,WILK.TA,17.60055077,18
01/04/2025,WILK.TA,17.52080738,19
02/04/2025,WILK.TA,16.17301405,20
03/04/2025,WILK.TA,16.59343613,21
04/04/2025,WILK.TA,16.26754743,22
05/04/2025,WILK.TA,17.87768086,23
06/04/2025,WILK.TA,19.38962282,24
07/04/2025,WILK.TA,19.00881807,25
08/04/2025,WILK.TA,17.03091124,26
09/04/2025,WILK.TA,17.67004414,27
10/04/2025,WILK.TA,18.89591787,28
11/04/2025,WILK.TA,19.72249145,29
12/04/2025,WILK.TA,18.97881328,30
14/03/2025,WLFD.TA,2731.408273,1
15/03/2025,WLFD.TA,2760.442759,2
16/03/2025,WLFD.TA,2783.057107,3
17/03/2025,WLFD.TA,2783.403473,4
18/03/2025,WLFD.TA,2793.074211,5
19/03/2025,WLFD.TA,2855.671861,6
20/03/2025,WLFD.TA,2831.001208,7
21/03/2025,WLFD.TA,2823.138208,8
22/03/2025,WLFD.TA,2751.565152,9
23/03/2025,WLFD.TA,2761.158016,10
24/03/2025,WLFD.TA,2761.501657,11
25/03/2025,WLFD.TA,2752.880308,12
26/03/2025,WLFD.TA,2717.650806,13
27/03/2025,WLFD.TA,2707.666613,14
28/03/2025,WLFD.TA,2639.021028,15
29/03/2025,WLFD.TA,2629.325708,16
30/03/2025,WLFD.TA,2634.69085,17
31/03/2025,WLFD.TA,2627.986799,18
01/04/2025,WLFD.TA,2650.276322,19
02/04/2025,WLFD.TA,2627.478709,20
03/04/2025,WLFD.TA,2659.830567,21
04/04/2025,WLFD.TA,2638.207796,22
05/04/2025,WLFD.TA,2796.832724,23
06/04/2025,WLFD.TA,2805.966257,24
07/04/2025,WLFD.TA,2829.08378,25
08/04/2025,WLFD.TA,2821.226104,26
09/04/2025,WLFD.TA,2825.926173,27
10/04/2025,WLFD.TA,2889.260092,28
11/04/2025,WLFD.TA,2864.299266,29
12/04/2025,WLFD.TA,2886.053528,30
14/03/2025,WILC.TA,6082.21641,1
15/03/2025,WILC.TA,6099.657168,2
16/03/2025,WILC.TA,6061.955148,3
17/03/2025,WILC.TA,6153.265477,4
18/03/2025,WILC.TA,6118.983007,5
19/03/2025,WILC.TA,6104.248412,6
20/03/2025,WILC.TA,6092.112886,7
21/03/2025,WILC.TA,5997.673699,8
22/03/2025,WILC.TA,5881.992423,9
23/03/2025,WILC.TA,5904.18463,10
24/03/2025,WILC.TA,5908.18582,11
25/03/2025,WILC.TA,5934.606798,12
26/03/2025,WILC.TA,6615.983188,13
27/03/2025,WILC.TA,6514.11356,14
28/03/2025,WILC.TA,6413.132569,15
29/03/2025,WILC.TA,6323.07155,16
30/03/2025,WILC.TA,6462.907601,17
31/03/2025,WILC.TA,6362.720399,18
01/04/2025,WILC.TA,6239.998215,19
02/04/2025,WILC.TA,6262.261928,20
03/04/2025,WILC.TA,6400.326534,21
04/04/2025,WILC.TA,6359.829366,22
05/04/2025,WILC.TA,6216.489369,23
06/04/2025,WILC.TA,6167.340856,24
07/04/2025,WILC.TA,6152.489815,25
08/04/2025,WILC.TA,6134.911748,26
09/04/2025,WILC.TA,6299.735732,27
10/04/2025,WILC.TA,6183.762614,28
11/04/2025,WILC.TA,6219.594175,29
12/04/2025,WILC.TA,6206.034302,30
14/03/2025,WNBZ.TA,24.07794111,1
15/03/2025,WNBZ.TA,25.56895604,2
16/03/2025,WNBZ.TA,68.40679851,3
17/03/2025,WNBZ.TA,67.86831475,4
18/03/2025,WNBZ.TA,61.28170413,5
19/03/2025,WNBZ.TA,61.19559053,6
20/03/2025,WNBZ.TA,61.73671337,7
21/03/2025,WNBZ.TA,63.69225643,8
22/03/2025,WNBZ.TA,70.95184711,9
23/03/2025,WNBZ.TA,66.77724827,10
24/03/2025,WNBZ.TA,66.45142904,11
25/03/2025,WNBZ.TA,66.15279085,12
26/03/2025,WNBZ.TA,62.33444557,13
27/03/2025,WNBZ.TA,61.77707127,14
28/03/2025,WNBZ.TA,61.70575102,15
29/03/2025,WNBZ.TA,58.27654202,16
30/03/2025,WNBZ.TA,53.86739563,17
31/03/2025,WNBZ.TA,50.94387628,18
01/04/2025,WNBZ.TA,50.790792,19
02/04/2025,WNBZ.TA,50.86542582,20
03/04/2025,WNBZ.TA,50.90719016,21
04/04/2025,WNBZ.TA,49.81208533,22
05/04/2025,WNBZ.TA,53.11623368,23
06/04/2025,WNBZ.TA,52.64128563,24
07/04/2025,WNBZ.TA,52.6015551,25
08/04/2025,WNBZ.TA,54.46600815,26
09/04/2025,WNBZ.TA,53.89723879,27
10/04/2025,WNBZ.TA,54.15166124,28
11/04/2025,WNBZ.TA,55.86694376,29
12/04/2025,WNBZ.TA,60.1152485,30
14/03/2025,XTLB.TA,4.41047464,1
15/03/2025,XTLB.TA,4.23912267,2
16/03/2025,XTLB.TA,4.00654826,3
17/03/2025,XTLB.TA,4.08468046,4
18/03/2025,XTLB.TA,4.23003937,5
19/03/2025,XTLB.TA,4.20844939,6
20/03/2025,XTLB.TA,4.00125439,7
21/03/2025,XTLB.TA,4.00230286,8
22/03/2025,XTLB.TA,4.03226974,9
23/03/2025,XTLB.TA,4.17316383,10
24/03/2025,XTLB.TA,4.30160733,11
25/03/2025,XTLB.TA,4.40336451,12
26/03/2025,XTLB.TA,4.11456449,13
27/03/2025,XTLB.TA,4.08477149,14
28/03/2025,XTLB.TA,4.35698499,15
29/03/2025,XTLB.TA,4.39525714,16
30/03/2025,XTLB.TA,4.38105756,17
31/03/2025,XTLB.TA,4.53413886,18
01/04/2025,XTLB.TA,4.54412985,19
02/04/2025,XTLB.TA,4.34063614,20
03/04/2025,XTLB.TA,4.53150358,21
04/04/2025,XTLB.TA,4.56129784,22
05/04/2025,XTLB.TA,4.5282701,23
06/04/2025,XTLB.TA,4.42461409,24
07/04/2025,XTLB.TA,4.4048901,25
08/04/2025,XTLB.TA,4.45494139,26
09/04/2025,XTLB.TA,4.17856503,27
10/04/2025,XTLB.TA,3.67491973,28
11/04/2025,XTLB.TA,3.67104287,29
12/04/2025,XTLB.TA,3.51403937,30
14/03/2025,YBRD.TA,552.0573839,1
15/03/2025,YBRD.TA,527.9072205,2
16/03/2025,YBRD.TA,512.217242,3
17/03/2025,YBRD.TA,365.095223,4
18/03/2025,YBRD.TA,374.8953042,5
19/03/2025,YBRD.TA,267.2156918,6
20/03/2025,YBRD.TA,294.9929315,7
21/03/2025,YBRD.TA,-2.90911652,8
22/03/2025,YBRD.TA,-3.63933552,9
23/03/2025,YBRD.TA,-0.60112247,10
24/03/2025,YBRD.TA,-0.64715068,11
25/03/2025,YBRD.TA,-0.5878091,12
26/03/2025,YBRD.TA,-0.0970906,13
27/03/2025,YBRD.TA,-0.1501842,14
28/03/2025,YBRD.TA,-0.14361428,15
29/03/2025,YBRD.TA,-0.16541791,16
30/03/2025,YBRD.TA,-0.23407689,17
31/03/2025,YBRD.TA,-0.25764511,18
01/04/2025,YBRD.TA,-0.27160057,19
02/04/2025,YBRD.TA,-0.25557781,20
03/04/2025,YBRD.TA,-0.25277868,21
04/04/2025,YBRD.TA,-0.25202584,22
05/04/2025,YBRD.TA,-0.25064263,23
06/04/2025,YBRD.TA,-0.23464166,24
07/04/2025,YBRD.TA,-0.23473782,25
08/04/2025,YBRD.TA,-0.21875653,26
09/04/2025,YBRD.TA,-0.22621873,27
10/04/2025,YBRD.TA,-0.23483627,28
11/04/2025,YBRD.TA,-0.27048929,29
12/04/2025,YBRD.TA,-0.27809766,30
14/03/2025,YAAC.TA,4.37783159,1
15/03/2025,YAAC.TA,4.01380816,2
16/03/2025,YAAC.TA,4.06019898,3
17/03/2025,YAAC.TA,2.83235145,4
18/03/2025,YAAC.TA,2.82967123,5
19/03/2025,YAAC.TA,2.85710577,6
20/03/2025,YAAC.TA,2.85472091,7
21/03/2025,YAAC.TA,2.87347169,8
22/03/2025,YAAC.TA,7.47124088,9
23/03/2025,YAAC.TA,7.49577656,10
24/03/2025,YAAC.TA,6.38804756,11
25/03/2025,YAAC.TA,6.7191168,12
26/03/2025,YAAC.TA,7.43784982,13
27/03/2025,YAAC.TA,7.80047088,14
28/03/2025,YAAC.TA,6.64771402,15
29/03/2025,YAAC.TA,6.55473468,16
30/03/2025,YAAC.TA,6.67766342,17
31/03/2025,YAAC.TA,4.65826669,18
01/04/2025,YAAC.TA,4.49450905,19
02/04/2025,YAAC.TA,4.55948463,20
03/04/2025,YAAC.TA,4.53884622,21
04/04/2025,YAAC.TA,3.16625065,22
05/04/2025,YAAC.TA,3.15191869,23
06/04/2025,YAAC.TA,8.19522384,24
07/04/2025,YAAC.TA,8.48056249,25
08/04/2025,YAAC.TA,10.6123642,26
09/04/2025,YAAC.TA,11.07685277,27
10/04/2025,YAAC.TA,10.7187934,28
11/04/2025,YAAC.TA,11.24137187,29
12/04/2025,YAAC.TA,11.21336499,30
14/03/2025,YBOX.TA,130.8498267,1
15/03/2025,YBOX.TA,132.3793897,2
16/03/2025,YBOX.TA,136.8324171,3
17/03/2025,YBOX.TA,139.9663308,4
18/03/2025,YBOX.TA,137.934169,5
19/03/2025,YBOX.TA,141.37734,6
20/03/2025,YBOX.TA,137.9815758,7
21/03/2025,YBOX.TA,143.0448614,8
22/03/2025,YBOX.TA,137.1094914,9
23/03/2025,YBOX.TA,137.7709204,10
24/03/2025,YBOX.TA,139.0488611,11
25/03/2025,YBOX.TA,135.4789914,12
26/03/2025,YBOX.TA,134.5237249,13
27/03/2025,YBOX.TA,135.9433041,14
28/03/2025,YBOX.TA,135.2592497,15
29/03/2025,YBOX.TA,138.6356482,16
30/03/2025,YBOX.TA,136.7691131,17
31/03/2025,YBOX.TA,141.6802799,18
01/04/2025,YBOX.TA,146.0236545,19
02/04/2025,YBOX.TA,145.2134792,20
03/04/2025,YBOX.TA,146.5650839,21
04/04/2025,YBOX.TA,150.2688269,22
05/04/2025,YBOX.TA,150.9937377,23
06/04/2025,YBOX.TA,148.9608182,24
07/04/2025,YBOX.TA,152.8457009,25
08/04/2025,YBOX.TA,151.261838,26
09/04/2025,YBOX.TA,146.7790142,27
10/04/2025,YBOX.TA,157.3532692,28
11/04/2025,YBOX.TA,158.2678876,29
12/04/2025,YBOX.TA,154.6857957,30
14/03/2025,YHNF.TA,24540.20343,1
15/03/2025,YHNF.TA,24796.22877,2
16/03/2025,YHNF.TA,24568.43493,3
17/03/2025,YHNF.TA,23844.95772,4
18/03/2025,YHNF.TA,23223.142,5
19/03/2025,YHNF.TA,23573.76003,6
20/03/2025,YHNF.TA,23997.02342,7
21/03/2025,YHNF.TA,24045.42836,8
22/03/2025,YHNF.TA,23788.2664,9
23/03/2025,YHNF.TA,23919.00423,10
24/03/2025,YHNF.TA,23892.82787,11
25/03/2025,YHNF.TA,23327.07906,12
26/03/2025,YHNF.TA,22971.93891,13
27/03/2025,YHNF.TA,22004.99707,14
28/03/2025,YHNF.TA,22336.92217,15
29/03/2025,YHNF.TA,22246.24684,16
30/03/2025,YHNF.TA,22175.89299,17
31/03/2025,YHNF.TA,22392.78837,18
01/04/2025,YHNF.TA,21888.16977,19
02/04/2025,YHNF.TA,22267.0539,20
03/04/2025,YHNF.TA,22206.44565,21
04/04/2025,YHNF.TA,22227.605,22
05/04/2025,YHNF.TA,22572.70929,23
06/04/2025,YHNF.TA,22505.53579,24
07/04/2025,YHNF.TA,22500.67321,25
08/04/2025,YHNF.TA,22742.3752,26
09/04/2025,YHNF.TA,22918.45419,27
10/04/2025,YHNF.TA,22652.87129,28
11/04/2025,YHNF.TA,22842.65412,29
12/04/2025,YHNF.TA,23242.9386,30
14/03/2025,ZNKL.TA,3959.773372,1
15/03/2025,ZNKL.TA,3962.368251,2
16/03/2025,ZNKL.TA,3949.577738,3
17/03/2025,ZNKL.TA,3945.867599,4
18/03/2025,ZNKL.TA,3905.217884,5
19/03/2025,ZNKL.TA,3878.081107,6
20/03/2025,ZNKL.TA,3856.041429,7
21/03/2025,ZNKL.TA,3865.594524,8
22/03/2025,ZNKL.TA,3899.728475,9
23/03/2025,ZNKL.TA,3898.020667,10
24/03/2025,ZNKL.TA,3887.535126,11
25/03/2025,ZNKL.TA,3868.891191,12
26/03/2025,ZNKL.TA,3857.933762,13
27/03/2025,ZNKL.TA,3803.991867,14
28/03/2025,ZNKL.TA,3802.325985,15
29/03/2025,ZNKL.TA,3809.083279,16
30/03/2025,ZNKL.TA,3880.263541,17
31/03/2025,ZNKL.TA,3887.159342,18
01/04/2025,ZNKL.TA,3954.427527,19
02/04/2025,ZNKL.TA,3913.689629,20
03/04/2025,ZNKL.TA,3906.277419,21
04/04/2025,ZNKL.TA,3907.757694,22
05/04/2025,ZNKL.TA,3899.340438,23
06/04/2025,ZNKL.TA,3819.758806,24
07/04/2025,ZNKL.TA,3807.428636,25
08/04/2025,ZNKL.TA,3778.009388,26
09/04/2025,ZNKL.TA,3788.226131,27
10/04/2025,ZNKL.TA,3717.016984,28
11/04/2025,ZNKL.TA,3665.045398,29
12/04/2025,ZNKL.TA,3664.09477,30
14/03/2025,ZPRS.TA,1418.447993,1
15/03/2025,ZPRS.TA,1447.358751,2
16/03/2025,ZPRS.TA,1425.28431,3
17/03/2025,ZPRS.TA,1481.831276,4
18/03/2025,ZPRS.TA,1481.860217,5
19/03/2025,ZPRS.TA,1469.987806,6
20/03/2025,ZPRS.TA,1461.318934,7
21/03/2025,ZPRS.TA,1463.072404,8
22/03/2025,ZPRS.TA,1460.582327,9
23/03/2025,ZPRS.TA,1429.237466,10
24/03/2025,ZPRS.TA,1392.610586,11
25/03/2025,ZPRS.TA,1388.56437,12
26/03/2025,ZPRS.TA,1369.909111,13
27/03/2025,ZPRS.TA,1334.80263,14
28/03/2025,ZPRS.TA,1369.547565,15
29/03/2025,ZPRS.TA,1376.351114,16
30/03/2025,ZPRS.TA,1368.23444,17
31/03/2025,ZPRS.TA,1368.063891,18
01/04/2025,ZPRS.TA,1378.546334,19
02/04/2025,ZPRS.TA,1384.5376,20
03/04/2025,ZPRS.TA,1365.93644,21
04/04/2025,ZPRS.TA,1365.766177,22
05/04/2025,ZPRS.TA,1367.404991,23
06/04/2025,ZPRS.TA,1374.197896,24
07/04/2025,ZPRS.TA,1405.982463,25
08/04/2025,ZPRS.TA,1431.491676,26
09/04/2025,ZPRS.TA,1449.43492,27
10/04/2025,ZPRS.TA,1428.95871,28
11/04/2025,ZPRS.TA,1409.760755,29
12/04/2025,ZPRS.TA,1394.724244,30
14/03/2025,ZMH.TA,3683.177465,1
15/03/2025,ZMH.TA,3684.39535,2
16/03/2025,ZMH.TA,3596.553034,3
17/03/2025,ZMH.TA,3624.358755,4
18/03/2025,ZMH.TA,3597.922176,5
19/03/2025,ZMH.TA,3595.974374,6
20/03/2025,ZMH.TA,3498.732448,7
21/03/2025,ZMH.TA,3485.559465,8
22/03/2025,ZMH.TA,3490.14765,9
23/03/2025,ZMH.TA,3509.533234,10
24/03/2025,ZMH.TA,3552.921072,11
25/03/2025,ZMH.TA,3557.597927,12
26/03/2025,ZMH.TA,3578.459426,13
27/03/2025,ZMH.TA,3619.125282,14
28/03/2025,ZMH.TA,3582.785573,15
29/03/2025,ZMH.TA,3514.21966,16
30/03/2025,ZMH.TA,3501.344416,17
31/03/2025,ZMH.TA,3509.385189,18
01/04/2025,ZMH.TA,3496.527657,19
02/04/2025,ZMH.TA,3504.704753,20
03/04/2025,ZMH.TA,3525.25609,21
04/04/2025,ZMH.TA,3533.351776,22
05/04/2025,ZMH.TA,3731.539079,23
06/04/2025,ZMH.TA,3738.346321,24
07/04/2025,ZMH.TA,3751.001096,25
08/04/2025,ZMH.TA,3784.772356,26
09/04/2025,ZMH.TA,3819.547835,27
10/04/2025,ZMH.TA,3717.117856,28
11/04/2025,ZMH.TA,3657.358584,29
12/04/2025,ZMH.TA,3628.834849,30
14/03/2025,ZOOZ.TA,670.0095322,1
15/03/2025,ZOOZ.TA,667.485704,2
16/03/2025,ZOOZ.TA,662.5613578,3
17/03/2025,ZOOZ.TA,657.4544389,4
18/03/2025,ZOOZ.TA,633.196223,5
19/03/2025,ZOOZ.TA,633.5054606,6
20/03/2025,ZOOZ.TA,623.5224769,7
21/03/2025,ZOOZ.TA,611.5126411,8
22/03/2025,ZOOZ.TA,612.8570708,9
23/03/2025,ZOOZ.TA,608.8325638,10
24/03/2025,ZOOZ.TA,597.6832068,11
25/03/2025,ZOOZ.TA,608.0073064,12
26/03/2025,ZOOZ.TA,600.0908592,13
27/03/2025,ZOOZ.TA,591.1993267,14
28/03/2025,ZOOZ.TA,578.468076,15
29/03/2025,ZOOZ.TA,572.9152391,16
30/03/2025,ZOOZ.TA,524.9542252,17
31/03/2025,ZOOZ.TA,505.0788458,18
01/04/2025,ZOOZ.TA,497.2073929,19
02/04/2025,ZOOZ.TA,530.3598277,20
03/04/2025,ZOOZ.TA,530.5690363,21
04/04/2025,ZOOZ.TA,530.3057585,22
05/04/2025,ZOOZ.TA,524.9698999,23
06/04/2025,ZOOZ.TA,493.0928157,24
07/04/2025,ZOOZ.TA,499.0939496,25
08/04/2025,ZOOZ.TA,521.8518635,26
09/04/2025,ZOOZ.TA,518.9976752,27
10/04/2025,ZOOZ.TA,500.7221437,28
11/04/2025,ZOOZ.TA,490.3812494,29
12/04/2025,ZOOZ.TA,494.3059146,30
14/03/2025,ZUR.TA,951.1354117,1
15/03/2025,ZUR.TA,957.2360567,2
16/03/2025,ZUR.TA,963.7646891,3
17/03/2025,ZUR.TA,961.1273942,4
18/03/2025,ZUR.TA,959.1752209,5
19/03/2025,ZUR.TA,956.05949,6
20/03/2025,ZUR.TA,942.2803425,7
21/03/2025,ZUR.TA,937.8443453,8
22/03/2025,ZUR.TA,943.6184754,9
23/03/2025,ZUR.TA,941.9398844,10
24/03/2025,ZUR.TA,944.964347,11
25/03/2025,ZUR.TA,946.9263255,12
26/03/2025,ZUR.TA,954.3091664,13
27/03/2025,ZUR.TA,962.4238054,14
28/03/2025,ZUR.TA,960.4349237,15
29/03/2025,ZUR.TA,958.6816736,16
30/03/2025,ZUR.TA,961.1395171,17
31/03/2025,ZUR.TA,960.9826638,18
01/04/2025,ZUR.TA,962.6828797,19
02/04/2025,ZUR.TA,960.9703752,20
03/04/2025,ZUR.TA,960.479541,21
04/04/2025,ZUR.TA,968.2460255,22
05/04/2025,ZUR.TA,979.6359124,23
06/04/2025,ZUR.TA,987.7537087,24
07/04/2025,ZUR.TA,985.7474539,25
08/04/2025,ZUR.TA,983.7103731,26
09/04/2025,ZUR.TA,985.4507999,27
10/04/2025,ZUR.TA,972.1285554,28
11/04/2025,ZUR.TA,967.1761336,29
12/04/2025,ZUR.TA,965.4556361,30
