Date,Ticker,Forecast,Days_Ahead
2024-12-31,ABRA.TA,[299.71454],1
2025-01-01,ABRA.TA,[308.21317],2
2025-01-02,ABRA.TA,[300.24103],3
2025-01-03,ABRA.TA,[306.38675],4
2025-01-04,ABRA.TA,[301.81934],5
2025-01-05,ABRA.TA,[281.6457],6
2025-01-06,ABRA.TA,[298.0527],7
2025-01-07,ABRA.TA,[296.79846],8
2025-01-08,ABRA.TA,[304.03903],9
2025-01-09,ABRA.TA,[311.4947],10
2025-01-10,ABRA.TA,[306.30075],11
2025-01-11,ABRA.TA,[316.87408],12
2025-01-12,ABRA.TA,[303.08618],13
2025-01-13,ABRA.TA,[307.42526],14
2025-01-14,ABRA.TA,[306.37674],15
2025-01-15,ABRA.TA,[316.0809],16
2025-01-16,ABRA.TA,[326.00308],17
2025-01-17,ABRA.TA,[343.85144],18
2025-01-18,ABRA.TA,[343.97043],19
2025-01-19,ABRA.TA,[345.89417],20
2025-01-20,ABRA.TA,[334.25647],21
2025-01-21,ABRA.TA,[333.97592],22
2025-01-22,ABRA.TA,[335.50693],23
2025-01-23,ABRA.TA,[354.5682],24
2025-01-24,ABRA.TA,[362.3391],25
2025-01-25,ABRA.TA,[349.11334],26
2025-01-26,ABRA.TA,[352.00143],27
2025-01-27,ABRA.TA,[357.74075],28
2025-01-28,ABRA.TA,[363.85974],29
2025-01-29,ABRA.TA,[369.93787],30
2024-12-31,ACCL.TA,[135.29834],1
2025-01-01,ACCL.TA,[133.0434],2
2025-01-02,ACCL.TA,[139.36674],3
2025-01-03,ACCL.TA,[137.75438],4
2025-01-04,ACCL.TA,[140.43423],5
2025-01-05,ACCL.TA,[134.6364],6
2025-01-06,ACCL.TA,[134.03876],7
2025-01-07,ACCL.TA,[131.33044],8
2025-01-08,ACCL.TA,[127.34669],9
2025-01-09,ACCL.TA,[129.78587],10
2025-01-10,ACCL.TA,[130.55663],11
2025-01-11,ACCL.TA,[128.01677],12
2025-01-12,ACCL.TA,[128.71394],13
2025-01-13,ACCL.TA,[126.652306],14
2025-01-14,ACCL.TA,[126.594215],15
2025-01-15,ACCL.TA,[126.80481],16
2025-01-16,ACCL.TA,[126.70696],17
2025-01-17,ACCL.TA,[126.76354],18
2025-01-18,ACCL.TA,[125.17094],19
2025-01-19,ACCL.TA,[126.29696],20
2025-01-20,ACCL.TA,[125.93619],21
2025-01-21,ACCL.TA,[126.75602],22
2025-01-22,ACCL.TA,[126.33825],23
2025-01-23,ACCL.TA,[125.793655],24
2025-01-24,ACCL.TA,[125.4942],25
2025-01-25,ACCL.TA,[122.979836],26
2025-01-26,ACCL.TA,[122.69448],27
2025-01-27,ACCL.TA,[124.48828],28
2025-01-28,ACCL.TA,[125.986145],29
2025-01-29,ACCL.TA,[129.4552],30
2024-12-31,ACKR.TA,[734.6289],1
2025-01-01,ACKR.TA,[729.2846],2
2025-01-02,ACKR.TA,[716.0243],3
2025-01-03,ACKR.TA,[708.1387],4
2025-01-04,ACKR.TA,[710.7311],5
2025-01-05,ACKR.TA,[713.3464],6
2025-01-06,ACKR.TA,[706.6059],7
2025-01-07,ACKR.TA,[699.8106],8
2025-01-08,ACKR.TA,[702.8002],9
2025-01-09,ACKR.TA,[680.63184],10
2025-01-10,ACKR.TA,[708.9974],11
2025-01-11,ACKR.TA,[706.70087],12
2025-01-12,ACKR.TA,[692.4016],13
2025-01-13,ACKR.TA,[687.12225],14
2025-01-14,ACKR.TA,[690.0505],15
2025-01-15,ACKR.TA,[681.9491],16
2025-01-16,ACKR.TA,[678.7549],17
2025-01-17,ACKR.TA,[688.2871],18
2025-01-18,ACKR.TA,[680.4861],19
2025-01-19,ACKR.TA,[681.10266],20
2025-01-20,ACKR.TA,[665.3437],21
2025-01-21,ACKR.TA,[658.5737],22
2025-01-22,ACKR.TA,[679.2107],23
2025-01-23,ACKR.TA,[694.3511],24
2025-01-24,ACKR.TA,[695.17633],25
2025-01-25,ACKR.TA,[688.518],26
2025-01-26,ACKR.TA,[669.3616],27
2025-01-27,ACKR.TA,[657.4629],28
2025-01-28,ACKR.TA,[649.7896],29
2025-01-29,ACKR.TA,[661.1592],30
2024-12-31,ACRO.TA,[5659.4424],1
2025-01-01,ACRO.TA,[5942.2085],2
2025-01-02,ACRO.TA,[5997.8926],3
2025-01-03,ACRO.TA,[5975.9634],4
2025-01-04,ACRO.TA,[6230.1377],5
2025-01-05,ACRO.TA,[6131.8887],6
2025-01-06,ACRO.TA,[6249.0205],7
2025-01-07,ACRO.TA,[6461.548],8
2025-01-08,ACRO.TA,[6496.9404],9
2025-01-09,ACRO.TA,[6422.7134],10
2025-01-10,ACRO.TA,[6448.2744],11
2025-01-11,ACRO.TA,[6677.7896],12
2025-01-12,ACRO.TA,[6908.353],13
2025-01-13,ACRO.TA,[7099.337],14
2025-01-14,ACRO.TA,[7118.8525],15
2025-01-15,ACRO.TA,[7148.8237],16
2025-01-16,ACRO.TA,[7314.8403],17
2025-01-17,ACRO.TA,[7812.1],18
2025-01-18,ACRO.TA,[7693.882],19
2025-01-19,ACRO.TA,[7747.7544],20
2025-01-20,ACRO.TA,[7813.613],21
2025-01-21,ACRO.TA,[7732.714],22
2025-01-22,ACRO.TA,[7974.867],23
2025-01-23,ACRO.TA,[7987.1426],24
2025-01-24,ACRO.TA,[8132.4307],25
2025-01-25,ACRO.TA,[8168.4023],26
2025-01-26,ACRO.TA,[7986.1147],27
2025-01-27,ACRO.TA,[8104.0034],28
2025-01-28,ACRO.TA,[7885.098],29
2025-01-29,ACRO.TA,[7862.9927],30
2024-12-31,ADGR.TA,[582.21075],1
2025-01-01,ADGR.TA,[574.9099],2
2025-01-02,ADGR.TA,[574.6255],3
2025-01-03,ADGR.TA,[592.92786],4
2025-01-04,ADGR.TA,[595.8339],5
2025-01-05,ADGR.TA,[605.1151],6
2025-01-06,ADGR.TA,[623.3126],7
2025-01-07,ADGR.TA,[613.41785],8
2025-01-08,ADGR.TA,[608.008],9
2025-01-09,ADGR.TA,[611.7347],10
2025-01-10,ADGR.TA,[611.7912],11
2025-01-11,ADGR.TA,[611.6767],12
2025-01-12,ADGR.TA,[607.81335],13
2025-01-13,ADGR.TA,[594.6824],14
2025-01-14,ADGR.TA,[599.45874],15
2025-01-15,ADGR.TA,[621.5984],16
2025-01-16,ADGR.TA,[623.67255],17
2025-01-17,ADGR.TA,[636.472],18
2025-01-18,ADGR.TA,[641.85065],19
2025-01-19,ADGR.TA,[632.6089],20
2025-01-20,ADGR.TA,[654.34204],21
2025-01-21,ADGR.TA,[653.1552],22
2025-01-22,ADGR.TA,[666.9923],23
2025-01-23,ADGR.TA,[686.0645],24
2025-01-24,ADGR.TA,[698.2821],25
2025-01-25,ADGR.TA,[702.4123],26
2025-01-26,ADGR.TA,[716.99817],27
2025-01-27,ADGR.TA,[722.21686],28
2025-01-28,ADGR.TA,[723.2418],29
2025-01-29,ADGR.TA,[748.5247],30
2024-12-31,ARDM.TA,[57.518444],1
2025-01-01,ARDM.TA,[58.442154],2
2025-01-02,ARDM.TA,[58.053432],3
2025-01-03,ARDM.TA,[57.457058],4
2025-01-04,ARDM.TA,[65.90761],5
2025-01-05,ARDM.TA,[59.298687],6
2025-01-06,ARDM.TA,[57.716454],7
2025-01-07,ARDM.TA,[65.34611],8
2025-01-08,ARDM.TA,[65.319214],9
2025-01-09,ARDM.TA,[60.616756],10
2025-01-10,ARDM.TA,[72.25909],11
2025-01-11,ARDM.TA,[66.05656],12
2025-01-12,ARDM.TA,[70.66696],13
2025-01-13,ARDM.TA,[71.9826],14
2025-01-14,ARDM.TA,[70.83239],15
2025-01-15,ARDM.TA,[66.39244],16
2025-01-16,ARDM.TA,[65.61625],17
2025-01-17,ARDM.TA,[66.535805],18
2025-01-18,ARDM.TA,[62.823647],19
2025-01-19,ARDM.TA,[61.44507],20
2025-01-20,ARDM.TA,[64.96186],21
2025-01-21,ARDM.TA,[72.76699],22
2025-01-22,ARDM.TA,[76.202095],23
2025-01-23,ARDM.TA,[69.110016],24
2025-01-24,ARDM.TA,[56.528797],25
2025-01-25,ARDM.TA,[59.810802],26
2025-01-26,ARDM.TA,[58.483616],27
2025-01-27,ARDM.TA,[53.556038],28
2025-01-28,ARDM.TA,[52.949512],29
2025-01-29,ARDM.TA,[47.688885],30
2024-12-31,AFHL.TA,[15488.905],1
2025-01-01,AFHL.TA,[15651.124],2
2025-01-02,AFHL.TA,[15698.205],3
2025-01-03,AFHL.TA,[15650.379],4
2025-01-04,AFHL.TA,[16174.873],5
2025-01-05,AFHL.TA,[16442.156],6
2025-01-06,AFHL.TA,[16159.733],7
2025-01-07,AFHL.TA,[16105.135],8
2025-01-08,AFHL.TA,[15722.302],9
2025-01-09,AFHL.TA,[15610.21],10
2025-01-10,AFHL.TA,[15598.151],11
2025-01-11,AFHL.TA,[16316.215],12
2025-01-12,AFHL.TA,[16700.707],13
2025-01-13,AFHL.TA,[16652.055],14
2025-01-14,AFHL.TA,[16236.524],15
2025-01-15,AFHL.TA,[16264.878],16
2025-01-16,AFHL.TA,[16285.079],17
2025-01-17,AFHL.TA,[16097.343],18
2025-01-18,AFHL.TA,[16663.479],19
2025-01-19,AFHL.TA,[16203.345],20
2025-01-20,AFHL.TA,[15663.91],21
2025-01-21,AFHL.TA,[15527.165],22
2025-01-22,AFHL.TA,[15476.982],23
2025-01-23,AFHL.TA,[15178.801],24
2025-01-24,AFHL.TA,[15354.612],25
2025-01-25,AFHL.TA,[15143.204],26
2025-01-26,AFHL.TA,[15316.031],27
2025-01-27,AFHL.TA,[15642.852],28
2025-01-28,AFHL.TA,[16471.81],29
2025-01-29,AFHL.TA,[16934.168],30
2024-12-31,AFPR.TA,[16537.03],1
2025-01-01,AFPR.TA,[16723.824],2
2025-01-02,AFPR.TA,[16965.654],3
2025-01-03,AFPR.TA,[16848.76],4
2025-01-04,AFPR.TA,[16977.182],5
2025-01-05,AFPR.TA,[17021.508],6
2025-01-06,AFPR.TA,[16522.46],7
2025-01-07,AFPR.TA,[16430.54],8
2025-01-08,AFPR.TA,[16068.377],9
2025-01-09,AFPR.TA,[16264.3],10
2025-01-10,AFPR.TA,[16875.912],11
2025-01-11,AFPR.TA,[16708.443],12
2025-01-12,AFPR.TA,[16612.766],13
2025-01-13,AFPR.TA,[16215.043],14
2025-01-14,AFPR.TA,[16550.367],15
2025-01-15,AFPR.TA,[16911.912],16
2025-01-16,AFPR.TA,[16983.44],17
2025-01-17,AFPR.TA,[17297.494],18
2025-01-18,AFPR.TA,[17203.602],19
2025-01-19,AFPR.TA,[17310.361],20
2025-01-20,AFPR.TA,[17310.455],21
2025-01-21,AFPR.TA,[17400.8],22
2025-01-22,AFPR.TA,[17649.414],23
2025-01-23,AFPR.TA,[17825.32],24
2025-01-24,AFPR.TA,[17738.004],25
2025-01-25,AFPR.TA,[17793.611],26
2025-01-26,AFPR.TA,[18107.295],27
2025-01-27,AFPR.TA,[18709.441],28
2025-01-28,AFPR.TA,[18716.906],29
2025-01-29,AFPR.TA,[18624.377],30
2024-12-31,AFRE.TA,[26129.209],1
2025-01-01,AFRE.TA,[25053.46],2
2025-01-02,AFRE.TA,[25805.008],3
2025-01-03,AFRE.TA,[26185.887],4
2025-01-04,AFRE.TA,[25890.379],5
2025-01-05,AFRE.TA,[26030.541],6
2025-01-06,AFRE.TA,[25510.066],7
2025-01-07,AFRE.TA,[25763.771],8
2025-01-08,AFRE.TA,[26274.38],9
2025-01-09,AFRE.TA,[27233.291],10
2025-01-10,AFRE.TA,[27223.504],11
2025-01-11,AFRE.TA,[26696.646],12
2025-01-12,AFRE.TA,[27193.44],13
2025-01-13,AFRE.TA,[26643.54],14
2025-01-14,AFRE.TA,[25937.63],15
2025-01-15,AFRE.TA,[25914.188],16
2025-01-16,AFRE.TA,[26798.248],17
2025-01-17,AFRE.TA,[26595.824],18
2025-01-18,AFRE.TA,[27069.156],19
2025-01-19,AFRE.TA,[27981.826],20
2025-01-20,AFRE.TA,[28117.322],21
2025-01-21,AFRE.TA,[28224.049],22
2025-01-22,AFRE.TA,[28367.723],23
2025-01-23,AFRE.TA,[28367.773],24
2025-01-24,AFRE.TA,[28306.729],25
2025-01-25,AFRE.TA,[28250.598],26
2025-01-26,AFRE.TA,[27837.572],27
2025-01-27,AFRE.TA,[27324.943],28
2025-01-28,AFRE.TA,[26731.816],29
2025-01-29,AFRE.TA,[26002.312],30
2024-12-31,ARPT.TA,[6025.2734],1
2025-01-01,ARPT.TA,[6086.2783],2
2025-01-02,ARPT.TA,[6153.02],3
2025-01-03,ARPT.TA,[6149.7607],4
2025-01-04,ARPT.TA,[6232.3276],5
2025-01-05,ARPT.TA,[6340.043],6
2025-01-06,ARPT.TA,[6311.9795],7
2025-01-07,ARPT.TA,[6283.6567],8
2025-01-08,ARPT.TA,[6233.234],9
2025-01-09,ARPT.TA,[6283.586],10
2025-01-10,ARPT.TA,[6198.5317],11
2025-01-11,ARPT.TA,[6322.9443],12
2025-01-12,ARPT.TA,[6382.3667],13
2025-01-13,ARPT.TA,[6556.171],14
2025-01-14,ARPT.TA,[6462.413],15
2025-01-15,ARPT.TA,[6628.0947],16
2025-01-16,ARPT.TA,[6761.346],17
2025-01-17,ARPT.TA,[6763.796],18
2025-01-18,ARPT.TA,[6399.2754],19
2025-01-19,ARPT.TA,[6412.1357],20
2025-01-20,ARPT.TA,[6373.349],21
2025-01-21,ARPT.TA,[6523.6626],22
2025-01-22,ARPT.TA,[6781.8086],23
2025-01-23,ARPT.TA,[6683.9375],24
2025-01-24,ARPT.TA,[6907.5967],25
2025-01-25,ARPT.TA,[6964.543],26
2025-01-26,ARPT.TA,[7017.433],27
2025-01-27,ARPT.TA,[7141.183],28
2025-01-28,ARPT.TA,[7252.8145],29
2025-01-29,ARPT.TA,[7186.013],30
2024-12-31,ARTS.TA,[42.962418],1
2025-01-01,ARTS.TA,[41.080357],2
2025-01-02,ARTS.TA,[35.33879],3
2025-01-03,ARTS.TA,[43.625916],4
2025-01-04,ARTS.TA,[40.79624],5
2025-01-05,ARTS.TA,[51.615353],6
2025-01-06,ARTS.TA,[61.992172],7
2025-01-07,ARTS.TA,[74.91967],8
2025-01-08,ARTS.TA,[79.3406],9
2025-01-09,ARTS.TA,[67.64135],10
2025-01-10,ARTS.TA,[69.49899],11
2025-01-11,ARTS.TA,[76.17635],12
2025-01-12,ARTS.TA,[82.483],13
2025-01-13,ARTS.TA,[77.710625],14
2025-01-14,ARTS.TA,[81.03598],15
2025-01-15,ARTS.TA,[74.17273],16
2025-01-16,ARTS.TA,[82.37786],17
2025-01-17,ARTS.TA,[87.20401],18
2025-01-18,ARTS.TA,[91.03395],19
2025-01-19,ARTS.TA,[115.62703],20
2025-01-20,ARTS.TA,[129.58794],21
2025-01-21,ARTS.TA,[142.84448],22
2025-01-22,ARTS.TA,[168.95976],23
2025-01-23,ARTS.TA,[141.90144],24
2025-01-24,ARTS.TA,[139.04076],25
2025-01-25,ARTS.TA,[125.61805],26
2025-01-26,ARTS.TA,[116.80355],27
2025-01-27,ARTS.TA,[134.5374],28
2025-01-28,ARTS.TA,[145.30843],29
2025-01-29,ARTS.TA,[113.01306],30
2024-12-31,ALAR.TA,[665.7424],1
2025-01-01,ALAR.TA,[665.08215],2
2025-01-02,ALAR.TA,[712.4714],3
2025-01-03,ALAR.TA,[712.6053],4
2025-01-04,ALAR.TA,[803.8112],5
2025-01-05,ALAR.TA,[785.9737],6
2025-01-06,ALAR.TA,[704.9167],7
2025-01-07,ALAR.TA,[790.4279],8
2025-01-08,ALAR.TA,[866.39996],9
2025-01-09,ALAR.TA,[875.54724],10
2025-01-10,ALAR.TA,[971.4505],11
2025-01-11,ALAR.TA,[979.1399],12
2025-01-12,ALAR.TA,[993.2253],13
2025-01-13,ALAR.TA,[1085.0605],14
2025-01-14,ALAR.TA,[1091.9374],15
2025-01-15,ALAR.TA,[1064.0657],16
2025-01-16,ALAR.TA,[1109.4575],17
2025-01-17,ALAR.TA,[1059.4052],18
2025-01-18,ALAR.TA,[1119.3688],19
2025-01-19,ALAR.TA,[1202.5098],20
2025-01-20,ALAR.TA,[1094.936],21
2025-01-21,ALAR.TA,[1204.041],22
2025-01-22,ALAR.TA,[1318.0808],23
2025-01-23,ALAR.TA,[1435.6564],24
2025-01-24,ALAR.TA,[1380.9601],25
2025-01-25,ALAR.TA,[1414.174],26
2025-01-26,ALAR.TA,[1439.5327],27
2025-01-27,ALAR.TA,[1311.4298],28
2025-01-28,ALAR.TA,[1415.9751],29
2025-01-29,ALAR.TA,[1388.3085],30
2024-12-31,ALBA.TA,[1900.8047],1
2025-01-01,ALBA.TA,[1899.0029],2
2025-01-02,ALBA.TA,[1987.1632],3
2025-01-03,ALBA.TA,[1887.3676],4
2025-01-04,ALBA.TA,[1877.3026],5
2025-01-05,ALBA.TA,[1854.0376],6
2025-01-06,ALBA.TA,[1879.9443],7
2025-01-07,ALBA.TA,[1831.0673],8
2025-01-08,ALBA.TA,[1849.8372],9
2025-01-09,ALBA.TA,[1801.7222],10
2025-01-10,ALBA.TA,[1828.6376],11
2025-01-11,ALBA.TA,[1811.0785],12
2025-01-12,ALBA.TA,[1838.9014],13
2025-01-13,ALBA.TA,[1882.2924],14
2025-01-14,ALBA.TA,[1918.9509],15
2025-01-15,ALBA.TA,[2020.1938],16
2025-01-16,ALBA.TA,[1941.3364],17
2025-01-17,ALBA.TA,[1847.2816],18
2025-01-18,ALBA.TA,[1789.0101],19
2025-01-19,ALBA.TA,[1727.0542],20
2025-01-20,ALBA.TA,[1783.6866],21
2025-01-21,ALBA.TA,[1630.6282],22
2025-01-22,ALBA.TA,[1634.861],23
2025-01-23,ALBA.TA,[1623.6531],24
2025-01-24,ALBA.TA,[1601.0919],25
2025-01-25,ALBA.TA,[1533.8124],26
2025-01-26,ALBA.TA,[1554.6322],27
2025-01-27,ALBA.TA,[1610.3268],28
2025-01-28,ALBA.TA,[1619.103],29
2025-01-29,ALBA.TA,[1642.4626],30
2024-12-31,ALMD.TA,[33.32223],1
2025-01-01,ALMD.TA,[33.90791],2
2025-01-02,ALMD.TA,[35.31099],3
2025-01-03,ALMD.TA,[34.950596],4
2025-01-04,ALMD.TA,[34.038708],5
2025-01-05,ALMD.TA,[33.242607],6
2025-01-06,ALMD.TA,[32.976242],7
2025-01-07,ALMD.TA,[31.169638],8
2025-01-08,ALMD.TA,[31.79667],9
2025-01-09,ALMD.TA,[31.160755],10
2025-01-10,ALMD.TA,[31.060955],11
2025-01-11,ALMD.TA,[30.584175],12
2025-01-12,ALMD.TA,[29.935377],13
2025-01-13,ALMD.TA,[28.336649],14
2025-01-14,ALMD.TA,[29.167288],15
2025-01-15,ALMD.TA,[29.591227],16
2025-01-16,ALMD.TA,[31.281652],17
2025-01-17,ALMD.TA,[33.06074],18
2025-01-18,ALMD.TA,[32.537014],19
2025-01-19,ALMD.TA,[31.395555],20
2025-01-20,ALMD.TA,[32.424088],21
2025-01-21,ALMD.TA,[30.746035],22
2025-01-22,ALMD.TA,[29.441668],23
2025-01-23,ALMD.TA,[28.78355],24
2025-01-24,ALMD.TA,[30.217505],25
2025-01-25,ALMD.TA,[30.049177],26
2025-01-26,ALMD.TA,[29.827938],27
2025-01-27,ALMD.TA,[29.638197],28
2025-01-28,ALMD.TA,[30.932093],29
2025-01-29,ALMD.TA,[31.514881],30
2024-12-31,ALLT.TA,[2265.2546],1
2025-01-01,ALLT.TA,[2371.864],2
2025-01-02,ALLT.TA,[2562.7805],3
2025-01-03,ALLT.TA,[2620.302],4
2025-01-04,ALLT.TA,[2341.615],5
2025-01-05,ALLT.TA,[1843.427],6
2025-01-06,ALLT.TA,[1831.7872],7
2025-01-07,ALLT.TA,[1865.5807],8
2025-01-08,ALLT.TA,[1907.7305],9
2025-01-09,ALLT.TA,[1816.2102],10
2025-01-10,ALLT.TA,[1562.1168],11
2025-01-11,ALLT.TA,[1353.1517],12
2025-01-12,ALLT.TA,[1409.4165],13
2025-01-13,ALLT.TA,[1533.3492],14
2025-01-14,ALLT.TA,[1564.658],15
2025-01-15,ALLT.TA,[1602.5232],16
2025-01-16,ALLT.TA,[1620.2513],17
2025-01-17,ALLT.TA,[1648.3601],18
2025-01-18,ALLT.TA,[1680.9044],19
2025-01-19,ALLT.TA,[1673.3728],20
2025-01-20,ALLT.TA,[1265.4692],21
2025-01-21,ALLT.TA,[1097.778],22
2025-01-22,ALLT.TA,[965.8103],23
2025-01-23,ALLT.TA,[1014.468],24
2025-01-24,ALLT.TA,[1247.4678],25
2025-01-25,ALLT.TA,[1167.4396],26
2025-01-26,ALLT.TA,[1311.966],27
2025-01-27,ALLT.TA,[1402.9342],28
2025-01-28,ALLT.TA,[1416.9052],29
2025-01-29,ALLT.TA,[1609.8872],30
2024-12-31,ALMY.TA,[-393.1497],1
2025-01-01,ALMY.TA,[-1309.6321],2
2025-01-02,ALMY.TA,[-3371.8926],3
2025-01-03,ALMY.TA,[-3886.512],4
2025-01-04,ALMY.TA,[10163.742],5
2025-01-05,ALMY.TA,[-21744.305],6
2025-01-06,ALMY.TA,[-102378.805],7
2025-01-07,ALMY.TA,[-264594.06],8
2025-01-08,ALMY.TA,[751306.9],9
2025-01-09,ALMY.TA,[1595621.1],10
2025-01-10,ALMY.TA,[-2344161.5],11
2025-01-11,ALMY.TA,[1604602.4],12
2025-01-12,ALMY.TA,[509208.75],13
2025-01-13,ALMY.TA,[1228291.4],14
2025-01-14,ALMY.TA,[4742283.5],15
2025-01-15,ALMY.TA,[36785472.],16
2025-01-16,ALMY.TA,[62494528.],17
2025-01-17,ALMY.TA,[-1.2830663e+08],18
2025-01-18,ALMY.TA,[-89882488.],19
2025-01-19,ALMY.TA,[2.714842e+08],20
2025-01-20,ALMY.TA,[-1.05467526e+09],21
2025-01-21,ALMY.TA,[-1.4879846e+09],22
2025-01-22,ALMY.TA,[-9.545638e+08],23
2025-01-23,ALMY.TA,[1.4266929e+09],24
2025-01-24,ALMY.TA,[-3.4047693e+08],25
2025-01-25,ALMY.TA,[-3.452726e+08],26
2025-01-26,ALMY.TA,[-9.448493e+08],27
2025-01-27,ALMY.TA,[-3.820579e+09],28
2025-01-28,ALMY.TA,[-1.491195e+10],29
2025-01-29,ALMY.TA,[-3.5676066e+10],30
2024-12-26,AMDA.TA,[149.40396],1
2024-12-27,AMDA.TA,[140.13692],2
2024-12-28,AMDA.TA,[152.63852],3
2024-12-29,AMDA.TA,[150.84294],4
2024-12-30,AMDA.TA,[124.04979],5
2024-12-31,AMDA.TA,[125.11033],6
2025-01-01,AMDA.TA,[131.83282],7
2025-01-02,AMDA.TA,[126.96589],8
2025-01-03,AMDA.TA,[130.7189],9
2025-01-04,AMDA.TA,[132.65576],10
2025-01-05,AMDA.TA,[147.51596],11
2025-01-06,AMDA.TA,[139.05179],12
2025-01-07,AMDA.TA,[135.91068],13
2025-01-08,AMDA.TA,[132.32147],14
2025-01-09,AMDA.TA,[140.55511],15
2025-01-10,AMDA.TA,[146.2333],16
2025-01-11,AMDA.TA,[161.84154],17
2025-01-12,AMDA.TA,[152.87358],18
2025-01-13,AMDA.TA,[163.31612],19
2025-01-14,AMDA.TA,[152.585],20
2025-01-15,AMDA.TA,[147.08304],21
2025-01-16,AMDA.TA,[157.71008],22
2025-01-17,AMDA.TA,[155.91502],23
2025-01-18,AMDA.TA,[156.93785],24
2025-01-19,AMDA.TA,[163.31181],25
2025-01-20,AMDA.TA,[165.55774],26
2025-01-21,AMDA.TA,[167.87843],27
2025-01-22,AMDA.TA,[188.25397],28
2025-01-23,AMDA.TA,[183.40996],29
2025-01-24,AMDA.TA,[182.52705],30
2024-12-31,ALMA.TA,[1099.3793],1
2025-01-01,ALMA.TA,[1057.1334],2
2025-01-02,ALMA.TA,[1037.667],3
2025-01-03,ALMA.TA,[996.26746],4
2025-01-04,ALMA.TA,[1005.92523],5
2025-01-05,ALMA.TA,[985.4071],6
2025-01-06,ALMA.TA,[998.8831],7
2025-01-07,ALMA.TA,[971.934],8
2025-01-08,ALMA.TA,[957.8891],9
2025-01-09,ALMA.TA,[946.03314],10
2025-01-10,ALMA.TA,[930.12244],11
2025-01-11,ALMA.TA,[911.4136],12
2025-01-12,ALMA.TA,[898.0303],13
2025-01-13,ALMA.TA,[914.3699],14
2025-01-14,ALMA.TA,[918.5918],15
2025-01-15,ALMA.TA,[900.1592],16
2025-01-16,ALMA.TA,[930.5031],17
2025-01-17,ALMA.TA,[958.16315],18
2025-01-18,ALMA.TA,[970.6452],19
2025-01-19,ALMA.TA,[980.2547],20
2025-01-20,ALMA.TA,[941.9084],21
2025-01-21,ALMA.TA,[996.47797],22
2025-01-22,ALMA.TA,[966.10974],23
2025-01-23,ALMA.TA,[962.2079],24
2025-01-24,ALMA.TA,[958.7678],25
2025-01-25,ALMA.TA,[979.47925],26
2025-01-26,ALMA.TA,[1015.82806],27
2025-01-27,ALMA.TA,[1028.1681],28
2025-01-28,ALMA.TA,[1023.43066],29
2025-01-29,ALMA.TA,[1042.3425],30
2024-12-31,ALHE.TA,[2855.4749],1
2025-01-01,ALHE.TA,[2869.9963],2
2025-01-02,ALHE.TA,[2911.3691],3
2025-01-03,ALHE.TA,[2945.5503],4
2025-01-04,ALHE.TA,[3028.1714],5
2025-01-05,ALHE.TA,[2982.7876],6
2025-01-06,ALHE.TA,[3017.5498],7
2025-01-07,ALHE.TA,[3144.0715],8
2025-01-08,ALHE.TA,[3188.823],9
2025-01-09,ALHE.TA,[3216.732],10
2025-01-10,ALHE.TA,[3244.2766],11
2025-01-11,ALHE.TA,[3392.0793],12
2025-01-12,ALHE.TA,[3443.0503],13
2025-01-13,ALHE.TA,[3535.2068],14
2025-01-14,ALHE.TA,[3473.4304],15
2025-01-15,ALHE.TA,[3492.185],16
2025-01-16,ALHE.TA,[3317.4922],17
2025-01-17,ALHE.TA,[3299.2102],18
2025-01-18,ALHE.TA,[3396.741],19
2025-01-19,ALHE.TA,[3608.2056],20
2025-01-20,ALHE.TA,[3629.077],21
2025-01-21,ALHE.TA,[3541.3555],22
2025-01-22,ALHE.TA,[3540.1042],23
2025-01-23,ALHE.TA,[3592.9314],24
2025-01-24,ALHE.TA,[3584.952],25
2025-01-25,ALHE.TA,[3701.304],26
2025-01-26,ALHE.TA,[3809.809],27
2025-01-27,ALHE.TA,[3956.1597],28
2025-01-28,ALHE.TA,[3880.3186],29
2025-01-29,ALHE.TA,[3649.1868],30
2024-12-31,ALRPR.TA,[17240.035],1
2025-01-01,ALRPR.TA,[16349.933],2
2025-01-02,ALRPR.TA,[16583.584],3
2025-01-03,ALRPR.TA,[17184.986],4
2025-01-04,ALRPR.TA,[17410.93],5
2025-01-05,ALRPR.TA,[18593.537],6
2025-01-06,ALRPR.TA,[17928.12],7
2025-01-07,ALRPR.TA,[18448.518],8
2025-01-08,ALRPR.TA,[19186.07],9
2025-01-09,ALRPR.TA,[18781.012],10
2025-01-10,ALRPR.TA,[19093.23],11
2025-01-11,ALRPR.TA,[18621.01],12
2025-01-12,ALRPR.TA,[18381.996],13
2025-01-13,ALRPR.TA,[18316.17],14
2025-01-14,ALRPR.TA,[17820.219],15
2025-01-15,ALRPR.TA,[17717.559],16
2025-01-16,ALRPR.TA,[17078.346],17
2025-01-17,ALRPR.TA,[18047.402],18
2025-01-18,ALRPR.TA,[17643.232],19
2025-01-19,ALRPR.TA,[17674.027],20
2025-01-20,ALRPR.TA,[17549.016],21
2025-01-21,ALRPR.TA,[17330.385],22
2025-01-22,ALRPR.TA,[16908.5],23
2025-01-23,ALRPR.TA,[16660.402],24
2025-01-24,ALRPR.TA,[16649.322],25
2025-01-25,ALRPR.TA,[16467.195],26
2025-01-26,ALRPR.TA,[16704.861],27
2025-01-27,ALRPR.TA,[16995.664],28
2025-01-28,ALRPR.TA,[17576.096],29
2025-01-29,ALRPR.TA,[17911.525],30
2024-12-31,ALUMA.TA,[42.13884],1
2025-01-01,ALUMA.TA,[40.28368],2
2025-01-02,ALUMA.TA,[39.74357],3
2025-01-03,ALUMA.TA,[43.925716],4
2025-01-04,ALUMA.TA,[45.5802],5
2025-01-05,ALUMA.TA,[46.637848],6
2025-01-06,ALUMA.TA,[47.100513],7
2025-01-07,ALUMA.TA,[50.634037],8
2025-01-08,ALUMA.TA,[49.22674],9
2025-01-09,ALUMA.TA,[52.15541],10
2025-01-10,ALUMA.TA,[54.923283],11
2025-01-11,ALUMA.TA,[52.195045],12
2025-01-12,ALUMA.TA,[55.058094],13
2025-01-13,ALUMA.TA,[54.495537],14
2025-01-14,ALUMA.TA,[54.301453],15
2025-01-15,ALUMA.TA,[55.97503],16
2025-01-16,ALUMA.TA,[61.60659],17
2025-01-17,ALUMA.TA,[63.27097],18
2025-01-18,ALUMA.TA,[60.5517],19
2025-01-19,ALUMA.TA,[59.85398],20
2025-01-20,ALUMA.TA,[56.812244],21
2025-01-21,ALUMA.TA,[55.789066],22
2025-01-22,ALUMA.TA,[56.459396],23
2025-01-23,ALUMA.TA,[58.002346],24
2025-01-24,ALUMA.TA,[57.557117],25
2025-01-25,ALUMA.TA,[61.87164],26
2025-01-26,ALUMA.TA,[59.3049],27
2025-01-27,ALUMA.TA,[60.431084],28
2025-01-28,ALUMA.TA,[63.111874],29
2025-01-29,ALUMA.TA,[64.42054],30
2024-12-31,AMAN.TA,[1598.6644],1
2025-01-01,AMAN.TA,[1596.3727],2
2025-01-02,AMAN.TA,[1610.6985],3
2025-01-03,AMAN.TA,[1625.5985],4
2025-01-04,AMAN.TA,[1646.0653],5
2025-01-05,AMAN.TA,[1632.7246],6
2025-01-06,AMAN.TA,[1658.5222],7
2025-01-07,AMAN.TA,[1650.4904],8
2025-01-08,AMAN.TA,[1623.5656],9
2025-01-09,AMAN.TA,[1613.3472],10
2025-01-10,AMAN.TA,[1638.6472],11
2025-01-11,AMAN.TA,[1636.0508],12
2025-01-12,AMAN.TA,[1587.594],13
2025-01-13,AMAN.TA,[1583.0024],14
2025-01-14,AMAN.TA,[1593.225],15
2025-01-15,AMAN.TA,[1591.671],16
2025-01-16,AMAN.TA,[1572.7881],17
2025-01-17,AMAN.TA,[1580.0265],18
2025-01-18,AMAN.TA,[1592.1714],19
2025-01-19,AMAN.TA,[1558.0442],20
2025-01-20,AMAN.TA,[1594.8889],21
2025-01-21,AMAN.TA,[1613.6982],22
2025-01-22,AMAN.TA,[1624.9],23
2025-01-23,AMAN.TA,[1622.9218],24
2025-01-24,AMAN.TA,[1629.674],25
2025-01-25,AMAN.TA,[1612.2786],26
2025-01-26,AMAN.TA,[1605.4164],27
2025-01-27,AMAN.TA,[1625.7534],28
2025-01-28,AMAN.TA,[1615.9312],29
2025-01-29,AMAN.TA,[1626.5929],30
2024-12-31,AMD.TA,[932.01086],1
2025-01-01,AMD.TA,[950.01355],2
2025-01-02,AMD.TA,[943.26044],3
2025-01-03,AMD.TA,[939.6682],4
2025-01-04,AMD.TA,[938.6775],5
2025-01-05,AMD.TA,[949.6619],6
2025-01-06,AMD.TA,[933.8505],7
2025-01-07,AMD.TA,[930.27136],8
2025-01-08,AMD.TA,[913.98517],9
2025-01-09,AMD.TA,[898.4287],10
2025-01-10,AMD.TA,[909.098],11
2025-01-11,AMD.TA,[921.949],12
2025-01-12,AMD.TA,[914.03754],13
2025-01-13,AMD.TA,[903.6656],14
2025-01-14,AMD.TA,[884.65454],15
2025-01-15,AMD.TA,[928.38153],16
2025-01-16,AMD.TA,[921.54803],17
2025-01-17,AMD.TA,[928.34863],18
2025-01-18,AMD.TA,[940.1248],19
2025-01-19,AMD.TA,[925.80255],20
2025-01-20,AMD.TA,[964.0906],21
2025-01-21,AMD.TA,[969.2795],22
2025-01-22,AMD.TA,[945.9128],23
2025-01-23,AMD.TA,[942.0589],24
2025-01-24,AMD.TA,[934.52094],25
2025-01-25,AMD.TA,[932.2473],26
2025-01-26,AMD.TA,[953.3397],27
2025-01-27,AMD.TA,[930.3546],28
2025-01-28,AMD.TA,[928.67017],29
2025-01-29,AMD.TA,[928.602],30
2024-12-31,AMRK.TA,[2837.5889],1
2025-01-01,AMRK.TA,[2905.3875],2
2025-01-02,AMRK.TA,[2945.8513],3
2025-01-03,AMRK.TA,[2858.0696],4
2025-01-04,AMRK.TA,[2832.3845],5
2025-01-05,AMRK.TA,[2893.242],6
2025-01-06,AMRK.TA,[2766.3264],7
2025-01-07,AMRK.TA,[2782.8108],8
2025-01-08,AMRK.TA,[2885.6692],9
2025-01-09,AMRK.TA,[2938.9067],10
2025-01-10,AMRK.TA,[2922.9048],11
2025-01-11,AMRK.TA,[2921.5022],12
2025-01-12,AMRK.TA,[2987.186],13
2025-01-13,AMRK.TA,[3009.5813],14
2025-01-14,AMRK.TA,[3085.5237],15
2025-01-15,AMRK.TA,[3065.605],16
2025-01-16,AMRK.TA,[3106.5989],17
2025-01-17,AMRK.TA,[3034.4768],18
2025-01-18,AMRK.TA,[3101.95],19
2025-01-19,AMRK.TA,[3118.692],20
2025-01-20,AMRK.TA,[3170.856],21
2025-01-21,AMRK.TA,[3147.5168],22
2025-01-22,AMRK.TA,[3155.564],23
2025-01-23,AMRK.TA,[3196.1963],24
2025-01-24,AMRK.TA,[3115.8713],25
2025-01-25,AMRK.TA,[3004.689],26
2025-01-26,AMRK.TA,[2945.2754],27
2025-01-27,AMRK.TA,[2955.5186],28
2025-01-28,AMRK.TA,[2938.1326],29
2025-01-29,AMRK.TA,[2898.228],30
2024-12-31,AMOT.TA,[1950.5022],1
2025-01-01,AMOT.TA,[1968.7035],2
2025-01-02,AMOT.TA,[1927.0491],3
2025-01-03,AMOT.TA,[1944.995],4
2025-01-04,AMOT.TA,[1921.9642],5
2025-01-05,AMOT.TA,[1915.5139],6
2025-01-06,AMOT.TA,[1850.1132],7
2025-01-07,AMOT.TA,[1846.9456],8
2025-01-08,AMOT.TA,[1850.1898],9
2025-01-09,AMOT.TA,[1917.6604],10
2025-01-10,AMOT.TA,[1909.3469],11
2025-01-11,AMOT.TA,[1893.3027],12
2025-01-12,AMOT.TA,[1897.6179],13
2025-01-13,AMOT.TA,[1904.3713],14
2025-01-14,AMOT.TA,[1912.48],15
2025-01-15,AMOT.TA,[1897.1703],16
2025-01-16,AMOT.TA,[1896.8136],17
2025-01-17,AMOT.TA,[1945.8235],18
2025-01-18,AMOT.TA,[1963.6575],19
2025-01-19,AMOT.TA,[1913.6351],20
2025-01-20,AMOT.TA,[1865.355],21
2025-01-21,AMOT.TA,[1900.8416],22
2025-01-22,AMOT.TA,[1946.4822],23
2025-01-23,AMOT.TA,[1909.828],24
2025-01-24,AMOT.TA,[1940.455],25
2025-01-25,AMOT.TA,[1917.558],26
2025-01-26,AMOT.TA,[1882.5447],27
2025-01-27,AMOT.TA,[1912.0333],28
2025-01-28,AMOT.TA,[1916.0573],29
2025-01-29,AMOT.TA,[1936.3767],30
2024-12-31,AMRM.TA,[3180.451],1
2025-01-01,AMRM.TA,[3193.0232],2
2025-01-02,AMRM.TA,[3180.2212],3
2025-01-03,AMRM.TA,[3195.0273],4
2025-01-04,AMRM.TA,[3200.255],5
2025-01-05,AMRM.TA,[3206.5283],6
2025-01-06,AMRM.TA,[3195.9575],7
2025-01-07,AMRM.TA,[3199.528],8
2025-01-08,AMRM.TA,[3188.7961],9
2025-01-09,AMRM.TA,[3193.6494],10
2025-01-10,AMRM.TA,[3196.643],11
2025-01-11,AMRM.TA,[3196.0454],12
2025-01-12,AMRM.TA,[3196.6519],13
2025-01-13,AMRM.TA,[3203.3767],14
2025-01-14,AMRM.TA,[3188.5764],15
2025-01-15,AMRM.TA,[3180.3953],16
2025-01-16,AMRM.TA,[3176.505],17
2025-01-17,AMRM.TA,[3171.7231],18
2025-01-18,AMRM.TA,[3178.8186],19
2025-01-19,AMRM.TA,[3175.2915],20
2025-01-20,AMRM.TA,[3161.5635],21
2025-01-21,AMRM.TA,[3161.4355],22
2025-01-22,AMRM.TA,[3179.989],23
2025-01-23,AMRM.TA,[3179.3884],24
2025-01-24,AMRM.TA,[3183.262],25
2025-01-25,AMRM.TA,[3179.9214],26
2025-01-26,AMRM.TA,[3179.5518],27
2025-01-27,AMRM.TA,[3175.3813],28
2025-01-28,AMRM.TA,[3181.0137],29
2025-01-29,AMRM.TA,[3175.5967],30
2024-12-31,ANGL.TA,[3871.3604],1
2025-01-01,ANGL.TA,[3742.6108],2
2025-01-02,ANGL.TA,[3799.329],3
2025-01-03,ANGL.TA,[3650.5374],4
2025-01-04,ANGL.TA,[3710.753],5
2025-01-05,ANGL.TA,[3710.8335],6
2025-01-06,ANGL.TA,[3664.0786],7
2025-01-07,ANGL.TA,[3512.9941],8
2025-01-08,ANGL.TA,[3554.812],9
2025-01-09,ANGL.TA,[3661.7266],10
2025-01-10,ANGL.TA,[3801.1262],11
2025-01-11,ANGL.TA,[3823.9236],12
2025-01-12,ANGL.TA,[3850.644],13
2025-01-13,ANGL.TA,[3797.9905],14
2025-01-14,ANGL.TA,[4057.306],15
2025-01-15,ANGL.TA,[4172.601],16
2025-01-16,ANGL.TA,[4185.7236],17
2025-01-17,ANGL.TA,[4280.3765],18
2025-01-18,ANGL.TA,[4208.2427],19
2025-01-19,ANGL.TA,[4250.6675],20
2025-01-20,ANGL.TA,[4423.9814],21
2025-01-21,ANGL.TA,[4299.418],22
2025-01-22,ANGL.TA,[4394.025],23
2025-01-23,ANGL.TA,[4539.5063],24
2025-01-24,ANGL.TA,[4541.491],25
2025-01-25,ANGL.TA,[4492.943],26
2025-01-26,ANGL.TA,[4444.075],27
2025-01-27,ANGL.TA,[4475.905],28
2025-01-28,ANGL.TA,[4306.6294],29
2025-01-29,ANGL.TA,[4463.019],30
2024-12-31,APLP.TA,[346.50604],1
2025-01-01,APLP.TA,[333.5015],2
2025-01-02,APLP.TA,[350.36273],3
2025-01-03,APLP.TA,[350.3789],4
2025-01-04,APLP.TA,[366.99304],5
2025-01-05,APLP.TA,[343.57114],6
2025-01-06,APLP.TA,[367.3742],7
2025-01-07,APLP.TA,[388.10886],8
2025-01-08,APLP.TA,[392.05954],9
2025-01-09,APLP.TA,[386.4361],10
2025-01-10,APLP.TA,[399.0655],11
2025-01-11,APLP.TA,[399.95844],12
2025-01-12,APLP.TA,[395.58118],13
2025-01-13,APLP.TA,[402.86816],14
2025-01-14,APLP.TA,[370.42783],15
2025-01-15,APLP.TA,[358.36874],16
2025-01-16,APLP.TA,[347.06143],17
2025-01-17,APLP.TA,[351.05615],18
2025-01-18,APLP.TA,[358.45093],19
2025-01-19,APLP.TA,[367.4556],20
2025-01-20,APLP.TA,[336.2661],21
2025-01-21,APLP.TA,[340.8022],22
2025-01-22,APLP.TA,[342.01907],23
2025-01-23,APLP.TA,[346.00024],24
2025-01-24,APLP.TA,[357.86642],25
2025-01-25,APLP.TA,[362.7991],26
2025-01-26,APLP.TA,[363.8212],27
2025-01-27,APLP.TA,[335.05545],28
2025-01-28,APLP.TA,[341.40906],29
2025-01-29,APLP.TA,[341.62912],30
2024-12-31,AQUA.TA,[147.79611],1
2025-01-01,AQUA.TA,[144.23978],2
2025-01-02,AQUA.TA,[145.71107],3
2025-01-03,AQUA.TA,[157.05052],4
2025-01-04,AQUA.TA,[150.95609],5
2025-01-05,AQUA.TA,[131.75465],6
2025-01-06,AQUA.TA,[135.98119],7
2025-01-07,AQUA.TA,[137.65811],8
2025-01-08,AQUA.TA,[118.566086],9
2025-01-09,AQUA.TA,[127.97344],10
2025-01-10,AQUA.TA,[124.104774],11
2025-01-11,AQUA.TA,[158.34567],12
2025-01-12,AQUA.TA,[159.90205],13
2025-01-13,AQUA.TA,[168.12854],14
2025-01-14,AQUA.TA,[165.62344],15
2025-01-15,AQUA.TA,[148.88574],16
2025-01-16,AQUA.TA,[141.20844],17
2025-01-17,AQUA.TA,[152.8568],18
2025-01-18,AQUA.TA,[151.8428],19
2025-01-19,AQUA.TA,[163.2035],20
2025-01-20,AQUA.TA,[162.9368],21
2025-01-21,AQUA.TA,[175.91864],22
2025-01-22,AQUA.TA,[181.07744],23
2025-01-23,AQUA.TA,[175.01723],24
2025-01-24,AQUA.TA,[172.58722],25
2025-01-25,AQUA.TA,[199.35332],26
2025-01-26,AQUA.TA,[229.3714],27
2025-01-27,AQUA.TA,[196.32637],28
2025-01-28,AQUA.TA,[198.7124],29
2025-01-29,AQUA.TA,[198.521],30
2024-12-31,ARD.TA,[4797.2866],1
2025-01-01,ARD.TA,[4697.862],2
2025-01-02,ARD.TA,[4635.0503],3
2025-01-03,ARD.TA,[4643.9463],4
2025-01-04,ARD.TA,[4672.466],5
2025-01-05,ARD.TA,[4549.366],6
2025-01-06,ARD.TA,[4546.427],7
2025-01-07,ARD.TA,[4718.415],8
2025-01-08,ARD.TA,[4722.6196],9
2025-01-09,ARD.TA,[4726.035],10
2025-01-10,ARD.TA,[4576.699],11
2025-01-11,ARD.TA,[4676.1016],12
2025-01-12,ARD.TA,[4544.792],13
2025-01-13,ARD.TA,[4696.2285],14
2025-01-14,ARD.TA,[4687.6147],15
2025-01-15,ARD.TA,[4652.242],16
2025-01-16,ARD.TA,[4690.8604],17
2025-01-17,ARD.TA,[4698.19],18
2025-01-18,ARD.TA,[4844.323],19
2025-01-19,ARD.TA,[4922.8203],20
2025-01-20,ARD.TA,[4910.8374],21
2025-01-21,ARD.TA,[4917.6685],22
2025-01-22,ARD.TA,[4947.378],23
2025-01-23,ARD.TA,[5022.3647],24
2025-01-24,ARD.TA,[4982.193],25
2025-01-25,ARD.TA,[4979.1655],26
2025-01-26,ARD.TA,[4768.8364],27
2025-01-27,ARD.TA,[4827.2397],28
2025-01-28,ARD.TA,[4796.894],29
2025-01-29,ARD.TA,[4738.438],30
2024-12-31,ARAN.TA,[2000.0791],1
2025-01-01,ARAN.TA,[2068.313],2
2025-01-02,ARAN.TA,[2052.5737],3
2025-01-03,ARAN.TA,[2041.1672],4
2025-01-04,ARAN.TA,[2063.4253],5
2025-01-05,ARAN.TA,[2057.145],6
2025-01-06,ARAN.TA,[2021.9404],7
2025-01-07,ARAN.TA,[1977.9874],8
2025-01-08,ARAN.TA,[1923.4934],9
2025-01-09,ARAN.TA,[1937.3799],10
2025-01-10,ARAN.TA,[1941.7616],11
2025-01-11,ARAN.TA,[1925.2665],12
2025-01-12,ARAN.TA,[1953.2701],13
2025-01-13,ARAN.TA,[1909.3383],14
2025-01-14,ARAN.TA,[1900.7407],15
2025-01-15,ARAN.TA,[1906.3462],16
2025-01-16,ARAN.TA,[1881.3778],17
2025-01-17,ARAN.TA,[1902.8889],18
2025-01-18,ARAN.TA,[1876.1066],19
2025-01-19,ARAN.TA,[1883.5004],20
2025-01-20,ARAN.TA,[1876.698],21
2025-01-21,ARAN.TA,[1891.9027],22
2025-01-22,ARAN.TA,[1889.8163],23
2025-01-23,ARAN.TA,[1882.6014],24
2025-01-24,ARAN.TA,[1891.4078],25
2025-01-25,ARAN.TA,[1870.4548],26
2025-01-26,ARAN.TA,[1887.4166],27
2025-01-27,ARAN.TA,[1844.6685],28
2025-01-28,ARAN.TA,[1835.8265],29
2025-01-29,ARAN.TA,[1814.2808],30
2024-12-31,ARBE.TA,[653.33936],1
2025-01-01,ARBE.TA,[656.51245],2
2025-01-02,ARBE.TA,[667.49835],3
2025-01-03,ARBE.TA,[674.4847],4
2025-01-04,ARBE.TA,[682.45435],5
2025-01-05,ARBE.TA,[691.22003],6
2025-01-06,ARBE.TA,[690.1443],7
2025-01-07,ARBE.TA,[694.5726],8
2025-01-08,ARBE.TA,[697.8318],9
2025-01-09,ARBE.TA,[694.8851],10
2025-01-10,ARBE.TA,[696.5276],11
2025-01-11,ARBE.TA,[701.4141],12
2025-01-12,ARBE.TA,[709.23413],13
2025-01-13,ARBE.TA,[721.1003],14
2025-01-14,ARBE.TA,[716.3488],15
2025-01-15,ARBE.TA,[713.81464],16
2025-01-16,ARBE.TA,[712.3197],17
2025-01-17,ARBE.TA,[711.4444],18
2025-01-18,ARBE.TA,[716.9921],19
2025-01-19,ARBE.TA,[715.54706],20
2025-01-20,ARBE.TA,[722.30255],21
2025-01-21,ARBE.TA,[718.8504],22
2025-01-22,ARBE.TA,[728.9429],23
2025-01-23,ARBE.TA,[733.51196],24
2025-01-24,ARBE.TA,[732.38855],25
2025-01-25,ARBE.TA,[739.20465],26
2025-01-26,ARBE.TA,[741.2923],27
2025-01-27,ARBE.TA,[743.5844],28
2025-01-28,ARBE.TA,[753.1025],29
2025-01-29,ARBE.TA,[756.53876],30
2024-12-31,ARGO.TA,[9906.531],1
2025-01-01,ARGO.TA,[9361.248],2
2025-01-02,ARGO.TA,[10050.852],3
2025-01-03,ARGO.TA,[10184.363],4
2025-01-04,ARGO.TA,[9817.95],5
2025-01-05,ARGO.TA,[9967.61],6
2025-01-06,ARGO.TA,[9739.265],7
2025-01-07,ARGO.TA,[8889.7295],8
2025-01-08,ARGO.TA,[9188.175],9
2025-01-09,ARGO.TA,[9017.017],10
2025-01-10,ARGO.TA,[8598.88],11
2025-01-11,ARGO.TA,[8965.122],12
2025-01-12,ARGO.TA,[8649.5205],13
2025-01-13,ARGO.TA,[8122.395],14
2025-01-14,ARGO.TA,[8049.543],15
2025-01-15,ARGO.TA,[8116.8403],16
2025-01-16,ARGO.TA,[7926.4243],17
2025-01-17,ARGO.TA,[8164.4854],18
2025-01-18,ARGO.TA,[8940.162],19
2025-01-19,ARGO.TA,[10003.036],20
2025-01-20,ARGO.TA,[10452.503],21
2025-01-21,ARGO.TA,[9764.067],22
2025-01-22,ARGO.TA,[9768.318],23
2025-01-23,ARGO.TA,[10133.626],24
2025-01-24,ARGO.TA,[9724.004],25
2025-01-25,ARGO.TA,[9652.178],26
2025-01-26,ARGO.TA,[9781.39],27
2025-01-27,ARGO.TA,[9353.479],28
2025-01-28,ARGO.TA,[9020.193],29
2025-01-29,ARGO.TA,[9286.048],30
2024-12-31,ARIN.TA,[231.43898],1
2025-01-01,ARIN.TA,[231.8106],2
2025-01-02,ARIN.TA,[232.9271],3
2025-01-03,ARIN.TA,[229.01614],4
2025-01-04,ARIN.TA,[229.9714],5
2025-01-05,ARIN.TA,[229.55663],6
2025-01-06,ARIN.TA,[230.14525],7
2025-01-07,ARIN.TA,[232.83485],8
2025-01-08,ARIN.TA,[226.24557],9
2025-01-09,ARIN.TA,[228.03993],10
2025-01-10,ARIN.TA,[228.58295],11
2025-01-11,ARIN.TA,[236.05774],12
2025-01-12,ARIN.TA,[235.14705],13
2025-01-13,ARIN.TA,[233.16374],14
2025-01-14,ARIN.TA,[236.19743],15
2025-01-15,ARIN.TA,[238.3079],16
2025-01-16,ARIN.TA,[231.6473],17
2025-01-17,ARIN.TA,[234.68826],18
2025-01-18,ARIN.TA,[232.66013],19
2025-01-19,ARIN.TA,[230.72694],20
2025-01-20,ARIN.TA,[226.73912],21
2025-01-21,ARIN.TA,[228.51909],22
2025-01-22,ARIN.TA,[240.30241],23
2025-01-23,ARIN.TA,[247.06248],24
2025-01-24,ARIN.TA,[244.96483],25
2025-01-25,ARIN.TA,[245.34767],26
2025-01-26,ARIN.TA,[245.50677],27
2025-01-27,ARIN.TA,[244.43584],28
2025-01-28,ARIN.TA,[239.79391],29
2025-01-29,ARIN.TA,[242.06136],30
2024-12-31,ARYT.TA,[693.4651],1
2025-01-01,ARYT.TA,[689.6108],2
2025-01-02,ARYT.TA,[711.33765],3
2025-01-03,ARYT.TA,[717.6357],4
2025-01-04,ARYT.TA,[761.1778],5
2025-01-05,ARYT.TA,[759.48517],6
2025-01-06,ARYT.TA,[722.3445],7
2025-01-07,ARYT.TA,[711.1272],8
2025-01-08,ARYT.TA,[713.17834],9
2025-01-09,ARYT.TA,[713.0817],10
2025-01-10,ARYT.TA,[699.5143],11
2025-01-11,ARYT.TA,[700.40344],12
2025-01-12,ARYT.TA,[714.9209],13
2025-01-13,ARYT.TA,[697.8728],14
2025-01-14,ARYT.TA,[693.72815],15
2025-01-15,ARYT.TA,[715.8098],16
2025-01-16,ARYT.TA,[713.1031],17
2025-01-17,ARYT.TA,[687.03076],18
2025-01-18,ARYT.TA,[701.3082],19
2025-01-19,ARYT.TA,[732.8067],20
2025-01-20,ARYT.TA,[683.3022],21
2025-01-21,ARYT.TA,[706.78625],22
2025-01-22,ARYT.TA,[652.9736],23
2025-01-23,ARYT.TA,[651.81665],24
2025-01-24,ARYT.TA,[627.9553],25
2025-01-25,ARYT.TA,[674.6619],26
2025-01-26,ARYT.TA,[681.4954],27
2025-01-27,ARYT.TA,[695.6453],28
2025-01-28,ARYT.TA,[673.38715],29
2025-01-29,ARYT.TA,[708.383],30
2024-12-31,ARF.TA,[5632.391],1
2025-01-01,ARF.TA,[5573.9907],2
2025-01-02,ARF.TA,[5604.985],3
2025-01-03,ARF.TA,[5558.9136],4
2025-01-04,ARF.TA,[5585.6963],5
2025-01-05,ARF.TA,[5577.6562],6
2025-01-06,ARF.TA,[5534.4414],7
2025-01-07,ARF.TA,[5532.366],8
2025-01-08,ARF.TA,[5516.794],9
2025-01-09,ARF.TA,[5451.478],10
2025-01-10,ARF.TA,[5465.239],11
2025-01-11,ARF.TA,[5438.5054],12
2025-01-12,ARF.TA,[5416.0605],13
2025-01-13,ARF.TA,[5446.0093],14
2025-01-14,ARF.TA,[5451.551],15
2025-01-15,ARF.TA,[5433.4365],16
2025-01-16,ARF.TA,[5439.898],17
2025-01-17,ARF.TA,[5445.274],18
2025-01-18,ARF.TA,[5453.5483],19
2025-01-19,ARF.TA,[5426.843],20
2025-01-20,ARF.TA,[5385.033],21
2025-01-21,ARF.TA,[5350.549],22
2025-01-22,ARF.TA,[5311.55],23
2025-01-23,ARF.TA,[5266.454],24
2025-01-24,ARF.TA,[5278.0527],25
2025-01-25,ARF.TA,[5302.736],26
2025-01-26,ARF.TA,[5262.798],27
2025-01-27,ARF.TA,[5277.318],28
2025-01-28,ARF.TA,[5287.574],29
2025-01-29,ARF.TA,[5298.5728],30
2024-12-31,ASHO.TA,[4209.547],1
2025-01-01,ASHO.TA,[4075.1394],2
2025-01-02,ASHO.TA,[4130.9307],3
2025-01-03,ASHO.TA,[4181.7036],4
2025-01-04,ASHO.TA,[4068.826],5
2025-01-05,ASHO.TA,[4171.8447],6
2025-01-06,ASHO.TA,[4159.6934],7
2025-01-07,ASHO.TA,[4249.3833],8
2025-01-08,ASHO.TA,[4269.4204],9
2025-01-09,ASHO.TA,[4019.1096],10
2025-01-10,ASHO.TA,[4114.4585],11
2025-01-11,ASHO.TA,[4243.563],12
2025-01-12,ASHO.TA,[4423.2046],13
2025-01-13,ASHO.TA,[4505.013],14
2025-01-14,ASHO.TA,[4647.6426],15
2025-01-15,ASHO.TA,[4613.328],16
2025-01-16,ASHO.TA,[4791.702],17
2025-01-17,ASHO.TA,[4650.622],18
2025-01-18,ASHO.TA,[4496.8687],19
2025-01-19,ASHO.TA,[4608.169],20
2025-01-20,ASHO.TA,[4595.9697],21
2025-01-21,ASHO.TA,[4498.06],22
2025-01-22,ASHO.TA,[4563.0786],23
2025-01-23,ASHO.TA,[4360.011],24
2025-01-24,ASHO.TA,[4291.0117],25
2025-01-25,ASHO.TA,[4408.9277],26
2025-01-26,ASHO.TA,[4493.789],27
2025-01-27,ASHO.TA,[4666.6533],28
2025-01-28,ASHO.TA,[4684.35],29
2025-01-29,ASHO.TA,[4682.2397],30
2024-12-31,ASHG.TA,[6560.818],1
2025-01-01,ASHG.TA,[6552.857],2
2025-01-02,ASHG.TA,[6615.4536],3
2025-01-03,ASHG.TA,[6543.8325],4
2025-01-04,ASHG.TA,[6529.696],5
2025-01-05,ASHG.TA,[6578.5894],6
2025-01-06,ASHG.TA,[6537.046],7
2025-01-07,ASHG.TA,[6468.084],8
2025-01-08,ASHG.TA,[6530.5396],9
2025-01-09,ASHG.TA,[6546.6724],10
2025-01-10,ASHG.TA,[6276.4683],11
2025-01-11,ASHG.TA,[6330.487],12
2025-01-12,ASHG.TA,[6386.9287],13
2025-01-13,ASHG.TA,[6568.761],14
2025-01-14,ASHG.TA,[6654.3613],15
2025-01-15,ASHG.TA,[6667.797],16
2025-01-16,ASHG.TA,[6636.343],17
2025-01-17,ASHG.TA,[6776.3306],18
2025-01-18,ASHG.TA,[6743.848],19
2025-01-19,ASHG.TA,[6854.893],20
2025-01-20,ASHG.TA,[6953.386],21
2025-01-21,ASHG.TA,[6827.753],22
2025-01-22,ASHG.TA,[6918.675],23
2025-01-23,ASHG.TA,[6852.7017],24
2025-01-24,ASHG.TA,[6706.6616],25
2025-01-25,ASHG.TA,[6681.072],26
2025-01-26,ASHG.TA,[6738.5664],27
2025-01-27,ASHG.TA,[6766.6978],28
2025-01-28,ASHG.TA,[6833.062],29
2025-01-29,ASHG.TA,[7051.892],30
2024-12-31,ASGR.TA,[666.885],1
2025-01-01,ASGR.TA,[673.22974],2
2025-01-02,ASGR.TA,[653.49646],3
2025-01-03,ASGR.TA,[661.87164],4
2025-01-04,ASGR.TA,[649.4471],5
2025-01-05,ASGR.TA,[647.9526],6
2025-01-06,ASGR.TA,[652.4989],7
2025-01-07,ASGR.TA,[647.2277],8
2025-01-08,ASGR.TA,[623.20404],9
2025-01-09,ASGR.TA,[647.09717],10
2025-01-10,ASGR.TA,[621.43646],11
2025-01-11,ASGR.TA,[643.0539],12
2025-01-12,ASGR.TA,[678.0927],13
2025-01-13,ASGR.TA,[683.975],14
2025-01-14,ASGR.TA,[719.923],15
2025-01-15,ASGR.TA,[736.76483],16
2025-01-16,ASGR.TA,[721.5515],17
2025-01-17,ASGR.TA,[729.6709],18
2025-01-18,ASGR.TA,[688.2329],19
2025-01-19,ASGR.TA,[677.09686],20
2025-01-20,ASGR.TA,[718.8617],21
2025-01-21,ASGR.TA,[721.9576],22
2025-01-22,ASGR.TA,[703.61847],23
2025-01-23,ASGR.TA,[682.65204],24
2025-01-24,ASGR.TA,[715.4118],25
2025-01-25,ASGR.TA,[719.94684],26
2025-01-26,ASGR.TA,[709.21783],27
2025-01-27,ASGR.TA,[743.30536],28
2025-01-28,ASGR.TA,[767.7396],29
2025-01-29,ASGR.TA,[781.6125],30
2024-12-31,AUDC.TA,[3492.7769],1
2025-01-01,AUDC.TA,[3366.5872],2
2025-01-02,AUDC.TA,[3364.197],3
2025-01-03,AUDC.TA,[3369.6714],4
2025-01-04,AUDC.TA,[3419.0278],5
2025-01-05,AUDC.TA,[3476.0898],6
2025-01-06,AUDC.TA,[3467.671],7
2025-01-07,AUDC.TA,[3471.791],8
2025-01-08,AUDC.TA,[3460.2637],9
2025-01-09,AUDC.TA,[3457.958],10
2025-01-10,AUDC.TA,[3474.8994],11
2025-01-11,AUDC.TA,[3504.219],12
2025-01-12,AUDC.TA,[3462.2976],13
2025-01-13,AUDC.TA,[3464.4802],14
2025-01-14,AUDC.TA,[3486.755],15
2025-01-15,AUDC.TA,[3455.0452],16
2025-01-16,AUDC.TA,[3440.655],17
2025-01-17,AUDC.TA,[3474.4324],18
2025-01-18,AUDC.TA,[3439.153],19
2025-01-19,AUDC.TA,[3489.3132],20
2025-01-20,AUDC.TA,[3516.4731],21
2025-01-21,AUDC.TA,[3483.775],22
2025-01-22,AUDC.TA,[3486.0247],23
2025-01-23,AUDC.TA,[3512.9148],24
2025-01-24,AUDC.TA,[3458.1929],25
2025-01-25,AUDC.TA,[3419.7524],26
2025-01-26,AUDC.TA,[3299.0393],27
2025-01-27,AUDC.TA,[3312.8237],28
2025-01-28,AUDC.TA,[3426.8726],29
2025-01-29,AUDC.TA,[3355.266],30
2024-12-31,AUGN.TA,[812.4206],1
2025-01-01,AUGN.TA,[1033.7938],2
2025-01-02,AUGN.TA,[738.31085],3
2025-01-03,AUGN.TA,[665.8031],4
2025-01-04,AUGN.TA,[397.7477],5
2025-01-05,AUGN.TA,[99.8302],6
2025-01-06,AUGN.TA,[70.43978],7
2025-01-07,AUGN.TA,[89.38779],8
2025-01-08,AUGN.TA,[130.95808],9
2025-01-09,AUGN.TA,[187.79369],10
2025-01-10,AUGN.TA,[304.8246],11
2025-01-11,AUGN.TA,[538.24414],12
2025-01-12,AUGN.TA,[578.81824],13
2025-01-13,AUGN.TA,[513.29407],14
2025-01-14,AUGN.TA,[655.02875],15
2025-01-15,AUGN.TA,[414.6318],16
2025-01-16,AUGN.TA,[452.60153],17
2025-01-17,AUGN.TA,[538.63086],18
2025-01-18,AUGN.TA,[454.50027],19
2025-01-19,AUGN.TA,[510.51224],20
2025-01-20,AUGN.TA,[283.35138],21
2025-01-21,AUGN.TA,[452.88376],22
2025-01-22,AUGN.TA,[329.17313],23
2025-01-23,AUGN.TA,[390.66226],24
2025-01-24,AUGN.TA,[397.04407],25
2025-01-25,AUGN.TA,[589.33344],26
2025-01-26,AUGN.TA,[247.24126],27
2025-01-27,AUGN.TA,[138.73122],28
2025-01-28,AUGN.TA,[148.76729],29
2025-01-29,AUGN.TA,[155.73679],30
2024-12-31,AURA.TA,[1980.3826],1
2025-01-01,AURA.TA,[2003.768],2
2025-01-02,AURA.TA,[1963.3033],3
2025-01-03,AURA.TA,[1941.6658],4
2025-01-04,AURA.TA,[1847.6979],5
2025-01-05,AURA.TA,[1853.83],6
2025-01-06,AURA.TA,[1860.6786],7
2025-01-07,AURA.TA,[1859.5128],8
2025-01-08,AURA.TA,[1834.5221],9
2025-01-09,AURA.TA,[1837.095],10
2025-01-10,AURA.TA,[1796.8413],11
2025-01-11,AURA.TA,[1767.4662],12
2025-01-12,AURA.TA,[1781.2156],13
2025-01-13,AURA.TA,[1833.3164],14
2025-01-14,AURA.TA,[1849.2803],15
2025-01-15,AURA.TA,[1855.3445],16
2025-01-16,AURA.TA,[1848.9949],17
2025-01-17,AURA.TA,[1813.8418],18
2025-01-18,AURA.TA,[1827.0991],19
2025-01-19,AURA.TA,[1816.9421],20
2025-01-20,AURA.TA,[1867.5771],21
2025-01-21,AURA.TA,[1825.1375],22
2025-01-22,AURA.TA,[1852.189],23
2025-01-23,AURA.TA,[1897.0591],24
2025-01-24,AURA.TA,[1906.2906],25
2025-01-25,AURA.TA,[1869.848],26
2025-01-26,AURA.TA,[1903.5681],27
2025-01-27,AURA.TA,[1893.6578],28
2025-01-28,AURA.TA,[1897.7953],29
2025-01-29,AURA.TA,[1921.3092],30
2024-12-31,AUSA-M.TA,[4.545812],1
2025-01-01,AUSA-M.TA,[-3.2044928],2
2025-01-02,AUSA-M.TA,[-4.610058],3
2025-01-03,AUSA-M.TA,[-4.7825603],4
2025-01-04,AUSA-M.TA,[-3.437915],5
2025-01-05,AUSA-M.TA,[-4.8519597],6
2025-01-06,AUSA-M.TA,[-8.118051],7
2025-01-07,AUSA-M.TA,[-15.863608],8
2025-01-08,AUSA-M.TA,[-12.190882],9
2025-01-09,AUSA-M.TA,[-29.714428],10
2025-01-10,AUSA-M.TA,[-28.394691],11
2025-01-11,AUSA-M.TA,[-0.31894207],12
2025-01-12,AUSA-M.TA,[-0.78213465],13
2025-01-13,AUSA-M.TA,[-1.6975577],14
2025-01-14,AUSA-M.TA,[-2.275765],15
2025-01-15,AUSA-M.TA,[1.041493],16
2025-01-16,AUSA-M.TA,[0.38342318],17
2025-01-17,AUSA-M.TA,[0.71843904],18
2025-01-18,AUSA-M.TA,[0.32706895],19
2025-01-19,AUSA-M.TA,[-0.26626524],20
2025-01-20,AUSA-M.TA,[0.09504467],21
2025-01-21,AUSA-M.TA,[0.1355115],22
2025-01-22,AUSA-M.TA,[0.32236665],23
2025-01-23,AUSA-M.TA,[0.34722483],24
2025-01-24,AUSA-M.TA,[0.71927756],25
2025-01-25,AUSA-M.TA,[1.7312924],26
2025-01-26,AUSA-M.TA,[1.5390104],27
2025-01-27,AUSA-M.TA,[2.5701954],28
2025-01-28,AUSA-M.TA,[2.8882437],29
2025-01-29,AUSA-M.TA,[5.5501914],30
2024-12-31,AUIS.TA,[999.62476],1
2025-01-01,AUIS.TA,[897.06824],2
2025-01-02,AUIS.TA,[1105.88],3
2025-01-03,AUIS.TA,[1342.333],4
2025-01-04,AUIS.TA,[2063.1848],5
2025-01-05,AUIS.TA,[2311.1504],6
2025-01-06,AUIS.TA,[1588.6715],7
2025-01-07,AUIS.TA,[1610.0248],8
2025-01-08,AUIS.TA,[1150.9807],9
2025-01-09,AUIS.TA,[969.3004],10
2025-01-10,AUIS.TA,[763.6916],11
2025-01-11,AUIS.TA,[931.5866],12
2025-01-12,AUIS.TA,[852.5192],13
2025-01-13,AUIS.TA,[1336.1193],14
2025-01-14,AUIS.TA,[1199.9625],15
2025-01-15,AUIS.TA,[822.0511],16
2025-01-16,AUIS.TA,[893.9014],17
2025-01-17,AUIS.TA,[768.6974],18
2025-01-18,AUIS.TA,[843.60156],19
2025-01-19,AUIS.TA,[561.81134],20
2025-01-20,AUIS.TA,[511.6112],21
2025-01-21,AUIS.TA,[624.56396],22
2025-01-22,AUIS.TA,[818.27905],23
2025-01-23,AUIS.TA,[735.6252],24
2025-01-24,AUIS.TA,[825.34705],25
2025-01-25,AUIS.TA,[852.3739],26
2025-01-26,AUIS.TA,[1209.3922],27
2025-01-27,AUIS.TA,[859.71356],28
2025-01-28,AUIS.TA,[809.8478],29
2025-01-29,AUIS.TA,[527.7545],30
2024-12-31,AMX.TA,[18.850916],1
2025-01-01,AMX.TA,[19.465096],2
2025-01-02,AMX.TA,[19.702265],3
2025-01-03,AMX.TA,[19.453724],4
2025-01-04,AMX.TA,[18.848587],5
2025-01-05,AMX.TA,[17.889591],6
2025-01-06,AMX.TA,[17.901653],7
2025-01-07,AMX.TA,[17.720842],8
2025-01-08,AMX.TA,[18.374063],9
2025-01-09,AMX.TA,[16.995478],10
2025-01-10,AMX.TA,[16.416492],11
2025-01-11,AMX.TA,[15.284768],12
2025-01-12,AMX.TA,[15.130167],13
2025-01-13,AMX.TA,[15.472027],14
2025-01-14,AMX.TA,[14.703241],15
2025-01-15,AMX.TA,[15.759879],16
2025-01-16,AMX.TA,[16.825075],17
2025-01-17,AMX.TA,[18.02972],18
2025-01-18,AMX.TA,[17.527987],19
2025-01-19,AMX.TA,[18.833637],20
2025-01-20,AMX.TA,[18.121315],21
2025-01-21,AMX.TA,[17.505793],22
2025-01-22,AMX.TA,[17.020805],23
2025-01-23,AMX.TA,[17.580725],24
2025-01-24,AMX.TA,[18.31566],25
2025-01-25,AMX.TA,[18.491533],26
2025-01-26,AMX.TA,[17.292318],27
2025-01-27,AMX.TA,[19.019415],28
2025-01-28,AMX.TA,[18.853294],29
2025-01-29,AMX.TA,[20.128935],30
2024-12-31,AVER.TA,[1078.326],1
2025-01-01,AVER.TA,[1118.0709],2
2025-01-02,AVER.TA,[1176.6658],3
2025-01-03,AVER.TA,[1153.8015],4
2025-01-04,AVER.TA,[1125.4155],5
2025-01-05,AVER.TA,[1158.8433],6
2025-01-06,AVER.TA,[1101.9315],7
2025-01-07,AVER.TA,[1088.3607],8
2025-01-08,AVER.TA,[1117.4128],9
2025-01-09,AVER.TA,[1090.5891],10
2025-01-10,AVER.TA,[1130.7406],11
2025-01-11,AVER.TA,[1133.9001],12
2025-01-12,AVER.TA,[1087.2931],13
2025-01-13,AVER.TA,[1097.6073],14
2025-01-14,AVER.TA,[1092.6359],15
2025-01-15,AVER.TA,[1063.6362],16
2025-01-16,AVER.TA,[1067.9012],17
2025-01-17,AVER.TA,[1047.3794],18
2025-01-18,AVER.TA,[1022.8543],19
2025-01-19,AVER.TA,[1068.6615],20
2025-01-20,AVER.TA,[1009.6131],21
2025-01-21,AVER.TA,[1045.625],22
2025-01-22,AVER.TA,[1060.4857],23
2025-01-23,AVER.TA,[1021.2751],24
2025-01-24,AVER.TA,[980.3854],25
2025-01-25,AVER.TA,[1004.5881],26
2025-01-26,AVER.TA,[1020.32513],27
2025-01-27,AVER.TA,[1069.6534],28
2025-01-28,AVER.TA,[1084.9785],29
2025-01-29,AVER.TA,[1117.738],30
2024-12-31,AVGD.TA,[2033.595],1
2025-01-01,AVGD.TA,[1999.0958],2
2025-01-02,AVGD.TA,[1968.0768],3
2025-01-03,AVGD.TA,[1933.0785],4
2025-01-04,AVGD.TA,[1956.3696],5
2025-01-05,AVGD.TA,[1932.9373],6
2025-01-06,AVGD.TA,[1940.9579],7
2025-01-07,AVGD.TA,[1926.3806],8
2025-01-08,AVGD.TA,[1967.2327],9
2025-01-09,AVGD.TA,[1997.4343],10
2025-01-10,AVGD.TA,[2037.8816],11
2025-01-11,AVGD.TA,[2012.0272],12
2025-01-12,AVGD.TA,[2011.1116],13
2025-01-13,AVGD.TA,[1966.8708],14
2025-01-14,AVGD.TA,[1961.6451],15
2025-01-15,AVGD.TA,[1937.5928],16
2025-01-16,AVGD.TA,[1931.8157],17
2025-01-17,AVGD.TA,[1944.6823],18
2025-01-18,AVGD.TA,[1957.5538],19
2025-01-19,AVGD.TA,[2045.8525],20
2025-01-20,AVGD.TA,[2034.9524],21
2025-01-21,AVGD.TA,[2061.2996],22
2025-01-22,AVGD.TA,[2071.1807],23
2025-01-23,AVGD.TA,[2055.2737],24
2025-01-24,AVGD.TA,[2052.5532],25
2025-01-25,AVGD.TA,[2108.944],26
2025-01-26,AVGD.TA,[2113.389],27
2025-01-27,AVGD.TA,[2161.2285],28
2025-01-28,AVGD.TA,[2151.4604],29
2025-01-29,AVGD.TA,[2202.6748],30
2024-12-31,AVGL.TA,[141.83264],1
2025-01-01,AVGL.TA,[142.38081],2
2025-01-02,AVGL.TA,[145.27473],3
2025-01-03,AVGL.TA,[148.19562],4
2025-01-04,AVGL.TA,[146.47461],5
2025-01-05,AVGL.TA,[151.1646],6
2025-01-06,AVGL.TA,[149.00977],7
2025-01-07,AVGL.TA,[148.03848],8
2025-01-08,AVGL.TA,[153.02151],9
2025-01-09,AVGL.TA,[148.6723],10
2025-01-10,AVGL.TA,[145.90054],11
2025-01-11,AVGL.TA,[144.8516],12
2025-01-12,AVGL.TA,[145.8345],13
2025-01-13,AVGL.TA,[145.43698],14
2025-01-14,AVGL.TA,[143.2967],15
2025-01-15,AVGL.TA,[136.95511],16
2025-01-16,AVGL.TA,[136.98643],17
2025-01-17,AVGL.TA,[132.71245],18
2025-01-18,AVGL.TA,[132.22719],19
2025-01-19,AVGL.TA,[131.2822],20
2025-01-20,AVGL.TA,[128.5468],21
2025-01-21,AVGL.TA,[133.4873],22
2025-01-22,AVGL.TA,[134.98299],23
2025-01-23,AVGL.TA,[139.95763],24
2025-01-24,AVGL.TA,[139.26712],25
2025-01-25,AVGL.TA,[135.69832],26
2025-01-26,AVGL.TA,[132.57634],27
2025-01-27,AVGL.TA,[129.42868],28
2025-01-28,AVGL.TA,[125.30679],29
2025-01-29,AVGL.TA,[124.3061],30
2024-12-31,AVIA.TA,[1680.8318],1
2025-01-01,AVIA.TA,[1822.5885],2
2025-01-02,AVIA.TA,[1924.0884],3
2025-01-03,AVIA.TA,[2170.453],4
2025-01-04,AVIA.TA,[2324.8467],5
2025-01-05,AVIA.TA,[1726.9661],6
2025-01-06,AVIA.TA,[1391.5748],7
2025-01-07,AVIA.TA,[1459.6874],8
2025-01-08,AVIA.TA,[1389.9943],9
2025-01-09,AVIA.TA,[1319.6606],10
2025-01-10,AVIA.TA,[1284.7251],11
2025-01-11,AVIA.TA,[1048.7145],12
2025-01-12,AVIA.TA,[1200.7609],13
2025-01-13,AVIA.TA,[1220.9492],14
2025-01-14,AVIA.TA,[900.6684],15
2025-01-15,AVIA.TA,[775.16174],16
2025-01-16,AVIA.TA,[499.90912],17
2025-01-17,AVIA.TA,[377.99585],18
2025-01-18,AVIA.TA,[350.33698],19
2025-01-19,AVIA.TA,[319.39264],20
2025-01-20,AVIA.TA,[324.49557],21
2025-01-21,AVIA.TA,[355.94928],22
2025-01-22,AVIA.TA,[354.55756],23
2025-01-23,AVIA.TA,[463.02536],24
2025-01-24,AVIA.TA,[523.5081],25
2025-01-25,AVIA.TA,[414.70932],26
2025-01-26,AVIA.TA,[535.2211],27
2025-01-27,AVIA.TA,[670.1836],28
2025-01-28,AVIA.TA,[831.8261],29
2025-01-29,AVIA.TA,[721.2333],30
2024-12-31,AVIV.TA,[1985.6935],1
2025-01-01,AVIV.TA,[2014.2474],2
2025-01-02,AVIV.TA,[2000.3333],3
2025-01-03,AVIV.TA,[1963.6981],4
2025-01-04,AVIV.TA,[1979.0587],5
2025-01-05,AVIV.TA,[1999.3973],6
2025-01-06,AVIV.TA,[2009.8267],7
2025-01-07,AVIV.TA,[2031.2031],8
2025-01-08,AVIV.TA,[2039.8242],9
2025-01-09,AVIV.TA,[1985.9208],10
2025-01-10,AVIV.TA,[1995.5542],11
2025-01-11,AVIV.TA,[2045.5807],12
2025-01-12,AVIV.TA,[2059.6038],13
2025-01-13,AVIV.TA,[2082.0432],14
2025-01-14,AVIV.TA,[2097.8057],15
2025-01-15,AVIV.TA,[2099.3052],16
2025-01-16,AVIV.TA,[2169.3137],17
2025-01-17,AVIV.TA,[2135.3242],18
2025-01-18,AVIV.TA,[2147.6897],19
2025-01-19,AVIV.TA,[2168.4421],20
2025-01-20,AVIV.TA,[2141.0403],21
2025-01-21,AVIV.TA,[2176.869],22
2025-01-22,AVIV.TA,[2218.554],23
2025-01-23,AVIV.TA,[2217.211],24
2025-01-24,AVIV.TA,[2276.784],25
2025-01-25,AVIV.TA,[2298.2527],26
2025-01-26,AVIV.TA,[2313.4055],27
2025-01-27,AVIV.TA,[2336.967],28
2025-01-28,AVIV.TA,[2352.0388],29
2025-01-29,AVIV.TA,[2422.7507],30
2024-12-31,AVRT.TA,[1.7183421],1
2025-01-01,AVRT.TA,[2.2246313],2
2025-01-02,AVRT.TA,[2.4953654],3
2025-01-03,AVRT.TA,[2.5089114],4
2025-01-04,AVRT.TA,[2.8630993],5
2025-01-05,AVRT.TA,[2.6013803],6
2025-01-06,AVRT.TA,[2.990554],7
2025-01-07,AVRT.TA,[1.9041063],8
2025-01-08,AVRT.TA,[3.0737233],9
2025-01-09,AVRT.TA,[2.7720056],10
2025-01-10,AVRT.TA,[3.2332368],11
2025-01-11,AVRT.TA,[2.6483524],12
2025-01-12,AVRT.TA,[2.0517044],13
2025-01-13,AVRT.TA,[2.0806441],14
2025-01-14,AVRT.TA,[2.3217738],15
2025-01-15,AVRT.TA,[2.300468],16
2025-01-16,AVRT.TA,[2.7869961],17
2025-01-17,AVRT.TA,[2.7641892],18
2025-01-18,AVRT.TA,[2.386921],19
2025-01-19,AVRT.TA,[2.171081],20
2025-01-20,AVRT.TA,[1.4617177],21
2025-01-21,AVRT.TA,[1.7911514],22
2025-01-22,AVRT.TA,[1.9958762],23
2025-01-23,AVRT.TA,[2.0292962],24
2025-01-24,AVRT.TA,[1.8554022],25
2025-01-25,AVRT.TA,[1.7159061],26
2025-01-26,AVRT.TA,[1.9358189],27
2025-01-27,AVRT.TA,[2.281243],28
2025-01-28,AVRT.TA,[2.3574517],29
2025-01-29,AVRT.TA,[2.8516657],30
2024-12-31,AILN.TA,[-918.9374],1
2025-01-01,AILN.TA,[-26370.701],2
2025-01-02,AILN.TA,[-587086.25],3
2025-01-03,AILN.TA,[8100493.],4
2025-01-04,AILN.TA,[-3.037777e+08],5
2025-01-05,AILN.TA,[-7.2760197e+09],6
2025-01-06,AILN.TA,[1.7882138e+11],7
2025-01-07,AILN.TA,[-6.9164534e+12],8
2025-01-08,AILN.TA,[1.6941406e+14],9
2025-01-09,AILN.TA,[3.8016625e+14],10
2025-01-10,AILN.TA,[-2.6129941e+16],11
2025-01-11,AILN.TA,[-2.3856205e+17],12
2025-01-12,AILN.TA,[7.9787133e+18],13
2025-01-13,AILN.TA,[-3.6253746e+19],14
2025-01-14,AILN.TA,[-5.3576127e+20],15
2025-01-15,AILN.TA,[-6.9663897e+21],16
2025-01-16,AILN.TA,[3.043936e+23],17
2025-01-17,AILN.TA,[1.4391359e+25],18
2025-01-18,AILN.TA,[4.5807412e+26],19
2025-01-19,AILN.TA,[-1.0041537e+28],20
2025-01-20,AILN.TA,[-7.823434e+29],21
2025-01-21,AILN.TA,[2.42613e+30],22
2025-01-22,AILN.TA,[-9.954989e+31],23
2025-01-23,AILN.TA,[7.811356e+32],24
2025-01-24,AILN.TA,[-1.7788583e+34],25
2025-01-25,AILN.TA,[8.768296e+34],26
2025-01-26,AILN.TA,[7.926896e+34],27
2025-01-27,AILN.TA,[2.709708e+36],28
2025-01-28,AILN.TA,[2.9433673e+37],29
2025-01-29,AILN.TA,[inf],30
2024-12-31,AYAL.TA,[3368.7974],1
2025-01-01,AYAL.TA,[3314.9197],2
2025-01-02,AYAL.TA,[3453.779],3
2025-01-03,AYAL.TA,[3532.2122],4
2025-01-04,AYAL.TA,[3630.8298],5
2025-01-05,AYAL.TA,[3543.9312],6
2025-01-06,AYAL.TA,[3581.214],7
2025-01-07,AYAL.TA,[3692.7573],8
2025-01-08,AYAL.TA,[3629.6133],9
2025-01-09,AYAL.TA,[3712.332],10
2025-01-10,AYAL.TA,[3713.395],11
2025-01-11,AYAL.TA,[3731.3499],12
2025-01-12,AYAL.TA,[3784.3452],13
2025-01-13,AYAL.TA,[3823.709],14
2025-01-14,AYAL.TA,[3840.0403],15
2025-01-15,AYAL.TA,[3912.6665],16
2025-01-16,AYAL.TA,[3991.2122],17
2025-01-17,AYAL.TA,[4065.498],18
2025-01-18,AYAL.TA,[4081.5625],19
2025-01-19,AYAL.TA,[4191.0186],20
2025-01-20,AYAL.TA,[4270.626],21
2025-01-21,AYAL.TA,[4316.144],22
2025-01-22,AYAL.TA,[4313.1455],23
2025-01-23,AYAL.TA,[4281.0396],24
2025-01-24,AYAL.TA,[4351.322],25
2025-01-25,AYAL.TA,[4337.3774],26
2025-01-26,AYAL.TA,[4236.2603],27
2025-01-27,AYAL.TA,[4279.8945],28
2025-01-28,AYAL.TA,[4275.789],29
2025-01-29,AYAL.TA,[4181.0044],30
2024-12-31,AZRM.TA,[2042.011],1
2025-01-01,AZRM.TA,[2066.5776],2
2025-01-02,AZRM.TA,[2123.1016],3
2025-01-03,AZRM.TA,[2168.1865],4
2025-01-04,AZRM.TA,[2221.0513],5
2025-01-05,AZRM.TA,[2206.5208],6
2025-01-06,AZRM.TA,[2278.8794],7
2025-01-07,AZRM.TA,[2263.6018],8
2025-01-08,AZRM.TA,[2213.7112],9
2025-01-09,AZRM.TA,[2222.0166],10
2025-01-10,AZRM.TA,[2185.915],11
2025-01-11,AZRM.TA,[2189.8586],12
2025-01-12,AZRM.TA,[2185.0635],13
2025-01-13,AZRM.TA,[2204.0093],14
2025-01-14,AZRM.TA,[2269.7212],15
2025-01-15,AZRM.TA,[2237.6284],16
2025-01-16,AZRM.TA,[2228.5654],17
2025-01-17,AZRM.TA,[2287.889],18
2025-01-18,AZRM.TA,[2255.9297],19
2025-01-19,AZRM.TA,[2311.7214],20
2025-01-20,AZRM.TA,[2292.009],21
2025-01-21,AZRM.TA,[2269.0146],22
2025-01-22,AZRM.TA,[2319.6543],23
2025-01-23,AZRM.TA,[2276.7627],24
2025-01-24,AZRM.TA,[2330.111],25
2025-01-25,AZRM.TA,[2384.3223],26
2025-01-26,AZRM.TA,[2394.8062],27
2025-01-27,AZRM.TA,[2387.186],28
2025-01-28,AZRM.TA,[2473.8813],29
2025-01-29,AZRM.TA,[2464.6008],30
2024-12-31,AZRG.TA,[31379.209],1
2025-01-01,AZRG.TA,[31412.322],2
2025-01-02,AZRG.TA,[31277.854],3
2025-01-03,AZRG.TA,[30555.986],4
2025-01-04,AZRG.TA,[30168.273],5
2025-01-05,AZRG.TA,[30541.943],6
2025-01-06,AZRG.TA,[31494.723],7
2025-01-07,AZRG.TA,[31257.791],8
2025-01-08,AZRG.TA,[30147.746],9
2025-01-09,AZRG.TA,[31064.344],10
2025-01-10,AZRG.TA,[31448.947],11
2025-01-11,AZRG.TA,[31827.094],12
2025-01-12,AZRG.TA,[31432.832],13
2025-01-13,AZRG.TA,[32698.81],14
2025-01-14,AZRG.TA,[31517.469],15
2025-01-15,AZRG.TA,[31506.693],16
2025-01-16,AZRG.TA,[31665.139],17
2025-01-17,AZRG.TA,[32610.15],18
2025-01-18,AZRG.TA,[32959.543],19
2025-01-19,AZRG.TA,[32910.656],20
2025-01-20,AZRG.TA,[32790.73],21
2025-01-21,AZRG.TA,[32669.158],22
2025-01-22,AZRG.TA,[34055.555],23
2025-01-23,AZRG.TA,[34528.324],24
2025-01-24,AZRG.TA,[34752.27],25
2025-01-25,AZRG.TA,[35941.844],26
2025-01-26,AZRG.TA,[36648.766],27
2025-01-27,AZRG.TA,[35915.42],28
2025-01-28,AZRG.TA,[36667.29],29
2025-01-29,AZRG.TA,[36638.09],30
2024-12-31,BCOM.TA,[1779.643],1
2025-01-01,BCOM.TA,[1904.8912],2
2025-01-02,BCOM.TA,[1964.9745],3
2025-01-03,BCOM.TA,[2022.1296],4
2025-01-04,BCOM.TA,[2003.4644],5
2025-01-05,BCOM.TA,[1991.6307],6
2025-01-06,BCOM.TA,[2078.5518],7
2025-01-07,BCOM.TA,[2028.9429],8
2025-01-08,BCOM.TA,[2060.9963],9
2025-01-09,BCOM.TA,[1959.38],10
2025-01-10,BCOM.TA,[2041.6316],11
2025-01-11,BCOM.TA,[2021.7406],12
2025-01-12,BCOM.TA,[2064.8032],13
2025-01-13,BCOM.TA,[2050.7769],14
2025-01-14,BCOM.TA,[1929.0757],15
2025-01-15,BCOM.TA,[1922.8108],16
2025-01-16,BCOM.TA,[1970.9514],17
2025-01-17,BCOM.TA,[1942.8619],18
2025-01-18,BCOM.TA,[1922.349],19
2025-01-19,BCOM.TA,[1912.75],20
2025-01-20,BCOM.TA,[1966.3859],21
2025-01-21,BCOM.TA,[1941.7452],22
2025-01-22,BCOM.TA,[1982.2937],23
2025-01-23,BCOM.TA,[2081.697],24
2025-01-24,BCOM.TA,[2167.977],25
2025-01-25,BCOM.TA,[2184.2866],26
2025-01-26,BCOM.TA,[2145.0479],27
2025-01-27,BCOM.TA,[2053.5806],28
2025-01-28,BCOM.TA,[1973.8093],29
2025-01-29,BCOM.TA,[1965.5582],30
2024-12-31,BKFR.TA,[1497.9017],1
2025-01-01,BKFR.TA,[1488.7622],2
2025-01-02,BKFR.TA,[1546.5292],3
2025-01-03,BKFR.TA,[1626.1694],4
2025-01-04,BKFR.TA,[1758.2782],5
2025-01-05,BKFR.TA,[1778.7233],6
2025-01-06,BKFR.TA,[1831.1816],7
2025-01-07,BKFR.TA,[1751.1006],8
2025-01-08,BKFR.TA,[1803.6659],9
2025-01-09,BKFR.TA,[1793.0215],10
2025-01-10,BKFR.TA,[1815.6752],11
2025-01-11,BKFR.TA,[1936.1504],12
2025-01-12,BKFR.TA,[1922.7587],13
2025-01-13,BKFR.TA,[1963.4841],14
2025-01-14,BKFR.TA,[1948.7448],15
2025-01-15,BKFR.TA,[1945.2062],16
2025-01-16,BKFR.TA,[2011.807],17
2025-01-17,BKFR.TA,[2010.4097],18
2025-01-18,BKFR.TA,[2009.4856],19
2025-01-19,BKFR.TA,[2034.7351],20
2025-01-20,BKFR.TA,[2004.4711],21
2025-01-21,BKFR.TA,[2069.6465],22
2025-01-22,BKFR.TA,[2064.9626],23
2025-01-23,BKFR.TA,[2109.5857],24
2025-01-24,BKFR.TA,[2169.152],25
2025-01-25,BKFR.TA,[2127.0408],26
2025-01-26,BKFR.TA,[2105.1519],27
2025-01-27,BKFR.TA,[2068.125],28
2025-01-28,BKFR.TA,[2176.3103],29
2025-01-29,BKFR.TA,[2258.9785],30
2024-12-31,BVGG.TA,[773.79926],1
2025-01-01,BVGG.TA,[783.1365],2
2025-01-02,BVGG.TA,[800.593],3
2025-01-03,BVGG.TA,[803.5409],4
2025-01-04,BVGG.TA,[800.5341],5
2025-01-05,BVGG.TA,[809.8897],6
2025-01-06,BVGG.TA,[819.6642],7
2025-01-07,BVGG.TA,[812.6243],8
2025-01-08,BVGG.TA,[813.8373],9
2025-01-09,BVGG.TA,[807.7842],10
2025-01-10,BVGG.TA,[828.9526],11
2025-01-11,BVGG.TA,[839.2316],12
2025-01-12,BVGG.TA,[827.4126],13
2025-01-13,BVGG.TA,[840.09973],14
2025-01-14,BVGG.TA,[850.14056],15
2025-01-15,BVGG.TA,[838.5412],16
2025-01-16,BVGG.TA,[843.8355],17
2025-01-17,BVGG.TA,[847.33575],18
2025-01-18,BVGG.TA,[835.0656],19
2025-01-19,BVGG.TA,[831.3229],20
2025-01-20,BVGG.TA,[834.5956],21
2025-01-21,BVGG.TA,[829.69965],22
2025-01-22,BVGG.TA,[813.0001],23
2025-01-23,BVGG.TA,[805.8827],24
2025-01-24,BVGG.TA,[826.57184],25
2025-01-25,BVGG.TA,[828.0396],26
2025-01-26,BVGG.TA,[814.7256],27
2025-01-27,BVGG.TA,[820.806],28
2025-01-28,BVGG.TA,[821.8755],29
2025-01-29,BVGG.TA,[813.3019],30
2024-12-31,BRAN.TA,[1318.5524],1
2025-01-01,BRAN.TA,[1314.6489],2
2025-01-02,BRAN.TA,[1317.96],3
2025-01-03,BRAN.TA,[1318.3257],4
2025-01-04,BRAN.TA,[1326.6151],5
2025-01-05,BRAN.TA,[1338.4298],6
2025-01-06,BRAN.TA,[1314.3865],7
2025-01-07,BRAN.TA,[1282.2635],8
2025-01-08,BRAN.TA,[1283.1807],9
2025-01-09,BRAN.TA,[1295.9121],10
2025-01-10,BRAN.TA,[1301.2495],11
2025-01-11,BRAN.TA,[1327.4572],12
2025-01-12,BRAN.TA,[1316.5295],13
2025-01-13,BRAN.TA,[1318.552],14
2025-01-14,BRAN.TA,[1310.1122],15
2025-01-15,BRAN.TA,[1337.2799],16
2025-01-16,BRAN.TA,[1336.8643],17
2025-01-17,BRAN.TA,[1343.4248],18
2025-01-18,BRAN.TA,[1324.2261],19
2025-01-19,BRAN.TA,[1323.8413],20
2025-01-20,BRAN.TA,[1335.2528],21
2025-01-21,BRAN.TA,[1335.5208],22
2025-01-22,BRAN.TA,[1341.5907],23
2025-01-23,BRAN.TA,[1352.8569],24
2025-01-24,BRAN.TA,[1365.1277],25
2025-01-25,BRAN.TA,[1362.3821],26
2025-01-26,BRAN.TA,[1353.376],27
2025-01-27,BRAN.TA,[1345.7087],28
2025-01-28,BRAN.TA,[1325.9023],29
2025-01-29,BRAN.TA,[1328.6453],30
2024-12-31,BRKT.TA,[188.04453],1
2025-01-01,BRKT.TA,[184.08257],2
2025-01-02,BRKT.TA,[181.16635],3
2025-01-03,BRKT.TA,[179.71538],4
2025-01-04,BRKT.TA,[180.60294],5
2025-01-05,BRKT.TA,[186.05655],6
2025-01-06,BRKT.TA,[185.34758],7
2025-01-07,BRKT.TA,[187.38219],8
2025-01-08,BRKT.TA,[192.53279],9
2025-01-09,BRKT.TA,[196.19974],10
2025-01-10,BRKT.TA,[193.21706],11
2025-01-11,BRKT.TA,[195.67853],12
2025-01-12,BRKT.TA,[196.53702],13
2025-01-13,BRKT.TA,[199.04329],14
2025-01-14,BRKT.TA,[197.58893],15
2025-01-15,BRKT.TA,[197.06863],16
2025-01-16,BRKT.TA,[199.78098],17
2025-01-17,BRKT.TA,[200.41447],18
2025-01-18,BRKT.TA,[196.0485],19
2025-01-19,BRKT.TA,[195.28679],20
2025-01-20,BRKT.TA,[199.31667],21
2025-01-21,BRKT.TA,[200.74374],22
2025-01-22,BRKT.TA,[200.78902],23
2025-01-23,BRKT.TA,[202.57362],24
2025-01-24,BRKT.TA,[206.32442],25
2025-01-25,BRKT.TA,[206.7651],26
2025-01-26,BRKT.TA,[210.45915],27
2025-01-27,BRKT.TA,[207.08775],28
2025-01-28,BRKT.TA,[206.06511],29
2025-01-29,BRKT.TA,[209.05305],30
2024-12-31,BVC.TA,[86.670074],1
2025-01-01,BVC.TA,[87.02449],2
2025-01-02,BVC.TA,[89.810486],3
2025-01-03,BVC.TA,[90.321075],4
2025-01-04,BVC.TA,[91.560524],5
2025-01-05,BVC.TA,[92.53175],6
2025-01-06,BVC.TA,[92.200806],7
2025-01-07,BVC.TA,[89.83534],8
2025-01-08,BVC.TA,[89.790085],9
2025-01-09,BVC.TA,[90.49436],10
2025-01-10,BVC.TA,[89.90967],11
2025-01-11,BVC.TA,[88.89912],12
2025-01-12,BVC.TA,[91.159386],13
2025-01-13,BVC.TA,[89.927734],14
2025-01-14,BVC.TA,[89.116554],15
2025-01-15,BVC.TA,[90.2395],16
2025-01-16,BVC.TA,[91.5821],17
2025-01-17,BVC.TA,[94.14223],18
2025-01-18,BVC.TA,[95.69033],19
2025-01-19,BVC.TA,[100.63468],20
2025-01-20,BVC.TA,[100.37587],21
2025-01-21,BVC.TA,[101.98879],22
2025-01-22,BVC.TA,[101.056885],23
2025-01-23,BVC.TA,[101.48673],24
2025-01-24,BVC.TA,[98.219536],25
2025-01-25,BVC.TA,[101.1049],26
2025-01-26,BVC.TA,[98.35917],27
2025-01-27,BVC.TA,[98.7778],28
2025-01-28,BVC.TA,[97.38543],29
2025-01-29,BVC.TA,[95.88599],30
2024-12-31,ORL.TA,[89.13426],1
2025-01-01,ORL.TA,[94.1721],2
2025-01-02,ORL.TA,[93.67139],3
2025-01-03,ORL.TA,[93.43605],4
2025-01-04,ORL.TA,[91.009544],5
2025-01-05,ORL.TA,[93.15012],6
2025-01-06,ORL.TA,[91.68673],7
2025-01-07,ORL.TA,[90.40815],8
2025-01-08,ORL.TA,[91.29173],9
2025-01-09,ORL.TA,[93.34805],10
2025-01-10,ORL.TA,[92.92792],11
2025-01-11,ORL.TA,[89.91197],12
2025-01-12,ORL.TA,[89.259056],13
2025-01-13,ORL.TA,[90.529785],14
2025-01-14,ORL.TA,[91.85465],15
2025-01-15,ORL.TA,[87.21125],16
2025-01-16,ORL.TA,[88.25468],17
2025-01-17,ORL.TA,[93.23752],18
2025-01-18,ORL.TA,[94.809425],19
2025-01-19,ORL.TA,[97.414055],20
2025-01-20,ORL.TA,[98.229866],21
2025-01-21,ORL.TA,[100.96508],22
2025-01-22,ORL.TA,[101.417984],23
2025-01-23,ORL.TA,[107.30343],24
2025-01-24,ORL.TA,[107.34302],25
2025-01-25,ORL.TA,[105.402985],26
2025-01-26,ORL.TA,[102.96888],27
2025-01-27,ORL.TA,[103.95447],28
2025-01-28,ORL.TA,[105.67684],29
2025-01-29,ORL.TA,[104.623245],30
2024-12-31,BHNY.TA,[426.40714],1
2025-01-01,BHNY.TA,[493.56165],2
2025-01-02,BHNY.TA,[377.80267],3
2025-01-03,BHNY.TA,[296.57355],4
2025-01-04,BHNY.TA,[215.22551],5
2025-01-05,BHNY.TA,[147.62],6
2025-01-06,BHNY.TA,[116.76438],7
2025-01-07,BHNY.TA,[103.73567],8
2025-01-08,BHNY.TA,[81.708786],9
2025-01-09,BHNY.TA,[65.78172],10
2025-01-10,BHNY.TA,[70.984825],11
2025-01-11,BHNY.TA,[118.93073],12
2025-01-12,BHNY.TA,[98.142136],13
2025-01-13,BHNY.TA,[121.36879],14
2025-01-14,BHNY.TA,[135.04474],15
2025-01-15,BHNY.TA,[127.253525],16
2025-01-16,BHNY.TA,[125.29273],17
2025-01-17,BHNY.TA,[87.575264],18
2025-01-18,BHNY.TA,[109.822],19
2025-01-19,BHNY.TA,[104.602],20
2025-01-20,BHNY.TA,[85.18179],21
2025-01-21,BHNY.TA,[89.59442],22
2025-01-22,BHNY.TA,[107.96616],23
2025-01-23,BHNY.TA,[90.311356],24
2025-01-24,BHNY.TA,[38.969746],25
2025-01-25,BHNY.TA,[56.276985],26
2025-01-26,BHNY.TA,[90.97251],27
2025-01-27,BHNY.TA,[76.22435],28
2025-01-28,BHNY.TA,[104.81297],29
2025-01-29,BHNY.TA,[100.73866],30
2024-12-31,BSEN.TA,[25463.928],1
2025-01-01,BSEN.TA,[24934.066],2
2025-01-02,BSEN.TA,[24450.656],3
2025-01-03,BSEN.TA,[25350.477],4
2025-01-04,BSEN.TA,[26253.451],5
2025-01-05,BSEN.TA,[26496.764],6
2025-01-06,BSEN.TA,[26202.152],7
2025-01-07,BSEN.TA,[26330.574],8
2025-01-08,BSEN.TA,[24916.635],9
2025-01-09,BSEN.TA,[24865.932],10
2025-01-10,BSEN.TA,[24431.688],11
2025-01-11,BSEN.TA,[24469.73],12
2025-01-12,BSEN.TA,[24302.24],13
2025-01-13,BSEN.TA,[23033.902],14
2025-01-14,BSEN.TA,[23334.713],15
2025-01-15,BSEN.TA,[22984.49],16
2025-01-16,BSEN.TA,[23223.248],17
2025-01-17,BSEN.TA,[23036.248],18
2025-01-18,BSEN.TA,[24279.414],19
2025-01-19,BSEN.TA,[24179.594],20
2025-01-20,BSEN.TA,[24292.371],21
2025-01-21,BSEN.TA,[24178.508],22
2025-01-22,BSEN.TA,[23798.627],23
2025-01-23,BSEN.TA,[23612.924],24
2025-01-24,BSEN.TA,[22204.559],25
2025-01-25,BSEN.TA,[21900.803],26
2025-01-26,BSEN.TA,[23363.656],27
2025-01-27,BSEN.TA,[22414.133],28
2025-01-28,BSEN.TA,[22517.506],29
2025-01-29,BSEN.TA,[21933.346],30
2024-12-31,BEZQ.TA,[515.17206],1
2025-01-01,BEZQ.TA,[510.58908],2
2025-01-02,BEZQ.TA,[507.66153],3
2025-01-03,BEZQ.TA,[496.43463],4
2025-01-04,BEZQ.TA,[501.53983],5
2025-01-05,BEZQ.TA,[511.99176],6
2025-01-06,BEZQ.TA,[520.1625],7
2025-01-07,BEZQ.TA,[528.757],8
2025-01-08,BEZQ.TA,[522.9534],9
2025-01-09,BEZQ.TA,[523.6321],10
2025-01-10,BEZQ.TA,[528.4],11
2025-01-11,BEZQ.TA,[507.06866],12
2025-01-12,BEZQ.TA,[528.10046],13
2025-01-13,BEZQ.TA,[524.6554],14
2025-01-14,BEZQ.TA,[532.1876],15
2025-01-15,BEZQ.TA,[546.42255],16
2025-01-16,BEZQ.TA,[553.639],17
2025-01-17,BEZQ.TA,[556.7195],18
2025-01-18,BEZQ.TA,[551.30316],19
2025-01-19,BEZQ.TA,[550.783],20
2025-01-20,BEZQ.TA,[547.6057],21
2025-01-21,BEZQ.TA,[561.7376],22
2025-01-22,BEZQ.TA,[547.8523],23
2025-01-23,BEZQ.TA,[545.7159],24
2025-01-24,BEZQ.TA,[545.75946],25
2025-01-25,BEZQ.TA,[539.74774],26
2025-01-26,BEZQ.TA,[540.02405],27
2025-01-27,BEZQ.TA,[526.60803],28
2025-01-28,BEZQ.TA,[532.78033],29
2025-01-29,BEZQ.TA,[529.98047],30
2024-12-31,BIG.TA,[54687.977],1
2025-01-01,BIG.TA,[55638.57],2
2025-01-02,BIG.TA,[56395.09],3
2025-01-03,BIG.TA,[57554.34],4
2025-01-04,BIG.TA,[55406.89],5
2025-01-05,BIG.TA,[55039.086],6
2025-01-06,BIG.TA,[54113.008],7
2025-01-07,BIG.TA,[53522.773],8
2025-01-08,BIG.TA,[53948.527],9
2025-01-09,BIG.TA,[52845.86],10
2025-01-10,BIG.TA,[51864.004],11
2025-01-11,BIG.TA,[53135.508],12
2025-01-12,BIG.TA,[52635.387],13
2025-01-13,BIG.TA,[52747.6],14
2025-01-14,BIG.TA,[52768.598],15
2025-01-15,BIG.TA,[53402.7],16
2025-01-16,BIG.TA,[53309.453],17
2025-01-17,BIG.TA,[54122.535],18
2025-01-18,BIG.TA,[53551.633],19
2025-01-19,BIG.TA,[53635.273],20
2025-01-20,BIG.TA,[55126.434],21
2025-01-21,BIG.TA,[56016.082],22
2025-01-22,BIG.TA,[56657.855],23
2025-01-23,BIG.TA,[57387.33],24
2025-01-24,BIG.TA,[55979.168],25
2025-01-25,BIG.TA,[57012.613],26
2025-01-26,BIG.TA,[57657.64],27
2025-01-27,BIG.TA,[58821.066],28
2025-01-28,BIG.TA,[58677.11],29
2025-01-29,BIG.TA,[59362.25],30
2024-12-31,BIGT.TA,[122.09332],1
2025-01-01,BIGT.TA,[127.00594],2
2025-01-02,BIGT.TA,[127.45423],3
2025-01-03,BIGT.TA,[131.455],4
2025-01-04,BIGT.TA,[118.600395],5
2025-01-05,BIGT.TA,[113.38285],6
2025-01-06,BIGT.TA,[119.37589],7
2025-01-07,BIGT.TA,[126.35811],8
2025-01-08,BIGT.TA,[128.28345],9
2025-01-09,BIGT.TA,[126.39633],10
2025-01-10,BIGT.TA,[133.97224],11
2025-01-11,BIGT.TA,[138.50327],12
2025-01-12,BIGT.TA,[137.31166],13
2025-01-13,BIGT.TA,[139.36087],14
2025-01-14,BIGT.TA,[146.57077],15
2025-01-15,BIGT.TA,[152.63837],16
2025-01-16,BIGT.TA,[155.39655],17
2025-01-17,BIGT.TA,[150.07285],18
2025-01-18,BIGT.TA,[138.69609],19
2025-01-19,BIGT.TA,[154.00687],20
2025-01-20,BIGT.TA,[146.9409],21
2025-01-21,BIGT.TA,[155.19933],22
2025-01-22,BIGT.TA,[153.40282],23
2025-01-23,BIGT.TA,[147.27065],24
2025-01-24,BIGT.TA,[134.85506],25
2025-01-25,BIGT.TA,[142.41344],26
2025-01-26,BIGT.TA,[152.30762],27
2025-01-27,BIGT.TA,[165.78612],28
2025-01-28,BIGT.TA,[158.79692],29
2025-01-29,BIGT.TA,[153.11699],30
2024-12-31,BKRY.TA,[334.37854],1
2025-01-01,BKRY.TA,[329.53113],2
2025-01-02,BKRY.TA,[322.99155],3
2025-01-03,BKRY.TA,[328.34766],4
2025-01-04,BKRY.TA,[321.9636],5
2025-01-05,BKRY.TA,[330.3824],6
2025-01-06,BKRY.TA,[339.37054],7
2025-01-07,BKRY.TA,[343.90454],8
2025-01-08,BKRY.TA,[346.47406],9
2025-01-09,BKRY.TA,[358.18384],10
2025-01-10,BKRY.TA,[331.8149],11
2025-01-11,BKRY.TA,[334.4599],12
2025-01-12,BKRY.TA,[334.51715],13
2025-01-13,BKRY.TA,[324.69495],14
2025-01-14,BKRY.TA,[320.56613],15
2025-01-15,BKRY.TA,[329.3644],16
2025-01-16,BKRY.TA,[342.9076],17
2025-01-17,BKRY.TA,[348.70084],18
2025-01-18,BKRY.TA,[332.19138],19
2025-01-19,BKRY.TA,[298.55505],20
2025-01-20,BKRY.TA,[303.61038],21
2025-01-21,BKRY.TA,[321.46097],22
2025-01-22,BKRY.TA,[312.52563],23
2025-01-23,BKRY.TA,[313.03687],24
2025-01-24,BKRY.TA,[297.0187],25
2025-01-25,BKRY.TA,[305.48886],26
2025-01-26,BKRY.TA,[314.0782],27
2025-01-27,BKRY.TA,[309.15976],28
2025-01-28,BKRY.TA,[313.38943],29
2025-01-29,BKRY.TA,[319.43878],30
2024-12-31,BIOV.TA,[52.305416],1
2025-01-01,BIOV.TA,[-150.2901],2
2025-01-02,BIOV.TA,[457.47498],3
2025-01-03,BIOV.TA,[-511.77084],4
2025-01-04,BIOV.TA,[-3804.2412],5
2025-01-05,BIOV.TA,[3793.426],6
2025-01-06,BIOV.TA,[4094.2407],7
2025-01-07,BIOV.TA,[-22310.46],8
2025-01-08,BIOV.TA,[13066.5205],9
2025-01-09,BIOV.TA,[38831.22],10
2025-01-10,BIOV.TA,[7893.2856],11
2025-01-11,BIOV.TA,[44545.51],12
2025-01-12,BIOV.TA,[-307555.3],13
2025-01-13,BIOV.TA,[3210612.8],14
2025-01-14,BIOV.TA,[-21782796.],15
2025-01-15,BIOV.TA,[63923956.],16
2025-01-16,BIOV.TA,[3.690027e+08],17
2025-01-17,BIOV.TA,[-2.7601236e+09],18
2025-01-18,BIOV.TA,[9.861448e+08],19
2025-01-19,BIOV.TA,[4.956836e+09],20
2025-01-20,BIOV.TA,[-3.937888e+10],21
2025-01-21,BIOV.TA,[-2.5226704e+11],22
2025-01-22,BIOV.TA,[-1.4174726e+10],23
2025-01-23,BIOV.TA,[2.3761265e+10],24
2025-01-24,BIOV.TA,[3.2309836e+10],25
2025-01-25,BIOV.TA,[-1.19883194e+11],26
2025-01-26,BIOV.TA,[-7.3985904e+11],27
2025-01-27,BIOV.TA,[-1.3099442e+13],28
2025-01-28,BIOV.TA,[1.5141908e+13],29
2025-01-29,BIOV.TA,[-8.1932575e+13],30
2024-12-31,BOLT.TA,[574.0432],1
2025-01-01,BOLT.TA,[580.5624],2
2025-01-02,BOLT.TA,[551.06433],3
2025-01-03,BOLT.TA,[533.4696],4
2025-01-04,BOLT.TA,[506.64313],5
2025-01-05,BOLT.TA,[488.25287],6
2025-01-06,BOLT.TA,[466.939],7
2025-01-07,BOLT.TA,[505.38565],8
2025-01-08,BOLT.TA,[411.15387],9
2025-01-09,BOLT.TA,[407.26486],10
2025-01-10,BOLT.TA,[412.55527],11
2025-01-11,BOLT.TA,[402.63745],12
2025-01-12,BOLT.TA,[426.7579],13
2025-01-13,BOLT.TA,[416.3177],14
2025-01-14,BOLT.TA,[384.70087],15
2025-01-15,BOLT.TA,[326.0598],16
2025-01-16,BOLT.TA,[326.28317],17
2025-01-17,BOLT.TA,[332.64902],18
2025-01-18,BOLT.TA,[332.2843],19
2025-01-19,BOLT.TA,[255.20941],20
2025-01-20,BOLT.TA,[249.7458],21
2025-01-21,BOLT.TA,[254.81633],22
2025-01-22,BOLT.TA,[272.9517],23
2025-01-23,BOLT.TA,[242.04999],24
2025-01-24,BOLT.TA,[226.97661],25
2025-01-25,BOLT.TA,[187.15572],26
2025-01-26,BOLT.TA,[200.68521],27
2025-01-27,BOLT.TA,[199.10724],28
2025-01-28,BOLT.TA,[203.14503],29
2025-01-29,BOLT.TA,[212.06403],30
2024-12-31,BLRX.TA,[6.706308],1
2025-01-01,BLRX.TA,[6.56301],2
2025-01-02,BLRX.TA,[6.7854047],3
2025-01-03,BLRX.TA,[6.081867],4
2025-01-04,BLRX.TA,[6.978629],5
2025-01-05,BLRX.TA,[7.070363],6
2025-01-06,BLRX.TA,[6.8959556],7
2025-01-07,BLRX.TA,[6.3487935],8
2025-01-08,BLRX.TA,[5.344511],9
2025-01-09,BLRX.TA,[5.806397],10
2025-01-10,BLRX.TA,[5.9629736],11
2025-01-11,BLRX.TA,[6.316538],12
2025-01-12,BLRX.TA,[6.0540504],13
2025-01-13,BLRX.TA,[6.21119],14
2025-01-14,BLRX.TA,[5.8853016],15
2025-01-15,BLRX.TA,[5.690806],16
2025-01-16,BLRX.TA,[5.460292],17
2025-01-17,BLRX.TA,[5.2342224],18
2025-01-18,BLRX.TA,[4.9796405],19
2025-01-19,BLRX.TA,[5.4103703],20
2025-01-20,BLRX.TA,[5.054678],21
2025-01-21,BLRX.TA,[5.106041],22
2025-01-22,BLRX.TA,[5.1199613],23
2025-01-23,BLRX.TA,[5.5176992],24
2025-01-24,BLRX.TA,[5.703005],25
2025-01-25,BLRX.TA,[5.065467],26
2025-01-26,BLRX.TA,[4.8105254],27
2025-01-27,BLRX.TA,[4.2764215],28
2025-01-28,BLRX.TA,[4.790392],29
2025-01-29,BLRX.TA,[5.118376],30
2024-12-31,BIMT.TA,[22.090805],1
2025-01-01,BIMT.TA,[22.290457],2
2025-01-02,BIMT.TA,[21.367176],3
2025-01-03,BIMT.TA,[22.274628],4
2025-01-04,BIMT.TA,[18.903536],5
2025-01-05,BIMT.TA,[16.742073],6
2025-01-06,BIMT.TA,[15.468583],7
2025-01-07,BIMT.TA,[15.433042],8
2025-01-08,BIMT.TA,[14.294754],9
2025-01-09,BIMT.TA,[13.124066],10
2025-01-10,BIMT.TA,[12.645041],11
2025-01-11,BIMT.TA,[12.668472],12
2025-01-12,BIMT.TA,[11.835026],13
2025-01-13,BIMT.TA,[11.586491],14
2025-01-14,BIMT.TA,[11.756977],15
2025-01-15,BIMT.TA,[11.976011],16
2025-01-16,BIMT.TA,[12.390827],17
2025-01-17,BIMT.TA,[12.107746],18
2025-01-18,BIMT.TA,[11.566959],19
2025-01-19,BIMT.TA,[12.055795],20
2025-01-20,BIMT.TA,[11.798397],21
2025-01-21,BIMT.TA,[11.6026],22
2025-01-22,BIMT.TA,[12.221955],23
2025-01-23,BIMT.TA,[12.6221695],24
2025-01-24,BIMT.TA,[11.960385],25
2025-01-25,BIMT.TA,[10.568355],26
2025-01-26,BIMT.TA,[11.250564],27
2025-01-27,BIMT.TA,[11.96154],28
2025-01-28,BIMT.TA,[10.928698],29
2025-01-29,BIMT.TA,[8.924587],30
2024-12-31,BIRM.TA,[1403.0531],1
2025-01-01,BIRM.TA,[1471.2787],2
2025-01-02,BIRM.TA,[1342.4441],3
2025-01-03,BIRM.TA,[1337.4254],4
2025-01-04,BIRM.TA,[1242.2795],5
2025-01-05,BIRM.TA,[1267.0641],6
2025-01-06,BIRM.TA,[1313.7957],7
2025-01-07,BIRM.TA,[1413.0228],8
2025-01-08,BIRM.TA,[1540.6036],9
2025-01-09,BIRM.TA,[1478.1189],10
2025-01-10,BIRM.TA,[1413.4442],11
2025-01-11,BIRM.TA,[1494.2743],12
2025-01-12,BIRM.TA,[1443.7076],13
2025-01-13,BIRM.TA,[1457.5553],14
2025-01-14,BIRM.TA,[1395.8616],15
2025-01-15,BIRM.TA,[1390.2367],16
2025-01-16,BIRM.TA,[1311.6393],17
2025-01-17,BIRM.TA,[1415.8307],18
2025-01-18,BIRM.TA,[1471.2407],19
2025-01-19,BIRM.TA,[1268.8243],20
2025-01-20,BIRM.TA,[1377.2147],21
2025-01-21,BIRM.TA,[1420.0417],22
2025-01-22,BIRM.TA,[1547.2789],23
2025-01-23,BIRM.TA,[1536.6736],24
2025-01-24,BIRM.TA,[1523.7157],25
2025-01-25,BIRM.TA,[1679.6263],26
2025-01-26,BIRM.TA,[1710.871],27
2025-01-27,BIRM.TA,[1479.7257],28
2025-01-28,BIRM.TA,[1439.7904],29
2025-01-29,BIRM.TA,[1293.7825],30
2024-12-31,BLRN.TA,[-31.030792],1
2025-01-01,BLRN.TA,[-479.33484],2
2025-01-02,BLRN.TA,[-3341.8118],3
2025-01-03,BLRN.TA,[-14468.931],4
2025-01-04,BLRN.TA,[-42402.145],5
2025-01-05,BLRN.TA,[-399370.12],6
2025-01-06,BLRN.TA,[-2818127.2],7
2025-01-07,BLRN.TA,[-861066.8],8
2025-01-08,BLRN.TA,[5476572.],9
2025-01-09,BLRN.TA,[-1.10088264e+08],10
2025-01-10,BLRN.TA,[4.585121e+08],11
2025-01-11,BLRN.TA,[7.900592e+08],12
2025-01-12,BLRN.TA,[-2.5975598e+09],13
2025-01-13,BLRN.TA,[-2.725629e+10],14
2025-01-14,BLRN.TA,[1.1046224e+11],15
2025-01-15,BLRN.TA,[4.8669868e+11],16
2025-01-16,BLRN.TA,[4.9804e+12],17
2025-01-17,BLRN.TA,[2.1260838e+12],18
2025-01-18,BLRN.TA,[4.5573163e+12],19
2025-01-19,BLRN.TA,[-2.38306e+13],20
2025-01-20,BLRN.TA,[8.972484e+13],21
2025-01-21,BLRN.TA,[9.512505e+14],22
2025-01-22,BLRN.TA,[6.502109e+15],23
2025-01-23,BLRN.TA,[4.344523e+16],24
2025-01-24,BLRN.TA,[5.887784e+17],25
2025-01-25,BLRN.TA,[2.4527837e+18],26
2025-01-26,BLRN.TA,[-5.0862204e+18],27
2025-01-27,BLRN.TA,[-8.550898e+19],28
2025-01-28,BLRN.TA,[3.3315245e+20],29
2025-01-29,BLRN.TA,[-1.253456e+21],30
2024-12-30,BLITZ-M.TA,[499.91327],1
2024-12-31,BLITZ-M.TA,[523.7874],2
2025-01-01,BLITZ-M.TA,[790.83136],3
2025-01-02,BLITZ-M.TA,[662.60284],4
2025-01-03,BLITZ-M.TA,[134.59616],5
2025-01-04,BLITZ-M.TA,[172.94743],6
2025-01-05,BLITZ-M.TA,[95.55707],7
2025-01-06,BLITZ-M.TA,[72.853134],8
2025-01-07,BLITZ-M.TA,[45.102764],9
2025-01-08,BLITZ-M.TA,[3.4499795],10
2025-01-09,BLITZ-M.TA,[5.1343727],11
2025-01-10,BLITZ-M.TA,[8.031272],12
2025-01-11,BLITZ-M.TA,[9.692422],13
2025-01-12,BLITZ-M.TA,[12.938356],14
2025-01-13,BLITZ-M.TA,[13.858511],15
2025-01-14,BLITZ-M.TA,[12.574949],16
2025-01-15,BLITZ-M.TA,[12.202888],17
2025-01-16,BLITZ-M.TA,[14.49129],18
2025-01-17,BLITZ-M.TA,[8.47887],19
2025-01-18,BLITZ-M.TA,[9.726089],20
2025-01-19,BLITZ-M.TA,[8.627734],21
2025-01-20,BLITZ-M.TA,[9.034183],22
2025-01-21,BLITZ-M.TA,[10.706063],23
2025-01-22,BLITZ-M.TA,[14.71793],24
2025-01-23,BLITZ-M.TA,[18.067614],25
2025-01-24,BLITZ-M.TA,[20.953878],26
2025-01-25,BLITZ-M.TA,[14.443003],27
2025-01-26,BLITZ-M.TA,[14.536055],28
2025-01-27,BLITZ-M.TA,[8.424866],29
2025-01-28,BLITZ-M.TA,[12.972024],30
2024-12-31,BLSR.TA,[32631.824],1
2025-01-01,BLSR.TA,[32868.],2
2025-01-02,BLSR.TA,[32675.156],3
2025-01-03,BLSR.TA,[32510.617],4
2025-01-04,BLSR.TA,[32752.1],5
2025-01-05,BLSR.TA,[33993.51],6
2025-01-06,BLSR.TA,[33749.273],7
2025-01-07,BLSR.TA,[32294.018],8
2025-01-08,BLSR.TA,[32438.213],9
2025-01-09,BLSR.TA,[33236.555],10
2025-01-10,BLSR.TA,[32917.53],11
2025-01-11,BLSR.TA,[33335.16],12
2025-01-12,BLSR.TA,[31843.803],13
2025-01-13,BLSR.TA,[32140.23],14
2025-01-14,BLSR.TA,[32523.598],15
2025-01-15,BLSR.TA,[32418.014],16
2025-01-16,BLSR.TA,[32881.055],17
2025-01-17,BLSR.TA,[33607.33],18
2025-01-18,BLSR.TA,[33722.34],19
2025-01-19,BLSR.TA,[33057.64],20
2025-01-20,BLSR.TA,[32624.705],21
2025-01-21,BLSR.TA,[32469.47],22
2025-01-22,BLSR.TA,[32556.154],23
2025-01-23,BLSR.TA,[32842.75],24
2025-01-24,BLSR.TA,[33114.496],25
2025-01-25,BLSR.TA,[33228.3],26
2025-01-26,BLSR.TA,[33402.387],27
2025-01-27,BLSR.TA,[34443.047],28
2025-01-28,BLSR.TA,[34934.22],29
2025-01-29,BLSR.TA,[35410.508],30
2024-12-31,BOTI.TA,[4857.3345],1
2025-01-01,BOTI.TA,[4857.8433],2
2025-01-02,BOTI.TA,[5003.299],3
2025-01-03,BOTI.TA,[5096.718],4
2025-01-04,BOTI.TA,[4933.2363],5
2025-01-05,BOTI.TA,[4893.1743],6
2025-01-06,BOTI.TA,[5086.9883],7
2025-01-07,BOTI.TA,[5280.3413],8
2025-01-08,BOTI.TA,[5361.1943],9
2025-01-09,BOTI.TA,[5217.126],10
2025-01-10,BOTI.TA,[5235.596],11
2025-01-11,BOTI.TA,[5292.441],12
2025-01-12,BOTI.TA,[5242.55],13
2025-01-13,BOTI.TA,[5231.819],14
2025-01-14,BOTI.TA,[5263.56],15
2025-01-15,BOTI.TA,[5296.387],16
2025-01-16,BOTI.TA,[5458.6157],17
2025-01-17,BOTI.TA,[5314.4116],18
2025-01-18,BOTI.TA,[5057.5044],19
2025-01-19,BOTI.TA,[5070.7666],20
2025-01-20,BOTI.TA,[5099.0825],21
2025-01-21,BOTI.TA,[5226.766],22
2025-01-22,BOTI.TA,[5284.6426],23
2025-01-23,BOTI.TA,[5364.7866],24
2025-01-24,BOTI.TA,[5428.2144],25
2025-01-25,BOTI.TA,[5366.7188],26
2025-01-26,BOTI.TA,[5429.5947],27
2025-01-27,BOTI.TA,[5420.034],28
2025-01-28,BOTI.TA,[5368.458],29
2025-01-29,BOTI.TA,[5429.4233],30
2024-12-31,BONS.TA,[11.1375885],1
2025-01-01,BONS.TA,[11.05939],2
2025-01-02,BONS.TA,[11.141744],3
2025-01-03,BONS.TA,[11.500413],4
2025-01-04,BONS.TA,[11.680261],5
2025-01-05,BONS.TA,[11.704527],6
2025-01-06,BONS.TA,[11.4964485],7
2025-01-07,BONS.TA,[11.468898],8
2025-01-08,BONS.TA,[11.377524],9
2025-01-09,BONS.TA,[11.267603],10
2025-01-10,BONS.TA,[11.344571],11
2025-01-11,BONS.TA,[11.1784525],12
2025-01-12,BONS.TA,[11.468678],13
2025-01-13,BONS.TA,[11.81342],14
2025-01-14,BONS.TA,[12.007062],15
2025-01-15,BONS.TA,[12.384394],16
2025-01-16,BONS.TA,[11.899332],17
2025-01-17,BONS.TA,[11.511433],18
2025-01-18,BONS.TA,[11.468393],19
2025-01-19,BONS.TA,[11.893129],20
2025-01-20,BONS.TA,[11.940423],21
2025-01-21,BONS.TA,[12.166797],22
2025-01-22,BONS.TA,[12.538344],23
2025-01-23,BONS.TA,[12.617553],24
2025-01-24,BONS.TA,[12.686011],25
2025-01-25,BONS.TA,[12.584449],26
2025-01-26,BONS.TA,[12.489171],27
2025-01-27,BONS.TA,[12.26991],28
2025-01-28,BONS.TA,[12.182456],29
2025-01-29,BONS.TA,[11.741574],30
2024-12-31,BCNV-M.TA,[-272059.78],1
2025-01-01,BCNV-M.TA,[2387919.],2
2025-01-02,BCNV-M.TA,[-7916643.5],3
2025-01-03,BCNV-M.TA,[5909774.],4
2025-01-04,BCNV-M.TA,[54697868.],5
2025-01-05,BCNV-M.TA,[8.984591e+08],6
2025-01-06,BCNV-M.TA,[2.14567e+09],7
2025-01-07,BCNV-M.TA,[-3.7084465e+09],8
2025-01-08,BCNV-M.TA,[-2.7964172e+10],9
2025-01-09,BCNV-M.TA,[-5.6455856e+11],10
2025-01-10,BCNV-M.TA,[5.1797072e+11],11
2025-01-11,BCNV-M.TA,[-4.0173657e+12],12
2025-01-12,BCNV-M.TA,[9.277309e+12],13
2025-01-13,BCNV-M.TA,[-5.978247e+12],14
2025-01-14,BCNV-M.TA,[-1.0695736e+13],15
2025-01-15,BCNV-M.TA,[-2.815389e+13],16
2025-01-16,BCNV-M.TA,[-1.7311959e+13],17
2025-01-17,BCNV-M.TA,[1.507004e+13],18
2025-01-18,BCNV-M.TA,[-1.6677316e+14],19
2025-01-19,BCNV-M.TA,[-8.8236285e+14],20
2025-01-20,BCNV-M.TA,[-8.048141e+15],21
2025-01-21,BCNV-M.TA,[-1.1728121e+17],22
2025-01-22,BCNV-M.TA,[-1.5436081e+18],23
2025-01-23,BCNV-M.TA,[-1.1648357e+19],24
2025-01-24,BCNV-M.TA,[-4.483074e+19],25
2025-01-25,BCNV-M.TA,[8.606356e+19],26
2025-01-26,BCNV-M.TA,[2.420326e+20],27
2025-01-27,BCNV-M.TA,[2.639768e+21],28
2025-01-28,BCNV-M.TA,[-1.7213018e+22],29
2025-01-29,BCNV-M.TA,[-2.2054578e+23],30
2024-12-31,BWAY.TA,[1756.9675],1
2025-01-01,BWAY.TA,[1676.6572],2
2025-01-02,BWAY.TA,[1718.3154],3
2025-01-03,BWAY.TA,[1722.4087],4
2025-01-04,BWAY.TA,[1743.6923],5
2025-01-05,BWAY.TA,[1719.0734],6
2025-01-06,BWAY.TA,[1638.8547],7
2025-01-07,BWAY.TA,[1689.2119],8
2025-01-08,BWAY.TA,[1625.6047],9
2025-01-09,BWAY.TA,[1642.2845],10
2025-01-10,BWAY.TA,[1579.455],11
2025-01-11,BWAY.TA,[1568.9899],12
2025-01-12,BWAY.TA,[1632.2804],13
2025-01-13,BWAY.TA,[1631.3198],14
2025-01-14,BWAY.TA,[1632.4159],15
2025-01-15,BWAY.TA,[1650.6075],16
2025-01-16,BWAY.TA,[1685.0958],17
2025-01-17,BWAY.TA,[1653.102],18
2025-01-18,BWAY.TA,[1653.6534],19
2025-01-19,BWAY.TA,[1627.2334],20
2025-01-20,BWAY.TA,[1585.3193],21
2025-01-21,BWAY.TA,[1576.5635],22
2025-01-22,BWAY.TA,[1551.0701],23
2025-01-23,BWAY.TA,[1667.9492],24
2025-01-24,BWAY.TA,[1640.9846],25
2025-01-25,BWAY.TA,[1586.7195],26
2025-01-26,BWAY.TA,[1583.0225],27
2025-01-27,BWAY.TA,[1612.6305],28
2025-01-28,BWAY.TA,[1622.5603],29
2025-01-29,BWAY.TA,[1673.8475],30
2024-12-31,BRAM.TA,[152.95802],1
2025-01-01,BRAM.TA,[151.56923],2
2025-01-02,BRAM.TA,[150.29926],3
2025-01-03,BRAM.TA,[150.22519],4
2025-01-04,BRAM.TA,[150.67448],5
2025-01-05,BRAM.TA,[151.70972],6
2025-01-06,BRAM.TA,[151.97565],7
2025-01-07,BRAM.TA,[152.01768],8
2025-01-08,BRAM.TA,[151.40659],9
2025-01-09,BRAM.TA,[147.427],10
2025-01-10,BRAM.TA,[150.52142],11
2025-01-11,BRAM.TA,[149.074],12
2025-01-12,BRAM.TA,[147.84384],13
2025-01-13,BRAM.TA,[145.09795],14
2025-01-14,BRAM.TA,[143.38322],15
2025-01-15,BRAM.TA,[145.37924],16
2025-01-16,BRAM.TA,[146.03076],17
2025-01-17,BRAM.TA,[149.23454],18
2025-01-18,BRAM.TA,[148.43687],19
2025-01-19,BRAM.TA,[149.74966],20
2025-01-20,BRAM.TA,[150.1658],21
2025-01-21,BRAM.TA,[150.38931],22
2025-01-22,BRAM.TA,[148.59378],23
2025-01-23,BRAM.TA,[148.69109],24
2025-01-24,BRAM.TA,[150.3191],25
2025-01-25,BRAM.TA,[146.63469],26
2025-01-26,BRAM.TA,[148.43094],27
2025-01-27,BRAM.TA,[149.16032],28
2025-01-28,BRAM.TA,[152.11436],29
2025-01-29,BRAM.TA,[152.89545],30
2024-12-31,BRND.TA,[295.00824],1
2025-01-01,BRND.TA,[297.73642],2
2025-01-02,BRND.TA,[284.34036],3
2025-01-03,BRND.TA,[297.86337],4
2025-01-04,BRND.TA,[299.45392],5
2025-01-05,BRND.TA,[290.8563],6
2025-01-06,BRND.TA,[289.67615],7
2025-01-07,BRND.TA,[280.8479],8
2025-01-08,BRND.TA,[276.4483],9
2025-01-09,BRND.TA,[273.8061],10
2025-01-10,BRND.TA,[283.0882],11
2025-01-11,BRND.TA,[281.43646],12
2025-01-12,BRND.TA,[282.07086],13
2025-01-13,BRND.TA,[281.4191],14
2025-01-14,BRND.TA,[288.33783],15
2025-01-15,BRND.TA,[296.8336],16
2025-01-16,BRND.TA,[289.77045],17
2025-01-17,BRND.TA,[290.41913],18
2025-01-18,BRND.TA,[292.85275],19
2025-01-19,BRND.TA,[309.1237],20
2025-01-20,BRND.TA,[308.14606],21
2025-01-21,BRND.TA,[316.54025],22
2025-01-22,BRND.TA,[308.8588],23
2025-01-23,BRND.TA,[307.26385],24
2025-01-24,BRND.TA,[315.94608],25
2025-01-25,BRND.TA,[316.0355],26
2025-01-26,BRND.TA,[316.3471],27
2025-01-27,BRND.TA,[300.21603],28
2025-01-28,BRND.TA,[289.95688],29
2025-01-29,BRND.TA,[283.58664],30
2024-12-31,BRIL.TA,[2257.2188],1
2025-01-01,BRIL.TA,[2471.9104],2
2025-01-02,BRIL.TA,[2423.9592],3
2025-01-03,BRIL.TA,[2453.6475],4
2025-01-04,BRIL.TA,[2260.8113],5
2025-01-05,BRIL.TA,[2330.639],6
2025-01-06,BRIL.TA,[2400.4836],7
2025-01-07,BRIL.TA,[2391.2937],8
2025-01-08,BRIL.TA,[2337.5737],9
2025-01-09,BRIL.TA,[2602.112],10
2025-01-10,BRIL.TA,[2715.9817],11
2025-01-11,BRIL.TA,[2926.2925],12
2025-01-12,BRIL.TA,[2788.1726],13
2025-01-13,BRIL.TA,[2666.5103],14
2025-01-14,BRIL.TA,[2518.7402],15
2025-01-15,BRIL.TA,[2544.271],16
2025-01-16,BRIL.TA,[2361.2458],17
2025-01-17,BRIL.TA,[2597.936],18
2025-01-18,BRIL.TA,[2725.5942],19
2025-01-19,BRIL.TA,[3009.5083],20
2025-01-20,BRIL.TA,[2820.478],21
2025-01-21,BRIL.TA,[2799.9233],22
2025-01-22,BRIL.TA,[2490.963],23
2025-01-23,BRIL.TA,[2475.8174],24
2025-01-24,BRIL.TA,[2373.7568],25
2025-01-25,BRIL.TA,[2313.5225],26
2025-01-26,BRIL.TA,[2339.236],27
2025-01-27,BRIL.TA,[2446.1208],28
2025-01-28,BRIL.TA,[2453.7324],29
2025-01-29,BRIL.TA,[2547.2822],30
2024-12-31,BRMG.TA,[1404.6361],1
2025-01-01,BRMG.TA,[1355.854],2
2025-01-02,BRMG.TA,[1425.7277],3
2025-01-03,BRMG.TA,[1416.2603],4
2025-01-04,BRMG.TA,[1412.1509],5
2025-01-05,BRMG.TA,[1340.0242],6
2025-01-06,BRMG.TA,[1319.9434],7
2025-01-07,BRMG.TA,[1213.2942],8
2025-01-08,BRMG.TA,[1318.6178],9
2025-01-09,BRMG.TA,[1309.7112],10
2025-01-10,BRMG.TA,[1298.7985],11
2025-01-11,BRMG.TA,[1389.7557],12
2025-01-12,BRMG.TA,[1486.9662],13
2025-01-13,BRMG.TA,[1545.2283],14
2025-01-14,BRMG.TA,[1695.0891],15
2025-01-15,BRMG.TA,[1725.1024],16
2025-01-16,BRMG.TA,[1769.6367],17
2025-01-17,BRMG.TA,[1836.5951],18
2025-01-18,BRMG.TA,[1845.2062],19
2025-01-19,BRMG.TA,[1677.9008],20
2025-01-20,BRMG.TA,[1876.209],21
2025-01-21,BRMG.TA,[1840.282],22
2025-01-22,BRMG.TA,[1986.7107],23
2025-01-23,BRMG.TA,[1859.2216],24
2025-01-24,BRMG.TA,[1866.6346],25
2025-01-25,BRMG.TA,[1843.6537],26
2025-01-26,BRMG.TA,[1809.1898],27
2025-01-27,BRMG.TA,[1959.0022],28
2025-01-28,BRMG.TA,[1977.5969],29
2025-01-29,BRMG.TA,[2060.2952],30
2024-12-31,BBLS.TA,[48.31621],1
2025-01-01,BBLS.TA,[28.010399],2
2025-01-02,BBLS.TA,[18.940912],3
2025-01-03,BBLS.TA,[30.321224],4
2025-01-04,BBLS.TA,[23.946692],5
2025-01-05,BBLS.TA,[17.555313],6
2025-01-06,BBLS.TA,[17.688211],7
2025-01-07,BBLS.TA,[18.019274],8
2025-01-08,BBLS.TA,[12.832942],9
2025-01-09,BBLS.TA,[12.525856],10
2025-01-10,BBLS.TA,[8.325205],11
2025-01-11,BBLS.TA,[12.420629],12
2025-01-12,BBLS.TA,[11.198786],13
2025-01-13,BBLS.TA,[6.043975],14
2025-01-14,BBLS.TA,[1.9817847],15
2025-01-15,BBLS.TA,[2.9863248],16
2025-01-16,BBLS.TA,[3.325045],17
2025-01-17,BBLS.TA,[2.0957308],18
2025-01-18,BBLS.TA,[1.4378365],19
2025-01-19,BBLS.TA,[1.902343],20
2025-01-20,BBLS.TA,[3.3552275],21
2025-01-21,BBLS.TA,[6.5013194],22
2025-01-22,BBLS.TA,[6.852772],23
2025-01-23,BBLS.TA,[6.623764],24
2025-01-24,BBLS.TA,[4.3509264],25
2025-01-25,BBLS.TA,[2.149745],26
2025-01-26,BBLS.TA,[0.04924785],27
2025-01-27,BBLS.TA,[0.04751967],28
2025-01-28,BBLS.TA,[0.06712084],29
2025-01-29,BBLS.TA,[0.14288647],30
2024-12-31,BLGO.TA,[694.7271],1
2025-01-01,BLGO.TA,[753.878],2
2025-01-02,BLGO.TA,[745.04034],3
2025-01-03,BLGO.TA,[736.3187],4
2025-01-04,BLGO.TA,[704.6645],5
2025-01-05,BLGO.TA,[690.3693],6
2025-01-06,BLGO.TA,[687.36633],7
2025-01-07,BLGO.TA,[699.50836],8
2025-01-08,BLGO.TA,[697.7653],9
2025-01-09,BLGO.TA,[669.26404],10
2025-01-10,BLGO.TA,[649.7231],11
2025-01-11,BLGO.TA,[647.7545],12
2025-01-12,BLGO.TA,[656.1329],13
2025-01-13,BLGO.TA,[647.60144],14
2025-01-14,BLGO.TA,[631.2663],15
2025-01-15,BLGO.TA,[626.748],16
2025-01-16,BLGO.TA,[623.2629],17
2025-01-17,BLGO.TA,[645.09564],18
2025-01-18,BLGO.TA,[656.68805],19
2025-01-19,BLGO.TA,[646.7858],20
2025-01-20,BLGO.TA,[664.0303],21
2025-01-21,BLGO.TA,[661.79736],22
2025-01-22,BLGO.TA,[670.5288],23
2025-01-23,BLGO.TA,[671.74066],24
2025-01-24,BLGO.TA,[675.3924],25
2025-01-25,BLGO.TA,[661.26355],26
2025-01-26,BLGO.TA,[673.7473],27
2025-01-27,BLGO.TA,[673.5978],28
2025-01-28,BLGO.TA,[672.73486],29
2025-01-29,BLGO.TA,[678.28436],30
2024-12-31,BULL-M.TA,[33.662437],1
2025-01-01,BULL-M.TA,[-3746.2014],2
2025-01-02,BULL-M.TA,[817935.56],3
2025-01-03,BULL-M.TA,[1.9118235e+08],4
2025-01-04,BULL-M.TA,[5.0088518e+10],5
2025-01-05,BULL-M.TA,[4.867597e+12],6
2025-01-06,BULL-M.TA,[1.3140622e+15],7
2025-01-07,BULL-M.TA,[-1.6108629e+17],8
2025-01-08,BULL-M.TA,[-1.2078826e+19],9
2025-01-09,BULL-M.TA,[-8.139236e+20],10
2025-01-10,BULL-M.TA,[-2.5627352e+23],11
2025-01-11,BULL-M.TA,[-4.8435976e+25],12
2025-01-12,BULL-M.TA,[4.618405e+27],13
2025-01-13,BULL-M.TA,[-3.6632424e+29],14
2025-01-14,BULL-M.TA,[2.7619624e+30],15
2025-01-15,BULL-M.TA,[6.2713768e+32],16
2025-01-16,BULL-M.TA,[-9.6535515e+34],17
2025-01-17,BULL-M.TA,[-1.5177091e+37],18
2025-01-18,BULL-M.TA,[inf],19
2025-01-19,BULL-M.TA,[inf],20
2025-01-20,BULL-M.TA,[inf],21
2025-01-21,BULL-M.TA,[inf],22
2025-01-22,BULL-M.TA,[-inf],23
2025-01-23,BULL-M.TA,[inf],24
2025-01-24,BULL-M.TA,[inf],25
2025-01-25,BULL-M.TA,[inf],26
2025-01-26,BULL-M.TA,[-inf],27
2025-01-27,BULL-M.TA,[inf],28
2025-01-28,BULL-M.TA,[-inf],29
2025-01-29,BULL-M.TA,[inf],30
2024-12-31,CISY.TA,[1262.1261],1
2025-01-01,CISY.TA,[1347.4058],2
2025-01-02,CISY.TA,[1297.2612],3
2025-01-03,CISY.TA,[1367.3289],4
2025-01-04,CISY.TA,[1371.9783],5
2025-01-05,CISY.TA,[1336.8456],6
2025-01-06,CISY.TA,[1333.2322],7
2025-01-07,CISY.TA,[1334.8162],8
2025-01-08,CISY.TA,[1296.2009],9
2025-01-09,CISY.TA,[1260.58],10
2025-01-10,CISY.TA,[1280.1047],11
2025-01-11,CISY.TA,[1277.1709],12
2025-01-12,CISY.TA,[1277.2513],13
2025-01-13,CISY.TA,[1206.1035],14
2025-01-14,CISY.TA,[1150.5206],15
2025-01-15,CISY.TA,[1119.1588],16
2025-01-16,CISY.TA,[1109.8237],17
2025-01-17,CISY.TA,[1134.6962],18
2025-01-18,CISY.TA,[1158.137],19
2025-01-19,CISY.TA,[1114.9415],20
2025-01-20,CISY.TA,[1087.6381],21
2025-01-21,CISY.TA,[1055.3691],22
2025-01-22,CISY.TA,[1028.3336],23
2025-01-23,CISY.TA,[1037.2467],24
2025-01-24,CISY.TA,[1124.3167],25
2025-01-25,CISY.TA,[1120.743],26
2025-01-26,CISY.TA,[1089.9418],27
2025-01-27,CISY.TA,[1077.1991],28
2025-01-28,CISY.TA,[1083.889],29
2025-01-29,CISY.TA,[1122.1962],30
2024-12-31,CLAB.TA,[1086.1215],1
2025-01-01,CLAB.TA,[1107.779],2
2025-01-02,CLAB.TA,[1107.8682],3
2025-01-03,CLAB.TA,[1138.6128],4
2025-01-04,CLAB.TA,[1136.6586],5
2025-01-05,CLAB.TA,[1141.5868],6
2025-01-06,CLAB.TA,[1121.0645],7
2025-01-07,CLAB.TA,[1134.7926],8
2025-01-08,CLAB.TA,[1146.7306],9
2025-01-09,CLAB.TA,[1143.9697],10
2025-01-10,CLAB.TA,[1142.7184],11
2025-01-11,CLAB.TA,[1159.4904],12
2025-01-12,CLAB.TA,[1130.8667],13
2025-01-13,CLAB.TA,[1124.8583],14
2025-01-14,CLAB.TA,[1132.7606],15
2025-01-15,CLAB.TA,[1108.0427],16
2025-01-16,CLAB.TA,[1098.0153],17
2025-01-17,CLAB.TA,[1057.9369],18
2025-01-18,CLAB.TA,[1074.4257],19
2025-01-19,CLAB.TA,[1075.4064],20
2025-01-20,CLAB.TA,[1078.609],21
2025-01-21,CLAB.TA,[1071.5767],22
2025-01-22,CLAB.TA,[1047.6622],23
2025-01-23,CLAB.TA,[1040.4182],24
2025-01-24,CLAB.TA,[992.8429],25
2025-01-25,CLAB.TA,[1006.73364],26
2025-01-26,CLAB.TA,[995.1061],27
2025-01-27,CLAB.TA,[1030.8259],28
2025-01-28,CLAB.TA,[1047.9224],29
2025-01-29,CLAB.TA,[1073.2454],30
2024-12-31,CAMT.TA,[26422.402],1
2025-01-01,CAMT.TA,[23419.066],2
2025-01-02,CAMT.TA,[22541.75],3
2025-01-03,CAMT.TA,[25745.268],4
2025-01-04,CAMT.TA,[25149.219],5
2025-01-05,CAMT.TA,[25405.352],6
2025-01-06,CAMT.TA,[23545.31],7
2025-01-07,CAMT.TA,[22959.885],8
2025-01-08,CAMT.TA,[24792.066],9
2025-01-09,CAMT.TA,[23270.4],10
2025-01-10,CAMT.TA,[22760.596],11
2025-01-11,CAMT.TA,[23952.629],12
2025-01-12,CAMT.TA,[21682.766],13
2025-01-13,CAMT.TA,[23779.7],14
2025-01-14,CAMT.TA,[24305.105],15
2025-01-15,CAMT.TA,[25234.885],16
2025-01-16,CAMT.TA,[25251.422],17
2025-01-17,CAMT.TA,[27033.02],18
2025-01-18,CAMT.TA,[30209.85],19
2025-01-19,CAMT.TA,[29278.781],20
2025-01-20,CAMT.TA,[31608.678],21
2025-01-21,CAMT.TA,[33849.52],22
2025-01-22,CAMT.TA,[34300.652],23
2025-01-23,CAMT.TA,[35614.82],24
2025-01-24,CAMT.TA,[36622.65],25
2025-01-25,CAMT.TA,[42331.594],26
2025-01-26,CAMT.TA,[42689.984],27
2025-01-27,CAMT.TA,[46772.04],28
2025-01-28,CAMT.TA,[42642.812],29
2025-01-29,CAMT.TA,[38914.88],30
2024-12-31,CANF.TA,[1.9947702],1
2025-01-01,CANF.TA,[1.878656],2
2025-01-02,CANF.TA,[1.7599694],3
2025-01-03,CANF.TA,[1.8031218],4
2025-01-04,CANF.TA,[1.9073356],5
2025-01-05,CANF.TA,[1.7133653],6
2025-01-06,CANF.TA,[1.7738159],7
2025-01-07,CANF.TA,[1.8434961],8
2025-01-08,CANF.TA,[2.0372312],9
2025-01-09,CANF.TA,[2.1181285],10
2025-01-10,CANF.TA,[2.2462213],11
2025-01-11,CANF.TA,[2.2647188],12
2025-01-12,CANF.TA,[2.3035147],13
2025-01-13,CANF.TA,[2.2957282],14
2025-01-14,CANF.TA,[2.2293124],15
2025-01-15,CANF.TA,[2.0516202],16
2025-01-16,CANF.TA,[1.9237752],17
2025-01-17,CANF.TA,[2.0042284],18
2025-01-18,CANF.TA,[2.1037083],19
2025-01-19,CANF.TA,[2.1063244],20
2025-01-20,CANF.TA,[1.9067641],21
2025-01-21,CANF.TA,[1.9446716],22
2025-01-22,CANF.TA,[1.9643209],23
2025-01-23,CANF.TA,[2.1246405],24
2025-01-24,CANF.TA,[1.8079765],25
2025-01-25,CANF.TA,[1.8655312],26
2025-01-26,CANF.TA,[1.9003559],27
2025-01-27,CANF.TA,[1.9018985],28
2025-01-28,CANF.TA,[1.766361],29
2025-01-29,CANF.TA,[1.6366738],30
2024-12-31,CNGL.TA,[771.0126],1
2025-01-01,CNGL.TA,[831.04553],2
2025-01-02,CNGL.TA,[832.1705],3
2025-01-03,CNGL.TA,[892.3516],4
2025-01-04,CNGL.TA,[934.36273],5
2025-01-05,CNGL.TA,[907.3584],6
2025-01-06,CNGL.TA,[883.7793],7
2025-01-07,CNGL.TA,[934.80786],8
2025-01-08,CNGL.TA,[909.4365],9
2025-01-09,CNGL.TA,[944.59503],10
2025-01-10,CNGL.TA,[929.13696],11
2025-01-11,CNGL.TA,[888.0055],12
2025-01-12,CNGL.TA,[940.8702],13
2025-01-13,CNGL.TA,[973.7244],14
2025-01-14,CNGL.TA,[964.2551],15
2025-01-15,CNGL.TA,[1018.9464],16
2025-01-16,CNGL.TA,[882.3919],17
2025-01-17,CNGL.TA,[902.4207],18
2025-01-18,CNGL.TA,[920.2403],19
2025-01-19,CNGL.TA,[941.2995],20
2025-01-20,CNGL.TA,[943.8521],21
2025-01-21,CNGL.TA,[998.6566],22
2025-01-22,CNGL.TA,[1087.3301],23
2025-01-23,CNGL.TA,[996.57367],24
2025-01-24,CNGL.TA,[961.82965],25
2025-01-25,CNGL.TA,[995.5887],26
2025-01-26,CNGL.TA,[978.92084],27
2025-01-27,CNGL.TA,[1109.306],28
2025-01-28,CNGL.TA,[1120.4697],29
2025-01-29,CNGL.TA,[1053.8281],30
2024-12-31,CNTC.TA,[1501.236],1
2025-01-01,CNTC.TA,[1361.4196],2
2025-01-02,CNTC.TA,[583.44244],3
2025-01-03,CNTC.TA,[671.1608],4
2025-01-04,CNTC.TA,[954.1432],5
2025-01-05,CNTC.TA,[1003.08075],6
2025-01-06,CNTC.TA,[1103.0704],7
2025-01-07,CNTC.TA,[1350.7217],8
2025-01-08,CNTC.TA,[1282.8467],9
2025-01-09,CNTC.TA,[1078.4655],10
2025-01-10,CNTC.TA,[1064.3597],11
2025-01-11,CNTC.TA,[641.6958],12
2025-01-12,CNTC.TA,[642.3438],13
2025-01-13,CNTC.TA,[536.4721],14
2025-01-14,CNTC.TA,[417.79892],15
2025-01-15,CNTC.TA,[388.9541],16
2025-01-16,CNTC.TA,[401.32748],17
2025-01-17,CNTC.TA,[463.21646],18
2025-01-18,CNTC.TA,[551.0743],19
2025-01-19,CNTC.TA,[431.9745],20
2025-01-20,CNTC.TA,[651.1557],21
2025-01-21,CNTC.TA,[654.5222],22
2025-01-22,CNTC.TA,[742.0109],23
2025-01-23,CNTC.TA,[537.93854],24
2025-01-24,CNTC.TA,[492.8402],25
2025-01-25,CNTC.TA,[605.693],26
2025-01-26,CNTC.TA,[492.32892],27
2025-01-27,CNTC.TA,[612.22784],28
2025-01-28,CNTC.TA,[581.3737],29
2025-01-29,CNTC.TA,[578.0678],30
2024-12-31,CPTP.TA,[124.34037],1
2025-01-01,CPTP.TA,[-9.832815],2
2025-01-02,CPTP.TA,[-6.7115793],3
2025-01-03,CPTP.TA,[-0.8902368],4
2025-01-04,CPTP.TA,[-3.1287668],5
2025-01-05,CPTP.TA,[0.57010716],6
2025-01-06,CPTP.TA,[0.657523],7
2025-01-07,CPTP.TA,[-0.79337794],8
2025-01-08,CPTP.TA,[-3.261757],9
2025-01-09,CPTP.TA,[-9.788412],10
2025-01-10,CPTP.TA,[-14.446731],11
2025-01-11,CPTP.TA,[-10.479536],12
2025-01-12,CPTP.TA,[-16.358927],13
2025-01-13,CPTP.TA,[-14.52855],14
2025-01-14,CPTP.TA,[-9.258007],15
2025-01-15,CPTP.TA,[-8.913662],16
2025-01-16,CPTP.TA,[-19.672716],17
2025-01-17,CPTP.TA,[-63.220665],18
2025-01-18,CPTP.TA,[-105.940605],19
2025-01-19,CPTP.TA,[-147.13065],20
2025-01-20,CPTP.TA,[-174.06456],21
2025-01-21,CPTP.TA,[-928.78577],22
2025-01-22,CPTP.TA,[-575.0587],23
2025-01-23,CPTP.TA,[1585.4344],24
2025-01-24,CPTP.TA,[1238.056],25
2025-01-25,CPTP.TA,[1630.4141],26
2025-01-26,CPTP.TA,[-326.81027],27
2025-01-27,CPTP.TA,[-653.3385],28
2025-01-28,CPTP.TA,[758.9564],29
2025-01-29,CPTP.TA,[3479.5442],30
2024-12-31,CRSM.TA,[2467.9722],1
2025-01-01,CRSM.TA,[2502.0361],2
2025-01-02,CRSM.TA,[2519.4045],3
2025-01-03,CRSM.TA,[2502.868],4
2025-01-04,CRSM.TA,[2514.4885],5
2025-01-05,CRSM.TA,[2522.7065],6
2025-01-06,CRSM.TA,[2547.712],7
2025-01-07,CRSM.TA,[2528.23],8
2025-01-08,CRSM.TA,[2489.2385],9
2025-01-09,CRSM.TA,[2417.1562],10
2025-01-10,CRSM.TA,[2376.7234],11
2025-01-11,CRSM.TA,[2331.307],12
2025-01-12,CRSM.TA,[2348.4712],13
2025-01-13,CRSM.TA,[2344.9858],14
2025-01-14,CRSM.TA,[2325.4216],15
2025-01-15,CRSM.TA,[2302.0608],16
2025-01-16,CRSM.TA,[2405.1284],17
2025-01-17,CRSM.TA,[2429.4883],18
2025-01-18,CRSM.TA,[2407.076],19
2025-01-19,CRSM.TA,[2443.8733],20
2025-01-20,CRSM.TA,[2422.551],21
2025-01-21,CRSM.TA,[2381.935],22
2025-01-22,CRSM.TA,[2332.452],23
2025-01-23,CRSM.TA,[2340.9634],24
2025-01-24,CRSM.TA,[2326.7856],25
2025-01-25,CRSM.TA,[2301.2957],26
2025-01-26,CRSM.TA,[2307.1843],27
2025-01-27,CRSM.TA,[2297.446],28
2025-01-28,CRSM.TA,[2297.4246],29
2025-01-29,CRSM.TA,[2292.959],30
2024-12-31,CRSR.TA,[3799.6057],1
2025-01-01,CRSR.TA,[3723.5476],2
2025-01-02,CRSR.TA,[3853.7488],3
2025-01-03,CRSR.TA,[3957.8875],4
2025-01-04,CRSR.TA,[3936.5662],5
2025-01-05,CRSR.TA,[4051.518],6
2025-01-06,CRSR.TA,[4098.949],7
2025-01-07,CRSR.TA,[4120.2314],8
2025-01-08,CRSR.TA,[4119.8794],9
2025-01-09,CRSR.TA,[4135.0615],10
2025-01-10,CRSR.TA,[4255.256],11
2025-01-11,CRSR.TA,[4234.5957],12
2025-01-12,CRSR.TA,[4379.606],13
2025-01-13,CRSR.TA,[4535.118],14
2025-01-14,CRSR.TA,[4509.275],15
2025-01-15,CRSR.TA,[4491.5347],16
2025-01-16,CRSR.TA,[4543.919],17
2025-01-17,CRSR.TA,[4549.95],18
2025-01-18,CRSR.TA,[4598.7275],19
2025-01-19,CRSR.TA,[4702.647],20
2025-01-20,CRSR.TA,[4738.6445],21
2025-01-21,CRSR.TA,[4864.289],22
2025-01-22,CRSR.TA,[4861.9097],23
2025-01-23,CRSR.TA,[4938.315],24
2025-01-24,CRSR.TA,[5017.628],25
2025-01-25,CRSR.TA,[5104.5874],26
2025-01-26,CRSR.TA,[5197.961],27
2025-01-27,CRSR.TA,[5237.935],28
2025-01-28,CRSR.TA,[5364.161],29
2025-01-29,CRSR.TA,[5484.844],30
2024-12-31,CRML.TA,[2289.4778],1
2025-01-01,CRML.TA,[2232.144],2
2025-01-02,CRML.TA,[2191.9478],3
2025-01-03,CRML.TA,[2158.9954],4
2025-01-04,CRML.TA,[2147.1355],5
2025-01-05,CRML.TA,[2159.85],6
2025-01-06,CRML.TA,[2216.3108],7
2025-01-07,CRML.TA,[2188.5164],8
2025-01-08,CRML.TA,[2263.602],9
2025-01-09,CRML.TA,[2250.6892],10
2025-01-10,CRML.TA,[2121.7498],11
2025-01-11,CRML.TA,[2207.3484],12
2025-01-12,CRML.TA,[2188.687],13
2025-01-13,CRML.TA,[2223.4075],14
2025-01-14,CRML.TA,[2443.7444],15
2025-01-15,CRML.TA,[2557.4065],16
2025-01-16,CRML.TA,[2588.339],17
2025-01-17,CRML.TA,[2576.919],18
2025-01-18,CRML.TA,[2401.4456],19
2025-01-19,CRML.TA,[2505.895],20
2025-01-20,CRML.TA,[2617.2944],21
2025-01-21,CRML.TA,[2662.2332],22
2025-01-22,CRML.TA,[2562.4],23
2025-01-23,CRML.TA,[2645.3955],24
2025-01-24,CRML.TA,[2776.4082],25
2025-01-25,CRML.TA,[2671.7507],26
2025-01-26,CRML.TA,[2604.0935],27
2025-01-27,CRML.TA,[2549.5718],28
2025-01-28,CRML.TA,[2490.925],29
2025-01-29,CRML.TA,[2483.6458],30
2024-12-31,CRMT.TA,[1779.4039],1
2025-01-01,CRMT.TA,[9169.593],2
2025-01-02,CRMT.TA,[7039.3076],3
2025-01-03,CRMT.TA,[9342.188],4
2025-01-04,CRMT.TA,[5617.5903],5
2025-01-05,CRMT.TA,[864.2063],6
2025-01-06,CRMT.TA,[7372.7393],7
2025-01-07,CRMT.TA,[18258.8],8
2025-01-08,CRMT.TA,[80216.23],9
2025-01-09,CRMT.TA,[148973.17],10
2025-01-10,CRMT.TA,[-27695.738],11
2025-01-11,CRMT.TA,[10888.838],12
2025-01-12,CRMT.TA,[9540.142],13
2025-01-13,CRMT.TA,[8524.63],14
2025-01-14,CRMT.TA,[20478.488],15
2025-01-15,CRMT.TA,[-9975.317],16
2025-01-16,CRMT.TA,[-20253.898],17
2025-01-17,CRMT.TA,[4369.584],18
2025-01-18,CRMT.TA,[12843.687],19
2025-01-19,CRMT.TA,[21501.295],20
2025-01-20,CRMT.TA,[-714.2325],21
2025-01-21,CRMT.TA,[1403.183],22
2025-01-22,CRMT.TA,[-584.825],23
2025-01-23,CRMT.TA,[338.35104],24
2025-01-24,CRMT.TA,[908.8123],25
2025-01-25,CRMT.TA,[1800.9811],26
2025-01-26,CRMT.TA,[4039.571],27
2025-01-27,CRMT.TA,[-2077.709],28
2025-01-28,CRMT.TA,[-390.97247],29
2025-01-29,CRMT.TA,[-278.1743],30
2024-12-31,CAST.TA,[9527.563],1
2025-01-01,CAST.TA,[9372.518],2
2025-01-02,CAST.TA,[9095.705],3
2025-01-03,CAST.TA,[9142.737],4
2025-01-04,CAST.TA,[9599.415],5
2025-01-05,CAST.TA,[9617.861],6
2025-01-06,CAST.TA,[9694.688],7
2025-01-07,CAST.TA,[9829.329],8
2025-01-08,CAST.TA,[9899.785],9
2025-01-09,CAST.TA,[10014.642],10
2025-01-10,CAST.TA,[10111.396],11
2025-01-11,CAST.TA,[10263.655],12
2025-01-12,CAST.TA,[10446.343],13
2025-01-13,CAST.TA,[10434.396],14
2025-01-14,CAST.TA,[10556.374],15
2025-01-15,CAST.TA,[10393.556],16
2025-01-16,CAST.TA,[10697.255],17
2025-01-17,CAST.TA,[10693.532],18
2025-01-18,CAST.TA,[10713.661],19
2025-01-19,CAST.TA,[10637.244],20
2025-01-20,CAST.TA,[10692.215],21
2025-01-21,CAST.TA,[10904.847],22
2025-01-22,CAST.TA,[10775.583],23
2025-01-23,CAST.TA,[10940.347],24
2025-01-24,CAST.TA,[11387.157],25
2025-01-25,CAST.TA,[11660.919],26
2025-01-26,CAST.TA,[11632.635],27
2025-01-27,CAST.TA,[11986.926],28
2025-01-28,CAST.TA,[12239.712],29
2025-01-29,CAST.TA,[12603.709],30
2024-12-31,CEL.TA,[1978.6217],1
2025-01-01,CEL.TA,[1983.3528],2
2025-01-02,CEL.TA,[2029.0331],3
2025-01-03,CEL.TA,[2093.669],4
2025-01-04,CEL.TA,[2131.8896],5
2025-01-05,CEL.TA,[2150.221],6
2025-01-06,CEL.TA,[2158.75],7
2025-01-07,CEL.TA,[2109.1194],8
2025-01-08,CEL.TA,[2067.5562],9
2025-01-09,CEL.TA,[2038.3068],10
2025-01-10,CEL.TA,[2081.1172],11
2025-01-11,CEL.TA,[2077.2642],12
2025-01-12,CEL.TA,[2003.7749],13
2025-01-13,CEL.TA,[2009.4392],14
2025-01-14,CEL.TA,[2020.3885],15
2025-01-15,CEL.TA,[2028.9216],16
2025-01-16,CEL.TA,[2060.2053],17
2025-01-17,CEL.TA,[2098.5752],18
2025-01-18,CEL.TA,[2075.517],19
2025-01-19,CEL.TA,[2151.6152],20
2025-01-20,CEL.TA,[2181.3203],21
2025-01-21,CEL.TA,[2240.177],22
2025-01-22,CEL.TA,[2299.361],23
2025-01-23,CEL.TA,[2326.225],24
2025-01-24,CEL.TA,[2302.0076],25
2025-01-25,CEL.TA,[2352.7646],26
2025-01-26,CEL.TA,[2376.3142],27
2025-01-27,CEL.TA,[2416.0464],28
2025-01-28,CEL.TA,[2443.8826],29
2025-01-29,CEL.TA,[2517.1055],30
2024-12-31,CILO.TA,[-3805.4343],1
2025-01-01,CILO.TA,[-54462.504],2
2025-01-02,CILO.TA,[-542412.9],3
2025-01-03,CILO.TA,[-2273222.],4
2025-01-04,CILO.TA,[-22674588.],5
2025-01-05,CILO.TA,[1.1736868e+08],6
2025-01-06,CILO.TA,[54087008.],7
2025-01-07,CILO.TA,[5.9049434e+08],8
2025-01-08,CILO.TA,[-1.06536576e+09],9
2025-01-09,CILO.TA,[1.1511924e+10],10
2025-01-10,CILO.TA,[-9.527942e+10],11
2025-01-11,CILO.TA,[-8.107938e+11],12
2025-01-12,CILO.TA,[4.406742e+12],13
2025-01-13,CILO.TA,[3.1637677e+13],14
2025-01-14,CILO.TA,[3.243025e+14],15
2025-01-15,CILO.TA,[7.666692e+14],16
2025-01-16,CILO.TA,[-3.0574602e+15],17
2025-01-17,CILO.TA,[-4.535454e+15],18
2025-01-18,CILO.TA,[-2.7391167e+16],19
2025-01-19,CILO.TA,[-2.9837124e+17],20
2025-01-20,CILO.TA,[3.2395683e+18],21
2025-01-21,CILO.TA,[-1.2241165e+19],22
2025-01-22,CILO.TA,[-1.7241424e+20],23
2025-01-23,CILO.TA,[1.2764802e+21],24
2025-01-24,CILO.TA,[-4.240556e+21],25
2025-01-25,CILO.TA,[2.5109484e+22],26
2025-01-26,CILO.TA,[2.9554999e+23],27
2025-01-27,CILO.TA,[1.8323595e+24],28
2025-01-28,CILO.TA,[7.793105e+23],29
2025-01-29,CILO.TA,[8.2769e+24],30
2024-09-23,CION.TA,[35.525974],1
2024-09-24,CION.TA,[35.53768],2
2024-09-25,CION.TA,[35.56772],3
2024-09-26,CION.TA,[35.765358],4
2024-09-27,CION.TA,[35.831047],5
2024-09-28,CION.TA,[35.68548],6
2024-09-29,CION.TA,[36.029293],7
2024-09-30,CION.TA,[35.919212],8
2024-10-01,CION.TA,[35.93512],9
2024-10-02,CION.TA,[36.049545],10
2024-10-03,CION.TA,[36.18125],11
2024-10-04,CION.TA,[37.11875],12
2024-10-05,CION.TA,[37.10603],13
2024-10-06,CION.TA,[36.97361],14
2024-10-07,CION.TA,[37.186413],15
2024-10-08,CION.TA,[37.36444],16
2024-10-09,CION.TA,[37.902348],17
2024-10-10,CION.TA,[38.321304],18
2024-10-11,CION.TA,[38.350876],19
2024-10-12,CION.TA,[38.69784],20
2024-10-13,CION.TA,[39.125225],21
2024-10-14,CION.TA,[39.330338],22
2024-10-15,CION.TA,[39.42626],23
2024-10-16,CION.TA,[39.14809],24
2024-10-17,CION.TA,[38.82474],25
2024-10-18,CION.TA,[39.49817],26
2024-10-19,CION.TA,[40.888454],27
2024-10-20,CION.TA,[41.18836],28
2024-10-21,CION.TA,[41.398823],29
2024-10-22,CION.TA,[41.288944],30
2024-12-31,CPIA.TA,[46.394024],1
2025-01-01,CPIA.TA,[45.59376],2
2025-01-02,CPIA.TA,[44.97378],3
2025-01-03,CPIA.TA,[44.426647],4
2025-01-04,CPIA.TA,[46.722843],5
2025-01-05,CPIA.TA,[48.249897],6
2025-01-06,CPIA.TA,[50.679455],7
2025-01-07,CPIA.TA,[50.63355],8
2025-01-08,CPIA.TA,[49.597713],9
2025-01-09,CPIA.TA,[50.40452],10
2025-01-10,CPIA.TA,[51.035225],11
2025-01-11,CPIA.TA,[50.457256],12
2025-01-12,CPIA.TA,[47.082775],13
2025-01-13,CPIA.TA,[47.095306],14
2025-01-14,CPIA.TA,[45.20083],15
2025-01-15,CPIA.TA,[43.75344],16
2025-01-16,CPIA.TA,[45.31153],17
2025-01-17,CPIA.TA,[44.34425],18
2025-01-18,CPIA.TA,[44.38621],19
2025-01-19,CPIA.TA,[45.651382],20
2025-01-20,CPIA.TA,[44.8703],21
2025-01-21,CPIA.TA,[46.369],22
2025-01-22,CPIA.TA,[45.456688],23
2025-01-23,CPIA.TA,[43.627605],24
2025-01-24,CPIA.TA,[44.480686],25
2025-01-25,CPIA.TA,[44.821236],26
2025-01-26,CPIA.TA,[42.04054],27
2025-01-27,CPIA.TA,[42.249783],28
2025-01-28,CPIA.TA,[43.997547],29
2025-01-29,CPIA.TA,[46.037453],30
2024-06-03,CTPL1.TA,[226.91544],1
2024-06-04,CTPL1.TA,[204.71379],2
2024-06-05,CTPL1.TA,[198.02747],3
2024-06-06,CTPL1.TA,[180.33118],4
2024-06-07,CTPL1.TA,[194.66138],5
2024-06-08,CTPL1.TA,[199.03185],6
2024-06-09,CTPL1.TA,[198.34106],7
2024-06-10,CTPL1.TA,[184.51859],8
2024-06-11,CTPL1.TA,[216.06839],9
2024-06-12,CTPL1.TA,[212.01732],10
2024-06-13,CTPL1.TA,[236.83507],11
2024-06-14,CTPL1.TA,[232.77951],12
2024-06-15,CTPL1.TA,[255.87878],13
2024-06-16,CTPL1.TA,[255.35593],14
2024-06-17,CTPL1.TA,[247.21727],15
2024-06-18,CTPL1.TA,[239.68266],16
2024-06-19,CTPL1.TA,[215.48016],17
2024-06-20,CTPL1.TA,[194.68335],18
2024-06-21,CTPL1.TA,[185.0325],19
2024-06-22,CTPL1.TA,[185.2581],20
2024-06-23,CTPL1.TA,[207.37274],21
2024-06-24,CTPL1.TA,[204.1412],22
2024-06-25,CTPL1.TA,[230.05324],23
2024-06-26,CTPL1.TA,[231.83208],24
2024-06-27,CTPL1.TA,[224.34427],25
2024-06-28,CTPL1.TA,[246.82927],26
2024-06-29,CTPL1.TA,[241.07753],27
2024-06-30,CTPL1.TA,[248.50139],28
2024-07-01,CTPL1.TA,[262.88174],29
2024-07-02,CTPL1.TA,[274.5989],30
2024-12-26,CTPL5.TA,[-19515.828],1
2024-12-27,CTPL5.TA,[-1396213.9],2
2024-12-28,CTPL5.TA,[22392808.],3
2024-12-29,CTPL5.TA,[-8.0904064e+08],4
2024-12-30,CTPL5.TA,[-1.9810075e+10],5
2024-12-31,CTPL5.TA,[1.5717374e+12],6
2025-01-01,CTPL5.TA,[1.6902155e+13],7
2025-01-02,CTPL5.TA,[-2.6761753e+14],8
2025-01-03,CTPL5.TA,[1.6730849e+16],9
2025-01-04,CTPL5.TA,[1.1905498e+18],10
2025-01-05,CTPL5.TA,[2.7893488e+19],11
2025-01-06,CTPL5.TA,[-2.2702145e+21],12
2025-01-07,CTPL5.TA,[2.3116666e+22],13
2025-01-08,CTPL5.TA,[-1.1297938e+24],14
2025-01-09,CTPL5.TA,[-1.1638099e+26],15
2025-01-10,CTPL5.TA,[2.1550117e+27],16
2025-01-11,CTPL5.TA,[2.692373e+29],17
2025-01-12,CTPL5.TA,[-1.1393167e+31],18
2025-01-13,CTPL5.TA,[-1.9608915e+33],19
2025-01-14,CTPL5.TA,[3.1234202e+35],20
2025-01-15,CTPL5.TA,[4.343159e+36],21
2025-01-16,CTPL5.TA,[-1.0306558e+38],22
2025-01-17,CTPL5.TA,[-inf],23
2025-01-18,CTPL5.TA,[-inf],24
2025-01-19,CTPL5.TA,[inf],25
2025-01-20,CTPL5.TA,[-inf],26
2025-01-21,CTPL5.TA,[inf],27
2025-01-22,CTPL5.TA,[inf],28
2025-01-23,CTPL5.TA,[inf],29
2025-01-24,CTPL5.TA,[-inf],30
2024-12-31,CBI.TA,[1.80336],1
2025-01-01,CBI.TA,[1.533978],2
2025-01-02,CBI.TA,[0.5563668],3
2025-01-03,CBI.TA,[0.592682],4
2025-01-04,CBI.TA,[0.46720645],5
2025-01-05,CBI.TA,[0.5101568],6
2025-01-06,CBI.TA,[0.6204628],7
2025-01-07,CBI.TA,[0.7816557],8
2025-01-08,CBI.TA,[1.0456579],9
2025-01-09,CBI.TA,[0.46540883],10
2025-01-10,CBI.TA,[0.3870178],11
2025-01-11,CBI.TA,[0.5666814],12
2025-01-12,CBI.TA,[0.3635671],13
2025-01-13,CBI.TA,[0.36092907],14
2025-01-14,CBI.TA,[0.23592539],15
2025-01-15,CBI.TA,[0.12461548],16
2025-01-16,CBI.TA,[0.15905356],17
2025-01-17,CBI.TA,[0.17587192],18
2025-01-18,CBI.TA,[0.22426292],19
2025-01-19,CBI.TA,[0.26955006],20
2025-01-20,CBI.TA,[0.3242833],21
2025-01-21,CBI.TA,[0.32504103],22
2025-01-22,CBI.TA,[0.19517541],23
2025-01-23,CBI.TA,[0.3172222],24
2025-01-24,CBI.TA,[0.2852832],25
2025-01-25,CBI.TA,[0.46723366],26
2025-01-26,CBI.TA,[0.29544303],27
2025-01-27,CBI.TA,[-0.0592646],28
2025-01-28,CBI.TA,[-0.02170284],29
2025-01-29,CBI.TA,[-0.02134191],30
2024-12-31,CLIS.TA,[8542.428],1
2025-01-01,CLIS.TA,[8750.195],2
2025-01-02,CLIS.TA,[8727.709],3
2025-01-03,CLIS.TA,[8855.685],4
2025-01-04,CLIS.TA,[8797.683],5
2025-01-05,CLIS.TA,[8753.806],6
2025-01-06,CLIS.TA,[8681.828],7
2025-01-07,CLIS.TA,[8750.993],8
2025-01-08,CLIS.TA,[9174.756],9
2025-01-09,CLIS.TA,[9040.289],10
2025-01-10,CLIS.TA,[9228.14],11
2025-01-11,CLIS.TA,[9187.812],12
2025-01-12,CLIS.TA,[8824.946],13
2025-01-13,CLIS.TA,[8805.946],14
2025-01-14,CLIS.TA,[9105.502],15
2025-01-15,CLIS.TA,[9023.276],16
2025-01-16,CLIS.TA,[9131.16],17
2025-01-17,CLIS.TA,[8906.028],18
2025-01-18,CLIS.TA,[8950.587],19
2025-01-19,CLIS.TA,[9043.197],20
2025-01-20,CLIS.TA,[9066.469],21
2025-01-21,CLIS.TA,[9163.031],22
2025-01-22,CLIS.TA,[9586.84],23
2025-01-23,CLIS.TA,[9305.783],24
2025-01-24,CLIS.TA,[9467.933],25
2025-01-25,CLIS.TA,[9420.644],26
2025-01-26,CLIS.TA,[9363.285],27
2025-01-27,CLIS.TA,[9578.764],28
2025-01-28,CLIS.TA,[9527.292],29
2025-01-29,CLIS.TA,[9608.092],30
2024-12-31,CFX.TA,[409.05453],1
2025-01-01,CFX.TA,[411.36752],2
2025-01-02,CFX.TA,[412.58328],3
2025-01-03,CFX.TA,[415.37268],4
2025-01-04,CFX.TA,[409.7548],5
2025-01-05,CFX.TA,[410.08295],6
2025-01-06,CFX.TA,[417.78778],7
2025-01-07,CFX.TA,[421.0156],8
2025-01-08,CFX.TA,[433.04434],9
2025-01-09,CFX.TA,[434.29532],10
2025-01-10,CFX.TA,[424.61484],11
2025-01-11,CFX.TA,[446.98486],12
2025-01-12,CFX.TA,[468.34628],13
2025-01-13,CFX.TA,[482.16406],14
2025-01-14,CFX.TA,[480.2272],15
2025-01-15,CFX.TA,[472.65555],16
2025-01-16,CFX.TA,[466.75134],17
2025-01-17,CFX.TA,[465.53735],18
2025-01-18,CFX.TA,[471.23972],19
2025-01-19,CFX.TA,[453.5394],20
2025-01-20,CFX.TA,[453.75064],21
2025-01-21,CFX.TA,[461.10452],22
2025-01-22,CFX.TA,[469.21707],23
2025-01-23,CFX.TA,[467.91364],24
2025-01-24,CFX.TA,[451.32346],25
2025-01-25,CFX.TA,[449.36914],26
2025-01-26,CFX.TA,[444.2423],27
2025-01-27,CFX.TA,[455.03452],28
2025-01-28,CFX.TA,[444.35638],29
2025-01-29,CFX.TA,[445.74576],30
2024-12-31,CDEV.TA,[13027.598],1
2025-01-01,CDEV.TA,[13209.143],2
2025-01-02,CDEV.TA,[13540.13],3
2025-01-03,CDEV.TA,[13633.364],4
2025-01-04,CDEV.TA,[13693.65],5
2025-01-05,CDEV.TA,[13572.052],6
2025-01-06,CDEV.TA,[13584.064],7
2025-01-07,CDEV.TA,[13586.744],8
2025-01-08,CDEV.TA,[13203.951],9
2025-01-09,CDEV.TA,[13024.159],10
2025-01-10,CDEV.TA,[13038.645],11
2025-01-11,CDEV.TA,[12919.636],12
2025-01-12,CDEV.TA,[12990.774],13
2025-01-13,CDEV.TA,[13088.449],14
2025-01-14,CDEV.TA,[12939.1455],15
2025-01-15,CDEV.TA,[12984.606],16
2025-01-16,CDEV.TA,[12673.856],17
2025-01-17,CDEV.TA,[12763.981],18
2025-01-18,CDEV.TA,[12453.417],19
2025-01-19,CDEV.TA,[12313.067],20
2025-01-20,CDEV.TA,[12284.1],21
2025-01-21,CDEV.TA,[12203.702],22
2025-01-22,CDEV.TA,[12041.019],23
2025-01-23,CDEV.TA,[11937.123],24
2025-01-24,CDEV.TA,[12079.889],25
2025-01-25,CDEV.TA,[12356.3125],26
2025-01-26,CDEV.TA,[12103.196],27
2025-01-27,CDEV.TA,[12009.997],28
2025-01-28,CDEV.TA,[12150.272],29
2025-01-29,CDEV.TA,[12132.213],30
2024-12-31,CGEN.TA,[728.9467],1
2025-01-01,CGEN.TA,[709.86285],2
2025-01-02,CGEN.TA,[742.3812],3
2025-01-03,CGEN.TA,[728.4786],4
2025-01-04,CGEN.TA,[841.1088],5
2025-01-05,CGEN.TA,[934.42114],6
2025-01-06,CGEN.TA,[855.4275],7
2025-01-07,CGEN.TA,[719.71906],8
2025-01-08,CGEN.TA,[736.56476],9
2025-01-09,CGEN.TA,[575.00146],10
2025-01-10,CGEN.TA,[604.27405],11
2025-01-11,CGEN.TA,[608.13727],12
2025-01-12,CGEN.TA,[551.64166],13
2025-01-13,CGEN.TA,[529.87866],14
2025-01-14,CGEN.TA,[576.26044],15
2025-01-15,CGEN.TA,[674.0096],16
2025-01-16,CGEN.TA,[654.3184],17
2025-01-17,CGEN.TA,[655.47754],18
2025-01-18,CGEN.TA,[630.5594],19
2025-01-19,CGEN.TA,[732.08014],20
2025-01-20,CGEN.TA,[644.4293],21
2025-01-21,CGEN.TA,[584.80817],22
2025-01-22,CGEN.TA,[472.72855],23
2025-01-23,CGEN.TA,[464.04214],24
2025-01-24,CGEN.TA,[463.01828],25
2025-01-25,CGEN.TA,[518.0208],26
2025-01-26,CGEN.TA,[539.40784],27
2025-01-27,CGEN.TA,[494.93484],28
2025-01-28,CGEN.TA,[477.7504],29
2025-01-29,CGEN.TA,[491.31876],30
2024-12-31,CMDR.TA,[36554.8],1
2025-01-01,CMDR.TA,[36708.535],2
2025-01-02,CMDR.TA,[37507.203],3
2025-01-03,CMDR.TA,[36959.875],4
2025-01-04,CMDR.TA,[37261.56],5
2025-01-05,CMDR.TA,[36061.473],6
2025-01-06,CMDR.TA,[36330.1],7
2025-01-07,CMDR.TA,[35937.504],8
2025-01-08,CMDR.TA,[36551.383],9
2025-01-09,CMDR.TA,[36696.297],10
2025-01-10,CMDR.TA,[36133.273],11
2025-01-11,CMDR.TA,[36096.023],12
2025-01-12,CMDR.TA,[35565.582],13
2025-01-13,CMDR.TA,[34381.06],14
2025-01-14,CMDR.TA,[34359.754],15
2025-01-15,CMDR.TA,[35222.13],16
2025-01-16,CMDR.TA,[34503.055],17
2025-01-17,CMDR.TA,[34152.875],18
2025-01-18,CMDR.TA,[34551.465],19
2025-01-19,CMDR.TA,[33956.176],20
2025-01-20,CMDR.TA,[33192.83],21
2025-01-21,CMDR.TA,[32576.22],22
2025-01-22,CMDR.TA,[31868.023],23
2025-01-23,CMDR.TA,[31963.484],24
2025-01-24,CMDR.TA,[31861.066],25
2025-01-25,CMDR.TA,[32423.783],26
2025-01-26,CMDR.TA,[31696.86],27
2025-01-27,CMDR.TA,[31519.975],28
2025-01-28,CMDR.TA,[30625.438],29
2025-01-29,CMDR.TA,[31135.387],30
2024-12-31,CNTL-M.TA,[85.605484],1
2025-01-01,CNTL-M.TA,[130.75237],2
2025-01-02,CNTL-M.TA,[104.60312],3
2025-01-03,CNTL-M.TA,[110.99841],4
2025-01-04,CNTL-M.TA,[173.16536],5
2025-01-05,CNTL-M.TA,[150.71217],6
2025-01-06,CNTL-M.TA,[226.32292],7
2025-01-07,CNTL-M.TA,[364.17413],8
2025-01-08,CNTL-M.TA,[430.3191],9
2025-01-09,CNTL-M.TA,[406.43973],10
2025-01-10,CNTL-M.TA,[294.12393],11
2025-01-11,CNTL-M.TA,[346.2414],12
2025-01-12,CNTL-M.TA,[377.36826],13
2025-01-13,CNTL-M.TA,[244.59486],14
2025-01-14,CNTL-M.TA,[225.39018],15
2025-01-15,CNTL-M.TA,[193.7677],16
2025-01-16,CNTL-M.TA,[171.32172],17
2025-01-17,CNTL-M.TA,[271.26385],18
2025-01-18,CNTL-M.TA,[231.93497],19
2025-01-19,CNTL-M.TA,[230.77223],20
2025-01-20,CNTL-M.TA,[273.10452],21
2025-01-21,CNTL-M.TA,[289.86774],22
2025-01-22,CNTL-M.TA,[249.3949],23
2025-01-23,CNTL-M.TA,[221.08508],24
2025-01-24,CNTL-M.TA,[255.13597],25
2025-01-25,CNTL-M.TA,[336.65295],26
2025-01-26,CNTL-M.TA,[293.46265],27
2025-01-27,CNTL-M.TA,[316.12598],28
2025-01-28,CNTL-M.TA,[326.28833],29
2025-01-29,CNTL-M.TA,[324.13702],30
2024-12-31,CMCT.TA,[999784.5],1
2025-01-01,CMCT.TA,[139312.69],2
2025-01-02,CMCT.TA,[62031.688],3
2025-01-03,CMCT.TA,[63748.21],4
2025-01-04,CMCT.TA,[52193.457],5
2025-01-05,CMCT.TA,[88713.81],6
2025-01-06,CMCT.TA,[111291.94],7
2025-01-07,CMCT.TA,[79579.83],8
2025-01-08,CMCT.TA,[160189.55],9
2025-01-09,CMCT.TA,[247778.],10
2025-01-10,CMCT.TA,[369498.03],11
2025-01-11,CMCT.TA,[564553.6],12
2025-01-12,CMCT.TA,[918893.25],13
2025-01-13,CMCT.TA,[1178448.],14
2025-01-14,CMCT.TA,[2252043.8],15
2025-01-15,CMCT.TA,[3440039.],16
2025-01-16,CMCT.TA,[2371992.5],17
2025-01-17,CMCT.TA,[2344912.],18
2025-01-18,CMCT.TA,[1818659.5],19
2025-01-19,CMCT.TA,[1298585.4],20
2025-01-20,CMCT.TA,[1508470.6],21
2025-01-21,CMCT.TA,[1832906.2],22
2025-01-22,CMCT.TA,[2834859.8],23
2025-01-23,CMCT.TA,[4860278.5],24
2025-01-24,CMCT.TA,[298437.28],25
2025-01-25,CMCT.TA,[589762.4],26
2025-01-26,CMCT.TA,[757960.9],27
2025-01-27,CMCT.TA,[317642.9],28
2025-01-28,CMCT.TA,[231306.98],29
2025-01-29,CMCT.TA,[444007.66],30
2024-12-31,DANH.TA,[2284.6968],1
2025-01-01,DANH.TA,[2286.1514],2
2025-01-02,DANH.TA,[2247.9841],3
2025-01-03,DANH.TA,[2236.9883],4
2025-01-04,DANH.TA,[2215.923],5
2025-01-05,DANH.TA,[2240.1064],6
2025-01-06,DANH.TA,[2255.7954],7
2025-01-07,DANH.TA,[2237.342],8
2025-01-08,DANH.TA,[2225.8901],9
2025-01-09,DANH.TA,[2237.018],10
2025-01-10,DANH.TA,[2249.3157],11
2025-01-11,DANH.TA,[2252.9072],12
2025-01-12,DANH.TA,[2265.618],13
2025-01-13,DANH.TA,[2231.836],14
2025-01-14,DANH.TA,[2232.223],15
2025-01-15,DANH.TA,[2216.0195],16
2025-01-16,DANH.TA,[2226.9358],17
2025-01-17,DANH.TA,[2228.3767],18
2025-01-18,DANH.TA,[2222.9275],19
2025-01-19,DANH.TA,[2196.8318],20
2025-01-20,DANH.TA,[2215.258],21
2025-01-21,DANH.TA,[2214.188],22
2025-01-22,DANH.TA,[2220.106],23
2025-01-23,DANH.TA,[2248.923],24
2025-01-24,DANH.TA,[2283.6777],25
2025-01-25,DANH.TA,[2292.9062],26
2025-01-26,DANH.TA,[2298.1882],27
2025-01-27,DANH.TA,[2274.13],28
2025-01-28,DANH.TA,[2261.609],29
2025-01-29,DANH.TA,[2281.673],30
2024-12-31,DANE.TA,[40584.438],1
2025-01-01,DANE.TA,[39603.258],2
2025-01-02,DANE.TA,[40087.87],3
2025-01-03,DANE.TA,[40477.074],4
2025-01-04,DANE.TA,[40867.625],5
2025-01-05,DANE.TA,[41982.41],6
2025-01-06,DANE.TA,[42167.33],7
2025-01-07,DANE.TA,[41341.97],8
2025-01-08,DANE.TA,[41640.656],9
2025-01-09,DANE.TA,[42156.56],10
2025-01-10,DANE.TA,[42226.617],11
2025-01-11,DANE.TA,[42461.363],12
2025-01-12,DANE.TA,[43133.68],13
2025-01-13,DANE.TA,[42094.742],14
2025-01-14,DANE.TA,[42349.46],15
2025-01-15,DANE.TA,[42498.566],16
2025-01-16,DANE.TA,[42584.484],17
2025-01-17,DANE.TA,[42950.59],18
2025-01-18,DANE.TA,[44848.31],19
2025-01-19,DANE.TA,[45815.695],20
2025-01-20,DANE.TA,[45749.242],21
2025-01-21,DANE.TA,[44914.016],22
2025-01-22,DANE.TA,[44498.363],23
2025-01-23,DANE.TA,[44207.703],24
2025-01-24,DANE.TA,[45396.74],25
2025-01-25,DANE.TA,[46333.953],26
2025-01-26,DANE.TA,[45442.],27
2025-01-27,DANE.TA,[46402.08],28
2025-01-28,DANE.TA,[46291.68],29
2025-01-29,DANE.TA,[46416.715],30
2024-12-31,DNYA.TA,[11955.851],1
2025-01-01,DNYA.TA,[11981.13],2
2025-01-02,DNYA.TA,[12008.844],3
2025-01-03,DNYA.TA,[11994.757],4
2025-01-04,DNYA.TA,[11951.835],5
2025-01-05,DNYA.TA,[11980.68],6
2025-01-06,DNYA.TA,[11894.164],7
2025-01-07,DNYA.TA,[11942.077],8
2025-01-08,DNYA.TA,[12105.68],9
2025-01-09,DNYA.TA,[12144.16],10
2025-01-10,DNYA.TA,[12379.99],11
2025-01-11,DNYA.TA,[12303.538],12
2025-01-12,DNYA.TA,[12359.442],13
2025-01-13,DNYA.TA,[12294.734],14
2025-01-14,DNYA.TA,[12140.112],15
2025-01-15,DNYA.TA,[12310.106],16
2025-01-16,DNYA.TA,[12332.762],17
2025-01-17,DNYA.TA,[12494.429],18
2025-01-18,DNYA.TA,[12434.053],19
2025-01-19,DNYA.TA,[12389.517],20
2025-01-20,DNYA.TA,[12379.881],21
2025-01-21,DNYA.TA,[12315.4375],22
2025-01-22,DNYA.TA,[12560.054],23
2025-01-23,DNYA.TA,[12603.225],24
2025-01-24,DNYA.TA,[12636.408],25
2025-01-25,DNYA.TA,[12402.509],26
2025-01-26,DNYA.TA,[12499.749],27
2025-01-27,DNYA.TA,[12851.268],28
2025-01-28,DNYA.TA,[12613.228],29
2025-01-29,DNYA.TA,[12989.462],30
2024-12-31,DLEA.TA,[2903.482],1
2025-01-01,DLEA.TA,[3025.8008],2
2025-01-02,DLEA.TA,[2943.7722],3
2025-01-03,DLEA.TA,[3012.5732],4
2025-01-04,DLEA.TA,[3025.169],5
2025-01-05,DLEA.TA,[3088.223],6
2025-01-06,DLEA.TA,[3023.4272],7
2025-01-07,DLEA.TA,[3110.1448],8
2025-01-08,DLEA.TA,[3143.39],9
2025-01-09,DLEA.TA,[3178.2588],10
2025-01-10,DLEA.TA,[3241.7913],11
2025-01-11,DLEA.TA,[3213.3843],12
2025-01-12,DLEA.TA,[3180.672],13
2025-01-13,DLEA.TA,[3200.9849],14
2025-01-14,DLEA.TA,[3210.8042],15
2025-01-15,DLEA.TA,[3215.0325],16
2025-01-16,DLEA.TA,[3229.3171],17
2025-01-17,DLEA.TA,[3251.055],18
2025-01-18,DLEA.TA,[3328.801],19
2025-01-19,DLEA.TA,[3205.9172],20
2025-01-20,DLEA.TA,[3233.8335],21
2025-01-21,DLEA.TA,[3173.78],22
2025-01-22,DLEA.TA,[3149.7676],23
2025-01-23,DLEA.TA,[3182.4646],24
2025-01-24,DLEA.TA,[3228.3008],25
2025-01-25,DLEA.TA,[3304.2515],26
2025-01-26,DLEA.TA,[3337.913],27
2025-01-27,DLEA.TA,[3461.9119],28
2025-01-28,DLEA.TA,[3463.5396],29
2025-01-29,DLEA.TA,[3451.1655],30
2024-12-31,DLEKG.TA,[46972.95],1
2025-01-01,DLEKG.TA,[45738.695],2
2025-01-02,DLEKG.TA,[45422.95],3
2025-01-03,DLEKG.TA,[45453.32],4
2025-01-04,DLEKG.TA,[46299.336],5
2025-01-05,DLEKG.TA,[46751.65],6
2025-01-06,DLEKG.TA,[47645.176],7
2025-01-07,DLEKG.TA,[47717.246],8
2025-01-08,DLEKG.TA,[48265.67],9
2025-01-09,DLEKG.TA,[48169.047],10
2025-01-10,DLEKG.TA,[48029.97],11
2025-01-11,DLEKG.TA,[49693.05],12
2025-01-12,DLEKG.TA,[50416.38],13
2025-01-13,DLEKG.TA,[50319.418],14
2025-01-14,DLEKG.TA,[51262.816],15
2025-01-15,DLEKG.TA,[53247.082],16
2025-01-16,DLEKG.TA,[53550.363],17
2025-01-17,DLEKG.TA,[54797.223],18
2025-01-18,DLEKG.TA,[56805.31],19
2025-01-19,DLEKG.TA,[55786.41],20
2025-01-20,DLEKG.TA,[55620.89],21
2025-01-21,DLEKG.TA,[57117.53],22
2025-01-22,DLEKG.TA,[57207.64],23
2025-01-23,DLEKG.TA,[58274.906],24
2025-01-24,DLEKG.TA,[60143.67],25
2025-01-25,DLEKG.TA,[58874.6],26
2025-01-26,DLEKG.TA,[57951.836],27
2025-01-27,DLEKG.TA,[57481.88],28
2025-01-28,DLEKG.TA,[56575.64],29
2025-01-29,DLEKG.TA,[55618.67],30
2024-12-31,DLTI.TA,[6682.9507],1
2025-01-01,DLTI.TA,[6624.109],2
2025-01-02,DLTI.TA,[6537.219],3
2025-01-03,DLTI.TA,[6392.6196],4
2025-01-04,DLTI.TA,[6264.223],5
2025-01-05,DLTI.TA,[6329.413],6
2025-01-06,DLTI.TA,[6370.0845],7
2025-01-07,DLTI.TA,[6497.99],8
2025-01-08,DLTI.TA,[6526.896],9
2025-01-09,DLTI.TA,[6623.7095],10
2025-01-10,DLTI.TA,[6731.37],11
2025-01-11,DLTI.TA,[6821.7466],12
2025-01-12,DLTI.TA,[6884.571],13
2025-01-13,DLTI.TA,[6814.875],14
2025-01-14,DLTI.TA,[7030.589],15
2025-01-15,DLTI.TA,[6720.7285],16
2025-01-16,DLTI.TA,[6717.7046],17
2025-01-17,DLTI.TA,[6668.465],18
2025-01-18,DLTI.TA,[6560.8667],19
2025-01-19,DLTI.TA,[6435.204],20
2025-01-20,DLTI.TA,[6445.7646],21
2025-01-21,DLTI.TA,[6401.777],22
2025-01-22,DLTI.TA,[6524.1704],23
2025-01-23,DLTI.TA,[6519.1216],24
2025-01-24,DLTI.TA,[6746.849],25
2025-01-25,DLTI.TA,[6603.6304],26
2025-01-26,DLTI.TA,[6644.6797],27
2025-01-27,DLTI.TA,[6694.999],28
2025-01-28,DLTI.TA,[6538.903],29
2025-01-29,DLTI.TA,[6605.5376],30
2024-12-31,DELG.TA,[20184.893],1
2025-01-01,DELG.TA,[19975.17],2
2025-01-02,DELG.TA,[20222.326],3
2025-01-03,DELG.TA,[20612.705],4
2025-01-04,DELG.TA,[21293.062],5
2025-01-05,DELG.TA,[21633.91],6
2025-01-06,DELG.TA,[22046.941],7
2025-01-07,DELG.TA,[21740.676],8
2025-01-08,DELG.TA,[20862.29],9
2025-01-09,DELG.TA,[21257.664],10
2025-01-10,DELG.TA,[21129.758],11
2025-01-11,DELG.TA,[19993.053],12
2025-01-12,DELG.TA,[20015.592],13
2025-01-13,DELG.TA,[20912.406],14
2025-01-14,DELG.TA,[21765.492],15
2025-01-15,DELG.TA,[22361.352],16
2025-01-16,DELG.TA,[21661.223],17
2025-01-17,DELG.TA,[21895.584],18
2025-01-18,DELG.TA,[21636.605],19
2025-01-19,DELG.TA,[21937.47],20
2025-01-20,DELG.TA,[21530.604],21
2025-01-21,DELG.TA,[21473.373],22
2025-01-22,DELG.TA,[21064.812],23
2025-01-23,DELG.TA,[21498.676],24
2025-01-24,DELG.TA,[22199.049],25
2025-01-25,DELG.TA,[21591.621],26
2025-01-26,DELG.TA,[21220.932],27
2025-01-27,DELG.TA,[21230.822],28
2025-01-28,DELG.TA,[21478.86],29
2025-01-29,DELG.TA,[20386.041],30
2024-12-31,DIMRI.TA,[34842.68],1
2025-01-01,DIMRI.TA,[35037.555],2
2025-01-02,DIMRI.TA,[34756.168],3
2025-01-03,DIMRI.TA,[34919.965],4
2025-01-04,DIMRI.TA,[34977.28],5
2025-01-05,DIMRI.TA,[35528.113],6
2025-01-06,DIMRI.TA,[36027.36],7
2025-01-07,DIMRI.TA,[35316.52],8
2025-01-08,DIMRI.TA,[35395.78],9
2025-01-09,DIMRI.TA,[36214.34],10
2025-01-10,DIMRI.TA,[35706.227],11
2025-01-11,DIMRI.TA,[34947.5],12
2025-01-12,DIMRI.TA,[35512.434],13
2025-01-13,DIMRI.TA,[36357.117],14
2025-01-14,DIMRI.TA,[37254.68],15
2025-01-15,DIMRI.TA,[36620.32],16
2025-01-16,DIMRI.TA,[37493.992],17
2025-01-17,DIMRI.TA,[38270.37],18
2025-01-18,DIMRI.TA,[38678.043],19
2025-01-19,DIMRI.TA,[39149.004],20
2025-01-20,DIMRI.TA,[38651.215],21
2025-01-21,DIMRI.TA,[39294.074],22
2025-01-22,DIMRI.TA,[38890.168],23
2025-01-23,DIMRI.TA,[39047.906],24
2025-01-24,DIMRI.TA,[40366.2],25
2025-01-25,DIMRI.TA,[39811.13],26
2025-01-26,DIMRI.TA,[39505.55],27
2025-01-27,DIMRI.TA,[38834.82],28
2025-01-28,DIMRI.TA,[38114.03],29
2025-01-29,DIMRI.TA,[39275.58],30
2024-12-31,DIPL.TA,[4886.0283],1
2025-01-01,DIPL.TA,[4964.9966],2
2025-01-02,DIPL.TA,[5005.7812],3
2025-01-03,DIPL.TA,[5080.741],4
2025-01-04,DIPL.TA,[5012.641],5
2025-01-05,DIPL.TA,[5099.4863],6
2025-01-06,DIPL.TA,[5142.079],7
2025-01-07,DIPL.TA,[5173.115],8
2025-01-08,DIPL.TA,[5185.094],9
2025-01-09,DIPL.TA,[5269.2593],10
2025-01-10,DIPL.TA,[5221.5063],11
2025-01-11,DIPL.TA,[5331.4077],12
2025-01-12,DIPL.TA,[5355.2627],13
2025-01-13,DIPL.TA,[5214.737],14
2025-01-14,DIPL.TA,[5241.3115],15
2025-01-15,DIPL.TA,[5362.852],16
2025-01-16,DIPL.TA,[5406.825],17
2025-01-17,DIPL.TA,[5389.963],18
2025-01-18,DIPL.TA,[5239.6074],19
2025-01-19,DIPL.TA,[5275.8237],20
2025-01-20,DIPL.TA,[5373.799],21
2025-01-21,DIPL.TA,[5532.807],22
2025-01-22,DIPL.TA,[5599.1616],23
2025-01-23,DIPL.TA,[5597.1704],24
2025-01-24,DIPL.TA,[5611.2456],25
2025-01-25,DIPL.TA,[5625.5557],26
2025-01-26,DIPL.TA,[5608.3037],27
2025-01-27,DIPL.TA,[5621.2905],28
2025-01-28,DIPL.TA,[5689.528],29
2025-01-29,DIPL.TA,[5806.1636],30
2024-12-31,DIFI.TA,[57200.656],1
2025-01-01,DIFI.TA,[56563.88],2
2025-01-02,DIFI.TA,[55806.598],3
2025-01-03,DIFI.TA,[56423.957],4
2025-01-04,DIFI.TA,[55485.633],5
2025-01-05,DIFI.TA,[55763.32],6
2025-01-06,DIFI.TA,[55667.68],7
2025-01-07,DIFI.TA,[56149.023],8
2025-01-08,DIFI.TA,[56997.49],9
2025-01-09,DIFI.TA,[57274.215],10
2025-01-10,DIFI.TA,[57566.28],11
2025-01-11,DIFI.TA,[56953.484],12
2025-01-12,DIFI.TA,[56972.684],13
2025-01-13,DIFI.TA,[57683.914],14
2025-01-14,DIFI.TA,[58229.59],15
2025-01-15,DIFI.TA,[58216.65],16
2025-01-16,DIFI.TA,[58803.1],17
2025-01-17,DIFI.TA,[56937.844],18
2025-01-18,DIFI.TA,[55740.42],19
2025-01-19,DIFI.TA,[55598.99],20
2025-01-20,DIFI.TA,[56532.43],21
2025-01-21,DIFI.TA,[56927.973],22
2025-01-22,DIFI.TA,[58357.434],23
2025-01-23,DIFI.TA,[58606.297],24
2025-01-24,DIFI.TA,[58768.457],25
2025-01-25,DIFI.TA,[57689.094],26
2025-01-26,DIFI.TA,[57588.383],27
2025-01-27,DIFI.TA,[58316.3],28
2025-01-28,DIFI.TA,[57872.207],29
2025-01-29,DIFI.TA,[58282.953],30
2024-12-31,DSCT.TA,[2454.691],1
2025-01-01,DSCT.TA,[2513.7268],2
2025-01-02,DSCT.TA,[2570.0466],3
2025-01-03,DSCT.TA,[2584.6567],4
2025-01-04,DSCT.TA,[2567.5068],5
2025-01-05,DSCT.TA,[2614.058],6
2025-01-06,DSCT.TA,[2612.613],7
2025-01-07,DSCT.TA,[2645.5178],8
2025-01-08,DSCT.TA,[2611.4968],9
2025-01-09,DSCT.TA,[2613.9976],10
2025-01-10,DSCT.TA,[2650.8755],11
2025-01-11,DSCT.TA,[2593.7178],12
2025-01-12,DSCT.TA,[2532.3655],13
2025-01-13,DSCT.TA,[2562.4863],14
2025-01-14,DSCT.TA,[2605.9685],15
2025-01-15,DSCT.TA,[2593.8184],16
2025-01-16,DSCT.TA,[2592.9573],17
2025-01-17,DSCT.TA,[2525.825],18
2025-01-18,DSCT.TA,[2567.9395],19
2025-01-19,DSCT.TA,[2565.9004],20
2025-01-20,DSCT.TA,[2556.7788],21
2025-01-21,DSCT.TA,[2534.537],22
2025-01-22,DSCT.TA,[2555.249],23
2025-01-23,DSCT.TA,[2606.1074],24
2025-01-24,DSCT.TA,[2579.1775],25
2025-01-25,DSCT.TA,[2575.5266],26
2025-01-26,DSCT.TA,[2649.4143],27
2025-01-27,DSCT.TA,[2719.4038],28
2025-01-28,DSCT.TA,[2682.1846],29
2025-01-29,DSCT.TA,[2731.71],30
2024-12-31,DISI.TA,[441.90698],1
2025-01-01,DISI.TA,[466.72794],2
2025-01-02,DISI.TA,[460.94995],3
2025-01-03,DISI.TA,[447.802],4
2025-01-04,DISI.TA,[448.32748],5
2025-01-05,DISI.TA,[447.69196],6
2025-01-06,DISI.TA,[436.3602],7
2025-01-07,DISI.TA,[449.34775],8
2025-01-08,DISI.TA,[464.48386],9
2025-01-09,DISI.TA,[448.35187],10
2025-01-10,DISI.TA,[456.75604],11
2025-01-11,DISI.TA,[473.53326],12
2025-01-12,DISI.TA,[465.76227],13
2025-01-13,DISI.TA,[458.31836],14
2025-01-14,DISI.TA,[454.33612],15
2025-01-15,DISI.TA,[465.98157],16
2025-01-16,DISI.TA,[479.45773],17
2025-01-17,DISI.TA,[498.99228],18
2025-01-18,DISI.TA,[482.64368],19
2025-01-19,DISI.TA,[502.04395],20
2025-01-20,DISI.TA,[487.28378],21
2025-01-21,DISI.TA,[472.71292],22
2025-01-22,DISI.TA,[461.29666],23
2025-01-23,DISI.TA,[456.30032],24
2025-01-24,DISI.TA,[441.28937],25
2025-01-25,DISI.TA,[444.48438],26
2025-01-26,DISI.TA,[466.2389],27
2025-01-27,DISI.TA,[446.91656],28
2025-01-28,DISI.TA,[454.16687],29
2025-01-29,DISI.TA,[477.19003],30
2024-12-31,DNA.TA,[84.46081],1
2025-01-01,DNA.TA,[86.200645],2
2025-01-02,DNA.TA,[86.76168],3
2025-01-03,DNA.TA,[86.104294],4
2025-01-04,DNA.TA,[82.6777],5
2025-01-05,DNA.TA,[82.88002],6
2025-01-06,DNA.TA,[89.03389],7
2025-01-07,DNA.TA,[89.40357],8
2025-01-08,DNA.TA,[89.671],9
2025-01-09,DNA.TA,[90.22646],10
2025-01-10,DNA.TA,[93.86686],11
2025-01-11,DNA.TA,[92.76623],12
2025-01-12,DNA.TA,[93.518585],13
2025-01-13,DNA.TA,[91.43189],14
2025-01-14,DNA.TA,[90.608696],15
2025-01-15,DNA.TA,[90.41622],16
2025-01-16,DNA.TA,[91.87928],17
2025-01-17,DNA.TA,[95.75671],18
2025-01-18,DNA.TA,[104.14027],19
2025-01-19,DNA.TA,[101.1526],20
2025-01-20,DNA.TA,[97.854095],21
2025-01-21,DNA.TA,[104.43132],22
2025-01-22,DNA.TA,[104.219055],23
2025-01-23,DNA.TA,[101.81017],24
2025-01-24,DNA.TA,[105.095024],25
2025-01-25,DNA.TA,[99.908905],26
2025-01-26,DNA.TA,[96.26474],27
2025-01-27,DNA.TA,[97.36785],28
2025-01-28,DNA.TA,[94.39705],29
2025-01-29,DNA.TA,[98.69178],30
2024-12-31,DRAL.TA,[9229.51],1
2025-01-01,DRAL.TA,[9196.207],2
2025-01-02,DRAL.TA,[9206.696],3
2025-01-03,DRAL.TA,[9241.545],4
2025-01-04,DRAL.TA,[9226.786],5
2025-01-05,DRAL.TA,[9315.6045],6
2025-01-06,DRAL.TA,[9398.909],7
2025-01-07,DRAL.TA,[9628.133],8
2025-01-08,DRAL.TA,[9562.11],9
2025-01-09,DRAL.TA,[9596.456],10
2025-01-10,DRAL.TA,[9655.463],11
2025-01-11,DRAL.TA,[9884.566],12
2025-01-12,DRAL.TA,[10019.181],13
2025-01-13,DRAL.TA,[10062.189],14
2025-01-14,DRAL.TA,[10010.226],15
2025-01-15,DRAL.TA,[10015.838],16
2025-01-16,DRAL.TA,[10264.336],17
2025-01-17,DRAL.TA,[10593.916],18
2025-01-18,DRAL.TA,[10703.462],19
2025-01-19,DRAL.TA,[10622.543],20
2025-01-20,DRAL.TA,[10703.724],21
2025-01-21,DRAL.TA,[10698.021],22
2025-01-22,DRAL.TA,[10602.531],23
2025-01-23,DRAL.TA,[10598.6],24
2025-01-24,DRAL.TA,[10700.487],25
2025-01-25,DRAL.TA,[10666.349],26
2025-01-26,DRAL.TA,[10548.294],27
2025-01-27,DRAL.TA,[10749.167],28
2025-01-28,DRAL.TA,[10793.641],29
2025-01-29,DRAL.TA,[10676.42],30
2024-12-31,DORL.TA,[1258.8108],1
2025-01-01,DORL.TA,[1300.3679],2
2025-01-02,DORL.TA,[1303.281],3
2025-01-03,DORL.TA,[1272.6671],4
2025-01-04,DORL.TA,[1269.8901],5
2025-01-05,DORL.TA,[1295.4728],6
2025-01-06,DORL.TA,[1275.7499],7
2025-01-07,DORL.TA,[1310.0153],8
2025-01-08,DORL.TA,[1343.4779],9
2025-01-09,DORL.TA,[1267.6276],10
2025-01-10,DORL.TA,[1279.1411],11
2025-01-11,DORL.TA,[1288.7131],12
2025-01-12,DORL.TA,[1339.3766],13
2025-01-13,DORL.TA,[1317.3093],14
2025-01-14,DORL.TA,[1291.3435],15
2025-01-15,DORL.TA,[1279.3031],16
2025-01-16,DORL.TA,[1296.9424],17
2025-01-17,DORL.TA,[1277.6464],18
2025-01-18,DORL.TA,[1250.2024],19
2025-01-19,DORL.TA,[1213.36],20
2025-01-20,DORL.TA,[1220.9224],21
2025-01-21,DORL.TA,[1248.749],22
2025-01-22,DORL.TA,[1240.3838],23
2025-01-23,DORL.TA,[1195.2225],24
2025-01-24,DORL.TA,[1242.4613],25
2025-01-25,DORL.TA,[1239.9526],26
2025-01-26,DORL.TA,[1268.2115],27
2025-01-27,DORL.TA,[1269.393],28
2025-01-28,DORL.TA,[1286.1241],29
2025-01-29,DORL.TA,[1209.3065],30
2024-12-31,DRSH.TA,[1392.0795],1
2025-01-01,DRSH.TA,[1422.9772],2
2025-01-02,DRSH.TA,[1423.3375],3
2025-01-03,DRSH.TA,[1447.3492],4
2025-01-04,DRSH.TA,[1432.7809],5
2025-01-05,DRSH.TA,[1400.6189],6
2025-01-06,DRSH.TA,[1372.988],7
2025-01-07,DRSH.TA,[1380.6826],8
2025-01-08,DRSH.TA,[1366.429],9
2025-01-09,DRSH.TA,[1329.8152],10
2025-01-10,DRSH.TA,[1341.2191],11
2025-01-11,DRSH.TA,[1342.1605],12
2025-01-12,DRSH.TA,[1379.413],13
2025-01-13,DRSH.TA,[1378.724],14
2025-01-14,DRSH.TA,[1379.3423],15
2025-01-15,DRSH.TA,[1419.3849],16
2025-01-16,DRSH.TA,[1441.5206],17
2025-01-17,DRSH.TA,[1446.3083],18
2025-01-18,DRSH.TA,[1438.8718],19
2025-01-19,DRSH.TA,[1463.9783],20
2025-01-20,DRSH.TA,[1461.1963],21
2025-01-21,DRSH.TA,[1444.2084],22
2025-01-22,DRSH.TA,[1433.1819],23
2025-01-23,DRSH.TA,[1477.0364],24
2025-01-24,DRSH.TA,[1512.32],25
2025-01-25,DRSH.TA,[1503.7312],26
2025-01-26,DRSH.TA,[1481.528],27
2025-01-27,DRSH.TA,[1434.6693],28
2025-01-28,DRSH.TA,[1400.978],29
2025-01-29,DRSH.TA,[1392.579],30
2024-12-31,DUNI.TA,[25685.465],1
2025-01-01,DUNI.TA,[24762.662],2
2025-01-02,DUNI.TA,[24629.78],3
2025-01-03,DUNI.TA,[25195.809],4
2025-01-04,DUNI.TA,[25246.053],5
2025-01-05,DUNI.TA,[25215.607],6
2025-01-06,DUNI.TA,[25417.58],7
2025-01-07,DUNI.TA,[26000.588],8
2025-01-08,DUNI.TA,[26492.523],9
2025-01-09,DUNI.TA,[26097.475],10
2025-01-10,DUNI.TA,[25856.492],11
2025-01-11,DUNI.TA,[26291.918],12
2025-01-12,DUNI.TA,[26428.19],13
2025-01-13,DUNI.TA,[25563.137],14
2025-01-14,DUNI.TA,[25113.262],15
2025-01-15,DUNI.TA,[25241.035],16
2025-01-16,DUNI.TA,[25077.605],17
2025-01-17,DUNI.TA,[24864.549],18
2025-01-18,DUNI.TA,[24583.762],19
2025-01-19,DUNI.TA,[24396.117],20
2025-01-20,DUNI.TA,[24920.281],21
2025-01-21,DUNI.TA,[25121.27],22
2025-01-22,DUNI.TA,[24812.78],23
2025-01-23,DUNI.TA,[24659.664],24
2025-01-24,DUNI.TA,[25056.26],25
2025-01-25,DUNI.TA,[24761.672],26
2025-01-26,DUNI.TA,[23701.754],27
2025-01-27,DUNI.TA,[25002.883],28
2025-01-28,DUNI.TA,[25118.246],29
2025-01-29,DUNI.TA,[25067.51],30
2024-12-31,ECNR.TA,[2366.1475],1
2025-01-01,ECNR.TA,[2364.6064],2
2025-01-02,ECNR.TA,[2362.514],3
2025-01-03,ECNR.TA,[2356.5105],4
2025-01-04,ECNR.TA,[2325.4072],5
2025-01-05,ECNR.TA,[2315.9277],6
2025-01-06,ECNR.TA,[2354.0017],7
2025-01-07,ECNR.TA,[2510.6836],8
2025-01-08,ECNR.TA,[2441.6074],9
2025-01-09,ECNR.TA,[2441.5208],10
2025-01-10,ECNR.TA,[2555.163],11
2025-01-11,ECNR.TA,[2634.9983],12
2025-01-12,ECNR.TA,[2732.0515],13
2025-01-13,ECNR.TA,[2631.075],14
2025-01-14,ECNR.TA,[2675.8696],15
2025-01-15,ECNR.TA,[2612.0457],16
2025-01-16,ECNR.TA,[2800.8694],17
2025-01-17,ECNR.TA,[2872.3843],18
2025-01-18,ECNR.TA,[2852.9736],19
2025-01-19,ECNR.TA,[2942.9922],20
2025-01-20,ECNR.TA,[2919.7021],21
2025-01-21,ECNR.TA,[2913.4783],22
2025-01-22,ECNR.TA,[3018.3958],23
2025-01-23,ECNR.TA,[3053.2632],24
2025-01-24,ECNR.TA,[3006.7322],25
2025-01-25,ECNR.TA,[2890.3872],26
2025-01-26,ECNR.TA,[3045.4312],27
2025-01-27,ECNR.TA,[3042.6106],28
2025-01-28,ECNR.TA,[3128.836],29
2025-01-29,ECNR.TA,[3244.143],30
2024-12-31,EFCP.TA,[1525.5706],1
2025-01-01,EFCP.TA,[1523.6282],2
2025-01-02,EFCP.TA,[1523.4745],3
2025-01-03,EFCP.TA,[1523.9436],4
2025-01-04,EFCP.TA,[1524.8248],5
2025-01-05,EFCP.TA,[1522.797],6
2025-01-06,EFCP.TA,[1523.7865],7
2025-01-07,EFCP.TA,[1525.7732],8
2025-01-08,EFCP.TA,[1531.8275],9
2025-01-09,EFCP.TA,[1527.0255],10
2025-01-10,EFCP.TA,[1527.9423],11
2025-01-11,EFCP.TA,[1527.2593],12
2025-01-12,EFCP.TA,[1525.4607],13
2025-01-13,EFCP.TA,[1524.7032],14
2025-01-14,EFCP.TA,[1526.0919],15
2025-01-15,EFCP.TA,[1525.6818],16
2025-01-16,EFCP.TA,[1524.5231],17
2025-01-17,EFCP.TA,[1522.2408],18
2025-01-18,EFCP.TA,[1518.847],19
2025-01-19,EFCP.TA,[1519.2385],20
2025-01-20,EFCP.TA,[1520.2107],21
2025-01-21,EFCP.TA,[1524.8545],22
2025-01-22,EFCP.TA,[1527.4749],23
2025-01-23,EFCP.TA,[1525.5802],24
2025-01-24,EFCP.TA,[1527.1025],25
2025-01-25,EFCP.TA,[1526.2543],26
2025-01-26,EFCP.TA,[1526.0062],27
2025-01-27,EFCP.TA,[1526.2227],28
2025-01-28,EFCP.TA,[1524.1248],29
2025-01-29,EFCP.TA,[1523.2467],30
2024-12-31,ELAL.TA,[737.21967],1
2025-01-01,ELAL.TA,[763.52484],2
2025-01-02,ELAL.TA,[757.2237],3
2025-01-03,ELAL.TA,[762.4522],4
2025-01-04,ELAL.TA,[770.1628],5
2025-01-05,ELAL.TA,[768.0735],6
2025-01-06,ELAL.TA,[778.6562],7
2025-01-07,ELAL.TA,[784.5904],8
2025-01-08,ELAL.TA,[779.26843],9
2025-01-09,ELAL.TA,[772.46265],10
2025-01-10,ELAL.TA,[742.1342],11
2025-01-11,ELAL.TA,[743.5641],12
2025-01-12,ELAL.TA,[755.27374],13
2025-01-13,ELAL.TA,[734.1835],14
2025-01-14,ELAL.TA,[739.9895],15
2025-01-15,ELAL.TA,[784.2039],16
2025-01-16,ELAL.TA,[792.6667],17
2025-01-17,ELAL.TA,[761.0535],18
2025-01-18,ELAL.TA,[787.01636],19
2025-01-19,ELAL.TA,[764.2467],20
2025-01-20,ELAL.TA,[765.0877],21
2025-01-21,ELAL.TA,[772.5583],22
2025-01-22,ELAL.TA,[757.84174],23
2025-01-23,ELAL.TA,[740.9245],24
2025-01-24,ELAL.TA,[752.3458],25
2025-01-25,ELAL.TA,[751.13934],26
2025-01-26,ELAL.TA,[760.54114],27
2025-01-27,ELAL.TA,[746.4471],28
2025-01-28,ELAL.TA,[736.43823],29
2025-01-29,ELAL.TA,[721.91986],30
2024-12-31,EMITF-M.TA,[614.9398],1
2025-01-01,EMITF-M.TA,[610.45233],2
2025-01-02,EMITF-M.TA,[584.8216],3
2025-01-03,EMITF-M.TA,[586.4004],4
2025-01-04,EMITF-M.TA,[587.81573],5
2025-01-05,EMITF-M.TA,[583.14124],6
2025-01-06,EMITF-M.TA,[599.3446],7
2025-01-07,EMITF-M.TA,[646.0548],8
2025-01-08,EMITF-M.TA,[666.2256],9
2025-01-09,EMITF-M.TA,[648.6495],10
2025-01-10,EMITF-M.TA,[657.8357],11
2025-01-11,EMITF-M.TA,[664.76624],12
2025-01-12,EMITF-M.TA,[655.992],13
2025-01-13,EMITF-M.TA,[666.5743],14
2025-01-14,EMITF-M.TA,[685.3213],15
2025-01-15,EMITF-M.TA,[677.06586],16
2025-01-16,EMITF-M.TA,[669.8159],17
2025-01-17,EMITF-M.TA,[672.1113],18
2025-01-18,EMITF-M.TA,[694.4364],19
2025-01-19,EMITF-M.TA,[711.2112],20
2025-01-20,EMITF-M.TA,[706.92645],21
2025-01-21,EMITF-M.TA,[707.08075],22
2025-01-22,EMITF-M.TA,[725.45996],23
2025-01-23,EMITF-M.TA,[707.8313],24
2025-01-24,EMITF-M.TA,[740.87885],25
2025-01-25,EMITF-M.TA,[760.6151],26
2025-01-26,EMITF-M.TA,[761.03644],27
2025-01-27,EMITF-M.TA,[726.18225],28
2025-01-28,EMITF-M.TA,[720.46826],29
2025-01-29,EMITF-M.TA,[713.82336],30
2024-12-31,EMTC-M.TA,[16.295547],1
2025-01-01,EMTC-M.TA,[13.286911],2
2025-01-02,EMTC-M.TA,[7.8004465],3
2025-01-03,EMTC-M.TA,[5.807469],4
2025-01-04,EMTC-M.TA,[5.7143874],5
2025-01-05,EMTC-M.TA,[4.0819283],6
2025-01-06,EMTC-M.TA,[4.58276],7
2025-01-07,EMTC-M.TA,[4.069491],8
2025-01-08,EMTC-M.TA,[4.7269654],9
2025-01-09,EMTC-M.TA,[4.371434],10
2025-01-10,EMTC-M.TA,[3.5234885],11
2025-01-11,EMTC-M.TA,[3.7202616],12
2025-01-12,EMTC-M.TA,[3.675045],13
2025-01-13,EMTC-M.TA,[4.1535134],14
2025-01-14,EMTC-M.TA,[4.0903525],15
2025-01-15,EMTC-M.TA,[1.7191771],16
2025-01-16,EMTC-M.TA,[2.0947828],17
2025-01-17,EMTC-M.TA,[1.7646732],18
2025-01-18,EMTC-M.TA,[1.5271732],19
2025-01-19,EMTC-M.TA,[0.710543],20
2025-01-20,EMTC-M.TA,[0.59765434],21
2025-01-21,EMTC-M.TA,[0.52015114],22
2025-01-22,EMTC-M.TA,[0.4694756],23
2025-01-23,EMTC-M.TA,[0.31800663],24
2025-01-24,EMTC-M.TA,[0.24133074],25
2025-01-25,EMTC-M.TA,[0.2473609],26
2025-01-26,EMTC-M.TA,[0.21512008],27
2025-01-27,EMTC-M.TA,[0.13895893],28
2025-01-28,EMTC-M.TA,[0.19971144],29
2025-01-29,EMTC-M.TA,[0.2023938],30
2024-12-31,ESLT.TA,[94136.336],1
2025-01-01,ESLT.TA,[97004.24],2
2025-01-02,ESLT.TA,[95578.49],3
2025-01-03,ESLT.TA,[95644.13],4
2025-01-04,ESLT.TA,[94167.2],5
2025-01-05,ESLT.TA,[95365.125],6
2025-01-06,ESLT.TA,[92922.49],7
2025-01-07,ESLT.TA,[93300.59],8
2025-01-08,ESLT.TA,[92640.12],9
2025-01-09,ESLT.TA,[90833.06],10
2025-01-10,ESLT.TA,[91604.164],11
2025-01-11,ESLT.TA,[92555.72],12
2025-01-12,ESLT.TA,[91850.02],13
2025-01-13,ESLT.TA,[92082.37],14
2025-01-14,ESLT.TA,[90245.91],15
2025-01-15,ESLT.TA,[91937.99],16
2025-01-16,ESLT.TA,[94729.58],17
2025-01-17,ESLT.TA,[94016.55],18
2025-01-18,ESLT.TA,[93547.8],19
2025-01-19,ESLT.TA,[94187.36],20
2025-01-20,ESLT.TA,[93124.03],21
2025-01-21,ESLT.TA,[93215.81],22
2025-01-22,ESLT.TA,[91756.04],23
2025-01-23,ESLT.TA,[91616.18],24
2025-01-24,ESLT.TA,[91825.08],25
2025-01-25,ESLT.TA,[89182.6],26
2025-01-26,ESLT.TA,[88079.734],27
2025-01-27,ESLT.TA,[86575.63],28
2025-01-28,ESLT.TA,[87188.01],29
2025-01-29,ESLT.TA,[86399.48],30
2024-12-31,ELCO.TA,[14950.748],1
2025-01-01,ELCO.TA,[15022.523],2
2025-01-02,ELCO.TA,[15212.455],3
2025-01-03,ELCO.TA,[15306.242],4
2025-01-04,ELCO.TA,[15221.721],5
2025-01-05,ELCO.TA,[15418.661],6
2025-01-06,ELCO.TA,[15774.309],7
2025-01-07,ELCO.TA,[15678.002],8
2025-01-08,ELCO.TA,[15588.058],9
2025-01-09,ELCO.TA,[15058.182],10
2025-01-10,ELCO.TA,[15057.665],11
2025-01-11,ELCO.TA,[15042.366],12
2025-01-12,ELCO.TA,[15101.881],13
2025-01-13,ELCO.TA,[15360.045],14
2025-01-14,ELCO.TA,[15373.141],15
2025-01-15,ELCO.TA,[15255.459],16
2025-01-16,ELCO.TA,[15412.853],17
2025-01-17,ELCO.TA,[15681.513],18
2025-01-18,ELCO.TA,[15397.6455],19
2025-01-19,ELCO.TA,[15204.173],20
2025-01-20,ELCO.TA,[15467.099],21
2025-01-21,ELCO.TA,[16038.314],22
2025-01-22,ELCO.TA,[16586.938],23
2025-01-23,ELCO.TA,[16958.865],24
2025-01-24,ELCO.TA,[16498.318],25
2025-01-25,ELCO.TA,[16534.178],26
2025-01-26,ELCO.TA,[16073.029],27
2025-01-27,ELCO.TA,[15662.317],28
2025-01-28,ELCO.TA,[15431.017],29
2025-01-29,ELCO.TA,[15184.396],30
2024-12-31,ELDAV-M.TA,[263.65405],1
2025-01-01,ELDAV-M.TA,[265.6795],2
2025-01-02,ELDAV-M.TA,[273.71176],3
2025-01-03,ELDAV-M.TA,[264.40683],4
2025-01-04,ELDAV-M.TA,[266.90192],5
2025-01-05,ELDAV-M.TA,[267.09787],6
2025-01-06,ELDAV-M.TA,[259.02493],7
2025-01-07,ELDAV-M.TA,[260.43823],8
2025-01-08,ELDAV-M.TA,[257.83707],9
2025-01-09,ELDAV-M.TA,[261.2236],10
2025-01-10,ELDAV-M.TA,[257.61725],11
2025-01-11,ELDAV-M.TA,[267.38184],12
2025-01-12,ELDAV-M.TA,[271.11807],13
2025-01-13,ELDAV-M.TA,[272.83707],14
2025-01-14,ELDAV-M.TA,[281.00412],15
2025-01-15,ELDAV-M.TA,[276.32977],16
2025-01-16,ELDAV-M.TA,[274.21857],17
2025-01-17,ELDAV-M.TA,[273.41928],18
2025-01-18,ELDAV-M.TA,[271.20297],19
2025-01-19,ELDAV-M.TA,[267.5112],20
2025-01-20,ELDAV-M.TA,[287.96594],21
2025-01-21,ELDAV-M.TA,[289.0145],22
2025-01-22,ELDAV-M.TA,[295.80872],23
2025-01-23,ELDAV-M.TA,[308.15698],24
2025-01-24,ELDAV-M.TA,[308.06274],25
2025-01-25,ELDAV-M.TA,[310.79395],26
2025-01-26,ELDAV-M.TA,[332.92633],27
2025-01-27,ELDAV-M.TA,[345.2569],28
2025-01-28,ELDAV-M.TA,[331.23868],29
2025-01-29,ELDAV-M.TA,[337.15466],30
2024-12-31,ELTR.TA,[203898.42],1
2025-01-01,ELTR.TA,[208691.69],2
2025-01-02,ELTR.TA,[210992.06],3
2025-01-03,ELTR.TA,[212544.2],4
2025-01-04,ELTR.TA,[208581.69],5
2025-01-05,ELTR.TA,[211293.8],6
2025-01-06,ELTR.TA,[209387.31],7
2025-01-07,ELTR.TA,[208393.77],8
2025-01-08,ELTR.TA,[209451.52],9
2025-01-09,ELTR.TA,[218398.83],10
2025-01-10,ELTR.TA,[229291.27],11
2025-01-11,ELTR.TA,[224141.12],12
2025-01-12,ELTR.TA,[228800.38],13
2025-01-13,ELTR.TA,[233765.3],14
2025-01-14,ELTR.TA,[241946.98],15
2025-01-15,ELTR.TA,[249006.48],16
2025-01-16,ELTR.TA,[248449.22],17
2025-01-17,ELTR.TA,[250844.44],18
2025-01-18,ELTR.TA,[260258.08],19
2025-01-19,ELTR.TA,[258569.22],20
2025-01-20,ELTR.TA,[261887.53],21
2025-01-21,ELTR.TA,[258044.9],22
2025-01-22,ELTR.TA,[264168.3],23
2025-01-23,ELTR.TA,[267934.6],24
2025-01-24,ELTR.TA,[264040.53],25
2025-01-25,ELTR.TA,[264127.28],26
2025-01-26,ELTR.TA,[266589.1],27
2025-01-27,ELTR.TA,[269757.],28
2025-01-28,ELTR.TA,[267307.97],29
2025-01-29,ELTR.TA,[274506.22],30
2024-12-31,ECP.TA,[9928.457],1
2025-01-01,ECP.TA,[9706.875],2
2025-01-02,ECP.TA,[9562.778],3
2025-01-03,ECP.TA,[10033.63],4
2025-01-04,ECP.TA,[9905.689],5
2025-01-05,ECP.TA,[9790.535],6
2025-01-06,ECP.TA,[10187.245],7
2025-01-07,ECP.TA,[10592.21],8
2025-01-08,ECP.TA,[10480.282],9
2025-01-09,ECP.TA,[10335.053],10
2025-01-10,ECP.TA,[10483.069],11
2025-01-11,ECP.TA,[10864.404],12
2025-01-12,ECP.TA,[10606.355],13
2025-01-13,ECP.TA,[10494.515],14
2025-01-14,ECP.TA,[10085.462],15
2025-01-15,ECP.TA,[9964.111],16
2025-01-16,ECP.TA,[10511.204],17
2025-01-17,ECP.TA,[10313.758],18
2025-01-18,ECP.TA,[10627.639],19
2025-01-19,ECP.TA,[10715.357],20
2025-01-20,ECP.TA,[10291.618],21
2025-01-21,ECP.TA,[10483.313],22
2025-01-22,ECP.TA,[10569.254],23
2025-01-23,ECP.TA,[10446.013],24
2025-01-24,ECP.TA,[10574.881],25
2025-01-25,ECP.TA,[10718.699],26
2025-01-26,ECP.TA,[10660.87],27
2025-01-27,ECP.TA,[10229.682],28
2025-01-28,ECP.TA,[10718.255],29
2025-01-29,ECP.TA,[10155.288],30
2024-12-31,ELCP.TA,[1998.2904],1
2025-01-01,ELCP.TA,[2009.8805],2
2025-01-02,ELCP.TA,[1973.22],3
2025-01-03,ELCP.TA,[2127.6667],4
2025-01-04,ELCP.TA,[2081.5317],5
2025-01-05,ELCP.TA,[2033.104],6
2025-01-06,ELCP.TA,[1965.5154],7
2025-01-07,ELCP.TA,[2000.8618],8
2025-01-08,ELCP.TA,[1963.4901],9
2025-01-09,ELCP.TA,[2068.5325],10
2025-01-10,ELCP.TA,[2058.5447],11
2025-01-11,ELCP.TA,[2332.8687],12
2025-01-12,ELCP.TA,[2474.048],13
2025-01-13,ELCP.TA,[2467.7483],14
2025-01-14,ELCP.TA,[2553.6655],15
2025-01-15,ELCP.TA,[2501.8904],16
2025-01-16,ELCP.TA,[2488.8008],17
2025-01-17,ELCP.TA,[2369.5654],18
2025-01-18,ELCP.TA,[2363.4553],19
2025-01-19,ELCP.TA,[2237.944],20
2025-01-20,ELCP.TA,[2183.38],21
2025-01-21,ELCP.TA,[2220.3296],22
2025-01-22,ELCP.TA,[2303.8828],23
2025-01-23,ELCP.TA,[2353.315],24
2025-01-24,ELCP.TA,[2250.5093],25
2025-01-25,ELCP.TA,[2287.022],26
2025-01-26,ELCP.TA,[2309.669],27
2025-01-27,ELCP.TA,[2542.193],28
2025-01-28,ELCP.TA,[2482.511],29
2025-01-29,ELCP.TA,[2450.6262],30
2024-12-31,ELCRE.TA,[4306.4106],1
2025-01-01,ELCRE.TA,[4186.5347],2
2025-01-02,ELCRE.TA,[4179.1777],3
2025-01-03,ELCRE.TA,[4008.5078],4
2025-01-04,ELCRE.TA,[3732.7856],5
2025-01-05,ELCRE.TA,[4024.8523],6
2025-01-06,ELCRE.TA,[4122.0405],7
2025-01-07,ELCRE.TA,[4289.794],8
2025-01-08,ELCRE.TA,[4153.7856],9
2025-01-09,ELCRE.TA,[3900.1086],10
2025-01-10,ELCRE.TA,[4036.65],11
2025-01-11,ELCRE.TA,[4100.871],12
2025-01-12,ELCRE.TA,[4002.0686],13
2025-01-13,ELCRE.TA,[4086.018],14
2025-01-14,ELCRE.TA,[4278.049],15
2025-01-15,ELCRE.TA,[4352.0337],16
2025-01-16,ELCRE.TA,[4195.8765],17
2025-01-17,ELCRE.TA,[4216.0723],18
2025-01-18,ELCRE.TA,[4061.05],19
2025-01-19,ELCRE.TA,[4023.8125],20
2025-01-20,ELCRE.TA,[4152.928],21
2025-01-21,ELCRE.TA,[4102.5405],22
2025-01-22,ELCRE.TA,[4054.431],23
2025-01-23,ELCRE.TA,[4195.5703],24
2025-01-24,ELCRE.TA,[4392.3037],25
2025-01-25,ELCRE.TA,[4415.441],26
2025-01-26,ELCRE.TA,[4287.262],27
2025-01-27,ELCRE.TA,[4327.835],28
2025-01-28,ELCRE.TA,[4139.35],29
2025-01-29,ELCRE.TA,[4056.1191],30
2024-12-31,ELWS.TA,[18137.555],1
2025-01-01,ELWS.TA,[19091.084],2
2025-01-02,ELWS.TA,[19157.64],3
2025-01-03,ELWS.TA,[19806.422],4
2025-01-04,ELWS.TA,[19812.658],5
2025-01-05,ELWS.TA,[20064.887],6
2025-01-06,ELWS.TA,[20661.97],7
2025-01-07,ELWS.TA,[21043.482],8
2025-01-08,ELWS.TA,[20580.5],9
2025-01-09,ELWS.TA,[19523.166],10
2025-01-10,ELWS.TA,[17491.834],11
2025-01-11,ELWS.TA,[17012.615],12
2025-01-12,ELWS.TA,[17204.826],13
2025-01-13,ELWS.TA,[16347.09],14
2025-01-14,ELWS.TA,[16441.441],15
2025-01-15,ELWS.TA,[16894.303],16
2025-01-16,ELWS.TA,[16515.002],17
2025-01-17,ELWS.TA,[16283.221],18
2025-01-18,ELWS.TA,[16653.244],19
2025-01-19,ELWS.TA,[16964.178],20
2025-01-20,ELWS.TA,[18548.377],21
2025-01-21,ELWS.TA,[17684.537],22
2025-01-22,ELWS.TA,[18045.205],23
2025-01-23,ELWS.TA,[17168.314],24
2025-01-24,ELWS.TA,[17674.492],25
2025-01-25,ELWS.TA,[17323.852],26
2025-01-26,ELWS.TA,[17523.426],27
2025-01-27,ELWS.TA,[17251.615],28
2025-01-28,ELWS.TA,[16921.514],29
2025-01-29,ELWS.TA,[17171.646],30
2024-12-31,ELLO.TA,[5870.7275],1
2025-01-01,ELLO.TA,[5713.067],2
2025-01-02,ELLO.TA,[5556.325],3
2025-01-03,ELLO.TA,[5601.452],4
2025-01-04,ELLO.TA,[5583.5923],5
2025-01-05,ELLO.TA,[5793.421],6
2025-01-06,ELLO.TA,[5608.761],7
2025-01-07,ELLO.TA,[5854.8584],8
2025-01-08,ELLO.TA,[5862.729],9
2025-01-09,ELLO.TA,[5915.726],10
2025-01-10,ELLO.TA,[5926.8555],11
2025-01-11,ELLO.TA,[6223.763],12
2025-01-12,ELLO.TA,[6252.1333],13
2025-01-13,ELLO.TA,[6211.1616],14
2025-01-14,ELLO.TA,[6223.946],15
2025-01-15,ELLO.TA,[6322.3433],16
2025-01-16,ELLO.TA,[6205.247],17
2025-01-17,ELLO.TA,[6466.3716],18
2025-01-18,ELLO.TA,[6480.4272],19
2025-01-19,ELLO.TA,[6520.6807],20
2025-01-20,ELLO.TA,[6533.238],21
2025-01-21,ELLO.TA,[6519.0933],22
2025-01-22,ELLO.TA,[6646.7793],23
2025-01-23,ELLO.TA,[6753.559],24
2025-01-24,ELLO.TA,[6818.883],25
2025-01-25,ELLO.TA,[6863.889],26
2025-01-26,ELLO.TA,[7025.101],27
2025-01-27,ELLO.TA,[7008.9634],28
2025-01-28,ELLO.TA,[7037.0723],29
2025-01-29,ELLO.TA,[7063.038],30
2024-12-31,ELMR.TA,[1395.0099],1
2025-01-01,ELMR.TA,[1489.3285],2
2025-01-02,ELMR.TA,[1537.1807],3
2025-01-03,ELMR.TA,[1493.1212],4
2025-01-04,ELMR.TA,[1499.0918],5
2025-01-05,ELMR.TA,[1501.6417],6
2025-01-06,ELMR.TA,[1468.7172],7
2025-01-07,ELMR.TA,[1528.5862],8
2025-01-08,ELMR.TA,[1498.1188],9
2025-01-09,ELMR.TA,[1501.2501],10
2025-01-10,ELMR.TA,[1519.8298],11
2025-01-11,ELMR.TA,[1459.286],12
2025-01-12,ELMR.TA,[1482.1472],13
2025-01-13,ELMR.TA,[1517.3971],14
2025-01-14,ELMR.TA,[1528.1155],15
2025-01-15,ELMR.TA,[1480.5012],16
2025-01-16,ELMR.TA,[1500.845],17
2025-01-17,ELMR.TA,[1498.1376],18
2025-01-18,ELMR.TA,[1552.5118],19
2025-01-19,ELMR.TA,[1575.093],20
2025-01-20,ELMR.TA,[1570.6018],21
2025-01-21,ELMR.TA,[1593.068],22
2025-01-22,ELMR.TA,[1664.8177],23
2025-01-23,ELMR.TA,[1624.5631],24
2025-01-24,ELMR.TA,[1546.9291],25
2025-01-25,ELMR.TA,[1633.6597],26
2025-01-26,ELMR.TA,[1643.8407],27
2025-01-27,ELMR.TA,[1670.577],28
2025-01-28,ELMR.TA,[1634.7128],29
2025-01-29,ELMR.TA,[1652.378],30
2024-12-31,ELRN.TA,[460.08527],1
2025-01-01,ELRN.TA,[439.4278],2
2025-01-02,ELRN.TA,[481.49258],3
2025-01-03,ELRN.TA,[484.4634],4
2025-01-04,ELRN.TA,[464.89594],5
2025-01-05,ELRN.TA,[429.09286],6
2025-01-06,ELRN.TA,[421.66202],7
2025-01-07,ELRN.TA,[425.15878],8
2025-01-08,ELRN.TA,[433.1256],9
2025-01-09,ELRN.TA,[430.48285],10
2025-01-10,ELRN.TA,[433.6404],11
2025-01-11,ELRN.TA,[369.64783],12
2025-01-12,ELRN.TA,[407.03534],13
2025-01-13,ELRN.TA,[436.9183],14
2025-01-14,ELRN.TA,[457.7398],15
2025-01-15,ELRN.TA,[426.92715],16
2025-01-16,ELRN.TA,[486.1214],17
2025-01-17,ELRN.TA,[516.2473],18
2025-01-18,ELRN.TA,[487.1624],19
2025-01-19,ELRN.TA,[470.8108],20
2025-01-20,ELRN.TA,[454.47852],21
2025-01-21,ELRN.TA,[400.9569],22
2025-01-22,ELRN.TA,[356.2056],23
2025-01-23,ELRN.TA,[349.06085],24
2025-01-24,ELRN.TA,[350.25705],25
2025-01-25,ELRN.TA,[347.93845],26
2025-01-26,ELRN.TA,[298.15738],27
2025-01-27,ELRN.TA,[314.8933],28
2025-01-28,ELRN.TA,[323.58926],29
2025-01-29,ELRN.TA,[326.23703],30
2024-12-31,ELSPC.TA,[707.39087],1
2025-01-01,ELSPC.TA,[704.3162],2
2025-01-02,ELSPC.TA,[728.3195],3
2025-01-03,ELSPC.TA,[738.3221],4
2025-01-04,ELSPC.TA,[732.8542],5
2025-01-05,ELSPC.TA,[725.3006],6
2025-01-06,ELSPC.TA,[713.6892],7
2025-01-07,ELSPC.TA,[708.31793],8
2025-01-08,ELSPC.TA,[716.92267],9
2025-01-09,ELSPC.TA,[743.41364],10
2025-01-10,ELSPC.TA,[729.19446],11
2025-01-11,ELSPC.TA,[712.03955],12
2025-01-12,ELSPC.TA,[706.4807],13
2025-01-13,ELSPC.TA,[724.6475],14
2025-01-14,ELSPC.TA,[712.7453],15
2025-01-15,ELSPC.TA,[732.3894],16
2025-01-16,ELSPC.TA,[703.2786],17
2025-01-17,ELSPC.TA,[687.27124],18
2025-01-18,ELSPC.TA,[694.4114],19
2025-01-19,ELSPC.TA,[707.2515],20
2025-01-20,ELSPC.TA,[736.79486],21
2025-01-21,ELSPC.TA,[755.0927],22
2025-01-22,ELSPC.TA,[766.0958],23
2025-01-23,ELSPC.TA,[787.3542],24
2025-01-24,ELSPC.TA,[761.36554],25
2025-01-25,ELSPC.TA,[746.0179],26
2025-01-26,ELSPC.TA,[749.42017],27
2025-01-27,ELSPC.TA,[753.0153],28
2025-01-28,ELSPC.TA,[752.0003],29
2025-01-29,ELSPC.TA,[781.0383],30
2024-12-31,EMCO.TA,[979.11237],1
2025-01-01,EMCO.TA,[1014.10144],2
2025-01-02,EMCO.TA,[1010.6082],3
2025-01-03,EMCO.TA,[1085.3147],4
2025-01-04,EMCO.TA,[1125.1184],5
2025-01-05,EMCO.TA,[1127.5817],6
2025-01-06,EMCO.TA,[1180.5581],7
2025-01-07,EMCO.TA,[1186.5964],8
2025-01-08,EMCO.TA,[1172.7048],9
2025-01-09,EMCO.TA,[1168.1532],10
2025-01-10,EMCO.TA,[1127.5854],11
2025-01-11,EMCO.TA,[1111.9178],12
2025-01-12,EMCO.TA,[1106.6974],13
2025-01-13,EMCO.TA,[1060.7578],14
2025-01-14,EMCO.TA,[1064.5435],15
2025-01-15,EMCO.TA,[1091.2793],16
2025-01-16,EMCO.TA,[1055.7733],17
2025-01-17,EMCO.TA,[1047.3519],18
2025-01-18,EMCO.TA,[1069.6913],19
2025-01-19,EMCO.TA,[1048.1982],20
2025-01-20,EMCO.TA,[1065.5961],21
2025-01-21,EMCO.TA,[1039.837],22
2025-01-22,EMCO.TA,[1035.3835],23
2025-01-23,EMCO.TA,[1049.7424],24
2025-01-24,EMCO.TA,[1040.4973],25
2025-01-25,EMCO.TA,[1051.655],26
2025-01-26,EMCO.TA,[1046.9408],27
2025-01-27,EMCO.TA,[1036.7026],28
2025-01-28,EMCO.TA,[1053.018],29
2025-01-29,EMCO.TA,[1035.6802],30
2024-12-31,EMDV.TA,[2675.314],1
2025-01-01,EMDV.TA,[2702.7046],2
2025-01-02,EMDV.TA,[2707.0073],3
2025-01-03,EMDV.TA,[2742.2363],4
2025-01-04,EMDV.TA,[2786.4656],5
2025-01-05,EMDV.TA,[2785.921],6
2025-01-06,EMDV.TA,[2800.778],7
2025-01-07,EMDV.TA,[2772.9707],8
2025-01-08,EMDV.TA,[2819.0894],9
2025-01-09,EMDV.TA,[2809.5342],10
2025-01-10,EMDV.TA,[2833.0454],11
2025-01-11,EMDV.TA,[2906.75],12
2025-01-12,EMDV.TA,[2904.14],13
2025-01-13,EMDV.TA,[2912.265],14
2025-01-14,EMDV.TA,[2913.058],15
2025-01-15,EMDV.TA,[2926.3223],16
2025-01-16,EMDV.TA,[2945.989],17
2025-01-17,EMDV.TA,[2942.7493],18
2025-01-18,EMDV.TA,[2957.506],19
2025-01-19,EMDV.TA,[2933.9065],20
2025-01-20,EMDV.TA,[2906.217],21
2025-01-21,EMDV.TA,[2831.2197],22
2025-01-22,EMDV.TA,[2792.6912],23
2025-01-23,EMDV.TA,[2820.949],24
2025-01-24,EMDV.TA,[2829.049],25
2025-01-25,EMDV.TA,[2799.4941],26
2025-01-26,EMDV.TA,[2870.2725],27
2025-01-27,EMDV.TA,[2820.893],28
2025-01-28,EMDV.TA,[2857.3713],29
2025-01-29,EMDV.TA,[2884.9482],30
2024-12-31,ENOG.TA,[4872.4937],1
2025-01-01,ENOG.TA,[4795.776],2
2025-01-02,ENOG.TA,[4775.008],3
2025-01-03,ENOG.TA,[4728.8965],4
2025-01-04,ENOG.TA,[4597.059],5
2025-01-05,ENOG.TA,[4532.134],6
2025-01-06,ENOG.TA,[4470.95],7
2025-01-07,ENOG.TA,[4509.182],8
2025-01-08,ENOG.TA,[4541.6763],9
2025-01-09,ENOG.TA,[4572.739],10
2025-01-10,ENOG.TA,[4708.535],11
2025-01-11,ENOG.TA,[4623.4697],12
2025-01-12,ENOG.TA,[4539.22],13
2025-01-13,ENOG.TA,[4557.8223],14
2025-01-14,ENOG.TA,[4364.8975],15
2025-01-15,ENOG.TA,[4349.157],16
2025-01-16,ENOG.TA,[4366.524],17
2025-01-17,ENOG.TA,[4345.6875],18
2025-01-18,ENOG.TA,[4458.179],19
2025-01-19,ENOG.TA,[4507.235],20
2025-01-20,ENOG.TA,[4486.004],21
2025-01-21,ENOG.TA,[4308.591],22
2025-01-22,ENOG.TA,[4272.733],23
2025-01-23,ENOG.TA,[4096.457],24
2025-01-24,ENOG.TA,[4205.4316],25
2025-01-25,ENOG.TA,[4054.6208],26
2025-01-26,ENOG.TA,[4061.7803],27
2025-01-27,ENOG.TA,[4000.1458],28
2025-01-28,ENOG.TA,[4201.5005],29
2025-01-29,ENOG.TA,[4217.5015],30
2024-12-31,ENRG.TA,[1290.6271],1
2025-01-01,ENRG.TA,[1324.6672],2
2025-01-02,ENRG.TA,[1373.5269],3
2025-01-03,ENRG.TA,[1378.4349],4
2025-01-04,ENRG.TA,[1339.3333],5
2025-01-05,ENRG.TA,[1377.164],6
2025-01-06,ENRG.TA,[1359.3276],7
2025-01-07,ENRG.TA,[1373.2815],8
2025-01-08,ENRG.TA,[1396.6985],9
2025-01-09,ENRG.TA,[1367.534],10
2025-01-10,ENRG.TA,[1390.7699],11
2025-01-11,ENRG.TA,[1384.0944],12
2025-01-12,ENRG.TA,[1363.6327],13
2025-01-13,ENRG.TA,[1355.5314],14
2025-01-14,ENRG.TA,[1376.0254],15
2025-01-15,ENRG.TA,[1333.4546],16
2025-01-16,ENRG.TA,[1359.0043],17
2025-01-17,ENRG.TA,[1407.0343],18
2025-01-18,ENRG.TA,[1373.755],19
2025-01-19,ENRG.TA,[1357.909],20
2025-01-20,ENRG.TA,[1353.5137],21
2025-01-21,ENRG.TA,[1379.0018],22
2025-01-22,ENRG.TA,[1381.0532],23
2025-01-23,ENRG.TA,[1362.3986],24
2025-01-24,ENRG.TA,[1366.7932],25
2025-01-25,ENRG.TA,[1410.2223],26
2025-01-26,ENRG.TA,[1402.7268],27
2025-01-27,ENRG.TA,[1382.6278],28
2025-01-28,ENRG.TA,[1426.6398],29
2025-01-29,ENRG.TA,[1361.3793],30
2024-12-31,ENLT.TA,[6302.824],1
2025-01-01,ENLT.TA,[6306.492],2
2025-01-02,ENLT.TA,[6255.086],3
2025-01-03,ENLT.TA,[6185.7397],4
2025-01-04,ENLT.TA,[6336.567],5
2025-01-05,ENLT.TA,[6274.6597],6
2025-01-06,ENLT.TA,[6086.41],7
2025-01-07,ENLT.TA,[6158.4956],8
2025-01-08,ENLT.TA,[6109.679],9
2025-01-09,ENLT.TA,[6114.1533],10
2025-01-10,ENLT.TA,[6056.747],11
2025-01-11,ENLT.TA,[6115.639],12
2025-01-12,ENLT.TA,[5981.726],13
2025-01-13,ENLT.TA,[6074.899],14
2025-01-14,ENLT.TA,[6131.6245],15
2025-01-15,ENLT.TA,[6248.157],16
2025-01-16,ENLT.TA,[6221.998],17
2025-01-17,ENLT.TA,[6008.5947],18
2025-01-18,ENLT.TA,[5967.648],19
2025-01-19,ENLT.TA,[5654.3647],20
2025-01-20,ENLT.TA,[5766.7534],21
2025-01-21,ENLT.TA,[5718.254],22
2025-01-22,ENLT.TA,[5590.55],23
2025-01-23,ENLT.TA,[5652.5225],24
2025-01-24,ENLT.TA,[5695.3755],25
2025-01-25,ENLT.TA,[5709.0903],26
2025-01-26,ENLT.TA,[5582.744],27
2025-01-27,ENLT.TA,[5681.3276],28
2025-01-28,ENLT.TA,[5830.151],29
2025-01-29,ENLT.TA,[5792.8096],30
2024-12-31,ENLV.TA,[287.1214],1
2025-01-01,ENLV.TA,[343.70425],2
2025-01-02,ENLV.TA,[437.06815],3
2025-01-03,ENLV.TA,[448.24228],4
2025-01-04,ENLV.TA,[456.4133],5
2025-01-05,ENLV.TA,[481.3068],6
2025-01-06,ENLV.TA,[441.5764],7
2025-01-07,ENLV.TA,[516.1159],8
2025-01-08,ENLV.TA,[488.48087],9
2025-01-09,ENLV.TA,[298.3684],10
2025-01-10,ENLV.TA,[289.74512],11
2025-01-11,ENLV.TA,[295.279],12
2025-01-12,ENLV.TA,[258.31378],13
2025-01-13,ENLV.TA,[287.91168],14
2025-01-14,ENLV.TA,[292.14163],15
2025-01-15,ENLV.TA,[256.4011],16
2025-01-16,ENLV.TA,[240.27353],17
2025-01-17,ENLV.TA,[229.86153],18
2025-01-18,ENLV.TA,[234.11887],19
2025-01-19,ENLV.TA,[247.68297],20
2025-01-20,ENLV.TA,[199.79218],21
2025-01-21,ENLV.TA,[230.37796],22
2025-01-22,ENLV.TA,[228.57335],23
2025-01-23,ENLV.TA,[213.20052],24
2025-01-24,ENLV.TA,[209.76143],25
2025-01-25,ENLV.TA,[225.52126],26
2025-01-26,ENLV.TA,[214.80612],27
2025-01-27,ENLV.TA,[217.10773],28
2025-01-28,ENLV.TA,[211.00792],29
2025-01-29,ENLV.TA,[233.99341],30
2024-12-31,EPIT.TA,[1255.517],1
2025-01-01,EPIT.TA,[706.21265],2
2025-01-02,EPIT.TA,[290.98544],3
2025-01-03,EPIT.TA,[63.795067],4
2025-01-04,EPIT.TA,[61.2132],5
2025-01-05,EPIT.TA,[77.16924],6
2025-01-06,EPIT.TA,[57.027992],7
2025-01-07,EPIT.TA,[46.35318],8
2025-01-08,EPIT.TA,[48.033157],9
2025-01-09,EPIT.TA,[43.25948],10
2025-01-10,EPIT.TA,[70.48124],11
2025-01-11,EPIT.TA,[99.85138],12
2025-01-12,EPIT.TA,[120.551445],13
2025-01-13,EPIT.TA,[112.18458],14
2025-01-14,EPIT.TA,[145.02594],15
2025-01-15,EPIT.TA,[338.72333],16
2025-01-16,EPIT.TA,[629.27155],17
2025-01-17,EPIT.TA,[527.1122],18
2025-01-18,EPIT.TA,[714.2147],19
2025-01-19,EPIT.TA,[827.007],20
2025-01-20,EPIT.TA,[1173.0526],21
2025-01-21,EPIT.TA,[164.93086],22
2025-01-22,EPIT.TA,[141.2645],23
2025-01-23,EPIT.TA,[71.47904],24
2025-01-24,EPIT.TA,[33.778908],25
2025-01-25,EPIT.TA,[67.23404],26
2025-01-26,EPIT.TA,[37.86904],27
2025-01-27,EPIT.TA,[36.868416],28
2025-01-28,EPIT.TA,[1.4926964],29
2025-01-29,EPIT.TA,[1.8438402],30
2024-12-31,EQTL.TA,[13735.254],1
2025-01-01,EQTL.TA,[13768.143],2
2025-01-02,EQTL.TA,[13736.386],3
2025-01-03,EQTL.TA,[13894.467],4
2025-01-04,EQTL.TA,[13672.574],5
2025-01-05,EQTL.TA,[13676.438],6
2025-01-06,EQTL.TA,[13691.5],7
2025-01-07,EQTL.TA,[14257.653],8
2025-01-08,EQTL.TA,[14241.911],9
2025-01-09,EQTL.TA,[14187.875],10
2025-01-10,EQTL.TA,[13758.343],11
2025-01-11,EQTL.TA,[13456.867],12
2025-01-12,EQTL.TA,[12914.577],13
2025-01-13,EQTL.TA,[13317.568],14
2025-01-14,EQTL.TA,[13111.368],15
2025-01-15,EQTL.TA,[12998.846],16
2025-01-16,EQTL.TA,[13126.466],17
2025-01-17,EQTL.TA,[12649.655],18
2025-01-18,EQTL.TA,[13002.322],19
2025-01-19,EQTL.TA,[13008.52],20
2025-01-20,EQTL.TA,[12918.662],21
2025-01-21,EQTL.TA,[12905.022],22
2025-01-22,EQTL.TA,[13133.226],23
2025-01-23,EQTL.TA,[12681.6045],24
2025-01-24,EQTL.TA,[13029.185],25
2025-01-25,EQTL.TA,[12572.944],26
2025-01-26,EQTL.TA,[12704.426],27
2025-01-27,EQTL.TA,[12936.465],28
2025-01-28,EQTL.TA,[12994.542],29
2025-01-29,EQTL.TA,[13138.828],30
2024-12-31,EFNC-M.TA,[105.58982],1
2025-01-01,EFNC-M.TA,[99.14761],2
2025-01-02,EFNC-M.TA,[90.8571],3
2025-01-03,EFNC-M.TA,[99.81337],4
2025-01-04,EFNC-M.TA,[122.12338],5
2025-01-05,EFNC-M.TA,[111.13488],6
2025-01-06,EFNC-M.TA,[130.37111],7
2025-01-07,EFNC-M.TA,[128.67548],8
2025-01-08,EFNC-M.TA,[152.52063],9
2025-01-09,EFNC-M.TA,[156.68066],10
2025-01-10,EFNC-M.TA,[210.65843],11
2025-01-11,EFNC-M.TA,[266.1754],12
2025-01-12,EFNC-M.TA,[243.75145],13
2025-01-13,EFNC-M.TA,[363.6427],14
2025-01-14,EFNC-M.TA,[294.67395],15
2025-01-15,EFNC-M.TA,[138.39407],16
2025-01-16,EFNC-M.TA,[156.03885],17
2025-01-17,EFNC-M.TA,[89.378555],18
2025-01-18,EFNC-M.TA,[114.86655],19
2025-01-19,EFNC-M.TA,[112.29517],20
2025-01-20,EFNC-M.TA,[106.7321],21
2025-01-21,EFNC-M.TA,[115.01982],22
2025-01-22,EFNC-M.TA,[149.83023],23
2025-01-23,EFNC-M.TA,[198.15263],24
2025-01-24,EFNC-M.TA,[152.7185],25
2025-01-25,EFNC-M.TA,[154.72333],26
2025-01-26,EFNC-M.TA,[136.57365],27
2025-01-27,EFNC-M.TA,[175.71939],28
2025-01-28,EFNC-M.TA,[202.9996],29
2025-01-29,EFNC-M.TA,[227.17255],30
2024-12-31,BCUR.TA,[17.958796],1
2025-01-01,BCUR.TA,[16.936693],2
2025-01-02,BCUR.TA,[10.538875],3
2025-01-03,BCUR.TA,[14.4979315],4
2025-01-04,BCUR.TA,[11.027963],5
2025-01-05,BCUR.TA,[10.099968],6
2025-01-06,BCUR.TA,[8.787595],7
2025-01-07,BCUR.TA,[13.549788],8
2025-01-08,BCUR.TA,[13.819123],9
2025-01-09,BCUR.TA,[23.76178],10
2025-01-10,BCUR.TA,[25.309263],11
2025-01-11,BCUR.TA,[30.8268],12
2025-01-12,BCUR.TA,[32.610004],13
2025-01-13,BCUR.TA,[37.490776],14
2025-01-14,BCUR.TA,[22.065626],15
2025-01-15,BCUR.TA,[22.769575],16
2025-01-16,BCUR.TA,[16.08147],17
2025-01-17,BCUR.TA,[18.463943],18
2025-01-18,BCUR.TA,[26.090227],19
2025-01-19,BCUR.TA,[29.851576],20
2025-01-20,BCUR.TA,[43.794617],21
2025-01-21,BCUR.TA,[41.854527],22
2025-01-22,BCUR.TA,[36.501873],23
2025-01-23,BCUR.TA,[9.493987],24
2025-01-24,BCUR.TA,[4.693314],25
2025-01-25,BCUR.TA,[5.605375],26
2025-01-26,BCUR.TA,[6.760041],27
2025-01-27,BCUR.TA,[12.500015],28
2025-01-28,BCUR.TA,[19.185278],29
2025-01-29,BCUR.TA,[23.830345],30
2024-12-31,ETGA.TA,[1879.533],1
2025-01-01,ETGA.TA,[1888.049],2
2025-01-02,ETGA.TA,[1912.5846],3
2025-01-03,ETGA.TA,[1903.3522],4
2025-01-04,ETGA.TA,[1927.2864],5
2025-01-05,ETGA.TA,[1936.5773],6
2025-01-06,ETGA.TA,[1921.0242],7
2025-01-07,ETGA.TA,[1935.349],8
2025-01-08,ETGA.TA,[1908.4303],9
2025-01-09,ETGA.TA,[1917.1724],10
2025-01-10,ETGA.TA,[1937.7106],11
2025-01-11,ETGA.TA,[1918.0796],12
2025-01-12,ETGA.TA,[1900.6459],13
2025-01-13,ETGA.TA,[1949.4414],14
2025-01-14,ETGA.TA,[1981.2832],15
2025-01-15,ETGA.TA,[1984.6262],16
2025-01-16,ETGA.TA,[1978.1364],17
2025-01-17,ETGA.TA,[2014.4618],18
2025-01-18,ETGA.TA,[2002.3857],19
2025-01-19,ETGA.TA,[1996.6722],20
2025-01-20,ETGA.TA,[2014.2454],21
2025-01-21,ETGA.TA,[2002.0333],22
2025-01-22,ETGA.TA,[2025.5493],23
2025-01-23,ETGA.TA,[2034.6776],24
2025-01-24,ETGA.TA,[2050.9194],25
2025-01-25,ETGA.TA,[2042.6932],26
2025-01-26,ETGA.TA,[2031.4447],27
2025-01-27,ETGA.TA,[2055.2092],28
2025-01-28,ETGA.TA,[2071.8418],29
2025-01-29,ETGA.TA,[2112.367],30
2024-12-31,EVGN.TA,[686.4175],1
2025-01-01,EVGN.TA,[663.30023],2
2025-01-02,EVGN.TA,[619.8525],3
2025-01-03,EVGN.TA,[604.8974],4
2025-01-04,EVGN.TA,[573.18],5
2025-01-05,EVGN.TA,[548.04346],6
2025-01-06,EVGN.TA,[559.2202],7
2025-01-07,EVGN.TA,[507.91815],8
2025-01-08,EVGN.TA,[505.50644],9
2025-01-09,EVGN.TA,[514.74316],10
2025-01-10,EVGN.TA,[530.47473],11
2025-01-11,EVGN.TA,[511.21478],12
2025-01-12,EVGN.TA,[451.9755],13
2025-01-13,EVGN.TA,[487.20047],14
2025-01-14,EVGN.TA,[504.24255],15
2025-01-15,EVGN.TA,[493.8755],16
2025-01-16,EVGN.TA,[479.4273],17
2025-01-17,EVGN.TA,[446.87076],18
2025-01-18,EVGN.TA,[435.64398],19
2025-01-19,EVGN.TA,[377.22766],20
2025-01-20,EVGN.TA,[379.72943],21
2025-01-21,EVGN.TA,[422.92343],22
2025-01-22,EVGN.TA,[441.3656],23
2025-01-23,EVGN.TA,[433.25842],24
2025-01-24,EVGN.TA,[468.54504],25
2025-01-25,EVGN.TA,[472.14868],26
2025-01-26,EVGN.TA,[471.80957],27
2025-01-27,EVGN.TA,[475.3616],28
2025-01-28,EVGN.TA,[429.0112],29
2025-01-29,EVGN.TA,[447.67776],30
2024-12-31,EXPO.TA,[6202.0317],1
2025-01-01,EXPO.TA,[6336.326],2
2025-01-02,EXPO.TA,[6262.003],3
2025-01-03,EXPO.TA,[6328.158],4
2025-01-04,EXPO.TA,[6272.842],5
2025-01-05,EXPO.TA,[6265.9287],6
2025-01-06,EXPO.TA,[6277.1113],7
2025-01-07,EXPO.TA,[6243.986],8
2025-01-08,EXPO.TA,[6199.102],9
2025-01-09,EXPO.TA,[6103.5537],10
2025-01-10,EXPO.TA,[6159.9717],11
2025-01-11,EXPO.TA,[6117.774],12
2025-01-12,EXPO.TA,[6202.4736],13
2025-01-13,EXPO.TA,[6183.8887],14
2025-01-14,EXPO.TA,[6091.2593],15
2025-01-15,EXPO.TA,[6143.4995],16
2025-01-16,EXPO.TA,[6081.169],17
2025-01-17,EXPO.TA,[6057.2373],18
2025-01-18,EXPO.TA,[5954.9795],19
2025-01-19,EXPO.TA,[5960.6025],20
2025-01-20,EXPO.TA,[6024.1885],21
2025-01-21,EXPO.TA,[6000.48],22
2025-01-22,EXPO.TA,[6062.017],23
2025-01-23,EXPO.TA,[6128.87],24
2025-01-24,EXPO.TA,[6066.8677],25
2025-01-25,EXPO.TA,[6144.9575],26
2025-01-26,EXPO.TA,[6192.4487],27
2025-01-27,EXPO.TA,[6161.0796],28
2025-01-28,EXPO.TA,[6104.3354],29
2025-01-29,EXPO.TA,[6172.882],30
2024-12-31,FTAL.TA,[54182.945],1
2025-01-01,FTAL.TA,[54460.324],2
2025-01-02,FTAL.TA,[53720.902],3
2025-01-03,FTAL.TA,[53010.777],4
2025-01-04,FTAL.TA,[49860.25],5
2025-01-05,FTAL.TA,[47095.21],6
2025-01-06,FTAL.TA,[46022.8],7
2025-01-07,FTAL.TA,[45245.082],8
2025-01-08,FTAL.TA,[45355.176],9
2025-01-09,FTAL.TA,[42932.72],10
2025-01-10,FTAL.TA,[41870.082],11
2025-01-11,FTAL.TA,[40705.883],12
2025-01-12,FTAL.TA,[40885.68],13
2025-01-13,FTAL.TA,[40840.434],14
2025-01-14,FTAL.TA,[40077.41],15
2025-01-15,FTAL.TA,[41430.31],16
2025-01-16,FTAL.TA,[40029.723],17
2025-01-17,FTAL.TA,[42620.926],18
2025-01-18,FTAL.TA,[44019.6],19
2025-01-19,FTAL.TA,[44210.203],20
2025-01-20,FTAL.TA,[44743.566],21
2025-01-21,FTAL.TA,[45376.277],22
2025-01-22,FTAL.TA,[47743.363],23
2025-01-23,FTAL.TA,[47934.65],24
2025-01-24,FTAL.TA,[47604.074],25
2025-01-25,FTAL.TA,[45980.715],26
2025-01-26,FTAL.TA,[45342.254],27
2025-01-27,FTAL.TA,[47270.652],28
2025-01-28,FTAL.TA,[47282.863],29
2025-01-29,FTAL.TA,[49056.23],30
2024-12-31,FEAT.TA,[-333.04633],1
2025-01-01,FEAT.TA,[-1203.308],2
2025-01-02,FEAT.TA,[-1210.7106],3
2025-01-03,FEAT.TA,[3449.596],4
2025-01-04,FEAT.TA,[2837.8154],5
2025-01-05,FEAT.TA,[8675.89],6
2025-01-06,FEAT.TA,[1708.8472],7
2025-01-07,FEAT.TA,[4467.4375],8
2025-01-08,FEAT.TA,[-8191.67],9
2025-01-09,FEAT.TA,[-19765.334],10
2025-01-10,FEAT.TA,[-11099.269],11
2025-01-11,FEAT.TA,[-11053.924],12
2025-01-12,FEAT.TA,[3391.2722],13
2025-01-13,FEAT.TA,[14824.562],14
2025-01-14,FEAT.TA,[-25880.479],15
2025-01-15,FEAT.TA,[1309.1569],16
2025-01-16,FEAT.TA,[-948.65045],17
2025-01-17,FEAT.TA,[-4274.3364],18
2025-01-18,FEAT.TA,[828.9823],19
2025-01-19,FEAT.TA,[1648.8379],20
2025-01-20,FEAT.TA,[888.3459],21
2025-01-21,FEAT.TA,[-70.1701],22
2025-01-22,FEAT.TA,[-214.33899],23
2025-01-23,FEAT.TA,[-497.1944],24
2025-01-24,FEAT.TA,[-1505.6879],25
2025-01-25,FEAT.TA,[-2813.9448],26
2025-01-26,FEAT.TA,[1904.6451],27
2025-01-27,FEAT.TA,[-274.67337],28
2025-01-28,FEAT.TA,[-177.30159],29
2025-01-29,FEAT.TA,[263.30463],30
2024-12-31,FIBI.TA,[17834.45],1
2025-01-01,FIBI.TA,[17454.686],2
2025-01-02,FIBI.TA,[17291.498],3
2025-01-03,FIBI.TA,[17007.387],4
2025-01-04,FIBI.TA,[16960.473],5
2025-01-05,FIBI.TA,[17090.309],6
2025-01-06,FIBI.TA,[17088.877],7
2025-01-07,FIBI.TA,[17237.217],8
2025-01-08,FIBI.TA,[17307.865],9
2025-01-09,FIBI.TA,[17377.078],10
2025-01-10,FIBI.TA,[17363.342],11
2025-01-11,FIBI.TA,[17187.307],12
2025-01-12,FIBI.TA,[17274.537],13
2025-01-13,FIBI.TA,[17020.129],14
2025-01-14,FIBI.TA,[17044.533],15
2025-01-15,FIBI.TA,[17399.906],16
2025-01-16,FIBI.TA,[17300.254],17
2025-01-17,FIBI.TA,[17803.736],18
2025-01-18,FIBI.TA,[17801.318],19
2025-01-19,FIBI.TA,[17621.266],20
2025-01-20,FIBI.TA,[17819.037],21
2025-01-21,FIBI.TA,[18128.715],22
2025-01-22,FIBI.TA,[18659.012],23
2025-01-23,FIBI.TA,[18713.777],24
2025-01-24,FIBI.TA,[18937.21],25
2025-01-25,FIBI.TA,[18897.654],26
2025-01-26,FIBI.TA,[18839.268],27
2025-01-27,FIBI.TA,[19153.223],28
2025-01-28,FIBI.TA,[18983.365],29
2025-01-29,FIBI.TA,[18665.537],30
2024-12-31,FIBIH.TA,[18182.816],1
2025-01-01,FIBIH.TA,[18495.195],2
2025-01-02,FIBIH.TA,[19110.533],3
2025-01-03,FIBIH.TA,[18705.014],4
2025-01-04,FIBIH.TA,[18453.879],5
2025-01-05,FIBIH.TA,[18446.816],6
2025-01-06,FIBIH.TA,[18583.363],7
2025-01-07,FIBIH.TA,[18464.45],8
2025-01-08,FIBIH.TA,[18665.326],9
2025-01-09,FIBIH.TA,[18570.074],10
2025-01-10,FIBIH.TA,[18747.066],11
2025-01-11,FIBIH.TA,[19064.588],12
2025-01-12,FIBIH.TA,[18629.012],13
2025-01-13,FIBIH.TA,[18831.43],14
2025-01-14,FIBIH.TA,[18893.23],15
2025-01-15,FIBIH.TA,[19106.375],16
2025-01-16,FIBIH.TA,[19286.166],17
2025-01-17,FIBIH.TA,[19131.873],18
2025-01-18,FIBIH.TA,[18943.146],19
2025-01-19,FIBIH.TA,[19418.066],20
2025-01-20,FIBIH.TA,[19960.092],21
2025-01-21,FIBIH.TA,[19971.861],22
2025-01-22,FIBIH.TA,[20235.32],23
2025-01-23,FIBIH.TA,[20206.242],24
2025-01-24,FIBIH.TA,[19989.236],25
2025-01-25,FIBIH.TA,[20401.37],26
2025-01-26,FIBIH.TA,[20131.643],27
2025-01-27,FIBIH.TA,[20181.387],28
2025-01-28,FIBIH.TA,[19950.182],29
2025-01-29,FIBIH.TA,[19979.646],30
2024-12-31,FGAS.TA,[1187.1017],1
2025-01-01,FGAS.TA,[1178.9747],2
2025-01-02,FGAS.TA,[1185.3413],3
2025-01-03,FGAS.TA,[1161.3939],4
2025-01-04,FGAS.TA,[1161.2858],5
2025-01-05,FGAS.TA,[1171.4764],6
2025-01-06,FGAS.TA,[1199.3413],7
2025-01-07,FGAS.TA,[1212.6472],8
2025-01-08,FGAS.TA,[1239.8098],9
2025-01-09,FGAS.TA,[1263.5383],10
2025-01-10,FGAS.TA,[1278.4603],11
2025-01-11,FGAS.TA,[1242.1294],12
2025-01-12,FGAS.TA,[1236.7014],13
2025-01-13,FGAS.TA,[1249.8217],14
2025-01-14,FGAS.TA,[1237.4989],15
2025-01-15,FGAS.TA,[1244.0295],16
2025-01-16,FGAS.TA,[1232.3358],17
2025-01-17,FGAS.TA,[1247.6984],18
2025-01-18,FGAS.TA,[1264.8478],19
2025-01-19,FGAS.TA,[1285.478],20
2025-01-20,FGAS.TA,[1263.8824],21
2025-01-21,FGAS.TA,[1246.9624],22
2025-01-22,FGAS.TA,[1201.8512],23
2025-01-23,FGAS.TA,[1195.3494],24
2025-01-24,FGAS.TA,[1195.0674],25
2025-01-25,FGAS.TA,[1229.1973],26
2025-01-26,FGAS.TA,[1209.934],27
2025-01-27,FGAS.TA,[1176.1641],28
2025-01-28,FGAS.TA,[1151.4794],29
2025-01-29,FGAS.TA,[1128.1324],30
2024-12-31,FLYS.TA,[61.5532],1
2025-01-01,FLYS.TA,[57.54165],2
2025-01-02,FLYS.TA,[63.147095],3
2025-01-03,FLYS.TA,[57.14527],4
2025-01-04,FLYS.TA,[63.431305],5
2025-01-05,FLYS.TA,[63.724308],6
2025-01-06,FLYS.TA,[62.855797],7
2025-01-07,FLYS.TA,[70.48218],8
2025-01-08,FLYS.TA,[72.96618],9
2025-01-09,FLYS.TA,[72.44788],10
2025-01-10,FLYS.TA,[71.26597],11
2025-01-11,FLYS.TA,[63.05207],12
2025-01-12,FLYS.TA,[65.35015],13
2025-01-13,FLYS.TA,[66.00739],14
2025-01-14,FLYS.TA,[63.052467],15
2025-01-15,FLYS.TA,[61.421726],16
2025-01-16,FLYS.TA,[67.42575],17
2025-01-17,FLYS.TA,[63.185863],18
2025-01-18,FLYS.TA,[62.888775],19
2025-01-19,FLYS.TA,[69.84884],20
2025-01-20,FLYS.TA,[69.38413],21
2025-01-21,FLYS.TA,[71.20217],22
2025-01-22,FLYS.TA,[70.80147],23
2025-01-23,FLYS.TA,[75.7261],24
2025-01-24,FLYS.TA,[68.98014],25
2025-01-25,FLYS.TA,[72.151306],26
2025-01-26,FLYS.TA,[70.31092],27
2025-01-27,FLYS.TA,[73.383896],28
2025-01-28,FLYS.TA,[71.09431],29
2025-01-29,FLYS.TA,[70.32076],30
2024-12-31,FBRT.TA,[13547.557],1
2025-01-01,FBRT.TA,[13536.204],2
2025-01-02,FBRT.TA,[13427.089],3
2025-01-03,FBRT.TA,[13739.758],4
2025-01-04,FBRT.TA,[13663.013],5
2025-01-05,FBRT.TA,[13619.751],6
2025-01-06,FBRT.TA,[13753.515],7
2025-01-07,FBRT.TA,[13552.834],8
2025-01-08,FBRT.TA,[13470.231],9
2025-01-09,FBRT.TA,[13479.809],10
2025-01-10,FBRT.TA,[13496.431],11
2025-01-11,FBRT.TA,[13686.844],12
2025-01-12,FBRT.TA,[13554.323],13
2025-01-13,FBRT.TA,[13813.441],14
2025-01-14,FBRT.TA,[13726.014],15
2025-01-15,FBRT.TA,[13673.515],16
2025-01-16,FBRT.TA,[13869.541],17
2025-01-17,FBRT.TA,[13990.64],18
2025-01-18,FBRT.TA,[14352.387],19
2025-01-19,FBRT.TA,[14351.689],20
2025-01-20,FBRT.TA,[14306.438],21
2025-01-21,FBRT.TA,[14788.719],22
2025-01-22,FBRT.TA,[14551.846],23
2025-01-23,FBRT.TA,[14361.067],24
2025-01-24,FBRT.TA,[14095.697],25
2025-01-25,FBRT.TA,[14126.422],26
2025-01-26,FBRT.TA,[14234.324],27
2025-01-27,FBRT.TA,[14328.536],28
2025-01-28,FBRT.TA,[13912.57],29
2025-01-29,FBRT.TA,[14287.302],30
2024-12-31,FRSX.TA,[12.108913],1
2025-01-01,FRSX.TA,[18.486044],2
2025-01-02,FRSX.TA,[21.983795],3
2025-01-03,FRSX.TA,[24.946363],4
2025-01-04,FRSX.TA,[32.6615],5
2025-01-05,FRSX.TA,[20.315826],6
2025-01-06,FRSX.TA,[33.10109],7
2025-01-07,FRSX.TA,[31.779493],8
2025-01-08,FRSX.TA,[30.36627],9
2025-01-09,FRSX.TA,[25.80165],10
2025-01-10,FRSX.TA,[33.381004],11
2025-01-11,FRSX.TA,[18.78674],12
2025-01-12,FRSX.TA,[18.351679],13
2025-01-13,FRSX.TA,[22.558025],14
2025-01-14,FRSX.TA,[26.838337],15
2025-01-15,FRSX.TA,[35.721596],16
2025-01-16,FRSX.TA,[55.971],17
2025-01-17,FRSX.TA,[51.37606],18
2025-01-18,FRSX.TA,[16.388052],19
2025-01-19,FRSX.TA,[22.63061],20
2025-01-20,FRSX.TA,[21.838833],21
2025-01-21,FRSX.TA,[10.224879],22
2025-01-22,FRSX.TA,[0.6778094],23
2025-01-23,FRSX.TA,[0.5248117],24
2025-01-24,FRSX.TA,[0.47398826],25
2025-01-25,FRSX.TA,[0.5307903],26
2025-01-26,FRSX.TA,[0.7250217],27
2025-01-27,FRSX.TA,[0.04309239],28
2025-01-28,FRSX.TA,[0.06212904],29
2025-01-29,FRSX.TA,[0.0489904],30
2024-12-31,FORTY.TA,[30143.162],1
2025-01-01,FORTY.TA,[30325.834],2
2025-01-02,FORTY.TA,[30941.98],3
2025-01-03,FORTY.TA,[31453.3],4
2025-01-04,FORTY.TA,[30898.719],5
2025-01-05,FORTY.TA,[30809.154],6
2025-01-06,FORTY.TA,[30404.861],7
2025-01-07,FORTY.TA,[30425.209],8
2025-01-08,FORTY.TA,[30719.299],9
2025-01-09,FORTY.TA,[30582.297],10
2025-01-10,FORTY.TA,[31333.23],11
2025-01-11,FORTY.TA,[31367.25],12
2025-01-12,FORTY.TA,[31381.79],13
2025-01-13,FORTY.TA,[31154.342],14
2025-01-14,FORTY.TA,[30936.568],15
2025-01-15,FORTY.TA,[30048.314],16
2025-01-16,FORTY.TA,[29845.406],17
2025-01-17,FORTY.TA,[29820.69],18
2025-01-18,FORTY.TA,[29890.191],19
2025-01-19,FORTY.TA,[29554.367],20
2025-01-20,FORTY.TA,[30234.967],21
2025-01-21,FORTY.TA,[29533.84],22
2025-01-22,FORTY.TA,[29288.057],23
2025-01-23,FORTY.TA,[29635.748],24
2025-01-24,FORTY.TA,[29630.07],25
2025-01-25,FORTY.TA,[29882.166],26
2025-01-26,FORTY.TA,[28574.46],27
2025-01-27,FORTY.TA,[28338.312],28
2025-01-28,FORTY.TA,[28221.572],29
2025-01-29,FORTY.TA,[28280.643],30
2024-12-31,FOX.TA,[30427.656],1
2025-01-01,FOX.TA,[30129.342],2
2025-01-02,FOX.TA,[31348.469],3
2025-01-03,FOX.TA,[31136.35],4
2025-01-04,FOX.TA,[30322.617],5
2025-01-05,FOX.TA,[31019.463],6
2025-01-06,FOX.TA,[31285.809],7
2025-01-07,FOX.TA,[31599.535],8
2025-01-08,FOX.TA,[30653.893],9
2025-01-09,FOX.TA,[30306.03],10
2025-01-10,FOX.TA,[31113.846],11
2025-01-11,FOX.TA,[30603.514],12
2025-01-12,FOX.TA,[31189.48],13
2025-01-13,FOX.TA,[30700.895],14
2025-01-14,FOX.TA,[30511.848],15
2025-01-15,FOX.TA,[30387.215],16
2025-01-16,FOX.TA,[30779.232],17
2025-01-17,FOX.TA,[29867.434],18
2025-01-18,FOX.TA,[30437.273],19
2025-01-19,FOX.TA,[30655.725],20
2025-01-20,FOX.TA,[31491.861],21
2025-01-21,FOX.TA,[31643.543],22
2025-01-22,FOX.TA,[32626.318],23
2025-01-23,FOX.TA,[31621.092],24
2025-01-24,FOX.TA,[30758.854],25
2025-01-25,FOX.TA,[31366.828],26
2025-01-26,FOX.TA,[32136.822],27
2025-01-27,FOX.TA,[32348.55],28
2025-01-28,FOX.TA,[33292.793],29
2025-01-29,FOX.TA,[33244.273],30
2024-12-31,FRDN.TA,[5685.374],1
2025-01-01,FRDN.TA,[5963.1187],2
2025-01-02,FRDN.TA,[5960.652],3
2025-01-03,FRDN.TA,[6340.544],4
2025-01-04,FRDN.TA,[6280.5137],5
2025-01-05,FRDN.TA,[6317.812],6
2025-01-06,FRDN.TA,[6374.67],7
2025-01-07,FRDN.TA,[6358.076],8
2025-01-08,FRDN.TA,[6645.1353],9
2025-01-09,FRDN.TA,[6530.6357],10
2025-01-10,FRDN.TA,[6522.158],11
2025-01-11,FRDN.TA,[6864.4854],12
2025-01-12,FRDN.TA,[6580.818],13
2025-01-13,FRDN.TA,[6634.928],14
2025-01-14,FRDN.TA,[6547.3965],15
2025-01-15,FRDN.TA,[6364.119],16
2025-01-16,FRDN.TA,[6692.6436],17
2025-01-17,FRDN.TA,[6973.901],18
2025-01-18,FRDN.TA,[7365.835],19
2025-01-19,FRDN.TA,[7163.213],20
2025-01-20,FRDN.TA,[7156.5938],21
2025-01-21,FRDN.TA,[7232.329],22
2025-01-22,FRDN.TA,[7286.9395],23
2025-01-23,FRDN.TA,[6698.7354],24
2025-01-24,FRDN.TA,[6404.9033],25
2025-01-25,FRDN.TA,[6382.5728],26
2025-01-26,FRDN.TA,[6258.816],27
2025-01-27,FRDN.TA,[6130.4473],28
2025-01-28,FRDN.TA,[6106.9473],29
2025-01-29,FRDN.TA,[6105.264],30
2024-12-31,GOSS.TA,[481.78745],1
2025-01-01,GOSS.TA,[495.56924],2
2025-01-02,GOSS.TA,[505.2295],3
2025-01-03,GOSS.TA,[506.4337],4
2025-01-04,GOSS.TA,[489.2142],5
2025-01-05,GOSS.TA,[483.155],6
2025-01-06,GOSS.TA,[487.6196],7
2025-01-07,GOSS.TA,[484.23657],8
2025-01-08,GOSS.TA,[494.93045],9
2025-01-09,GOSS.TA,[490.54697],10
2025-01-10,GOSS.TA,[472.3848],11
2025-01-11,GOSS.TA,[474.2165],12
2025-01-12,GOSS.TA,[476.48978],13
2025-01-13,GOSS.TA,[487.09988],14
2025-01-14,GOSS.TA,[473.87158],15
2025-01-15,GOSS.TA,[469.2667],16
2025-01-16,GOSS.TA,[473.2794],17
2025-01-17,GOSS.TA,[466.64154],18
2025-01-18,GOSS.TA,[470.41824],19
2025-01-19,GOSS.TA,[479.75595],20
2025-01-20,GOSS.TA,[469.24017],21
2025-01-21,GOSS.TA,[476.66714],22
2025-01-22,GOSS.TA,[482.65778],23
2025-01-23,GOSS.TA,[478.5615],24
2025-01-24,GOSS.TA,[492.96237],25
2025-01-25,GOSS.TA,[494.46973],26
2025-01-26,GOSS.TA,[484.08234],27
2025-01-27,GOSS.TA,[485.13718],28
2025-01-28,GOSS.TA,[484.93222],29
2025-01-29,GOSS.TA,[470.04675],30
2024-12-31,GCT.TA,[1388.7489],1
2025-01-01,GCT.TA,[1396.9028],2
2025-01-02,GCT.TA,[1365.8108],3
2025-01-03,GCT.TA,[1366.4791],4
2025-01-04,GCT.TA,[1452.7023],5
2025-01-05,GCT.TA,[1438.2454],6
2025-01-06,GCT.TA,[1415.9718],7
2025-01-07,GCT.TA,[1413.0293],8
2025-01-08,GCT.TA,[1530.825],9
2025-01-09,GCT.TA,[1537.0449],10
2025-01-10,GCT.TA,[1422.0472],11
2025-01-11,GCT.TA,[1362.2897],12
2025-01-12,GCT.TA,[1391.6697],13
2025-01-13,GCT.TA,[1442.5035],14
2025-01-14,GCT.TA,[1446.4425],15
2025-01-15,GCT.TA,[1407.9088],16
2025-01-16,GCT.TA,[1423.4325],17
2025-01-17,GCT.TA,[1357.9912],18
2025-01-18,GCT.TA,[1374.2877],19
2025-01-19,GCT.TA,[1398.0255],20
2025-01-20,GCT.TA,[1387.2919],21
2025-01-21,GCT.TA,[1363.0687],22
2025-01-22,GCT.TA,[1358.5277],23
2025-01-23,GCT.TA,[1376.2214],24
2025-01-24,GCT.TA,[1393.804],25
2025-01-25,GCT.TA,[1436.7635],26
2025-01-26,GCT.TA,[1459.4161],27
2025-01-27,GCT.TA,[1441.3508],28
2025-01-28,GCT.TA,[1473.0709],29
2025-01-29,GCT.TA,[1507.6329],30
2024-12-31,GPGB-M.TA,[90.76305],1
2025-01-01,GPGB-M.TA,[-81.14559],2
2025-01-02,GPGB-M.TA,[-128.75536],3
2025-01-03,GPGB-M.TA,[-15.960895],4
2025-01-04,GPGB-M.TA,[-13.609138],5
2025-01-05,GPGB-M.TA,[1.4418186],6
2025-01-06,GPGB-M.TA,[-0.03280621],7
2025-01-07,GPGB-M.TA,[-0.04017022],8
2025-01-08,GPGB-M.TA,[-0.04110567],9
2025-01-09,GPGB-M.TA,[-0.01351976],10
2025-01-10,GPGB-M.TA,[0.00036808],11
2025-01-11,GPGB-M.TA,[0.00019715],12
2025-01-12,GPGB-M.TA,[0.00011459],13
2025-01-13,GPGB-M.TA,[-2.2620756e-05],14
2025-01-14,GPGB-M.TA,[-2.6821124e-05],15
2025-01-15,GPGB-M.TA,[1.0255611e-05],16
2025-01-16,GPGB-M.TA,[6.998183e-06],17
2025-01-17,GPGB-M.TA,[1.0464708e-05],18
2025-01-18,GPGB-M.TA,[2.08004e-05],19
2025-01-19,GPGB-M.TA,[2.9617647e-06],20
2025-01-20,GPGB-M.TA,[2.2933273e-06],21
2025-01-21,GPGB-M.TA,[1.699432e-06],22
2025-01-22,GPGB-M.TA,[1.1103483e-06],23
2025-01-23,GPGB-M.TA,[1.247478e-06],24
2025-01-24,GPGB-M.TA,[4.6737918e-07],25
2025-01-25,GPGB-M.TA,[-2.4490132e-07],26
2025-01-26,GPGB-M.TA,[-2.403312e-07],27
2025-01-27,GPGB-M.TA,[-2.9235045e-07],28
2025-01-28,GPGB-M.TA,[-3.75323e-07],29
2025-01-29,GPGB-M.TA,[-1.1202291e-06],30
2024-12-31,GMLA.TA,[233.77191],1
2025-01-01,GMLA.TA,[240.75488],2
2025-01-02,GMLA.TA,[223.65282],3
2025-01-03,GMLA.TA,[217.26399],4
2025-01-04,GMLA.TA,[237.0068],5
2025-01-05,GMLA.TA,[203.66502],6
2025-01-06,GMLA.TA,[223.03262],7
2025-01-07,GMLA.TA,[221.43713],8
2025-01-08,GMLA.TA,[247.50015],9
2025-01-09,GMLA.TA,[260.14993],10
2025-01-10,GMLA.TA,[283.02927],11
2025-01-11,GMLA.TA,[310.91702],12
2025-01-12,GMLA.TA,[281.17297],13
2025-01-13,GMLA.TA,[287.5912],14
2025-01-14,GMLA.TA,[284.1002],15
2025-01-15,GMLA.TA,[305.10104],16
2025-01-16,GMLA.TA,[270.00278],17
2025-01-17,GMLA.TA,[276.7118],18
2025-01-18,GMLA.TA,[291.1695],19
2025-01-19,GMLA.TA,[277.35986],20
2025-01-20,GMLA.TA,[272.00024],21
2025-01-21,GMLA.TA,[294.81555],22
2025-01-22,GMLA.TA,[292.44263],23
2025-01-23,GMLA.TA,[281.2508],24
2025-01-24,GMLA.TA,[265.15784],25
2025-01-25,GMLA.TA,[279.30878],26
2025-01-26,GMLA.TA,[289.12878],27
2025-01-27,GMLA.TA,[279.13992],28
2025-01-28,GMLA.TA,[289.76978],29
2025-01-29,GMLA.TA,[312.26526],30
2024-12-31,GSFI.TA,[3610.926],1
2025-01-01,GSFI.TA,[3687.5356],2
2025-01-02,GSFI.TA,[3620.955],3
2025-01-03,GSFI.TA,[3581.775],4
2025-01-04,GSFI.TA,[3534.8604],5
2025-01-05,GSFI.TA,[3646.0427],6
2025-01-06,GSFI.TA,[3754.2505],7
2025-01-07,GSFI.TA,[3819.387],8
2025-01-08,GSFI.TA,[3627.9556],9
2025-01-09,GSFI.TA,[3650.457],10
2025-01-10,GSFI.TA,[3662.7832],11
2025-01-11,GSFI.TA,[3716.8044],12
2025-01-12,GSFI.TA,[3861.2908],13
2025-01-13,GSFI.TA,[3955.8882],14
2025-01-14,GSFI.TA,[4005.0266],15
2025-01-15,GSFI.TA,[4058.1147],16
2025-01-16,GSFI.TA,[4019.6167],17
2025-01-17,GSFI.TA,[3931.826],18
2025-01-18,GSFI.TA,[3954.6475],19
2025-01-19,GSFI.TA,[3984.567],20
2025-01-20,GSFI.TA,[3920.1824],21
2025-01-21,GSFI.TA,[3758.3462],22
2025-01-22,GSFI.TA,[3694.9368],23
2025-01-23,GSFI.TA,[3860.994],24
2025-01-24,GSFI.TA,[3877.4673],25
2025-01-25,GSFI.TA,[3811.9622],26
2025-01-26,GSFI.TA,[3785.8628],27
2025-01-27,GSFI.TA,[3738.76],28
2025-01-28,GSFI.TA,[3741.1575],29
2025-01-29,GSFI.TA,[3693.8474],30
2024-12-31,GAGR.TA,[350.8542],1
2025-01-01,GAGR.TA,[362.88257],2
2025-01-02,GAGR.TA,[360.90945],3
2025-01-03,GAGR.TA,[348.63086],4
2025-01-04,GAGR.TA,[357.22763],5
2025-01-05,GAGR.TA,[380.7166],6
2025-01-06,GAGR.TA,[380.22787],7
2025-01-07,GAGR.TA,[371.14706],8
2025-01-08,GAGR.TA,[361.41257],9
2025-01-09,GAGR.TA,[353.40784],10
2025-01-10,GAGR.TA,[352.7652],11
2025-01-11,GAGR.TA,[370.9822],12
2025-01-12,GAGR.TA,[370.6902],13
2025-01-13,GAGR.TA,[404.72092],14
2025-01-14,GAGR.TA,[409.04758],15
2025-01-15,GAGR.TA,[403.13284],16
2025-01-16,GAGR.TA,[403.84717],17
2025-01-17,GAGR.TA,[401.99692],18
2025-01-18,GAGR.TA,[427.27628],19
2025-01-19,GAGR.TA,[446.9374],20
2025-01-20,GAGR.TA,[469.0988],21
2025-01-21,GAGR.TA,[462.97183],22
2025-01-22,GAGR.TA,[471.67395],23
2025-01-23,GAGR.TA,[475.3864],24
2025-01-24,GAGR.TA,[482.88107],25
2025-01-25,GAGR.TA,[475.01028],26
2025-01-26,GAGR.TA,[463.58002],27
2025-01-27,GAGR.TA,[459.42554],28
2025-01-28,GAGR.TA,[465.13574],29
2025-01-29,GAGR.TA,[449.38177],30
2024-12-31,GAON-M.TA,[-56628.71],1
2025-01-01,GAON-M.TA,[-1936921.9],2
2025-01-02,GAON-M.TA,[-16902702.],3
2025-01-03,GAON-M.TA,[-1.0500194e+08],4
2025-01-04,GAON-M.TA,[2.9176494e+09],5
2025-01-05,GAON-M.TA,[1.6085416e+11],6
2025-01-06,GAON-M.TA,[3.5949581e+12],7
2025-01-07,GAON-M.TA,[1.1504097e+14],8
2025-01-08,GAON-M.TA,[-3.732473e+15],9
2025-01-09,GAON-M.TA,[1.0535461e+17],10
2025-01-10,GAON-M.TA,[6.7938153e+18],11
2025-01-11,GAON-M.TA,[-9.372367e+18],12
2025-01-12,GAON-M.TA,[1.35293965e+20],13
2025-01-13,GAON-M.TA,[1.6923964e+22],14
2025-01-14,GAON-M.TA,[1.8887247e+24],15
2025-01-15,GAON-M.TA,[3.842321e+25],16
2025-01-16,GAON-M.TA,[8.468895e+26],17
2025-01-17,GAON-M.TA,[-5.179047e+27],18
2025-01-18,GAON-M.TA,[-1.7741768e+29],19
2025-01-19,GAON-M.TA,[1.401277e+31],20
2025-01-20,GAON-M.TA,[-8.156233e+32],21
2025-01-21,GAON-M.TA,[2.9281885e+34],22
2025-01-22,GAON-M.TA,[2.6280443e+36],23
2025-01-23,GAON-M.TA,[-1.3207411e+38],24
2025-01-24,GAON-M.TA,[-inf],25
2025-01-25,GAON-M.TA,[-inf],26
2025-01-26,GAON-M.TA,[inf],27
2025-01-27,GAON-M.TA,[inf],28
2025-01-28,GAON-M.TA,[-inf],29
2025-01-29,GAON-M.TA,[-inf],30
2024-12-31,GVYM.TA,[2855.5442],1
2025-01-01,GVYM.TA,[2766.001],2
2025-01-02,GVYM.TA,[2696.705],3
2025-01-03,GVYM.TA,[2631.6682],4
2025-01-04,GVYM.TA,[2655.7446],5
2025-01-05,GVYM.TA,[2685.9277],6
2025-01-06,GVYM.TA,[2676.6663],7
2025-01-07,GVYM.TA,[2709.9824],8
2025-01-08,GVYM.TA,[2710.1196],9
2025-01-09,GVYM.TA,[2710.4375],10
2025-01-10,GVYM.TA,[2753.9412],11
2025-01-11,GVYM.TA,[2681.5454],12
2025-01-12,GVYM.TA,[2662.8662],13
2025-01-13,GVYM.TA,[2614.4998],14
2025-01-14,GVYM.TA,[2660.547],15
2025-01-15,GVYM.TA,[2643.2146],16
2025-01-16,GVYM.TA,[2670.2788],17
2025-01-17,GVYM.TA,[2704.726],18
2025-01-18,GVYM.TA,[2705.993],19
2025-01-19,GVYM.TA,[2665.6443],20
2025-01-20,GVYM.TA,[2650.259],21
2025-01-21,GVYM.TA,[2628.982],22
2025-01-22,GVYM.TA,[2534.5002],23
2025-01-23,GVYM.TA,[2535.992],24
2025-01-24,GVYM.TA,[2495.8772],25
2025-01-25,GVYM.TA,[2457.6816],26
2025-01-26,GVYM.TA,[2448.5317],27
2025-01-27,GVYM.TA,[2426.604],28
2025-01-28,GVYM.TA,[2379.7678],29
2025-01-29,GVYM.TA,[2322.523],30
2024-12-31,GEFR.TA,[72.64882],1
2025-01-01,GEFR.TA,[72.81621],2
2025-01-02,GEFR.TA,[76.30098],3
2025-01-03,GEFR.TA,[77.27624],4
2025-01-04,GEFR.TA,[78.77074],5
2025-01-05,GEFR.TA,[81.6739],6
2025-01-06,GEFR.TA,[84.205864],7
2025-01-07,GEFR.TA,[86.83049],8
2025-01-08,GEFR.TA,[91.69218],9
2025-01-09,GEFR.TA,[91.62701],10
2025-01-10,GEFR.TA,[93.18706],11
2025-01-11,GEFR.TA,[92.74354],12
2025-01-12,GEFR.TA,[94.80688],13
2025-01-13,GEFR.TA,[94.72842],14
2025-01-14,GEFR.TA,[95.35863],15
2025-01-15,GEFR.TA,[90.81329],16
2025-01-16,GEFR.TA,[89.961235],17
2025-01-17,GEFR.TA,[88.333885],18
2025-01-18,GEFR.TA,[89.45383],19
2025-01-19,GEFR.TA,[90.978645],20
2025-01-20,GEFR.TA,[87.52543],21
2025-01-21,GEFR.TA,[89.42683],22
2025-01-22,GEFR.TA,[90.78757],23
2025-01-23,GEFR.TA,[90.732506],24
2025-01-24,GEFR.TA,[91.33733],25
2025-01-25,GEFR.TA,[91.38059],26
2025-01-26,GEFR.TA,[92.10574],27
2025-01-27,GEFR.TA,[93.10044],28
2025-01-28,GEFR.TA,[96.98323],29
2025-01-29,GEFR.TA,[96.42018],30
2024-12-31,GNCL.TA,[43.4848],1
2025-01-01,GNCL.TA,[53.51196],2
2025-01-02,GNCL.TA,[80.86374],3
2025-01-03,GNCL.TA,[63.164524],4
2025-01-04,GNCL.TA,[70.78313],5
2025-01-05,GNCL.TA,[58.86485],6
2025-01-06,GNCL.TA,[81.562874],7
2025-01-07,GNCL.TA,[84.326225],8
2025-01-08,GNCL.TA,[106.14356],9
2025-01-09,GNCL.TA,[127.73376],10
2025-01-10,GNCL.TA,[55.40191],11
2025-01-11,GNCL.TA,[57.92139],12
2025-01-12,GNCL.TA,[29.928709],13
2025-01-13,GNCL.TA,[32.29169],14
2025-01-14,GNCL.TA,[54.156757],15
2025-01-15,GNCL.TA,[51.68963],16
2025-01-16,GNCL.TA,[53.506184],17
2025-01-17,GNCL.TA,[53.125824],18
2025-01-18,GNCL.TA,[39.849895],19
2025-01-19,GNCL.TA,[50.335297],20
2025-01-20,GNCL.TA,[68.62706],21
2025-01-21,GNCL.TA,[86.34698],22
2025-01-22,GNCL.TA,[80.36423],23
2025-01-23,GNCL.TA,[66.76082],24
2025-01-24,GNCL.TA,[35.66422],25
2025-01-25,GNCL.TA,[40.67557],26
2025-01-26,GNCL.TA,[49.386097],27
2025-01-27,GNCL.TA,[49.8968],28
2025-01-28,GNCL.TA,[43.828342],29
2025-01-29,GNCL.TA,[59.09852],30
2024-12-31,GNRS.TA,[73.852516],1
2025-01-01,GNRS.TA,[73.612],2
2025-01-02,GNRS.TA,[72.98525],3
2025-01-03,GNRS.TA,[72.276375],4
2025-01-04,GNRS.TA,[71.56184],5
2025-01-05,GNRS.TA,[71.92708],6
2025-01-06,GNRS.TA,[71.28199],7
2025-01-07,GNRS.TA,[71.8156],8
2025-01-08,GNRS.TA,[71.06573],9
2025-01-09,GNRS.TA,[71.134796],10
2025-01-10,GNRS.TA,[69.525955],11
2025-01-11,GNRS.TA,[67.855446],12
2025-01-12,GNRS.TA,[69.38179],13
2025-01-13,GNRS.TA,[68.85658],14
2025-01-14,GNRS.TA,[69.08076],15
2025-01-15,GNRS.TA,[69.137955],16
2025-01-16,GNRS.TA,[70.009766],17
2025-01-17,GNRS.TA,[70.32154],18
2025-01-18,GNRS.TA,[71.27039],19
2025-01-19,GNRS.TA,[73.74441],20
2025-01-20,GNRS.TA,[73.670135],21
2025-01-21,GNRS.TA,[74.12392],22
2025-01-22,GNRS.TA,[72.730736],23
2025-01-23,GNRS.TA,[71.11134],24
2025-01-24,GNRS.TA,[73.050026],25
2025-01-25,GNRS.TA,[71.54133],26
2025-01-26,GNRS.TA,[74.69652],27
2025-01-27,GNRS.TA,[76.12299],28
2025-01-28,GNRS.TA,[75.736176],29
2025-01-29,GNRS.TA,[77.17115],30
2024-12-31,GFC-M.TA,[7605.1733],1
2025-01-01,GFC-M.TA,[8694.738],2
2025-01-02,GFC-M.TA,[-80230.55],3
2025-01-03,GFC-M.TA,[288740.56],4
2025-01-04,GFC-M.TA,[333304.38],5
2025-01-05,GFC-M.TA,[-2291167.5],6
2025-01-06,GFC-M.TA,[5167210.],7
2025-01-07,GFC-M.TA,[14106717.],8
2025-01-08,GFC-M.TA,[-99879416.],9
2025-01-09,GFC-M.TA,[-5.690152e+08],10
2025-01-10,GFC-M.TA,[5.175862e+09],11
2025-01-11,GFC-M.TA,[-4.4395344e+10],12
2025-01-12,GFC-M.TA,[-4.3336542e+11],13
2025-01-13,GFC-M.TA,[3.1843958e+12],14
2025-01-14,GFC-M.TA,[2.7033445e+12],15
2025-01-15,GFC-M.TA,[5.100067e+12],16
2025-01-16,GFC-M.TA,[3.7091648e+12],17
2025-01-17,GFC-M.TA,[2.8992573e+13],18
2025-01-18,GFC-M.TA,[7.38688e+13],19
2025-01-19,GFC-M.TA,[-6.497103e+13],20
2025-01-20,GFC-M.TA,[6.946387e+14],21
2025-01-21,GFC-M.TA,[-2.0436543e+15],22
2025-01-22,GFC-M.TA,[-1.5333699e+16],23
2025-01-23,GFC-M.TA,[6.3697324e+16],24
2025-01-24,GFC-M.TA,[1.6108354e+17],25
2025-01-25,GFC-M.TA,[4.5769267e+16],26
2025-01-26,GFC-M.TA,[-1.43691455e+17],27
2025-01-27,GFC-M.TA,[1.0102306e+18],28
2025-01-28,GFC-M.TA,[-7.412345e+18],29
2025-01-29,GFC-M.TA,[-4.366062e+19],30
2022-10-28,GIBUI.TA,[0.5202024],1
2022-10-29,GIBUI.TA,[0.6244337],2
2022-10-30,GIBUI.TA,[1.386676],3
2022-10-31,GIBUI.TA,[1.0913322],4
2022-11-01,GIBUI.TA,[1.4426409],5
2022-11-02,GIBUI.TA,[1.1189209],6
2022-11-03,GIBUI.TA,[0.8944072],7
2022-11-04,GIBUI.TA,[0.74189794],8
2022-11-05,GIBUI.TA,[1.3498577],9
2022-11-06,GIBUI.TA,[2.0666182],10
2022-11-07,GIBUI.TA,[0.68968076],11
2022-11-08,GIBUI.TA,[1.1794682],12
2022-11-09,GIBUI.TA,[0.93016946],13
2022-11-10,GIBUI.TA,[1.5430332],14
2022-11-11,GIBUI.TA,[0.6119306],15
2022-11-12,GIBUI.TA,[0.9512409],16
2022-11-13,GIBUI.TA,[1.1922859],17
2022-11-14,GIBUI.TA,[1.9807265],18
2022-11-15,GIBUI.TA,[1.753908],19
2022-11-16,GIBUI.TA,[0.9015932],20
2022-11-17,GIBUI.TA,[1.0683233],21
2022-11-18,GIBUI.TA,[1.3303815],22
2022-11-19,GIBUI.TA,[1.3951812],23
2022-11-20,GIBUI.TA,[1.1106837],24
2022-11-21,GIBUI.TA,[0.68608326],25
2022-11-22,GIBUI.TA,[-0.09418702],26
2022-11-23,GIBUI.TA,[-0.12426868],27
2022-11-24,GIBUI.TA,[-0.1164744],28
2022-11-25,GIBUI.TA,[-0.12485497],29
2022-11-26,GIBUI.TA,[-0.04724188],30
2024-12-31,GILT.TA,[2168.4065],1
2025-01-01,GILT.TA,[2087.288],2
2025-01-02,GILT.TA,[2121.4873],3
2025-01-03,GILT.TA,[2076.494],4
2025-01-04,GILT.TA,[2086.4949],5
2025-01-05,GILT.TA,[2118.648],6
2025-01-06,GILT.TA,[2143.6394],7
2025-01-07,GILT.TA,[2175.128],8
2025-01-08,GILT.TA,[2218.6765],9
2025-01-09,GILT.TA,[2254.839],10
2025-01-10,GILT.TA,[2266.0486],11
2025-01-11,GILT.TA,[2279.5417],12
2025-01-12,GILT.TA,[2238.595],13
2025-01-13,GILT.TA,[2301.9856],14
2025-01-14,GILT.TA,[2345.543],15
2025-01-15,GILT.TA,[2220.5747],16
2025-01-16,GILT.TA,[2240.379],17
2025-01-17,GILT.TA,[2203.9033],18
2025-01-18,GILT.TA,[2176.2869],19
2025-01-19,GILT.TA,[2255.0068],20
2025-01-20,GILT.TA,[2161.7107],21
2025-01-21,GILT.TA,[2249.594],22
2025-01-22,GILT.TA,[2238.1187],23
2025-01-23,GILT.TA,[2266.2786],24
2025-01-24,GILT.TA,[2283.3398],25
2025-01-25,GILT.TA,[2239.6812],26
2025-01-26,GILT.TA,[2233.978],27
2025-01-27,GILT.TA,[2310.9663],28
2025-01-28,GILT.TA,[2292.2778],29
2025-01-29,GILT.TA,[2321.8271],30
2024-12-31,GLTL.TA,[71.11445],1
2025-01-01,GLTL.TA,[69.46857],2
2025-01-02,GLTL.TA,[68.60392],3
2025-01-03,GLTL.TA,[65.74734],4
2025-01-04,GLTL.TA,[70.59156],5
2025-01-05,GLTL.TA,[71.793625],6
2025-01-06,GLTL.TA,[72.48946],7
2025-01-07,GLTL.TA,[71.00446],8
2025-01-08,GLTL.TA,[72.78721],9
2025-01-09,GLTL.TA,[72.98634],10
2025-01-10,GLTL.TA,[69.25834],11
2025-01-11,GLTL.TA,[68.078705],12
2025-01-12,GLTL.TA,[65.902885],13
2025-01-13,GLTL.TA,[68.65668],14
2025-01-14,GLTL.TA,[67.96195],15
2025-01-15,GLTL.TA,[67.23159],16
2025-01-16,GLTL.TA,[65.35399],17
2025-01-17,GLTL.TA,[59.772038],18
2025-01-18,GLTL.TA,[53.715893],19
2025-01-19,GLTL.TA,[52.70162],20
2025-01-20,GLTL.TA,[50.06962],21
2025-01-21,GLTL.TA,[49.550682],22
2025-01-22,GLTL.TA,[48.356674],23
2025-01-23,GLTL.TA,[51.244682],24
2025-01-24,GLTL.TA,[50.692657],25
2025-01-25,GLTL.TA,[50.083897],26
2025-01-26,GLTL.TA,[52.075783],27
2025-01-27,GLTL.TA,[52.14666],28
2025-01-28,GLTL.TA,[52.058224],29
2025-01-29,GLTL.TA,[51.085762],30
2024-12-31,GNGR.TA,[961.15436],1
2025-01-01,GNGR.TA,[946.12006],2
2025-01-02,GNGR.TA,[958.2078],3
2025-01-03,GNGR.TA,[955.5019],4
2025-01-04,GNGR.TA,[948.78796],5
2025-01-05,GNGR.TA,[957.724],6
2025-01-06,GNGR.TA,[933.63464],7
2025-01-07,GNGR.TA,[944.2693],8
2025-01-08,GNGR.TA,[949.24],9
2025-01-09,GNGR.TA,[910.58936],10
2025-01-10,GNGR.TA,[889.30585],11
2025-01-11,GNGR.TA,[883.65515],12
2025-01-12,GNGR.TA,[868.9203],13
2025-01-13,GNGR.TA,[861.80585],14
2025-01-14,GNGR.TA,[878.3278],15
2025-01-15,GNGR.TA,[857.8183],16
2025-01-16,GNGR.TA,[860.2704],17
2025-01-17,GNGR.TA,[838.27625],18
2025-01-18,GNGR.TA,[843.8271],19
2025-01-19,GNGR.TA,[863.35706],20
2025-01-20,GNGR.TA,[870.3942],21
2025-01-21,GNGR.TA,[913.6077],22
2025-01-22,GNGR.TA,[920.10895],23
2025-01-23,GNGR.TA,[925.25616],24
2025-01-24,GNGR.TA,[888.69464],25
2025-01-25,GNGR.TA,[900.79645],26
2025-01-26,GNGR.TA,[908.2365],27
2025-01-27,GNGR.TA,[899.19226],28
2025-01-28,GNGR.TA,[939.1381],29
2025-01-29,GNGR.TA,[921.0799],30
2024-12-31,GIVO.TA,[20.790752],1
2025-01-01,GIVO.TA,[22.073849],2
2025-01-02,GIVO.TA,[22.125774],3
2025-01-03,GIVO.TA,[22.11853],4
2025-01-04,GIVO.TA,[21.872547],5
2025-01-05,GIVO.TA,[21.522442],6
2025-01-06,GIVO.TA,[21.465277],7
2025-01-07,GIVO.TA,[21.57815],8
2025-01-08,GIVO.TA,[21.652145],9
2025-01-09,GIVO.TA,[22.228342],10
2025-01-10,GIVO.TA,[21.244337],11
2025-01-11,GIVO.TA,[20.715492],12
2025-01-12,GIVO.TA,[20.810032],13
2025-01-13,GIVO.TA,[20.657219],14
2025-01-14,GIVO.TA,[19.100153],15
2025-01-15,GIVO.TA,[19.281675],16
2025-01-16,GIVO.TA,[19.30926],17
2025-01-17,GIVO.TA,[19.35281],18
2025-01-18,GIVO.TA,[20.093447],19
2025-01-19,GIVO.TA,[19.411638],20
2025-01-20,GIVO.TA,[19.930378],21
2025-01-21,GIVO.TA,[19.706158],22
2025-01-22,GIVO.TA,[19.33168],23
2025-01-23,GIVO.TA,[19.296152],24
2025-01-24,GIVO.TA,[20.666298],25
2025-01-25,GIVO.TA,[19.992722],26
2025-01-26,GIVO.TA,[19.071257],27
2025-01-27,GIVO.TA,[19.242447],28
2025-01-28,GIVO.TA,[19.748436],29
2025-01-29,GIVO.TA,[19.322222],30
2024-12-31,GIX.TA,[17.955898],1
2025-01-01,GIX.TA,[17.843569],2
2025-01-02,GIX.TA,[18.527658],3
2025-01-03,GIX.TA,[18.216347],4
2025-01-04,GIX.TA,[16.680122],5
2025-01-05,GIX.TA,[19.441133],6
2025-01-06,GIX.TA,[18.15],7
2025-01-07,GIX.TA,[18.92463],8
2025-01-08,GIX.TA,[14.084179],9
2025-01-09,GIX.TA,[15.351037],10
2025-01-10,GIX.TA,[11.914004],11
2025-01-11,GIX.TA,[11.827046],12
2025-01-12,GIX.TA,[14.63418],13
2025-01-13,GIX.TA,[15.692168],14
2025-01-14,GIX.TA,[17.876026],15
2025-01-15,GIX.TA,[19.569191],16
2025-01-16,GIX.TA,[19.586266],17
2025-01-17,GIX.TA,[22.235245],18
2025-01-18,GIX.TA,[20.783573],19
2025-01-19,GIX.TA,[23.425686],20
2025-01-20,GIX.TA,[24.411428],21
2025-01-21,GIX.TA,[29.572466],22
2025-01-22,GIX.TA,[30.142822],23
2025-01-23,GIX.TA,[27.051245],24
2025-01-24,GIX.TA,[30.617142],25
2025-01-25,GIX.TA,[30.948328],26
2025-01-26,GIX.TA,[30.779312],27
2025-01-27,GIX.TA,[33.934303],28
2025-01-28,GIX.TA,[38.03987],29
2025-01-29,GIX.TA,[37.568485],30
2024-12-31,GKL.TA,[79.07016],1
2025-01-01,GKL.TA,[79.72215],2
2025-01-02,GKL.TA,[79.48519],3
2025-01-03,GKL.TA,[79.11188],4
2025-01-04,GKL.TA,[77.263985],5
2025-01-05,GKL.TA,[77.37419],6
2025-01-06,GKL.TA,[78.34008],7
2025-01-07,GKL.TA,[76.91511],8
2025-01-08,GKL.TA,[76.30059],9
2025-01-09,GKL.TA,[77.08379],10
2025-01-10,GKL.TA,[75.35345],11
2025-01-11,GKL.TA,[76.187935],12
2025-01-12,GKL.TA,[74.4711],13
2025-01-13,GKL.TA,[76.072044],14
2025-01-14,GKL.TA,[78.13261],15
2025-01-15,GKL.TA,[79.47238],16
2025-01-16,GKL.TA,[80.487564],17
2025-01-17,GKL.TA,[80.79035],18
2025-01-18,GKL.TA,[80.56504],19
2025-01-19,GKL.TA,[81.16289],20
2025-01-20,GKL.TA,[79.68984],21
2025-01-21,GKL.TA,[80.502],22
2025-01-22,GKL.TA,[79.87599],23
2025-01-23,GKL.TA,[77.71866],24
2025-01-24,GKL.TA,[75.53471],25
2025-01-25,GKL.TA,[77.5109],26
2025-01-26,GKL.TA,[79.382164],27
2025-01-27,GKL.TA,[78.27775],28
2025-01-28,GKL.TA,[78.22347],29
2025-01-29,GKL.TA,[80.238396],30
2024-10-09,GLEN-M.TA,[0.0179674],1
2024-10-10,GLEN-M.TA,[0.0215015],2
2024-10-11,GLEN-M.TA,[0.0277897],3
2024-10-12,GLEN-M.TA,[0.02412672],4
2024-10-13,GLEN-M.TA,[0.00851634],5
2024-10-14,GLEN-M.TA,[0.01046178],6
2024-10-15,GLEN-M.TA,[0.01198618],7
2024-10-16,GLEN-M.TA,[0.00568999],8
2024-10-17,GLEN-M.TA,[0.00570048],9
2024-10-18,GLEN-M.TA,[0.00563423],10
2024-10-19,GLEN-M.TA,[0.00655173],11
2024-10-20,GLEN-M.TA,[0.0086724],12
2024-10-21,GLEN-M.TA,[0.00715519],13
2024-10-22,GLEN-M.TA,[0.00854573],14
2024-10-23,GLEN-M.TA,[0.00882421],15
2024-10-24,GLEN-M.TA,[0.0077974],16
2024-10-25,GLEN-M.TA,[0.01110491],17
2024-10-26,GLEN-M.TA,[0.01131321],18
2024-10-27,GLEN-M.TA,[0.01138081],19
2024-10-28,GLEN-M.TA,[0.01583119],20
2024-10-29,GLEN-M.TA,[0.01426131],21
2024-10-30,GLEN-M.TA,[0.01883147],22
2024-10-31,GLEN-M.TA,[0.0191867],23
2024-11-01,GLEN-M.TA,[0.02250205],24
2024-11-02,GLEN-M.TA,[0.02172378],25
2024-11-03,GLEN-M.TA,[0.02068178],26
2024-11-04,GLEN-M.TA,[0.01276532],27
2024-11-05,GLEN-M.TA,[0.00903004],28
2024-11-06,GLEN-M.TA,[0.00858682],29
2024-11-07,GLEN-M.TA,[0.00902516],30
2024-12-31,GLRS.TA,[45706.117],1
2025-01-01,GLRS.TA,[46210.12],2
2025-01-02,GLRS.TA,[46853.16],3
2025-01-03,GLRS.TA,[46658.965],4
2025-01-04,GLRS.TA,[45991.902],5
2025-01-05,GLRS.TA,[45694.883],6
2025-01-06,GLRS.TA,[45063.22],7
2025-01-07,GLRS.TA,[45048.254],8
2025-01-08,GLRS.TA,[45047.605],9
2025-01-09,GLRS.TA,[45053.094],10
2025-01-10,GLRS.TA,[46535.812],11
2025-01-11,GLRS.TA,[46602.58],12
2025-01-12,GLRS.TA,[45613.2],13
2025-01-13,GLRS.TA,[46524.53],14
2025-01-14,GLRS.TA,[46387.266],15
2025-01-15,GLRS.TA,[46727.676],16
2025-01-16,GLRS.TA,[46720.84],17
2025-01-17,GLRS.TA,[45320.496],18
2025-01-18,GLRS.TA,[45811.79],19
2025-01-19,GLRS.TA,[46484.94],20
2025-01-20,GLRS.TA,[46043.734],21
2025-01-21,GLRS.TA,[46824.473],22
2025-01-22,GLRS.TA,[47231.992],23
2025-01-23,GLRS.TA,[46773.066],24
2025-01-24,GLRS.TA,[47748.84],25
2025-01-25,GLRS.TA,[47179.895],26
2025-01-26,GLRS.TA,[47784.23],27
2025-01-27,GLRS.TA,[48298.45],28
2025-01-28,GLRS.TA,[49039.633],29
2025-01-29,GLRS.TA,[47471.516],30
2024-12-31,GOTO.TA,[373.41626],1
2025-01-01,GOTO.TA,[383.50934],2
2025-01-02,GOTO.TA,[373.58554],3
2025-01-03,GOTO.TA,[322.50696],4
2025-01-04,GOTO.TA,[402.46912],5
2025-01-05,GOTO.TA,[393.61792],6
2025-01-06,GOTO.TA,[389.37573],7
2025-01-07,GOTO.TA,[436.01425],8
2025-01-08,GOTO.TA,[382.1821],9
2025-01-09,GOTO.TA,[363.2383],10
2025-01-10,GOTO.TA,[337.1921],11
2025-01-11,GOTO.TA,[284.83984],12
2025-01-12,GOTO.TA,[265.51147],13
2025-01-13,GOTO.TA,[230.99454],14
2025-01-14,GOTO.TA,[297.8731],15
2025-01-15,GOTO.TA,[309.4952],16
2025-01-16,GOTO.TA,[259.51785],17
2025-01-17,GOTO.TA,[298.4809],18
2025-01-18,GOTO.TA,[281.6252],19
2025-01-19,GOTO.TA,[321.66232],20
2025-01-20,GOTO.TA,[335.8514],21
2025-01-21,GOTO.TA,[406.6513],22
2025-01-22,GOTO.TA,[401.6688],23
2025-01-23,GOTO.TA,[366.05484],24
2025-01-24,GOTO.TA,[361.50446],25
2025-01-25,GOTO.TA,[311.51755],26
2025-01-26,GOTO.TA,[363.876],27
2025-01-27,GOTO.TA,[306.4389],28
2025-01-28,GOTO.TA,[389.86203],29
2025-01-29,GOTO.TA,[421.77072],30
2024-12-31,GRIN.TA,[1362.1326],1
2025-01-01,GRIN.TA,[1371.345],2
2025-01-02,GRIN.TA,[1360.3785],3
2025-01-03,GRIN.TA,[1376.9865],4
2025-01-04,GRIN.TA,[1396.5751],5
2025-01-05,GRIN.TA,[1407.0038],6
2025-01-06,GRIN.TA,[1434.3174],7
2025-01-07,GRIN.TA,[1414.6079],8
2025-01-08,GRIN.TA,[1392.4198],9
2025-01-09,GRIN.TA,[1375.7496],10
2025-01-10,GRIN.TA,[1376.5063],11
2025-01-11,GRIN.TA,[1410.3707],12
2025-01-12,GRIN.TA,[1389.6628],13
2025-01-13,GRIN.TA,[1430.1998],14
2025-01-14,GRIN.TA,[1470.2389],15
2025-01-15,GRIN.TA,[1490.5997],16
2025-01-16,GRIN.TA,[1472.0254],17
2025-01-17,GRIN.TA,[1438.5823],18
2025-01-18,GRIN.TA,[1477.6929],19
2025-01-19,GRIN.TA,[1431.1515],20
2025-01-20,GRIN.TA,[1405.8374],21
2025-01-21,GRIN.TA,[1426.1819],22
2025-01-22,GRIN.TA,[1462.9468],23
2025-01-23,GRIN.TA,[1478.3048],24
2025-01-24,GRIN.TA,[1464.2753],25
2025-01-25,GRIN.TA,[1493.2258],26
2025-01-26,GRIN.TA,[1492.9845],27
2025-01-27,GRIN.TA,[1478.7728],28
2025-01-28,GRIN.TA,[1517.6676],29
2025-01-29,GRIN.TA,[1533.0206],30
2024-12-31,GOLD.TA,[16811.016],1
2025-01-01,GOLD.TA,[17419.504],2
2025-01-02,GOLD.TA,[16930.295],3
2025-01-03,GOLD.TA,[16615.346],4
2025-01-04,GOLD.TA,[16806.994],5
2025-01-05,GOLD.TA,[17269.816],6
2025-01-06,GOLD.TA,[17197.205],7
2025-01-07,GOLD.TA,[16801.963],8
2025-01-08,GOLD.TA,[16893.885],9
2025-01-09,GOLD.TA,[17020.56],10
2025-01-10,GOLD.TA,[17084.545],11
2025-01-11,GOLD.TA,[17237.508],12
2025-01-12,GOLD.TA,[17252.648],13
2025-01-13,GOLD.TA,[17019.982],14
2025-01-14,GOLD.TA,[16688.297],15
2025-01-15,GOLD.TA,[16717.322],16
2025-01-16,GOLD.TA,[16709.574],17
2025-01-17,GOLD.TA,[16460.408],18
2025-01-18,GOLD.TA,[16952.861],19
2025-01-19,GOLD.TA,[16884.3],20
2025-01-20,GOLD.TA,[17361.756],21
2025-01-21,GOLD.TA,[17229.828],22
2025-01-22,GOLD.TA,[17448.533],23
2025-01-23,GOLD.TA,[17162.49],24
2025-01-24,GOLD.TA,[17151.162],25
2025-01-25,GOLD.TA,[16701.58],26
2025-01-26,GOLD.TA,[16046.819],27
2025-01-27,GOLD.TA,[16650.44],28
2025-01-28,GOLD.TA,[17333.01],29
2025-01-29,GOLD.TA,[17128.752],30
2024-12-31,GOHO.TA,[2294.972],1
2025-01-01,GOHO.TA,[2225.4617],2
2025-01-02,GOHO.TA,[2290.1504],3
2025-01-03,GOHO.TA,[2371.4077],4
2025-01-04,GOHO.TA,[2489.663],5
2025-01-05,GOHO.TA,[2447.1184],6
2025-01-06,GOHO.TA,[2365.7346],7
2025-01-07,GOHO.TA,[2312.5054],8
2025-01-08,GOHO.TA,[2383.2712],9
2025-01-09,GOHO.TA,[2306.7668],10
2025-01-10,GOHO.TA,[2309.4573],11
2025-01-11,GOHO.TA,[2401.58],12
2025-01-12,GOHO.TA,[2465.5356],13
2025-01-13,GOHO.TA,[2606.8948],14
2025-01-14,GOHO.TA,[2683.269],15
2025-01-15,GOHO.TA,[2715.616],16
2025-01-16,GOHO.TA,[2777.6526],17
2025-01-17,GOHO.TA,[2677.6272],18
2025-01-18,GOHO.TA,[2734.1145],19
2025-01-19,GOHO.TA,[2700.2444],20
2025-01-20,GOHO.TA,[2698.4814],21
2025-01-21,GOHO.TA,[2666.3054],22
2025-01-22,GOHO.TA,[2754.6892],23
2025-01-23,GOHO.TA,[2733.8423],24
2025-01-24,GOHO.TA,[2707.9731],25
2025-01-25,GOHO.TA,[2668.489],26
2025-01-26,GOHO.TA,[2608.7659],27
2025-01-27,GOHO.TA,[2497.4663],28
2025-01-28,GOHO.TA,[2497.8452],29
2025-01-29,GOHO.TA,[2470.364],30
2024-12-31,GOLF.TA,[620.2666],1
2025-01-01,GOLF.TA,[646.16],2
2025-01-02,GOLF.TA,[663.92084],3
2025-01-03,GOLF.TA,[680.437],4
2025-01-04,GOLF.TA,[668.4447],5
2025-01-05,GOLF.TA,[682.30475],6
2025-01-06,GOLF.TA,[697.6131],7
2025-01-07,GOLF.TA,[698.778],8
2025-01-08,GOLF.TA,[711.99097],9
2025-01-09,GOLF.TA,[719.11755],10
2025-01-10,GOLF.TA,[745.74603],11
2025-01-11,GOLF.TA,[717.0047],12
2025-01-12,GOLF.TA,[730.95667],13
2025-01-13,GOLF.TA,[786.7065],14
2025-01-14,GOLF.TA,[777.5095],15
2025-01-15,GOLF.TA,[782.5679],16
2025-01-16,GOLF.TA,[798.40784],17
2025-01-17,GOLF.TA,[807.4735],18
2025-01-18,GOLF.TA,[843.3152],19
2025-01-19,GOLF.TA,[909.73694],20
2025-01-20,GOLF.TA,[886.45734],21
2025-01-21,GOLF.TA,[897.11224],22
2025-01-22,GOLF.TA,[875.3743],23
2025-01-23,GOLF.TA,[869.18567],24
2025-01-24,GOLF.TA,[900.42267],25
2025-01-25,GOLF.TA,[899.1378],26
2025-01-26,GOLF.TA,[937.4486],27
2025-01-27,GOLF.TA,[950.5436],28
2025-01-28,GOLF.TA,[962.3128],29
2025-01-29,GOLF.TA,[978.7169],30
2024-12-31,GRAC.TA,[1569.8835],1
2025-01-01,GRAC.TA,[1521.6804],2
2025-01-02,GRAC.TA,[1549.7402],3
2025-01-03,GRAC.TA,[1595.4293],4
2025-01-04,GRAC.TA,[1565.3326],5
2025-01-05,GRAC.TA,[1553.1621],6
2025-01-06,GRAC.TA,[1526.4812],7
2025-01-07,GRAC.TA,[1532.4515],8
2025-01-08,GRAC.TA,[1550.6592],9
2025-01-09,GRAC.TA,[1519.5001],10
2025-01-10,GRAC.TA,[1524.0232],11
2025-01-11,GRAC.TA,[1534.9504],12
2025-01-12,GRAC.TA,[1556.3269],13
2025-01-13,GRAC.TA,[1568.4542],14
2025-01-14,GRAC.TA,[1569.012],15
2025-01-15,GRAC.TA,[1563.9775],16
2025-01-16,GRAC.TA,[1580.4482],17
2025-01-17,GRAC.TA,[1558.6681],18
2025-01-18,GRAC.TA,[1598.4902],19
2025-01-19,GRAC.TA,[1609.3069],20
2025-01-20,GRAC.TA,[1622.6433],21
2025-01-21,GRAC.TA,[1646.3042],22
2025-01-22,GRAC.TA,[1650.515],23
2025-01-23,GRAC.TA,[1590.9596],24
2025-01-24,GRAC.TA,[1592.6246],25
2025-01-25,GRAC.TA,[1598.3583],26
2025-01-26,GRAC.TA,[1619.335],27
2025-01-27,GRAC.TA,[1607.0067],28
2025-01-28,GRAC.TA,[1633.4856],29
2025-01-29,GRAC.TA,[1662.4424],30
2024-12-31,G107.TA,[59.70203],1
2025-01-01,G107.TA,[60.809933],2
2025-01-02,G107.TA,[61.57214],3
2025-01-03,G107.TA,[63.44851],4
2025-01-04,G107.TA,[63.04496],5
2025-01-05,G107.TA,[59.47479],6
2025-01-06,G107.TA,[58.612267],7
2025-01-07,G107.TA,[61.315727],8
2025-01-08,G107.TA,[58.24775],9
2025-01-09,G107.TA,[54.87334],10
2025-01-10,G107.TA,[56.98051],11
2025-01-11,G107.TA,[54.68257],12
2025-01-12,G107.TA,[55.343204],13
2025-01-13,G107.TA,[56.399563],14
2025-01-14,G107.TA,[56.12879],15
2025-01-15,G107.TA,[53.334187],16
2025-01-16,G107.TA,[52.919693],17
2025-01-17,G107.TA,[53.553818],18
2025-01-18,G107.TA,[53.76971],19
2025-01-19,G107.TA,[51.95698],20
2025-01-20,G107.TA,[49.31655],21
2025-01-21,G107.TA,[49.345882],22
2025-01-22,G107.TA,[52.91804],23
2025-01-23,G107.TA,[47.27462],24
2025-01-24,G107.TA,[52.651302],25
2025-01-25,G107.TA,[48.443535],26
2025-01-26,G107.TA,[48.620956],27
2025-01-27,G107.TA,[46.428947],28
2025-01-28,G107.TA,[51.45232],29
2025-01-29,G107.TA,[50.930084],30
2024-12-31,GUID.TA,[653.7321],1
2025-01-01,GUID.TA,[723.2332],2
2025-01-02,GUID.TA,[764.84656],3
2025-01-03,GUID.TA,[442.5288],4
2025-01-04,GUID.TA,[608.11176],5
2025-01-05,GUID.TA,[-176.19438],6
2025-01-06,GUID.TA,[-145.5534],7
2025-01-07,GUID.TA,[-184.3199],8
2025-01-08,GUID.TA,[-225.92033],9
2025-01-09,GUID.TA,[-277.5827],10
2025-01-10,GUID.TA,[-186.41599],11
2025-01-11,GUID.TA,[-180.55634],12
2025-01-12,GUID.TA,[-237.40567],13
2025-01-13,GUID.TA,[-195.73187],14
2025-01-14,GUID.TA,[-306.7521],15
2025-01-15,GUID.TA,[-321.72028],16
2025-01-16,GUID.TA,[-675.28546],17
2025-01-17,GUID.TA,[-650.8908],18
2025-01-18,GUID.TA,[-765.34937],19
2025-01-19,GUID.TA,[-921.28064],20
2025-01-20,GUID.TA,[-800.8033],21
2025-01-21,GUID.TA,[-494.20172],22
2025-01-22,GUID.TA,[-574.6723],23
2025-01-23,GUID.TA,[-97.04511],24
2025-01-24,GUID.TA,[-248.45157],25
2025-01-25,GUID.TA,[-177.34622],26
2025-01-26,GUID.TA,[-119.96839],27
2025-01-27,GUID.TA,[-162.52458],28
2025-01-28,GUID.TA,[-181.07663],29
2025-01-29,GUID.TA,[220.08325],30
2024-12-31,HDST-M.TA,[0.990884],1
2025-01-01,HDST-M.TA,[-0.19829702],2
2025-01-02,HDST-M.TA,[-0.23783061],3
2025-01-03,HDST-M.TA,[-0.5943119],4
2025-01-04,HDST-M.TA,[-0.46834382],5
2025-01-05,HDST-M.TA,[-0.87621987],6
2025-01-06,HDST-M.TA,[-2.2236767],7
2025-01-07,HDST-M.TA,[0.6883571],8
2025-01-08,HDST-M.TA,[0.15126298],9
2025-01-09,HDST-M.TA,[-0.13545625],10
2025-01-10,HDST-M.TA,[-0.3149043],11
2025-01-11,HDST-M.TA,[-1.2716697],12
2025-01-12,HDST-M.TA,[-0.89164734],13
2025-01-13,HDST-M.TA,[-1.690052],14
2025-01-14,HDST-M.TA,[-3.1254795],15
2025-01-15,HDST-M.TA,[-4.2221284],16
2025-01-16,HDST-M.TA,[-0.69966465],17
2025-01-17,HDST-M.TA,[-0.69247186],18
2025-01-18,HDST-M.TA,[-1.1468254],19
2025-01-19,HDST-M.TA,[-4.1625657],20
2025-01-20,HDST-M.TA,[-15.733956],21
2025-01-21,HDST-M.TA,[-8.725865],22
2025-01-22,HDST-M.TA,[-15.446617],23
2025-01-23,HDST-M.TA,[-28.224644],24
2025-01-24,HDST-M.TA,[-38.663208],25
2025-01-25,HDST-M.TA,[-27.202812],26
2025-01-26,HDST-M.TA,[-13.764336],27
2025-01-27,HDST-M.TA,[-15.599563],28
2025-01-28,HDST-M.TA,[-39.300262],29
2025-01-29,HDST-M.TA,[-23.300434],30
2024-12-31,HGG.TA,[2131.1726],1
2025-01-01,HGG.TA,[2139.1616],2
2025-01-02,HGG.TA,[2143.923],3
2025-01-03,HGG.TA,[2184.794],4
2025-01-04,HGG.TA,[2172.5527],5
2025-01-05,HGG.TA,[2202.085],6
2025-01-06,HGG.TA,[2263.9307],7
2025-01-07,HGG.TA,[2224.8596],8
2025-01-08,HGG.TA,[2246.3542],9
2025-01-09,HGG.TA,[2247.798],10
2025-01-10,HGG.TA,[2239.3052],11
2025-01-11,HGG.TA,[2242.1692],12
2025-01-12,HGG.TA,[2201.2112],13
2025-01-13,HGG.TA,[2221.0703],14
2025-01-14,HGG.TA,[2291.3228],15
2025-01-15,HGG.TA,[2296.9878],16
2025-01-16,HGG.TA,[2353.4792],17
2025-01-17,HGG.TA,[2366.8733],18
2025-01-18,HGG.TA,[2378.4126],19
2025-01-19,HGG.TA,[2366.1572],20
2025-01-20,HGG.TA,[2427.9363],21
2025-01-21,HGG.TA,[2429.5825],22
2025-01-22,HGG.TA,[2426.722],23
2025-01-23,HGG.TA,[2457.448],24
2025-01-24,HGG.TA,[2435.875],25
2025-01-25,HGG.TA,[2430.5066],26
2025-01-26,HGG.TA,[2394.2095],27
2025-01-27,HGG.TA,[2344.0464],28
2025-01-28,HGG.TA,[2284.0188],29
2025-01-29,HGG.TA,[2312.4932],30
2024-12-31,HGGE.TA,[552.67126],1
2025-01-01,HGGE.TA,[568.9232],2
2025-01-02,HGGE.TA,[565.32697],3
2025-01-03,HGGE.TA,[639.4222],4
2025-01-04,HGGE.TA,[628.2005],5
2025-01-05,HGGE.TA,[611.419],6
2025-01-06,HGGE.TA,[604.208],7
2025-01-07,HGGE.TA,[636.6043],8
2025-01-08,HGGE.TA,[606.46814],9
2025-01-09,HGGE.TA,[575.717],10
2025-01-10,HGGE.TA,[569.8893],11
2025-01-11,HGGE.TA,[545.0412],12
2025-01-12,HGGE.TA,[551.5133],13
2025-01-13,HGGE.TA,[527.6937],14
2025-01-14,HGGE.TA,[518.115],15
2025-01-15,HGGE.TA,[525.17236],16
2025-01-16,HGGE.TA,[517.4482],17
2025-01-17,HGGE.TA,[496.62183],18
2025-01-18,HGGE.TA,[479.874],19
2025-01-19,HGGE.TA,[509.05118],20
2025-01-20,HGGE.TA,[511.50436],21
2025-01-21,HGGE.TA,[497.2679],22
2025-01-22,HGGE.TA,[502.64536],23
2025-01-23,HGGE.TA,[474.22647],24
2025-01-24,HGGE.TA,[475.5916],25
2025-01-25,HGGE.TA,[528.5494],26
2025-01-26,HGGE.TA,[551.58984],27
2025-01-27,HGGE.TA,[563.9031],28
2025-01-28,HGGE.TA,[580.807],29
2025-01-29,HGGE.TA,[633.61005],30
2024-12-31,HMAM.TA,[493.813],1
2025-01-01,HMAM.TA,[-41.146435],2
2025-01-02,HMAM.TA,[-94.02942],3
2025-01-03,HMAM.TA,[-173.9113],4
2025-01-04,HMAM.TA,[-207.26141],5
2025-01-05,HMAM.TA,[-241.70718],6
2025-01-06,HMAM.TA,[-247.19035],7
2025-01-07,HMAM.TA,[-626.45734],8
2025-01-08,HMAM.TA,[-2270.3784],9
2025-01-09,HMAM.TA,[-131.63052],10
2025-01-10,HMAM.TA,[-26.758057],11
2025-01-11,HMAM.TA,[-6.0430274],12
2025-01-12,HMAM.TA,[-0.16699843],13
2025-01-13,HMAM.TA,[-0.35316938],14
2025-01-14,HMAM.TA,[-0.21653183],15
2025-01-15,HMAM.TA,[-0.5238006],16
2025-01-16,HMAM.TA,[0.42017344],17
2025-01-17,HMAM.TA,[0.43961802],18
2025-01-18,HMAM.TA,[1.8767],19
2025-01-19,HMAM.TA,[3.2004502],20
2025-01-20,HMAM.TA,[-1.9128015],21
2025-01-21,HMAM.TA,[0.6030659],22
2025-01-22,HMAM.TA,[1.0674506],23
2025-01-23,HMAM.TA,[0.35225767],24
2025-01-24,HMAM.TA,[0.24299505],25
2025-01-25,HMAM.TA,[-0.4981983],26
2025-01-26,HMAM.TA,[-0.850698],27
2025-01-27,HMAM.TA,[-2.4446034],28
2025-01-28,HMAM.TA,[-2.300714],29
2025-01-29,HMAM.TA,[-5.0410476],30
2024-12-31,MSBI.TA,[121.663345],1
2025-01-01,MSBI.TA,[120.57007],2
2025-01-02,MSBI.TA,[121.26071],3
2025-01-03,MSBI.TA,[117.7779],4
2025-01-04,MSBI.TA,[117.11614],5
2025-01-05,MSBI.TA,[114.5386],6
2025-01-06,MSBI.TA,[111.89201],7
2025-01-07,MSBI.TA,[109.85497],8
2025-01-08,MSBI.TA,[111.289085],9
2025-01-09,MSBI.TA,[110.048805],10
2025-01-10,MSBI.TA,[110.50842],11
2025-01-11,MSBI.TA,[112.28948],12
2025-01-12,MSBI.TA,[113.59844],13
2025-01-13,MSBI.TA,[111.17695],14
2025-01-14,MSBI.TA,[108.43895],15
2025-01-15,MSBI.TA,[110.47363],16
2025-01-16,MSBI.TA,[111.110825],17
2025-01-17,MSBI.TA,[111.70345],18
2025-01-18,MSBI.TA,[113.00863],19
2025-01-19,MSBI.TA,[112.48783],20
2025-01-20,MSBI.TA,[111.86694],21
2025-01-21,MSBI.TA,[113.15056],22
2025-01-22,MSBI.TA,[111.86616],23
2025-01-23,MSBI.TA,[111.32477],24
2025-01-24,MSBI.TA,[112.4512],25
2025-01-25,MSBI.TA,[113.84492],26
2025-01-26,MSBI.TA,[112.39352],27
2025-01-27,MSBI.TA,[114.070335],28
2025-01-28,MSBI.TA,[118.5026],29
2025-01-29,MSBI.TA,[119.4896],30
2024-12-31,HAMAT.TA,[1689.4854],1
2025-01-01,HAMAT.TA,[1654.1781],2
2025-01-02,HAMAT.TA,[1621.0001],3
2025-01-03,HAMAT.TA,[1544.0927],4
2025-01-04,HAMAT.TA,[1648.7682],5
2025-01-05,HAMAT.TA,[1592.441],6
2025-01-06,HAMAT.TA,[1528.65],7
2025-01-07,HAMAT.TA,[1586.4065],8
2025-01-08,HAMAT.TA,[1574.5273],9
2025-01-09,HAMAT.TA,[1502.2458],10
2025-01-10,HAMAT.TA,[1538.9865],11
2025-01-11,HAMAT.TA,[1440.0475],12
2025-01-12,HAMAT.TA,[1491.8112],13
2025-01-13,HAMAT.TA,[1494.4457],14
2025-01-14,HAMAT.TA,[1563.2018],15
2025-01-15,HAMAT.TA,[1591.2526],16
2025-01-16,HAMAT.TA,[1617.2194],17
2025-01-17,HAMAT.TA,[1500.5479],18
2025-01-18,HAMAT.TA,[1502.2969],19
2025-01-19,HAMAT.TA,[1460.6746],20
2025-01-20,HAMAT.TA,[1376.8479],21
2025-01-21,HAMAT.TA,[1411.9764],22
2025-01-22,HAMAT.TA,[1428.0282],23
2025-01-23,HAMAT.TA,[1404.6212],24
2025-01-24,HAMAT.TA,[1334.8871],25
2025-01-25,HAMAT.TA,[1435.8296],26
2025-01-26,HAMAT.TA,[1390.3816],27
2025-01-27,HAMAT.TA,[1370.8868],28
2025-01-28,HAMAT.TA,[1376.6522],29
2025-01-29,HAMAT.TA,[1354.7579],30
2024-12-31,HARL.TA,[4730.3135],1
2025-01-01,HARL.TA,[4747.562],2
2025-01-02,HARL.TA,[4717.017],3
2025-01-03,HARL.TA,[4642.128],4
2025-01-04,HARL.TA,[4697.3647],5
2025-01-05,HARL.TA,[4764.5566],6
2025-01-06,HARL.TA,[4711.953],7
2025-01-07,HARL.TA,[4701.1978],8
2025-01-08,HARL.TA,[4773.76],9
2025-01-09,HARL.TA,[4638.366],10
2025-01-10,HARL.TA,[4655.883],11
2025-01-11,HARL.TA,[4654.0093],12
2025-01-12,HARL.TA,[4694.197],13
2025-01-13,HARL.TA,[4588.804],14
2025-01-14,HARL.TA,[4537.483],15
2025-01-15,HARL.TA,[4511.631],16
2025-01-16,HARL.TA,[4441.132],17
2025-01-17,HARL.TA,[4555.6475],18
2025-01-18,HARL.TA,[4666.513],19
2025-01-19,HARL.TA,[4729.1025],20
2025-01-20,HARL.TA,[4841.0938],21
2025-01-21,HARL.TA,[4813.4526],22
2025-01-22,HARL.TA,[4858.2095],23
2025-01-23,HARL.TA,[4856.9062],24
2025-01-24,HARL.TA,[4918.418],25
2025-01-25,HARL.TA,[4934.222],26
2025-01-26,HARL.TA,[4945.1216],27
2025-01-27,HARL.TA,[4867.972],28
2025-01-28,HARL.TA,[4939.4614],29
2025-01-29,HARL.TA,[4809.6167],30
2024-12-31,HICN.TA,[180.30661],1
2025-01-01,HICN.TA,[164.163],2
2025-01-02,HICN.TA,[123.79817],3
2025-01-03,HICN.TA,[113.92451],4
2025-01-04,HICN.TA,[-10.873731],5
2025-01-05,HICN.TA,[-14.248597],6
2025-01-06,HICN.TA,[-12.019574],7
2025-01-07,HICN.TA,[-13.821965],8
2025-01-08,HICN.TA,[-13.459084],9
2025-01-09,HICN.TA,[-9.679082],10
2025-01-10,HICN.TA,[-12.397841],11
2025-01-11,HICN.TA,[-10.800701],12
2025-01-12,HICN.TA,[-15.318032],13
2025-01-13,HICN.TA,[-18.26277],14
2025-01-14,HICN.TA,[-18.661001],15
2025-01-15,HICN.TA,[-21.226938],16
2025-01-16,HICN.TA,[-20.826393],17
2025-01-17,HICN.TA,[-8.925098],18
2025-01-18,HICN.TA,[-2.2402716],19
2025-01-19,HICN.TA,[-1.6489284],20
2025-01-20,HICN.TA,[-1.2388273],21
2025-01-21,HICN.TA,[-2.8388941],22
2025-01-22,HICN.TA,[-3.8160615],23
2025-01-23,HICN.TA,[-5.3036656],24
2025-01-24,HICN.TA,[-5.2215066],25
2025-01-25,HICN.TA,[-7.5969343],26
2025-01-26,HICN.TA,[-6.8219843],27
2025-01-27,HICN.TA,[-8.488192],28
2025-01-28,HICN.TA,[-7.982454],29
2025-01-29,HICN.TA,[-6.6035304],30
2024-12-31,HLAN.TA,[21687.44],1
2025-01-01,HLAN.TA,[21314.176],2
2025-01-02,HLAN.TA,[21717.752],3
2025-01-03,HLAN.TA,[20970.635],4
2025-01-04,HLAN.TA,[20474.326],5
2025-01-05,HLAN.TA,[20014.682],6
2025-01-06,HLAN.TA,[19684.512],7
2025-01-07,HLAN.TA,[19850.684],8
2025-01-08,HLAN.TA,[19162.848],9
2025-01-09,HLAN.TA,[19007.566],10
2025-01-10,HLAN.TA,[18844.072],11
2025-01-11,HLAN.TA,[18657.568],12
2025-01-12,HLAN.TA,[18196.611],13
2025-01-13,HLAN.TA,[18403.217],14
2025-01-14,HLAN.TA,[18253.867],15
2025-01-15,HLAN.TA,[17927.348],16
2025-01-16,HLAN.TA,[18424.29],17
2025-01-17,HLAN.TA,[18380.229],18
2025-01-18,HLAN.TA,[18738.176],19
2025-01-19,HLAN.TA,[19332.68],20
2025-01-20,HLAN.TA,[18741.434],21
2025-01-21,HLAN.TA,[17995.555],22
2025-01-22,HLAN.TA,[17731.402],23
2025-01-23,HLAN.TA,[17627.871],24
2025-01-24,HLAN.TA,[17820.18],25
2025-01-25,HLAN.TA,[17863.691],26
2025-01-26,HLAN.TA,[18112.713],27
2025-01-27,HLAN.TA,[18363.38],28
2025-01-28,HLAN.TA,[18429.99],29
2025-01-29,HLAN.TA,[17912.424],30
2024-12-31,HIPR.TA,[1685.441],1
2025-01-01,HIPR.TA,[1660.5287],2
2025-01-02,HIPR.TA,[1674.6678],3
2025-01-03,HIPR.TA,[1683.5952],4
2025-01-04,HIPR.TA,[1654.2987],5
2025-01-05,HIPR.TA,[1783.2446],6
2025-01-06,HIPR.TA,[1808.5541],7
2025-01-07,HIPR.TA,[1845.514],8
2025-01-08,HIPR.TA,[1842.4408],9
2025-01-09,HIPR.TA,[1802.1118],10
2025-01-10,HIPR.TA,[1829.4086],11
2025-01-11,HIPR.TA,[1826.4688],12
2025-01-12,HIPR.TA,[1866.8171],13
2025-01-13,HIPR.TA,[1884.153],14
2025-01-14,HIPR.TA,[1906.2878],15
2025-01-15,HIPR.TA,[1926.3715],16
2025-01-16,HIPR.TA,[1947.7295],17
2025-01-17,HIPR.TA,[1998.1952],18
2025-01-18,HIPR.TA,[2022.1785],19
2025-01-19,HIPR.TA,[2044.2938],20
2025-01-20,HIPR.TA,[1962.3319],21
2025-01-21,HIPR.TA,[1938.6804],22
2025-01-22,HIPR.TA,[1927.8347],23
2025-01-23,HIPR.TA,[1900.8557],24
2025-01-24,HIPR.TA,[1883.5094],25
2025-01-25,HIPR.TA,[1948.4073],26
2025-01-26,HIPR.TA,[1941.5946],27
2025-01-27,HIPR.TA,[1985.5111],28
2025-01-28,HIPR.TA,[1998.2898],29
2025-01-29,HIPR.TA,[2056.816],30
2024-12-31,HRON.TA,[246327.94],1
2025-01-01,HRON.TA,[240338.03],2
2025-01-02,HRON.TA,[246105.03],3
2025-01-03,HRON.TA,[249799.16],4
2025-01-04,HRON.TA,[264065.4],5
2025-01-05,HRON.TA,[257300.05],6
2025-01-06,HRON.TA,[256586.48],7
2025-01-07,HRON.TA,[254917.77],8
2025-01-08,HRON.TA,[255594.22],9
2025-01-09,HRON.TA,[247022.36],10
2025-01-10,HRON.TA,[247684.62],11
2025-01-11,HRON.TA,[241503.98],12
2025-01-12,HRON.TA,[240995.73],13
2025-01-13,HRON.TA,[251190.62],14
2025-01-14,HRON.TA,[265051.84],15
2025-01-15,HRON.TA,[273705.84],16
2025-01-16,HRON.TA,[278281.56],17
2025-01-17,HRON.TA,[280175.9],18
2025-01-18,HRON.TA,[275693.03],19
2025-01-19,HRON.TA,[272557.38],20
2025-01-20,HRON.TA,[272695.62],21
2025-01-21,HRON.TA,[271067.28],22
2025-01-22,HRON.TA,[271205.22],23
2025-01-23,HRON.TA,[268559.7],24
2025-01-24,HRON.TA,[256941.6],25
2025-01-25,HRON.TA,[259676.44],26
2025-01-26,HRON.TA,[273566.8],27
2025-01-27,HRON.TA,[269177.56],28
2025-01-28,HRON.TA,[269888.34],29
2025-01-29,HRON.TA,[263999.53],30
2023-10-20,HIVE.TA,[1.0668309],1
2023-10-21,HIVE.TA,[1.0358046],2
2023-10-22,HIVE.TA,[1.5829586],3
2023-10-23,HIVE.TA,[1.2829913],4
2023-10-24,HIVE.TA,[1.1670746],5
2023-10-25,HIVE.TA,[1.198593],6
2023-10-26,HIVE.TA,[1.0058337],7
2023-10-27,HIVE.TA,[0.50185764],8
2023-10-28,HIVE.TA,[0.44716704],9
2023-10-29,HIVE.TA,[0.61246085],10
2023-10-30,HIVE.TA,[0.6342524],11
2023-10-31,HIVE.TA,[0.72303617],12
2023-11-01,HIVE.TA,[0.99495023],13
2023-11-02,HIVE.TA,[1.0725849],14
2023-11-03,HIVE.TA,[0.8318518],15
2023-11-04,HIVE.TA,[1.0276724],16
2023-11-05,HIVE.TA,[1.2376872],17
2023-11-06,HIVE.TA,[1.4168314],18
2023-11-07,HIVE.TA,[0.8390813],19
2023-11-08,HIVE.TA,[0.6480893],20
2023-11-09,HIVE.TA,[0.7683647],21
2023-11-10,HIVE.TA,[0.65094584],22
2023-11-11,HIVE.TA,[0.6101808],23
2023-11-12,HIVE.TA,[0.6280872],24
2023-11-13,HIVE.TA,[0.7926026],25
2023-11-14,HIVE.TA,[0.8551624],26
2023-11-15,HIVE.TA,[0.96931237],27
2023-11-16,HIVE.TA,[0.76251096],28
2023-11-17,HIVE.TA,[0.85435367],29
2023-11-18,HIVE.TA,[0.96171325],30
2024-12-31,HOD.TA,[5202.3984],1
2025-01-01,HOD.TA,[5444.8623],2
2025-01-02,HOD.TA,[5693.6377],3
2025-01-03,HOD.TA,[5766.612],4
2025-01-04,HOD.TA,[5935.8555],5
2025-01-05,HOD.TA,[6191.0967],6
2025-01-06,HOD.TA,[6244.798],7
2025-01-07,HOD.TA,[6348.721],8
2025-01-08,HOD.TA,[6134.096],9
2025-01-09,HOD.TA,[6284.617],10
2025-01-10,HOD.TA,[6057.1465],11
2025-01-11,HOD.TA,[6332.989],12
2025-01-12,HOD.TA,[6306.5464],13
2025-01-13,HOD.TA,[6118.0405],14
2025-01-14,HOD.TA,[6123.179],15
2025-01-15,HOD.TA,[6096.9976],16
2025-01-16,HOD.TA,[6136.845],17
2025-01-17,HOD.TA,[5902.593],18
2025-01-18,HOD.TA,[5962.365],19
2025-01-19,HOD.TA,[6310.4604],20
2025-01-20,HOD.TA,[6480.683],21
2025-01-21,HOD.TA,[6716.8477],22
2025-01-22,HOD.TA,[6705.6724],23
2025-01-23,HOD.TA,[6757.4707],24
2025-01-24,HOD.TA,[6604.4355],25
2025-01-25,HOD.TA,[6621.4463],26
2025-01-26,HOD.TA,[7134.5215],27
2025-01-27,HOD.TA,[6898.128],28
2025-01-28,HOD.TA,[7267.504],29
2025-01-29,HOD.TA,[7257.107],30
2024-12-31,HLMS.TA,[523.09625],1
2025-01-01,HLMS.TA,[532.0827],2
2025-01-02,HLMS.TA,[547.56555],3
2025-01-03,HLMS.TA,[565.42554],4
2025-01-04,HLMS.TA,[578.0949],5
2025-01-05,HLMS.TA,[567.96857],6
2025-01-06,HLMS.TA,[578.9255],7
2025-01-07,HLMS.TA,[597.8726],8
2025-01-08,HLMS.TA,[609.6382],9
2025-01-09,HLMS.TA,[609.7985],10
2025-01-10,HLMS.TA,[582.85516],11
2025-01-11,HLMS.TA,[580.9212],12
2025-01-12,HLMS.TA,[574.6645],13
2025-01-13,HLMS.TA,[580.4998],14
2025-01-14,HLMS.TA,[578.1523],15
2025-01-15,HLMS.TA,[566.85455],16
2025-01-16,HLMS.TA,[562.2175],17
2025-01-17,HLMS.TA,[562.3807],18
2025-01-18,HLMS.TA,[563.8714],19
2025-01-19,HLMS.TA,[553.15234],20
2025-01-20,HLMS.TA,[594.77106],21
2025-01-21,HLMS.TA,[601.39276],22
2025-01-22,HLMS.TA,[589.6415],23
2025-01-23,HLMS.TA,[567.9782],24
2025-01-24,HLMS.TA,[568.6334],25
2025-01-25,HLMS.TA,[558.34814],26
2025-01-26,HLMS.TA,[560.6067],27
2025-01-27,HLMS.TA,[554.4981],28
2025-01-28,HLMS.TA,[558.6695],29
2025-01-29,HLMS.TA,[548.3988],30
2024-12-31,HMGS.TA,[653.00916],1
2025-01-01,HMGS.TA,[1029.634],2
2025-01-02,HMGS.TA,[805.8591],3
2025-01-03,HMGS.TA,[-239.2598],4
2025-01-04,HMGS.TA,[-48.086266],5
2025-01-05,HMGS.TA,[-62.077087],6
2025-01-06,HMGS.TA,[-64.18148],7
2025-01-07,HMGS.TA,[-77.17734],8
2025-01-08,HMGS.TA,[-45.805065],9
2025-01-09,HMGS.TA,[-33.389492],10
2025-01-10,HMGS.TA,[0.54630536],11
2025-01-11,HMGS.TA,[0.892447],12
2025-01-12,HMGS.TA,[0.40889838],13
2025-01-13,HMGS.TA,[0.16317189],14
2025-01-14,HMGS.TA,[0.02493074],15
2025-01-15,HMGS.TA,[0.02346914],16
2025-01-16,HMGS.TA,[0.01337687],17
2025-01-17,HMGS.TA,[0.02424791],18
2025-01-18,HMGS.TA,[0.04988049],19
2025-01-19,HMGS.TA,[0.12076775],20
2025-01-20,HMGS.TA,[0.14821565],21
2025-01-21,HMGS.TA,[0.19999422],22
2025-01-22,HMGS.TA,[0.1455247],23
2025-01-23,HMGS.TA,[0.29777014],24
2025-01-24,HMGS.TA,[0.2807337],25
2025-01-25,HMGS.TA,[0.51636016],26
2025-01-26,HMGS.TA,[0.3991527],27
2025-01-27,HMGS.TA,[0.12505975],28
2025-01-28,HMGS.TA,[0.13266394],29
2025-01-29,HMGS.TA,[0.15121678],30
2024-12-31,HUMX.TA,[20.210567],1
2025-01-01,HUMX.TA,[27.124548],2
2025-01-02,HUMX.TA,[33.860287],3
2025-01-03,HUMX.TA,[31.406317],4
2025-01-04,HUMX.TA,[24.720856],5
2025-01-05,HUMX.TA,[25.026453],6
2025-01-06,HUMX.TA,[29.336243],7
2025-01-07,HUMX.TA,[34.289345],8
2025-01-08,HUMX.TA,[34.864735],9
2025-01-09,HUMX.TA,[44.30706],10
2025-01-10,HUMX.TA,[40.48734],11
2025-01-11,HUMX.TA,[38.444283],12
2025-01-12,HUMX.TA,[34.723774],13
2025-01-13,HUMX.TA,[29.925806],14
2025-01-14,HUMX.TA,[28.295053],15
2025-01-15,HUMX.TA,[25.65425],16
2025-01-16,HUMX.TA,[28.826672],17
2025-01-17,HUMX.TA,[34.622673],18
2025-01-18,HUMX.TA,[42.457268],19
2025-01-19,HUMX.TA,[37.56769],20
2025-01-20,HUMX.TA,[41.566723],21
2025-01-21,HUMX.TA,[37.042656],22
2025-01-22,HUMX.TA,[32.64523],23
2025-01-23,HUMX.TA,[34.14376],24
2025-01-24,HUMX.TA,[32.385937],25
2025-01-25,HUMX.TA,[30.373524],26
2025-01-26,HUMX.TA,[28.00217],27
2025-01-27,HUMX.TA,[31.721733],28
2025-01-28,HUMX.TA,[27.819662],29
2025-01-29,HUMX.TA,[25.51933],30
2024-12-31,IARG.TA,[68.18526],1
2025-01-01,IARG.TA,[65.97756],2
2025-01-02,IARG.TA,[60.23504],3
2025-01-03,IARG.TA,[62.40213],4
2025-01-04,IARG.TA,[59.967457],5
2025-01-05,IARG.TA,[59.888725],6
2025-01-06,IARG.TA,[58.391098],7
2025-01-07,IARG.TA,[61.59287],8
2025-01-08,IARG.TA,[59.522015],9
2025-01-09,IARG.TA,[60.030922],10
2025-01-10,IARG.TA,[60.001953],11
2025-01-11,IARG.TA,[59.536743],12
2025-01-12,IARG.TA,[62.18282],13
2025-01-13,IARG.TA,[60.202927],14
2025-01-14,IARG.TA,[59.227463],15
2025-01-15,IARG.TA,[53.645126],16
2025-01-16,IARG.TA,[53.70162],17
2025-01-17,IARG.TA,[49.31608],18
2025-01-18,IARG.TA,[48.424995],19
2025-01-19,IARG.TA,[50.684803],20
2025-01-20,IARG.TA,[49.882374],21
2025-01-21,IARG.TA,[57.748814],22
2025-01-22,IARG.TA,[59.153576],23
2025-01-23,IARG.TA,[60.681465],24
2025-01-24,IARG.TA,[58.640274],25
2025-01-25,IARG.TA,[56.089077],26
2025-01-26,IARG.TA,[58.298332],27
2025-01-27,IARG.TA,[57.619007],28
2025-01-28,IARG.TA,[60.546993],29
2025-01-29,IARG.TA,[58.103325],30
2024-12-31,ICL.TA,[1794.3223],1
2025-01-01,ICL.TA,[1704.4705],2
2025-01-02,ICL.TA,[1753.7765],3
2025-01-03,ICL.TA,[1716.0746],4
2025-01-04,ICL.TA,[1769.7158],5
2025-01-05,ICL.TA,[1822.8138],6
2025-01-06,ICL.TA,[1847.4552],7
2025-01-07,ICL.TA,[1926.8065],8
2025-01-08,ICL.TA,[1984.0311],9
2025-01-09,ICL.TA,[2058.5044],10
2025-01-10,ICL.TA,[2016.5612],11
2025-01-11,ICL.TA,[2007.3119],12
2025-01-12,ICL.TA,[2000.3895],13
2025-01-13,ICL.TA,[2058.2002],14
2025-01-14,ICL.TA,[2042.055],15
2025-01-15,ICL.TA,[1968.9249],16
2025-01-16,ICL.TA,[2007.1094],17
2025-01-17,ICL.TA,[2075.828],18
2025-01-18,ICL.TA,[2086.1104],19
2025-01-19,ICL.TA,[2098.0984],20
2025-01-20,ICL.TA,[2119.3079],21
2025-01-21,ICL.TA,[2028.3718],22
2025-01-22,ICL.TA,[2080.1301],23
2025-01-23,ICL.TA,[1932.5758],24
2025-01-24,ICL.TA,[2006.0436],25
2025-01-25,ICL.TA,[1952.2397],26
2025-01-26,ICL.TA,[2053.7559],27
2025-01-27,ICL.TA,[2049.0352],28
2025-01-28,ICL.TA,[2156.4277],29
2025-01-29,ICL.TA,[2204.862],30
2024-12-31,ICON.TA,[435.4432],1
2025-01-01,ICON.TA,[434.79428],2
2025-01-02,ICON.TA,[439.24567],3
2025-01-03,ICON.TA,[436.91754],4
2025-01-04,ICON.TA,[442.65067],5
2025-01-05,ICON.TA,[444.2315],6
2025-01-06,ICON.TA,[430.1696],7
2025-01-07,ICON.TA,[435.69684],8
2025-01-08,ICON.TA,[427.35556],9
2025-01-09,ICON.TA,[431.17157],10
2025-01-10,ICON.TA,[431.21094],11
2025-01-11,ICON.TA,[439.0575],12
2025-01-12,ICON.TA,[449.46082],13
2025-01-13,ICON.TA,[452.4703],14
2025-01-14,ICON.TA,[448.44626],15
2025-01-15,ICON.TA,[456.2155],16
2025-01-16,ICON.TA,[454.42215],17
2025-01-17,ICON.TA,[446.46902],18
2025-01-18,ICON.TA,[459.6485],19
2025-01-19,ICON.TA,[467.65866],20
2025-01-20,ICON.TA,[470.34717],21
2025-01-21,ICON.TA,[465.28308],22
2025-01-22,ICON.TA,[468.98883],23
2025-01-23,ICON.TA,[474.85696],24
2025-01-24,ICON.TA,[472.48276],25
2025-01-25,ICON.TA,[473.1351],26
2025-01-26,ICON.TA,[471.8589],27
2025-01-27,ICON.TA,[485.3621],28
2025-01-28,ICON.TA,[480.2327],29
2025-01-29,ICON.TA,[473.3296],30
2024-12-31,IDNT.TA,[191.893],1
2025-01-01,IDNT.TA,[197.04279],2
2025-01-02,IDNT.TA,[190.71072],3
2025-01-03,IDNT.TA,[184.21411],4
2025-01-04,IDNT.TA,[188.022],5
2025-01-05,IDNT.TA,[182.30835],6
2025-01-06,IDNT.TA,[183.52243],7
2025-01-07,IDNT.TA,[186.64891],8
2025-01-08,IDNT.TA,[206.15121],9
2025-01-09,IDNT.TA,[227.74149],10
2025-01-10,IDNT.TA,[265.5611],11
2025-01-11,IDNT.TA,[324.3206],12
2025-01-12,IDNT.TA,[354.06033],13
2025-01-13,IDNT.TA,[332.96692],14
2025-01-14,IDNT.TA,[353.26648],15
2025-01-15,IDNT.TA,[346.5604],16
2025-01-16,IDNT.TA,[362.56607],17
2025-01-17,IDNT.TA,[433.7717],18
2025-01-18,IDNT.TA,[491.8452],19
2025-01-19,IDNT.TA,[504.489],20
2025-01-20,IDNT.TA,[657.00885],21
2025-01-21,IDNT.TA,[742.8186],22
2025-01-22,IDNT.TA,[795.29675],23
2025-01-23,IDNT.TA,[857.07086],24
2025-01-24,IDNT.TA,[899.67896],25
2025-01-25,IDNT.TA,[925.8849],26
2025-01-26,IDNT.TA,[982.3888],27
2025-01-27,IDNT.TA,[806.5014],28
2025-01-28,IDNT.TA,[837.244],29
2025-01-29,IDNT.TA,[747.1214],30
2024-12-31,IDIN.TA,[13595.133],1
2025-01-01,IDIN.TA,[13342.948],2
2025-01-02,IDIN.TA,[13199.166],3
2025-01-03,IDIN.TA,[13335.419],4
2025-01-04,IDIN.TA,[13414.12],5
2025-01-05,IDIN.TA,[13279.163],6
2025-01-06,IDIN.TA,[13418.515],7
2025-01-07,IDIN.TA,[13420.796],8
2025-01-08,IDIN.TA,[13073.564],9
2025-01-09,IDIN.TA,[12914.903],10
2025-01-10,IDIN.TA,[13197.576],11
2025-01-11,IDIN.TA,[13289.04],12
2025-01-12,IDIN.TA,[13028.416],13
2025-01-13,IDIN.TA,[13538.837],14
2025-01-14,IDIN.TA,[13268.026],15
2025-01-15,IDIN.TA,[12727.532],16
2025-01-16,IDIN.TA,[13012.79],17
2025-01-17,IDIN.TA,[12755.709],18
2025-01-18,IDIN.TA,[12342.766],19
2025-01-19,IDIN.TA,[12861.943],20
2025-01-20,IDIN.TA,[13333.466],21
2025-01-21,IDIN.TA,[13597.324],22
2025-01-22,IDIN.TA,[14158.83],23
2025-01-23,IDIN.TA,[14609.328],24
2025-01-24,IDIN.TA,[14677.78],25
2025-01-25,IDIN.TA,[14381.646],26
2025-01-26,IDIN.TA,[14482.925],27
2025-01-27,IDIN.TA,[14393.151],28
2025-01-28,IDIN.TA,[14506.624],29
2025-01-29,IDIN.TA,[14862.913],30
2024-12-31,IDMO.TA,[355.03833],1
2025-01-01,IDMO.TA,[389.0246],2
2025-01-02,IDMO.TA,[391.35834],3
2025-01-03,IDMO.TA,[379.56317],4
2025-01-04,IDMO.TA,[376.96637],5
2025-01-05,IDMO.TA,[384.41632],6
2025-01-06,IDMO.TA,[387.53528],7
2025-01-07,IDMO.TA,[389.86032],8
2025-01-08,IDMO.TA,[372.0966],9
2025-01-09,IDMO.TA,[385.03217],10
2025-01-10,IDMO.TA,[405.6527],11
2025-01-11,IDMO.TA,[425.2209],12
2025-01-12,IDMO.TA,[399.94623],13
2025-01-13,IDMO.TA,[379.11905],14
2025-01-14,IDMO.TA,[371.8894],15
2025-01-15,IDMO.TA,[346.12076],16
2025-01-16,IDMO.TA,[329.35477],17
2025-01-17,IDMO.TA,[344.33826],18
2025-01-18,IDMO.TA,[349.8225],19
2025-01-19,IDMO.TA,[316.2207],20
2025-01-20,IDMO.TA,[319.40826],21
2025-01-21,IDMO.TA,[313.71756],22
2025-01-22,IDMO.TA,[297.51132],23
2025-01-23,IDMO.TA,[286.69638],24
2025-01-24,IDMO.TA,[305.01395],25
2025-01-25,IDMO.TA,[301.12482],26
2025-01-26,IDMO.TA,[297.80997],27
2025-01-27,IDMO.TA,[316.6955],28
2025-01-28,IDMO.TA,[330.2774],29
2025-01-29,IDMO.TA,[316.635],30
2024-12-31,IES.TA,[25752.12],1
2025-01-01,IES.TA,[25163.871],2
2025-01-02,IES.TA,[25987.416],3
2025-01-03,IES.TA,[26487.117],4
2025-01-04,IES.TA,[26283.303],5
2025-01-05,IES.TA,[25790.078],6
2025-01-06,IES.TA,[25830.412],7
2025-01-07,IES.TA,[26677.264],8
2025-01-08,IES.TA,[26940.865],9
2025-01-09,IES.TA,[26423.031],10
2025-01-10,IES.TA,[26506.578],11
2025-01-11,IES.TA,[26576.71],12
2025-01-12,IES.TA,[25520.441],13
2025-01-13,IES.TA,[25075.908],14
2025-01-14,IES.TA,[25954.861],15
2025-01-15,IES.TA,[27275.639],16
2025-01-16,IES.TA,[27797.986],17
2025-01-17,IES.TA,[28184.078],18
2025-01-18,IES.TA,[27989.148],19
2025-01-19,IES.TA,[28055.41],20
2025-01-20,IES.TA,[28186.898],21
2025-01-21,IES.TA,[28295.252],22
2025-01-22,IES.TA,[27948.004],23
2025-01-23,IES.TA,[29085.98],24
2025-01-24,IES.TA,[28832.896],25
2025-01-25,IES.TA,[28179.916],26
2025-01-26,IES.TA,[28224.303],27
2025-01-27,IES.TA,[27938.506],28
2025-01-28,IES.TA,[27804.795],29
2025-01-29,IES.TA,[27649.68],30
2024-12-31,ILDR.TA,[749.8541],1
2025-01-01,ILDR.TA,[740.52344],2
2025-01-02,ILDR.TA,[730.5981],3
2025-01-03,ILDR.TA,[731.0212],4
2025-01-04,ILDR.TA,[736.8246],5
2025-01-05,ILDR.TA,[735.87103],6
2025-01-06,ILDR.TA,[745.30414],7
2025-01-07,ILDR.TA,[749.23315],8
2025-01-08,ILDR.TA,[727.2591],9
2025-01-09,ILDR.TA,[725.0236],10
2025-01-10,ILDR.TA,[720.1136],11
2025-01-11,ILDR.TA,[726.5544],12
2025-01-12,ILDR.TA,[722.7126],13
2025-01-13,ILDR.TA,[724.4671],14
2025-01-14,ILDR.TA,[737.5597],15
2025-01-15,ILDR.TA,[730.2336],16
2025-01-16,ILDR.TA,[740.1637],17
2025-01-17,ILDR.TA,[749.13086],18
2025-01-18,ILDR.TA,[753.3283],19
2025-01-19,ILDR.TA,[754.9344],20
2025-01-20,ILDR.TA,[739.2929],21
2025-01-21,ILDR.TA,[741.67145],22
2025-01-22,ILDR.TA,[724.84784],23
2025-01-23,ILDR.TA,[704.8533],24
2025-01-24,ILDR.TA,[705.8205],25
2025-01-25,ILDR.TA,[734.1908],26
2025-01-26,ILDR.TA,[766.4787],27
2025-01-27,ILDR.TA,[777.55255],28
2025-01-28,ILDR.TA,[763.3391],29
2025-01-29,ILDR.TA,[755.3073],30
2024-12-31,ILX.TA,[7401.8833],1
2025-01-01,ILX.TA,[7144.704],2
2025-01-02,ILX.TA,[6974.7466],3
2025-01-03,ILX.TA,[6952.533],4
2025-01-04,ILX.TA,[6675.683],5
2025-01-05,ILX.TA,[6941.9746],6
2025-01-06,ILX.TA,[7009.3438],7
2025-01-07,ILX.TA,[6916.8237],8
2025-01-08,ILX.TA,[7005.9326],9
2025-01-09,ILX.TA,[6963.315],10
2025-01-10,ILX.TA,[6950.764],11
2025-01-11,ILX.TA,[7162.117],12
2025-01-12,ILX.TA,[7280.05],13
2025-01-13,ILX.TA,[7139.198],14
2025-01-14,ILX.TA,[7253.4995],15
2025-01-15,ILX.TA,[7623.094],16
2025-01-16,ILX.TA,[7531.7905],17
2025-01-17,ILX.TA,[7882.712],18
2025-01-18,ILX.TA,[7631.464],19
2025-01-19,ILX.TA,[7561.892],20
2025-01-20,ILX.TA,[8000.1104],21
2025-01-21,ILX.TA,[7773.191],22
2025-01-22,ILX.TA,[8063.873],23
2025-01-23,ILX.TA,[8013.7695],24
2025-01-24,ILX.TA,[8376.877],25
2025-01-25,ILX.TA,[8070.385],26
2025-01-26,ILX.TA,[7675.1797],27
2025-01-27,ILX.TA,[7514.169],28
2025-01-28,ILX.TA,[7500.8047],29
2025-01-29,ILX.TA,[7373.9443],30
2024-12-31,ISI.TA,[1330.9309],1
2025-01-01,ISI.TA,[1321.0009],2
2025-01-02,ISI.TA,[1334.9637],3
2025-01-03,ISI.TA,[1363.4869],4
2025-01-04,ISI.TA,[1359.8401],5
2025-01-05,ISI.TA,[1381.2557],6
2025-01-06,ISI.TA,[1370.2394],7
2025-01-07,ISI.TA,[1352.4408],8
2025-01-08,ISI.TA,[1354.2368],9
2025-01-09,ISI.TA,[1349.5431],10
2025-01-10,ISI.TA,[1371.0227],11
2025-01-11,ISI.TA,[1376.4719],12
2025-01-12,ISI.TA,[1379.2019],13
2025-01-13,ISI.TA,[1415.5],14
2025-01-14,ISI.TA,[1413.1841],15
2025-01-15,ISI.TA,[1398.9232],16
2025-01-16,ISI.TA,[1362.3022],17
2025-01-17,ISI.TA,[1364.8593],18
2025-01-18,ISI.TA,[1381.1505],19
2025-01-19,ISI.TA,[1383.8201],20
2025-01-20,ISI.TA,[1412.897],21
2025-01-21,ISI.TA,[1440.6111],22
2025-01-22,ISI.TA,[1451.1202],23
2025-01-23,ISI.TA,[1429.1171],24
2025-01-24,ISI.TA,[1446.3634],25
2025-01-25,ISI.TA,[1441.8236],26
2025-01-26,ISI.TA,[1423.5172],27
2025-01-27,ISI.TA,[1444.1691],28
2025-01-28,ISI.TA,[1443.333],29
2025-01-29,ISI.TA,[1469.8389],30
2024-12-31,IMCO.TA,[3378.0151],1
2025-01-01,IMCO.TA,[3495.4155],2
2025-01-02,IMCO.TA,[3493.744],3
2025-01-03,IMCO.TA,[3447.214],4
2025-01-04,IMCO.TA,[3539.6428],5
2025-01-05,IMCO.TA,[3582.6943],6
2025-01-06,IMCO.TA,[3519.317],7
2025-01-07,IMCO.TA,[3471.3992],8
2025-01-08,IMCO.TA,[3545.0427],9
2025-01-09,IMCO.TA,[3687.5762],10
2025-01-10,IMCO.TA,[3669.366],11
2025-01-11,IMCO.TA,[3670.1743],12
2025-01-12,IMCO.TA,[3667.5952],13
2025-01-13,IMCO.TA,[3619.0957],14
2025-01-14,IMCO.TA,[3623.8967],15
2025-01-15,IMCO.TA,[3507.512],16
2025-01-16,IMCO.TA,[3459.3594],17
2025-01-17,IMCO.TA,[3448.0076],18
2025-01-18,IMCO.TA,[3407.5237],19
2025-01-19,IMCO.TA,[3459.074],20
2025-01-20,IMCO.TA,[3528.6182],21
2025-01-21,IMCO.TA,[3444.774],22
2025-01-22,IMCO.TA,[3363.6318],23
2025-01-23,IMCO.TA,[3347.2852],24
2025-01-24,IMCO.TA,[3318.022],25
2025-01-25,IMCO.TA,[3219.3552],26
2025-01-26,IMCO.TA,[3224.9287],27
2025-01-27,IMCO.TA,[3192.7932],28
2025-01-28,IMCO.TA,[3260.5815],29
2025-01-29,IMCO.TA,[3283.093],30
2024-12-31,IMED.TA,[1147.7843],1
2025-01-01,IMED.TA,[2743.0994],2
2025-01-02,IMED.TA,[5850.9497],3
2025-01-03,IMED.TA,[-4450.8784],4
2025-01-04,IMED.TA,[-8475.707],5
2025-01-05,IMED.TA,[-5611.6426],6
2025-01-06,IMED.TA,[-4314.2676],7
2025-01-07,IMED.TA,[-12042.097],8
2025-01-08,IMED.TA,[-14657.3545],9
2025-01-09,IMED.TA,[-48383.99],10
2025-01-10,IMED.TA,[-28969.111],11
2025-01-11,IMED.TA,[-71179.74],12
2025-01-12,IMED.TA,[-150849.19],13
2025-01-13,IMED.TA,[-426480.56],14
2025-01-14,IMED.TA,[-694879.44],15
2025-01-15,IMED.TA,[-1016561.1],16
2025-01-16,IMED.TA,[-2216083.],17
2025-01-17,IMED.TA,[-2005666.6],18
2025-01-18,IMED.TA,[-3470425.8],19
2025-01-19,IMED.TA,[-8718306.],20
2025-01-20,IMED.TA,[-14161567.],21
2025-01-21,IMED.TA,[-4749402.],22
2025-01-22,IMED.TA,[-13004196.],23
2025-01-23,IMED.TA,[-22392172.],24
2025-01-24,IMED.TA,[-59412872.],25
2025-01-25,IMED.TA,[-1.3347789e+08],26
2025-01-26,IMED.TA,[-82771320.],27
2025-01-27,IMED.TA,[-27648522.],28
2025-01-28,IMED.TA,[-33193870.],29
2025-01-29,IMED.TA,[-70493896.],30
2024-12-31,INRM.TA,[1703.8688],1
2025-01-01,INRM.TA,[1675.9199],2
2025-01-02,INRM.TA,[1682.8386],3
2025-01-03,INRM.TA,[1666.7358],4
2025-01-04,INRM.TA,[1667.63],5
2025-01-05,INRM.TA,[1676.4125],6
2025-01-06,INRM.TA,[1690.4419],7
2025-01-07,INRM.TA,[1762.8917],8
2025-01-08,INRM.TA,[1842.3138],9
2025-01-09,INRM.TA,[1791.4241],10
2025-01-10,INRM.TA,[1724.3601],11
2025-01-11,INRM.TA,[1748.6947],12
2025-01-12,INRM.TA,[1794.4426],13
2025-01-13,INRM.TA,[1794.7526],14
2025-01-14,INRM.TA,[1759.5961],15
2025-01-15,INRM.TA,[1746.0354],16
2025-01-16,INRM.TA,[1826.3749],17
2025-01-17,INRM.TA,[1821.8844],18
2025-01-18,INRM.TA,[1786.1451],19
2025-01-19,INRM.TA,[1765.0657],20
2025-01-20,INRM.TA,[1795.1959],21
2025-01-21,INRM.TA,[1810.8792],22
2025-01-22,INRM.TA,[1841.597],23
2025-01-23,INRM.TA,[1843.0923],24
2025-01-24,INRM.TA,[1789.2306],25
2025-01-25,INRM.TA,[1789.5591],26
2025-01-26,INRM.TA,[1789.218],27
2025-01-27,INRM.TA,[1812.1965],28
2025-01-28,INRM.TA,[1820.6102],29
2025-01-29,INRM.TA,[1792.7476],30
2024-12-31,ININ.TA,[224.12253],1
2025-01-01,ININ.TA,[237.65509],2
2025-01-02,ININ.TA,[255.51929],3
2025-01-03,ININ.TA,[260.57547],4
2025-01-04,ININ.TA,[257.37012],5
2025-01-05,ININ.TA,[265.84198],6
2025-01-06,ININ.TA,[265.29385],7
2025-01-07,ININ.TA,[275.89435],8
2025-01-08,ININ.TA,[282.8843],9
2025-01-09,ININ.TA,[278.1155],10
2025-01-10,ININ.TA,[278.9553],11
2025-01-11,ININ.TA,[279.14148],12
2025-01-12,ININ.TA,[300.1737],13
2025-01-13,ININ.TA,[314.35052],14
2025-01-14,ININ.TA,[313.94122],15
2025-01-15,ININ.TA,[328.06863],16
2025-01-16,ININ.TA,[304.68253],17
2025-01-17,ININ.TA,[322.15903],18
2025-01-18,ININ.TA,[320.3681],19
2025-01-19,ININ.TA,[298.96884],20
2025-01-20,ININ.TA,[313.368],21
2025-01-21,ININ.TA,[316.57434],22
2025-01-22,ININ.TA,[324.68484],23
2025-01-23,ININ.TA,[295.36182],24
2025-01-24,ININ.TA,[303.9616],25
2025-01-25,ININ.TA,[296.2623],26
2025-01-26,ININ.TA,[289.28934],27
2025-01-27,ININ.TA,[273.72366],28
2025-01-28,ININ.TA,[291.0564],29
2025-01-29,ININ.TA,[283.64792],30
2024-12-31,INCR.TA,[635.4179],1
2025-01-01,INCR.TA,[636.5112],2
2025-01-02,INCR.TA,[637.96155],3
2025-01-03,INCR.TA,[664.43524],4
2025-01-04,INCR.TA,[668.87714],5
2025-01-05,INCR.TA,[671.0443],6
2025-01-06,INCR.TA,[680.6167],7
2025-01-07,INCR.TA,[689.03595],8
2025-01-08,INCR.TA,[672.72253],9
2025-01-09,INCR.TA,[695.3063],10
2025-01-10,INCR.TA,[677.77985],11
2025-01-11,INCR.TA,[689.9911],12
2025-01-12,INCR.TA,[688.9127],13
2025-01-13,INCR.TA,[699.1526],14
2025-01-14,INCR.TA,[704.7604],15
2025-01-15,INCR.TA,[710.83777],16
2025-01-16,INCR.TA,[715.13513],17
2025-01-17,INCR.TA,[709.07245],18
2025-01-18,INCR.TA,[737.03186],19
2025-01-19,INCR.TA,[786.10815],20
2025-01-20,INCR.TA,[801.58246],21
2025-01-21,INCR.TA,[829.6973],22
2025-01-22,INCR.TA,[793.4227],23
2025-01-23,INCR.TA,[808.0285],24
2025-01-24,INCR.TA,[820.77216],25
2025-01-25,INCR.TA,[839.2128],26
2025-01-26,INCR.TA,[813.7371],27
2025-01-27,INCR.TA,[857.77673],28
2025-01-28,INCR.TA,[867.03687],29
2025-01-29,INCR.TA,[891.60486],30
2024-12-31,INTR.TA,[17498.58],1
2025-01-01,INTR.TA,[12501.128],2
2025-01-02,INTR.TA,[-68663.76],3
2025-01-03,INTR.TA,[58729.168],4
2025-01-04,INTR.TA,[230427.02],5
2025-01-05,INTR.TA,[-1167333.8],6
2025-01-06,INTR.TA,[-4426114.5],7
2025-01-07,INTR.TA,[-1975598.9],8
2025-01-08,INTR.TA,[537878.],9
2025-01-09,INTR.TA,[184226.23],10
2025-01-10,INTR.TA,[-12736.783],11
2025-01-11,INTR.TA,[-23184.576],12
2025-01-12,INTR.TA,[-3381.9033],13
2025-01-13,INTR.TA,[-3671.292],14
2025-01-14,INTR.TA,[-10809.1875],15
2025-01-15,INTR.TA,[80095.305],16
2025-01-16,INTR.TA,[-314755.4],17
2025-01-17,INTR.TA,[43746.395],18
2025-01-18,INTR.TA,[298306.56],19
2025-01-19,INTR.TA,[-443316.4],20
2025-01-20,INTR.TA,[-68534.12],21
2025-01-21,INTR.TA,[-181549.75],22
2025-01-22,INTR.TA,[960287.7],23
2025-01-23,INTR.TA,[12437206.],24
2025-01-24,INTR.TA,[-16237013.],25
2025-01-25,INTR.TA,[39782408.],26
2025-01-26,INTR.TA,[4.2757517e+08],27
2025-01-27,INTR.TA,[9.444641e+08],28
2025-01-28,INTR.TA,[-5.282752e+09],29
2025-01-29,INTR.TA,[-3.2129968e+10],30
2024-12-31,IGLD.TA,[-27249.191],1
2025-01-01,IGLD.TA,[221326.14],2
2025-01-02,IGLD.TA,[44708.113],3
2025-01-03,IGLD.TA,[-404948.94],4
2025-01-04,IGLD.TA,[-1570480.8],5
2025-01-05,IGLD.TA,[8252121.],6
2025-01-06,IGLD.TA,[-22446802.],7
2025-01-07,IGLD.TA,[1.578196e+08],8
2025-01-08,IGLD.TA,[-18831942.],9
2025-01-09,IGLD.TA,[-39677880.],10
2025-01-10,IGLD.TA,[-2.1292773e+08],11
2025-01-11,IGLD.TA,[3.0409453e+08],12
2025-01-12,IGLD.TA,[-9.4278125e+08],13
2025-01-13,IGLD.TA,[-5.480413e+09],14
2025-01-14,IGLD.TA,[1.6638492e+10],15
2025-01-15,IGLD.TA,[5.9430064e+10],16
2025-01-16,IGLD.TA,[7.2355906e+10],17
2025-01-17,IGLD.TA,[-3.697926e+11],18
2025-01-18,IGLD.TA,[-9.094513e+11],19
2025-01-19,IGLD.TA,[9.685054e+11],20
2025-01-20,IGLD.TA,[1.6624397e+12],21
2025-01-21,IGLD.TA,[-1.772008e+13],22
2025-01-22,IGLD.TA,[7.04798e+13],23
2025-01-23,IGLD.TA,[-1.7421359e+14],24
2025-01-24,IGLD.TA,[-5.857764e+14],25
2025-01-25,IGLD.TA,[-1.761006e+15],26
2025-01-26,IGLD.TA,[-9.160875e+15],27
2025-01-27,IGLD.TA,[8.026542e+16],28
2025-01-28,IGLD.TA,[3.2093518e+17],29
2025-01-29,IGLD.TA,[-8.385897e+16],30
2024-12-31,ISCN.TA,[1443.8243],1
2025-01-01,ISCN.TA,[1451.4814],2
2025-01-02,ISCN.TA,[1459.2662],3
2025-01-03,ISCN.TA,[1452.666],4
2025-01-04,ISCN.TA,[1461.7659],5
2025-01-05,ISCN.TA,[1501.4155],6
2025-01-06,ISCN.TA,[1499.8522],7
2025-01-07,ISCN.TA,[1502.5575],8
2025-01-08,ISCN.TA,[1544.4199],9
2025-01-09,ISCN.TA,[1615.3496],10
2025-01-10,ISCN.TA,[1599.5477],11
2025-01-11,ISCN.TA,[1569.4762],12
2025-01-12,ISCN.TA,[1604.9424],13
2025-01-13,ISCN.TA,[1626.8585],14
2025-01-14,ISCN.TA,[1650.365],15
2025-01-15,ISCN.TA,[1693.939],16
2025-01-16,ISCN.TA,[1735.0847],17
2025-01-17,ISCN.TA,[1706.6167],18
2025-01-18,ISCN.TA,[1699.0062],19
2025-01-19,ISCN.TA,[1769.5803],20
2025-01-20,ISCN.TA,[1727.2374],21
2025-01-21,ISCN.TA,[1692.0848],22
2025-01-22,ISCN.TA,[1648.968],23
2025-01-23,ISCN.TA,[1652.567],24
2025-01-24,ISCN.TA,[1588.1152],25
2025-01-25,ISCN.TA,[1638.5764],26
2025-01-26,ISCN.TA,[1612.635],27
2025-01-27,ISCN.TA,[1653.7543],28
2025-01-28,ISCN.TA,[1551.8326],29
2025-01-29,ISCN.TA,[1546.7622],30
2024-12-31,ILDC.TA,[3443.3362],1
2025-01-01,ILDC.TA,[3598.3806],2
2025-01-02,ILDC.TA,[3633.9368],3
2025-01-03,ILDC.TA,[3662.6787],4
2025-01-04,ILDC.TA,[3607.5623],5
2025-01-05,ILDC.TA,[3446.7734],6
2025-01-06,ILDC.TA,[3442.5117],7
2025-01-07,ILDC.TA,[3431.853],8
2025-01-08,ILDC.TA,[3404.3794],9
2025-01-09,ILDC.TA,[3486.82],10
2025-01-10,ILDC.TA,[3423.3616],11
2025-01-11,ILDC.TA,[3436.042],12
2025-01-12,ILDC.TA,[3255.633],13
2025-01-13,ILDC.TA,[3273.5537],14
2025-01-14,ILDC.TA,[3172.2002],15
2025-01-15,ILDC.TA,[3220.7388],16
2025-01-16,ILDC.TA,[3175.8687],17
2025-01-17,ILDC.TA,[3222.4375],18
2025-01-18,ILDC.TA,[3229.8818],19
2025-01-19,ILDC.TA,[3311.0532],20
2025-01-20,ILDC.TA,[3450.2993],21
2025-01-21,ILDC.TA,[3502.2725],22
2025-01-22,ILDC.TA,[3431.007],23
2025-01-23,ILDC.TA,[3418.7114],24
2025-01-24,ILDC.TA,[3277.8623],25
2025-01-25,ILDC.TA,[3277.388],26
2025-01-26,ILDC.TA,[3177.8943],27
2025-01-27,ILDC.TA,[3132.3494],28
2025-01-28,ILDC.TA,[3255.247],29
2025-01-29,ILDC.TA,[3269.7476],30
2024-12-31,ISOP.TA,[71.8084],1
2025-01-01,ISOP.TA,[74.75208],2
2025-01-02,ISOP.TA,[77.939186],3
2025-01-03,ISOP.TA,[77.5753],4
2025-01-04,ISOP.TA,[75.89937],5
2025-01-05,ISOP.TA,[74.93936],6
2025-01-06,ISOP.TA,[76.49053],7
2025-01-07,ISOP.TA,[82.326965],8
2025-01-08,ISOP.TA,[85.3557],9
2025-01-09,ISOP.TA,[86.23398],10
2025-01-10,ISOP.TA,[83.8696],11
2025-01-11,ISOP.TA,[80.829575],12
2025-01-12,ISOP.TA,[80.125206],13
2025-01-13,ISOP.TA,[75.51495],14
2025-01-14,ISOP.TA,[68.84798],15
2025-01-15,ISOP.TA,[73.62801],16
2025-01-16,ISOP.TA,[74.946106],17
2025-01-17,ISOP.TA,[71.458824],18
2025-01-18,ISOP.TA,[73.38573],19
2025-01-19,ISOP.TA,[72.05061],20
2025-01-20,ISOP.TA,[69.720985],21
2025-01-21,ISOP.TA,[67.42568],22
2025-01-22,ISOP.TA,[68.10542],23
2025-01-23,ISOP.TA,[64.85947],24
2025-01-24,ISOP.TA,[64.9978],25
2025-01-25,ISOP.TA,[62.229103],26
2025-01-26,ISOP.TA,[64.37753],27
2025-01-27,ISOP.TA,[62.835358],28
2025-01-28,ISOP.TA,[63.192665],29
2025-01-29,ISOP.TA,[62.747753],30
2024-12-31,ISHI.TA,[10565.079],1
2025-01-01,ISHI.TA,[10578.499],2
2025-01-02,ISHI.TA,[10975.7],3
2025-01-03,ISHI.TA,[10960.022],4
2025-01-04,ISHI.TA,[11179.871],5
2025-01-05,ISHI.TA,[11886.561],6
2025-01-06,ISHI.TA,[11559.371],7
2025-01-07,ISHI.TA,[11730.906],8
2025-01-08,ISHI.TA,[12273.653],9
2025-01-09,ISHI.TA,[11741.251],10
2025-01-10,ISHI.TA,[11648.027],11
2025-01-11,ISHI.TA,[11670.254],12
2025-01-12,ISHI.TA,[11910.971],13
2025-01-13,ISHI.TA,[12212.781],14
2025-01-14,ISHI.TA,[12694.739],15
2025-01-15,ISHI.TA,[12430.872],16
2025-01-16,ISHI.TA,[12270.608],17
2025-01-17,ISHI.TA,[12350.029],18
2025-01-18,ISHI.TA,[12542.994],19
2025-01-19,ISHI.TA,[12766.644],20
2025-01-20,ISHI.TA,[13350.116],21
2025-01-21,ISHI.TA,[13571.383],22
2025-01-22,ISHI.TA,[13590.747],23
2025-01-23,ISHI.TA,[13909.501],24
2025-01-24,ISHI.TA,[14258.762],25
2025-01-25,ISHI.TA,[14020.39],26
2025-01-26,ISHI.TA,[13837.896],27
2025-01-27,ISHI.TA,[13879.331],28
2025-01-28,ISHI.TA,[14139.316],29
2025-01-29,ISHI.TA,[13972.381],30
2024-12-31,ISRG.TA,[199.7151],1
2025-01-01,ISRG.TA,[202.9401],2
2025-01-02,ISRG.TA,[204.35876],3
2025-01-03,ISRG.TA,[198.64859],4
2025-01-04,ISRG.TA,[199.4131],5
2025-01-05,ISRG.TA,[201.10017],6
2025-01-06,ISRG.TA,[202.3572],7
2025-01-07,ISRG.TA,[200.013],8
2025-01-08,ISRG.TA,[201.5428],9
2025-01-09,ISRG.TA,[199.72974],10
2025-01-10,ISRG.TA,[197.79428],11
2025-01-11,ISRG.TA,[195.01128],12
2025-01-12,ISRG.TA,[197.66924],13
2025-01-13,ISRG.TA,[197.71754],14
2025-01-14,ISRG.TA,[202.5303],15
2025-01-15,ISRG.TA,[194.61214],16
2025-01-16,ISRG.TA,[195.36758],17
2025-01-17,ISRG.TA,[191.44458],18
2025-01-18,ISRG.TA,[189.2176],19
2025-01-19,ISRG.TA,[184.1859],20
2025-01-20,ISRG.TA,[184.54794],21
2025-01-21,ISRG.TA,[184.99239],22
2025-01-22,ISRG.TA,[183.46315],23
2025-01-23,ISRG.TA,[187.97989],24
2025-01-24,ISRG.TA,[191.80579],25
2025-01-25,ISRG.TA,[185.65886],26
2025-01-26,ISRG.TA,[193.58644],27
2025-01-27,ISRG.TA,[194.29805],28
2025-01-28,ISRG.TA,[195.01521],29
2025-01-29,ISRG.TA,[197.14973],30
2024-12-31,ISRA.TA,[180.7825],1
2025-01-01,ISRA.TA,[173.44519],2
2025-01-02,ISRA.TA,[174.42123],3
2025-01-03,ISRA.TA,[171.74931],4
2025-01-04,ISRA.TA,[173.14153],5
2025-01-05,ISRA.TA,[171.37808],6
2025-01-06,ISRA.TA,[171.92383],7
2025-01-07,ISRA.TA,[164.40152],8
2025-01-08,ISRA.TA,[162.88463],9
2025-01-09,ISRA.TA,[168.04146],10
2025-01-10,ISRA.TA,[169.94882],11
2025-01-11,ISRA.TA,[170.7072],12
2025-01-12,ISRA.TA,[167.62354],13
2025-01-13,ISRA.TA,[170.75304],14
2025-01-14,ISRA.TA,[170.82042],15
2025-01-15,ISRA.TA,[167.48274],16
2025-01-16,ISRA.TA,[169.16928],17
2025-01-17,ISRA.TA,[171.15118],18
2025-01-18,ISRA.TA,[180.79663],19
2025-01-19,ISRA.TA,[178.43129],20
2025-01-20,ISRA.TA,[177.7464],21
2025-01-21,ISRA.TA,[172.81407],22
2025-01-22,ISRA.TA,[167.55595],23
2025-01-23,ISRA.TA,[171.09108],24
2025-01-24,ISRA.TA,[176.59544],25
2025-01-25,ISRA.TA,[172.62315],26
2025-01-26,ISRA.TA,[170.06456],27
2025-01-27,ISRA.TA,[166.12663],28
2025-01-28,ISRA.TA,[165.89433],29
2025-01-29,ISRA.TA,[171.4009],30
2024-12-31,ISRS.TA,[83142.94],1
2025-01-01,ISRS.TA,[82444.25],2
2025-01-02,ISRS.TA,[83209.38],3
2025-01-03,ISRS.TA,[82355.625],4
2025-01-04,ISRS.TA,[84114.195],5
2025-01-05,ISRS.TA,[84889.08],6
2025-01-06,ISRS.TA,[85246.766],7
2025-01-07,ISRS.TA,[82151.27],8
2025-01-08,ISRS.TA,[82925.4],9
2025-01-09,ISRS.TA,[82100.94],10
2025-01-10,ISRS.TA,[84629.42],11
2025-01-11,ISRS.TA,[82377.055],12
2025-01-12,ISRS.TA,[83606.76],13
2025-01-13,ISRS.TA,[82507.41],14
2025-01-14,ISRS.TA,[81438.42],15
2025-01-15,ISRS.TA,[81759.17],16
2025-01-16,ISRS.TA,[83982.805],17
2025-01-17,ISRS.TA,[83027.33],18
2025-01-18,ISRS.TA,[83510.06],19
2025-01-19,ISRS.TA,[84713.74],20
2025-01-20,ISRS.TA,[84750.15],21
2025-01-21,ISRS.TA,[84188.09],22
2025-01-22,ISRS.TA,[83405.26],23
2025-01-23,ISRS.TA,[81031.26],24
2025-01-24,ISRS.TA,[79260.61],25
2025-01-25,ISRS.TA,[79763.84],26
2025-01-26,ISRS.TA,[80837.4],27
2025-01-27,ISRS.TA,[82528.62],28
2025-01-28,ISRS.TA,[83026.92],29
2025-01-29,ISRS.TA,[81684.],30
2024-12-31,ISRO.TA,[8299.64],1
2025-01-01,ISRO.TA,[8061.0176],2
2025-01-02,ISRO.TA,[7841.7373],3
2025-01-03,ISRO.TA,[7957.174],4
2025-01-04,ISRO.TA,[8216.678],5
2025-01-05,ISRO.TA,[8479.243],6
2025-01-06,ISRO.TA,[8502.621],7
2025-01-07,ISRO.TA,[8816.709],8
2025-01-08,ISRO.TA,[8806.357],9
2025-01-09,ISRO.TA,[8688.564],10
2025-01-10,ISRO.TA,[8981.883],11
2025-01-11,ISRO.TA,[8739.157],12
2025-01-12,ISRO.TA,[8672.393],13
2025-01-13,ISRO.TA,[8529.49],14
2025-01-14,ISRO.TA,[8517.069],15
2025-01-15,ISRO.TA,[8552.419],16
2025-01-16,ISRO.TA,[8674.373],17
2025-01-17,ISRO.TA,[8709.291],18
2025-01-18,ISRO.TA,[8477.748],19
2025-01-19,ISRO.TA,[8189.0605],20
2025-01-20,ISRO.TA,[8423.806],21
2025-01-21,ISRO.TA,[8560.674],22
2025-01-22,ISRO.TA,[8390.347],23
2025-01-23,ISRO.TA,[8305.653],24
2025-01-24,ISRO.TA,[8336.599],25
2025-01-25,ISRO.TA,[8566.66],26
2025-01-26,ISRO.TA,[8505.902],27
2025-01-27,ISRO.TA,[8682.362],28
2025-01-28,ISRO.TA,[8723.521],29
2025-01-29,ISRO.TA,[8865.441],30
2024-12-31,ISTA.TA,[8655.271],1
2025-01-01,ISTA.TA,[8643.63],2
2025-01-02,ISTA.TA,[8292.199],3
2025-01-03,ISTA.TA,[8547.233],4
2025-01-04,ISTA.TA,[8376.121],5
2025-01-05,ISTA.TA,[8290.3],6
2025-01-06,ISTA.TA,[7823.1816],7
2025-01-07,ISTA.TA,[7675.127],8
2025-01-08,ISTA.TA,[7411.685],9
2025-01-09,ISTA.TA,[8004.849],10
2025-01-10,ISTA.TA,[8747.849],11
2025-01-11,ISTA.TA,[8602.589],12
2025-01-12,ISTA.TA,[8151.7646],13
2025-01-13,ISTA.TA,[7842.6147],14
2025-01-14,ISTA.TA,[7954.804],15
2025-01-15,ISTA.TA,[8342.782],16
2025-01-16,ISTA.TA,[8551.926],17
2025-01-17,ISTA.TA,[8595.558],18
2025-01-18,ISTA.TA,[8920.511],19
2025-01-19,ISTA.TA,[8943.513],20
2025-01-20,ISTA.TA,[9241.936],21
2025-01-21,ISTA.TA,[8928.706],22
2025-01-22,ISTA.TA,[8171.9185],23
2025-01-23,ISTA.TA,[8245.139],24
2025-01-24,ISTA.TA,[8050.4272],25
2025-01-25,ISTA.TA,[8531.749],26
2025-01-26,ISTA.TA,[8517.344],27
2025-01-27,ISTA.TA,[8191.829],28
2025-01-28,ISTA.TA,[8173.3057],29
2025-01-29,ISTA.TA,[8165.5083],30
2024-12-31,JCFN.TA,[2087.331],1
2025-01-01,JCFN.TA,[2067.3386],2
2025-01-02,JCFN.TA,[2035.2493],3
2025-01-03,JCFN.TA,[2074.5247],4
2025-01-04,JCFN.TA,[1974.9379],5
2025-01-05,JCFN.TA,[2011.0654],6
2025-01-06,JCFN.TA,[1982.9923],7
2025-01-07,JCFN.TA,[1985.9698],8
2025-01-08,JCFN.TA,[1976.74],9
2025-01-09,JCFN.TA,[1940.6506],10
2025-01-10,JCFN.TA,[1916.2585],11
2025-01-11,JCFN.TA,[1983.495],12
2025-01-12,JCFN.TA,[1991.4972],13
2025-01-13,JCFN.TA,[1999.3342],14
2025-01-14,JCFN.TA,[1990.4348],15
2025-01-15,JCFN.TA,[1981.501],16
2025-01-16,JCFN.TA,[2013.4746],17
2025-01-17,JCFN.TA,[1946.2197],18
2025-01-18,JCFN.TA,[1942.0104],19
2025-01-19,JCFN.TA,[1965.1877],20
2025-01-20,JCFN.TA,[1943.082],21
2025-01-21,JCFN.TA,[1925.672],22
2025-01-22,JCFN.TA,[1906.5958],23
2025-01-23,JCFN.TA,[1929.3972],24
2025-01-24,JCFN.TA,[1905.9093],25
2025-01-25,JCFN.TA,[1896.4835],26
2025-01-26,JCFN.TA,[1906.3738],27
2025-01-27,JCFN.TA,[1872.8807],28
2025-01-28,JCFN.TA,[1904.0328],29
2025-01-29,JCFN.TA,[1901.0935],30
2024-12-31,JBNK.TA,[1658.9086],1
2025-01-01,JBNK.TA,[1699.6464],2
2025-01-02,JBNK.TA,[1648.1119],3
2025-01-03,JBNK.TA,[1626.2594],4
2025-01-04,JBNK.TA,[1615.2748],5
2025-01-05,JBNK.TA,[1678.6263],6
2025-01-06,JBNK.TA,[1700.242],7
2025-01-07,JBNK.TA,[1742.9388],8
2025-01-08,JBNK.TA,[1718.2449],9
2025-01-09,JBNK.TA,[1734.867],10
2025-01-10,JBNK.TA,[1736.2117],11
2025-01-11,JBNK.TA,[1689.1361],12
2025-01-12,JBNK.TA,[1708.9979],13
2025-01-13,JBNK.TA,[1732.1769],14
2025-01-14,JBNK.TA,[1787.8418],15
2025-01-15,JBNK.TA,[1881.0583],16
2025-01-16,JBNK.TA,[1894.2546],17
2025-01-17,JBNK.TA,[1888.353],18
2025-01-18,JBNK.TA,[1874.1624],19
2025-01-19,JBNK.TA,[1868.8458],20
2025-01-20,JBNK.TA,[1770.7717],21
2025-01-21,JBNK.TA,[1743.3939],22
2025-01-22,JBNK.TA,[1675.4214],23
2025-01-23,JBNK.TA,[1714.8907],24
2025-01-24,JBNK.TA,[1688.1932],25
2025-01-25,JBNK.TA,[1668.7871],26
2025-01-26,JBNK.TA,[1680.677],27
2025-01-27,JBNK.TA,[1678.464],28
2025-01-28,JBNK.TA,[1676.4393],29
2025-01-29,JBNK.TA,[1718.9323],30
2024-12-31,JNGO.TA,[335.46057],1
2025-01-01,JNGO.TA,[332.11676],2
2025-01-02,JNGO.TA,[254.18187],3
2025-01-03,JNGO.TA,[268.60983],4
2025-01-04,JNGO.TA,[230.75122],5
2025-01-05,JNGO.TA,[271.95157],6
2025-01-06,JNGO.TA,[232.20561],7
2025-01-07,JNGO.TA,[256.3841],8
2025-01-08,JNGO.TA,[354.83487],9
2025-01-09,JNGO.TA,[401.68787],10
2025-01-10,JNGO.TA,[266.01956],11
2025-01-11,JNGO.TA,[234.15884],12
2025-01-12,JNGO.TA,[283.14417],13
2025-01-13,JNGO.TA,[379.20166],14
2025-01-14,JNGO.TA,[332.20557],15
2025-01-15,JNGO.TA,[342.49594],16
2025-01-16,JNGO.TA,[432.82544],17
2025-01-17,JNGO.TA,[395.5353],18
2025-01-18,JNGO.TA,[365.05096],19
2025-01-19,JNGO.TA,[358.6826],20
2025-01-20,JNGO.TA,[425.9728],21
2025-01-21,JNGO.TA,[439.5571],22
2025-01-22,JNGO.TA,[290.72833],23
2025-01-23,JNGO.TA,[253.84485],24
2025-01-24,JNGO.TA,[203.77628],25
2025-01-25,JNGO.TA,[185.32504],26
2025-01-26,JNGO.TA,[159.37126],27
2025-01-27,JNGO.TA,[154.19711],28
2025-01-28,JNGO.TA,[174.30542],29
2025-01-29,JNGO.TA,[161.60756],30
2024-12-31,KDST.TA,[1239.6935],1
2025-01-01,KDST.TA,[1250.0154],2
2025-01-02,KDST.TA,[1268.801],3
2025-01-03,KDST.TA,[1141.8455],4
2025-01-04,KDST.TA,[1208.1276],5
2025-01-05,KDST.TA,[1207.6981],6
2025-01-06,KDST.TA,[1222.723],7
2025-01-07,KDST.TA,[1118.9171],8
2025-01-08,KDST.TA,[1100.4507],9
2025-01-09,KDST.TA,[1011.01044],10
2025-01-10,KDST.TA,[1028.1238],11
2025-01-11,KDST.TA,[1084.829],12
2025-01-12,KDST.TA,[1163.0157],13
2025-01-13,KDST.TA,[1267.3776],14
2025-01-14,KDST.TA,[1169.7318],15
2025-01-15,KDST.TA,[1201.0841],16
2025-01-16,KDST.TA,[1298.2819],17
2025-01-17,KDST.TA,[1283.4824],18
2025-01-18,KDST.TA,[1109.1671],19
2025-01-19,KDST.TA,[1331.992],20
2025-01-20,KDST.TA,[1334.546],21
2025-01-21,KDST.TA,[1035.7871],22
2025-01-22,KDST.TA,[976.9282],23
2025-01-23,KDST.TA,[1030.0009],24
2025-01-24,KDST.TA,[953.45795],25
2025-01-25,KDST.TA,[995.3543],26
2025-01-26,KDST.TA,[1032.4841],27
2025-01-27,KDST.TA,[1083.427],28
2025-01-28,KDST.TA,[966.23737],29
2025-01-29,KDST.TA,[941.80695],30
2024-12-31,KAFR.TA,[2916.6787],1
2025-01-01,KAFR.TA,[2964.3953],2
2025-01-02,KAFR.TA,[2912.409],3
2025-01-03,KAFR.TA,[2961.5222],4
2025-01-04,KAFR.TA,[3011.1074],5
2025-01-05,KAFR.TA,[2950.264],6
2025-01-06,KAFR.TA,[2918.1118],7
2025-01-07,KAFR.TA,[2858.9888],8
2025-01-08,KAFR.TA,[2819.4458],9
2025-01-09,KAFR.TA,[2744.011],10
2025-01-10,KAFR.TA,[2789.1096],11
2025-01-11,KAFR.TA,[2924.2],12
2025-01-12,KAFR.TA,[2914.4712],13
2025-01-13,KAFR.TA,[2925.147],14
2025-01-14,KAFR.TA,[2943.334],15
2025-01-15,KAFR.TA,[2910.8774],16
2025-01-16,KAFR.TA,[2895.122],17
2025-01-17,KAFR.TA,[2903.6318],18
2025-01-18,KAFR.TA,[2910.7642],19
2025-01-19,KAFR.TA,[2868.8374],20
2025-01-20,KAFR.TA,[2884.5562],21
2025-01-21,KAFR.TA,[2812.769],22
2025-01-22,KAFR.TA,[2849.772],23
2025-01-23,KAFR.TA,[2935.322],24
2025-01-24,KAFR.TA,[2912.6648],25
2025-01-25,KAFR.TA,[2821.4375],26
2025-01-26,KAFR.TA,[2783.2944],27
2025-01-27,KAFR.TA,[2874.3691],28
2025-01-28,KAFR.TA,[2961.9163],29
2025-01-29,KAFR.TA,[3012.971],30
2024-12-31,KMDA.TA,[2199.4702],1
2025-01-01,KMDA.TA,[2216.5637],2
2025-01-02,KMDA.TA,[2150.2124],3
2025-01-03,KMDA.TA,[2109.919],4
2025-01-04,KMDA.TA,[2175.1313],5
2025-01-05,KMDA.TA,[2185.738],6
2025-01-06,KMDA.TA,[2166.151],7
2025-01-07,KMDA.TA,[2188.2258],8
2025-01-08,KMDA.TA,[2279.2844],9
2025-01-09,KMDA.TA,[2275.1216],10
2025-01-10,KMDA.TA,[2270.9878],11
2025-01-11,KMDA.TA,[2315.1924],12
2025-01-12,KMDA.TA,[2367.474],13
2025-01-13,KMDA.TA,[2411.0684],14
2025-01-14,KMDA.TA,[2357.7852],15
2025-01-15,KMDA.TA,[2324.7761],16
2025-01-16,KMDA.TA,[2347.4014],17
2025-01-17,KMDA.TA,[2414.0518],18
2025-01-18,KMDA.TA,[2396.7478],19
2025-01-19,KMDA.TA,[2376.7307],20
2025-01-20,KMDA.TA,[2393.1113],21
2025-01-21,KMDA.TA,[2384.0999],22
2025-01-22,KMDA.TA,[2372.9766],23
2025-01-23,KMDA.TA,[2353.7148],24
2025-01-24,KMDA.TA,[2329.6035],25
2025-01-25,KMDA.TA,[2376.0256],26
2025-01-26,KMDA.TA,[2431.9346],27
2025-01-27,KMDA.TA,[2469.863],28
2025-01-28,KMDA.TA,[2440.7844],29
2025-01-29,KMDA.TA,[2416.28],30
2024-12-31,KRDI.TA,[285.65625],1
2025-01-01,KRDI.TA,[283.76855],2
2025-01-02,KRDI.TA,[286.90436],3
2025-01-03,KRDI.TA,[292.47922],4
2025-01-04,KRDI.TA,[289.57117],5
2025-01-05,KRDI.TA,[292.38248],6
2025-01-06,KRDI.TA,[296.70404],7
2025-01-07,KRDI.TA,[302.00552],8
2025-01-08,KRDI.TA,[306.34784],9
2025-01-09,KRDI.TA,[306.7451],10
2025-01-10,KRDI.TA,[304.14383],11
2025-01-11,KRDI.TA,[301.25436],12
2025-01-12,KRDI.TA,[301.28647],13
2025-01-13,KRDI.TA,[307.95718],14
2025-01-14,KRDI.TA,[305.31744],15
2025-01-15,KRDI.TA,[305.63272],16
2025-01-16,KRDI.TA,[311.08182],17
2025-01-17,KRDI.TA,[310.2585],18
2025-01-18,KRDI.TA,[319.17017],19
2025-01-19,KRDI.TA,[321.90182],20
2025-01-20,KRDI.TA,[323.2193],21
2025-01-21,KRDI.TA,[327.7281],22
2025-01-22,KRDI.TA,[331.95325],23
2025-01-23,KRDI.TA,[333.80634],24
2025-01-24,KRDI.TA,[328.38602],25
2025-01-25,KRDI.TA,[329.67697],26
2025-01-26,KRDI.TA,[330.44962],27
2025-01-27,KRDI.TA,[332.12576],28
2025-01-28,KRDI.TA,[335.83798],29
2025-01-29,KRDI.TA,[337.41028],30
2024-12-31,KARE.TA,[549.4077],1
2025-01-01,KARE.TA,[553.45135],2
2025-01-02,KARE.TA,[558.1884],3
2025-01-03,KARE.TA,[570.74384],4
2025-01-04,KARE.TA,[597.57],5
2025-01-05,KARE.TA,[596.83203],6
2025-01-06,KARE.TA,[594.736],7
2025-01-07,KARE.TA,[593.25586],8
2025-01-08,KARE.TA,[578.858],9
2025-01-09,KARE.TA,[565.5343],10
2025-01-10,KARE.TA,[540.96265],11
2025-01-11,KARE.TA,[544.2736],12
2025-01-12,KARE.TA,[545.46826],13
2025-01-13,KARE.TA,[542.08405],14
2025-01-14,KARE.TA,[520.98065],15
2025-01-15,KARE.TA,[537.41876],16
2025-01-16,KARE.TA,[544.3199],17
2025-01-17,KARE.TA,[536.8132],18
2025-01-18,KARE.TA,[543.3083],19
2025-01-19,KARE.TA,[542.18024],20
2025-01-20,KARE.TA,[539.06274],21
2025-01-21,KARE.TA,[588.5637],22
2025-01-22,KARE.TA,[590.1668],23
2025-01-23,KARE.TA,[595.0207],24
2025-01-24,KARE.TA,[598.9876],25
2025-01-25,KARE.TA,[599.77966],26
2025-01-26,KARE.TA,[588.63043],27
2025-01-27,KARE.TA,[609.13464],28
2025-01-28,KARE.TA,[626.81494],29
2025-01-29,KARE.TA,[608.0465],30
2024-12-31,KEN.TA,[11715.851],1
2025-01-01,KEN.TA,[11963.436],2
2025-01-02,KEN.TA,[12117.993],3
2025-01-03,KEN.TA,[12414.41],4
2025-01-04,KEN.TA,[12556.438],5
2025-01-05,KEN.TA,[12654.88],6
2025-01-06,KEN.TA,[12676.393],7
2025-01-07,KEN.TA,[13000.089],8
2025-01-08,KEN.TA,[12990.777],9
2025-01-09,KEN.TA,[12799.35],10
2025-01-10,KEN.TA,[12611.684],11
2025-01-11,KEN.TA,[12928.151],12
2025-01-12,KEN.TA,[12669.061],13
2025-01-13,KEN.TA,[12360.536],14
2025-01-14,KEN.TA,[11899.618],15
2025-01-15,KEN.TA,[11750.566],16
2025-01-16,KEN.TA,[11983.796],17
2025-01-17,KEN.TA,[11991.335],18
2025-01-18,KEN.TA,[12273.548],19
2025-01-19,KEN.TA,[12775.144],20
2025-01-20,KEN.TA,[12936.786],21
2025-01-21,KEN.TA,[12626.391],22
2025-01-22,KEN.TA,[12351.2],23
2025-01-23,KEN.TA,[12511.164],24
2025-01-24,KEN.TA,[12699.471],25
2025-01-25,KEN.TA,[13098.055],26
2025-01-26,KEN.TA,[13055.292],27
2025-01-27,KEN.TA,[12930.935],28
2025-01-28,KEN.TA,[12988.204],29
2025-01-29,KEN.TA,[13190.181],30
2024-12-31,KRUR.TA,[7512.146],1
2025-01-01,KRUR.TA,[7445.385],2
2025-01-02,KRUR.TA,[7696.8916],3
2025-01-03,KRUR.TA,[7924.342],4
2025-01-04,KRUR.TA,[7817.4106],5
2025-01-05,KRUR.TA,[7921.4126],6
2025-01-06,KRUR.TA,[8002.927],7
2025-01-07,KRUR.TA,[8144.716],8
2025-01-08,KRUR.TA,[8153.839],9
2025-01-09,KRUR.TA,[8091.8774],10
2025-01-10,KRUR.TA,[8073.2603],11
2025-01-11,KRUR.TA,[8108.0415],12
2025-01-12,KRUR.TA,[8069.281],13
2025-01-13,KRUR.TA,[7882.5537],14
2025-01-14,KRUR.TA,[7726.04],15
2025-01-15,KRUR.TA,[7649.579],16
2025-01-16,KRUR.TA,[7589.494],17
2025-01-17,KRUR.TA,[7483.476],18
2025-01-18,KRUR.TA,[7300.9263],19
2025-01-19,KRUR.TA,[7368.761],20
2025-01-20,KRUR.TA,[7539.686],21
2025-01-21,KRUR.TA,[7557.1865],22
2025-01-22,KRUR.TA,[7417.486],23
2025-01-23,KRUR.TA,[7287.3267],24
2025-01-24,KRUR.TA,[7250.7617],25
2025-01-25,KRUR.TA,[7163.549],26
2025-01-26,KRUR.TA,[6965.9585],27
2025-01-27,KRUR.TA,[6935.408],28
2025-01-28,KRUR.TA,[6905.1816],29
2025-01-29,KRUR.TA,[6792.5596],30
2024-12-31,KSTN.TA,[574.5855],1
2025-01-01,KSTN.TA,[559.7624],2
2025-01-02,KSTN.TA,[571.8085],3
2025-01-03,KSTN.TA,[572.8348],4
2025-01-04,KSTN.TA,[567.35284],5
2025-01-05,KSTN.TA,[573.7358],6
2025-01-06,KSTN.TA,[562.84033],7
2025-01-07,KSTN.TA,[564.4103],8
2025-01-08,KSTN.TA,[565.1912],9
2025-01-09,KSTN.TA,[569.0053],10
2025-01-10,KSTN.TA,[560.485],11
2025-01-11,KSTN.TA,[548.55286],12
2025-01-12,KSTN.TA,[544.7513],13
2025-01-13,KSTN.TA,[565.2317],14
2025-01-14,KSTN.TA,[584.77203],15
2025-01-15,KSTN.TA,[556.74725],16
2025-01-16,KSTN.TA,[561.97424],17
2025-01-17,KSTN.TA,[561.9238],18
2025-01-18,KSTN.TA,[564.10486],19
2025-01-19,KSTN.TA,[567.49646],20
2025-01-20,KSTN.TA,[589.2428],21
2025-01-21,KSTN.TA,[590.93256],22
2025-01-22,KSTN.TA,[588.1163],23
2025-01-23,KSTN.TA,[593.2303],24
2025-01-24,KSTN.TA,[581.69],25
2025-01-25,KSTN.TA,[602.4951],26
2025-01-26,KSTN.TA,[599.4547],27
2025-01-27,KSTN.TA,[589.9504],28
2025-01-28,KSTN.TA,[583.9949],29
2025-01-29,KSTN.TA,[596.2204],30
2024-12-31,KLIL.TA,[23613.592],1
2025-01-01,KLIL.TA,[22244.867],2
2025-01-02,KLIL.TA,[21719.168],3
2025-01-03,KLIL.TA,[21519.334],4
2025-01-04,KLIL.TA,[21911.049],5
2025-01-05,KLIL.TA,[23103.445],6
2025-01-06,KLIL.TA,[23330.814],7
2025-01-07,KLIL.TA,[24470.734],8
2025-01-08,KLIL.TA,[24420.934],9
2025-01-09,KLIL.TA,[23828.025],10
2025-01-10,KLIL.TA,[23250.023],11
2025-01-11,KLIL.TA,[22714.76],12
2025-01-12,KLIL.TA,[21550.28],13
2025-01-13,KLIL.TA,[21937.51],14
2025-01-14,KLIL.TA,[22655.936],15
2025-01-15,KLIL.TA,[22173.008],16
2025-01-16,KLIL.TA,[23258.828],17
2025-01-17,KLIL.TA,[23840.705],18
2025-01-18,KLIL.TA,[25448.816],19
2025-01-19,KLIL.TA,[25366.258],20
2025-01-20,KLIL.TA,[26006.588],21
2025-01-21,KLIL.TA,[25165.346],22
2025-01-22,KLIL.TA,[25274.47],23
2025-01-23,KLIL.TA,[26272.076],24
2025-01-24,KLIL.TA,[26054.623],25
2025-01-25,KLIL.TA,[24878.973],26
2025-01-26,KLIL.TA,[24332.54],27
2025-01-27,KLIL.TA,[24037.797],28
2025-01-28,KLIL.TA,[24357.172],29
2025-01-29,KLIL.TA,[25268.047],30
2024-12-31,KNFM.TA,[1304.351],1
2025-01-01,KNFM.TA,[1302.3793],2
2025-01-02,KNFM.TA,[1314.9869],3
2025-01-03,KNFM.TA,[1359.717],4
2025-01-04,KNFM.TA,[1349.5857],5
2025-01-05,KNFM.TA,[1354.1971],6
2025-01-06,KNFM.TA,[1327.6167],7
2025-01-07,KNFM.TA,[1320.7063],8
2025-01-08,KNFM.TA,[1343.7323],9
2025-01-09,KNFM.TA,[1319.033],10
2025-01-10,KNFM.TA,[1302.6696],11
2025-01-11,KNFM.TA,[1295.7056],12
2025-01-12,KNFM.TA,[1295.3065],13
2025-01-13,KNFM.TA,[1308.5555],14
2025-01-14,KNFM.TA,[1340.8473],15
2025-01-15,KNFM.TA,[1338.836],16
2025-01-16,KNFM.TA,[1325.7316],17
2025-01-17,KNFM.TA,[1314.4004],18
2025-01-18,KNFM.TA,[1334.0333],19
2025-01-19,KNFM.TA,[1337.8966],20
2025-01-20,KNFM.TA,[1346.3602],21
2025-01-21,KNFM.TA,[1374.7365],22
2025-01-22,KNFM.TA,[1387.9471],23
2025-01-23,KNFM.TA,[1407.0977],24
2025-01-24,KNFM.TA,[1422.3817],25
2025-01-25,KNFM.TA,[1430.5876],26
2025-01-26,KNFM.TA,[1465.6115],27
2025-01-27,KNFM.TA,[1434.1829],28
2025-01-28,KNFM.TA,[1435.1675],29
2025-01-29,KNFM.TA,[1418.4358],30
2024-12-31,LHIS.TA,[1677.3676],1
2025-01-01,LHIS.TA,[1455.4298],2
2025-01-02,LHIS.TA,[1573.305],3
2025-01-03,LHIS.TA,[1755.1283],4
2025-01-04,LHIS.TA,[1983.859],5
2025-01-05,LHIS.TA,[2188.2422],6
2025-01-06,LHIS.TA,[2143.9136],7
2025-01-07,LHIS.TA,[1716.7013],8
2025-01-08,LHIS.TA,[1958.5375],9
2025-01-09,LHIS.TA,[2027.9163],10
2025-01-10,LHIS.TA,[1896.802],11
2025-01-11,LHIS.TA,[2010.6957],12
2025-01-12,LHIS.TA,[2485.235],13
2025-01-13,LHIS.TA,[2315.0916],14
2025-01-14,LHIS.TA,[2160.725],15
2025-01-15,LHIS.TA,[2344.4448],16
2025-01-16,LHIS.TA,[2354.982],17
2025-01-17,LHIS.TA,[2757.0166],18
2025-01-18,LHIS.TA,[3336.2332],19
2025-01-19,LHIS.TA,[3502.256],20
2025-01-20,LHIS.TA,[3619.3777],21
2025-01-21,LHIS.TA,[3537.258],22
2025-01-22,LHIS.TA,[3543.392],23
2025-01-23,LHIS.TA,[2813.1926],24
2025-01-24,LHIS.TA,[2789.7156],25
2025-01-25,LHIS.TA,[3354.279],26
2025-01-26,LHIS.TA,[3624.945],27
2025-01-27,LHIS.TA,[3857.3647],28
2025-01-28,LHIS.TA,[3362.9453],29
2025-01-29,LHIS.TA,[3874.3538],30
2024-12-31,LAHAV.TA,[486.3247],1
2025-01-01,LAHAV.TA,[495.0334],2
2025-01-02,LAHAV.TA,[496.60153],3
2025-01-03,LAHAV.TA,[494.7395],4
2025-01-04,LAHAV.TA,[493.70065],5
2025-01-05,LAHAV.TA,[498.81998],6
2025-01-06,LAHAV.TA,[508.23062],7
2025-01-07,LAHAV.TA,[503.79007],8
2025-01-08,LAHAV.TA,[499.72562],9
2025-01-09,LAHAV.TA,[495.45648],10
2025-01-10,LAHAV.TA,[500.20197],11
2025-01-11,LAHAV.TA,[501.03714],12
2025-01-12,LAHAV.TA,[499.56604],13
2025-01-13,LAHAV.TA,[499.9324],14
2025-01-14,LAHAV.TA,[498.84607],15
2025-01-15,LAHAV.TA,[497.01273],16
2025-01-16,LAHAV.TA,[501.69394],17
2025-01-17,LAHAV.TA,[505.9066],18
2025-01-18,LAHAV.TA,[502.41428],19
2025-01-19,LAHAV.TA,[506.34735],20
2025-01-20,LAHAV.TA,[515.632],21
2025-01-21,LAHAV.TA,[520.5494],22
2025-01-22,LAHAV.TA,[519.54724],23
2025-01-23,LAHAV.TA,[526.2521],24
2025-01-24,LAHAV.TA,[524.5331],25
2025-01-25,LAHAV.TA,[529.37946],26
2025-01-26,LAHAV.TA,[516.80975],27
2025-01-27,LAHAV.TA,[519.4794],28
2025-01-28,LAHAV.TA,[527.2623],29
2025-01-29,LAHAV.TA,[527.2569],30
2024-12-30,LPHL.TA,[107.10269],1
2024-12-31,LPHL.TA,[109.09225],2
2025-01-01,LPHL.TA,[105.38434],3
2025-01-02,LPHL.TA,[103.180305],4
2025-01-03,LPHL.TA,[105.85421],5
2025-01-04,LPHL.TA,[105.61968],6
2025-01-05,LPHL.TA,[106.98822],7
2025-01-06,LPHL.TA,[105.82399],8
2025-01-07,LPHL.TA,[107.03335],9
2025-01-08,LPHL.TA,[105.12964],10
2025-01-09,LPHL.TA,[103.31952],11
2025-01-10,LPHL.TA,[103.55971],12
2025-01-11,LPHL.TA,[102.6464],13
2025-01-12,LPHL.TA,[105.271675],14
2025-01-13,LPHL.TA,[105.75745],15
2025-01-14,LPHL.TA,[105.39896],16
2025-01-15,LPHL.TA,[106.48186],17
2025-01-16,LPHL.TA,[107.363686],18
2025-01-17,LPHL.TA,[107.97759],19
2025-01-18,LPHL.TA,[107.23003],20
2025-01-19,LPHL.TA,[106.13911],21
2025-01-20,LPHL.TA,[105.60087],22
2025-01-21,LPHL.TA,[108.1007],23
2025-01-22,LPHL.TA,[107.45276],24
2025-01-23,LPHL.TA,[107.15338],25
2025-01-24,LPHL.TA,[105.01244],26
2025-01-25,LPHL.TA,[104.04849],27
2025-01-26,LPHL.TA,[104.640526],28
2025-01-27,LPHL.TA,[104.12807],29
2025-01-28,LPHL.TA,[103.65576],30
2024-12-31,LSCO.TA,[403.1395],1
2025-01-01,LSCO.TA,[410.03217],2
2025-01-02,LSCO.TA,[403.40195],3
2025-01-03,LSCO.TA,[400.03214],4
2025-01-04,LSCO.TA,[406.65088],5
2025-01-05,LSCO.TA,[387.3276],6
2025-01-06,LSCO.TA,[373.3248],7
2025-01-07,LSCO.TA,[383.88385],8
2025-01-08,LSCO.TA,[376.96994],9
2025-01-09,LSCO.TA,[377.29886],10
2025-01-10,LSCO.TA,[391.36108],11
2025-01-11,LSCO.TA,[368.023],12
2025-01-12,LSCO.TA,[351.94165],13
2025-01-13,LSCO.TA,[353.5331],14
2025-01-14,LSCO.TA,[359.65662],15
2025-01-15,LSCO.TA,[336.11725],16
2025-01-16,LSCO.TA,[343.64853],17
2025-01-17,LSCO.TA,[356.7051],18
2025-01-18,LSCO.TA,[350.73532],19
2025-01-19,LSCO.TA,[353.01614],20
2025-01-20,LSCO.TA,[353.53397],21
2025-01-21,LSCO.TA,[354.05472],22
2025-01-22,LSCO.TA,[361.9726],23
2025-01-23,LSCO.TA,[358.95755],24
2025-01-24,LSCO.TA,[364.64005],25
2025-01-25,LSCO.TA,[363.01166],26
2025-01-26,LSCO.TA,[359.7285],27
2025-01-27,LSCO.TA,[355.13266],28
2025-01-28,LSCO.TA,[376.7238],29
2025-01-29,LSCO.TA,[389.5593],30
2024-12-31,LUMI.TA,[4227.68],1
2025-01-01,LUMI.TA,[4232.9805],2
2025-01-02,LUMI.TA,[4225.6133],3
2025-01-03,LUMI.TA,[4220.931],4
2025-01-04,LUMI.TA,[4350.658],5
2025-01-05,LUMI.TA,[4421.81],6
2025-01-06,LUMI.TA,[4516.1494],7
2025-01-07,LUMI.TA,[4503.757],8
2025-01-08,LUMI.TA,[4466.4565],9
2025-01-09,LUMI.TA,[4399.1514],10
2025-01-10,LUMI.TA,[4452.606],11
2025-01-11,LUMI.TA,[4418.184],12
2025-01-12,LUMI.TA,[4395.3706],13
2025-01-13,LUMI.TA,[4430.1323],14
2025-01-14,LUMI.TA,[4399.195],15
2025-01-15,LUMI.TA,[4366.447],16
2025-01-16,LUMI.TA,[4332.1636],17
2025-01-17,LUMI.TA,[4311.057],18
2025-01-18,LUMI.TA,[4330.903],19
2025-01-19,LUMI.TA,[4309.6963],20
2025-01-20,LUMI.TA,[4229.4785],21
2025-01-21,LUMI.TA,[4319.926],22
2025-01-22,LUMI.TA,[4254.155],23
2025-01-23,LUMI.TA,[4350.6123],24
2025-01-24,LUMI.TA,[4334.815],25
2025-01-25,LUMI.TA,[4327.59],26
2025-01-26,LUMI.TA,[4287.3125],27
2025-01-27,LUMI.TA,[4406.9795],28
2025-01-28,LUMI.TA,[4518.2407],29
2025-01-29,LUMI.TA,[4676.5234],30
2024-12-31,LEOF.TA,[264.00363],1
2025-01-01,LEOF.TA,[237.74411],2
2025-01-02,LEOF.TA,[245.46678],3
2025-01-03,LEOF.TA,[262.9797],4
2025-01-04,LEOF.TA,[273.82382],5
2025-01-05,LEOF.TA,[280.93228],6
2025-01-06,LEOF.TA,[272.0694],7
2025-01-07,LEOF.TA,[250.03625],8
2025-01-08,LEOF.TA,[223.94443],9
2025-01-09,LEOF.TA,[187.81648],10
2025-01-10,LEOF.TA,[177.19385],11
2025-01-11,LEOF.TA,[184.83936],12
2025-01-12,LEOF.TA,[197.16618],13
2025-01-13,LEOF.TA,[207.69275],14
2025-01-14,LEOF.TA,[201.62643],15
2025-01-15,LEOF.TA,[190.2155],16
2025-01-16,LEOF.TA,[191.85623],17
2025-01-17,LEOF.TA,[189.3031],18
2025-01-18,LEOF.TA,[197.9366],19
2025-01-19,LEOF.TA,[201.0513],20
2025-01-20,LEOF.TA,[203.60306],21
2025-01-21,LEOF.TA,[220.99454],22
2025-01-22,LEOF.TA,[254.01096],23
2025-01-23,LEOF.TA,[246.0726],24
2025-01-24,LEOF.TA,[253.88261],25
2025-01-25,LEOF.TA,[248.31543],26
2025-01-26,LEOF.TA,[250.4472],27
2025-01-27,LEOF.TA,[275.32477],28
2025-01-28,LEOF.TA,[274.90634],29
2025-01-29,LEOF.TA,[269.29697],30
2024-12-31,LEVI.TA,[37959.637],1
2025-01-01,LEVI.TA,[39314.953],2
2025-01-02,LEVI.TA,[39520.81],3
2025-01-03,LEVI.TA,[39353.76],4
2025-01-04,LEVI.TA,[40161.188],5
2025-01-05,LEVI.TA,[40847.793],6
2025-01-06,LEVI.TA,[40061.24],7
2025-01-07,LEVI.TA,[40854.062],8
2025-01-08,LEVI.TA,[40308.67],9
2025-01-09,LEVI.TA,[40716.7],10
2025-01-10,LEVI.TA,[40855.953],11
2025-01-11,LEVI.TA,[40179.32],12
2025-01-12,LEVI.TA,[41139.055],13
2025-01-13,LEVI.TA,[41143.64],14
2025-01-14,LEVI.TA,[40907.684],15
2025-01-15,LEVI.TA,[40886.152],16
2025-01-16,LEVI.TA,[41068.9],17
2025-01-17,LEVI.TA,[40929.523],18
2025-01-18,LEVI.TA,[41185.242],19
2025-01-19,LEVI.TA,[40651.637],20
2025-01-20,LEVI.TA,[41137.395],21
2025-01-21,LEVI.TA,[42442.516],22
2025-01-22,LEVI.TA,[44470.867],23
2025-01-23,LEVI.TA,[43738.85],24
2025-01-24,LEVI.TA,[43044.254],25
2025-01-25,LEVI.TA,[43132.1],26
2025-01-26,LEVI.TA,[43491.957],27
2025-01-27,LEVI.TA,[42636.516],28
2025-01-28,LEVI.TA,[41762.633],29
2025-01-29,LEVI.TA,[42002.008],30
2024-12-31,LBRA.TA,[815.05304],1
2025-01-01,LBRA.TA,[826.6547],2
2025-01-02,LBRA.TA,[829.8417],3
2025-01-03,LBRA.TA,[840.7119],4
2025-01-04,LBRA.TA,[851.8536],5
2025-01-05,LBRA.TA,[851.7003],6
2025-01-06,LBRA.TA,[873.4164],7
2025-01-07,LBRA.TA,[885.0415],8
2025-01-08,LBRA.TA,[879.53784],9
2025-01-09,LBRA.TA,[886.18695],10
2025-01-10,LBRA.TA,[880.171],11
2025-01-11,LBRA.TA,[875.4559],12
2025-01-12,LBRA.TA,[884.6068],13
2025-01-13,LBRA.TA,[891.70605],14
2025-01-14,LBRA.TA,[881.3842],15
2025-01-15,LBRA.TA,[862.8485],16
2025-01-16,LBRA.TA,[857.2447],17
2025-01-17,LBRA.TA,[877.0254],18
2025-01-18,LBRA.TA,[885.0806],19
2025-01-19,LBRA.TA,[901.39],20
2025-01-20,LBRA.TA,[917.9718],21
2025-01-21,LBRA.TA,[915.3787],22
2025-01-22,LBRA.TA,[916.16266],23
2025-01-23,LBRA.TA,[925.1656],24
2025-01-24,LBRA.TA,[934.7969],25
2025-01-25,LBRA.TA,[943.1767],26
2025-01-26,LBRA.TA,[928.9829],27
2025-01-27,LBRA.TA,[931.16656],28
2025-01-28,LBRA.TA,[928.91516],29
2025-01-29,LBRA.TA,[917.1908],30
2024-12-31,LCTX.TA,[194.03802],1
2025-01-01,LCTX.TA,[191.2822],2
2025-01-02,LCTX.TA,[190.61893],3
2025-01-03,LCTX.TA,[189.80417],4
2025-01-04,LCTX.TA,[192.95465],5
2025-01-05,LCTX.TA,[187.54585],6
2025-01-06,LCTX.TA,[190.74316],7
2025-01-07,LCTX.TA,[188.59262],8
2025-01-08,LCTX.TA,[189.68817],9
2025-01-09,LCTX.TA,[190.55768],10
2025-01-10,LCTX.TA,[191.14087],11
2025-01-11,LCTX.TA,[177.22134],12
2025-01-12,LCTX.TA,[166.20673],13
2025-01-13,LCTX.TA,[156.7393],14
2025-01-14,LCTX.TA,[146.70908],15
2025-01-15,LCTX.TA,[151.00403],16
2025-01-16,LCTX.TA,[151.90771],17
2025-01-17,LCTX.TA,[152.14334],18
2025-01-18,LCTX.TA,[151.19522],19
2025-01-19,LCTX.TA,[153.60106],20
2025-01-20,LCTX.TA,[152.22818],21
2025-01-21,LCTX.TA,[150.65382],22
2025-01-22,LCTX.TA,[157.58493],23
2025-01-23,LCTX.TA,[154.1809],24
2025-01-24,LCTX.TA,[156.41277],25
2025-01-25,LCTX.TA,[174.35287],26
2025-01-26,LCTX.TA,[169.19249],27
2025-01-27,LCTX.TA,[159.70407],28
2025-01-28,LCTX.TA,[158.52489],29
2025-01-29,LCTX.TA,[157.71739],30
2024-12-31,LPSN.TA,[736.78595],1
2025-01-01,LPSN.TA,[678.54846],2
2025-01-02,LPSN.TA,[634.20166],3
2025-01-03,LPSN.TA,[530.6817],4
2025-01-04,LPSN.TA,[720.59686],5
2025-01-05,LPSN.TA,[1009.053],6
2025-01-06,LPSN.TA,[1154.3833],7
2025-01-07,LPSN.TA,[1084.3645],8
2025-01-08,LPSN.TA,[983.14056],9
2025-01-09,LPSN.TA,[812.5582],10
2025-01-10,LPSN.TA,[1205.6772],11
2025-01-11,LPSN.TA,[1452.9988],12
2025-01-12,LPSN.TA,[2567.2441],13
2025-01-13,LPSN.TA,[2947.2761],14
2025-01-14,LPSN.TA,[1491.5553],15
2025-01-15,LPSN.TA,[2337.9324],16
2025-01-16,LPSN.TA,[281.08792],17
2025-01-17,LPSN.TA,[110.83443],18
2025-01-18,LPSN.TA,[134.39392],19
2025-01-19,LPSN.TA,[-3.4244401],20
2025-01-20,LPSN.TA,[-3.053536],21
2025-01-21,LPSN.TA,[-3.8706985],22
2025-01-22,LPSN.TA,[-4.0011625],23
2025-01-23,LPSN.TA,[-5.4021387],24
2025-01-24,LPSN.TA,[-2.6957483],25
2025-01-25,LPSN.TA,[-1.3486147],26
2025-01-26,LPSN.TA,[-1.3230021],27
2025-01-27,LPSN.TA,[-1.3675979],28
2025-01-28,LPSN.TA,[-0.67576534],29
2025-01-29,LPSN.TA,[-0.8226136],30
2024-12-31,LODZ.TA,[-5041.84],1
2025-01-01,LODZ.TA,[-51013.6],2
2025-01-02,LODZ.TA,[-82828.43],3
2025-01-03,LODZ.TA,[-161015.58],4
2025-01-04,LODZ.TA,[835830.5],5
2025-01-05,LODZ.TA,[3294152.8],6
2025-01-06,LODZ.TA,[6338605.],7
2025-01-07,LODZ.TA,[7455769.],8
2025-01-08,LODZ.TA,[-31299744.],9
2025-01-09,LODZ.TA,[82539032.],10
2025-01-10,LODZ.TA,[-2.5709963e+08],11
2025-01-11,LODZ.TA,[-1.2471735e+09],12
2025-01-12,LODZ.TA,[1.1307877e+10],13
2025-01-13,LODZ.TA,[-1.2732781e+10],14
2025-01-14,LODZ.TA,[1.533251e+10],15
2025-01-15,LODZ.TA,[-3.1685216e+10],16
2025-01-16,LODZ.TA,[1.1787811e+10],17
2025-01-17,LODZ.TA,[-5.9370623e+10],18
2025-01-18,LODZ.TA,[-2.4958914e+11],19
2025-01-19,LODZ.TA,[-5.0872464e+11],20
2025-01-20,LODZ.TA,[9.7242874e+11],21
2025-01-21,LODZ.TA,[-8.0043426e+12],22
2025-01-22,LODZ.TA,[-1.4897124e+13],23
2025-01-23,LODZ.TA,[-4.009715e+12],24
2025-01-24,LODZ.TA,[5.55785e+12],25
2025-01-25,LODZ.TA,[-3.624289e+12],26
2025-01-26,LODZ.TA,[-2.1309115e+13],27
2025-01-27,LODZ.TA,[1.1307282e+14],28
2025-01-28,LODZ.TA,[2.3535344e+14],29
2025-01-29,LODZ.TA,[-2.2333565e+14],30
2024-12-31,LUDN.TA,[2065.7397],1
2025-01-01,LUDN.TA,[2117.8281],2
2025-01-02,LUDN.TA,[2182.1133],3
2025-01-03,LUDN.TA,[2228.405],4
2025-01-04,LUDN.TA,[2222.5425],5
2025-01-05,LUDN.TA,[2376.9304],6
2025-01-06,LUDN.TA,[2435.1587],7
2025-01-07,LUDN.TA,[2499.459],8
2025-01-08,LUDN.TA,[2622.2642],9
2025-01-09,LUDN.TA,[2439.9575],10
2025-01-10,LUDN.TA,[2424.2393],11
2025-01-11,LUDN.TA,[2472.019],12
2025-01-12,LUDN.TA,[2428.519],13
2025-01-13,LUDN.TA,[2381.914],14
2025-01-14,LUDN.TA,[2422.306],15
2025-01-15,LUDN.TA,[2523.0212],16
2025-01-16,LUDN.TA,[2591.01],17
2025-01-17,LUDN.TA,[2596.038],18
2025-01-18,LUDN.TA,[2610.5813],19
2025-01-19,LUDN.TA,[2579.4873],20
2025-01-20,LUDN.TA,[2586.8386],21
2025-01-21,LUDN.TA,[2650.8164],22
2025-01-22,LUDN.TA,[2702.6184],23
2025-01-23,LUDN.TA,[2748.2686],24
2025-01-24,LUDN.TA,[2656.527],25
2025-01-25,LUDN.TA,[2646.1416],26
2025-01-26,LUDN.TA,[2681.8855],27
2025-01-27,LUDN.TA,[2746.7908],28
2025-01-28,LUDN.TA,[2879.2512],29
2025-01-29,LUDN.TA,[2931.4495],30
2024-12-31,LUZN.TA,[268.96234],1
2025-01-01,LUZN.TA,[266.7302],2
2025-01-02,LUZN.TA,[265.04413],3
2025-01-03,LUZN.TA,[263.30374],4
2025-01-04,LUZN.TA,[260.35986],5
2025-01-05,LUZN.TA,[259.6217],6
2025-01-06,LUZN.TA,[258.70572],7
2025-01-07,LUZN.TA,[259.91202],8
2025-01-08,LUZN.TA,[260.51004],9
2025-01-09,LUZN.TA,[263.03943],10
2025-01-10,LUZN.TA,[261.98944],11
2025-01-11,LUZN.TA,[259.90897],12
2025-01-12,LUZN.TA,[261.38373],13
2025-01-13,LUZN.TA,[267.89877],14
2025-01-14,LUZN.TA,[269.82346],15
2025-01-15,LUZN.TA,[268.02527],16
2025-01-16,LUZN.TA,[269.21744],17
2025-01-17,LUZN.TA,[270.00003],18
2025-01-18,LUZN.TA,[267.80447],19
2025-01-19,LUZN.TA,[278.12845],20
2025-01-20,LUZN.TA,[279.54404],21
2025-01-21,LUZN.TA,[280.05753],22
2025-01-22,LUZN.TA,[282.08798],23
2025-01-23,LUZN.TA,[282.8324],24
2025-01-24,LUZN.TA,[289.13043],25
2025-01-25,LUZN.TA,[285.3276],26
2025-01-26,LUZN.TA,[280.9743],27
2025-01-27,LUZN.TA,[278.166],28
2025-01-28,LUZN.TA,[283.6039],29
2025-01-29,LUZN.TA,[276.5134],30
2024-12-31,LURO.TA,[1821.2285],1
2025-01-01,LURO.TA,[1820.6956],2
2025-01-02,LURO.TA,[1822.0773],3
2025-01-03,LURO.TA,[1822.5856],4
2025-01-04,LURO.TA,[1822.5084],5
2025-01-05,LURO.TA,[1823.3829],6
2025-01-06,LURO.TA,[1824.1785],7
2025-01-07,LURO.TA,[1823.9236],8
2025-01-08,LURO.TA,[1824.2823],9
2025-01-09,LURO.TA,[1824.0742],10
2025-01-10,LURO.TA,[1824.2754],11
2025-01-11,LURO.TA,[1824.5735],12
2025-01-12,LURO.TA,[1825.0186],13
2025-01-13,LURO.TA,[1826.3383],14
2025-01-14,LURO.TA,[1825.5424],15
2025-01-15,LURO.TA,[1825.8773],16
2025-01-16,LURO.TA,[1824.996],17
2025-01-17,LURO.TA,[1825.6857],18
2025-01-18,LURO.TA,[1825.1963],19
2025-01-19,LURO.TA,[1824.4357],20
2025-01-20,LURO.TA,[1824.9761],21
2025-01-21,LURO.TA,[1825.796],22
2025-01-22,LURO.TA,[1826.4573],23
2025-01-23,LURO.TA,[1826.6212],24
2025-01-24,LURO.TA,[1826.4469],25
2025-01-25,LURO.TA,[1825.7756],26
2025-01-26,LURO.TA,[1825.756],27
2025-01-27,LURO.TA,[1825.9242],28
2025-01-28,LURO.TA,[1826.4575],29
2025-01-29,LURO.TA,[1826.5103],30
2024-12-31,MGIC.TA,[4111.6],1
2025-01-01,MGIC.TA,[4076.5894],2
2025-01-02,MGIC.TA,[4205.397],3
2025-01-03,MGIC.TA,[4251.7646],4
2025-01-04,MGIC.TA,[4145.2188],5
2025-01-05,MGIC.TA,[4214.1313],6
2025-01-06,MGIC.TA,[4411.1294],7
2025-01-07,MGIC.TA,[4389.802],8
2025-01-08,MGIC.TA,[4393.642],9
2025-01-09,MGIC.TA,[4522.3887],10
2025-01-10,MGIC.TA,[4466.6304],11
2025-01-11,MGIC.TA,[4385.38],12
2025-01-12,MGIC.TA,[4385.3037],13
2025-01-13,MGIC.TA,[4468.948],14
2025-01-14,MGIC.TA,[4636.7983],15
2025-01-15,MGIC.TA,[4672.2793],16
2025-01-16,MGIC.TA,[4655.0566],17
2025-01-17,MGIC.TA,[4711.9663],18
2025-01-18,MGIC.TA,[4712.6426],19
2025-01-19,MGIC.TA,[4652.3726],20
2025-01-20,MGIC.TA,[4683.593],21
2025-01-21,MGIC.TA,[4674.7515],22
2025-01-22,MGIC.TA,[4665.8545],23
2025-01-23,MGIC.TA,[4512.1797],24
2025-01-24,MGIC.TA,[4400.728],25
2025-01-25,MGIC.TA,[4283.965],26
2025-01-26,MGIC.TA,[4347.8755],27
2025-01-27,MGIC.TA,[4295.824],28
2025-01-28,MGIC.TA,[4197.728],29
2025-01-29,MGIC.TA,[4304.863],30
2024-12-31,MLTM.TA,[7757.5576],1
2025-01-01,MLTM.TA,[7801.9614],2
2025-01-02,MLTM.TA,[7811.4136],3
2025-01-03,MLTM.TA,[7872.8267],4
2025-01-04,MLTM.TA,[8168.0054],5
2025-01-05,MLTM.TA,[8503.76],6
2025-01-06,MLTM.TA,[8331.271],7
2025-01-07,MLTM.TA,[8004.437],8
2025-01-08,MLTM.TA,[8144.285],9
2025-01-09,MLTM.TA,[8137.0996],10
2025-01-10,MLTM.TA,[8185.5938],11
2025-01-11,MLTM.TA,[8528.107],12
2025-01-12,MLTM.TA,[8629.555],13
2025-01-13,MLTM.TA,[8470.427],14
2025-01-14,MLTM.TA,[8479.527],15
2025-01-15,MLTM.TA,[8440.237],16
2025-01-16,MLTM.TA,[8267.097],17
2025-01-17,MLTM.TA,[8294.273],18
2025-01-18,MLTM.TA,[8244.822],19
2025-01-19,MLTM.TA,[7619.206],20
2025-01-20,MLTM.TA,[7571.926],21
2025-01-21,MLTM.TA,[7773.8687],22
2025-01-22,MLTM.TA,[7718.488],23
2025-01-23,MLTM.TA,[7924.061],24
2025-01-24,MLTM.TA,[7902.907],25
2025-01-25,MLTM.TA,[7627.013],26
2025-01-26,MLTM.TA,[7248.8823],27
2025-01-27,MLTM.TA,[7516.859],28
2025-01-28,MLTM.TA,[7386.7563],29
2025-01-29,MLTM.TA,[7113.278],30
2024-12-31,MSLA.TA,[1276.64],1
2025-01-01,MSLA.TA,[1255.4934],2
2025-01-02,MSLA.TA,[1267.0564],3
2025-01-03,MSLA.TA,[1270.8501],4
2025-01-04,MSLA.TA,[1300.5427],5
2025-01-05,MSLA.TA,[1258.2372],6
2025-01-06,MSLA.TA,[1247.756],7
2025-01-07,MSLA.TA,[1253.9385],8
2025-01-08,MSLA.TA,[1289.6035],9
2025-01-09,MSLA.TA,[1270.9833],10
2025-01-10,MSLA.TA,[1198.4312],11
2025-01-11,MSLA.TA,[1214.0928],12
2025-01-12,MSLA.TA,[1225.6973],13
2025-01-13,MSLA.TA,[1230.2446],14
2025-01-14,MSLA.TA,[1239.8989],15
2025-01-15,MSLA.TA,[1229.5542],16
2025-01-16,MSLA.TA,[1263.8153],17
2025-01-17,MSLA.TA,[1322.9502],18
2025-01-18,MSLA.TA,[1276.3148],19
2025-01-19,MSLA.TA,[1238.5831],20
2025-01-20,MSLA.TA,[1248.9174],21
2025-01-21,MSLA.TA,[1258.5146],22
2025-01-22,MSLA.TA,[1285.0197],23
2025-01-23,MSLA.TA,[1265.0422],24
2025-01-24,MSLA.TA,[1285.1982],25
2025-01-25,MSLA.TA,[1250.1135],26
2025-01-26,MSLA.TA,[1227.6963],27
2025-01-27,MSLA.TA,[1238.9624],28
2025-01-28,MSLA.TA,[1217.1178],29
2025-01-29,MSLA.TA,[1167.8643],30
2024-12-31,MSVT.TA,[256.5753],1
2025-01-01,MSVT.TA,[192.2551],2
2025-01-02,MSVT.TA,[249.97173],3
2025-01-03,MSVT.TA,[284.35315],4
2025-01-04,MSVT.TA,[277.476],5
2025-01-05,MSVT.TA,[224.70107],6
2025-01-06,MSVT.TA,[182.75385],7
2025-01-07,MSVT.TA,[229.63602],8
2025-01-08,MSVT.TA,[168.72208],9
2025-01-09,MSVT.TA,[196.41994],10
2025-01-10,MSVT.TA,[200.84573],11
2025-01-11,MSVT.TA,[270.79727],12
2025-01-12,MSVT.TA,[281.26505],13
2025-01-13,MSVT.TA,[409.5272],14
2025-01-14,MSVT.TA,[276.12338],15
2025-01-15,MSVT.TA,[409.6861],16
2025-01-16,MSVT.TA,[225.59558],17
2025-01-17,MSVT.TA,[352.82895],18
2025-01-18,MSVT.TA,[420.30936],19
2025-01-19,MSVT.TA,[428.3233],20
2025-01-20,MSVT.TA,[120.541306],21
2025-01-21,MSVT.TA,[168.73718],22
2025-01-22,MSVT.TA,[214.20692],23
2025-01-23,MSVT.TA,[196.5107],24
2025-01-24,MSVT.TA,[194.6393],25
2025-01-25,MSVT.TA,[257.28867],26
2025-01-26,MSVT.TA,[130.3587],27
2025-01-27,MSVT.TA,[133.50331],28
2025-01-28,MSVT.TA,[97.72817],29
2025-01-29,MSVT.TA,[119.5146],30
2024-12-31,MTLF.TA,[342.9164],1
2025-01-01,MTLF.TA,[332.96515],2
2025-01-02,MTLF.TA,[329.40057],3
2025-01-03,MTLF.TA,[307.74805],4
2025-01-04,MTLF.TA,[316.67203],5
2025-01-05,MTLF.TA,[320.46707],6
2025-01-06,MTLF.TA,[326.42813],7
2025-01-07,MTLF.TA,[329.64658],8
2025-01-08,MTLF.TA,[344.98715],9
2025-01-09,MTLF.TA,[359.9678],10
2025-01-10,MTLF.TA,[353.2276],11
2025-01-11,MTLF.TA,[337.56625],12
2025-01-12,MTLF.TA,[355.46783],13
2025-01-13,MTLF.TA,[372.39374],14
2025-01-14,MTLF.TA,[386.43],15
2025-01-15,MTLF.TA,[374.3734],16
2025-01-16,MTLF.TA,[387.59015],17
2025-01-17,MTLF.TA,[409.22824],18
2025-01-18,MTLF.TA,[382.46048],19
2025-01-19,MTLF.TA,[350.02863],20
2025-01-20,MTLF.TA,[365.58688],21
2025-01-21,MTLF.TA,[350.6957],22
2025-01-22,MTLF.TA,[359.43677],23
2025-01-23,MTLF.TA,[362.06882],24
2025-01-24,MTLF.TA,[377.98492],25
2025-01-25,MTLF.TA,[363.1091],26
2025-01-26,MTLF.TA,[358.26907],27
2025-01-27,MTLF.TA,[367.31244],28
2025-01-28,MTLF.TA,[378.1533],29
2025-01-29,MTLF.TA,[379.94275],30
2024-12-31,MTRX.TA,[8336.009],1
2025-01-01,MTRX.TA,[8152.643],2
2025-01-02,MTRX.TA,[8132.232],3
2025-01-03,MTRX.TA,[8072.5996],4
2025-01-04,MTRX.TA,[8139.873],5
2025-01-05,MTRX.TA,[8127.241],6
2025-01-06,MTRX.TA,[8019.5186],7
2025-01-07,MTRX.TA,[7836.9224],8
2025-01-08,MTRX.TA,[7668.2905],9
2025-01-09,MTRX.TA,[7649.2334],10
2025-01-10,MTRX.TA,[7616.6455],11
2025-01-11,MTRX.TA,[7461.7534],12
2025-01-12,MTRX.TA,[7455.7046],13
2025-01-13,MTRX.TA,[7458.069],14
2025-01-14,MTRX.TA,[7415.0776],15
2025-01-15,MTRX.TA,[7524.7896],16
2025-01-16,MTRX.TA,[7614.7593],17
2025-01-17,MTRX.TA,[7532.1875],18
2025-01-18,MTRX.TA,[7460.6523],19
2025-01-19,MTRX.TA,[7560.8364],20
2025-01-20,MTRX.TA,[7673.104],21
2025-01-21,MTRX.TA,[7690.8257],22
2025-01-22,MTRX.TA,[7652.408],23
2025-01-23,MTRX.TA,[7592.6616],24
2025-01-24,MTRX.TA,[7529.025],25
2025-01-25,MTRX.TA,[7585.7773],26
2025-01-26,MTRX.TA,[7470.965],27
2025-01-27,MTRX.TA,[7445.0503],28
2025-01-28,MTRX.TA,[7440.3423],29
2025-01-29,MTRX.TA,[7506.5527],30
2024-12-31,MAXO.TA,[1204.44],1
2025-01-01,MAXO.TA,[1241.7432],2
2025-01-02,MAXO.TA,[1267.3754],3
2025-01-03,MAXO.TA,[1262.3738],4
2025-01-04,MAXO.TA,[1327.3331],5
2025-01-05,MAXO.TA,[1378.2902],6
2025-01-06,MAXO.TA,[1415.8552],7
2025-01-07,MAXO.TA,[1435.1863],8
2025-01-08,MAXO.TA,[1409.0409],9
2025-01-09,MAXO.TA,[1396.2559],10
2025-01-10,MAXO.TA,[1359.8693],11
2025-01-11,MAXO.TA,[1317.6991],12
2025-01-12,MAXO.TA,[1365.4563],13
2025-01-13,MAXO.TA,[1294.4456],14
2025-01-14,MAXO.TA,[1313.4436],15
2025-01-15,MAXO.TA,[1327.4316],16
2025-01-16,MAXO.TA,[1303.4407],17
2025-01-17,MAXO.TA,[1284.3716],18
2025-01-18,MAXO.TA,[1274.7476],19
2025-01-19,MAXO.TA,[1293.0464],20
2025-01-20,MAXO.TA,[1324.7753],21
2025-01-21,MAXO.TA,[1383.5756],22
2025-01-22,MAXO.TA,[1407.7471],23
2025-01-23,MAXO.TA,[1429.7711],24
2025-01-24,MAXO.TA,[1398.6965],25
2025-01-25,MAXO.TA,[1402.1373],26
2025-01-26,MAXO.TA,[1468.6655],27
2025-01-27,MAXO.TA,[1506.1411],28
2025-01-28,MAXO.TA,[1485.9196],29
2025-01-29,MAXO.TA,[1489.7312],30
2024-12-31,MTRN.TA,[1036.1411],1
2025-01-01,MTRN.TA,[979.9947],2
2025-01-02,MTRN.TA,[915.9149],3
2025-01-03,MTRN.TA,[917.38806],4
2025-01-04,MTRN.TA,[937.33905],5
2025-01-05,MTRN.TA,[1052.3159],6
2025-01-06,MTRN.TA,[1053.4958],7
2025-01-07,MTRN.TA,[1074.7142],8
2025-01-08,MTRN.TA,[1104.1317],9
2025-01-09,MTRN.TA,[1056.814],10
2025-01-10,MTRN.TA,[1096.6106],11
2025-01-11,MTRN.TA,[1087.5835],12
2025-01-12,MTRN.TA,[1098.0773],13
2025-01-13,MTRN.TA,[1126.2963],14
2025-01-14,MTRN.TA,[1049.6671],15
2025-01-15,MTRN.TA,[1048.5275],16
2025-01-16,MTRN.TA,[1064.4092],17
2025-01-17,MTRN.TA,[1050.1409],18
2025-01-18,MTRN.TA,[1061.8678],19
2025-01-19,MTRN.TA,[1053.5417],20
2025-01-20,MTRN.TA,[985.48566],21
2025-01-21,MTRN.TA,[1005.6193],22
2025-01-22,MTRN.TA,[997.7852],23
2025-01-23,MTRN.TA,[959.41943],24
2025-01-24,MTRN.TA,[978.9055],25
2025-01-25,MTRN.TA,[977.5854],26
2025-01-26,MTRN.TA,[958.8003],27
2025-01-27,MTRN.TA,[985.27765],28
2025-01-28,MTRN.TA,[1033.19],29
2025-01-29,MTRN.TA,[999.5446],30
2024-12-31,MDPR.TA,[644.05133],1
2025-01-01,MDPR.TA,[659.86383],2
2025-01-02,MDPR.TA,[657.65546],3
2025-01-03,MDPR.TA,[666.22253],4
2025-01-04,MDPR.TA,[687.9998],5
2025-01-05,MDPR.TA,[673.8646],6
2025-01-06,MDPR.TA,[670.149],7
2025-01-07,MDPR.TA,[688.53766],8
2025-01-08,MDPR.TA,[684.9744],9
2025-01-09,MDPR.TA,[669.42596],10
2025-01-10,MDPR.TA,[667.5409],11
2025-01-11,MDPR.TA,[646.7766],12
2025-01-12,MDPR.TA,[659.55457],13
2025-01-13,MDPR.TA,[667.7998],14
2025-01-14,MDPR.TA,[701.8524],15
2025-01-15,MDPR.TA,[705.4734],16
2025-01-16,MDPR.TA,[700.9278],17
2025-01-17,MDPR.TA,[709.71594],18
2025-01-18,MDPR.TA,[721.116],19
2025-01-19,MDPR.TA,[711.6894],20
2025-01-20,MDPR.TA,[705.0082],21
2025-01-21,MDPR.TA,[712.2427],22
2025-01-22,MDPR.TA,[719.0957],23
2025-01-23,MDPR.TA,[719.93945],24
2025-01-24,MDPR.TA,[712.3799],25
2025-01-25,MDPR.TA,[720.7435],26
2025-01-26,MDPR.TA,[727.14484],27
2025-01-27,MDPR.TA,[732.1656],28
2025-01-28,MDPR.TA,[758.9488],29
2025-01-29,MDPR.TA,[782.4127],30
2024-12-31,MPRS.TA,[-30.475437],1
2025-01-01,MPRS.TA,[-354.81296],2
2025-01-02,MPRS.TA,[-3614.4236],3
2025-01-03,MPRS.TA,[28108.283],4
2025-01-04,MPRS.TA,[156468.88],5
2025-01-05,MPRS.TA,[828732.8],6
2025-01-06,MPRS.TA,[3486139.],7
2025-01-07,MPRS.TA,[-13656959.],8
2025-01-08,MPRS.TA,[-87572920.],9
2025-01-09,MPRS.TA,[7.101345e+08],10
2025-01-10,MPRS.TA,[-5.0356506e+09],11
2025-01-11,MPRS.TA,[8.333297e+09],12
2025-01-12,MPRS.TA,[5.2149477e+10],13
2025-01-13,MPRS.TA,[3.0827263e+11],14
2025-01-14,MPRS.TA,[1.8877052e+12],15
2025-01-15,MPRS.TA,[8.316774e+12],16
2025-01-16,MPRS.TA,[9.7210235e+13],17
2025-01-17,MPRS.TA,[-8.4311906e+14],18
2025-01-18,MPRS.TA,[-3.3359143e+15],19
2025-01-19,MPRS.TA,[5.7707513e+15],20
2025-01-20,MPRS.TA,[2.2471447e+16],21
2025-01-21,MPRS.TA,[-1.7011695e+17],22
2025-01-22,MPRS.TA,[-1.6163417e+18],23
2025-01-23,MPRS.TA,[-4.848644e+18],24
2025-01-24,MPRS.TA,[-5.514498e+18],25
2025-01-25,MPRS.TA,[3.793009e+19],26
2025-01-26,MPRS.TA,[-1.3887588e+20],27
2025-01-27,MPRS.TA,[-1.1308988e+21],28
2025-01-28,MPRS.TA,[7.897662e+21],29
2025-01-29,MPRS.TA,[-1.5606856e+22],30
2024-12-31,MDTR.TA,[973.5949],1
2025-01-01,MDTR.TA,[960.25006],2
2025-01-02,MDTR.TA,[963.3226],3
2025-01-03,MDTR.TA,[952.44806],4
2025-01-04,MDTR.TA,[964.10187],5
2025-01-05,MDTR.TA,[940.77637],6
2025-01-06,MDTR.TA,[933.83295],7
2025-01-07,MDTR.TA,[924.1709],8
2025-01-08,MDTR.TA,[907.7996],9
2025-01-09,MDTR.TA,[887.1314],10
2025-01-10,MDTR.TA,[898.98254],11
2025-01-11,MDTR.TA,[881.3051],12
2025-01-12,MDTR.TA,[883.0387],13
2025-01-13,MDTR.TA,[891.54126],14
2025-01-14,MDTR.TA,[887.3062],15
2025-01-15,MDTR.TA,[893.0958],16
2025-01-16,MDTR.TA,[918.0009],17
2025-01-17,MDTR.TA,[920.39215],18
2025-01-18,MDTR.TA,[910.69147],19
2025-01-19,MDTR.TA,[917.5469],20
2025-01-20,MDTR.TA,[909.0536],21
2025-01-21,MDTR.TA,[909.88464],22
2025-01-22,MDTR.TA,[904.0981],23
2025-01-23,MDTR.TA,[907.5352],24
2025-01-24,MDTR.TA,[915.562],25
2025-01-25,MDTR.TA,[929.51636],26
2025-01-26,MDTR.TA,[925.68567],27
2025-01-27,MDTR.TA,[936.9956],28
2025-01-28,MDTR.TA,[954.85724],29
2025-01-29,MDTR.TA,[937.2866],30
2024-12-31,MGOR.TA,[10823.848],1
2025-01-01,MGOR.TA,[10703.044],2
2025-01-02,MGOR.TA,[10402.501],3
2025-01-03,MGOR.TA,[10065.654],4
2025-01-04,MGOR.TA,[9892.785],5
2025-01-05,MGOR.TA,[9801.184],6
2025-01-06,MGOR.TA,[9836.849],7
2025-01-07,MGOR.TA,[9669.408],8
2025-01-08,MGOR.TA,[9585.87],9
2025-01-09,MGOR.TA,[9687.464],10
2025-01-10,MGOR.TA,[9770.9375],11
2025-01-11,MGOR.TA,[9906.693],12
2025-01-12,MGOR.TA,[9973.409],13
2025-01-13,MGOR.TA,[9681.33],14
2025-01-14,MGOR.TA,[9657.464],15
2025-01-15,MGOR.TA,[9911.687],16
2025-01-16,MGOR.TA,[9844.675],17
2025-01-17,MGOR.TA,[9906.624],18
2025-01-18,MGOR.TA,[10192.468],19
2025-01-19,MGOR.TA,[10257.403],20
2025-01-20,MGOR.TA,[10056.994],21
2025-01-21,MGOR.TA,[10249.29],22
2025-01-22,MGOR.TA,[10217.107],23
2025-01-23,MGOR.TA,[10440.039],24
2025-01-24,MGOR.TA,[10299.969],25
2025-01-25,MGOR.TA,[10589.53],26
2025-01-26,MGOR.TA,[11036.849],27
2025-01-27,MGOR.TA,[10912.688],28
2025-01-28,MGOR.TA,[10903.967],29
2025-01-29,MGOR.TA,[10981.781],30
2024-12-31,MEDN.TA,[17873.822],1
2025-01-01,MEDN.TA,[18230.041],2
2025-01-02,MEDN.TA,[18564.54],3
2025-01-03,MEDN.TA,[18479.299],4
2025-01-04,MEDN.TA,[18486.162],5
2025-01-05,MEDN.TA,[18231.25],6
2025-01-06,MEDN.TA,[18355.932],7
2025-01-07,MEDN.TA,[18427.68],8
2025-01-08,MEDN.TA,[18021.125],9
2025-01-09,MEDN.TA,[18340.332],10
2025-01-10,MEDN.TA,[18326.367],11
2025-01-11,MEDN.TA,[18475.043],12
2025-01-12,MEDN.TA,[18474.498],13
2025-01-13,MEDN.TA,[18547.016],14
2025-01-14,MEDN.TA,[19016.924],15
2025-01-15,MEDN.TA,[19077.305],16
2025-01-16,MEDN.TA,[18647.717],17
2025-01-17,MEDN.TA,[18364.613],18
2025-01-18,MEDN.TA,[18362.217],19
2025-01-19,MEDN.TA,[18432.025],20
2025-01-20,MEDN.TA,[18818.244],21
2025-01-21,MEDN.TA,[18513.463],22
2025-01-22,MEDN.TA,[18927.807],23
2025-01-23,MEDN.TA,[18861.951],24
2025-01-24,MEDN.TA,[18892.37],25
2025-01-25,MEDN.TA,[18945.723],26
2025-01-26,MEDN.TA,[19085.992],27
2025-01-27,MEDN.TA,[19424.564],28
2025-01-28,MEDN.TA,[18946.361],29
2025-01-29,MEDN.TA,[18933.627],30
2024-12-31,MLSR.TA,[31011.486],1
2025-01-01,MLSR.TA,[31218.65],2
2025-01-02,MLSR.TA,[31321.818],3
2025-01-03,MLSR.TA,[31860.012],4
2025-01-04,MLSR.TA,[32087.729],5
2025-01-05,MLSR.TA,[32282.223],6
2025-01-06,MLSR.TA,[31933.186],7
2025-01-07,MLSR.TA,[32786.543],8
2025-01-08,MLSR.TA,[32424.842],9
2025-01-09,MLSR.TA,[31956.445],10
2025-01-10,MLSR.TA,[32068.37],11
2025-01-11,MLSR.TA,[32419.885],12
2025-01-12,MLSR.TA,[32411.836],13
2025-01-13,MLSR.TA,[32801.64],14
2025-01-14,MLSR.TA,[33385.55],15
2025-01-15,MLSR.TA,[32837.22],16
2025-01-16,MLSR.TA,[32778.016],17
2025-01-17,MLSR.TA,[33563.367],18
2025-01-18,MLSR.TA,[33402.207],19
2025-01-19,MLSR.TA,[33792.918],20
2025-01-20,MLSR.TA,[34898.086],21
2025-01-21,MLSR.TA,[35398.285],22
2025-01-22,MLSR.TA,[35107.848],23
2025-01-23,MLSR.TA,[35349.742],24
2025-01-24,MLSR.TA,[35339.48],25
2025-01-25,MLSR.TA,[35449.39],26
2025-01-26,MLSR.TA,[35768.875],27
2025-01-27,MLSR.TA,[36022.145],28
2025-01-28,MLSR.TA,[36999.992],29
2025-01-29,MLSR.TA,[37835.34],30
2024-12-31,MNIN.TA,[1347.0084],1
2025-01-01,MNIN.TA,[1390.5126],2
2025-01-02,MNIN.TA,[1426.1559],3
2025-01-03,MNIN.TA,[1370.7185],4
2025-01-04,MNIN.TA,[1406.3036],5
2025-01-05,MNIN.TA,[1457.5865],6
2025-01-06,MNIN.TA,[1436.5322],7
2025-01-07,MNIN.TA,[1474.7198],8
2025-01-08,MNIN.TA,[1493.9155],9
2025-01-09,MNIN.TA,[1499.2845],10
2025-01-10,MNIN.TA,[1524.7777],11
2025-01-11,MNIN.TA,[1556.5587],12
2025-01-12,MNIN.TA,[1574.1211],13
2025-01-13,MNIN.TA,[1683.7062],14
2025-01-14,MNIN.TA,[1649.844],15
2025-01-15,MNIN.TA,[1640.4998],16
2025-01-16,MNIN.TA,[1624.3622],17
2025-01-17,MNIN.TA,[1632.7373],18
2025-01-18,MNIN.TA,[1618.8755],19
2025-01-19,MNIN.TA,[1632.0123],20
2025-01-20,MNIN.TA,[1597.3339],21
2025-01-21,MNIN.TA,[1572.6614],22
2025-01-22,MNIN.TA,[1572.7384],23
2025-01-23,MNIN.TA,[1550.7811],24
2025-01-24,MNIN.TA,[1501.9032],25
2025-01-25,MNIN.TA,[1522.0327],26
2025-01-26,MNIN.TA,[1523.3035],27
2025-01-27,MNIN.TA,[1478.6384],28
2025-01-28,MNIN.TA,[1480.0685],29
2025-01-29,MNIN.TA,[1527.659],30
2024-12-31,MNIF.TA,[1561.4552],1
2025-01-01,MNIF.TA,[1534.4551],2
2025-01-02,MNIF.TA,[1554.3743],3
2025-01-03,MNIF.TA,[1550.114],4
2025-01-04,MNIF.TA,[1564.5367],5
2025-01-05,MNIF.TA,[1556.6952],6
2025-01-06,MNIF.TA,[1562.9579],7
2025-01-07,MNIF.TA,[1562.0442],8
2025-01-08,MNIF.TA,[1564.7306],9
2025-01-09,MNIF.TA,[1544.0555],10
2025-01-10,MNIF.TA,[1545.6313],11
2025-01-11,MNIF.TA,[1535.4121],12
2025-01-12,MNIF.TA,[1522.533],13
2025-01-13,MNIF.TA,[1537.1823],14
2025-01-14,MNIF.TA,[1561.8109],15
2025-01-15,MNIF.TA,[1597.0785],16
2025-01-16,MNIF.TA,[1601.0278],17
2025-01-17,MNIF.TA,[1658.1086],18
2025-01-18,MNIF.TA,[1681.4343],19
2025-01-19,MNIF.TA,[1682.1536],20
2025-01-20,MNIF.TA,[1663.2544],21
2025-01-21,MNIF.TA,[1658.5542],22
2025-01-22,MNIF.TA,[1642.961],23
2025-01-23,MNIF.TA,[1710.7959],24
2025-01-24,MNIF.TA,[1716.7162],25
2025-01-25,MNIF.TA,[1746.4707],26
2025-01-26,MNIF.TA,[1719.2329],27
2025-01-27,MNIF.TA,[1728.4758],28
2025-01-28,MNIF.TA,[1685.9531],29
2025-01-29,MNIF.TA,[1718.3734],30
2024-12-31,MNRT.TA,[192.71382],1
2025-01-01,MNRT.TA,[191.88329],2
2025-01-02,MNRT.TA,[191.01932],3
2025-01-03,MNRT.TA,[188.77335],4
2025-01-04,MNRT.TA,[187.25174],5
2025-01-05,MNRT.TA,[186.40038],6
2025-01-06,MNRT.TA,[181.45488],7
2025-01-07,MNRT.TA,[178.4804],8
2025-01-08,MNRT.TA,[172.86862],9
2025-01-09,MNRT.TA,[174.36795],10
2025-01-10,MNRT.TA,[178.42682],11
2025-01-11,MNRT.TA,[173.88617],12
2025-01-12,MNRT.TA,[174.25346],13
2025-01-13,MNRT.TA,[177.04741],14
2025-01-14,MNRT.TA,[178.15782],15
2025-01-15,MNRT.TA,[181.18079],16
2025-01-16,MNRT.TA,[183.72072],17
2025-01-17,MNRT.TA,[185.18002],18
2025-01-18,MNRT.TA,[187.59714],19
2025-01-19,MNRT.TA,[187.7306],20
2025-01-20,MNRT.TA,[187.77951],21
2025-01-21,MNRT.TA,[190.82191],22
2025-01-22,MNRT.TA,[187.06506],23
2025-01-23,MNRT.TA,[185.25691],24
2025-01-24,MNRT.TA,[189.25221],25
2025-01-25,MNRT.TA,[186.79018],26
2025-01-26,MNRT.TA,[187.9068],27
2025-01-27,MNRT.TA,[185.78099],28
2025-01-28,MNRT.TA,[185.71057],29
2025-01-29,MNRT.TA,[185.08768],30
2024-12-31,MMHD.TA,[12699.72],1
2025-01-01,MMHD.TA,[12653.256],2
2025-01-02,MMHD.TA,[12733.974],3
2025-01-03,MMHD.TA,[12615.106],4
2025-01-04,MMHD.TA,[12377.864],5
2025-01-05,MMHD.TA,[12278.794],6
2025-01-06,MMHD.TA,[12697.248],7
2025-01-07,MMHD.TA,[12833.688],8
2025-01-08,MMHD.TA,[12889.162],9
2025-01-09,MMHD.TA,[12898.654],10
2025-01-10,MMHD.TA,[12880.112],11
2025-01-11,MMHD.TA,[12927.261],12
2025-01-12,MMHD.TA,[12853.012],13
2025-01-13,MMHD.TA,[12739.6],14
2025-01-14,MMHD.TA,[12823.557],15
2025-01-15,MMHD.TA,[12507.192],16
2025-01-16,MMHD.TA,[12348.781],17
2025-01-17,MMHD.TA,[12465.87],18
2025-01-18,MMHD.TA,[12327.76],19
2025-01-19,MMHD.TA,[12487.477],20
2025-01-20,MMHD.TA,[12728.152],21
2025-01-21,MMHD.TA,[12699.927],22
2025-01-22,MMHD.TA,[12537.423],23
2025-01-23,MMHD.TA,[12683.959],24
2025-01-24,MMHD.TA,[12706.668],25
2025-01-25,MMHD.TA,[12619.225],26
2025-01-26,MMHD.TA,[12763.191],27
2025-01-27,MMHD.TA,[13199.447],28
2025-01-28,MMHD.TA,[13574.638],29
2025-01-29,MMHD.TA,[13569.975],30
2024-12-31,CMER.TA,[2328.269],1
2025-01-01,CMER.TA,[2291.0583],2
2025-01-02,CMER.TA,[2368.1455],3
2025-01-03,CMER.TA,[2325.3728],4
2025-01-04,CMER.TA,[2330.4426],5
2025-01-05,CMER.TA,[2414.1482],6
2025-01-06,CMER.TA,[2526.5107],7
2025-01-07,CMER.TA,[2444.9167],8
2025-01-08,CMER.TA,[2389.65],9
2025-01-09,CMER.TA,[2447.174],10
2025-01-10,CMER.TA,[2309.8542],11
2025-01-11,CMER.TA,[2291.6848],12
2025-01-12,CMER.TA,[2402.313],13
2025-01-13,CMER.TA,[2454.6968],14
2025-01-14,CMER.TA,[2497.178],15
2025-01-15,CMER.TA,[2522.7568],16
2025-01-16,CMER.TA,[2597.4822],17
2025-01-17,CMER.TA,[2585.8508],18
2025-01-18,CMER.TA,[2486.265],19
2025-01-19,CMER.TA,[2509.6882],20
2025-01-20,CMER.TA,[2496.3108],21
2025-01-21,CMER.TA,[2414.904],22
2025-01-22,CMER.TA,[2471.319],23
2025-01-23,CMER.TA,[2448.8616],24
2025-01-24,CMER.TA,[2497.2075],25
2025-01-25,CMER.TA,[2563.7874],26
2025-01-26,CMER.TA,[2480.4988],27
2025-01-27,CMER.TA,[2488.2786],28
2025-01-28,CMER.TA,[2435.4065],29
2025-01-29,CMER.TA,[2310.7932],30
2024-12-31,MRHL.TA,[23.598639],1
2025-01-01,MRHL.TA,[41.786667],2
2025-01-02,MRHL.TA,[23.086748],3
2025-01-03,MRHL.TA,[-31.32145],4
2025-01-04,MRHL.TA,[-2.3466182],5
2025-01-05,MRHL.TA,[0.25128862],6
2025-01-06,MRHL.TA,[-0.17531449],7
2025-01-07,MRHL.TA,[-0.06333008],8
2025-01-08,MRHL.TA,[-0.06357313],9
2025-01-09,MRHL.TA,[-0.07059895],10
2025-01-10,MRHL.TA,[-0.02612976],11
2025-01-11,MRHL.TA,[-0.01399401],12
2025-01-12,MRHL.TA,[-0.02434677],13
2025-01-13,MRHL.TA,[-0.01160775],14
2025-01-14,MRHL.TA,[5.587631e-05],15
2025-01-15,MRHL.TA,[8.881909e-05],16
2025-01-16,MRHL.TA,[5.3978314e-05],17
2025-01-17,MRHL.TA,[-3.9563987e-05],18
2025-01-18,MRHL.TA,[1.0203491e-05],19
2025-01-19,MRHL.TA,[1.6340555e-05],20
2025-01-20,MRHL.TA,[5.947175e-06],21
2025-01-21,MRHL.TA,[8.196484e-06],22
2025-01-22,MRHL.TA,[-6.787383e-06],23
2025-01-23,MRHL.TA,[-8.980624e-06],24
2025-01-24,MRHL.TA,[3.8130336e-06],25
2025-01-25,MRHL.TA,[3.003385e-06],26
2025-01-26,MRHL.TA,[6.304038e-06],27
2025-01-27,MRHL.TA,[9.414259e-06],28
2025-01-28,MRHL.TA,[5.3021727e-06],29
2025-01-29,MRHL.TA,[4.0794093e-06],30
2024-12-31,MSKE.TA,[259.60468],1
2025-01-01,MSKE.TA,[247.43004],2
2025-01-02,MSKE.TA,[239.44415],3
2025-01-03,MSKE.TA,[233.3263],4
2025-01-04,MSKE.TA,[225.92107],5
2025-01-05,MSKE.TA,[232.0651],6
2025-01-06,MSKE.TA,[233.06277],7
2025-01-07,MSKE.TA,[229.08017],8
2025-01-08,MSKE.TA,[226.11493],9
2025-01-09,MSKE.TA,[235.49597],10
2025-01-10,MSKE.TA,[244.83083],11
2025-01-11,MSKE.TA,[241.48117],12
2025-01-12,MSKE.TA,[243.39587],13
2025-01-13,MSKE.TA,[234.61426],14
2025-01-14,MSKE.TA,[246.0396],15
2025-01-15,MSKE.TA,[263.49112],16
2025-01-16,MSKE.TA,[265.04944],17
2025-01-17,MSKE.TA,[264.49448],18
2025-01-18,MSKE.TA,[263.8689],19
2025-01-19,MSKE.TA,[265.30347],20
2025-01-20,MSKE.TA,[268.77866],21
2025-01-21,MSKE.TA,[282.21082],22
2025-01-22,MSKE.TA,[283.49292],23
2025-01-23,MSKE.TA,[280.25537],24
2025-01-24,MSKE.TA,[262.58206],25
2025-01-25,MSKE.TA,[258.36066],26
2025-01-26,MSKE.TA,[270.03156],27
2025-01-27,MSKE.TA,[273.27692],28
2025-01-28,MSKE.TA,[280.1345],29
2025-01-29,MSKE.TA,[284.25232],30
2024-12-31,MGRT.TA,[587.5754],1
2025-01-01,MGRT.TA,[590.78503],2
2025-01-02,MGRT.TA,[600.0351],3
2025-01-03,MGRT.TA,[611.2631],4
2025-01-04,MGRT.TA,[606.2303],5
2025-01-05,MGRT.TA,[615.3099],6
2025-01-06,MGRT.TA,[613.2639],7
2025-01-07,MGRT.TA,[623.49615],8
2025-01-08,MGRT.TA,[636.9715],9
2025-01-09,MGRT.TA,[635.5177],10
2025-01-10,MGRT.TA,[639.3945],11
2025-01-11,MGRT.TA,[638.39984],12
2025-01-12,MGRT.TA,[644.11694],13
2025-01-13,MGRT.TA,[650.6424],14
2025-01-14,MGRT.TA,[650.2774],15
2025-01-15,MGRT.TA,[658.56287],16
2025-01-16,MGRT.TA,[660.42633],17
2025-01-17,MGRT.TA,[663.19543],18
2025-01-18,MGRT.TA,[670.0623],19
2025-01-19,MGRT.TA,[674.9186],20
2025-01-20,MGRT.TA,[689.0999],21
2025-01-21,MGRT.TA,[672.3023],22
2025-01-22,MGRT.TA,[674.95496],23
2025-01-23,MGRT.TA,[664.8345],24
2025-01-24,MGRT.TA,[673.50726],25
2025-01-25,MGRT.TA,[675.459],26
2025-01-26,MGRT.TA,[680.49164],27
2025-01-27,MGRT.TA,[683.52344],28
2025-01-28,MGRT.TA,[679.8484],29
2025-01-29,MGRT.TA,[690.61285],30
2024-12-31,MIA.TA,[30.802507],1
2025-01-01,MIA.TA,[31.357635],2
2025-01-02,MIA.TA,[32.044205],3
2025-01-03,MIA.TA,[33.13844],4
2025-01-04,MIA.TA,[33.033325],5
2025-01-05,MIA.TA,[34.201084],6
2025-01-06,MIA.TA,[33.384327],7
2025-01-07,MIA.TA,[31.952888],8
2025-01-08,MIA.TA,[32.63659],9
2025-01-09,MIA.TA,[33.231453],10
2025-01-10,MIA.TA,[31.759567],11
2025-01-11,MIA.TA,[30.607418],12
2025-01-12,MIA.TA,[30.11506],13
2025-01-13,MIA.TA,[30.876743],14
2025-01-14,MIA.TA,[31.335432],15
2025-01-15,MIA.TA,[31.14205],16
2025-01-16,MIA.TA,[31.49874],17
2025-01-17,MIA.TA,[33.136414],18
2025-01-18,MIA.TA,[35.585037],19
2025-01-19,MIA.TA,[35.074825],20
2025-01-20,MIA.TA,[37.319553],21
2025-01-21,MIA.TA,[38.43864],22
2025-01-22,MIA.TA,[37.131294],23
2025-01-23,MIA.TA,[36.023308],24
2025-01-24,MIA.TA,[37.48558],25
2025-01-25,MIA.TA,[37.325775],26
2025-01-26,MIA.TA,[39.565075],27
2025-01-27,MIA.TA,[39.13248],28
2025-01-28,MIA.TA,[38.485245],29
2025-01-29,MIA.TA,[37.83773],30
2024-12-31,MCLL.TA,[992.3952],1
2025-01-01,MCLL.TA,[996.52563],2
2025-01-02,MCLL.TA,[1006.9108],3
2025-01-03,MCLL.TA,[1021.57477],4
2025-01-04,MCLL.TA,[1035.4221],5
2025-01-05,MCLL.TA,[1049.2197],6
2025-01-06,MCLL.TA,[1056.9211],7
2025-01-07,MCLL.TA,[1044.6884],8
2025-01-08,MCLL.TA,[1053.7826],9
2025-01-09,MCLL.TA,[1051.6853],10
2025-01-10,MCLL.TA,[1075.2966],11
2025-01-11,MCLL.TA,[1074.7158],12
2025-01-12,MCLL.TA,[1093.6787],13
2025-01-13,MCLL.TA,[1095.1307],14
2025-01-14,MCLL.TA,[1096.815],15
2025-01-15,MCLL.TA,[1102.5287],16
2025-01-16,MCLL.TA,[1100.824],17
2025-01-17,MCLL.TA,[1086.4352],18
2025-01-18,MCLL.TA,[1091.0386],19
2025-01-19,MCLL.TA,[1097.1066],20
2025-01-20,MCLL.TA,[1104.3771],21
2025-01-21,MCLL.TA,[1109.7882],22
2025-01-22,MCLL.TA,[1086.3239],23
2025-01-23,MCLL.TA,[1088.2106],24
2025-01-24,MCLL.TA,[1108.0302],25
2025-01-25,MCLL.TA,[1079.2513],26
2025-01-26,MCLL.TA,[1066.3284],27
2025-01-27,MCLL.TA,[1074.4296],28
2025-01-28,MCLL.TA,[1079.9308],29
2025-01-29,MCLL.TA,[1064.9941],30
2024-12-31,MCMN.TA,[27326.709],1
2025-01-01,MCMN.TA,[27216.05],2
2025-01-02,MCMN.TA,[27517.9],3
2025-01-03,MCMN.TA,[27825.312],4
2025-01-04,MCMN.TA,[28441.402],5
2025-01-05,MCMN.TA,[29083.262],6
2025-01-06,MCMN.TA,[28851.562],7
2025-01-07,MCMN.TA,[29129.09],8
2025-01-08,MCMN.TA,[30106.336],9
2025-01-09,MCMN.TA,[30466.086],10
2025-01-10,MCMN.TA,[30674.916],11
2025-01-11,MCMN.TA,[29868.816],12
2025-01-12,MCMN.TA,[29952.31],13
2025-01-13,MCMN.TA,[30901.914],14
2025-01-14,MCMN.TA,[31507.246],15
2025-01-15,MCMN.TA,[31364.92],16
2025-01-16,MCMN.TA,[31445.24],17
2025-01-17,MCMN.TA,[32077.06],18
2025-01-18,MCMN.TA,[32342.705],19
2025-01-19,MCMN.TA,[32613.719],20
2025-01-20,MCMN.TA,[32118.43],21
2025-01-21,MCMN.TA,[32592.889],22
2025-01-22,MCMN.TA,[32746.932],23
2025-01-23,MCMN.TA,[34049.047],24
2025-01-24,MCMN.TA,[34044.63],25
2025-01-25,MCMN.TA,[35479.934],26
2025-01-26,MCMN.TA,[35759.49],27
2025-01-27,MCMN.TA,[35375.883],28
2025-01-28,MCMN.TA,[35552.184],29
2025-01-29,MCMN.TA,[36138.035],30
2024-12-31,MCRNT.TA,[206.28555],1
2025-01-01,MCRNT.TA,[186.55795],2
2025-01-02,MCRNT.TA,[182.08469],3
2025-01-03,MCRNT.TA,[197.96306],4
2025-01-04,MCRNT.TA,[191.53711],5
2025-01-05,MCRNT.TA,[178.4342],6
2025-01-06,MCRNT.TA,[188.42537],7
2025-01-07,MCRNT.TA,[193.4365],8
2025-01-08,MCRNT.TA,[210.00342],9
2025-01-09,MCRNT.TA,[202.29602],10
2025-01-10,MCRNT.TA,[218.28131],11
2025-01-11,MCRNT.TA,[236.2005],12
2025-01-12,MCRNT.TA,[197.60358],13
2025-01-13,MCRNT.TA,[199.36261],14
2025-01-14,MCRNT.TA,[200.29974],15
2025-01-15,MCRNT.TA,[220.55104],16
2025-01-16,MCRNT.TA,[226.71217],17
2025-01-17,MCRNT.TA,[224.85934],18
2025-01-18,MCRNT.TA,[222.66983],19
2025-01-19,MCRNT.TA,[234.65172],20
2025-01-20,MCRNT.TA,[231.75778],21
2025-01-21,MCRNT.TA,[263.07956],22
2025-01-22,MCRNT.TA,[291.09314],23
2025-01-23,MCRNT.TA,[317.96918],24
2025-01-24,MCRNT.TA,[382.53253],25
2025-01-25,MCRNT.TA,[412.57132],26
2025-01-26,MCRNT.TA,[472.10065],27
2025-01-27,MCRNT.TA,[479.9204],28
2025-01-28,MCRNT.TA,[398.50333],29
2025-01-29,MCRNT.TA,[395.3064],30
2024-12-31,MGDL.TA,[635.4133],1
2025-01-01,MGDL.TA,[631.38544],2
2025-01-02,MGDL.TA,[625.1803],3
2025-01-03,MGDL.TA,[632.2756],4
2025-01-04,MGDL.TA,[640.0625],5
2025-01-05,MGDL.TA,[653.8604],6
2025-01-06,MGDL.TA,[672.13007],7
2025-01-07,MGDL.TA,[679.9698],8
2025-01-08,MGDL.TA,[676.5529],9
2025-01-09,MGDL.TA,[679.81146],10
2025-01-10,MGDL.TA,[677.4594],11
2025-01-11,MGDL.TA,[671.70514],12
2025-01-12,MGDL.TA,[660.2314],13
2025-01-13,MGDL.TA,[684.5484],14
2025-01-14,MGDL.TA,[688.7813],15
2025-01-15,MGDL.TA,[698.3839],16
2025-01-16,MGDL.TA,[693.52716],17
2025-01-17,MGDL.TA,[694.4424],18
2025-01-18,MGDL.TA,[701.65173],19
2025-01-19,MGDL.TA,[703.2067],20
2025-01-20,MGDL.TA,[705.58514],21
2025-01-21,MGDL.TA,[703.8015],22
2025-01-22,MGDL.TA,[706.12335],23
2025-01-23,MGDL.TA,[696.52203],24
2025-01-24,MGDL.TA,[705.26355],25
2025-01-25,MGDL.TA,[710.16235],26
2025-01-26,MGDL.TA,[722.0799],27
2025-01-27,MGDL.TA,[730.55634],28
2025-01-28,MGDL.TA,[736.3653],29
2025-01-29,MGDL.TA,[731.5732],30
2024-12-31,MIFT.TA,[171.15024],1
2025-01-01,MIFT.TA,[198.5079],2
2025-01-02,MIFT.TA,[247.64159],3
2025-01-03,MIFT.TA,[217.66045],4
2025-01-04,MIFT.TA,[170.96175],5
2025-01-05,MIFT.TA,[181.93481],6
2025-01-06,MIFT.TA,[248.58592],7
2025-01-07,MIFT.TA,[229.46004],8
2025-01-08,MIFT.TA,[220.6371],9
2025-01-09,MIFT.TA,[227.43161],10
2025-01-10,MIFT.TA,[191.20267],11
2025-01-11,MIFT.TA,[134.80385],12
2025-01-12,MIFT.TA,[161.2329],13
2025-01-13,MIFT.TA,[167.43808],14
2025-01-14,MIFT.TA,[174.43985],15
2025-01-15,MIFT.TA,[211.32928],16
2025-01-16,MIFT.TA,[168.98299],17
2025-01-17,MIFT.TA,[152.99554],18
2025-01-18,MIFT.TA,[144.69714],19
2025-01-19,MIFT.TA,[183.28052],20
2025-01-20,MIFT.TA,[207.42188],21
2025-01-21,MIFT.TA,[228.87741],22
2025-01-22,MIFT.TA,[163.51213],23
2025-01-23,MIFT.TA,[211.53644],24
2025-01-24,MIFT.TA,[170.46191],25
2025-01-25,MIFT.TA,[163.83543],26
2025-01-26,MIFT.TA,[219.61995],27
2025-01-27,MIFT.TA,[217.69676],28
2025-01-28,MIFT.TA,[168.37775],29
2025-01-29,MIFT.TA,[176.52634],30
2024-12-31,MLD.TA,[0.02975729],1
2025-01-01,MLD.TA,[0.01239956],2
2025-01-02,MLD.TA,[0.01381661],3
2025-01-03,MLD.TA,[0.00375343],4
2025-01-04,MLD.TA,[0.0065008],5
2025-01-05,MLD.TA,[0.00429159],6
2025-01-06,MLD.TA,[0.00219046],7
2025-01-07,MLD.TA,[0.00379537],8
2025-01-08,MLD.TA,[0.00353756],9
2025-01-09,MLD.TA,[0.00605559],10
2025-01-10,MLD.TA,[0.00780959],11
2025-01-11,MLD.TA,[0.00692692],12
2025-01-12,MLD.TA,[0.00287717],13
2025-01-13,MLD.TA,[0.00439195],14
2025-01-14,MLD.TA,[-0.00051],15
2025-01-15,MLD.TA,[-0.00060796],16
2025-01-16,MLD.TA,[-0.00082455],17
2025-01-17,MLD.TA,[-0.00096171],18
2025-01-18,MLD.TA,[-0.0010906],19
2025-01-19,MLD.TA,[-0.00063476],20
2025-01-20,MLD.TA,[-0.00109068],21
2025-01-21,MLD.TA,[-0.00144154],22
2025-01-22,MLD.TA,[-0.0020399],23
2025-01-23,MLD.TA,[-0.00243898],24
2025-01-24,MLD.TA,[-0.00437437],25
2025-01-25,MLD.TA,[-0.00496187],26
2025-01-26,MLD.TA,[-0.00831205],27
2025-01-27,MLD.TA,[-0.00960425],28
2025-01-28,MLD.TA,[-0.00517035],29
2025-01-29,MLD.TA,[-0.00297795],30
2024-12-31,MSHR.TA,[683.01117],1
2025-01-01,MSHR.TA,[664.57526],2
2025-01-02,MSHR.TA,[668.1515],3
2025-01-03,MSHR.TA,[664.3287],4
2025-01-04,MSHR.TA,[674.53204],5
2025-01-05,MSHR.TA,[674.8314],6
2025-01-06,MSHR.TA,[682.0966],7
2025-01-07,MSHR.TA,[671.9338],8
2025-01-08,MSHR.TA,[675.5522],9
2025-01-09,MSHR.TA,[682.3822],10
2025-01-10,MSHR.TA,[688.3662],11
2025-01-11,MSHR.TA,[694.4492],12
2025-01-12,MSHR.TA,[700.3391],13
2025-01-13,MSHR.TA,[715.03296],14
2025-01-14,MSHR.TA,[725.4156],15
2025-01-15,MSHR.TA,[720.1008],16
2025-01-16,MSHR.TA,[715.24506],17
2025-01-17,MSHR.TA,[732.00543],18
2025-01-18,MSHR.TA,[730.7223],19
2025-01-19,MSHR.TA,[737.67725],20
2025-01-20,MSHR.TA,[751.2403],21
2025-01-21,MSHR.TA,[757.8509],22
2025-01-22,MSHR.TA,[759.379],23
2025-01-23,MSHR.TA,[752.8161],24
2025-01-24,MSHR.TA,[748.1754],25
2025-01-25,MSHR.TA,[744.5819],26
2025-01-26,MSHR.TA,[750.7948],27
2025-01-27,MSHR.TA,[740.7435],28
2025-01-28,MSHR.TA,[727.2325],29
2025-01-29,MSHR.TA,[721.4551],30
2024-12-31,MVNE.TA,[1068.5555],1
2025-01-01,MVNE.TA,[1066.6162],2
2025-01-02,MVNE.TA,[1058.1423],3
2025-01-03,MVNE.TA,[1070.6787],4
2025-01-04,MVNE.TA,[1108.7115],5
2025-01-05,MVNE.TA,[1122.3066],6
2025-01-06,MVNE.TA,[1120.4984],7
2025-01-07,MVNE.TA,[1121.8005],8
2025-01-08,MVNE.TA,[1116.1534],9
2025-01-09,MVNE.TA,[1111.0623],10
2025-01-10,MVNE.TA,[1112.6262],11
2025-01-11,MVNE.TA,[1111.4578],12
2025-01-12,MVNE.TA,[1119.8275],13
2025-01-13,MVNE.TA,[1127.786],14
2025-01-14,MVNE.TA,[1137.2087],15
2025-01-15,MVNE.TA,[1135.0819],16
2025-01-16,MVNE.TA,[1113.8318],17
2025-01-17,MVNE.TA,[1130.6766],18
2025-01-18,MVNE.TA,[1117.8514],19
2025-01-19,MVNE.TA,[1103.6927],20
2025-01-20,MVNE.TA,[1095.1635],21
2025-01-21,MVNE.TA,[1098.9646],22
2025-01-22,MVNE.TA,[1104.1216],23
2025-01-23,MVNE.TA,[1139.6359],24
2025-01-24,MVNE.TA,[1135.6583],25
2025-01-25,MVNE.TA,[1146.721],26
2025-01-26,MVNE.TA,[1150.9347],27
2025-01-27,MVNE.TA,[1164.3225],28
2025-01-28,MVNE.TA,[1170.3326],29
2025-01-29,MVNE.TA,[1191.9766],30
2024-12-31,MISH.TA,[18391.062],1
2025-01-01,MISH.TA,[18220.91],2
2025-01-02,MISH.TA,[18252.037],3
2025-01-03,MISH.TA,[18437.414],4
2025-01-04,MISH.TA,[18358.406],5
2025-01-05,MISH.TA,[18425.33],6
2025-01-06,MISH.TA,[18943.004],7
2025-01-07,MISH.TA,[18958.549],8
2025-01-08,MISH.TA,[19039.291],9
2025-01-09,MISH.TA,[19195.045],10
2025-01-10,MISH.TA,[19266.707],11
2025-01-11,MISH.TA,[19484.207],12
2025-01-12,MISH.TA,[19589.906],13
2025-01-13,MISH.TA,[19928.06],14
2025-01-14,MISH.TA,[20135.209],15
2025-01-15,MISH.TA,[20640.594],16
2025-01-16,MISH.TA,[20535.11],17
2025-01-17,MISH.TA,[20826.53],18
2025-01-18,MISH.TA,[20867.629],19
2025-01-19,MISH.TA,[20762.432],20
2025-01-20,MISH.TA,[20637.674],21
2025-01-21,MISH.TA,[20536.842],22
2025-01-22,MISH.TA,[21190.627],23
2025-01-23,MISH.TA,[21200.56],24
2025-01-24,MISH.TA,[21719.27],25
2025-01-25,MISH.TA,[22483.738],26
2025-01-26,MISH.TA,[22436.473],27
2025-01-27,MISH.TA,[22817.766],28
2025-01-28,MISH.TA,[22825.096],29
2025-01-29,MISH.TA,[23791.533],30
2024-12-31,MZTF.TA,[15596.697],1
2025-01-01,MZTF.TA,[15751.868],2
2025-01-02,MZTF.TA,[16243.441],3
2025-01-03,MZTF.TA,[15896.916],4
2025-01-04,MZTF.TA,[15963.541],5
2025-01-05,MZTF.TA,[16261.675],6
2025-01-06,MZTF.TA,[16158.28],7
2025-01-07,MZTF.TA,[15918.797],8
2025-01-08,MZTF.TA,[15507.318],9
2025-01-09,MZTF.TA,[15464.4],10
2025-01-10,MZTF.TA,[15129.926],11
2025-01-11,MZTF.TA,[15189.2295],12
2025-01-12,MZTF.TA,[14685.625],13
2025-01-13,MZTF.TA,[14590.211],14
2025-01-14,MZTF.TA,[14369.502],15
2025-01-15,MZTF.TA,[14117.829],16
2025-01-16,MZTF.TA,[14122.973],17
2025-01-17,MZTF.TA,[14226.981],18
2025-01-18,MZTF.TA,[14122.545],19
2025-01-19,MZTF.TA,[14346.405],20
2025-01-20,MZTF.TA,[14410.799],21
2025-01-21,MZTF.TA,[14538.399],22
2025-01-22,MZTF.TA,[14860.679],23
2025-01-23,MZTF.TA,[14668.648],24
2025-01-24,MZTF.TA,[14734.511],25
2025-01-25,MZTF.TA,[14682.267],26
2025-01-26,MZTF.TA,[14819.503],27
2025-01-27,MZTF.TA,[14618.803],28
2025-01-28,MZTF.TA,[14773.429],29
2025-01-29,MZTF.TA,[14888.514],30
2024-12-31,MLRN.TA,[758.7344],1
2025-01-01,MLRN.TA,[783.4249],2
2025-01-02,MLRN.TA,[793.3605],3
2025-01-03,MLRN.TA,[833.89276],4
2025-01-04,MLRN.TA,[807.40155],5
2025-01-05,MLRN.TA,[821.9188],6
2025-01-06,MLRN.TA,[803.2487],7
2025-01-07,MLRN.TA,[818.77795],8
2025-01-08,MLRN.TA,[800.1257],9
2025-01-09,MLRN.TA,[810.80804],10
2025-01-10,MLRN.TA,[787.3314],11
2025-01-11,MLRN.TA,[809.37286],12
2025-01-12,MLRN.TA,[831.04254],13
2025-01-13,MLRN.TA,[822.3543],14
2025-01-14,MLRN.TA,[834.5856],15
2025-01-15,MLRN.TA,[838.38293],16
2025-01-16,MLRN.TA,[844.17505],17
2025-01-17,MLRN.TA,[870.4572],18
2025-01-18,MLRN.TA,[891.65173],19
2025-01-19,MLRN.TA,[898.243],20
2025-01-20,MLRN.TA,[877.8252],21
2025-01-21,MLRN.TA,[876.5876],22
2025-01-22,MLRN.TA,[867.9166],23
2025-01-23,MLRN.TA,[881.5441],24
2025-01-24,MLRN.TA,[896.5538],25
2025-01-25,MLRN.TA,[858.4626],26
2025-01-26,MLRN.TA,[858.1498],27
2025-01-27,MLRN.TA,[850.1384],28
2025-01-28,MLRN.TA,[837.55835],29
2025-01-29,MLRN.TA,[821.5286],30
2024-12-31,MDIN.TA,[146.02861],1
2025-01-01,MDIN.TA,[140.23091],2
2025-01-02,MDIN.TA,[143.36093],3
2025-01-03,MDIN.TA,[140.01544],4
2025-01-04,MDIN.TA,[139.52873],5
2025-01-05,MDIN.TA,[133.52457],6
2025-01-06,MDIN.TA,[137.13046],7
2025-01-07,MDIN.TA,[134.55984],8
2025-01-08,MDIN.TA,[138.97298],9
2025-01-09,MDIN.TA,[145.13283],10
2025-01-10,MDIN.TA,[147.27065],11
2025-01-11,MDIN.TA,[138.2441],12
2025-01-12,MDIN.TA,[135.58916],13
2025-01-13,MDIN.TA,[137.63548],14
2025-01-14,MDIN.TA,[141.05962],15
2025-01-15,MDIN.TA,[135.81448],16
2025-01-16,MDIN.TA,[141.19899],17
2025-01-17,MDIN.TA,[138.00104],18
2025-01-18,MDIN.TA,[140.27122],19
2025-01-19,MDIN.TA,[140.47899],20
2025-01-20,MDIN.TA,[139.45117],21
2025-01-21,MDIN.TA,[142.67648],22
2025-01-22,MDIN.TA,[140.13126],23
2025-01-23,MDIN.TA,[138.87991],24
2025-01-24,MDIN.TA,[140.13667],25
2025-01-25,MDIN.TA,[140.95079],26
2025-01-26,MDIN.TA,[136.60283],27
2025-01-27,MDIN.TA,[128.14453],28
2025-01-28,MDIN.TA,[128.03651],29
2025-01-29,MDIN.TA,[128.0014],30
2024-12-31,MRG.TA,[1280.2346],1
2025-01-01,MRG.TA,[1310.6768],2
2025-01-02,MRG.TA,[1321.188],3
2025-01-03,MRG.TA,[1535.3555],4
2025-01-04,MRG.TA,[1800.4651],5
2025-01-05,MRG.TA,[1982.3652],6
2025-01-06,MRG.TA,[2065.372],7
2025-01-07,MRG.TA,[2377.049],8
2025-01-08,MRG.TA,[2381.866],9
2025-01-09,MRG.TA,[2379.8828],10
2025-01-10,MRG.TA,[2739.8367],11
2025-01-11,MRG.TA,[2779.6626],12
2025-01-12,MRG.TA,[3560.3013],13
2025-01-13,MRG.TA,[3820.7383],14
2025-01-14,MRG.TA,[3648.7932],15
2025-01-15,MRG.TA,[3311.3171],16
2025-01-16,MRG.TA,[3369.94],17
2025-01-17,MRG.TA,[3742.4194],18
2025-01-18,MRG.TA,[4082.0989],19
2025-01-19,MRG.TA,[4845.809],20
2025-01-20,MRG.TA,[4725.279],21
2025-01-21,MRG.TA,[5110.7207],22
2025-01-22,MRG.TA,[4325.279],23
2025-01-23,MRG.TA,[4309.1313],24
2025-01-24,MRG.TA,[4916.569],25
2025-01-25,MRG.TA,[5181.85],26
2025-01-26,MRG.TA,[5148.0054],27
2025-01-27,MRG.TA,[5494.967],28
2025-01-28,MRG.TA,[4489.198],29
2025-01-29,MRG.TA,[4968.9775],30
2024-12-31,MYDS.TA,[236.01666],1
2025-01-01,MYDS.TA,[1979.4718],2
2025-01-02,MYDS.TA,[-15673.152],3
2025-01-03,MYDS.TA,[-206370.52],4
2025-01-04,MYDS.TA,[-520955.88],5
2025-01-05,MYDS.TA,[-4157026.8],6
2025-01-06,MYDS.TA,[24027398.],7
2025-01-07,MYDS.TA,[2.2972213e+08],8
2025-01-08,MYDS.TA,[6.422705e+08],9
2025-01-09,MYDS.TA,[-8.2642534e+09],10
2025-01-10,MYDS.TA,[4.818932e+10],11
2025-01-11,MYDS.TA,[-3.8634658e+11],12
2025-01-12,MYDS.TA,[2.4272203e+11],13
2025-01-13,MYDS.TA,[4.1725287e+12],14
2025-01-14,MYDS.TA,[7.454021e+13],15
2025-01-15,MYDS.TA,[1.8695449e+14],16
2025-01-16,MYDS.TA,[-5.839524e+14],17
2025-01-17,MYDS.TA,[3.3512188e+15],18
2025-01-18,MYDS.TA,[5.1391818e+16],19
2025-01-19,MYDS.TA,[-7.141224e+16],20
2025-01-20,MYDS.TA,[-6.461594e+17],21
2025-01-21,MYDS.TA,[-3.519031e+18],22
2025-01-22,MYDS.TA,[-3.3485312e+19],23
2025-01-23,MYDS.TA,[3.144222e+19],24
2025-01-24,MYDS.TA,[-2.5920661e+20],25
2025-01-25,MYDS.TA,[1.00730254e+21],26
2025-01-26,MYDS.TA,[4.205415e+21],27
2025-01-27,MYDS.TA,[-3.763853e+21],28
2025-01-28,MYDS.TA,[-2.5900431e+22],29
2025-01-29,MYDS.TA,[-2.7973098e+23],30
2024-12-31,NFTA.TA,[2274.6348],1
2025-01-01,NFTA.TA,[2226.3882],2
2025-01-02,NFTA.TA,[2181.3176],3
2025-01-03,NFTA.TA,[2244.3457],4
2025-01-04,NFTA.TA,[2198.0242],5
2025-01-05,NFTA.TA,[2270.4382],6
2025-01-06,NFTA.TA,[2301.1765],7
2025-01-07,NFTA.TA,[2337.0295],8
2025-01-08,NFTA.TA,[2391.004],9
2025-01-09,NFTA.TA,[2373.6047],10
2025-01-10,NFTA.TA,[2343.2576],11
2025-01-11,NFTA.TA,[2289.4092],12
2025-01-12,NFTA.TA,[2265.8965],13
2025-01-13,NFTA.TA,[2249.1714],14
2025-01-14,NFTA.TA,[2266.4595],15
2025-01-15,NFTA.TA,[2304.0781],16
2025-01-16,NFTA.TA,[2329.985],17
2025-01-17,NFTA.TA,[2327.7935],18
2025-01-18,NFTA.TA,[2244.3755],19
2025-01-19,NFTA.TA,[2216.147],20
2025-01-20,NFTA.TA,[2224.6125],21
2025-01-21,NFTA.TA,[2266.8994],22
2025-01-22,NFTA.TA,[2214.9292],23
2025-01-23,NFTA.TA,[2130.994],24
2025-01-24,NFTA.TA,[2122.954],25
2025-01-25,NFTA.TA,[2149.0208],26
2025-01-26,NFTA.TA,[2120.1978],27
2025-01-27,NFTA.TA,[2137.7405],28
2025-01-28,NFTA.TA,[2088.2495],29
2025-01-29,NFTA.TA,[2117.064],30
2024-12-31,NVPT.TA,[6579.9126],1
2025-01-01,NVPT.TA,[6593.5215],2
2025-01-02,NVPT.TA,[6678.6504],3
2025-01-03,NVPT.TA,[6792.812],4
2025-01-04,NVPT.TA,[6961.114],5
2025-01-05,NVPT.TA,[6909.629],6
2025-01-06,NVPT.TA,[6798.7964],7
2025-01-07,NVPT.TA,[6850.5146],8
2025-01-08,NVPT.TA,[7050.695],9
2025-01-09,NVPT.TA,[7033.228],10
2025-01-10,NVPT.TA,[6860.78],11
2025-01-11,NVPT.TA,[7093.726],12
2025-01-12,NVPT.TA,[7053.8643],13
2025-01-13,NVPT.TA,[7094.882],14
2025-01-14,NVPT.TA,[7036.7275],15
2025-01-15,NVPT.TA,[7226.712],16
2025-01-16,NVPT.TA,[7188.0522],17
2025-01-17,NVPT.TA,[7255.561],18
2025-01-18,NVPT.TA,[7359.3667],19
2025-01-19,NVPT.TA,[7297.5],20
2025-01-20,NVPT.TA,[7240.1934],21
2025-01-21,NVPT.TA,[7262.1826],22
2025-01-22,NVPT.TA,[7277.815],23
2025-01-23,NVPT.TA,[7124.494],24
2025-01-24,NVPT.TA,[6969.4243],25
2025-01-25,NVPT.TA,[7075.752],26
2025-01-26,NVPT.TA,[7108.8667],27
2025-01-27,NVPT.TA,[7169.503],28
2025-01-28,NVPT.TA,[7197.5215],29
2025-01-29,NVPT.TA,[7189.9937],30
2024-12-31,NAWI.TA,[3455.5764],1
2025-01-01,NAWI.TA,[3413.582],2
2025-01-02,NAWI.TA,[3484.9055],3
2025-01-03,NAWI.TA,[3500.935],4
2025-01-04,NAWI.TA,[3564.375],5
2025-01-05,NAWI.TA,[3586.3125],6
2025-01-06,NAWI.TA,[3547.319],7
2025-01-07,NAWI.TA,[3565.4224],8
2025-01-08,NAWI.TA,[3502.3965],9
2025-01-09,NAWI.TA,[3457.743],10
2025-01-10,NAWI.TA,[3465.5615],11
2025-01-11,NAWI.TA,[3502.8867],12
2025-01-12,NAWI.TA,[3509.345],13
2025-01-13,NAWI.TA,[3574.8801],14
2025-01-14,NAWI.TA,[3614.1167],15
2025-01-15,NAWI.TA,[3626.7595],16
2025-01-16,NAWI.TA,[3624.3538],17
2025-01-17,NAWI.TA,[3650.8748],18
2025-01-18,NAWI.TA,[3684.929],19
2025-01-19,NAWI.TA,[3644.7043],20
2025-01-20,NAWI.TA,[3701.6924],21
2025-01-21,NAWI.TA,[3691.861],22
2025-01-22,NAWI.TA,[3693.0586],23
2025-01-23,NAWI.TA,[3688.7412],24
2025-01-24,NAWI.TA,[3610.5823],25
2025-01-25,NAWI.TA,[3625.438],26
2025-01-26,NAWI.TA,[3646.2737],27
2025-01-27,NAWI.TA,[3648.1384],28
2025-01-28,NAWI.TA,[3701.4036],29
2025-01-29,NAWI.TA,[3697.1582],30
2024-12-31,NYAX.TA,[11656.453],1
2025-01-01,NYAX.TA,[11828.021],2
2025-01-02,NYAX.TA,[11418.771],3
2025-01-03,NYAX.TA,[12386.392],4
2025-01-04,NYAX.TA,[12468.392],5
2025-01-05,NYAX.TA,[12506.44],6
2025-01-06,NYAX.TA,[13044.822],7
2025-01-07,NYAX.TA,[12857.892],8
2025-01-08,NYAX.TA,[13648.201],9
2025-01-09,NYAX.TA,[14249.468],10
2025-01-10,NYAX.TA,[14523.637],11
2025-01-11,NYAX.TA,[15314.487],12
2025-01-12,NYAX.TA,[15084.744],13
2025-01-13,NYAX.TA,[15644.029],14
2025-01-14,NYAX.TA,[14895.425],15
2025-01-15,NYAX.TA,[14668.079],16
2025-01-16,NYAX.TA,[14453.904],17
2025-01-17,NYAX.TA,[14203.016],18
2025-01-18,NYAX.TA,[14461.8125],19
2025-01-19,NYAX.TA,[14096.336],20
2025-01-20,NYAX.TA,[14761.235],21
2025-01-21,NYAX.TA,[14265.95],22
2025-01-22,NYAX.TA,[14542.229],23
2025-01-23,NYAX.TA,[15575.742],24
2025-01-24,NYAX.TA,[15761.193],25
2025-01-25,NYAX.TA,[15698.495],26
2025-01-26,NYAX.TA,[15348.766],27
2025-01-27,NYAX.TA,[15851.544],28
2025-01-28,NYAX.TA,[16771.006],29
2025-01-29,NYAX.TA,[17159.438],30
2024-12-31,NTGR.TA,[1343.5624],1
2025-01-01,NTGR.TA,[1394.3549],2
2025-01-02,NTGR.TA,[1366.8693],3
2025-01-03,NTGR.TA,[1340.8699],4
2025-01-04,NTGR.TA,[1353.7616],5
2025-01-05,NTGR.TA,[1320.42],6
2025-01-06,NTGR.TA,[1283.4352],7
2025-01-07,NTGR.TA,[1293.9531],8
2025-01-08,NTGR.TA,[1287.3984],9
2025-01-09,NTGR.TA,[1302.7256],10
2025-01-10,NTGR.TA,[1301.2942],11
2025-01-11,NTGR.TA,[1285.6858],12
2025-01-12,NTGR.TA,[1281.9805],13
2025-01-13,NTGR.TA,[1294.559],14
2025-01-14,NTGR.TA,[1289.5288],15
2025-01-15,NTGR.TA,[1294.4968],16
2025-01-16,NTGR.TA,[1327.9116],17
2025-01-17,NTGR.TA,[1334.6053],18
2025-01-18,NTGR.TA,[1327.9758],19
2025-01-19,NTGR.TA,[1390.3713],20
2025-01-20,NTGR.TA,[1377.9633],21
2025-01-21,NTGR.TA,[1385.5692],22
2025-01-22,NTGR.TA,[1340.251],23
2025-01-23,NTGR.TA,[1389.7483],24
2025-01-24,NTGR.TA,[1382.7698],25
2025-01-25,NTGR.TA,[1433.1182],26
2025-01-26,NTGR.TA,[1422.2329],27
2025-01-27,NTGR.TA,[1422.4521],28
2025-01-28,NTGR.TA,[1441.899],29
2025-01-29,NTGR.TA,[1407.9801],30
2024-12-31,NTNB.TA,[227.42177],1
2025-01-01,NTNB.TA,[228.8881],2
2025-01-02,NTNB.TA,[230.5424],3
2025-01-03,NTNB.TA,[231.69144],4
2025-01-04,NTNB.TA,[231.47435],5
2025-01-05,NTNB.TA,[231.47472],6
2025-01-06,NTNB.TA,[234.50938],7
2025-01-07,NTNB.TA,[232.47678],8
2025-01-08,NTNB.TA,[228.20251],9
2025-01-09,NTNB.TA,[228.94151],10
2025-01-10,NTNB.TA,[226.27626],11
2025-01-11,NTNB.TA,[228.53133],12
2025-01-12,NTNB.TA,[230.16844],13
2025-01-13,NTNB.TA,[232.83667],14
2025-01-14,NTNB.TA,[231.40707],15
2025-01-15,NTNB.TA,[229.87355],16
2025-01-16,NTNB.TA,[227.28287],17
2025-01-17,NTNB.TA,[228.66003],18
2025-01-18,NTNB.TA,[227.74878],19
2025-01-19,NTNB.TA,[226.19055],20
2025-01-20,NTNB.TA,[228.79582],21
2025-01-21,NTNB.TA,[229.48999],22
2025-01-22,NTNB.TA,[231.50812],23
2025-01-23,NTNB.TA,[231.59544],24
2025-01-24,NTNB.TA,[233.29126],25
2025-01-25,NTNB.TA,[237.3614],26
2025-01-26,NTNB.TA,[236.87097],27
2025-01-27,NTNB.TA,[241.15352],28
2025-01-28,NTNB.TA,[240.9748],29
2025-01-29,NTNB.TA,[239.30585],30
2024-12-31,NTO.TA,[9688.052],1
2025-01-01,NTO.TA,[9437.909],2
2025-01-02,NTO.TA,[9984.353],3
2025-01-03,NTO.TA,[10352.918],4
2025-01-04,NTO.TA,[10104.059],5
2025-01-05,NTO.TA,[9969.326],6
2025-01-06,NTO.TA,[9504.6455],7
2025-01-07,NTO.TA,[10006.283],8
2025-01-08,NTO.TA,[9731.476],9
2025-01-09,NTO.TA,[9731.112],10
2025-01-10,NTO.TA,[9428.885],11
2025-01-11,NTO.TA,[9455.016],12
2025-01-12,NTO.TA,[9730.609],13
2025-01-13,NTO.TA,[9861.127],14
2025-01-14,NTO.TA,[9762.597],15
2025-01-15,NTO.TA,[10077.604],16
2025-01-16,NTO.TA,[10115.303],17
2025-01-17,NTO.TA,[10017.546],18
2025-01-18,NTO.TA,[9944.905],19
2025-01-19,NTO.TA,[9512.62],20
2025-01-20,NTO.TA,[9431.59],21
2025-01-21,NTO.TA,[9892.345],22
2025-01-22,NTO.TA,[10038.466],23
2025-01-23,NTO.TA,[10429.002],24
2025-01-24,NTO.TA,[10463.12],25
2025-01-25,NTO.TA,[10497.849],26
2025-01-26,NTO.TA,[10526.866],27
2025-01-27,NTO.TA,[10701.248],28
2025-01-28,NTO.TA,[10928.331],29
2025-01-29,NTO.TA,[10974.46],30
2024-12-31,NTML.TA,[7937.8516],1
2025-01-01,NTML.TA,[8041.5205],2
2025-01-02,NTML.TA,[7883.1294],3
2025-01-03,NTML.TA,[7908.337],4
2025-01-04,NTML.TA,[8087.1514],5
2025-01-05,NTML.TA,[8089.4736],6
2025-01-06,NTML.TA,[8184.7266],7
2025-01-07,NTML.TA,[8219.658],8
2025-01-08,NTML.TA,[7852.378],9
2025-01-09,NTML.TA,[7675.9277],10
2025-01-10,NTML.TA,[7513.101],11
2025-01-11,NTML.TA,[7464.823],12
2025-01-12,NTML.TA,[7641.449],13
2025-01-13,NTML.TA,[7638.5938],14
2025-01-14,NTML.TA,[7698.028],15
2025-01-15,NTML.TA,[7640.8],16
2025-01-16,NTML.TA,[7469.377],17
2025-01-17,NTML.TA,[7454.7705],18
2025-01-18,NTML.TA,[7311.559],19
2025-01-19,NTML.TA,[7443.0513],20
2025-01-20,NTML.TA,[7563.7783],21
2025-01-21,NTML.TA,[7461.9014],22
2025-01-22,NTML.TA,[7500.328],23
2025-01-23,NTML.TA,[7628.1606],24
2025-01-24,NTML.TA,[7562.747],25
2025-01-25,NTML.TA,[7486.741],26
2025-01-26,NTML.TA,[7241.5845],27
2025-01-27,NTML.TA,[7281.5234],28
2025-01-28,NTML.TA,[7328.619],29
2025-01-29,NTML.TA,[7195.414],30
2024-12-31,NWMD.TA,[1068.433],1
2025-01-01,NWMD.TA,[1047.9233],2
2025-01-02,NWMD.TA,[1018.88385],3
2025-01-03,NWMD.TA,[1051.3337],4
2025-01-04,NWMD.TA,[1042.989],5
2025-01-05,NWMD.TA,[1042.5247],6
2025-01-06,NWMD.TA,[1032.0682],7
2025-01-07,NWMD.TA,[1044.2809],8
2025-01-08,NWMD.TA,[1068.7715],9
2025-01-09,NWMD.TA,[1094.8557],10
2025-01-10,NWMD.TA,[1091.4396],11
2025-01-11,NWMD.TA,[1118.793],12
2025-01-12,NWMD.TA,[1111.6724],13
2025-01-13,NWMD.TA,[1104.811],14
2025-01-14,NWMD.TA,[1108.2458],15
2025-01-15,NWMD.TA,[1123.3344],16
2025-01-16,NWMD.TA,[1122.196],17
2025-01-17,NWMD.TA,[1108.268],18
2025-01-18,NWMD.TA,[1099.267],19
2025-01-19,NWMD.TA,[1115.0015],20
2025-01-20,NWMD.TA,[1145.6708],21
2025-01-21,NWMD.TA,[1170.4349],22
2025-01-22,NWMD.TA,[1155.138],23
2025-01-23,NWMD.TA,[1190.644],24
2025-01-24,NWMD.TA,[1206.8092],25
2025-01-25,NWMD.TA,[1183.0957],26
2025-01-26,NWMD.TA,[1177.072],27
2025-01-27,NWMD.TA,[1199.4304],28
2025-01-28,NWMD.TA,[1176.8193],29
2025-01-29,NWMD.TA,[1185.5566],30
2024-12-31,NXSN.TA,[4983.4688],1
2025-01-01,NXSN.TA,[4928.5156],2
2025-01-02,NXSN.TA,[5016.1597],3
2025-01-03,NXSN.TA,[5019.3794],4
2025-01-04,NXSN.TA,[5033.532],5
2025-01-05,NXSN.TA,[4859.5576],6
2025-01-06,NXSN.TA,[4879.2783],7
2025-01-07,NXSN.TA,[4974.455],8
2025-01-08,NXSN.TA,[4964.2153],9
2025-01-09,NXSN.TA,[4947.903],10
2025-01-10,NXSN.TA,[5047.325],11
2025-01-11,NXSN.TA,[5091.0117],12
2025-01-12,NXSN.TA,[5126.8345],13
2025-01-13,NXSN.TA,[5292.519],14
2025-01-14,NXSN.TA,[5295.288],15
2025-01-15,NXSN.TA,[5311.7017],16
2025-01-16,NXSN.TA,[5391.338],17
2025-01-17,NXSN.TA,[5447.587],18
2025-01-18,NXSN.TA,[5480.1494],19
2025-01-19,NXSN.TA,[5518.1733],20
2025-01-20,NXSN.TA,[5361.3887],21
2025-01-21,NXSN.TA,[5409.0625],22
2025-01-22,NXSN.TA,[5445.335],23
2025-01-23,NXSN.TA,[5670.4414],24
2025-01-24,NXSN.TA,[5786.2563],25
2025-01-25,NXSN.TA,[5640.5156],26
2025-01-26,NXSN.TA,[5631.8403],27
2025-01-27,NXSN.TA,[5635.8496],28
2025-01-28,NXSN.TA,[5499.927],29
2025-01-29,NXSN.TA,[5408.746],30
2024-12-31,NXTG.TA,[80.173584],1
2025-01-01,NXTG.TA,[77.04689],2
2025-01-02,NXTG.TA,[86.005714],3
2025-01-03,NXTG.TA,[82.598366],4
2025-01-04,NXTG.TA,[100.95519],5
2025-01-05,NXTG.TA,[108.705376],6
2025-01-06,NXTG.TA,[116.98896],7
2025-01-07,NXTG.TA,[121.8698],8
2025-01-08,NXTG.TA,[144.17767],9
2025-01-09,NXTG.TA,[155.22015],10
2025-01-10,NXTG.TA,[153.18735],11
2025-01-11,NXTG.TA,[161.98093],12
2025-01-12,NXTG.TA,[199.71214],13
2025-01-13,NXTG.TA,[230.91533],14
2025-01-14,NXTG.TA,[214.83002],15
2025-01-15,NXTG.TA,[226.4612],16
2025-01-16,NXTG.TA,[261.1025],17
2025-01-17,NXTG.TA,[274.4748],18
2025-01-18,NXTG.TA,[238.01953],19
2025-01-19,NXTG.TA,[301.04874],20
2025-01-20,NXTG.TA,[299.45953],21
2025-01-21,NXTG.TA,[258.87268],22
2025-01-22,NXTG.TA,[214.7413],23
2025-01-23,NXTG.TA,[142.99455],24
2025-01-24,NXTG.TA,[159.38095],25
2025-01-25,NXTG.TA,[148.00688],26
2025-01-26,NXTG.TA,[123.23031],27
2025-01-27,NXTG.TA,[96.93755],28
2025-01-28,NXTG.TA,[87.56456],29
2025-01-29,NXTG.TA,[96.01186],30
2024-12-31,NXTM.TA,[689.0353],1
2025-01-01,NXTM.TA,[685.25446],2
2025-01-02,NXTM.TA,[706.02435],3
2025-01-03,NXTM.TA,[725.2212],4
2025-01-04,NXTM.TA,[752.4342],5
2025-01-05,NXTM.TA,[738.69434],6
2025-01-06,NXTM.TA,[739.50586],7
2025-01-07,NXTM.TA,[754.85864],8
2025-01-08,NXTM.TA,[754.40656],9
2025-01-09,NXTM.TA,[739.9073],10
2025-01-10,NXTM.TA,[739.399],11
2025-01-11,NXTM.TA,[716.2129],12
2025-01-12,NXTM.TA,[724.2094],13
2025-01-13,NXTM.TA,[736.8375],14
2025-01-14,NXTM.TA,[729.20526],15
2025-01-15,NXTM.TA,[711.96234],16
2025-01-16,NXTM.TA,[730.6848],17
2025-01-17,NXTM.TA,[743.73706],18
2025-01-18,NXTM.TA,[722.2691],19
2025-01-19,NXTM.TA,[726.41675],20
2025-01-20,NXTM.TA,[741.59515],21
2025-01-21,NXTM.TA,[732.48584],22
2025-01-22,NXTM.TA,[725.45703],23
2025-01-23,NXTM.TA,[724.8045],24
2025-01-24,NXTM.TA,[714.62115],25
2025-01-25,NXTM.TA,[710.08624],26
2025-01-26,NXTM.TA,[719.2498],27
2025-01-27,NXTM.TA,[700.4437],28
2025-01-28,NXTM.TA,[709.5461],29
2025-01-29,NXTM.TA,[735.5306],30
2024-12-31,NXFR.TA,[-142551.72],1
2025-01-01,NXFR.TA,[33383050.],2
2025-01-02,NXFR.TA,[2.2117097e+10],3
2025-01-03,NXFR.TA,[6.972741e+11],4
2025-01-04,NXFR.TA,[1.24334664e+14],5
2025-01-05,NXFR.TA,[-1.551298e+14],6
2025-01-06,NXFR.TA,[-4.9258675e+16],7
2025-01-07,NXFR.TA,[-1.5147937e+19],8
2025-01-08,NXFR.TA,[-1.9770387e+21],9
2025-01-09,NXFR.TA,[-5.8826267e+23],10
2025-01-10,NXFR.TA,[2.5057952e+26],11
2025-01-11,NXFR.TA,[6.2225617e+28],12
2025-01-12,NXFR.TA,[-2.0475058e+30],13
2025-01-13,NXFR.TA,[-6.9481365e+32],14
2025-01-14,NXFR.TA,[-1.8886699e+35],15
2025-01-15,NXFR.TA,[1.6046617e+38],16
2025-01-16,NXFR.TA,[inf],17
2025-01-17,NXFR.TA,[inf],18
2025-01-18,NXFR.TA,[-inf],19
2025-01-19,NXFR.TA,[-inf],20
2025-01-20,NXFR.TA,[-inf],21
2025-01-21,NXFR.TA,[-inf],22
2025-01-22,NXFR.TA,[inf],23
2025-01-23,NXFR.TA,[inf],24
2025-01-24,NXFR.TA,[inf],25
2025-01-25,NXFR.TA,[inf],26
2025-01-26,NXFR.TA,[inf],27
2025-01-27,NXFR.TA,[inf],28
2025-01-28,NXFR.TA,[-inf],29
2025-01-29,NXFR.TA,[-inf],30
2024-12-31,NXGN.TA,[55.870667],1
2025-01-01,NXGN.TA,[45.88099],2
2025-01-02,NXGN.TA,[63.905506],3
2025-01-03,NXGN.TA,[88.13757],4
2025-01-04,NXGN.TA,[87.166405],5
2025-01-05,NXGN.TA,[77.55959],6
2025-01-06,NXGN.TA,[85.44461],7
2025-01-07,NXGN.TA,[77.338394],8
2025-01-08,NXGN.TA,[90.81592],9
2025-01-09,NXGN.TA,[74.3653],10
2025-01-10,NXGN.TA,[59.898216],11
2025-01-11,NXGN.TA,[45.795574],12
2025-01-12,NXGN.TA,[39.832565],13
2025-01-13,NXGN.TA,[39.10697],14
2025-01-14,NXGN.TA,[40.983536],15
2025-01-15,NXGN.TA,[29.302752],16
2025-01-16,NXGN.TA,[26.990456],17
2025-01-17,NXGN.TA,[26.43287],18
2025-01-18,NXGN.TA,[29.643684],19
2025-01-19,NXGN.TA,[31.64283],20
2025-01-20,NXGN.TA,[38.779877],21
2025-01-21,NXGN.TA,[50.70277],22
2025-01-22,NXGN.TA,[61.601765],23
2025-01-23,NXGN.TA,[63.316566],24
2025-01-24,NXGN.TA,[44.907806],25
2025-01-25,NXGN.TA,[25.616896],26
2025-01-26,NXGN.TA,[33.775852],27
2025-01-27,NXGN.TA,[37.637383],28
2025-01-28,NXGN.TA,[33.448277],29
2025-01-29,NXGN.TA,[44.2502],30
2024-12-31,NICE.TA,[63991.605],1
2025-01-01,NICE.TA,[62119.15],2
2025-01-02,NICE.TA,[63569.09],3
2025-01-03,NICE.TA,[63780.79],4
2025-01-04,NICE.TA,[64938.438],5
2025-01-05,NICE.TA,[63545.297],6
2025-01-06,NICE.TA,[62509.45],7
2025-01-07,NICE.TA,[63245.566],8
2025-01-08,NICE.TA,[62000.195],9
2025-01-09,NICE.TA,[61044.223],10
2025-01-10,NICE.TA,[61343.67],11
2025-01-11,NICE.TA,[60547.145],12
2025-01-12,NICE.TA,[60873.51],13
2025-01-13,NICE.TA,[60186.566],14
2025-01-14,NICE.TA,[60400.62],15
2025-01-15,NICE.TA,[58860.86],16
2025-01-16,NICE.TA,[58274.273],17
2025-01-17,NICE.TA,[58738.04],18
2025-01-18,NICE.TA,[57072.79],19
2025-01-19,NICE.TA,[59030.887],20
2025-01-20,NICE.TA,[57260.547],21
2025-01-21,NICE.TA,[55905.062],22
2025-01-22,NICE.TA,[56472.035],23
2025-01-23,NICE.TA,[56115.55],24
2025-01-24,NICE.TA,[57616.7],25
2025-01-25,NICE.TA,[57559.56],26
2025-01-26,NICE.TA,[56976.13],27
2025-01-27,NICE.TA,[58767.176],28
2025-01-28,NICE.TA,[57852.895],29
2025-01-29,NICE.TA,[55641.465],30
2024-12-31,NISA.TA,[1201.4497],1
2025-01-01,NISA.TA,[1256.2678],2
2025-01-02,NISA.TA,[1229.7959],3
2025-01-03,NISA.TA,[1234.5104],4
2025-01-04,NISA.TA,[1212.2103],5
2025-01-05,NISA.TA,[1229.688],6
2025-01-06,NISA.TA,[1200.4269],7
2025-01-07,NISA.TA,[1226.388],8
2025-01-08,NISA.TA,[1237.9169],9
2025-01-09,NISA.TA,[1186.5479],10
2025-01-10,NISA.TA,[1186.6809],11
2025-01-11,NISA.TA,[1194.9374],12
2025-01-12,NISA.TA,[1211.7738],13
2025-01-13,NISA.TA,[1173.7683],14
2025-01-14,NISA.TA,[1251.5713],15
2025-01-15,NISA.TA,[1190.7396],16
2025-01-16,NISA.TA,[1109.4797],17
2025-01-17,NISA.TA,[1119.056],18
2025-01-18,NISA.TA,[1138.781],19
2025-01-19,NISA.TA,[1110.8723],20
2025-01-20,NISA.TA,[1090.0963],21
2025-01-21,NISA.TA,[1076.3387],22
2025-01-22,NISA.TA,[1074.5063],23
2025-01-23,NISA.TA,[1098.0361],24
2025-01-24,NISA.TA,[1082.7545],25
2025-01-25,NISA.TA,[1065.4707],26
2025-01-26,NISA.TA,[1048.6783],27
2025-01-27,NISA.TA,[1024.052],28
2025-01-28,NISA.TA,[1030.3915],29
2025-01-29,NISA.TA,[959.3892],30
2024-12-31,NOFR.TA,[8598.599],1
2025-01-01,NOFR.TA,[8450.509],2
2025-01-02,NOFR.TA,[8418.846],3
2025-01-03,NOFR.TA,[8336.519],4
2025-01-04,NOFR.TA,[8252.067],5
2025-01-05,NOFR.TA,[8233.883],6
2025-01-06,NOFR.TA,[8401.185],7
2025-01-07,NOFR.TA,[8633.736],8
2025-01-08,NOFR.TA,[8584.071],9
2025-01-09,NOFR.TA,[8934.9795],10
2025-01-10,NOFR.TA,[9033.825],11
2025-01-11,NOFR.TA,[8857.138],12
2025-01-12,NOFR.TA,[8938.492],13
2025-01-13,NOFR.TA,[8862.887],14
2025-01-14,NOFR.TA,[9060.364],15
2025-01-15,NOFR.TA,[8899.88],16
2025-01-16,NOFR.TA,[8577.704],17
2025-01-17,NOFR.TA,[8931.314],18
2025-01-18,NOFR.TA,[8964.539],19
2025-01-19,NOFR.TA,[9152.795],20
2025-01-20,NOFR.TA,[9321.989],21
2025-01-21,NOFR.TA,[9278.17],22
2025-01-22,NOFR.TA,[9542.722],23
2025-01-23,NOFR.TA,[9551.203],24
2025-01-24,NOFR.TA,[9525.012],25
2025-01-25,NOFR.TA,[9599.4795],26
2025-01-26,NOFR.TA,[9491.895],27
2025-01-27,NOFR.TA,[9661.13],28
2025-01-28,NOFR.TA,[9807.463],29
2025-01-29,NOFR.TA,[9726.313],30
2024-12-31,NSTR.TA,[1300.4513],1
2025-01-01,NSTR.TA,[1289.7244],2
2025-01-02,NSTR.TA,[1322.2747],3
2025-01-03,NSTR.TA,[1282.623],4
2025-01-04,NSTR.TA,[1254.523],5
2025-01-05,NSTR.TA,[1278.1252],6
2025-01-06,NSTR.TA,[1316.2386],7
2025-01-07,NSTR.TA,[1321.8861],8
2025-01-08,NSTR.TA,[1333.6539],9
2025-01-09,NSTR.TA,[1346.2499],10
2025-01-10,NSTR.TA,[1343.6127],11
2025-01-11,NSTR.TA,[1335.5262],12
2025-01-12,NSTR.TA,[1350.8381],13
2025-01-13,NSTR.TA,[1303.684],14
2025-01-14,NSTR.TA,[1309.0925],15
2025-01-15,NSTR.TA,[1339.046],16
2025-01-16,NSTR.TA,[1349.2592],17
2025-01-17,NSTR.TA,[1330.5721],18
2025-01-18,NSTR.TA,[1376.1461],19
2025-01-19,NSTR.TA,[1334.1473],20
2025-01-20,NSTR.TA,[1331.1472],21
2025-01-21,NSTR.TA,[1366.3522],22
2025-01-22,NSTR.TA,[1345.5151],23
2025-01-23,NSTR.TA,[1405.3672],24
2025-01-24,NSTR.TA,[1389.9542],25
2025-01-25,NSTR.TA,[1412.858],26
2025-01-26,NSTR.TA,[1443.0496],27
2025-01-27,NSTR.TA,[1418.6232],28
2025-01-28,NSTR.TA,[1471.7542],29
2025-01-29,NSTR.TA,[1469.8435],30
2024-12-31,NVMI.TA,[76330.89],1
2025-01-01,NVMI.TA,[80609.28],2
2025-01-02,NVMI.TA,[76014.42],3
2025-01-03,NVMI.TA,[79185.19],4
2025-01-04,NVMI.TA,[79619.516],5
2025-01-05,NVMI.TA,[85892.04],6
2025-01-06,NVMI.TA,[87085.695],7
2025-01-07,NVMI.TA,[86694.41],8
2025-01-08,NVMI.TA,[84072.81],9
2025-01-09,NVMI.TA,[88611.664],10
2025-01-10,NVMI.TA,[83441.8],11
2025-01-11,NVMI.TA,[85098.58],12
2025-01-12,NVMI.TA,[85416.74],13
2025-01-13,NVMI.TA,[86176.07],14
2025-01-14,NVMI.TA,[80387.68],15
2025-01-15,NVMI.TA,[80934.91],16
2025-01-16,NVMI.TA,[72378.07],17
2025-01-17,NVMI.TA,[72984.516],18
2025-01-18,NVMI.TA,[74945.27],19
2025-01-19,NVMI.TA,[63020.656],20
2025-01-20,NVMI.TA,[63114.008],21
2025-01-21,NVMI.TA,[59313.76],22
2025-01-22,NVMI.TA,[64472.85],23
2025-01-23,NVMI.TA,[60920.414],24
2025-01-24,NVMI.TA,[57164.715],25
2025-01-25,NVMI.TA,[55477.523],26
2025-01-26,NVMI.TA,[51380.914],27
2025-01-27,NVMI.TA,[48966.875],28
2025-01-28,NVMI.TA,[51205.125],29
2025-01-29,NVMI.TA,[49258.46],30
2024-12-31,NVLG.TA,[169.33574],1
2025-01-01,NVLG.TA,[163.83345],2
2025-01-02,NVLG.TA,[157.99763],3
2025-01-03,NVLG.TA,[155.95612],4
2025-01-04,NVLG.TA,[158.55809],5
2025-01-05,NVLG.TA,[158.55336],6
2025-01-06,NVLG.TA,[162.06847],7
2025-01-07,NVLG.TA,[168.14594],8
2025-01-08,NVLG.TA,[171.90193],9
2025-01-09,NVLG.TA,[173.02704],10
2025-01-10,NVLG.TA,[177.6012],11
2025-01-11,NVLG.TA,[174.79414],12
2025-01-12,NVLG.TA,[170.70767],13
2025-01-13,NVLG.TA,[172.06575],14
2025-01-14,NVLG.TA,[170.52734],15
2025-01-15,NVLG.TA,[170.17561],16
2025-01-16,NVLG.TA,[163.93126],17
2025-01-17,NVLG.TA,[167.74934],18
2025-01-18,NVLG.TA,[167.7162],19
2025-01-19,NVLG.TA,[170.25606],20
2025-01-20,NVLG.TA,[174.44113],21
2025-01-21,NVLG.TA,[174.5881],22
2025-01-22,NVLG.TA,[172.15079],23
2025-01-23,NVLG.TA,[171.53635],24
2025-01-24,NVLG.TA,[171.06204],25
2025-01-25,NVLG.TA,[174.30148],26
2025-01-26,NVLG.TA,[174.98344],27
2025-01-27,NVLG.TA,[175.42937],28
2025-01-28,NVLG.TA,[171.12593],29
2025-01-29,NVLG.TA,[175.37755],30
2024-12-31,NRGN.TA,[246.36916],1
2025-01-01,NRGN.TA,[253.96974],2
2025-01-02,NRGN.TA,[254.3847],3
2025-01-03,NRGN.TA,[271.02454],4
2025-01-04,NRGN.TA,[277.49686],5
2025-01-05,NRGN.TA,[265.93158],6
2025-01-06,NRGN.TA,[265.73584],7
2025-01-07,NRGN.TA,[250.865],8
2025-01-08,NRGN.TA,[252.80019],9
2025-01-09,NRGN.TA,[265.2087],10
2025-01-10,NRGN.TA,[269.22116],11
2025-01-11,NRGN.TA,[260.65033],12
2025-01-12,NRGN.TA,[249.07742],13
2025-01-13,NRGN.TA,[250.76923],14
2025-01-14,NRGN.TA,[251.40926],15
2025-01-15,NRGN.TA,[260.3932],16
2025-01-16,NRGN.TA,[244.62708],17
2025-01-17,NRGN.TA,[242.47983],18
2025-01-18,NRGN.TA,[247.22626],19
2025-01-19,NRGN.TA,[248.8711],20
2025-01-20,NRGN.TA,[260.00793],21
2025-01-21,NRGN.TA,[238.42993],22
2025-01-22,NRGN.TA,[244.7132],23
2025-01-23,NRGN.TA,[235.98656],24
2025-01-24,NRGN.TA,[224.39566],25
2025-01-25,NRGN.TA,[222.05774],26
2025-01-26,NRGN.TA,[220.92125],27
2025-01-27,NRGN.TA,[213.43347],28
2025-01-28,NRGN.TA,[212.00766],29
2025-01-29,NRGN.TA,[206.02855],30
2024-12-31,NURI.TA,[924.6618],1
2025-01-01,NURI.TA,[982.768],2
2025-01-02,NURI.TA,[1016.2767],3
2025-01-03,NURI.TA,[1041.6876],4
2025-01-04,NURI.TA,[1105.3782],5
2025-01-05,NURI.TA,[1069.9988],6
2025-01-06,NURI.TA,[1106.1249],7
2025-01-07,NURI.TA,[1038.567],8
2025-01-08,NURI.TA,[1025.7471],9
2025-01-09,NURI.TA,[959.19775],10
2025-01-10,NURI.TA,[880.76807],11
2025-01-11,NURI.TA,[878.07495],12
2025-01-12,NURI.TA,[939.4781],13
2025-01-13,NURI.TA,[977.0757],14
2025-01-14,NURI.TA,[972.3334],15
2025-01-15,NURI.TA,[973.1669],16
2025-01-16,NURI.TA,[992.13586],17
2025-01-17,NURI.TA,[1075.0887],18
2025-01-18,NURI.TA,[1096.6187],19
2025-01-19,NURI.TA,[1092.8859],20
2025-01-20,NURI.TA,[1111.0695],21
2025-01-21,NURI.TA,[1123.6184],22
2025-01-22,NURI.TA,[1101.2781],23
2025-01-23,NURI.TA,[1101.7224],24
2025-01-24,NURI.TA,[1136.1742],25
2025-01-25,NURI.TA,[1125.1746],26
2025-01-26,NURI.TA,[1100.1709],27
2025-01-27,NURI.TA,[1094.0565],28
2025-01-28,NURI.TA,[1100.4281],29
2025-01-29,NURI.TA,[1161.3951],30
2024-12-31,ORTC.TA,[899.00574],1
2025-01-01,ORTC.TA,[851.3833],2
2025-01-02,ORTC.TA,[869.02216],3
2025-01-03,ORTC.TA,[894.83307],4
2025-01-04,ORTC.TA,[908.2848],5
2025-01-05,ORTC.TA,[859.5306],6
2025-01-06,ORTC.TA,[857.0341],7
2025-01-07,ORTC.TA,[853.327],8
2025-01-08,ORTC.TA,[886.0975],9
2025-01-09,ORTC.TA,[841.97034],10
2025-01-10,ORTC.TA,[852.69366],11
2025-01-11,ORTC.TA,[866.05524],12
2025-01-12,ORTC.TA,[897.53955],13
2025-01-13,ORTC.TA,[879.4818],14
2025-01-14,ORTC.TA,[819.22577],15
2025-01-15,ORTC.TA,[831.55896],16
2025-01-16,ORTC.TA,[833.30273],17
2025-01-17,ORTC.TA,[805.0319],18
2025-01-18,ORTC.TA,[831.8198],19
2025-01-19,ORTC.TA,[800.90125],20
2025-01-20,ORTC.TA,[775.2991],21
2025-01-21,ORTC.TA,[746.53973],22
2025-01-22,ORTC.TA,[739.8746],23
2025-01-23,ORTC.TA,[762.1485],24
2025-01-24,ORTC.TA,[775.46735],25
2025-01-25,ORTC.TA,[769.306],26
2025-01-26,ORTC.TA,[781.726],27
2025-01-27,ORTC.TA,[790.658],28
2025-01-28,ORTC.TA,[796.61523],29
2025-01-29,ORTC.TA,[777.85333],30
2024-12-31,ONE.TA,[6612.544],1
2025-01-01,ONE.TA,[6523.6655],2
2025-01-02,ONE.TA,[6440.8535],3
2025-01-03,ONE.TA,[6494.3105],4
2025-01-04,ONE.TA,[6571.9976],5
2025-01-05,ONE.TA,[6537.522],6
2025-01-06,ONE.TA,[6459.797],7
2025-01-07,ONE.TA,[6415.655],8
2025-01-08,ONE.TA,[6594.4355],9
2025-01-09,ONE.TA,[6317.2383],10
2025-01-10,ONE.TA,[6437.405],11
2025-01-11,ONE.TA,[6414.8325],12
2025-01-12,ONE.TA,[6495.886],13
2025-01-13,ONE.TA,[6733.525],14
2025-01-14,ONE.TA,[6773.161],15
2025-01-15,ONE.TA,[6679.6714],16
2025-01-16,ONE.TA,[6673.076],17
2025-01-17,ONE.TA,[6749.4814],18
2025-01-18,ONE.TA,[6744.85],19
2025-01-19,ONE.TA,[6761.2915],20
2025-01-20,ONE.TA,[6658.591],21
2025-01-21,ONE.TA,[6714.773],22
2025-01-22,ONE.TA,[6684.6733],23
2025-01-23,ONE.TA,[6762.81],24
2025-01-24,ONE.TA,[6916.3076],25
2025-01-25,ONE.TA,[7172.4834],26
2025-01-26,ONE.TA,[7291.183],27
2025-01-27,ONE.TA,[7434.909],28
2025-01-28,ONE.TA,[7665.544],29
2025-01-29,ONE.TA,[8074.844],30
2024-12-31,OPAL.TA,[209.60175],1
2025-01-01,OPAL.TA,[212.99188],2
2025-01-02,OPAL.TA,[215.11098],3
2025-01-03,OPAL.TA,[214.84921],4
2025-01-04,OPAL.TA,[214.52603],5
2025-01-05,OPAL.TA,[215.06158],6
2025-01-06,OPAL.TA,[215.0417],7
2025-01-07,OPAL.TA,[216.85866],8
2025-01-08,OPAL.TA,[215.95049],9
2025-01-09,OPAL.TA,[214.91614],10
2025-01-10,OPAL.TA,[211.67204],11
2025-01-11,OPAL.TA,[210.27689],12
2025-01-12,OPAL.TA,[209.58057],13
2025-01-13,OPAL.TA,[210.429],14
2025-01-14,OPAL.TA,[211.24496],15
2025-01-15,OPAL.TA,[212.978],16
2025-01-16,OPAL.TA,[216.24171],17
2025-01-17,OPAL.TA,[213.82594],18
2025-01-18,OPAL.TA,[212.93633],19
2025-01-19,OPAL.TA,[212.02003],20
2025-01-20,OPAL.TA,[208.77203],21
2025-01-21,OPAL.TA,[211.2921],22
2025-01-22,OPAL.TA,[211.38077],23
2025-01-23,OPAL.TA,[213.44606],24
2025-01-24,OPAL.TA,[210.50697],25
2025-01-25,OPAL.TA,[212.77606],26
2025-01-26,OPAL.TA,[215.00359],27
2025-01-27,OPAL.TA,[215.01866],28
2025-01-28,OPAL.TA,[222.9254],29
2025-01-29,OPAL.TA,[223.94722],30
2024-12-31,OPCE.TA,[2914.8364],1
2025-01-01,OPCE.TA,[2934.1287],2
2025-01-02,OPCE.TA,[2945.3574],3
2025-01-03,OPCE.TA,[2899.7678],4
2025-01-04,OPCE.TA,[2925.7373],5
2025-01-05,OPCE.TA,[3032.4094],6
2025-01-06,OPCE.TA,[2968.264],7
2025-01-07,OPCE.TA,[3150.8374],8
2025-01-08,OPCE.TA,[3024.1487],9
2025-01-09,OPCE.TA,[3028.198],10
2025-01-10,OPCE.TA,[2981.27],11
2025-01-11,OPCE.TA,[2930.7266],12
2025-01-12,OPCE.TA,[2879.8262],13
2025-01-13,OPCE.TA,[2876.1667],14
2025-01-14,OPCE.TA,[2847.9448],15
2025-01-15,OPCE.TA,[2911.5737],16
2025-01-16,OPCE.TA,[2784.1562],17
2025-01-17,OPCE.TA,[2772.1262],18
2025-01-18,OPCE.TA,[2727.2883],19
2025-01-19,OPCE.TA,[2776.762],20
2025-01-20,OPCE.TA,[2698.9788],21
2025-01-21,OPCE.TA,[2622.3403],22
2025-01-22,OPCE.TA,[2575.546],23
2025-01-23,OPCE.TA,[2482.5422],24
2025-01-24,OPCE.TA,[2505.451],25
2025-01-25,OPCE.TA,[2575.348],26
2025-01-26,OPCE.TA,[2571.6313],27
2025-01-27,OPCE.TA,[2685.5598],28
2025-01-28,OPCE.TA,[2666.9124],29
2025-01-29,OPCE.TA,[2709.1892],30
2024-12-31,OPK.TA,[527.0591],1
2025-01-01,OPK.TA,[509.94003],2
2025-01-02,OPK.TA,[475.1656],3
2025-01-03,OPK.TA,[481.19016],4
2025-01-04,OPK.TA,[462.1979],5
2025-01-05,OPK.TA,[457.99335],6
2025-01-06,OPK.TA,[457.18112],7
2025-01-07,OPK.TA,[452.29483],8
2025-01-08,OPK.TA,[425.52985],9
2025-01-09,OPK.TA,[423.73697],10
2025-01-10,OPK.TA,[421.52914],11
2025-01-11,OPK.TA,[401.29135],12
2025-01-12,OPK.TA,[392.63812],13
2025-01-13,OPK.TA,[402.1463],14
2025-01-14,OPK.TA,[402.70767],15
2025-01-15,OPK.TA,[390.7825],16
2025-01-16,OPK.TA,[380.83624],17
2025-01-17,OPK.TA,[354.22818],18
2025-01-18,OPK.TA,[347.6167],19
2025-01-19,OPK.TA,[357.0595],20
2025-01-20,OPK.TA,[355.88098],21
2025-01-21,OPK.TA,[353.02475],22
2025-01-22,OPK.TA,[338.51175],23
2025-01-23,OPK.TA,[356.13028],24
2025-01-24,OPK.TA,[376.05023],25
2025-01-25,OPK.TA,[370.4279],26
2025-01-26,OPK.TA,[369.81512],27
2025-01-27,OPK.TA,[373.18655],28
2025-01-28,OPK.TA,[362.95248],29
2025-01-29,OPK.TA,[381.0334],30
2024-12-31,ORAD.TA,[59.879562],1
2025-01-01,ORAD.TA,[59.16072],2
2025-01-02,ORAD.TA,[57.65288],3
2025-01-03,ORAD.TA,[59.711857],4
2025-01-04,ORAD.TA,[61.242],5
2025-01-05,ORAD.TA,[58.698753],6
2025-01-06,ORAD.TA,[58.722847],7
2025-01-07,ORAD.TA,[60.51786],8
2025-01-08,ORAD.TA,[61.2734],9
2025-01-09,ORAD.TA,[59.410267],10
2025-01-10,ORAD.TA,[62.363773],11
2025-01-11,ORAD.TA,[62.952713],12
2025-01-12,ORAD.TA,[61.33165],13
2025-01-13,ORAD.TA,[61.39955],14
2025-01-14,ORAD.TA,[60.48154],15
2025-01-15,ORAD.TA,[61.57103],16
2025-01-16,ORAD.TA,[61.237602],17
2025-01-17,ORAD.TA,[59.929825],18
2025-01-18,ORAD.TA,[61.26696],19
2025-01-19,ORAD.TA,[61.326614],20
2025-01-20,ORAD.TA,[61.509155],21
2025-01-21,ORAD.TA,[64.862816],22
2025-01-22,ORAD.TA,[66.63489],23
2025-01-23,ORAD.TA,[65.47496],24
2025-01-24,ORAD.TA,[67.76063],25
2025-01-25,ORAD.TA,[67.63907],26
2025-01-26,ORAD.TA,[68.91677],27
2025-01-27,ORAD.TA,[70.23158],28
2025-01-28,ORAD.TA,[67.78846],29
2025-01-29,ORAD.TA,[67.98646],30
2024-12-31,ORMP.TA,[901.436],1
2025-01-01,ORMP.TA,[918.7101],2
2025-01-02,ORMP.TA,[923.4741],3
2025-01-03,ORMP.TA,[828.21796],4
2025-01-04,ORMP.TA,[833.04285],5
2025-01-05,ORMP.TA,[862.4314],6
2025-01-06,ORMP.TA,[894.42],7
2025-01-07,ORMP.TA,[899.40375],8
2025-01-08,ORMP.TA,[980.3685],9
2025-01-09,ORMP.TA,[970.52515],10
2025-01-10,ORMP.TA,[974.0463],11
2025-01-11,ORMP.TA,[1019.5265],12
2025-01-12,ORMP.TA,[1094.0197],13
2025-01-13,ORMP.TA,[1107.9412],14
2025-01-14,ORMP.TA,[1164.7023],15
2025-01-15,ORMP.TA,[1157.3192],16
2025-01-16,ORMP.TA,[1114.1667],17
2025-01-17,ORMP.TA,[1132.7867],18
2025-01-18,ORMP.TA,[1144.1868],19
2025-01-19,ORMP.TA,[1167.5236],20
2025-01-20,ORMP.TA,[1151.4155],21
2025-01-21,ORMP.TA,[1106.652],22
2025-01-22,ORMP.TA,[1107.882],23
2025-01-23,ORMP.TA,[1087.6776],24
2025-01-24,ORMP.TA,[1096.2809],25
2025-01-25,ORMP.TA,[1097.0636],26
2025-01-26,ORMP.TA,[1072.5513],27
2025-01-27,ORMP.TA,[1116.1796],28
2025-01-28,ORMP.TA,[1051.385],29
2025-01-29,ORMP.TA,[984.0707],30
2024-12-31,ORBI.TA,[2882.5168],1
2025-01-01,ORBI.TA,[2924.5205],2
2025-01-02,ORBI.TA,[2983.6538],3
2025-01-03,ORBI.TA,[2909.9792],4
2025-01-04,ORBI.TA,[2922.185],5
2025-01-05,ORBI.TA,[2997.9077],6
2025-01-06,ORBI.TA,[2980.075],7
2025-01-07,ORBI.TA,[3020.3787],8
2025-01-08,ORBI.TA,[2983.2],9
2025-01-09,ORBI.TA,[2927.23],10
2025-01-10,ORBI.TA,[2880.4084],11
2025-01-11,ORBI.TA,[2910.1743],12
2025-01-12,ORBI.TA,[2881.5464],13
2025-01-13,ORBI.TA,[2911.1487],14
2025-01-14,ORBI.TA,[2955.7917],15
2025-01-15,ORBI.TA,[2950.4973],16
2025-01-16,ORBI.TA,[2999.2368],17
2025-01-17,ORBI.TA,[2978.6306],18
2025-01-18,ORBI.TA,[2991.7717],19
2025-01-19,ORBI.TA,[2843.7886],20
2025-01-20,ORBI.TA,[2846.679],21
2025-01-21,ORBI.TA,[2829.7139],22
2025-01-22,ORBI.TA,[2886.4167],23
2025-01-23,ORBI.TA,[2938.9854],24
2025-01-24,ORBI.TA,[2778.3652],25
2025-01-25,ORBI.TA,[2880.3762],26
2025-01-26,ORBI.TA,[3021.2021],27
2025-01-27,ORBI.TA,[3007.964],28
2025-01-28,ORBI.TA,[3026.769],29
2025-01-29,ORBI.TA,[2990.4404],30
2024-12-31,ORIN.TA,[1983.697],1
2025-01-01,ORIN.TA,[1981.7368],2
2025-01-02,ORIN.TA,[2134.2056],3
2025-01-03,ORIN.TA,[2227.6138],4
2025-01-04,ORIN.TA,[2313.7927],5
2025-01-05,ORIN.TA,[2246.9312],6
2025-01-06,ORIN.TA,[2232.1843],7
2025-01-07,ORIN.TA,[2101.2178],8
2025-01-08,ORIN.TA,[2095.5095],9
2025-01-09,ORIN.TA,[2132.4402],10
2025-01-10,ORIN.TA,[2276.736],11
2025-01-11,ORIN.TA,[2244.9],12
2025-01-12,ORIN.TA,[2330.2815],13
2025-01-13,ORIN.TA,[2339.841],14
2025-01-14,ORIN.TA,[2244.1873],15
2025-01-15,ORIN.TA,[2116.6616],16
2025-01-16,ORIN.TA,[2173.0396],17
2025-01-17,ORIN.TA,[2248.428],18
2025-01-18,ORIN.TA,[2256.1277],19
2025-01-19,ORIN.TA,[2365.0278],20
2025-01-20,ORIN.TA,[2440.1226],21
2025-01-21,ORIN.TA,[2511.211],22
2025-01-22,ORIN.TA,[2428.6846],23
2025-01-23,ORIN.TA,[2399.787],24
2025-01-24,ORIN.TA,[2471.857],25
2025-01-25,ORIN.TA,[2538.1482],26
2025-01-26,ORIN.TA,[2561.3232],27
2025-01-27,ORIN.TA,[2593.2776],28
2025-01-28,ORIN.TA,[2439.3755],29
2025-01-29,ORIN.TA,[2404.2266],30
2024-12-31,ORA.TA,[25047.1],1
2025-01-01,ORA.TA,[25283.443],2
2025-01-02,ORA.TA,[24409.936],3
2025-01-03,ORA.TA,[24384.105],4
2025-01-04,ORA.TA,[24442.928],5
2025-01-05,ORA.TA,[24685.705],6
2025-01-06,ORA.TA,[24649.605],7
2025-01-07,ORA.TA,[25262.287],8
2025-01-08,ORA.TA,[25179.42],9
2025-01-09,ORA.TA,[24930.23],10
2025-01-10,ORA.TA,[25109.121],11
2025-01-11,ORA.TA,[25176.867],12
2025-01-12,ORA.TA,[25137.408],13
2025-01-13,ORA.TA,[24763.51],14
2025-01-14,ORA.TA,[24624.814],15
2025-01-15,ORA.TA,[25147.559],16
2025-01-16,ORA.TA,[25281.375],17
2025-01-17,ORA.TA,[25740.479],18
2025-01-18,ORA.TA,[25796.531],19
2025-01-19,ORA.TA,[25680.168],20
2025-01-20,ORA.TA,[26324.232],21
2025-01-21,ORA.TA,[26124.334],22
2025-01-22,ORA.TA,[25694.045],23
2025-01-23,ORA.TA,[25787.387],24
2025-01-24,ORA.TA,[25988.252],25
2025-01-25,ORA.TA,[26139.982],26
2025-01-26,ORA.TA,[26201.346],27
2025-01-27,ORA.TA,[26132.225],28
2025-01-28,ORA.TA,[25809.092],29
2025-01-29,ORA.TA,[24702.256],30
2024-12-31,ORON.TA,[1059.5033],1
2025-01-01,ORON.TA,[1051.9312],2
2025-01-02,ORON.TA,[1003.54785],3
2025-01-03,ORON.TA,[998.9524],4
2025-01-04,ORON.TA,[994.988],5
2025-01-05,ORON.TA,[1025.6003],6
2025-01-06,ORON.TA,[1010.60345],7
2025-01-07,ORON.TA,[997.0874],8
2025-01-08,ORON.TA,[975.9291],9
2025-01-09,ORON.TA,[968.70435],10
2025-01-10,ORON.TA,[1026.381],11
2025-01-11,ORON.TA,[980.9847],12
2025-01-12,ORON.TA,[1011.67084],13
2025-01-13,ORON.TA,[1035.8209],14
2025-01-14,ORON.TA,[1017.2333],15
2025-01-15,ORON.TA,[1074.605],16
2025-01-16,ORON.TA,[1084.5068],17
2025-01-17,ORON.TA,[1061.1115],18
2025-01-18,ORON.TA,[1046.7493],19
2025-01-19,ORON.TA,[1048.7734],20
2025-01-20,ORON.TA,[1062.6814],21
2025-01-21,ORON.TA,[1081.2383],22
2025-01-22,ORON.TA,[1051.7307],23
2025-01-23,ORON.TA,[1067.7245],24
2025-01-24,ORON.TA,[1071.0951],25
2025-01-25,ORON.TA,[1065.8792],26
2025-01-26,ORON.TA,[1107.7673],27
2025-01-27,ORON.TA,[1090.4132],28
2025-01-28,ORON.TA,[1129.4575],29
2025-01-29,ORON.TA,[1144.926],30
2024-12-31,OVRS.TA,[398.3465],1
2025-01-01,OVRS.TA,[406.2948],2
2025-01-02,OVRS.TA,[407.60825],3
2025-01-03,OVRS.TA,[405.7922],4
2025-01-04,OVRS.TA,[410.28583],5
2025-01-05,OVRS.TA,[416.29514],6
2025-01-06,OVRS.TA,[407.25046],7
2025-01-07,OVRS.TA,[404.9611],8
2025-01-08,OVRS.TA,[406.5673],9
2025-01-09,OVRS.TA,[412.60876],10
2025-01-10,OVRS.TA,[417.47693],11
2025-01-11,OVRS.TA,[416.2106],12
2025-01-12,OVRS.TA,[414.01855],13
2025-01-13,OVRS.TA,[427.94882],14
2025-01-14,OVRS.TA,[429.97986],15
2025-01-15,OVRS.TA,[440.48276],16
2025-01-16,OVRS.TA,[440.97488],17
2025-01-17,OVRS.TA,[439.67715],18
2025-01-18,OVRS.TA,[444.95703],19
2025-01-19,OVRS.TA,[441.8082],20
2025-01-20,OVRS.TA,[438.57617],21
2025-01-21,OVRS.TA,[438.91626],22
2025-01-22,OVRS.TA,[428.10345],23
2025-01-23,OVRS.TA,[415.89468],24
2025-01-24,OVRS.TA,[425.38748],25
2025-01-25,OVRS.TA,[419.80716],26
2025-01-26,OVRS.TA,[414.2735],27
2025-01-27,OVRS.TA,[420.47516],28
2025-01-28,OVRS.TA,[420.57855],29
2025-01-29,OVRS.TA,[431.57724],30
2024-12-31,PLRM.TA,[7258.6895],1
2025-01-01,PLRM.TA,[7374.57],2
2025-01-02,PLRM.TA,[7378.554],3
2025-01-03,PLRM.TA,[7197.727],4
2025-01-04,PLRM.TA,[7300.813],5
2025-01-05,PLRM.TA,[7298.7075],6
2025-01-06,PLRM.TA,[7437.74],7
2025-01-07,PLRM.TA,[7382.039],8
2025-01-08,PLRM.TA,[7363.162],9
2025-01-09,PLRM.TA,[7540.267],10
2025-01-10,PLRM.TA,[7447.2686],11
2025-01-11,PLRM.TA,[7590.586],12
2025-01-12,PLRM.TA,[7721.838],13
2025-01-13,PLRM.TA,[7749.085],14
2025-01-14,PLRM.TA,[7811.3936],15
2025-01-15,PLRM.TA,[7985.001],16
2025-01-16,PLRM.TA,[8102.9805],17
2025-01-17,PLRM.TA,[8123.806],18
2025-01-18,PLRM.TA,[8039.778],19
2025-01-19,PLRM.TA,[7691.6475],20
2025-01-20,PLRM.TA,[7699.5073],21
2025-01-21,PLRM.TA,[7781.48],22
2025-01-22,PLRM.TA,[7828.1914],23
2025-01-23,PLRM.TA,[7637.051],24
2025-01-24,PLRM.TA,[7697.537],25
2025-01-25,PLRM.TA,[7821.4956],26
2025-01-26,PLRM.TA,[7766.622],27
2025-01-27,PLRM.TA,[7772.4385],28
2025-01-28,PLRM.TA,[7858.6787],29
2025-01-29,PLRM.TA,[7802.785],30
2024-12-31,PRKM.TA,[580.2075],1
2025-01-01,PRKM.TA,[564.9521],2
2025-01-02,PRKM.TA,[561.28284],3
2025-01-03,PRKM.TA,[566.78766],4
2025-01-04,PRKM.TA,[569.4575],5
2025-01-05,PRKM.TA,[582.53577],6
2025-01-06,PRKM.TA,[563.4009],7
2025-01-07,PRKM.TA,[556.3349],8
2025-01-08,PRKM.TA,[552.2797],9
2025-01-09,PRKM.TA,[564.1283],10
2025-01-10,PRKM.TA,[590.54663],11
2025-01-11,PRKM.TA,[609.2531],12
2025-01-12,PRKM.TA,[618.9371],13
2025-01-13,PRKM.TA,[636.28925],14
2025-01-14,PRKM.TA,[639.16986],15
2025-01-15,PRKM.TA,[642.46924],16
2025-01-16,PRKM.TA,[652.0274],17
2025-01-17,PRKM.TA,[675.82],18
2025-01-18,PRKM.TA,[662.24927],19
2025-01-19,PRKM.TA,[672.96173],20
2025-01-20,PRKM.TA,[705.9093],21
2025-01-21,PRKM.TA,[718.9761],22
2025-01-22,PRKM.TA,[716.56165],23
2025-01-23,PRKM.TA,[738.5062],24
2025-01-24,PRKM.TA,[702.77515],25
2025-01-25,PRKM.TA,[713.4879],26
2025-01-26,PRKM.TA,[759.15625],27
2025-01-27,PRKM.TA,[782.3038],28
2025-01-28,PRKM.TA,[768.46643],29
2025-01-29,PRKM.TA,[766.32666],30
2024-12-31,PTNR.TA,[2478.7185],1
2025-01-01,PTNR.TA,[2442.0703],2
2025-01-02,PTNR.TA,[2491.8723],3
2025-01-03,PTNR.TA,[2481.1758],4
2025-01-04,PTNR.TA,[2452.279],5
2025-01-05,PTNR.TA,[2457.4573],6
2025-01-06,PTNR.TA,[2392.1077],7
2025-01-07,PTNR.TA,[2413.9675],8
2025-01-08,PTNR.TA,[2474.214],9
2025-01-09,PTNR.TA,[2369.4775],10
2025-01-10,PTNR.TA,[2468.2502],11
2025-01-11,PTNR.TA,[2516.729],12
2025-01-12,PTNR.TA,[2632.0557],13
2025-01-13,PTNR.TA,[2725.0576],14
2025-01-14,PTNR.TA,[2684.4915],15
2025-01-15,PTNR.TA,[2746.1807],16
2025-01-16,PTNR.TA,[2721.1025],17
2025-01-17,PTNR.TA,[2775.0137],18
2025-01-18,PTNR.TA,[2819.191],19
2025-01-19,PTNR.TA,[2809.5215],20
2025-01-20,PTNR.TA,[2794.5544],21
2025-01-21,PTNR.TA,[2842.5122],22
2025-01-22,PTNR.TA,[2874.9644],23
2025-01-23,PTNR.TA,[2818.5994],24
2025-01-24,PTNR.TA,[2846.946],25
2025-01-25,PTNR.TA,[2863.4072],26
2025-01-26,PTNR.TA,[2819.6206],27
2025-01-27,PTNR.TA,[2663.4778],28
2025-01-28,PTNR.TA,[2658.402],29
2025-01-29,PTNR.TA,[2652.386],30
2024-12-31,PMNT.TA,[312.62366],1
2025-01-01,PMNT.TA,[294.27264],2
2025-01-02,PMNT.TA,[317.70593],3
2025-01-03,PMNT.TA,[331.18976],4
2025-01-04,PMNT.TA,[335.22296],5
2025-01-05,PMNT.TA,[353.73972],6
2025-01-06,PMNT.TA,[346.3708],7
2025-01-07,PMNT.TA,[350.24606],8
2025-01-08,PMNT.TA,[337.92017],9
2025-01-09,PMNT.TA,[357.7972],10
2025-01-10,PMNT.TA,[355.17868],11
2025-01-11,PMNT.TA,[349.2761],12
2025-01-12,PMNT.TA,[332.0816],13
2025-01-13,PMNT.TA,[331.8209],14
2025-01-14,PMNT.TA,[328.44244],15
2025-01-15,PMNT.TA,[331.43414],16
2025-01-16,PMNT.TA,[333.4669],17
2025-01-17,PMNT.TA,[335.4591],18
2025-01-18,PMNT.TA,[336.2745],19
2025-01-19,PMNT.TA,[338.43283],20
2025-01-20,PMNT.TA,[332.8401],21
2025-01-21,PMNT.TA,[339.3358],22
2025-01-22,PMNT.TA,[340.38956],23
2025-01-23,PMNT.TA,[351.55087],24
2025-01-24,PMNT.TA,[362.30756],25
2025-01-25,PMNT.TA,[357.9107],26
2025-01-26,PMNT.TA,[355.50195],27
2025-01-27,PMNT.TA,[347.00494],28
2025-01-28,PMNT.TA,[345.57764],29
2025-01-29,PMNT.TA,[337.83545],30
2024-12-31,PAYT.TA,[6718.9976],1
2025-01-01,PAYT.TA,[6813.2603],2
2025-01-02,PAYT.TA,[6940.8413],3
2025-01-03,PAYT.TA,[6932.689],4
2025-01-04,PAYT.TA,[6973.675],5
2025-01-05,PAYT.TA,[6986.508],6
2025-01-06,PAYT.TA,[7075.116],7
2025-01-07,PAYT.TA,[7154.993],8
2025-01-08,PAYT.TA,[7155.869],9
2025-01-09,PAYT.TA,[7203.9204],10
2025-01-10,PAYT.TA,[7246.8203],11
2025-01-11,PAYT.TA,[7394.3853],12
2025-01-12,PAYT.TA,[7360.6255],13
2025-01-13,PAYT.TA,[7384.1694],14
2025-01-14,PAYT.TA,[7573.7583],15
2025-01-15,PAYT.TA,[7587.0176],16
2025-01-16,PAYT.TA,[7717.0034],17
2025-01-17,PAYT.TA,[7832.264],18
2025-01-18,PAYT.TA,[7935.502],19
2025-01-19,PAYT.TA,[7967.15],20
2025-01-20,PAYT.TA,[7990.834],21
2025-01-21,PAYT.TA,[8042.5723],22
2025-01-22,PAYT.TA,[8106.8833],23
2025-01-23,PAYT.TA,[8111.49],24
2025-01-24,PAYT.TA,[8128.5737],25
2025-01-25,PAYT.TA,[7977.0938],26
2025-01-26,PAYT.TA,[8029.7275],27
2025-01-27,PAYT.TA,[8081.931],28
2025-01-28,PAYT.TA,[8076.1353],29
2025-01-29,PAYT.TA,[8144.694],30
2024-12-31,PAZ.TA,[43526.6],1
2025-01-01,PAZ.TA,[43885.957],2
2025-01-02,PAZ.TA,[43507.566],3
2025-01-03,PAZ.TA,[41517.426],4
2025-01-04,PAZ.TA,[41348.266],5
2025-01-05,PAZ.TA,[42229.918],6
2025-01-06,PAZ.TA,[42114.902],7
2025-01-07,PAZ.TA,[42317.008],8
2025-01-08,PAZ.TA,[43281.],9
2025-01-09,PAZ.TA,[43724.03],10
2025-01-10,PAZ.TA,[45115.76],11
2025-01-11,PAZ.TA,[43909.184],12
2025-01-12,PAZ.TA,[44669.43],13
2025-01-13,PAZ.TA,[44493.387],14
2025-01-14,PAZ.TA,[43840.07],15
2025-01-15,PAZ.TA,[43609.03],16
2025-01-16,PAZ.TA,[43262.88],17
2025-01-17,PAZ.TA,[44393.855],18
2025-01-18,PAZ.TA,[43851.258],19
2025-01-19,PAZ.TA,[43595.355],20
2025-01-20,PAZ.TA,[44686.7],21
2025-01-21,PAZ.TA,[43314.86],22
2025-01-22,PAZ.TA,[43041.94],23
2025-01-23,PAZ.TA,[42774.066],24
2025-01-24,PAZ.TA,[44163.996],25
2025-01-25,PAZ.TA,[45213.09],26
2025-01-26,PAZ.TA,[45382.24],27
2025-01-27,PAZ.TA,[46646.69],28
2025-01-28,PAZ.TA,[47097.82],29
2025-01-29,PAZ.TA,[48203.684],30
2024-12-31,PCBT.TA,[745.2806],1
2025-01-01,PCBT.TA,[787.25964],2
2025-01-02,PCBT.TA,[781.2805],3
2025-01-03,PCBT.TA,[794.2136],4
2025-01-04,PCBT.TA,[803.7469],5
2025-01-05,PCBT.TA,[809.6052],6
2025-01-06,PCBT.TA,[829.2526],7
2025-01-07,PCBT.TA,[793.67957],8
2025-01-08,PCBT.TA,[835.6622],9
2025-01-09,PCBT.TA,[853.14307],10
2025-01-10,PCBT.TA,[851.7584],11
2025-01-11,PCBT.TA,[915.2275],12
2025-01-12,PCBT.TA,[868.8936],13
2025-01-13,PCBT.TA,[825.19446],14
2025-01-14,PCBT.TA,[833.1264],15
2025-01-15,PCBT.TA,[890.4135],16
2025-01-16,PCBT.TA,[857.4449],17
2025-01-17,PCBT.TA,[882.3497],18
2025-01-18,PCBT.TA,[868.63745],19
2025-01-19,PCBT.TA,[864.8794],20
2025-01-20,PCBT.TA,[878.09186],21
2025-01-21,PCBT.TA,[887.4972],22
2025-01-22,PCBT.TA,[886.2886],23
2025-01-23,PCBT.TA,[894.026],24
2025-01-24,PCBT.TA,[888.10095],25
2025-01-25,PCBT.TA,[871.638],26
2025-01-26,PCBT.TA,[917.5148],27
2025-01-27,PCBT.TA,[934.222],28
2025-01-28,PCBT.TA,[900.1843],29
2025-01-29,PCBT.TA,[907.45276],30
2024-12-31,PEN.TA,[205.43985],1
2025-01-01,PEN.TA,[206.98047],2
2025-01-02,PEN.TA,[204.45186],3
2025-01-03,PEN.TA,[197.66519],4
2025-01-04,PEN.TA,[204.91641],5
2025-01-05,PEN.TA,[209.91855],6
2025-01-06,PEN.TA,[208.7621],7
2025-01-07,PEN.TA,[215.43471],8
2025-01-08,PEN.TA,[215.50415],9
2025-01-09,PEN.TA,[226.3456],10
2025-01-10,PEN.TA,[225.34772],11
2025-01-11,PEN.TA,[230.06152],12
2025-01-12,PEN.TA,[234.2156],13
2025-01-13,PEN.TA,[241.67216],14
2025-01-14,PEN.TA,[249.25992],15
2025-01-15,PEN.TA,[247.84966],16
2025-01-16,PEN.TA,[255.95456],17
2025-01-17,PEN.TA,[262.08304],18
2025-01-18,PEN.TA,[264.58734],19
2025-01-19,PEN.TA,[263.87665],20
2025-01-20,PEN.TA,[256.4112],21
2025-01-21,PEN.TA,[261.06714],22
2025-01-22,PEN.TA,[264.53946],23
2025-01-23,PEN.TA,[262.81476],24
2025-01-24,PEN.TA,[269.10077],25
2025-01-25,PEN.TA,[270.90674],26
2025-01-26,PEN.TA,[274.25745],27
2025-01-27,PEN.TA,[278.81696],28
2025-01-28,PEN.TA,[280.1931],29
2025-01-29,PEN.TA,[274.93094],30
2024-12-31,PERI.TA,[2982.9329],1
2025-01-01,PERI.TA,[3091.107],2
2025-01-02,PERI.TA,[3244.137],3
2025-01-03,PERI.TA,[3357.4016],4
2025-01-04,PERI.TA,[3200.3633],5
2025-01-05,PERI.TA,[3325.138],6
2025-01-06,PERI.TA,[3581.9414],7
2025-01-07,PERI.TA,[3573.043],8
2025-01-08,PERI.TA,[3558.6755],9
2025-01-09,PERI.TA,[3529.2603],10
2025-01-10,PERI.TA,[3359.067],11
2025-01-11,PERI.TA,[3537.5518],12
2025-01-12,PERI.TA,[3441.2961],13
2025-01-13,PERI.TA,[3049.6443],14
2025-01-14,PERI.TA,[3296.6555],15
2025-01-15,PERI.TA,[3368.3809],16
2025-01-16,PERI.TA,[3285.5896],17
2025-01-17,PERI.TA,[3310.6057],18
2025-01-18,PERI.TA,[3369.7776],19
2025-01-19,PERI.TA,[3353.89],20
2025-01-20,PERI.TA,[3084.6377],21
2025-01-21,PERI.TA,[3228.8442],22
2025-01-22,PERI.TA,[3215.2988],23
2025-01-23,PERI.TA,[3359.7847],24
2025-01-24,PERI.TA,[3468.9336],25
2025-01-25,PERI.TA,[3451.414],26
2025-01-26,PERI.TA,[3534.231],27
2025-01-27,PERI.TA,[3714.1897],28
2025-01-28,PERI.TA,[3549.6206],29
2025-01-29,PERI.TA,[3522.4565],30
2024-12-31,PTCH.TA,[165.79674],1
2025-01-01,PTCH.TA,[167.21672],2
2025-01-02,PTCH.TA,[169.85475],3
2025-01-03,PTCH.TA,[185.35666],4
2025-01-04,PTCH.TA,[198.0705],5
2025-01-05,PTCH.TA,[186.77574],6
2025-01-06,PTCH.TA,[189.03992],7
2025-01-07,PTCH.TA,[195.29694],8
2025-01-08,PTCH.TA,[193.51942],9
2025-01-09,PTCH.TA,[191.82213],10
2025-01-10,PTCH.TA,[183.42583],11
2025-01-11,PTCH.TA,[173.8685],12
2025-01-12,PTCH.TA,[172.89821],13
2025-01-13,PTCH.TA,[175.42677],14
2025-01-14,PTCH.TA,[173.59323],15
2025-01-15,PTCH.TA,[184.85583],16
2025-01-16,PTCH.TA,[189.05005],17
2025-01-17,PTCH.TA,[204.346],18
2025-01-18,PTCH.TA,[215.06732],19
2025-01-19,PTCH.TA,[202.0758],20
2025-01-20,PTCH.TA,[198.4313],21
2025-01-21,PTCH.TA,[189.65157],22
2025-01-22,PTCH.TA,[188.34349],23
2025-01-23,PTCH.TA,[196.66168],24
2025-01-24,PTCH.TA,[193.3103],25
2025-01-25,PTCH.TA,[186.60646],26
2025-01-26,PTCH.TA,[189.46205],27
2025-01-27,PTCH.TA,[184.61615],28
2025-01-28,PTCH.TA,[173.39449],29
2025-01-29,PTCH.TA,[175.69936],30
2024-12-31,PTX.TA,[115.690125],1
2025-01-01,PTX.TA,[119.7899],2
2025-01-02,PTX.TA,[118.99475],3
2025-01-03,PTX.TA,[120.70035],4
2025-01-04,PTX.TA,[120.05154],5
2025-01-05,PTX.TA,[119.64001],6
2025-01-06,PTX.TA,[120.4389],7
2025-01-07,PTX.TA,[122.48525],8
2025-01-08,PTX.TA,[123.58244],9
2025-01-09,PTX.TA,[123.58592],10
2025-01-10,PTX.TA,[125.3862],11
2025-01-11,PTX.TA,[121.43223],12
2025-01-12,PTX.TA,[122.4098],13
2025-01-13,PTX.TA,[123.91366],14
2025-01-14,PTX.TA,[121.312744],15
2025-01-15,PTX.TA,[123.89858],16
2025-01-16,PTX.TA,[124.48307],17
2025-01-17,PTX.TA,[124.64967],18
2025-01-18,PTX.TA,[123.01875],19
2025-01-19,PTX.TA,[123.53153],20
2025-01-20,PTX.TA,[122.85135],21
2025-01-21,PTX.TA,[120.8603],22
2025-01-22,PTX.TA,[118.81953],23
2025-01-23,PTX.TA,[119.1639],24
2025-01-24,PTX.TA,[119.21287],25
2025-01-25,PTX.TA,[115.905945],26
2025-01-26,PTX.TA,[115.19221],27
2025-01-27,PTX.TA,[114.49294],28
2025-01-28,PTX.TA,[116.23232],29
2025-01-29,PTX.TA,[116.50757],30
2024-12-31,PHOE.TA,[5083.311],1
2025-01-01,PHOE.TA,[5044.028],2
2025-01-02,PHOE.TA,[4972.2256],3
2025-01-03,PHOE.TA,[4947.7354],4
2025-01-04,PHOE.TA,[5027.0073],5
2025-01-05,PHOE.TA,[5152.4814],6
2025-01-06,PHOE.TA,[5291.5815],7
2025-01-07,PHOE.TA,[5305.413],8
2025-01-08,PHOE.TA,[5131.0796],9
2025-01-09,PHOE.TA,[5230.1143],10
2025-01-10,PHOE.TA,[5236.3154],11
2025-01-11,PHOE.TA,[5232.706],12
2025-01-12,PHOE.TA,[5296.139],13
2025-01-13,PHOE.TA,[5309.474],14
2025-01-14,PHOE.TA,[5566.1875],15
2025-01-15,PHOE.TA,[5500.231],16
2025-01-16,PHOE.TA,[5275.34],17
2025-01-17,PHOE.TA,[5367.4097],18
2025-01-18,PHOE.TA,[5503.6235],19
2025-01-19,PHOE.TA,[5325.705],20
2025-01-20,PHOE.TA,[5301.2554],21
2025-01-21,PHOE.TA,[5067.64],22
2025-01-22,PHOE.TA,[5076.4316],23
2025-01-23,PHOE.TA,[5098.9165],24
2025-01-24,PHOE.TA,[5156.3945],25
2025-01-25,PHOE.TA,[5225.265],26
2025-01-26,PHOE.TA,[5385.9185],27
2025-01-27,PHOE.TA,[5411.0537],28
2025-01-28,PHOE.TA,[5506.1274],29
2025-01-29,PHOE.TA,[5633.206],30
2024-12-31,PHTM.TA,[3004.145],1
2025-01-01,PHTM.TA,[3049.676],2
2025-01-02,PHTM.TA,[3108.6536],3
2025-01-03,PHTM.TA,[3065.7874],4
2025-01-04,PHTM.TA,[3036.2146],5
2025-01-05,PHTM.TA,[3020.1738],6
2025-01-06,PHTM.TA,[3028.5115],7
2025-01-07,PHTM.TA,[3073.8264],8
2025-01-08,PHTM.TA,[3039.7085],9
2025-01-09,PHTM.TA,[3015.033],10
2025-01-10,PHTM.TA,[3002.596],11
2025-01-11,PHTM.TA,[2985.974],12
2025-01-12,PHTM.TA,[2968.0679],13
2025-01-13,PHTM.TA,[2980.2117],14
2025-01-14,PHTM.TA,[2899.9443],15
2025-01-15,PHTM.TA,[2936.316],16
2025-01-16,PHTM.TA,[2933.3323],17
2025-01-17,PHTM.TA,[2824.8909],18
2025-01-18,PHTM.TA,[2879.3362],19
2025-01-19,PHTM.TA,[2849.7322],20
2025-01-20,PHTM.TA,[2802.668],21
2025-01-21,PHTM.TA,[2837.1335],22
2025-01-22,PHTM.TA,[2772.5803],23
2025-01-23,PHTM.TA,[2731.063],24
2025-01-24,PHTM.TA,[2767.1304],25
2025-01-25,PHTM.TA,[2695.1055],26
2025-01-26,PHTM.TA,[2626.6455],27
2025-01-27,PHTM.TA,[2640.496],28
2025-01-28,PHTM.TA,[2737.852],29
2025-01-29,PHTM.TA,[2729.873],30
2024-12-31,PLNT.TA,[383.99042],1
2025-01-01,PLNT.TA,[358.49542],2
2025-01-02,PLNT.TA,[389.7341],3
2025-01-03,PLNT.TA,[497.6828],4
2025-01-04,PLNT.TA,[604.46735],5
2025-01-05,PLNT.TA,[768.17255],6
2025-01-06,PLNT.TA,[1003.3964],7
2025-01-07,PLNT.TA,[1210.8412],8
2025-01-08,PLNT.TA,[1470.7411],9
2025-01-09,PLNT.TA,[1296.3776],10
2025-01-10,PLNT.TA,[1680.5046],11
2025-01-11,PLNT.TA,[1699.5121],12
2025-01-12,PLNT.TA,[1527.5347],13
2025-01-13,PLNT.TA,[1146.6953],14
2025-01-14,PLNT.TA,[888.41864],15
2025-01-15,PLNT.TA,[1181.5023],16
2025-01-16,PLNT.TA,[1694.4385],17
2025-01-17,PLNT.TA,[2204.1675],18
2025-01-18,PLNT.TA,[1397.1476],19
2025-01-19,PLNT.TA,[1190.2776],20
2025-01-20,PLNT.TA,[1545.6377],21
2025-01-21,PLNT.TA,[1458.3684],22
2025-01-22,PLNT.TA,[1467.4736],23
2025-01-23,PLNT.TA,[1847.9033],24
2025-01-24,PLNT.TA,[2247.354],25
2025-01-25,PLNT.TA,[2593.3564],26
2025-01-26,PLNT.TA,[2424.1167],27
2025-01-27,PLNT.TA,[2587.7495],28
2025-01-28,PLNT.TA,[3200.1033],29
2025-01-29,PLNT.TA,[3557.0962],30
2024-12-31,PLSN.TA,[17766.766],1
2025-01-01,PLSN.TA,[17961.363],2
2025-01-02,PLSN.TA,[17519.75],3
2025-01-03,PLSN.TA,[16606.479],4
2025-01-04,PLSN.TA,[17614.725],5
2025-01-05,PLSN.TA,[17576.557],6
2025-01-06,PLSN.TA,[17639.705],7
2025-01-07,PLSN.TA,[17523.078],8
2025-01-08,PLSN.TA,[16999.385],9
2025-01-09,PLSN.TA,[16698.771],10
2025-01-10,PLSN.TA,[17028.281],11
2025-01-11,PLSN.TA,[17545.787],12
2025-01-12,PLSN.TA,[17653.78],13
2025-01-13,PLSN.TA,[17041.482],14
2025-01-14,PLSN.TA,[17603.953],15
2025-01-15,PLSN.TA,[17470.871],16
2025-01-16,PLSN.TA,[17595.074],17
2025-01-17,PLSN.TA,[17357.645],18
2025-01-18,PLSN.TA,[17408.014],19
2025-01-19,PLSN.TA,[17781.9],20
2025-01-20,PLSN.TA,[18203.732],21
2025-01-21,PLSN.TA,[18811.305],22
2025-01-22,PLSN.TA,[18825.537],23
2025-01-23,PLSN.TA,[19393.973],24
2025-01-24,PLSN.TA,[19767.285],25
2025-01-25,PLSN.TA,[19295.24],26
2025-01-26,PLSN.TA,[18821.184],27
2025-01-27,PLSN.TA,[18733.932],28
2025-01-28,PLSN.TA,[18545.145],29
2025-01-29,PLSN.TA,[18253.59],30
2024-12-31,PLCR.TA,[266.77264],1
2025-01-01,PLCR.TA,[205.71463],2
2025-01-02,PLCR.TA,[90.20687],3
2025-01-03,PLCR.TA,[62.729862],4
2025-01-04,PLCR.TA,[45.419838],5
2025-01-05,PLCR.TA,[62.325924],6
2025-01-06,PLCR.TA,[61.85852],7
2025-01-07,PLCR.TA,[68.94581],8
2025-01-08,PLCR.TA,[5.3291364],9
2025-01-09,PLCR.TA,[5.141147],10
2025-01-10,PLCR.TA,[5.1793623],11
2025-01-11,PLCR.TA,[8.217986],12
2025-01-12,PLCR.TA,[3.6571815],13
2025-01-13,PLCR.TA,[2.4624324],14
2025-01-14,PLCR.TA,[6.132979],15
2025-01-15,PLCR.TA,[11.0546875],16
2025-01-16,PLCR.TA,[12.450419],17
2025-01-17,PLCR.TA,[8.693626],18
2025-01-18,PLCR.TA,[11.300526],19
2025-01-19,PLCR.TA,[14.493303],20
2025-01-20,PLCR.TA,[16.731918],21
2025-01-21,PLCR.TA,[22.88661],22
2025-01-22,PLCR.TA,[24.992765],23
2025-01-23,PLCR.TA,[40.877605],24
2025-01-24,PLCR.TA,[10.35817],25
2025-01-25,PLCR.TA,[3.084929],26
2025-01-26,PLCR.TA,[3.0259805],27
2025-01-27,PLCR.TA,[5.334095],28
2025-01-28,PLCR.TA,[3.0234888],29
2025-01-29,PLCR.TA,[8.601353],30
2024-12-31,PPIL.TA,[1040.4452],1
2025-01-01,PPIL.TA,[1221.0015],2
2025-01-02,PPIL.TA,[-372.94904],3
2025-01-03,PPIL.TA,[310.6],4
2025-01-04,PPIL.TA,[608.47406],5
2025-01-05,PPIL.TA,[237.97446],6
2025-01-06,PPIL.TA,[74.983],7
2025-01-07,PPIL.TA,[-76.86743],8
2025-01-08,PPIL.TA,[-230.53676],9
2025-01-09,PPIL.TA,[-184.58116],10
2025-01-10,PPIL.TA,[-537.62164],11
2025-01-11,PPIL.TA,[359.33566],12
2025-01-12,PPIL.TA,[808.2782],13
2025-01-13,PPIL.TA,[375.71182],14
2025-01-14,PPIL.TA,[20.303917],15
2025-01-15,PPIL.TA,[10.465144],16
2025-01-16,PPIL.TA,[16.337952],17
2025-01-17,PPIL.TA,[16.143303],18
2025-01-18,PPIL.TA,[-0.7669456],19
2025-01-19,PPIL.TA,[-2.168474],20
2025-01-20,PPIL.TA,[-2.1829164],21
2025-01-21,PPIL.TA,[-2.5701413],22
2025-01-22,PPIL.TA,[-2.8082218],23
2025-01-23,PPIL.TA,[7.008054],24
2025-01-24,PPIL.TA,[8.520649],25
2025-01-25,PPIL.TA,[25.39179],26
2025-01-26,PPIL.TA,[22.54127],27
2025-01-27,PPIL.TA,[26.78549],28
2025-01-28,PPIL.TA,[33.028275],29
2025-01-29,PPIL.TA,[63.5824],30
2024-12-31,PLAZ-L.TA,[154.94061],1
2025-01-01,PLAZ-L.TA,[165.8373],2
2025-01-02,PLAZ-L.TA,[145.70656],3
2025-01-03,PLAZ-L.TA,[121.616646],4
2025-01-04,PLAZ-L.TA,[106.998085],5
2025-01-05,PLAZ-L.TA,[109.73339],6
2025-01-06,PLAZ-L.TA,[115.16841],7
2025-01-07,PLAZ-L.TA,[98.92072],8
2025-01-08,PLAZ-L.TA,[113.85882],9
2025-01-09,PLAZ-L.TA,[127.08656],10
2025-01-10,PLAZ-L.TA,[127.612495],11
2025-01-11,PLAZ-L.TA,[126.78211],12
2025-01-12,PLAZ-L.TA,[118.61503],13
2025-01-13,PLAZ-L.TA,[125.87718],14
2025-01-14,PLAZ-L.TA,[132.10912],15
2025-01-15,PLAZ-L.TA,[113.27824],16
2025-01-16,PLAZ-L.TA,[120.32939],17
2025-01-17,PLAZ-L.TA,[127.46949],18
2025-01-18,PLAZ-L.TA,[128.69243],19
2025-01-19,PLAZ-L.TA,[137.40103],20
2025-01-20,PLAZ-L.TA,[113.27754],21
2025-01-21,PLAZ-L.TA,[112.46289],22
2025-01-22,PLAZ-L.TA,[101.924324],23
2025-01-23,PLAZ-L.TA,[111.81002],24
2025-01-24,PLAZ-L.TA,[110.3022],25
2025-01-25,PLAZ-L.TA,[130.0622],26
2025-01-26,PLAZ-L.TA,[128.51244],27
2025-01-27,PLAZ-L.TA,[160.15953],28
2025-01-28,PLAZ-L.TA,[170.95053],29
2025-01-29,PLAZ-L.TA,[167.87538],30
2024-12-31,PLUR.TA,[2018.6368],1
2025-01-01,PLUR.TA,[2084.7239],2
2025-01-02,PLUR.TA,[2294.3062],3
2025-01-03,PLUR.TA,[1681.9774],4
2025-01-04,PLUR.TA,[1843.1396],5
2025-01-05,PLUR.TA,[1830.2042],6
2025-01-06,PLUR.TA,[1564.5457],7
2025-01-07,PLUR.TA,[1555.1807],8
2025-01-08,PLUR.TA,[1556.8269],9
2025-01-09,PLUR.TA,[2077.2395],10
2025-01-10,PLUR.TA,[2209.9028],11
2025-01-11,PLUR.TA,[2414.554],12
2025-01-12,PLUR.TA,[1637.0135],13
2025-01-13,PLUR.TA,[1776.1089],14
2025-01-14,PLUR.TA,[1948.4952],15
2025-01-15,PLUR.TA,[1838.2202],16
2025-01-16,PLUR.TA,[1725.294],17
2025-01-17,PLUR.TA,[1611.1104],18
2025-01-18,PLUR.TA,[1666.73],19
2025-01-19,PLUR.TA,[2009.3616],20
2025-01-20,PLUR.TA,[1794.3738],21
2025-01-21,PLUR.TA,[1821.196],22
2025-01-22,PLUR.TA,[1604.5662],23
2025-01-23,PLUR.TA,[1550.2689],24
2025-01-24,PLUR.TA,[1423.4116],25
2025-01-25,PLUR.TA,[1509.5698],26
2025-01-26,PLUR.TA,[1460.6697],27
2025-01-27,PLUR.TA,[1471.6848],28
2025-01-28,PLUR.TA,[1428.4341],29
2025-01-29,PLUR.TA,[1672.5006],30
2024-12-31,POLI.TA,[4107.464],1
2025-01-01,POLI.TA,[4099.2866],2
2025-01-02,POLI.TA,[4135.1772],3
2025-01-03,POLI.TA,[4094.9436],4
2025-01-04,POLI.TA,[4152.6577],5
2025-01-05,POLI.TA,[4074.7437],6
2025-01-06,POLI.TA,[4176.0107],7
2025-01-07,POLI.TA,[4295.695],8
2025-01-08,POLI.TA,[4225.279],9
2025-01-09,POLI.TA,[4135.286],10
2025-01-10,POLI.TA,[4235.3975],11
2025-01-11,POLI.TA,[4232.7876],12
2025-01-12,POLI.TA,[4185.149],13
2025-01-13,POLI.TA,[4222.514],14
2025-01-14,POLI.TA,[4315.571],15
2025-01-15,POLI.TA,[4353.149],16
2025-01-16,POLI.TA,[4427.9453],17
2025-01-17,POLI.TA,[4370.79],18
2025-01-18,POLI.TA,[4399.5864],19
2025-01-19,POLI.TA,[4394.3477],20
2025-01-20,POLI.TA,[4511.684],21
2025-01-21,POLI.TA,[4507.5166],22
2025-01-22,POLI.TA,[4482.231],23
2025-01-23,POLI.TA,[4514.5938],24
2025-01-24,POLI.TA,[4625.072],25
2025-01-25,POLI.TA,[4639.926],26
2025-01-26,POLI.TA,[4674.115],27
2025-01-27,POLI.TA,[4635.121],28
2025-01-28,POLI.TA,[4428.336],29
2025-01-29,POLI.TA,[4385.9087],30
2024-12-31,POLY.TA,[4280.4937],1
2025-01-01,POLY.TA,[4262.8203],2
2025-01-02,POLY.TA,[4229.928],3
2025-01-03,POLY.TA,[4192.22],4
2025-01-04,POLY.TA,[4205.5127],5
2025-01-05,POLY.TA,[4246.6772],6
2025-01-06,POLY.TA,[4183.0474],7
2025-01-07,POLY.TA,[4271.098],8
2025-01-08,POLY.TA,[4254.2515],9
2025-01-09,POLY.TA,[4308.5825],10
2025-01-10,POLY.TA,[4286.541],11
2025-01-11,POLY.TA,[4384.188],12
2025-01-12,POLY.TA,[4330.085],13
2025-01-13,POLY.TA,[4337.1016],14
2025-01-14,POLY.TA,[4387.4614],15
2025-01-15,POLY.TA,[4359.972],16
2025-01-16,POLY.TA,[4238.9365],17
2025-01-17,POLY.TA,[4259.941],18
2025-01-18,POLY.TA,[4210.891],19
2025-01-19,POLY.TA,[4215.5786],20
2025-01-20,POLY.TA,[4149.2324],21
2025-01-21,POLY.TA,[4043.86],22
2025-01-22,POLY.TA,[3948.8337],23
2025-01-23,POLY.TA,[3964.207],24
2025-01-24,POLY.TA,[3938.593],25
2025-01-25,POLY.TA,[4037.7725],26
2025-01-26,POLY.TA,[4015.101],27
2025-01-27,POLY.TA,[3970.7837],28
2025-01-28,POLY.TA,[3967.6775],29
2025-01-29,POLY.TA,[3982.2883],30
2024-12-31,POLP.TA,[1194.5504],1
2025-01-01,POLP.TA,[1197.5304],2
2025-01-02,POLP.TA,[1211.9045],3
2025-01-03,POLP.TA,[1182.4159],4
2025-01-04,POLP.TA,[1198.961],5
2025-01-05,POLP.TA,[1172.479],6
2025-01-06,POLP.TA,[1178.5206],7
2025-01-07,POLP.TA,[1205.7332],8
2025-01-08,POLP.TA,[1213.7252],9
2025-01-09,POLP.TA,[1228.1962],10
2025-01-10,POLP.TA,[1231.0739],11
2025-01-11,POLP.TA,[1211.6481],12
2025-01-12,POLP.TA,[1216.1171],13
2025-01-13,POLP.TA,[1229.066],14
2025-01-14,POLP.TA,[1205.8317],15
2025-01-15,POLP.TA,[1219.1445],16
2025-01-16,POLP.TA,[1208.4268],17
2025-01-17,POLP.TA,[1188.3561],18
2025-01-18,POLP.TA,[1184.7743],19
2025-01-19,POLP.TA,[1199.2493],20
2025-01-20,POLP.TA,[1205.2484],21
2025-01-21,POLP.TA,[1202.9459],22
2025-01-22,POLP.TA,[1190.0775],23
2025-01-23,POLP.TA,[1209.4713],24
2025-01-24,POLP.TA,[1211.428],25
2025-01-25,POLP.TA,[1211.152],26
2025-01-26,POLP.TA,[1216.058],27
2025-01-27,POLP.TA,[1235.8348],28
2025-01-28,POLP.TA,[1169.4755],29
2025-01-29,POLP.TA,[1140.432],30
2024-12-31,PMVM.TA,[304.55188],1
2025-01-01,PMVM.TA,[406.9763],2
2025-01-02,PMVM.TA,[310.30414],3
2025-01-03,PMVM.TA,[434.1859],4
2025-01-04,PMVM.TA,[498.01743],5
2025-01-05,PMVM.TA,[798.6159],6
2025-01-06,PMVM.TA,[841.7148],7
2025-01-07,PMVM.TA,[842.0523],8
2025-01-08,PMVM.TA,[1170.7511],9
2025-01-09,PMVM.TA,[672.3563],10
2025-01-10,PMVM.TA,[865.6888],11
2025-01-11,PMVM.TA,[719.8037],12
2025-01-12,PMVM.TA,[636.38965],13
2025-01-13,PMVM.TA,[497.72244],14
2025-01-14,PMVM.TA,[740.136],15
2025-01-15,PMVM.TA,[550.80035],16
2025-01-16,PMVM.TA,[456.05048],17
2025-01-17,PMVM.TA,[437.53192],18
2025-01-18,PMVM.TA,[231.42674],19
2025-01-19,PMVM.TA,[273.25287],20
2025-01-20,PMVM.TA,[502.09552],21
2025-01-21,PMVM.TA,[815.1599],22
2025-01-22,PMVM.TA,[1038.5365],23
2025-01-23,PMVM.TA,[1441.1122],24
2025-01-24,PMVM.TA,[1763.6582],25
2025-01-25,PMVM.TA,[2403.883],26
2025-01-26,PMVM.TA,[3034.1318],27
2025-01-27,PMVM.TA,[3373.5024],28
2025-01-28,PMVM.TA,[3432.2385],29
2025-01-29,PMVM.TA,[3613.3628],30
2024-12-31,PRSK.TA,[11523.795],1
2025-01-01,PRSK.TA,[11631.11],2
2025-01-02,PRSK.TA,[11427.521],3
2025-01-03,PRSK.TA,[10987.869],4
2025-01-04,PRSK.TA,[11181.673],5
2025-01-05,PRSK.TA,[11668.697],6
2025-01-06,PRSK.TA,[11988.865],7
2025-01-07,PRSK.TA,[11722.324],8
2025-01-08,PRSK.TA,[11079.348],9
2025-01-09,PRSK.TA,[10853.39],10
2025-01-10,PRSK.TA,[10936.695],11
2025-01-11,PRSK.TA,[10279.587],12
2025-01-12,PRSK.TA,[10177.928],13
2025-01-13,PRSK.TA,[10318.251],14
2025-01-14,PRSK.TA,[9877.521],15
2025-01-15,PRSK.TA,[10289.479],16
2025-01-16,PRSK.TA,[10612.24],17
2025-01-17,PRSK.TA,[10625.301],18
2025-01-18,PRSK.TA,[10613.936],19
2025-01-19,PRSK.TA,[10610.513],20
2025-01-20,PRSK.TA,[10684.964],21
2025-01-21,PRSK.TA,[10894.276],22
2025-01-22,PRSK.TA,[10619.888],23
2025-01-23,PRSK.TA,[11218.31],24
2025-01-24,PRSK.TA,[11153.497],25
2025-01-25,PRSK.TA,[11053.977],26
2025-01-26,PRSK.TA,[10682.867],27
2025-01-27,PRSK.TA,[11169.312],28
2025-01-28,PRSK.TA,[10503.938],29
2025-01-29,PRSK.TA,[10406.281],30
2024-12-31,PRIM.TA,[1049.5415],1
2025-01-01,PRIM.TA,[949.10944],2
2025-01-02,PRIM.TA,[996.97705],3
2025-01-03,PRIM.TA,[1012.1702],4
2025-01-04,PRIM.TA,[1012.18036],5
2025-01-05,PRIM.TA,[989.87823],6
2025-01-06,PRIM.TA,[949.9303],7
2025-01-07,PRIM.TA,[985.84534],8
2025-01-08,PRIM.TA,[963.8865],9
2025-01-09,PRIM.TA,[984.6797],10
2025-01-10,PRIM.TA,[1039.5055],11
2025-01-11,PRIM.TA,[1133.7607],12
2025-01-12,PRIM.TA,[1149.5867],13
2025-01-13,PRIM.TA,[1105.7153],14
2025-01-14,PRIM.TA,[1060.203],15
2025-01-15,PRIM.TA,[1103.3031],16
2025-01-16,PRIM.TA,[1169.3888],17
2025-01-17,PRIM.TA,[1206.15],18
2025-01-18,PRIM.TA,[1262.9261],19
2025-01-19,PRIM.TA,[1174.8162],20
2025-01-20,PRIM.TA,[1066.4674],21
2025-01-21,PRIM.TA,[1018.76855],22
2025-01-22,PRIM.TA,[953.9528],23
2025-01-23,PRIM.TA,[988.6887],24
2025-01-24,PRIM.TA,[956.8406],25
2025-01-25,PRIM.TA,[1006.8648],26
2025-01-26,PRIM.TA,[990.1196],27
2025-01-27,PRIM.TA,[952.4275],28
2025-01-28,PRIM.TA,[969.6238],29
2025-01-29,PRIM.TA,[970.9676],30
2024-12-31,PRMG.TA,[1373.5613],1
2025-01-01,PRMG.TA,[1396.2556],2
2025-01-02,PRMG.TA,[1531.5804],3
2025-01-03,PRMG.TA,[1453.9766],4
2025-01-04,PRMG.TA,[1459.0364],5
2025-01-05,PRMG.TA,[1471.749],6
2025-01-06,PRMG.TA,[1287.2632],7
2025-01-07,PRMG.TA,[1279.6477],8
2025-01-08,PRMG.TA,[1232.4688],9
2025-01-09,PRMG.TA,[1131.3035],10
2025-01-10,PRMG.TA,[1021.2588],11
2025-01-11,PRMG.TA,[1066.1869],12
2025-01-12,PRMG.TA,[1069.5227],13
2025-01-13,PRMG.TA,[1007.89813],14
2025-01-14,PRMG.TA,[976.8348],15
2025-01-15,PRMG.TA,[965.2866],16
2025-01-16,PRMG.TA,[979.8879],17
2025-01-17,PRMG.TA,[1045.8622],18
2025-01-18,PRMG.TA,[1110.7589],19
2025-01-19,PRMG.TA,[1085.5247],20
2025-01-20,PRMG.TA,[1068.4254],21
2025-01-21,PRMG.TA,[995.7319],22
2025-01-22,PRMG.TA,[1006.8357],23
2025-01-23,PRMG.TA,[991.2397],24
2025-01-24,PRMG.TA,[988.19495],25
2025-01-25,PRMG.TA,[1001.2938],26
2025-01-26,PRMG.TA,[1043.4902],27
2025-01-27,PRMG.TA,[1066.5613],28
2025-01-28,PRMG.TA,[1081.7426],29
2025-01-29,PRMG.TA,[1031.8157],30
2024-12-31,PRTC.TA,[15469.567],1
2025-01-01,PRTC.TA,[16074.226],2
2025-01-02,PRTC.TA,[16452.928],3
2025-01-03,PRTC.TA,[16859.102],4
2025-01-04,PRTC.TA,[17218.219],5
2025-01-05,PRTC.TA,[17616.617],6
2025-01-06,PRTC.TA,[18743.986],7
2025-01-07,PRTC.TA,[18521.715],8
2025-01-08,PRTC.TA,[17819.832],9
2025-01-09,PRTC.TA,[17706.943],10
2025-01-10,PRTC.TA,[16774.133],11
2025-01-11,PRTC.TA,[16361.4795],12
2025-01-12,PRTC.TA,[16713.209],13
2025-01-13,PRTC.TA,[16115.928],14
2025-01-14,PRTC.TA,[16820.098],15
2025-01-15,PRTC.TA,[16626.305],16
2025-01-16,PRTC.TA,[16247.015],17
2025-01-17,PRTC.TA,[17887.201],18
2025-01-18,PRTC.TA,[18241.713],19
2025-01-19,PRTC.TA,[18921.697],20
2025-01-20,PRTC.TA,[19038.604],21
2025-01-21,PRTC.TA,[20007.738],22
2025-01-22,PRTC.TA,[19995.906],23
2025-01-23,PRTC.TA,[21317.586],24
2025-01-24,PRTC.TA,[21767.02],25
2025-01-25,PRTC.TA,[23023.576],26
2025-01-26,PRTC.TA,[25155.623],27
2025-01-27,PRTC.TA,[24730.28],28
2025-01-28,PRTC.TA,[24904.06],29
2025-01-29,PRTC.TA,[25045.83],30
2024-12-31,PRPD.TA,[2061.8057],1
2025-01-01,PRPD.TA,[2102.766],2
2025-01-02,PRPD.TA,[2090.1094],3
2025-01-03,PRPD.TA,[2065.515],4
2025-01-04,PRPD.TA,[2051.5234],5
2025-01-05,PRPD.TA,[2043.7975],6
2025-01-06,PRPD.TA,[1999.7756],7
2025-01-07,PRPD.TA,[1982.2031],8
2025-01-08,PRPD.TA,[1991.1028],9
2025-01-09,PRPD.TA,[2021.6528],10
2025-01-10,PRPD.TA,[2027.8424],11
2025-01-11,PRPD.TA,[2020.934],12
2025-01-12,PRPD.TA,[2030.5258],13
2025-01-13,PRPD.TA,[2001.589],14
2025-01-14,PRPD.TA,[2000.7238],15
2025-01-15,PRPD.TA,[2014.4657],16
2025-01-16,PRPD.TA,[2034.9979],17
2025-01-17,PRPD.TA,[2041.5231],18
2025-01-18,PRPD.TA,[2048.1255],19
2025-01-19,PRPD.TA,[2076.7864],20
2025-01-20,PRPD.TA,[2071.8027],21
2025-01-21,PRPD.TA,[2017.0104],22
2025-01-22,PRPD.TA,[1993.2375],23
2025-01-23,PRPD.TA,[1990.8473],24
2025-01-24,PRPD.TA,[1978.1311],25
2025-01-25,PRPD.TA,[1968.6279],26
2025-01-26,PRPD.TA,[1981.0823],27
2025-01-27,PRPD.TA,[1954.7231],28
2025-01-28,PRPD.TA,[1929.403],29
2025-01-29,PRPD.TA,[1946.1333],30
2024-12-31,PTBL.TA,[24516.803],1
2025-01-01,PTBL.TA,[24012.102],2
2025-01-02,PTBL.TA,[25814.46],3
2025-01-03,PTBL.TA,[25891.258],4
2025-01-04,PTBL.TA,[27081.75],5
2025-01-05,PTBL.TA,[27524.764],6
2025-01-06,PTBL.TA,[26548.705],7
2025-01-07,PTBL.TA,[26517.29],8
2025-01-08,PTBL.TA,[27947.92],9
2025-01-09,PTBL.TA,[27853.49],10
2025-01-10,PTBL.TA,[26654.],11
2025-01-11,PTBL.TA,[26391.727],12
2025-01-12,PTBL.TA,[25801.543],13
2025-01-13,PTBL.TA,[26060.607],14
2025-01-14,PTBL.TA,[25723.889],15
2025-01-15,PTBL.TA,[25227.033],16
2025-01-16,PTBL.TA,[25758.678],17
2025-01-17,PTBL.TA,[24956.33],18
2025-01-18,PTBL.TA,[25184.596],19
2025-01-19,PTBL.TA,[24920.469],20
2025-01-20,PTBL.TA,[24757.816],21
2025-01-21,PTBL.TA,[25298.5],22
2025-01-22,PTBL.TA,[26170.07],23
2025-01-23,PTBL.TA,[26569.74],24
2025-01-24,PTBL.TA,[27014.143],25
2025-01-25,PTBL.TA,[28037.389],26
2025-01-26,PTBL.TA,[27520.994],27
2025-01-27,PTBL.TA,[27927.63],28
2025-01-28,PTBL.TA,[28059.078],29
2025-01-29,PTBL.TA,[29401.428],30
2024-12-31,PULS.TA,[587.50323],1
2025-01-01,PULS.TA,[529.67993],2
2025-01-02,PULS.TA,[464.0184],3
2025-01-03,PULS.TA,[496.94806],4
2025-01-04,PULS.TA,[577.2771],5
2025-01-05,PULS.TA,[579.0655],6
2025-01-06,PULS.TA,[408.32886],7
2025-01-07,PULS.TA,[495.8982],8
2025-01-08,PULS.TA,[508.5755],9
2025-01-09,PULS.TA,[409.27002],10
2025-01-10,PULS.TA,[348.54614],11
2025-01-11,PULS.TA,[297.9907],12
2025-01-12,PULS.TA,[345.92032],13
2025-01-13,PULS.TA,[334.38028],14
2025-01-14,PULS.TA,[338.69507],15
2025-01-15,PULS.TA,[353.01443],16
2025-01-16,PULS.TA,[457.44998],17
2025-01-17,PULS.TA,[285.40958],18
2025-01-18,PULS.TA,[318.26788],19
2025-01-19,PULS.TA,[307.9155],20
2025-01-20,PULS.TA,[303.3981],21
2025-01-21,PULS.TA,[258.86673],22
2025-01-22,PULS.TA,[242.2096],23
2025-01-23,PULS.TA,[251.7957],24
2025-01-24,PULS.TA,[268.67133],25
2025-01-25,PULS.TA,[250.23648],26
2025-01-26,PULS.TA,[239.6885],27
2025-01-27,PULS.TA,[172.84813],28
2025-01-28,PULS.TA,[155.3362],29
2025-01-29,PULS.TA,[188.14027],30
2024-12-31,PPBT.TA,[16.438618],1
2025-01-01,PPBT.TA,[11.788961],2
2025-01-02,PPBT.TA,[13.453188],3
2025-01-03,PPBT.TA,[31.023811],4
2025-01-04,PPBT.TA,[50.922733],5
2025-01-05,PPBT.TA,[74.75303],6
2025-01-06,PPBT.TA,[9.638034],7
2025-01-07,PPBT.TA,[16.160213],8
2025-01-08,PPBT.TA,[34.84971],9
2025-01-09,PPBT.TA,[27.60676],10
2025-01-10,PPBT.TA,[11.32469],11
2025-01-11,PPBT.TA,[18.73633],12
2025-01-12,PPBT.TA,[14.679947],13
2025-01-13,PPBT.TA,[21.225346],14
2025-01-14,PPBT.TA,[1.6229538],15
2025-01-15,PPBT.TA,[2.5968082],16
2025-01-16,PPBT.TA,[4.243799],17
2025-01-17,PPBT.TA,[5.730751],18
2025-01-18,PPBT.TA,[4.962557],19
2025-01-19,PPBT.TA,[10.626181],20
2025-01-20,PPBT.TA,[15.134843],21
2025-01-21,PPBT.TA,[32.25594],22
2025-01-22,PPBT.TA,[14.955626],23
2025-01-23,PPBT.TA,[10.578665],24
2025-01-24,PPBT.TA,[11.409742],25
2025-01-25,PPBT.TA,[8.114437],26
2025-01-26,PPBT.TA,[3.951778],27
2025-01-27,PPBT.TA,[-0.71044344],28
2025-01-28,PPBT.TA,[-0.15558001],29
2025-01-29,PPBT.TA,[-0.03137742],30
2024-12-31,QLTU.TA,[19849.08],1
2025-01-01,QLTU.TA,[19789.479],2
2025-01-02,QLTU.TA,[20167.955],3
2025-01-03,QLTU.TA,[20355.824],4
2025-01-04,QLTU.TA,[20919.156],5
2025-01-05,QLTU.TA,[21779.021],6
2025-01-06,QLTU.TA,[21535.623],7
2025-01-07,QLTU.TA,[21734.615],8
2025-01-08,QLTU.TA,[21173.467],9
2025-01-09,QLTU.TA,[21565.227],10
2025-01-10,QLTU.TA,[21362.035],11
2025-01-11,QLTU.TA,[20840.33],12
2025-01-12,QLTU.TA,[20697.025],13
2025-01-13,QLTU.TA,[20485.156],14
2025-01-14,QLTU.TA,[20402.26],15
2025-01-15,QLTU.TA,[20712.807],16
2025-01-16,QLTU.TA,[21141.893],17
2025-01-17,QLTU.TA,[21054.342],18
2025-01-18,QLTU.TA,[21539.096],19
2025-01-19,QLTU.TA,[22206.426],20
2025-01-20,QLTU.TA,[21580.354],21
2025-01-21,QLTU.TA,[21698.965],22
2025-01-22,QLTU.TA,[21524.379],23
2025-01-23,QLTU.TA,[21214.562],24
2025-01-24,QLTU.TA,[21074.062],25
2025-01-25,QLTU.TA,[20854.14],26
2025-01-26,QLTU.TA,[21406.074],27
2025-01-27,QLTU.TA,[22259.684],28
2025-01-28,QLTU.TA,[22362.2],29
2025-01-29,QLTU.TA,[22613.414],30
2024-12-31,QNCO.TA,[817.0674],1
2025-01-01,QNCO.TA,[787.77026],2
2025-01-02,QNCO.TA,[754.0978],3
2025-01-03,QNCO.TA,[762.39954],4
2025-01-04,QNCO.TA,[779.32117],5
2025-01-05,QNCO.TA,[780.5867],6
2025-01-06,QNCO.TA,[778.6388],7
2025-01-07,QNCO.TA,[755.7304],8
2025-01-08,QNCO.TA,[757.1876],9
2025-01-09,QNCO.TA,[805.66254],10
2025-01-10,QNCO.TA,[793.8053],11
2025-01-11,QNCO.TA,[790.1354],12
2025-01-12,QNCO.TA,[791.793],13
2025-01-13,QNCO.TA,[776.07587],14
2025-01-14,QNCO.TA,[727.7883],15
2025-01-15,QNCO.TA,[728.07275],16
2025-01-16,QNCO.TA,[698.7082],17
2025-01-17,QNCO.TA,[727.2572],18
2025-01-18,QNCO.TA,[782.0225],19
2025-01-19,QNCO.TA,[769.12537],20
2025-01-20,QNCO.TA,[754.21906],21
2025-01-21,QNCO.TA,[746.4124],22
2025-01-22,QNCO.TA,[756.3037],23
2025-01-23,QNCO.TA,[762.1678],24
2025-01-24,QNCO.TA,[776.8128],25
2025-01-25,QNCO.TA,[789.02655],26
2025-01-26,QNCO.TA,[796.3617],27
2025-01-27,QNCO.TA,[822.3698],28
2025-01-28,QNCO.TA,[826.07416],29
2025-01-29,QNCO.TA,[864.3692],30
2024-12-31,QLRD.TA,[2801.0435],1
2025-01-01,QLRD.TA,[2771.4954],2
2025-01-02,QLRD.TA,[2804.2932],3
2025-01-03,QLRD.TA,[2818.98],4
2025-01-04,QLRD.TA,[2993.5068],5
2025-01-05,QLRD.TA,[2851.7102],6
2025-01-06,QLRD.TA,[2681.9011],7
2025-01-07,QLRD.TA,[2813.6333],8
2025-01-08,QLRD.TA,[2855.1252],9
2025-01-09,QLRD.TA,[2729.2546],10
2025-01-10,QLRD.TA,[2687.6213],11
2025-01-11,QLRD.TA,[2691.7583],12
2025-01-12,QLRD.TA,[2699.3184],13
2025-01-13,QLRD.TA,[2657.8867],14
2025-01-14,QLRD.TA,[2797.9233],15
2025-01-15,QLRD.TA,[2899.4622],16
2025-01-16,QLRD.TA,[2979.441],17
2025-01-17,QLRD.TA,[2888.4026],18
2025-01-18,QLRD.TA,[2903.7314],19
2025-01-19,QLRD.TA,[2916.7148],20
2025-01-20,QLRD.TA,[2999.5789],21
2025-01-21,QLRD.TA,[3167.5264],22
2025-01-22,QLRD.TA,[2998.5652],23
2025-01-23,QLRD.TA,[3053.5933],24
2025-01-24,QLRD.TA,[3211.287],25
2025-01-25,QLRD.TA,[3160.334],26
2025-01-26,QLRD.TA,[3195.4282],27
2025-01-27,QLRD.TA,[3257.9148],28
2025-01-28,QLRD.TA,[3219.423],29
2025-01-29,QLRD.TA,[3472.319],30
2024-12-31,RLCO.TA,[4306.3154],1
2025-01-01,RLCO.TA,[4252.8784],2
2025-01-02,RLCO.TA,[4180.605],3
2025-01-03,RLCO.TA,[4122.817],4
2025-01-04,RLCO.TA,[4169.257],5
2025-01-05,RLCO.TA,[4130.0684],6
2025-01-06,RLCO.TA,[4142.8535],7
2025-01-07,RLCO.TA,[4286.894],8
2025-01-08,RLCO.TA,[4372.368],9
2025-01-09,RLCO.TA,[4258.9175],10
2025-01-10,RLCO.TA,[4397.681],11
2025-01-11,RLCO.TA,[4415.541],12
2025-01-12,RLCO.TA,[4389.7344],13
2025-01-13,RLCO.TA,[4589.4404],14
2025-01-14,RLCO.TA,[4615.543],15
2025-01-15,RLCO.TA,[4730.64],16
2025-01-16,RLCO.TA,[4855.738],17
2025-01-17,RLCO.TA,[5082.207],18
2025-01-18,RLCO.TA,[5017.562],19
2025-01-19,RLCO.TA,[4958.9414],20
2025-01-20,RLCO.TA,[5015.8887],21
2025-01-21,RLCO.TA,[4906.3403],22
2025-01-22,RLCO.TA,[4758.0605],23
2025-01-23,RLCO.TA,[4695.616],24
2025-01-24,RLCO.TA,[4786.8926],25
2025-01-25,RLCO.TA,[4773.5923],26
2025-01-26,RLCO.TA,[5024.669],27
2025-01-27,RLCO.TA,[5079.511],28
2025-01-28,RLCO.TA,[5094.9595],29
2025-01-29,RLCO.TA,[5037.149],30
2024-12-31,RMN.TA,[1454.6705],1
2025-01-01,RMN.TA,[1440.388],2
2025-01-02,RMN.TA,[1441.5934],3
2025-01-03,RMN.TA,[1456.3079],4
2025-01-04,RMN.TA,[1445.274],5
2025-01-05,RMN.TA,[1423.2971],6
2025-01-06,RMN.TA,[1396.2009],7
2025-01-07,RMN.TA,[1411.34],8
2025-01-08,RMN.TA,[1425.6998],9
2025-01-09,RMN.TA,[1398.1133],10
2025-01-10,RMN.TA,[1404.1241],11
2025-01-11,RMN.TA,[1393.6444],12
2025-01-12,RMN.TA,[1368.8475],13
2025-01-13,RMN.TA,[1369.158],14
2025-01-14,RMN.TA,[1401.6567],15
2025-01-15,RMN.TA,[1394.721],16
2025-01-16,RMN.TA,[1396.7067],17
2025-01-17,RMN.TA,[1402.2681],18
2025-01-18,RMN.TA,[1409.1552],19
2025-01-19,RMN.TA,[1425.2407],20
2025-01-20,RMN.TA,[1429.676],21
2025-01-21,RMN.TA,[1433.727],22
2025-01-22,RMN.TA,[1438.3357],23
2025-01-23,RMN.TA,[1443.6327],24
2025-01-24,RMN.TA,[1447.7583],25
2025-01-25,RMN.TA,[1443.3785],26
2025-01-26,RMN.TA,[1442.0691],27
2025-01-27,RMN.TA,[1436.1162],28
2025-01-28,RMN.TA,[1460.6351],29
2025-01-29,RMN.TA,[1501.7106],30
2024-12-31,RMLI.TA,[24288.006],1
2025-01-01,RMLI.TA,[23816.666],2
2025-01-02,RMLI.TA,[24211.56],3
2025-01-03,RMLI.TA,[24318.521],4
2025-01-04,RMLI.TA,[24165.883],5
2025-01-05,RMLI.TA,[24009.35],6
2025-01-06,RMLI.TA,[24382.012],7
2025-01-07,RMLI.TA,[24286.766],8
2025-01-08,RMLI.TA,[24600.977],9
2025-01-09,RMLI.TA,[24468.398],10
2025-01-10,RMLI.TA,[24047.738],11
2025-01-11,RMLI.TA,[24013.83],12
2025-01-12,RMLI.TA,[24213.14],13
2025-01-13,RMLI.TA,[24424.254],14
2025-01-14,RMLI.TA,[24021.639],15
2025-01-15,RMLI.TA,[24192.084],16
2025-01-16,RMLI.TA,[24050.54],17
2025-01-17,RMLI.TA,[24231.654],18
2025-01-18,RMLI.TA,[24409.889],19
2025-01-19,RMLI.TA,[24665.68],20
2025-01-20,RMLI.TA,[24786.914],21
2025-01-21,RMLI.TA,[24928.998],22
2025-01-22,RMLI.TA,[25158.594],23
2025-01-23,RMLI.TA,[25336.686],24
2025-01-24,RMLI.TA,[24980.906],25
2025-01-25,RMLI.TA,[24867.377],26
2025-01-26,RMLI.TA,[24673.89],27
2025-01-27,RMLI.TA,[24816.441],28
2025-01-28,RMLI.TA,[24975.734],29
2025-01-29,RMLI.TA,[25468.994],30
2024-12-31,RANI.TA,[403.54327],1
2025-01-01,RANI.TA,[407.46475],2
2025-01-02,RANI.TA,[398.8928],3
2025-01-03,RANI.TA,[407.09494],4
2025-01-04,RANI.TA,[420.86908],5
2025-01-05,RANI.TA,[442.29773],6
2025-01-06,RANI.TA,[428.17386],7
2025-01-07,RANI.TA,[435.29706],8
2025-01-08,RANI.TA,[430.31912],9
2025-01-09,RANI.TA,[399.58548],10
2025-01-10,RANI.TA,[390.3104],11
2025-01-11,RANI.TA,[399.4163],12
2025-01-12,RANI.TA,[385.19757],13
2025-01-13,RANI.TA,[382.81107],14
2025-01-14,RANI.TA,[388.7968],15
2025-01-15,RANI.TA,[382.0556],16
2025-01-16,RANI.TA,[394.20206],17
2025-01-17,RANI.TA,[414.9456],18
2025-01-18,RANI.TA,[421.25766],19
2025-01-19,RANI.TA,[427.94446],20
2025-01-20,RANI.TA,[431.97662],21
2025-01-21,RANI.TA,[435.69904],22
2025-01-22,RANI.TA,[464.29004],23
2025-01-23,RANI.TA,[444.44202],24
2025-01-24,RANI.TA,[452.4151],25
2025-01-25,RANI.TA,[452.95016],26
2025-01-26,RANI.TA,[447.5391],27
2025-01-27,RANI.TA,[444.30212],28
2025-01-28,RANI.TA,[443.60324],29
2025-01-29,RANI.TA,[466.20157],30
2024-12-31,RPAC.TA,[2804.5857],1
2025-01-01,RPAC.TA,[2758.5764],2
2025-01-02,RPAC.TA,[2732.7654],3
2025-01-03,RPAC.TA,[2694.0818],4
2025-01-04,RPAC.TA,[2705.652],5
2025-01-05,RPAC.TA,[2689.6677],6
2025-01-06,RPAC.TA,[2726.0647],7
2025-01-07,RPAC.TA,[2774.9236],8
2025-01-08,RPAC.TA,[2811.2263],9
2025-01-09,RPAC.TA,[2797.987],10
2025-01-10,RPAC.TA,[2792.9983],11
2025-01-11,RPAC.TA,[2827.9968],12
2025-01-12,RPAC.TA,[2851.6094],13
2025-01-13,RPAC.TA,[2821.076],14
2025-01-14,RPAC.TA,[2824.29],15
2025-01-15,RPAC.TA,[2803.2417],16
2025-01-16,RPAC.TA,[2796.196],17
2025-01-17,RPAC.TA,[2879.1243],18
2025-01-18,RPAC.TA,[2841.8154],19
2025-01-19,RPAC.TA,[2860.299],20
2025-01-20,RPAC.TA,[2872.6235],21
2025-01-21,RPAC.TA,[2833.4714],22
2025-01-22,RPAC.TA,[2794.1033],23
2025-01-23,RPAC.TA,[2867.2988],24
2025-01-24,RPAC.TA,[2880.762],25
2025-01-25,RPAC.TA,[2888.1448],26
2025-01-26,RPAC.TA,[2916.5193],27
2025-01-27,RPAC.TA,[2920.848],28
2025-01-28,RPAC.TA,[2867.5657],29
2025-01-29,RPAC.TA,[2842.2256],30
2024-12-31,RATI.TA,[322.88773],1
2025-01-01,RATI.TA,[324.8033],2
2025-01-02,RATI.TA,[329.3687],3
2025-01-03,RATI.TA,[339.9787],4
2025-01-04,RATI.TA,[342.60608],5
2025-01-05,RATI.TA,[343.85983],6
2025-01-06,RATI.TA,[344.01956],7
2025-01-07,RATI.TA,[344.7907],8
2025-01-08,RATI.TA,[335.55264],9
2025-01-09,RATI.TA,[336.00128],10
2025-01-10,RATI.TA,[331.3903],11
2025-01-11,RATI.TA,[329.15475],12
2025-01-12,RATI.TA,[330.2089],13
2025-01-13,RATI.TA,[339.3398],14
2025-01-14,RATI.TA,[340.255],15
2025-01-15,RATI.TA,[335.03625],16
2025-01-16,RATI.TA,[324.7927],17
2025-01-17,RATI.TA,[319.765],18
2025-01-18,RATI.TA,[323.01614],19
2025-01-19,RATI.TA,[324.6386],20
2025-01-20,RATI.TA,[326.75116],21
2025-01-21,RATI.TA,[328.6293],22
2025-01-22,RATI.TA,[323.65665],23
2025-01-23,RATI.TA,[331.8004],24
2025-01-24,RATI.TA,[339.88623],25
2025-01-25,RATI.TA,[342.35202],26
2025-01-26,RATI.TA,[346.406],27
2025-01-27,RATI.TA,[349.84244],28
2025-01-28,RATI.TA,[351.61816],29
2025-01-29,RATI.TA,[350.3314],30
2024-12-31,RTPT.TA,[32.901207],1
2025-01-01,RTPT.TA,[29.651964],2
2025-01-02,RTPT.TA,[13.0938835],3
2025-01-03,RTPT.TA,[20.021166],4
2025-01-04,RTPT.TA,[28.701717],5
2025-01-05,RTPT.TA,[25.256569],6
2025-01-06,RTPT.TA,[20.811079],7
2025-01-07,RTPT.TA,[15.606005],8
2025-01-08,RTPT.TA,[6.5701632],9
2025-01-09,RTPT.TA,[2.2271895],10
2025-01-10,RTPT.TA,[1.0876796],11
2025-01-11,RTPT.TA,[0.6305625],12
2025-01-12,RTPT.TA,[1.044711],13
2025-01-13,RTPT.TA,[1.1631708],14
2025-01-14,RTPT.TA,[0.91415685],15
2025-01-15,RTPT.TA,[1.1804552],16
2025-01-16,RTPT.TA,[1.2522813],17
2025-01-17,RTPT.TA,[1.1234895],18
2025-01-18,RTPT.TA,[0.47564235],19
2025-01-19,RTPT.TA,[0.42534372],20
2025-01-20,RTPT.TA,[0.42259774],21
2025-01-21,RTPT.TA,[0.31024316],22
2025-01-22,RTPT.TA,[0.32378542],23
2025-01-23,RTPT.TA,[0.23474944],24
2025-01-24,RTPT.TA,[0.08746538],25
2025-01-25,RTPT.TA,[0.09196817],26
2025-01-26,RTPT.TA,[0.0968015],27
2025-01-27,RTPT.TA,[0.0651406],28
2025-01-28,RTPT.TA,[0.05586988],29
2025-01-29,RTPT.TA,[0.0505685],30
2024-12-31,BRIH.TA,[87.50618],1
2025-01-01,BRIH.TA,[91.7917],2
2025-01-02,BRIH.TA,[95.60674],3
2025-01-03,BRIH.TA,[95.17694],4
2025-01-04,BRIH.TA,[97.51643],5
2025-01-05,BRIH.TA,[97.406235],6
2025-01-06,BRIH.TA,[95.374725],7
2025-01-07,BRIH.TA,[97.95215],8
2025-01-08,BRIH.TA,[95.603096],9
2025-01-09,BRIH.TA,[94.80029],10
2025-01-10,BRIH.TA,[90.792694],11
2025-01-11,BRIH.TA,[94.170425],12
2025-01-12,BRIH.TA,[93.44581],13
2025-01-13,BRIH.TA,[96.10919],14
2025-01-14,BRIH.TA,[94.7081],15
2025-01-15,BRIH.TA,[96.29547],16
2025-01-16,BRIH.TA,[98.077156],17
2025-01-17,BRIH.TA,[97.30932],18
2025-01-18,BRIH.TA,[96.41083],19
2025-01-19,BRIH.TA,[93.84677],20
2025-01-20,BRIH.TA,[97.11692],21
2025-01-21,BRIH.TA,[102.948456],22
2025-01-22,BRIH.TA,[104.28905],23
2025-01-23,BRIH.TA,[103.07624],24
2025-01-24,BRIH.TA,[104.423615],25
2025-01-25,BRIH.TA,[104.88887],26
2025-01-26,BRIH.TA,[104.41241],27
2025-01-27,BRIH.TA,[103.400116],28
2025-01-28,BRIH.TA,[105.6862],29
2025-01-29,BRIH.TA,[103.06563],30
2024-12-31,RAVD.TA,[871.6504],1
2025-01-01,RAVD.TA,[864.37354],2
2025-01-02,RAVD.TA,[862.6495],3
2025-01-03,RAVD.TA,[873.62537],4
2025-01-04,RAVD.TA,[883.95264],5
2025-01-05,RAVD.TA,[869.508],6
2025-01-06,RAVD.TA,[870.7215],7
2025-01-07,RAVD.TA,[857.9603],8
2025-01-08,RAVD.TA,[834.69586],9
2025-01-09,RAVD.TA,[815.10425],10
2025-01-10,RAVD.TA,[784.9906],11
2025-01-11,RAVD.TA,[779.53894],12
2025-01-12,RAVD.TA,[800.6657],13
2025-01-13,RAVD.TA,[799.8554],14
2025-01-14,RAVD.TA,[799.77484],15
2025-01-15,RAVD.TA,[804.4255],16
2025-01-16,RAVD.TA,[804.1344],17
2025-01-17,RAVD.TA,[833.54126],18
2025-01-18,RAVD.TA,[816.4014],19
2025-01-19,RAVD.TA,[839.49414],20
2025-01-20,RAVD.TA,[816.14496],21
2025-01-21,RAVD.TA,[808.4586],22
2025-01-22,RAVD.TA,[820.8634],23
2025-01-23,RAVD.TA,[839.00464],24
2025-01-24,RAVD.TA,[835.8728],25
2025-01-25,RAVD.TA,[816.02966],26
2025-01-26,RAVD.TA,[814.8507],27
2025-01-27,RAVD.TA,[834.82574],28
2025-01-28,RAVD.TA,[808.5901],29
2025-01-29,RAVD.TA,[816.26245],30
2024-12-31,RVL.TA,[243.48314],1
2025-01-01,RVL.TA,[251.72765],2
2025-01-02,RVL.TA,[264.3275],3
2025-01-03,RVL.TA,[265.1539],4
2025-01-04,RVL.TA,[287.8155],5
2025-01-05,RVL.TA,[278.40927],6
2025-01-06,RVL.TA,[274.24695],7
2025-01-07,RVL.TA,[325.63815],8
2025-01-08,RVL.TA,[301.27847],9
2025-01-09,RVL.TA,[288.84714],10
2025-01-10,RVL.TA,[268.95972],11
2025-01-11,RVL.TA,[258.27914],12
2025-01-12,RVL.TA,[256.44833],13
2025-01-13,RVL.TA,[263.741],14
2025-01-14,RVL.TA,[265.25244],15
2025-01-15,RVL.TA,[233.1615],16
2025-01-16,RVL.TA,[231.04492],17
2025-01-17,RVL.TA,[249.69789],18
2025-01-18,RVL.TA,[281.9787],19
2025-01-19,RVL.TA,[278.93152],20
2025-01-20,RVL.TA,[284.69678],21
2025-01-21,RVL.TA,[313.02844],22
2025-01-22,RVL.TA,[324.41632],23
2025-01-23,RVL.TA,[311.75012],24
2025-01-24,RVL.TA,[335.5156],25
2025-01-25,RVL.TA,[329.30896],26
2025-01-26,RVL.TA,[316.6562],27
2025-01-27,RVL.TA,[300.90192],28
2025-01-28,RVL.TA,[280.72678],29
2025-01-29,RVL.TA,[273.88132],30
2024-12-31,RAYG-M.TA,[0.8209886],1
2025-01-01,RAYG-M.TA,[5.3547144],2
2025-01-02,RAYG-M.TA,[8.81067],3
2025-01-03,RAYG-M.TA,[53.222233],4
2025-01-04,RAYG-M.TA,[450.43237],5
2025-01-05,RAYG-M.TA,[4205.6816],6
2025-01-06,RAYG-M.TA,[17286.666],7
2025-01-07,RAYG-M.TA,[6027.1514],8
2025-01-08,RAYG-M.TA,[28969.943],9
2025-01-09,RAYG-M.TA,[151093.1],10
2025-01-10,RAYG-M.TA,[370280.97],11
2025-01-11,RAYG-M.TA,[-791224.7],12
2025-01-12,RAYG-M.TA,[-4942595.],13
2025-01-13,RAYG-M.TA,[35484420.],14
2025-01-14,RAYG-M.TA,[-17250496.],15
2025-01-15,RAYG-M.TA,[-30404842.],16
2025-01-16,RAYG-M.TA,[-1.388639e+08],17
2025-01-17,RAYG-M.TA,[-7.266579e+08],18
2025-01-18,RAYG-M.TA,[59577924.],19
2025-01-19,RAYG-M.TA,[-20768558.],20
2025-01-20,RAYG-M.TA,[-42033040.],21
2025-01-21,RAYG-M.TA,[-4.4532896e+08],22
2025-01-22,RAYG-M.TA,[1.084533e+09],23
2025-01-23,RAYG-M.TA,[5.6364027e+09],24
2025-01-24,RAYG-M.TA,[8.299961e+09],25
2025-01-25,RAYG-M.TA,[-6.1637894e+10],26
2025-01-26,RAYG-M.TA,[-1.8016063e+11],27
2025-01-27,RAYG-M.TA,[-1.6206726e+12],28
2025-01-28,RAYG-M.TA,[-1.0007977e+13],29
2025-01-29,RAYG-M.TA,[-4.765809e+13],30
2024-12-31,RZR.TA,[580.09015],1
2025-01-01,RZR.TA,[630.9838],2
2025-01-02,RZR.TA,[580.5379],3
2025-01-03,RZR.TA,[591.90576],4
2025-01-04,RZR.TA,[549.5296],5
2025-01-05,RZR.TA,[516.9456],6
2025-01-06,RZR.TA,[536.2686],7
2025-01-07,RZR.TA,[442.79987],8
2025-01-08,RZR.TA,[380.04483],9
2025-01-09,RZR.TA,[365.5573],10
2025-01-10,RZR.TA,[355.26813],11
2025-01-11,RZR.TA,[335.94357],12
2025-01-12,RZR.TA,[312.29758],13
2025-01-13,RZR.TA,[293.50226],14
2025-01-14,RZR.TA,[309.5126],15
2025-01-15,RZR.TA,[371.34732],16
2025-01-16,RZR.TA,[380.75497],17
2025-01-17,RZR.TA,[396.42987],18
2025-01-18,RZR.TA,[381.6683],19
2025-01-19,RZR.TA,[390.51428],20
2025-01-20,RZR.TA,[337.36072],21
2025-01-21,RZR.TA,[280.32672],22
2025-01-22,RZR.TA,[336.18423],23
2025-01-23,RZR.TA,[369.82407],24
2025-01-24,RZR.TA,[326.6075],25
2025-01-25,RZR.TA,[318.08316],26
2025-01-26,RZR.TA,[316.62408],27
2025-01-27,RZR.TA,[345.0223],28
2025-01-28,RZR.TA,[393.96027],29
2025-01-29,RZR.TA,[401.87836],30
2024-12-31,RIT1.TA,[1756.6569],1
2025-01-01,RIT1.TA,[1730.4187],2
2025-01-02,RIT1.TA,[1754.9937],3
2025-01-03,RIT1.TA,[1787.6736],4
2025-01-04,RIT1.TA,[1842.9308],5
2025-01-05,RIT1.TA,[1871.9147],6
2025-01-06,RIT1.TA,[1879.6874],7
2025-01-07,RIT1.TA,[1838.6096],8
2025-01-08,RIT1.TA,[1839.1519],9
2025-01-09,RIT1.TA,[1845.0603],10
2025-01-10,RIT1.TA,[1848.2705],11
2025-01-11,RIT1.TA,[1855.405],12
2025-01-12,RIT1.TA,[1825.0886],13
2025-01-13,RIT1.TA,[1881.8641],14
2025-01-14,RIT1.TA,[1917.723],15
2025-01-15,RIT1.TA,[1926.5481],16
2025-01-16,RIT1.TA,[1976.7208],17
2025-01-17,RIT1.TA,[2017.3441],18
2025-01-18,RIT1.TA,[2016.658],19
2025-01-19,RIT1.TA,[2013.9011],20
2025-01-20,RIT1.TA,[2032.3915],21
2025-01-21,RIT1.TA,[2016.8517],22
2025-01-22,RIT1.TA,[2031.0824],23
2025-01-23,RIT1.TA,[2048.201],24
2025-01-24,RIT1.TA,[2042.6211],25
2025-01-25,RIT1.TA,[2064.8936],26
2025-01-26,RIT1.TA,[2171.2617],27
2025-01-27,RIT1.TA,[2208.8816],28
2025-01-28,RIT1.TA,[2214.6108],29
2025-01-29,RIT1.TA,[2282.2039],30
2024-12-31,AZRT.TA,[478.12973],1
2025-01-01,AZRT.TA,[477.47714],2
2025-01-02,AZRT.TA,[504.3906],3
2025-01-03,AZRT.TA,[522.25287],4
2025-01-04,AZRT.TA,[538.5156],5
2025-01-05,AZRT.TA,[577.7195],6
2025-01-06,AZRT.TA,[594.48456],7
2025-01-07,AZRT.TA,[530.93976],8
2025-01-08,AZRT.TA,[543.0737],9
2025-01-09,AZRT.TA,[488.0076],10
2025-01-10,AZRT.TA,[457.22498],11
2025-01-11,AZRT.TA,[490.41656],12
2025-01-12,AZRT.TA,[476.96475],13
2025-01-13,AZRT.TA,[494.9476],14
2025-01-14,AZRT.TA,[523.3875],15
2025-01-15,AZRT.TA,[516.0854],16
2025-01-16,AZRT.TA,[481.7438],17
2025-01-17,AZRT.TA,[519.3165],18
2025-01-18,AZRT.TA,[525.0395],19
2025-01-19,AZRT.TA,[502.87808],20
2025-01-20,AZRT.TA,[509.48193],21
2025-01-21,AZRT.TA,[504.231],22
2025-01-22,AZRT.TA,[523.87305],23
2025-01-23,AZRT.TA,[537.28906],24
2025-01-24,AZRT.TA,[519.0123],25
2025-01-25,AZRT.TA,[555.7427],26
2025-01-26,AZRT.TA,[598.48956],27
2025-01-27,AZRT.TA,[527.00836],28
2025-01-28,AZRT.TA,[532.45636],29
2025-01-29,AZRT.TA,[553.58295],30
2024-12-31,REKA.TA,[1267.5872],1
2025-01-01,REKA.TA,[1210.1245],2
2025-01-02,REKA.TA,[1173.2019],3
2025-01-03,REKA.TA,[1255.2958],4
2025-01-04,REKA.TA,[1285.0988],5
2025-01-05,REKA.TA,[1306.906],6
2025-01-06,REKA.TA,[1347.2246],7
2025-01-07,REKA.TA,[1302.188],8
2025-01-08,REKA.TA,[1161.0626],9
2025-01-09,REKA.TA,[1207.9816],10
2025-01-10,REKA.TA,[1234.6624],11
2025-01-11,REKA.TA,[1250.0222],12
2025-01-12,REKA.TA,[1191.1793],13
2025-01-13,REKA.TA,[1175.3173],14
2025-01-14,REKA.TA,[1162.4967],15
2025-01-15,REKA.TA,[1100.8148],16
2025-01-16,REKA.TA,[1044.9331],17
2025-01-17,REKA.TA,[985.2869],18
2025-01-18,REKA.TA,[1033.0065],19
2025-01-19,REKA.TA,[1009.4994],20
2025-01-20,REKA.TA,[1005.86316],21
2025-01-21,REKA.TA,[953.74274],22
2025-01-22,REKA.TA,[907.4369],23
2025-01-23,REKA.TA,[870.9148],24
2025-01-24,REKA.TA,[896.6159],25
2025-01-25,REKA.TA,[909.4188],26
2025-01-26,REKA.TA,[871.5568],27
2025-01-27,REKA.TA,[834.6783],28
2025-01-28,REKA.TA,[895.5295],29
2025-01-29,REKA.TA,[934.7763],30
2024-12-31,RTMD-L.TA,[14.170319],1
2025-01-01,RTMD-L.TA,[56.959114],2
2025-01-02,RTMD-L.TA,[-27.950985],3
2025-01-03,RTMD-L.TA,[-34.78016],4
2025-01-04,RTMD-L.TA,[-58.2402],5
2025-01-05,RTMD-L.TA,[-142.31563],6
2025-01-06,RTMD-L.TA,[-348.5837],7
2025-01-07,RTMD-L.TA,[-1185.6228],8
2025-01-08,RTMD-L.TA,[614.2903],9
2025-01-09,RTMD-L.TA,[1844.8031],10
2025-01-10,RTMD-L.TA,[-2003.1462],11
2025-01-11,RTMD-L.TA,[-3908.5059],12
2025-01-12,RTMD-L.TA,[-8275.705],13
2025-01-13,RTMD-L.TA,[-22053.008],14
2025-01-14,RTMD-L.TA,[-44369.703],15
2025-01-15,RTMD-L.TA,[-112227.64],16
2025-01-16,RTMD-L.TA,[438013.56],17
2025-01-17,RTMD-L.TA,[857491.2],18
2025-01-18,RTMD-L.TA,[-1654553.1],19
2025-01-19,RTMD-L.TA,[-5633208.],20
2025-01-20,RTMD-L.TA,[-6995216.5],21
2025-01-21,RTMD-L.TA,[-22043692.],22
2025-01-22,RTMD-L.TA,[-20408214.],23
2025-01-23,RTMD-L.TA,[-66707120.],24
2025-01-24,RTMD-L.TA,[-79480672.],25
2025-01-25,RTMD-L.TA,[-2.3383738e+08],26
2025-01-26,RTMD-L.TA,[-1.3699678e+08],27
2025-01-27,RTMD-L.TA,[-14451350.],28
2025-01-28,RTMD-L.TA,[4395916.],29
2025-01-29,RTMD-L.TA,[11181993.],30
2024-12-31,RTLS.TA,[7745.418],1
2025-01-01,RTLS.TA,[8143.8506],2
2025-01-02,RTLS.TA,[8023.833],3
2025-01-03,RTLS.TA,[8123.846],4
2025-01-04,RTLS.TA,[8283.301],5
2025-01-05,RTLS.TA,[8170.5693],6
2025-01-06,RTLS.TA,[8332.835],7
2025-01-07,RTLS.TA,[8368.187],8
2025-01-08,RTLS.TA,[8285.684],9
2025-01-09,RTLS.TA,[8373.484],10
2025-01-10,RTLS.TA,[8140.3],11
2025-01-11,RTLS.TA,[8283.937],12
2025-01-12,RTLS.TA,[7989.2163],13
2025-01-13,RTLS.TA,[8098.679],14
2025-01-14,RTLS.TA,[7880.8247],15
2025-01-15,RTLS.TA,[8062.42],16
2025-01-16,RTLS.TA,[7807.9766],17
2025-01-17,RTLS.TA,[7897.775],18
2025-01-18,RTLS.TA,[7921.2],19
2025-01-19,RTLS.TA,[8050.469],20
2025-01-20,RTLS.TA,[8372.595],21
2025-01-21,RTLS.TA,[8465.334],22
2025-01-22,RTLS.TA,[8304.347],23
2025-01-23,RTLS.TA,[8097.578],24
2025-01-24,RTLS.TA,[8129.5376],25
2025-01-25,RTLS.TA,[8368.304],26
2025-01-26,RTLS.TA,[8290.17],27
2025-01-27,RTLS.TA,[8203.926],28
2025-01-28,RTLS.TA,[8074.43],29
2025-01-29,RTLS.TA,[8052.7744],30
2024-12-31,RMON.TA,[4186.3267],1
2025-01-01,RMON.TA,[4219.215],2
2025-01-02,RMON.TA,[4198.235],3
2025-01-03,RMON.TA,[4264.6006],4
2025-01-04,RMON.TA,[4228.6685],5
2025-01-05,RMON.TA,[4334.2935],6
2025-01-06,RMON.TA,[4176.3276],7
2025-01-07,RMON.TA,[4221.9775],8
2025-01-08,RMON.TA,[4425.41],9
2025-01-09,RMON.TA,[4268.802],10
2025-01-10,RMON.TA,[4403.457],11
2025-01-11,RMON.TA,[4644.822],12
2025-01-12,RMON.TA,[4646.4253],13
2025-01-13,RMON.TA,[4728.9556],14
2025-01-14,RMON.TA,[4679.2734],15
2025-01-15,RMON.TA,[4790.0835],16
2025-01-16,RMON.TA,[4634.502],17
2025-01-17,RMON.TA,[4666.1733],18
2025-01-18,RMON.TA,[4492.92],19
2025-01-19,RMON.TA,[4679.3584],20
2025-01-20,RMON.TA,[4765.7188],21
2025-01-21,RMON.TA,[4851.897],22
2025-01-22,RMON.TA,[4751.556],23
2025-01-23,RMON.TA,[4800.7334],24
2025-01-24,RMON.TA,[4712.574],25
2025-01-25,RMON.TA,[5052.203],26
2025-01-26,RMON.TA,[4983.8145],27
2025-01-27,RMON.TA,[4888.747],28
2025-01-28,RMON.TA,[4640.6206],29
2025-01-29,RMON.TA,[4691.8315],30
2024-12-31,RIMO.TA,[4702.5503],1
2025-01-01,RIMO.TA,[4577.0825],2
2025-01-02,RIMO.TA,[4720.4575],3
2025-01-03,RIMO.TA,[4542.1084],4
2025-01-04,RIMO.TA,[4441.411],5
2025-01-05,RIMO.TA,[4399.4272],6
2025-01-06,RIMO.TA,[4390.449],7
2025-01-07,RIMO.TA,[4563.145],8
2025-01-08,RIMO.TA,[4596.675],9
2025-01-09,RIMO.TA,[4541.9683],10
2025-01-10,RIMO.TA,[4501.035],11
2025-01-11,RIMO.TA,[4566.641],12
2025-01-12,RIMO.TA,[4365.2656],13
2025-01-13,RIMO.TA,[4375.7207],14
2025-01-14,RIMO.TA,[4158.0864],15
2025-01-15,RIMO.TA,[4248.204],16
2025-01-16,RIMO.TA,[4320.9185],17
2025-01-17,RIMO.TA,[4168.9077],18
2025-01-18,RIMO.TA,[4096.3403],19
2025-01-19,RIMO.TA,[3914.057],20
2025-01-20,RIMO.TA,[3872.1782],21
2025-01-21,RIMO.TA,[3803.964],22
2025-01-22,RIMO.TA,[3773.9106],23
2025-01-23,RIMO.TA,[3827.5815],24
2025-01-24,RIMO.TA,[3889.805],25
2025-01-25,RIMO.TA,[3980.2163],26
2025-01-26,RIMO.TA,[4011.775],27
2025-01-27,RIMO.TA,[4208.1514],28
2025-01-28,RIMO.TA,[4133.454],29
2025-01-29,RIMO.TA,[4142.8135],30
2024-12-31,ROBO.TA,[133.72173],1
2025-01-01,ROBO.TA,[130.61205],2
2025-01-02,ROBO.TA,[138.241],3
2025-01-03,ROBO.TA,[139.2781],4
2025-01-04,ROBO.TA,[150.19499],5
2025-01-05,ROBO.TA,[142.61093],6
2025-01-06,ROBO.TA,[135.60995],7
2025-01-07,ROBO.TA,[130.92636],8
2025-01-08,ROBO.TA,[126.02299],9
2025-01-09,ROBO.TA,[122.73737],10
2025-01-10,ROBO.TA,[149.04254],11
2025-01-11,ROBO.TA,[160.1077],12
2025-01-12,ROBO.TA,[178.94093],13
2025-01-13,ROBO.TA,[191.50424],14
2025-01-14,ROBO.TA,[157.51144],15
2025-01-15,ROBO.TA,[157.0547],16
2025-01-16,ROBO.TA,[137.8989],17
2025-01-17,ROBO.TA,[134.85568],18
2025-01-18,ROBO.TA,[137.37865],19
2025-01-19,ROBO.TA,[152.09059],20
2025-01-20,ROBO.TA,[155.39923],21
2025-01-21,ROBO.TA,[160.7925],22
2025-01-22,ROBO.TA,[157.18169],23
2025-01-23,ROBO.TA,[173.59236],24
2025-01-24,ROBO.TA,[169.01431],25
2025-01-25,ROBO.TA,[175.43864],26
2025-01-26,ROBO.TA,[189.71571],27
2025-01-27,ROBO.TA,[190.96036],28
2025-01-28,ROBO.TA,[200.01703],29
2025-01-29,ROBO.TA,[214.5663],30
2024-12-31,RTEN.TA,[264.2132],1
2025-01-01,RTEN.TA,[293.7746],2
2025-01-02,RTEN.TA,[296.45813],3
2025-01-03,RTEN.TA,[303.46057],4
2025-01-04,RTEN.TA,[306.85513],5
2025-01-05,RTEN.TA,[284.24136],6
2025-01-06,RTEN.TA,[284.49808],7
2025-01-07,RTEN.TA,[281.93],8
2025-01-08,RTEN.TA,[276.36053],9
2025-01-09,RTEN.TA,[283.30176],10
2025-01-10,RTEN.TA,[298.8452],11
2025-01-11,RTEN.TA,[291.48947],12
2025-01-12,RTEN.TA,[314.98154],13
2025-01-13,RTEN.TA,[328.98944],14
2025-01-14,RTEN.TA,[312.09467],15
2025-01-15,RTEN.TA,[362.0086],16
2025-01-16,RTEN.TA,[316.0146],17
2025-01-17,RTEN.TA,[290.66702],18
2025-01-18,RTEN.TA,[272.5992],19
2025-01-19,RTEN.TA,[301.70264],20
2025-01-20,RTEN.TA,[313.74463],21
2025-01-21,RTEN.TA,[311.64072],22
2025-01-22,RTEN.TA,[308.95514],23
2025-01-23,RTEN.TA,[316.03488],24
2025-01-24,RTEN.TA,[301.01385],25
2025-01-25,RTEN.TA,[282.23962],26
2025-01-26,RTEN.TA,[259.7386],27
2025-01-27,RTEN.TA,[294.66028],28
2025-01-28,RTEN.TA,[312.72546],29
2025-01-29,RTEN.TA,[305.68268],30
2024-12-31,ROTS.TA,[6142.929],1
2025-01-01,ROTS.TA,[6199.7764],2
2025-01-02,ROTS.TA,[6008.855],3
2025-01-03,ROTS.TA,[5845.147],4
2025-01-04,ROTS.TA,[5846.4834],5
2025-01-05,ROTS.TA,[5754.421],6
2025-01-06,ROTS.TA,[5645.331],7
2025-01-07,ROTS.TA,[5704.663],8
2025-01-08,ROTS.TA,[5662.5444],9
2025-01-09,ROTS.TA,[5687.793],10
2025-01-10,ROTS.TA,[5815.161],11
2025-01-11,ROTS.TA,[5749.668],12
2025-01-12,ROTS.TA,[5748.107],13
2025-01-13,ROTS.TA,[5679.6807],14
2025-01-14,ROTS.TA,[5698.192],15
2025-01-15,ROTS.TA,[5757.195],16
2025-01-16,ROTS.TA,[5907.255],17
2025-01-17,ROTS.TA,[5964.3906],18
2025-01-18,ROTS.TA,[6023.9014],19
2025-01-19,ROTS.TA,[6192.9175],20
2025-01-20,ROTS.TA,[6436.5107],21
2025-01-21,ROTS.TA,[6549.5874],22
2025-01-22,ROTS.TA,[6660.0996],23
2025-01-23,ROTS.TA,[6772.7393],24
2025-01-24,ROTS.TA,[6795.83],25
2025-01-25,ROTS.TA,[6913.3145],26
2025-01-26,ROTS.TA,[6956.0283],27
2025-01-27,ROTS.TA,[6743.5215],28
2025-01-28,ROTS.TA,[6685.9624],29
2025-01-29,ROTS.TA,[6726.925],30
2024-12-31,RSEL.TA,[916.4652],1
2025-01-01,RSEL.TA,[909.515],2
2025-01-02,RSEL.TA,[944.8503],3
2025-01-03,RSEL.TA,[953.84033],4
2025-01-04,RSEL.TA,[957.7161],5
2025-01-05,RSEL.TA,[935.9774],6
2025-01-06,RSEL.TA,[952.3969],7
2025-01-07,RSEL.TA,[928.4832],8
2025-01-08,RSEL.TA,[998.9244],9
2025-01-09,RSEL.TA,[1081.8328],10
2025-01-10,RSEL.TA,[1171.1329],11
2025-01-11,RSEL.TA,[1223.3837],12
2025-01-12,RSEL.TA,[1274.2988],13
2025-01-13,RSEL.TA,[1342.9083],14
2025-01-14,RSEL.TA,[1298.3508],15
2025-01-15,RSEL.TA,[1397.3077],16
2025-01-16,RSEL.TA,[1384.675],17
2025-01-17,RSEL.TA,[1353.8071],18
2025-01-18,RSEL.TA,[1312.49],19
2025-01-19,RSEL.TA,[1315.7168],20
2025-01-20,RSEL.TA,[1365.5642],21
2025-01-21,RSEL.TA,[1369.448],22
2025-01-22,RSEL.TA,[1401.0735],23
2025-01-23,RSEL.TA,[1337.9152],24
2025-01-24,RSEL.TA,[1330.9578],25
2025-01-25,RSEL.TA,[1330.6196],26
2025-01-26,RSEL.TA,[1393.8065],27
2025-01-27,RSEL.TA,[1410.2269],28
2025-01-28,RSEL.TA,[1360.227],29
2025-01-29,RSEL.TA,[1366.9491],30
2024-12-31,SRAC.TA,[4040.7097],1
2025-01-01,SRAC.TA,[4066.066],2
2025-01-02,SRAC.TA,[4202.0938],3
2025-01-03,SRAC.TA,[4179.293],4
2025-01-04,SRAC.TA,[4186.7656],5
2025-01-05,SRAC.TA,[4236.022],6
2025-01-06,SRAC.TA,[4259.0474],7
2025-01-07,SRAC.TA,[4366.802],8
2025-01-08,SRAC.TA,[4409.278],9
2025-01-09,SRAC.TA,[4493.921],10
2025-01-10,SRAC.TA,[4549.907],11
2025-01-11,SRAC.TA,[4662.1196],12
2025-01-12,SRAC.TA,[4614.7783],13
2025-01-13,SRAC.TA,[4666.861],14
2025-01-14,SRAC.TA,[4711.0146],15
2025-01-15,SRAC.TA,[4910.67],16
2025-01-16,SRAC.TA,[4833.4043],17
2025-01-17,SRAC.TA,[4753.8184],18
2025-01-18,SRAC.TA,[4528.1777],19
2025-01-19,SRAC.TA,[4491.9062],20
2025-01-20,SRAC.TA,[4656.6084],21
2025-01-21,SRAC.TA,[4450.6665],22
2025-01-22,SRAC.TA,[4464.735],23
2025-01-23,SRAC.TA,[4375.9287],24
2025-01-24,SRAC.TA,[4222.3496],25
2025-01-25,SRAC.TA,[4106.3604],26
2025-01-26,SRAC.TA,[4256.581],27
2025-01-27,SRAC.TA,[4378.879],28
2025-01-28,SRAC.TA,[4158.853],29
2025-01-29,SRAC.TA,[4110.79],30
2024-12-31,SANO1.TA,[33383.],1
2025-01-01,SANO1.TA,[33294.46],2
2025-01-02,SANO1.TA,[33111.754],3
2025-01-03,SANO1.TA,[33253.633],4
2025-01-04,SANO1.TA,[32959.39],5
2025-01-05,SANO1.TA,[32541.047],6
2025-01-06,SANO1.TA,[32805.703],7
2025-01-07,SANO1.TA,[32301.727],8
2025-01-08,SANO1.TA,[32874.125],9
2025-01-09,SANO1.TA,[32689.455],10
2025-01-10,SANO1.TA,[32787.277],11
2025-01-11,SANO1.TA,[33771.773],12
2025-01-12,SANO1.TA,[33821.266],13
2025-01-13,SANO1.TA,[33698.67],14
2025-01-14,SANO1.TA,[34203.125],15
2025-01-15,SANO1.TA,[34413.34],16
2025-01-16,SANO1.TA,[34909.734],17
2025-01-17,SANO1.TA,[35169.41],18
2025-01-18,SANO1.TA,[34670.934],19
2025-01-19,SANO1.TA,[34441.1],20
2025-01-20,SANO1.TA,[34743.508],21
2025-01-21,SANO1.TA,[35621.426],22
2025-01-22,SANO1.TA,[35748.023],23
2025-01-23,SANO1.TA,[35818.633],24
2025-01-24,SANO1.TA,[36044.46],25
2025-01-25,SANO1.TA,[35432.79],26
2025-01-26,SANO1.TA,[35305.47],27
2025-01-27,SANO1.TA,[35704.734],28
2025-01-28,SANO1.TA,[35722.383],29
2025-01-29,SANO1.TA,[35175.688],30
2024-12-31,SPNS.TA,[9567.475],1
2025-01-01,SPNS.TA,[9722.287],2
2025-01-02,SPNS.TA,[9720.521],3
2025-01-03,SPNS.TA,[10083.804],4
2025-01-04,SPNS.TA,[10477.522],5
2025-01-05,SPNS.TA,[10686.699],6
2025-01-06,SPNS.TA,[10492.53],7
2025-01-07,SPNS.TA,[10544.022],8
2025-01-08,SPNS.TA,[10028.976],9
2025-01-09,SPNS.TA,[10199.884],10
2025-01-10,SPNS.TA,[10620.76],11
2025-01-11,SPNS.TA,[11644.7],12
2025-01-12,SPNS.TA,[12342.45],13
2025-01-13,SPNS.TA,[12209.939],14
2025-01-14,SPNS.TA,[13212.086],15
2025-01-15,SPNS.TA,[13812.442],16
2025-01-16,SPNS.TA,[13090.572],17
2025-01-17,SPNS.TA,[13257.22],18
2025-01-18,SPNS.TA,[13019.411],19
2025-01-19,SPNS.TA,[13382.386],20
2025-01-20,SPNS.TA,[13915.158],21
2025-01-21,SPNS.TA,[13773.634],22
2025-01-22,SPNS.TA,[12748.879],23
2025-01-23,SPNS.TA,[12493.592],24
2025-01-24,SPNS.TA,[12720.41],25
2025-01-25,SPNS.TA,[12593.937],26
2025-01-26,SPNS.TA,[11481.243],27
2025-01-27,SPNS.TA,[11076.333],28
2025-01-28,SPNS.TA,[10978.111],29
2025-01-29,SPNS.TA,[11034.29],30
2024-12-31,SRFT.TA,[4020.957],1
2025-01-01,SRFT.TA,[4089.6587],2
2025-01-02,SRFT.TA,[4138.4404],3
2025-01-03,SRFT.TA,[4220.338],4
2025-01-04,SRFT.TA,[4278.7314],5
2025-01-05,SRFT.TA,[4242.0835],6
2025-01-06,SRFT.TA,[4279.4756],7
2025-01-07,SRFT.TA,[4216.741],8
2025-01-08,SRFT.TA,[4208.3086],9
2025-01-09,SRFT.TA,[4257.8286],10
2025-01-10,SRFT.TA,[4290.3447],11
2025-01-11,SRFT.TA,[4346.479],12
2025-01-12,SRFT.TA,[4402.3154],13
2025-01-13,SRFT.TA,[4379.04],14
2025-01-14,SRFT.TA,[4441.8096],15
2025-01-15,SRFT.TA,[4465.386],16
2025-01-16,SRFT.TA,[4471.679],17
2025-01-17,SRFT.TA,[4447.6753],18
2025-01-18,SRFT.TA,[4486.4907],19
2025-01-19,SRFT.TA,[4485.507],20
2025-01-20,SRFT.TA,[4531.037],21
2025-01-21,SRFT.TA,[4528.7046],22
2025-01-22,SRFT.TA,[4556.7417],23
2025-01-23,SRFT.TA,[4568.9336],24
2025-01-24,SRFT.TA,[4505.3003],25
2025-01-25,SRFT.TA,[4546.391],26
2025-01-26,SRFT.TA,[4544.9707],27
2025-01-27,SRFT.TA,[4609.2524],28
2025-01-28,SRFT.TA,[4550.0527],29
2025-01-29,SRFT.TA,[4583.027],30
2024-12-31,SARN.TA,[59.013817],1
2025-01-01,SARN.TA,[58.942287],2
2025-01-02,SARN.TA,[59.96755],3
2025-01-03,SARN.TA,[60.8425],4
2025-01-04,SARN.TA,[60.101543],5
2025-01-05,SARN.TA,[61.178593],6
2025-01-06,SARN.TA,[61.304756],7
2025-01-07,SARN.TA,[61.4578],8
2025-01-08,SARN.TA,[61.923748],9
2025-01-09,SARN.TA,[61.73681],10
2025-01-10,SARN.TA,[61.97167],11
2025-01-11,SARN.TA,[63.27033],12
2025-01-12,SARN.TA,[63.87946],13
2025-01-13,SARN.TA,[63.94089],14
2025-01-14,SARN.TA,[62.855087],15
2025-01-15,SARN.TA,[61.596172],16
2025-01-16,SARN.TA,[60.789597],17
2025-01-17,SARN.TA,[61.564095],18
2025-01-18,SARN.TA,[63.20879],19
2025-01-19,SARN.TA,[64.14864],20
2025-01-20,SARN.TA,[65.13928],21
2025-01-21,SARN.TA,[63.751633],22
2025-01-22,SARN.TA,[63.72793],23
2025-01-23,SARN.TA,[64.13999],24
2025-01-24,SARN.TA,[64.51067],25
2025-01-25,SARN.TA,[62.918983],26
2025-01-26,SARN.TA,[62.447258],27
2025-01-27,SARN.TA,[61.2466],28
2025-01-28,SARN.TA,[60.691006],29
2025-01-29,SARN.TA,[58.516216],30
2024-12-31,SVRE.TA,[123.00811],1
2025-01-01,SVRE.TA,[-131.4329],2
2025-01-02,SVRE.TA,[-403.07788],3
2025-01-03,SVRE.TA,[289.96658],4
2025-01-04,SVRE.TA,[-7.0858755],5
2025-01-05,SVRE.TA,[-21.181559],6
2025-01-06,SVRE.TA,[19.291285],7
2025-01-07,SVRE.TA,[-33.042942],8
2025-01-08,SVRE.TA,[137.04277],9
2025-01-09,SVRE.TA,[169.0613],10
2025-01-10,SVRE.TA,[52.159367],11
2025-01-11,SVRE.TA,[-1.6579353],12
2025-01-12,SVRE.TA,[-7.2833643],13
2025-01-13,SVRE.TA,[-18.086786],14
2025-01-14,SVRE.TA,[-26.227333],15
2025-01-15,SVRE.TA,[26.43463],16
2025-01-16,SVRE.TA,[7.6060596],17
2025-01-17,SVRE.TA,[8.454096],18
2025-01-18,SVRE.TA,[-10.656916],19
2025-01-19,SVRE.TA,[-35.808388],20
2025-01-20,SVRE.TA,[-6.284663],21
2025-01-21,SVRE.TA,[-7.1992707],22
2025-01-22,SVRE.TA,[14.080296],23
2025-01-23,SVRE.TA,[-0.00115337],24
2025-01-24,SVRE.TA,[0.0021634],25
2025-01-25,SVRE.TA,[0.01003686],26
2025-01-26,SVRE.TA,[0.01217575],27
2025-01-27,SVRE.TA,[0.02408195],28
2025-01-28,SVRE.TA,[0.02050329],29
2025-01-29,SVRE.TA,[0.06603701],30
2024-12-31,SVRT.TA,[644.3979],1
2025-01-01,SVRT.TA,[623.1735],2
2025-01-02,SVRT.TA,[741.03815],3
2025-01-03,SVRT.TA,[375.2803],4
2025-01-04,SVRT.TA,[708.4079],5
2025-01-05,SVRT.TA,[743.61505],6
2025-01-06,SVRT.TA,[857.67084],7
2025-01-07,SVRT.TA,[837.7642],8
2025-01-08,SVRT.TA,[297.35333],9
2025-01-09,SVRT.TA,[251.11922],10
2025-01-10,SVRT.TA,[223.12016],11
2025-01-11,SVRT.TA,[176.44673],12
2025-01-12,SVRT.TA,[192.10501],13
2025-01-13,SVRT.TA,[222.70859],14
2025-01-14,SVRT.TA,[113.84595],15
2025-01-15,SVRT.TA,[132.32494],16
2025-01-16,SVRT.TA,[217.40877],17
2025-01-17,SVRT.TA,[265.19003],18
2025-01-18,SVRT.TA,[328.2868],19
2025-01-19,SVRT.TA,[422.24005],20
2025-01-20,SVRT.TA,[450.10886],21
2025-01-21,SVRT.TA,[214.40567],22
2025-01-22,SVRT.TA,[218.85199],23
2025-01-23,SVRT.TA,[309.46494],24
2025-01-24,SVRT.TA,[458.15582],25
2025-01-25,SVRT.TA,[355.25293],26
2025-01-26,SVRT.TA,[343.28528],27
2025-01-27,SVRT.TA,[166.8745],28
2025-01-28,SVRT.TA,[172.0303],29
2025-01-29,SVRT.TA,[232.13832],30
2024-12-31,SHNP.TA,[1516.1841],1
2025-01-01,SHNP.TA,[1518.3204],2
2025-01-02,SHNP.TA,[1493.3956],3
2025-01-03,SHNP.TA,[1475.1044],4
2025-01-04,SHNP.TA,[1479.0358],5
2025-01-05,SHNP.TA,[1552.634],6
2025-01-06,SHNP.TA,[1606.3965],7
2025-01-07,SHNP.TA,[1550.3063],8
2025-01-08,SHNP.TA,[1531.5709],9
2025-01-09,SHNP.TA,[1555.8685],10
2025-01-10,SHNP.TA,[1603.4998],11
2025-01-11,SHNP.TA,[1580.3284],12
2025-01-12,SHNP.TA,[1616.3236],13
2025-01-13,SHNP.TA,[1607.8926],14
2025-01-14,SHNP.TA,[1553.5094],15
2025-01-15,SHNP.TA,[1536.2314],16
2025-01-16,SHNP.TA,[1505.1351],17
2025-01-17,SHNP.TA,[1457.6309],18
2025-01-18,SHNP.TA,[1429.1115],19
2025-01-19,SHNP.TA,[1433.1058],20
2025-01-20,SHNP.TA,[1417.237],21
2025-01-21,SHNP.TA,[1465.4989],22
2025-01-22,SHNP.TA,[1483.7515],23
2025-01-23,SHNP.TA,[1472.7358],24
2025-01-24,SHNP.TA,[1447.4691],25
2025-01-25,SHNP.TA,[1478.8293],26
2025-01-26,SHNP.TA,[1502.5217],27
2025-01-27,SHNP.TA,[1551.8424],28
2025-01-28,SHNP.TA,[1557.292],29
2025-01-29,SHNP.TA,[1516.9056],30
2024-12-31,SCDX.TA,[418.2398],1
2025-01-01,SCDX.TA,[478.1675],2
2025-01-02,SCDX.TA,[439.44962],3
2025-01-03,SCDX.TA,[468.56635],4
2025-01-04,SCDX.TA,[475.17093],5
2025-01-05,SCDX.TA,[465.1206],6
2025-01-06,SCDX.TA,[468.32153],7
2025-01-07,SCDX.TA,[488.01648],8
2025-01-08,SCDX.TA,[498.08875],9
2025-01-09,SCDX.TA,[534.99335],10
2025-01-10,SCDX.TA,[513.82104],11
2025-01-11,SCDX.TA,[549.64606],12
2025-01-12,SCDX.TA,[517.1714],13
2025-01-13,SCDX.TA,[554.423],14
2025-01-14,SCDX.TA,[618.8187],15
2025-01-15,SCDX.TA,[649.8911],16
2025-01-16,SCDX.TA,[641.6361],17
2025-01-17,SCDX.TA,[587.279],18
2025-01-18,SCDX.TA,[587.5443],19
2025-01-19,SCDX.TA,[546.7724],20
2025-01-20,SCDX.TA,[553.1908],21
2025-01-21,SCDX.TA,[600.63367],22
2025-01-22,SCDX.TA,[651.54443],23
2025-01-23,SCDX.TA,[623.65497],24
2025-01-24,SCDX.TA,[658.69324],25
2025-01-25,SCDX.TA,[654.94763],26
2025-01-26,SCDX.TA,[667.7474],27
2025-01-27,SCDX.TA,[739.1409],28
2025-01-28,SCDX.TA,[740.83795],29
2025-01-29,SCDX.TA,[691.0816],30
2024-12-31,SCOP.TA,[13429.153],1
2025-01-01,SCOP.TA,[14264.502],2
2025-01-02,SCOP.TA,[14471.1],3
2025-01-03,SCOP.TA,[14311.33],4
2025-01-04,SCOP.TA,[14021.877],5
2025-01-05,SCOP.TA,[13761.544],6
2025-01-06,SCOP.TA,[13959.577],7
2025-01-07,SCOP.TA,[14235.718],8
2025-01-08,SCOP.TA,[14325.09],9
2025-01-09,SCOP.TA,[14620.709],10
2025-01-10,SCOP.TA,[14429.372],11
2025-01-11,SCOP.TA,[14410.401],12
2025-01-12,SCOP.TA,[14405.8125],13
2025-01-13,SCOP.TA,[14308.154],14
2025-01-14,SCOP.TA,[14388.909],15
2025-01-15,SCOP.TA,[15015.237],16
2025-01-16,SCOP.TA,[15340.49],17
2025-01-17,SCOP.TA,[15099.548],18
2025-01-18,SCOP.TA,[15268.32],19
2025-01-19,SCOP.TA,[15451.891],20
2025-01-20,SCOP.TA,[15416.096],21
2025-01-21,SCOP.TA,[15169.66],22
2025-01-22,SCOP.TA,[15128.326],23
2025-01-23,SCOP.TA,[15758.537],24
2025-01-24,SCOP.TA,[16118.228],25
2025-01-25,SCOP.TA,[15787.19],26
2025-01-26,SCOP.TA,[16125.467],27
2025-01-27,SCOP.TA,[15796.39],28
2025-01-28,SCOP.TA,[15326.014],29
2025-01-29,SCOP.TA,[15336.393],30
2024-12-31,SEMG.TA,[311.8364],1
2025-01-01,SEMG.TA,[346.8141],2
2025-01-02,SEMG.TA,[384.9117],3
2025-01-03,SEMG.TA,[406.80884],4
2025-01-04,SEMG.TA,[353.56372],5
2025-01-05,SEMG.TA,[365.07794],6
2025-01-06,SEMG.TA,[390.3403],7
2025-01-07,SEMG.TA,[384.83188],8
2025-01-08,SEMG.TA,[360.5353],9
2025-01-09,SEMG.TA,[393.3986],10
2025-01-10,SEMG.TA,[405.49374],11
2025-01-11,SEMG.TA,[489.64114],12
2025-01-12,SEMG.TA,[518.86884],13
2025-01-13,SEMG.TA,[564.769],14
2025-01-14,SEMG.TA,[635.269],15
2025-01-15,SEMG.TA,[628.662],16
2025-01-16,SEMG.TA,[634.7364],17
2025-01-17,SEMG.TA,[600.0553],18
2025-01-18,SEMG.TA,[562.72925],19
2025-01-19,SEMG.TA,[618.6993],20
2025-01-20,SEMG.TA,[610.0363],21
2025-01-21,SEMG.TA,[612.2593],22
2025-01-22,SEMG.TA,[667.83295],23
2025-01-23,SEMG.TA,[642.6969],24
2025-01-24,SEMG.TA,[655.4342],25
2025-01-25,SEMG.TA,[650.1208],26
2025-01-26,SEMG.TA,[619.8182],27
2025-01-27,SEMG.TA,[581.56915],28
2025-01-28,SEMG.TA,[647.5022],29
2025-01-29,SEMG.TA,[655.18884],30
2024-12-31,SLARL.TA,[948.81635],1
2025-01-01,SLARL.TA,[960.2266],2
2025-01-02,SLARL.TA,[973.1536],3
2025-01-03,SLARL.TA,[979.4129],4
2025-01-04,SLARL.TA,[995.63464],5
2025-01-05,SLARL.TA,[994.4586],6
2025-01-06,SLARL.TA,[983.6337],7
2025-01-07,SLARL.TA,[982.8607],8
2025-01-08,SLARL.TA,[1008.8151],9
2025-01-09,SLARL.TA,[979.52826],10
2025-01-10,SLARL.TA,[980.3114],11
2025-01-11,SLARL.TA,[974.862],12
2025-01-12,SLARL.TA,[989.0327],13
2025-01-13,SLARL.TA,[983.7117],14
2025-01-14,SLARL.TA,[975.50085],15
2025-01-15,SLARL.TA,[959.1483],16
2025-01-16,SLARL.TA,[969.98804],17
2025-01-17,SLARL.TA,[969.01276],18
2025-01-18,SLARL.TA,[973.5011],19
2025-01-19,SLARL.TA,[971.3408],20
2025-01-20,SLARL.TA,[985.25287],21
2025-01-21,SLARL.TA,[979.69434],22
2025-01-22,SLARL.TA,[1002.7239],23
2025-01-23,SLARL.TA,[1015.1974],24
2025-01-24,SLARL.TA,[998.74335],25
2025-01-25,SLARL.TA,[997.48706],26
2025-01-26,SLARL.TA,[988.41205],27
2025-01-27,SLARL.TA,[998.1006],28
2025-01-28,SLARL.TA,[1017.554],29
2025-01-29,SLARL.TA,[1012.8535],30
2024-12-31,SHGR.TA,[1221.7332],1
2025-01-01,SHGR.TA,[1235.4081],2
2025-01-02,SHGR.TA,[1279.7831],3
2025-01-03,SHGR.TA,[1281.6012],4
2025-01-04,SHGR.TA,[1280.5977],5
2025-01-05,SHGR.TA,[1278.7428],6
2025-01-06,SHGR.TA,[1256.3429],7
2025-01-07,SHGR.TA,[1282.4896],8
2025-01-08,SHGR.TA,[1270.1633],9
2025-01-09,SHGR.TA,[1272.3428],10
2025-01-10,SHGR.TA,[1235.1577],11
2025-01-11,SHGR.TA,[1261.1724],12
2025-01-12,SHGR.TA,[1293.1932],13
2025-01-13,SHGR.TA,[1305.1261],14
2025-01-14,SHGR.TA,[1335.67],15
2025-01-15,SHGR.TA,[1350.0088],16
2025-01-16,SHGR.TA,[1354.7952],17
2025-01-17,SHGR.TA,[1331.4513],18
2025-01-18,SHGR.TA,[1361.5579],19
2025-01-19,SHGR.TA,[1331.6368],20
2025-01-20,SHGR.TA,[1306.8324],21
2025-01-21,SHGR.TA,[1305.3895],22
2025-01-22,SHGR.TA,[1232.141],23
2025-01-23,SHGR.TA,[1260.8538],24
2025-01-24,SHGR.TA,[1236.549],25
2025-01-25,SHGR.TA,[1245.8712],26
2025-01-26,SHGR.TA,[1225.7002],27
2025-01-27,SHGR.TA,[1212.374],28
2025-01-28,SHGR.TA,[1200.4607],29
2025-01-29,SHGR.TA,[1186.0726],30
2024-12-31,SHMM.TA,[-107.943214],1
2025-01-01,SHMM.TA,[-57.37616],2
2025-01-02,SHMM.TA,[-198.7023],3
2025-01-03,SHMM.TA,[-643.312],4
2025-01-04,SHMM.TA,[-1732.2661],5
2025-01-05,SHMM.TA,[-9075.607],6
2025-01-06,SHMM.TA,[-18584.127],7
2025-01-07,SHMM.TA,[49415.32],8
2025-01-08,SHMM.TA,[134262.3],9
2025-01-09,SHMM.TA,[-250863.9],10
2025-01-10,SHMM.TA,[-1277074.4],11
2025-01-11,SHMM.TA,[-4811633.5],12
2025-01-12,SHMM.TA,[-12390712.],13
2025-01-13,SHMM.TA,[-24975188.],14
2025-01-14,SHMM.TA,[24184916.],15
2025-01-15,SHMM.TA,[13180640.],16
2025-01-16,SHMM.TA,[30814062.],17
2025-01-17,SHMM.TA,[1.8869472e+08],18
2025-01-18,SHMM.TA,[-2103441.8],19
2025-01-19,SHMM.TA,[-7008178.],20
2025-01-20,SHMM.TA,[-17451008.],21
2025-01-21,SHMM.TA,[-26347920.],22
2025-01-22,SHMM.TA,[52579100.],23
2025-01-23,SHMM.TA,[-1.210499e+08],24
2025-01-24,SHMM.TA,[2.4114955e+08],25
2025-01-25,SHMM.TA,[4.106536e+08],26
2025-01-26,SHMM.TA,[-1.0260467e+09],27
2025-01-27,SHMM.TA,[-5.6674586e+08],28
2025-01-28,SHMM.TA,[-2.2403272e+09],29
2025-01-29,SHMM.TA,[-7.824593e+09],30
2024-12-31,SHAN.TA,[399.90463],1
2025-01-01,SHAN.TA,[398.3416],2
2025-01-02,SHAN.TA,[396.263],3
2025-01-03,SHAN.TA,[404.41373],4
2025-01-04,SHAN.TA,[416.71384],5
2025-01-05,SHAN.TA,[429.0471],6
2025-01-06,SHAN.TA,[434.85922],7
2025-01-07,SHAN.TA,[424.95694],8
2025-01-08,SHAN.TA,[430.1221],9
2025-01-09,SHAN.TA,[433.05225],10
2025-01-10,SHAN.TA,[431.45746],11
2025-01-11,SHAN.TA,[421.17554],12
2025-01-12,SHAN.TA,[424.78128],13
2025-01-13,SHAN.TA,[429.84998],14
2025-01-14,SHAN.TA,[423.67538],15
2025-01-15,SHAN.TA,[426.86243],16
2025-01-16,SHAN.TA,[418.43973],17
2025-01-17,SHAN.TA,[417.62598],18
2025-01-18,SHAN.TA,[420.96698],19
2025-01-19,SHAN.TA,[423.01706],20
2025-01-20,SHAN.TA,[433.53455],21
2025-01-21,SHAN.TA,[439.46658],22
2025-01-22,SHAN.TA,[444.52914],23
2025-01-23,SHAN.TA,[452.64694],24
2025-01-24,SHAN.TA,[446.81915],25
2025-01-25,SHAN.TA,[442.52664],26
2025-01-26,SHAN.TA,[437.85046],27
2025-01-27,SHAN.TA,[439.1717],28
2025-01-28,SHAN.TA,[441.7334],29
2025-01-29,SHAN.TA,[441.24167],30
2024-12-31,SPEN.TA,[2806.809],1
2025-01-01,SPEN.TA,[2827.2195],2
2025-01-02,SPEN.TA,[2782.432],3
2025-01-03,SPEN.TA,[2801.0303],4
2025-01-04,SPEN.TA,[2684.1714],5
2025-01-05,SPEN.TA,[2757.722],6
2025-01-06,SPEN.TA,[2713.1968],7
2025-01-07,SPEN.TA,[2584.163],8
2025-01-08,SPEN.TA,[2659.8347],9
2025-01-09,SPEN.TA,[2702.0193],10
2025-01-10,SPEN.TA,[2634.5781],11
2025-01-11,SPEN.TA,[2728.5378],12
2025-01-12,SPEN.TA,[2746.9812],13
2025-01-13,SPEN.TA,[2764.41],14
2025-01-14,SPEN.TA,[2897.528],15
2025-01-15,SPEN.TA,[2950.084],16
2025-01-16,SPEN.TA,[2910.225],17
2025-01-17,SPEN.TA,[2875.4373],18
2025-01-18,SPEN.TA,[2812.1292],19
2025-01-19,SPEN.TA,[2791.0935],20
2025-01-20,SPEN.TA,[2949.25],21
2025-01-21,SPEN.TA,[3077.6167],22
2025-01-22,SPEN.TA,[3022.2842],23
2025-01-23,SPEN.TA,[3107.053],24
2025-01-24,SPEN.TA,[3169.723],25
2025-01-25,SPEN.TA,[3111.7021],26
2025-01-26,SPEN.TA,[3018.5486],27
2025-01-27,SPEN.TA,[2993.6978],28
2025-01-28,SPEN.TA,[2933.1675],29
2025-01-29,SPEN.TA,[2951.1155],30
2024-12-31,SMNR.TA,[1834.0616],1
2025-01-01,SMNR.TA,[1837.7322],2
2025-01-02,SMNR.TA,[1845.0135],3
2025-01-03,SMNR.TA,[1827.4918],4
2025-01-04,SMNR.TA,[1839.55],5
2025-01-05,SMNR.TA,[1813.5208],6
2025-01-06,SMNR.TA,[1815.9397],7
2025-01-07,SMNR.TA,[1762.011],8
2025-01-08,SMNR.TA,[1759.0542],9
2025-01-09,SMNR.TA,[1742.0254],10
2025-01-10,SMNR.TA,[1728.6328],11
2025-01-11,SMNR.TA,[1668.9753],12
2025-01-12,SMNR.TA,[1636.0533],13
2025-01-13,SMNR.TA,[1600.8783],14
2025-01-14,SMNR.TA,[1633.1672],15
2025-01-15,SMNR.TA,[1609.3499],16
2025-01-16,SMNR.TA,[1587.8494],17
2025-01-17,SMNR.TA,[1559.0463],18
2025-01-18,SMNR.TA,[1537.5852],19
2025-01-19,SMNR.TA,[1550.051],20
2025-01-20,SMNR.TA,[1518.4962],21
2025-01-21,SMNR.TA,[1516.6273],22
2025-01-22,SMNR.TA,[1497.1661],23
2025-01-23,SMNR.TA,[1492.1033],24
2025-01-24,SMNR.TA,[1508.7559],25
2025-01-25,SMNR.TA,[1522.763],26
2025-01-26,SMNR.TA,[1564.4252],27
2025-01-27,SMNR.TA,[1553.6111],28
2025-01-28,SMNR.TA,[1581.4939],29
2025-01-29,SMNR.TA,[1596.9324],30
2024-12-31,SBEN.TA,[250.90173],1
2025-01-01,SBEN.TA,[249.37756],2
2025-01-02,SBEN.TA,[247.95042],3
2025-01-03,SBEN.TA,[253.66277],4
2025-01-04,SBEN.TA,[249.15169],5
2025-01-05,SBEN.TA,[257.7468],6
2025-01-06,SBEN.TA,[267.00165],7
2025-01-07,SBEN.TA,[267.18854],8
2025-01-08,SBEN.TA,[265.1635],9
2025-01-09,SBEN.TA,[282.90082],10
2025-01-10,SBEN.TA,[276.08716],11
2025-01-11,SBEN.TA,[269.1245],12
2025-01-12,SBEN.TA,[271.005],13
2025-01-13,SBEN.TA,[279.14014],14
2025-01-14,SBEN.TA,[280.69574],15
2025-01-15,SBEN.TA,[288.8148],16
2025-01-16,SBEN.TA,[314.54398],17
2025-01-17,SBEN.TA,[316.02313],18
2025-01-18,SBEN.TA,[312.84164],19
2025-01-19,SBEN.TA,[330.23578],20
2025-01-20,SBEN.TA,[341.53888],21
2025-01-21,SBEN.TA,[346.6206],22
2025-01-22,SBEN.TA,[338.91687],23
2025-01-23,SBEN.TA,[339.98288],24
2025-01-24,SBEN.TA,[337.86346],25
2025-01-25,SBEN.TA,[332.5792],26
2025-01-26,SBEN.TA,[327.67538],27
2025-01-27,SBEN.TA,[316.74078],28
2025-01-28,SBEN.TA,[311.82974],29
2025-01-29,SBEN.TA,[304.75183],30
2024-12-31,SKBN.TA,[1336.6802],1
2025-01-01,SKBN.TA,[1355.3314],2
2025-01-02,SKBN.TA,[1363.9401],3
2025-01-03,SKBN.TA,[1400.1897],4
2025-01-04,SKBN.TA,[1427.6239],5
2025-01-05,SKBN.TA,[1433.3456],6
2025-01-06,SKBN.TA,[1422.377],7
2025-01-07,SKBN.TA,[1451.8798],8
2025-01-08,SKBN.TA,[1478.0784],9
2025-01-09,SKBN.TA,[1483.4835],10
2025-01-10,SKBN.TA,[1493.1902],11
2025-01-11,SKBN.TA,[1480.4016],12
2025-01-12,SKBN.TA,[1479.5408],13
2025-01-13,SKBN.TA,[1531.9341],14
2025-01-14,SKBN.TA,[1515.1012],15
2025-01-15,SKBN.TA,[1531.8342],16
2025-01-16,SKBN.TA,[1568.142],17
2025-01-17,SKBN.TA,[1563.9205],18
2025-01-18,SKBN.TA,[1542.5724],19
2025-01-19,SKBN.TA,[1570.0472],20
2025-01-20,SKBN.TA,[1551.8312],21
2025-01-21,SKBN.TA,[1564.0471],22
2025-01-22,SKBN.TA,[1541.7167],23
2025-01-23,SKBN.TA,[1551.3717],24
2025-01-24,SKBN.TA,[1525.7614],25
2025-01-25,SKBN.TA,[1573.122],26
2025-01-26,SKBN.TA,[1623.6196],27
2025-01-27,SKBN.TA,[1605.1576],28
2025-01-28,SKBN.TA,[1623.1833],29
2025-01-29,SKBN.TA,[1662.0203],30
2024-12-31,SHOM.TA,[810.61383],1
2025-01-01,SHOM.TA,[805.2115],2
2025-01-02,SHOM.TA,[813.0848],3
2025-01-03,SHOM.TA,[826.1807],4
2025-01-04,SHOM.TA,[831.258],5
2025-01-05,SHOM.TA,[829.1784],6
2025-01-06,SHOM.TA,[837.1252],7
2025-01-07,SHOM.TA,[841.0348],8
2025-01-08,SHOM.TA,[858.0565],9
2025-01-09,SHOM.TA,[852.9588],10
2025-01-10,SHOM.TA,[844.39264],11
2025-01-11,SHOM.TA,[836.58435],12
2025-01-12,SHOM.TA,[830.1374],13
2025-01-13,SHOM.TA,[860.6725],14
2025-01-14,SHOM.TA,[881.29224],15
2025-01-15,SHOM.TA,[898.0426],16
2025-01-16,SHOM.TA,[912.81445],17
2025-01-17,SHOM.TA,[921.8107],18
2025-01-18,SHOM.TA,[908.1974],19
2025-01-19,SHOM.TA,[929.79504],20
2025-01-20,SHOM.TA,[949.6394],21
2025-01-21,SHOM.TA,[945.6543],22
2025-01-22,SHOM.TA,[972.6391],23
2025-01-23,SHOM.TA,[943.7279],24
2025-01-24,SHOM.TA,[936.9258],25
2025-01-25,SHOM.TA,[952.1349],26
2025-01-26,SHOM.TA,[935.3825],27
2025-01-27,SHOM.TA,[958.96027],28
2025-01-28,SHOM.TA,[946.8717],29
2025-01-29,SHOM.TA,[958.5363],30
2024-12-31,SAE.TA,[3679.3833],1
2025-01-01,SAE.TA,[3752.4475],2
2025-01-02,SAE.TA,[3870.6401],3
2025-01-03,SAE.TA,[3979.9224],4
2025-01-04,SAE.TA,[4096.3135],5
2025-01-05,SAE.TA,[4106.234],6
2025-01-06,SAE.TA,[4151.184],7
2025-01-07,SAE.TA,[4220.668],8
2025-01-08,SAE.TA,[4328.147],9
2025-01-09,SAE.TA,[4520.8105],10
2025-01-10,SAE.TA,[4463.7646],11
2025-01-11,SAE.TA,[4494.57],12
2025-01-12,SAE.TA,[4573.3374],13
2025-01-13,SAE.TA,[4561.15],14
2025-01-14,SAE.TA,[4511.543],15
2025-01-15,SAE.TA,[4430.4253],16
2025-01-16,SAE.TA,[4427.066],17
2025-01-17,SAE.TA,[4459.8022],18
2025-01-18,SAE.TA,[4451.0815],19
2025-01-19,SAE.TA,[4578.9976],20
2025-01-20,SAE.TA,[4632.011],21
2025-01-21,SAE.TA,[4691.8765],22
2025-01-22,SAE.TA,[4898.3057],23
2025-01-23,SAE.TA,[4966.355],24
2025-01-24,SAE.TA,[5102.5166],25
2025-01-25,SAE.TA,[4814.6113],26
2025-01-26,SAE.TA,[4786.962],27
2025-01-27,SAE.TA,[4607.037],28
2025-01-28,SAE.TA,[4547.5474],29
2025-01-29,SAE.TA,[4435.5723],30
2024-12-31,SKLN.TA,[1977.1995],1
2025-01-01,SKLN.TA,[1956.8856],2
2025-01-02,SKLN.TA,[1941.6499],3
2025-01-03,SKLN.TA,[1921.8303],4
2025-01-04,SKLN.TA,[1889.2461],5
2025-01-05,SKLN.TA,[1891.4722],6
2025-01-06,SKLN.TA,[1882.6371],7
2025-01-07,SKLN.TA,[1836.4048],8
2025-01-08,SKLN.TA,[1870.9592],9
2025-01-09,SKLN.TA,[1853.3219],10
2025-01-10,SKLN.TA,[1853.7395],11
2025-01-11,SKLN.TA,[1825.6244],12
2025-01-12,SKLN.TA,[1850.6274],13
2025-01-13,SKLN.TA,[1890.2686],14
2025-01-14,SKLN.TA,[1878.2281],15
2025-01-15,SKLN.TA,[1900.7252],16
2025-01-16,SKLN.TA,[1905.6251],17
2025-01-17,SKLN.TA,[1877.8795],18
2025-01-18,SKLN.TA,[1884.2793],19
2025-01-19,SKLN.TA,[1886.899],20
2025-01-20,SKLN.TA,[1896.2683],21
2025-01-21,SKLN.TA,[1903.5386],22
2025-01-22,SKLN.TA,[1972.4014],23
2025-01-23,SKLN.TA,[1961.2828],24
2025-01-24,SKLN.TA,[1896.5948],25
2025-01-25,SKLN.TA,[1905.9763],26
2025-01-26,SKLN.TA,[1863.0137],27
2025-01-27,SKLN.TA,[1862.5702],28
2025-01-28,SKLN.TA,[1907.1514],29
2025-01-29,SKLN.TA,[1870.359],30
2024-12-31,SLRM.TA,[374.0728],1
2025-01-01,SLRM.TA,[364.8825],2
2025-01-02,SLRM.TA,[344.5298],3
2025-01-03,SLRM.TA,[362.57443],4
2025-01-04,SLRM.TA,[324.35184],5
2025-01-05,SLRM.TA,[346.16333],6
2025-01-06,SLRM.TA,[376.16974],7
2025-01-07,SLRM.TA,[370.03412],8
2025-01-08,SLRM.TA,[352.08273],9
2025-01-09,SLRM.TA,[295.6419],10
2025-01-10,SLRM.TA,[311.82812],11
2025-01-11,SLRM.TA,[304.25195],12
2025-01-12,SLRM.TA,[317.03903],13
2025-01-13,SLRM.TA,[313.4055],14
2025-01-14,SLRM.TA,[314.8728],15
2025-01-15,SLRM.TA,[311.99792],16
2025-01-16,SLRM.TA,[299.4742],17
2025-01-17,SLRM.TA,[297.8415],18
2025-01-18,SLRM.TA,[282.2803],19
2025-01-19,SLRM.TA,[295.65573],20
2025-01-20,SLRM.TA,[271.36493],21
2025-01-21,SLRM.TA,[293.09213],22
2025-01-22,SLRM.TA,[292.84473],23
2025-01-23,SLRM.TA,[297.9245],24
2025-01-24,SLRM.TA,[280.00345],25
2025-01-25,SLRM.TA,[275.20663],26
2025-01-26,SLRM.TA,[253.44952],27
2025-01-27,SLRM.TA,[255.18378],28
2025-01-28,SLRM.TA,[268.7682],29
2025-01-29,SLRM.TA,[276.99884],30
2024-12-31,SMAG.TA,[292.04932],1
2025-01-01,SMAG.TA,[330.06198],2
2025-01-02,SMAG.TA,[360.16437],3
2025-01-03,SMAG.TA,[315.09946],4
2025-01-04,SMAG.TA,[362.1248],5
2025-01-05,SMAG.TA,[611.1162],6
2025-01-06,SMAG.TA,[485.7067],7
2025-01-07,SMAG.TA,[652.3506],8
2025-01-08,SMAG.TA,[390.55606],9
2025-01-09,SMAG.TA,[293.07275],10
2025-01-10,SMAG.TA,[311.25583],11
2025-01-11,SMAG.TA,[188.23586],12
2025-01-12,SMAG.TA,[159.90717],13
2025-01-13,SMAG.TA,[201.30684],14
2025-01-14,SMAG.TA,[280.3063],15
2025-01-15,SMAG.TA,[159.5909],16
2025-01-16,SMAG.TA,[166.91592],17
2025-01-17,SMAG.TA,[194.41779],18
2025-01-18,SMAG.TA,[245.513],19
2025-01-19,SMAG.TA,[335.07184],20
2025-01-20,SMAG.TA,[390.77206],21
2025-01-21,SMAG.TA,[272.3257],22
2025-01-22,SMAG.TA,[255.24562],23
2025-01-23,SMAG.TA,[290.89594],24
2025-01-24,SMAG.TA,[258.78683],25
2025-01-25,SMAG.TA,[292.12784],26
2025-01-26,SMAG.TA,[234.21857],27
2025-01-27,SMAG.TA,[327.29346],28
2025-01-28,SMAG.TA,[419.22153],29
2025-01-29,SMAG.TA,[406.90103],30
2024-12-31,SOFW.TA,[1650.5652],1
2025-01-01,SOFW.TA,[1654.8594],2
2025-01-02,SOFW.TA,[1672.1769],3
2025-01-03,SOFW.TA,[1669.0349],4
2025-01-04,SOFW.TA,[1692.0402],5
2025-01-05,SOFW.TA,[1688.8907],6
2025-01-06,SOFW.TA,[1671.9965],7
2025-01-07,SOFW.TA,[1704.6049],8
2025-01-08,SOFW.TA,[1745.3901],9
2025-01-09,SOFW.TA,[1733.2166],10
2025-01-10,SOFW.TA,[1714.0469],11
2025-01-11,SOFW.TA,[1685.1697],12
2025-01-12,SOFW.TA,[1726.1576],13
2025-01-13,SOFW.TA,[1774.5101],14
2025-01-14,SOFW.TA,[1792.6068],15
2025-01-15,SOFW.TA,[1850.267],16
2025-01-16,SOFW.TA,[1859.0383],17
2025-01-17,SOFW.TA,[1833.5306],18
2025-01-18,SOFW.TA,[1770.5386],19
2025-01-19,SOFW.TA,[1764.5392],20
2025-01-20,SOFW.TA,[1735.4039],21
2025-01-21,SOFW.TA,[1718.803],22
2025-01-22,SOFW.TA,[1731.5892],23
2025-01-23,SOFW.TA,[1646.3412],24
2025-01-24,SOFW.TA,[1598.0343],25
2025-01-25,SOFW.TA,[1571.1213],26
2025-01-26,SOFW.TA,[1481.7014],27
2025-01-27,SOFW.TA,[1484.8629],28
2025-01-28,SOFW.TA,[1486.3344],29
2025-01-29,SOFW.TA,[1552.5549],30
2024-12-31,SOLR.TA,[3662.1072],1
2025-01-01,SOLR.TA,[3704.9583],2
2025-01-02,SOLR.TA,[3772.6807],3
2025-01-03,SOLR.TA,[3689.6716],4
2025-01-04,SOLR.TA,[3719.3398],5
2025-01-05,SOLR.TA,[3689.0042],6
2025-01-06,SOLR.TA,[3665.981],7
2025-01-07,SOLR.TA,[3737.902],8
2025-01-08,SOLR.TA,[3785.3857],9
2025-01-09,SOLR.TA,[3803.7449],10
2025-01-10,SOLR.TA,[3881.1724],11
2025-01-11,SOLR.TA,[4028.2427],12
2025-01-12,SOLR.TA,[4240.6763],13
2025-01-13,SOLR.TA,[4412.2705],14
2025-01-14,SOLR.TA,[4323.8857],15
2025-01-15,SOLR.TA,[4317.177],16
2025-01-16,SOLR.TA,[4328.307],17
2025-01-17,SOLR.TA,[4462.213],18
2025-01-18,SOLR.TA,[4461.182],19
2025-01-19,SOLR.TA,[4437.6597],20
2025-01-20,SOLR.TA,[4588.409],21
2025-01-21,SOLR.TA,[4540.7207],22
2025-01-22,SOLR.TA,[4623.99],23
2025-01-23,SOLR.TA,[4788.7056],24
2025-01-24,SOLR.TA,[4716.966],25
2025-01-25,SOLR.TA,[4664.945],26
2025-01-26,SOLR.TA,[4741.9805],27
2025-01-27,SOLR.TA,[4685.5894],28
2025-01-28,SOLR.TA,[4576.1333],29
2025-01-29,SOLR.TA,[4507.3423],30
2024-12-31,SONO.TA,[84.862686],1
2025-01-01,SONO.TA,[113.18968],2
2025-01-02,SONO.TA,[101.75049],3
2025-01-03,SONO.TA,[46.91058],4
2025-01-04,SONO.TA,[75.277115],5
2025-01-05,SONO.TA,[66.37774],6
2025-01-06,SONO.TA,[98.88698],7
2025-01-07,SONO.TA,[95.749054],8
2025-01-08,SONO.TA,[106.17841],9
2025-01-09,SONO.TA,[83.60319],10
2025-01-10,SONO.TA,[54.8491],11
2025-01-11,SONO.TA,[-6.9330893],12
2025-01-12,SONO.TA,[1.3928541],13
2025-01-13,SONO.TA,[1.92332],14
2025-01-14,SONO.TA,[1.5173723],15
2025-01-15,SONO.TA,[0.5981302],16
2025-01-16,SONO.TA,[0.82651913],17
2025-01-17,SONO.TA,[1.3235784],18
2025-01-18,SONO.TA,[2.1031888],19
2025-01-19,SONO.TA,[2.2577507],20
2025-01-20,SONO.TA,[2.1449234],21
2025-01-21,SONO.TA,[0.5572002],22
2025-01-22,SONO.TA,[0.7562032],23
2025-01-23,SONO.TA,[0.7785425],24
2025-01-24,SONO.TA,[0.4193318],25
2025-01-25,SONO.TA,[0.50245124],26
2025-01-26,SONO.TA,[0.69618905],27
2025-01-27,SONO.TA,[1.0469517],28
2025-01-28,SONO.TA,[1.9131432],29
2025-01-29,SONO.TA,[2.6112254],30
2024-12-31,SCC.TA,[35.77211],1
2025-01-01,SCC.TA,[41.33676],2
2025-01-02,SCC.TA,[51.30288],3
2025-01-03,SCC.TA,[58.34883],4
2025-01-04,SCC.TA,[62.30612],5
2025-01-05,SCC.TA,[60.635723],6
2025-01-06,SCC.TA,[51.44394],7
2025-01-07,SCC.TA,[51.003807],8
2025-01-08,SCC.TA,[53.338398],9
2025-01-09,SCC.TA,[39.427666],10
2025-01-10,SCC.TA,[43.441914],11
2025-01-11,SCC.TA,[55.15242],12
2025-01-12,SCC.TA,[66.430565],13
2025-01-13,SCC.TA,[54.068394],14
2025-01-14,SCC.TA,[51.64881],15
2025-01-15,SCC.TA,[53.45612],16
2025-01-16,SCC.TA,[57.044247],17
2025-01-17,SCC.TA,[53.581135],18
2025-01-18,SCC.TA,[55.43852],19
2025-01-19,SCC.TA,[55.26288],20
2025-01-20,SCC.TA,[51.122715],21
2025-01-21,SCC.TA,[52.927155],22
2025-01-22,SCC.TA,[58.893463],23
2025-01-23,SCC.TA,[64.2723],24
2025-01-24,SCC.TA,[56.50725],25
2025-01-25,SCC.TA,[49.108894],26
2025-01-26,SCC.TA,[54.37287],27
2025-01-27,SCC.TA,[45.371204],28
2025-01-28,SCC.TA,[46.07974],29
2025-01-29,SCC.TA,[42.665066],30
2024-12-31,SPDV.TA,[342.97806],1
2025-01-01,SPDV.TA,[356.78308],2
2025-01-02,SPDV.TA,[372.0348],3
2025-01-03,SPDV.TA,[363.92267],4
2025-01-04,SPDV.TA,[408.59735],5
2025-01-05,SPDV.TA,[400.60168],6
2025-01-06,SPDV.TA,[393.13156],7
2025-01-07,SPDV.TA,[412.6414],8
2025-01-08,SPDV.TA,[420.84198],9
2025-01-09,SPDV.TA,[409.20132],10
2025-01-10,SPDV.TA,[430.61557],11
2025-01-11,SPDV.TA,[436.73712],12
2025-01-12,SPDV.TA,[445.25986],13
2025-01-13,SPDV.TA,[410.2567],14
2025-01-14,SPDV.TA,[384.0545],15
2025-01-15,SPDV.TA,[374.45752],16
2025-01-16,SPDV.TA,[382.56598],17
2025-01-17,SPDV.TA,[393.7813],18
2025-01-18,SPDV.TA,[398.51392],19
2025-01-19,SPDV.TA,[415.4217],20
2025-01-20,SPDV.TA,[364.57413],21
2025-01-21,SPDV.TA,[364.90555],22
2025-01-22,SPDV.TA,[360.13516],23
2025-01-23,SPDV.TA,[357.86987],24
2025-01-24,SPDV.TA,[342.4636],25
2025-01-25,SPDV.TA,[319.00992],26
2025-01-26,SPDV.TA,[345.63583],27
2025-01-27,SPDV.TA,[359.2193],28
2025-01-28,SPDV.TA,[371.09036],29
2025-01-29,SPDV.TA,[362.3847],30
2024-12-31,SPRG.TA,[6865.973],1
2025-01-01,SPRG.TA,[63027.81],2
2025-01-02,SPRG.TA,[3369531.2],3
2025-01-03,SPRG.TA,[-17378418.],4
2025-01-04,SPRG.TA,[39727120.],5
2025-01-05,SPRG.TA,[1.855771e+09],6
2025-01-06,SPRG.TA,[3.4591146e+10],7
2025-01-07,SPRG.TA,[-6.578487e+11],8
2025-01-08,SPRG.TA,[-2.3481064e+12],9
2025-01-09,SPRG.TA,[-3.7024652e+13],10
2025-01-10,SPRG.TA,[-4.1811533e+14],11
2025-01-11,SPRG.TA,[-1.8578873e+16],12
2025-01-12,SPRG.TA,[-3.3638025e+16],13
2025-01-13,SPRG.TA,[1.4931399e+17],14
2025-01-14,SPRG.TA,[-1.5972207e+18],15
2025-01-15,SPRG.TA,[1.6382941e+19],16
2025-01-16,SPRG.TA,[-8.034934e+19],17
2025-01-17,SPRG.TA,[-7.493045e+20],18
2025-01-18,SPRG.TA,[-2.9013985e+21],19
2025-01-19,SPRG.TA,[1.02797265e+23],20
2025-01-20,SPRG.TA,[-3.7082746e+24],21
2025-01-21,SPRG.TA,[1.184258e+26],22
2025-01-22,SPRG.TA,[-6.4119e+26],23
2025-01-23,SPRG.TA,[-2.7862524e+28],24
2025-01-24,SPRG.TA,[3.511707e+29],25
2025-01-25,SPRG.TA,[-2.6037817e+30],26
2025-01-26,SPRG.TA,[-1.6563296e+31],27
2025-01-27,SPRG.TA,[1.7072566e+32],28
2025-01-28,SPRG.TA,[2.046744e+32],29
2025-01-29,SPRG.TA,[-4.413656e+31],30
2024-12-31,SPNTC.TA,[405.19144],1
2025-01-01,SPNTC.TA,[422.14893],2
2025-01-02,SPNTC.TA,[421.60092],3
2025-01-03,SPNTC.TA,[437.9811],4
2025-01-04,SPNTC.TA,[428.3035],5
2025-01-05,SPNTC.TA,[410.3668],6
2025-01-06,SPNTC.TA,[424.97107],7
2025-01-07,SPNTC.TA,[459.06564],8
2025-01-08,SPNTC.TA,[419.8091],9
2025-01-09,SPNTC.TA,[430.90176],10
2025-01-10,SPNTC.TA,[418.38727],11
2025-01-11,SPNTC.TA,[413.45383],12
2025-01-12,SPNTC.TA,[395.2097],13
2025-01-13,SPNTC.TA,[393.8417],14
2025-01-14,SPNTC.TA,[417.77454],15
2025-01-15,SPNTC.TA,[429.46643],16
2025-01-16,SPNTC.TA,[440.23303],17
2025-01-17,SPNTC.TA,[423.2859],18
2025-01-18,SPNTC.TA,[437.66446],19
2025-01-19,SPNTC.TA,[441.83112],20
2025-01-20,SPNTC.TA,[434.94574],21
2025-01-21,SPNTC.TA,[406.01532],22
2025-01-22,SPNTC.TA,[419.92828],23
2025-01-23,SPNTC.TA,[418.3202],24
2025-01-24,SPNTC.TA,[410.20316],25
2025-01-25,SPNTC.TA,[416.97156],26
2025-01-26,SPNTC.TA,[432.21234],27
2025-01-27,SPNTC.TA,[437.40695],28
2025-01-28,SPNTC.TA,[426.02414],29
2025-01-29,SPNTC.TA,[415.79385],30
2024-12-31,STG.TA,[4187.376],1
2025-01-01,STG.TA,[4036.938],2
2025-01-02,STG.TA,[4078.9307],3
2025-01-03,STG.TA,[3997.4092],4
2025-01-04,STG.TA,[3820.1763],5
2025-01-05,STG.TA,[4014.6992],6
2025-01-06,STG.TA,[4179.1396],7
2025-01-07,STG.TA,[4136.127],8
2025-01-08,STG.TA,[4218.467],9
2025-01-09,STG.TA,[4120.085],10
2025-01-10,STG.TA,[4162.586],11
2025-01-11,STG.TA,[4063.053],12
2025-01-12,STG.TA,[4316.92],13
2025-01-13,STG.TA,[4072.8027],14
2025-01-14,STG.TA,[4112.884],15
2025-01-15,STG.TA,[3983.1975],16
2025-01-16,STG.TA,[3965.4695],17
2025-01-17,STG.TA,[4148.9624],18
2025-01-18,STG.TA,[4257.0156],19
2025-01-19,STG.TA,[4616.419],20
2025-01-20,STG.TA,[4651.634],21
2025-01-21,STG.TA,[4675.199],22
2025-01-22,STG.TA,[4777.4106],23
2025-01-23,STG.TA,[5021.819],24
2025-01-24,STG.TA,[4950.984],25
2025-01-25,STG.TA,[5188.733],26
2025-01-26,STG.TA,[5257.9834],27
2025-01-27,STG.TA,[5461.9277],28
2025-01-28,STG.TA,[5278.098],29
2025-01-29,STG.TA,[5464.258],30
2024-12-31,STRG.TA,[58.370995],1
2025-01-01,STRG.TA,[69.633385],2
2025-01-02,STRG.TA,[77.059944],3
2025-01-03,STRG.TA,[61.14246],4
2025-01-04,STRG.TA,[68.340195],5
2025-01-05,STRG.TA,[72.36205],6
2025-01-06,STRG.TA,[80.858604],7
2025-01-07,STRG.TA,[62.501873],8
2025-01-08,STRG.TA,[77.85466],9
2025-01-09,STRG.TA,[65.09511],10
2025-01-10,STRG.TA,[89.35319],11
2025-01-11,STRG.TA,[47.43399],12
2025-01-12,STRG.TA,[70.37095],13
2025-01-13,STRG.TA,[43.460014],14
2025-01-14,STRG.TA,[43.191757],15
2025-01-15,STRG.TA,[37.4969],16
2025-01-16,STRG.TA,[34.150444],17
2025-01-17,STRG.TA,[19.450844],18
2025-01-18,STRG.TA,[12.772806],19
2025-01-19,STRG.TA,[12.738706],20
2025-01-20,STRG.TA,[14.403803],21
2025-01-21,STRG.TA,[15.67421],22
2025-01-22,STRG.TA,[10.761226],23
2025-01-23,STRG.TA,[12.283867],24
2025-01-24,STRG.TA,[13.155922],25
2025-01-25,STRG.TA,[21.570782],26
2025-01-26,STRG.TA,[26.485846],27
2025-01-27,STRG.TA,[34.93103],28
2025-01-28,STRG.TA,[35.000652],29
2025-01-29,STRG.TA,[27.682758],30
2024-12-31,STRS.TA,[6847.8584],1
2025-01-01,STRS.TA,[6896.6836],2
2025-01-02,STRS.TA,[6981.3047],3
2025-01-03,STRS.TA,[7062.3306],4
2025-01-04,STRS.TA,[6882.9883],5
2025-01-05,STRS.TA,[7157.5083],6
2025-01-06,STRS.TA,[6976.1436],7
2025-01-07,STRS.TA,[7037.764],8
2025-01-08,STRS.TA,[7270.1797],9
2025-01-09,STRS.TA,[7025.2593],10
2025-01-10,STRS.TA,[7206.7437],11
2025-01-11,STRS.TA,[7273.301],12
2025-01-12,STRS.TA,[7278.8696],13
2025-01-13,STRS.TA,[7438.8613],14
2025-01-14,STRS.TA,[7237.458],15
2025-01-15,STRS.TA,[7062.4727],16
2025-01-16,STRS.TA,[7141.718],17
2025-01-17,STRS.TA,[7103.419],18
2025-01-18,STRS.TA,[7200.4727],19
2025-01-19,STRS.TA,[6900.2046],20
2025-01-20,STRS.TA,[6712.4814],21
2025-01-21,STRS.TA,[6990.0083],22
2025-01-22,STRS.TA,[6979.9263],23
2025-01-23,STRS.TA,[6923.7197],24
2025-01-24,STRS.TA,[6906.8877],25
2025-01-25,STRS.TA,[6519.7407],26
2025-01-26,STRS.TA,[6679.654],27
2025-01-27,STRS.TA,[6653.0366],28
2025-01-28,STRS.TA,[6627.45],29
2025-01-29,STRS.TA,[6474.1255],30
2024-12-31,STRW.TA,[3686.4814],1
2025-01-01,STRW.TA,[3687.1357],2
2025-01-02,STRW.TA,[3660.292],3
2025-01-03,STRW.TA,[3630.0942],4
2025-01-04,STRW.TA,[3603.8267],5
2025-01-05,STRW.TA,[3627.0325],6
2025-01-06,STRW.TA,[3632.8152],7
2025-01-07,STRW.TA,[3646.5073],8
2025-01-08,STRW.TA,[3663.5457],9
2025-01-09,STRW.TA,[3710.4246],10
2025-01-10,STRW.TA,[3792.8574],11
2025-01-11,STRW.TA,[3789.235],12
2025-01-12,STRW.TA,[3858.422],13
2025-01-13,STRW.TA,[3856.2007],14
2025-01-14,STRW.TA,[3923.2964],15
2025-01-15,STRW.TA,[3923.6707],16
2025-01-16,STRW.TA,[3957.2153],17
2025-01-17,STRW.TA,[3962.2988],18
2025-01-18,STRW.TA,[3886.6995],19
2025-01-19,STRW.TA,[3918.4983],20
2025-01-20,STRW.TA,[3892.8027],21
2025-01-21,STRW.TA,[3934.7268],22
2025-01-22,STRW.TA,[3978.4568],23
2025-01-23,STRW.TA,[3964.6887],24
2025-01-24,STRW.TA,[3977.985],25
2025-01-25,STRW.TA,[4022.2117],26
2025-01-26,STRW.TA,[4071.7195],27
2025-01-27,STRW.TA,[4026.4045],28
2025-01-28,STRW.TA,[4130.709],29
2025-01-29,STRW.TA,[4193.133],30
2024-12-31,SFRN.TA,[774.67316],1
2025-01-01,SFRN.TA,[771.50964],2
2025-01-02,SFRN.TA,[790.51337],3
2025-01-03,SFRN.TA,[794.5327],4
2025-01-04,SFRN.TA,[788.30164],5
2025-01-05,SFRN.TA,[827.88245],6
2025-01-06,SFRN.TA,[836.1374],7
2025-01-07,SFRN.TA,[831.2499],8
2025-01-08,SFRN.TA,[826.5922],9
2025-01-09,SFRN.TA,[834.73755],10
2025-01-10,SFRN.TA,[834.12787],11
2025-01-11,SFRN.TA,[845.81476],12
2025-01-12,SFRN.TA,[838.2452],13
2025-01-13,SFRN.TA,[831.3882],14
2025-01-14,SFRN.TA,[834.0545],15
2025-01-15,SFRN.TA,[835.27594],16
2025-01-16,SFRN.TA,[859.1976],17
2025-01-17,SFRN.TA,[867.1597],18
2025-01-18,SFRN.TA,[856.7218],19
2025-01-19,SFRN.TA,[876.3666],20
2025-01-20,SFRN.TA,[907.97943],21
2025-01-21,SFRN.TA,[911.5183],22
2025-01-22,SFRN.TA,[950.6329],23
2025-01-23,SFRN.TA,[943.17303],24
2025-01-24,SFRN.TA,[984.4657],25
2025-01-25,SFRN.TA,[971.1732],26
2025-01-26,SFRN.TA,[955.92505],27
2025-01-27,SFRN.TA,[971.2105],28
2025-01-28,SFRN.TA,[960.28314],29
2025-01-29,SFRN.TA,[930.7162],30
2024-12-31,SMT.TA,[5606.6377],1
2025-01-01,SMT.TA,[5763.8784],2
2025-01-02,SMT.TA,[5705.53],3
2025-01-03,SMT.TA,[5610.05],4
2025-01-04,SMT.TA,[5681.5605],5
2025-01-05,SMT.TA,[5830.1406],6
2025-01-06,SMT.TA,[5924.451],7
2025-01-07,SMT.TA,[5832.4404],8
2025-01-08,SMT.TA,[5763.879],9
2025-01-09,SMT.TA,[5719.529],10
2025-01-10,SMT.TA,[5710.5825],11
2025-01-11,SMT.TA,[5914.9233],12
2025-01-12,SMT.TA,[5850.0537],13
2025-01-13,SMT.TA,[5682.526],14
2025-01-14,SMT.TA,[5883.193],15
2025-01-15,SMT.TA,[6089.793],16
2025-01-16,SMT.TA,[5740.847],17
2025-01-17,SMT.TA,[5686.3745],18
2025-01-18,SMT.TA,[5497.236],19
2025-01-19,SMT.TA,[5667.6426],20
2025-01-20,SMT.TA,[5780.4697],21
2025-01-21,SMT.TA,[5565.1597],22
2025-01-22,SMT.TA,[5790.423],23
2025-01-23,SMT.TA,[5893.1934],24
2025-01-24,SMT.TA,[5827.9995],25
2025-01-25,SMT.TA,[5953.1367],26
2025-01-26,SMT.TA,[6055.5796],27
2025-01-27,SMT.TA,[6164.2314],28
2025-01-28,SMT.TA,[6326.7437],29
2025-01-29,SMT.TA,[6299.718],30
2024-12-31,SNFL.TA,[554.24884],1
2025-01-01,SNFL.TA,[560.0679],2
2025-01-02,SNFL.TA,[561.7997],3
2025-01-03,SNFL.TA,[563.16315],4
2025-01-04,SNFL.TA,[571.37396],5
2025-01-05,SNFL.TA,[558.3199],6
2025-01-06,SNFL.TA,[556.3468],7
2025-01-07,SNFL.TA,[549.9745],8
2025-01-08,SNFL.TA,[544.22626],9
2025-01-09,SNFL.TA,[533.8526],10
2025-01-10,SNFL.TA,[515.149],11
2025-01-11,SNFL.TA,[510.0233],12
2025-01-12,SNFL.TA,[511.47293],13
2025-01-13,SNFL.TA,[508.15244],14
2025-01-14,SNFL.TA,[494.2859],15
2025-01-15,SNFL.TA,[495.51746],16
2025-01-16,SNFL.TA,[497.57288],17
2025-01-17,SNFL.TA,[489.1162],18
2025-01-18,SNFL.TA,[467.07184],19
2025-01-19,SNFL.TA,[457.62372],20
2025-01-20,SNFL.TA,[459.36777],21
2025-01-21,SNFL.TA,[457.8671],22
2025-01-22,SNFL.TA,[453.0156],23
2025-01-23,SNFL.TA,[438.95203],24
2025-01-24,SNFL.TA,[438.38248],25
2025-01-25,SNFL.TA,[433.69138],26
2025-01-26,SNFL.TA,[425.41055],27
2025-01-27,SNFL.TA,[429.02957],28
2025-01-28,SNFL.TA,[426.43225],29
2025-01-29,SNFL.TA,[429.25626],30
2024-12-31,SNCM.TA,[120.85876],1
2025-01-01,SNCM.TA,[124.1935],2
2025-01-02,SNCM.TA,[124.927246],3
2025-01-03,SNCM.TA,[124.48365],4
2025-01-04,SNCM.TA,[125.00629],5
2025-01-05,SNCM.TA,[127.32719],6
2025-01-06,SNCM.TA,[129.56668],7
2025-01-07,SNCM.TA,[134.61723],8
2025-01-08,SNCM.TA,[135.6617],9
2025-01-09,SNCM.TA,[136.89755],10
2025-01-10,SNCM.TA,[138.58554],11
2025-01-11,SNCM.TA,[135.64758],12
2025-01-12,SNCM.TA,[137.38515],13
2025-01-13,SNCM.TA,[140.14444],14
2025-01-14,SNCM.TA,[137.31207],15
2025-01-15,SNCM.TA,[140.07796],16
2025-01-16,SNCM.TA,[135.71721],17
2025-01-17,SNCM.TA,[137.03214],18
2025-01-18,SNCM.TA,[140.85007],19
2025-01-19,SNCM.TA,[142.11647],20
2025-01-20,SNCM.TA,[140.8403],21
2025-01-21,SNCM.TA,[142.0422],22
2025-01-22,SNCM.TA,[144.59964],23
2025-01-23,SNCM.TA,[145.17111],24
2025-01-24,SNCM.TA,[147.60559],25
2025-01-25,SNCM.TA,[147.89131],26
2025-01-26,SNCM.TA,[148.30899],27
2025-01-27,SNCM.TA,[154.11073],28
2025-01-28,SNCM.TA,[155.0228],29
2025-01-29,SNCM.TA,[154.87526],30
2024-12-31,STEC.TA,[1437.1453],1
2025-01-01,STEC.TA,[2821.8398],2
2025-01-02,STEC.TA,[232.00998],3
2025-01-03,STEC.TA,[188.26778],4
2025-01-04,STEC.TA,[229.75954],5
2025-01-05,STEC.TA,[246.83525],6
2025-01-06,STEC.TA,[107.890884],7
2025-01-07,STEC.TA,[32.994583],8
2025-01-08,STEC.TA,[67.922745],9
2025-01-09,STEC.TA,[81.89132],10
2025-01-10,STEC.TA,[95.872826],11
2025-01-11,STEC.TA,[95.67808],12
2025-01-12,STEC.TA,[10.919676],13
2025-01-13,STEC.TA,[-1.8045019],14
2025-01-14,STEC.TA,[-2.6827419],15
2025-01-15,STEC.TA,[-1.8031174],16
2025-01-16,STEC.TA,[-0.37888798],17
2025-01-17,STEC.TA,[-0.59081995],18
2025-01-18,STEC.TA,[-1.0193859],19
2025-01-19,STEC.TA,[-0.09448808],20
2025-01-20,STEC.TA,[0.00865413],21
2025-01-21,STEC.TA,[0.00749207],22
2025-01-22,STEC.TA,[0.0008491],23
2025-01-23,STEC.TA,[0.00069214],24
2025-01-24,STEC.TA,[0.00066273],25
2025-01-25,STEC.TA,[6.382949e-05],26
2025-01-26,STEC.TA,[8.342178e-05],27
2025-01-27,STEC.TA,[0.00015915],28
2025-01-28,STEC.TA,[1.676351e-05],29
2025-01-29,STEC.TA,[1.7554732e-05],30
2024-12-31,SNEL.TA,[1519.185],1
2025-01-01,SNEL.TA,[1521.4814],2
2025-01-02,SNEL.TA,[1510.4379],3
2025-01-03,SNEL.TA,[1548.0304],4
2025-01-04,SNEL.TA,[1533.5619],5
2025-01-05,SNEL.TA,[1525.8373],6
2025-01-06,SNEL.TA,[1541.9924],7
2025-01-07,SNEL.TA,[1575.4741],8
2025-01-08,SNEL.TA,[1515.0753],9
2025-01-09,SNEL.TA,[1522.5111],10
2025-01-10,SNEL.TA,[1522.8892],11
2025-01-11,SNEL.TA,[1500.3569],12
2025-01-12,SNEL.TA,[1496.4011],13
2025-01-13,SNEL.TA,[1484.0013],14
2025-01-14,SNEL.TA,[1510.9316],15
2025-01-15,SNEL.TA,[1519.5018],16
2025-01-16,SNEL.TA,[1533.3551],17
2025-01-17,SNEL.TA,[1524.0845],18
2025-01-18,SNEL.TA,[1522.9974],19
2025-01-19,SNEL.TA,[1539.0767],20
2025-01-20,SNEL.TA,[1557.3644],21
2025-01-21,SNEL.TA,[1543.1173],22
2025-01-22,SNEL.TA,[1477.1781],23
2025-01-23,SNEL.TA,[1482.8763],24
2025-01-24,SNEL.TA,[1451.0577],25
2025-01-25,SNEL.TA,[1447.1882],26
2025-01-26,SNEL.TA,[1436.131],27
2025-01-27,SNEL.TA,[1414.758],28
2025-01-28,SNEL.TA,[1425.0532],29
2025-01-29,SNEL.TA,[1475.6544],30
2024-12-31,TDRN.TA,[25607.162],1
2025-01-01,TDRN.TA,[25332.227],2
2025-01-02,TDRN.TA,[24683.26],3
2025-01-03,TDRN.TA,[24436.012],4
2025-01-04,TDRN.TA,[23846.45],5
2025-01-05,TDRN.TA,[23976.574],6
2025-01-06,TDRN.TA,[23831.014],7
2025-01-07,TDRN.TA,[22976.049],8
2025-01-08,TDRN.TA,[23432.7],9
2025-01-09,TDRN.TA,[23538.234],10
2025-01-10,TDRN.TA,[22273.38],11
2025-01-11,TDRN.TA,[23498.979],12
2025-01-12,TDRN.TA,[23033.383],13
2025-01-13,TDRN.TA,[22731.984],14
2025-01-14,TDRN.TA,[22898.484],15
2025-01-15,TDRN.TA,[22462.576],16
2025-01-16,TDRN.TA,[21191.],17
2025-01-17,TDRN.TA,[20077.93],18
2025-01-18,TDRN.TA,[20427.81],19
2025-01-19,TDRN.TA,[20775.488],20
2025-01-20,TDRN.TA,[20235.328],21
2025-01-21,TDRN.TA,[19085.814],22
2025-01-22,TDRN.TA,[18856.713],23
2025-01-23,TDRN.TA,[18131.15],24
2025-01-24,TDRN.TA,[18703.8],25
2025-01-25,TDRN.TA,[16933.387],26
2025-01-26,TDRN.TA,[16906.89],27
2025-01-27,TDRN.TA,[17011.736],28
2025-01-28,TDRN.TA,[16055.234],29
2025-01-29,TDRN.TA,[16898.6],30
2024-12-31,TMRP.TA,[2233.1519],1
2025-01-01,TMRP.TA,[2160.8853],2
2025-01-02,TMRP.TA,[2163.933],3
2025-01-03,TMRP.TA,[2242.0625],4
2025-01-04,TMRP.TA,[2200.6335],5
2025-01-05,TMRP.TA,[2152.934],6
2025-01-06,TMRP.TA,[2174.5151],7
2025-01-07,TMRP.TA,[2128.4355],8
2025-01-08,TMRP.TA,[2105.5034],9
2025-01-09,TMRP.TA,[2064.4663],10
2025-01-10,TMRP.TA,[2089.9045],11
2025-01-11,TMRP.TA,[2060.6626],12
2025-01-12,TMRP.TA,[2090.4148],13
2025-01-13,TMRP.TA,[2071.401],14
2025-01-14,TMRP.TA,[2074.95],15
2025-01-15,TMRP.TA,[2054.0276],16
2025-01-16,TMRP.TA,[2090.741],17
2025-01-17,TMRP.TA,[2142.2183],18
2025-01-18,TMRP.TA,[2163.6926],19
2025-01-19,TMRP.TA,[2208.138],20
2025-01-20,TMRP.TA,[2200.0525],21
2025-01-21,TMRP.TA,[2214.7798],22
2025-01-22,TMRP.TA,[2257.8901],23
2025-01-23,TMRP.TA,[2209.3752],24
2025-01-24,TMRP.TA,[2225.6404],25
2025-01-25,TMRP.TA,[2187.3035],26
2025-01-26,TMRP.TA,[2183.2063],27
2025-01-27,TMRP.TA,[2219.6733],28
2025-01-28,TMRP.TA,[2264.742],29
2025-01-29,TMRP.TA,[2224.836],30
2024-12-31,TRA.TA,[42.79965],1
2025-01-01,TRA.TA,[42.025097],2
2025-01-02,TRA.TA,[42.14664],3
2025-01-03,TRA.TA,[42.513477],4
2025-01-04,TRA.TA,[43.610077],5
2025-01-05,TRA.TA,[43.66593],6
2025-01-06,TRA.TA,[43.502655],7
2025-01-07,TRA.TA,[42.643337],8
2025-01-08,TRA.TA,[42.046726],9
2025-01-09,TRA.TA,[43.38987],10
2025-01-10,TRA.TA,[44.60689],11
2025-01-11,TRA.TA,[43.88795],12
2025-01-12,TRA.TA,[44.0619],13
2025-01-13,TRA.TA,[45.312595],14
2025-01-14,TRA.TA,[45.42531],15
2025-01-15,TRA.TA,[42.30939],16
2025-01-16,TRA.TA,[42.216137],17
2025-01-17,TRA.TA,[42.04061],18
2025-01-18,TRA.TA,[42.84277],19
2025-01-19,TRA.TA,[43.797695],20
2025-01-20,TRA.TA,[44.085022],21
2025-01-21,TRA.TA,[45.05255],22
2025-01-22,TRA.TA,[45.621452],23
2025-01-23,TRA.TA,[47.20001],24
2025-01-24,TRA.TA,[49.05937],25
2025-01-25,TRA.TA,[49.233772],26
2025-01-26,TRA.TA,[48.76468],27
2025-01-27,TRA.TA,[50.57158],28
2025-01-28,TRA.TA,[50.672745],29
2025-01-29,TRA.TA,[49.221104],30
2024-12-31,TATT.TA,[8201.771],1
2025-01-01,TATT.TA,[8657.946],2
2025-01-02,TATT.TA,[8610.236],3
2025-01-03,TATT.TA,[8207.133],4
2025-01-04,TATT.TA,[8448.749],5
2025-01-05,TATT.TA,[8460.424],6
2025-01-06,TATT.TA,[8197.809],7
2025-01-07,TATT.TA,[8233.443],8
2025-01-08,TATT.TA,[8039.064],9
2025-01-09,TATT.TA,[7796.269],10
2025-01-10,TATT.TA,[7987.145],11
2025-01-11,TATT.TA,[7717.1084],12
2025-01-12,TATT.TA,[7776.4424],13
2025-01-13,TATT.TA,[7641.154],14
2025-01-14,TATT.TA,[7371.7095],15
2025-01-15,TATT.TA,[7252.242],16
2025-01-16,TATT.TA,[7148.0024],17
2025-01-17,TATT.TA,[7635.0605],18
2025-01-18,TATT.TA,[7959.3213],19
2025-01-19,TATT.TA,[7877.4653],20
2025-01-20,TATT.TA,[7966.826],21
2025-01-21,TATT.TA,[7724.6],22
2025-01-22,TATT.TA,[7599.457],23
2025-01-23,TATT.TA,[7595.925],24
2025-01-24,TATT.TA,[7572.7397],25
2025-01-25,TATT.TA,[7374.823],26
2025-01-26,TATT.TA,[7341.8813],27
2025-01-27,TATT.TA,[7519.7954],28
2025-01-28,TATT.TA,[7658.542],29
2025-01-29,TATT.TA,[7664.281],30
2024-12-31,TAYA.TA,[6647.733],1
2025-01-01,TAYA.TA,[6633.792],2
2025-01-02,TAYA.TA,[6632.2554],3
2025-01-03,TAYA.TA,[6796.8984],4
2025-01-04,TAYA.TA,[6878.398],5
2025-01-05,TAYA.TA,[6816.432],6
2025-01-06,TAYA.TA,[6826.982],7
2025-01-07,TAYA.TA,[6720.9478],8
2025-01-08,TAYA.TA,[6757.1587],9
2025-01-09,TAYA.TA,[6693.2954],10
2025-01-10,TAYA.TA,[6759.202],11
2025-01-11,TAYA.TA,[6807.75],12
2025-01-12,TAYA.TA,[6782.334],13
2025-01-13,TAYA.TA,[6838.6797],14
2025-01-14,TAYA.TA,[6964.263],15
2025-01-15,TAYA.TA,[6988.6787],16
2025-01-16,TAYA.TA,[6991.7554],17
2025-01-17,TAYA.TA,[6998.67],18
2025-01-18,TAYA.TA,[7002.3843],19
2025-01-19,TAYA.TA,[7151.846],20
2025-01-20,TAYA.TA,[7084.809],21
2025-01-21,TAYA.TA,[7049.0635],22
2025-01-22,TAYA.TA,[7007.9805],23
2025-01-23,TAYA.TA,[6989.483],24
2025-01-24,TAYA.TA,[6973.778],25
2025-01-25,TAYA.TA,[6865.226],26
2025-01-26,TAYA.TA,[6845.3193],27
2025-01-27,TAYA.TA,[6883.687],28
2025-01-28,TAYA.TA,[6853.6357],29
2025-01-29,TAYA.TA,[6679.9854],30
2024-12-31,TNPV.TA,[1126.6008],1
2025-01-01,TNPV.TA,[1439.5763],2
2025-01-02,TNPV.TA,[343.9421],3
2025-01-03,TNPV.TA,[-107.97146],4
2025-01-04,TNPV.TA,[-36.091915],5
2025-01-05,TNPV.TA,[-30.900942],6
2025-01-06,TNPV.TA,[-68.01879],7
2025-01-07,TNPV.TA,[-78.63745],8
2025-01-08,TNPV.TA,[-20.044092],9
2025-01-09,TNPV.TA,[-20.465837],10
2025-01-10,TNPV.TA,[-10.410618],11
2025-01-11,TNPV.TA,[-3.932403],12
2025-01-12,TNPV.TA,[-5.9617453],13
2025-01-13,TNPV.TA,[-12.592558],14
2025-01-14,TNPV.TA,[-17.05843],15
2025-01-15,TNPV.TA,[-29.398506],16
2025-01-16,TNPV.TA,[-35.97011],17
2025-01-17,TNPV.TA,[-56.088703],18
2025-01-18,TNPV.TA,[-11.191558],19
2025-01-19,TNPV.TA,[-8.970278],20
2025-01-20,TNPV.TA,[5.905716],21
2025-01-21,TNPV.TA,[8.521938],22
2025-01-22,TNPV.TA,[10.855411],23
2025-01-23,TNPV.TA,[12.550198],24
2025-01-24,TNPV.TA,[14.470922],25
2025-01-25,TNPV.TA,[-0.11979743],26
2025-01-26,TNPV.TA,[-0.13520555],27
2025-01-27,TNPV.TA,[-0.16593565],28
2025-01-28,TNPV.TA,[-0.23226845],29
2025-01-29,TNPV.TA,[-0.18676463],30
2024-12-31,TECT.TA,[450.24405],1
2025-01-01,TECT.TA,[433.8246],2
2025-01-02,TECT.TA,[460.2704],3
2025-01-03,TECT.TA,[477.95413],4
2025-01-04,TECT.TA,[456.70654],5
2025-01-05,TECT.TA,[450.71426],6
2025-01-06,TECT.TA,[449.54205],7
2025-01-07,TECT.TA,[455.2993],8
2025-01-08,TECT.TA,[451.97348],9
2025-01-09,TECT.TA,[422.96066],10
2025-01-10,TECT.TA,[429.50568],11
2025-01-11,TECT.TA,[416.70807],12
2025-01-12,TECT.TA,[436.0566],13
2025-01-13,TECT.TA,[427.1124],14
2025-01-14,TECT.TA,[462.1958],15
2025-01-15,TECT.TA,[460.6026],16
2025-01-16,TECT.TA,[455.25674],17
2025-01-17,TECT.TA,[414.6346],18
2025-01-18,TECT.TA,[449.3057],19
2025-01-19,TECT.TA,[441.4479],20
2025-01-20,TECT.TA,[435.47055],21
2025-01-21,TECT.TA,[460.87137],22
2025-01-22,TECT.TA,[486.37924],23
2025-01-23,TECT.TA,[456.4323],24
2025-01-24,TECT.TA,[437.2288],25
2025-01-25,TECT.TA,[449.97186],26
2025-01-26,TECT.TA,[451.06577],27
2025-01-27,TECT.TA,[463.81653],28
2025-01-28,TECT.TA,[476.74197],29
2025-01-29,TECT.TA,[483.0946],30
2024-12-31,TEDE.TA,[327.46906],1
2025-01-01,TEDE.TA,[473.4419],2
2025-01-02,TEDE.TA,[597.0205],3
2025-01-03,TEDE.TA,[503.4097],4
2025-01-04,TEDE.TA,[585.2245],5
2025-01-05,TEDE.TA,[525.1585],6
2025-01-06,TEDE.TA,[328.41022],7
2025-01-07,TEDE.TA,[332.7047],8
2025-01-08,TEDE.TA,[334.2348],9
2025-01-09,TEDE.TA,[215.39081],10
2025-01-10,TEDE.TA,[151.88048],11
2025-01-11,TEDE.TA,[74.29758],12
2025-01-12,TEDE.TA,[75.0651],13
2025-01-13,TEDE.TA,[20.880943],14
2025-01-14,TEDE.TA,[21.35908],15
2025-01-15,TEDE.TA,[14.729778],16
2025-01-16,TEDE.TA,[19.679077],17
2025-01-17,TEDE.TA,[15.148651],18
2025-01-18,TEDE.TA,[6.222069],19
2025-01-19,TEDE.TA,[5.117376],20
2025-01-20,TEDE.TA,[5.7284594],21
2025-01-21,TEDE.TA,[5.690817],22
2025-01-22,TEDE.TA,[5.14579],23
2025-01-23,TEDE.TA,[5.026856],24
2025-01-24,TEDE.TA,[5.7818327],25
2025-01-25,TEDE.TA,[7.1765428],26
2025-01-26,TEDE.TA,[7.410009],27
2025-01-27,TEDE.TA,[7.32936],28
2025-01-28,TEDE.TA,[5.2348413],29
2025-01-29,TEDE.TA,[3.9246924],30
2024-12-31,TFRLF.TA,[3099.7432],1
2025-01-01,TFRLF.TA,[3106.8745],2
2025-01-02,TFRLF.TA,[3115.351],3
2025-01-03,TFRLF.TA,[3092.982],4
2025-01-04,TFRLF.TA,[3122.7573],5
2025-01-05,TFRLF.TA,[3135.486],6
2025-01-06,TFRLF.TA,[3083.4302],7
2025-01-07,TFRLF.TA,[3079.6794],8
2025-01-08,TFRLF.TA,[3104.5378],9
2025-01-09,TFRLF.TA,[3148.9072],10
2025-01-10,TFRLF.TA,[3202.4463],11
2025-01-11,TFRLF.TA,[3205.4216],12
2025-01-12,TFRLF.TA,[3244.576],13
2025-01-13,TFRLF.TA,[3273.4902],14
2025-01-14,TFRLF.TA,[3282.3386],15
2025-01-15,TFRLF.TA,[3348.3206],16
2025-01-16,TFRLF.TA,[3342.0962],17
2025-01-17,TFRLF.TA,[3412.927],18
2025-01-18,TFRLF.TA,[3437.1482],19
2025-01-19,TFRLF.TA,[3436.1323],20
2025-01-20,TFRLF.TA,[3473.365],21
2025-01-21,TFRLF.TA,[3541.3848],22
2025-01-22,TFRLF.TA,[3558.344],23
2025-01-23,TFRLF.TA,[3568.6582],24
2025-01-24,TFRLF.TA,[3535.028],25
2025-01-25,TFRLF.TA,[3567.5566],26
2025-01-26,TFRLF.TA,[3503.0613],27
2025-01-27,TFRLF.TA,[3451.7117],28
2025-01-28,TFRLF.TA,[3403.6907],29
2025-01-29,TFRLF.TA,[3435.917],30
2024-12-31,TLSY.TA,[18356.305],1
2025-01-01,TLSY.TA,[18398.482],2
2025-01-02,TLSY.TA,[18316.885],3
2025-01-03,TLSY.TA,[17994.441],4
2025-01-04,TLSY.TA,[18091.984],5
2025-01-05,TLSY.TA,[18511.736],6
2025-01-06,TLSY.TA,[18506.584],7
2025-01-07,TLSY.TA,[18152.53],8
2025-01-08,TLSY.TA,[17618.645],9
2025-01-09,TLSY.TA,[17604.29],10
2025-01-10,TLSY.TA,[17949.666],11
2025-01-11,TLSY.TA,[17396.227],12
2025-01-12,TLSY.TA,[17590.309],13
2025-01-13,TLSY.TA,[17885.729],14
2025-01-14,TLSY.TA,[17682.738],15
2025-01-15,TLSY.TA,[16749.012],16
2025-01-16,TLSY.TA,[16910.143],17
2025-01-17,TLSY.TA,[16573.287],18
2025-01-18,TLSY.TA,[16886.523],19
2025-01-19,TLSY.TA,[17114.904],20
2025-01-20,TLSY.TA,[17259.902],21
2025-01-21,TLSY.TA,[17406.361],22
2025-01-22,TLSY.TA,[17747.967],23
2025-01-23,TLSY.TA,[18413.445],24
2025-01-24,TLSY.TA,[18821.695],25
2025-01-25,TLSY.TA,[18170.969],26
2025-01-26,TLSY.TA,[18029.86],27
2025-01-27,TLSY.TA,[17795.7],28
2025-01-28,TLSY.TA,[17788.33],29
2025-01-29,TLSY.TA,[17394.01],30
2024-12-31,TRLT.TA,[653.28766],1
2025-01-01,TRLT.TA,[653.69354],2
2025-01-02,TRLT.TA,[664.7375],3
2025-01-03,TRLT.TA,[669.6029],4
2025-01-04,TRLT.TA,[683.8121],5
2025-01-05,TRLT.TA,[684.7464],6
2025-01-06,TRLT.TA,[692.40466],7
2025-01-07,TRLT.TA,[705.1235],8
2025-01-08,TRLT.TA,[705.48724],9
2025-01-09,TRLT.TA,[710.3398],10
2025-01-10,TRLT.TA,[719.80066],11
2025-01-11,TRLT.TA,[725.4735],12
2025-01-12,TRLT.TA,[739.5111],13
2025-01-13,TRLT.TA,[739.8236],14
2025-01-14,TRLT.TA,[756.0944],15
2025-01-15,TRLT.TA,[761.2414],16
2025-01-16,TRLT.TA,[756.6924],17
2025-01-17,TRLT.TA,[765.5446],18
2025-01-18,TRLT.TA,[754.5316],19
2025-01-19,TRLT.TA,[754.4459],20
2025-01-20,TRLT.TA,[756.55206],21
2025-01-21,TRLT.TA,[752.57874],22
2025-01-22,TRLT.TA,[742.76276],23
2025-01-23,TRLT.TA,[738.2799],24
2025-01-24,TRLT.TA,[749.7037],25
2025-01-25,TRLT.TA,[741.2713],26
2025-01-26,TRLT.TA,[749.30383],27
2025-01-27,TRLT.TA,[747.99023],28
2025-01-28,TRLT.TA,[746.35345],29
2025-01-29,TRLT.TA,[740.4135],30
2024-12-31,TRX.TA,[512.3082],1
2025-01-01,TRX.TA,[538.24493],2
2025-01-02,TRX.TA,[575.5386],3
2025-01-03,TRX.TA,[610.75586],4
2025-01-04,TRX.TA,[575.91455],5
2025-01-05,TRX.TA,[540.62506],6
2025-01-06,TRX.TA,[563.35425],7
2025-01-07,TRX.TA,[568.4856],8
2025-01-08,TRX.TA,[534.4116],9
2025-01-09,TRX.TA,[511.7667],10
2025-01-10,TRX.TA,[496.05795],11
2025-01-11,TRX.TA,[501.0863],12
2025-01-12,TRX.TA,[477.85724],13
2025-01-13,TRX.TA,[501.06802],14
2025-01-14,TRX.TA,[517.74524],15
2025-01-15,TRX.TA,[556.6949],16
2025-01-16,TRX.TA,[581.7562],17
2025-01-17,TRX.TA,[603.15765],18
2025-01-18,TRX.TA,[624.4583],19
2025-01-19,TRX.TA,[645.4424],20
2025-01-20,TRX.TA,[662.88],21
2025-01-21,TRX.TA,[619.4031],22
2025-01-22,TRX.TA,[577.55286],23
2025-01-23,TRX.TA,[565.7332],24
2025-01-24,TRX.TA,[585.95966],25
2025-01-25,TRX.TA,[527.6388],26
2025-01-26,TRX.TA,[547.9489],27
2025-01-27,TRX.TA,[585.61554],28
2025-01-28,TRX.TA,[598.75073],29
2025-01-29,TRX.TA,[686.84296],30
2024-12-31,TUZA.TA,[39.458973],1
2025-01-01,TUZA.TA,[40.478764],2
2025-01-02,TUZA.TA,[40.855076],3
2025-01-03,TUZA.TA,[41.054302],4
2025-01-04,TUZA.TA,[39.002605],5
2025-01-05,TUZA.TA,[37.571827],6
2025-01-06,TUZA.TA,[37.942654],7
2025-01-07,TUZA.TA,[38.071514],8
2025-01-08,TUZA.TA,[40.509438],9
2025-01-09,TUZA.TA,[40.116035],10
2025-01-10,TUZA.TA,[40.42169],11
2025-01-11,TUZA.TA,[41.691788],12
2025-01-12,TUZA.TA,[40.34603],13
2025-01-13,TUZA.TA,[41.020565],14
2025-01-14,TUZA.TA,[40.469917],15
2025-01-15,TUZA.TA,[40.015938],16
2025-01-16,TUZA.TA,[42.378952],17
2025-01-17,TUZA.TA,[41.333344],18
2025-01-18,TUZA.TA,[42.011356],19
2025-01-19,TUZA.TA,[42.549664],20
2025-01-20,TUZA.TA,[41.927128],21
2025-01-21,TUZA.TA,[42.148853],22
2025-01-22,TUZA.TA,[42.037216],23
2025-01-23,TUZA.TA,[41.578995],24
2025-01-24,TUZA.TA,[41.981953],25
2025-01-25,TUZA.TA,[41.078712],26
2025-01-26,TUZA.TA,[39.591812],27
2025-01-27,TUZA.TA,[38.997406],28
2025-01-28,TUZA.TA,[39.25001],29
2025-01-29,TUZA.TA,[38.04392],30
2024-12-31,TEVA.TA,[7472.344],1
2025-01-01,TEVA.TA,[7487.0063],2
2025-01-02,TEVA.TA,[7429.3315],3
2025-01-03,TEVA.TA,[7321.9277],4
2025-01-04,TEVA.TA,[7257.769],5
2025-01-05,TEVA.TA,[7261.254],6
2025-01-06,TEVA.TA,[7232.7656],7
2025-01-07,TEVA.TA,[7165.4863],8
2025-01-08,TEVA.TA,[7202.7905],9
2025-01-09,TEVA.TA,[6942.2207],10
2025-01-10,TEVA.TA,[6997.142],11
2025-01-11,TEVA.TA,[7172.149],12
2025-01-12,TEVA.TA,[7099.519],13
2025-01-13,TEVA.TA,[7382.413],14
2025-01-14,TEVA.TA,[7352.7676],15
2025-01-15,TEVA.TA,[7361.8438],16
2025-01-16,TEVA.TA,[7529.494],17
2025-01-17,TEVA.TA,[7389.7593],18
2025-01-18,TEVA.TA,[7737.3013],19
2025-01-19,TEVA.TA,[8076.2256],20
2025-01-20,TEVA.TA,[7908.0396],21
2025-01-21,TEVA.TA,[7898.761],22
2025-01-22,TEVA.TA,[8153.026],23
2025-01-23,TEVA.TA,[8176.792],24
2025-01-24,TEVA.TA,[8243.25],25
2025-01-25,TEVA.TA,[7950.446],26
2025-01-26,TEVA.TA,[8246.398],27
2025-01-27,TEVA.TA,[8071.9165],28
2025-01-28,TEVA.TA,[8131.114],29
2025-01-29,TEVA.TA,[8245.017],30
2024-12-31,TGI.TA,[180.93884],1
2025-01-01,TGI.TA,[186.01201],2
2025-01-02,TGI.TA,[177.8971],3
2025-01-03,TGI.TA,[174.7823],4
2025-01-04,TGI.TA,[173.62737],5
2025-01-05,TGI.TA,[173.02612],6
2025-01-06,TGI.TA,[171.28659],7
2025-01-07,TGI.TA,[170.70941],8
2025-01-08,TGI.TA,[172.27963],9
2025-01-09,TGI.TA,[170.58699],10
2025-01-10,TGI.TA,[171.87073],11
2025-01-11,TGI.TA,[172.42023],12
2025-01-12,TGI.TA,[173.02386],13
2025-01-13,TGI.TA,[172.82674],14
2025-01-14,TGI.TA,[167.26608],15
2025-01-15,TGI.TA,[166.30743],16
2025-01-16,TGI.TA,[162.90292],17
2025-01-17,TGI.TA,[163.5367],18
2025-01-18,TGI.TA,[165.98415],19
2025-01-19,TGI.TA,[166.56306],20
2025-01-20,TGI.TA,[167.32738],21
2025-01-21,TGI.TA,[172.23203],22
2025-01-22,TGI.TA,[171.64815],23
2025-01-23,TGI.TA,[168.21559],24
2025-01-24,TGI.TA,[167.72018],25
2025-01-25,TGI.TA,[167.01398],26
2025-01-26,TGI.TA,[167.86023],27
2025-01-27,TGI.TA,[168.049],28
2025-01-28,TGI.TA,[165.45963],29
2025-01-29,TGI.TA,[169.40628],30
2024-12-31,ILCO.TA,[91820.86],1
2025-01-01,ILCO.TA,[94547.47],2
2025-01-02,ILCO.TA,[90553.89],3
2025-01-03,ILCO.TA,[87522.336],4
2025-01-04,ILCO.TA,[86121.36],5
2025-01-05,ILCO.TA,[82781.414],6
2025-01-06,ILCO.TA,[83459.336],7
2025-01-07,ILCO.TA,[83290.984],8
2025-01-08,ILCO.TA,[86862.32],9
2025-01-09,ILCO.TA,[86881.51],10
2025-01-10,ILCO.TA,[86311.39],11
2025-01-11,ILCO.TA,[87752.125],12
2025-01-12,ILCO.TA,[89101.086],13
2025-01-13,ILCO.TA,[94897.74],14
2025-01-14,ILCO.TA,[95408.58],15
2025-01-15,ILCO.TA,[94432.01],16
2025-01-16,ILCO.TA,[90980.62],17
2025-01-17,ILCO.TA,[88872.27],18
2025-01-18,ILCO.TA,[92159.14],19
2025-01-19,ILCO.TA,[92471.66],20
2025-01-20,ILCO.TA,[95668.445],21
2025-01-21,ILCO.TA,[96921.28],22
2025-01-22,ILCO.TA,[95902.63],23
2025-01-23,ILCO.TA,[95841.12],24
2025-01-24,ILCO.TA,[96665.92],25
2025-01-25,ILCO.TA,[99758.93],26
2025-01-26,ILCO.TA,[100517.89],27
2025-01-27,ILCO.TA,[95500.91],28
2025-01-28,ILCO.TA,[96411.57],29
2025-01-29,ILCO.TA,[96506.37],30
2024-12-31,TMIS.TA,[1506.3933],1
2025-01-01,TMIS.TA,[1647.9662],2
2025-01-02,TMIS.TA,[1749.8219],3
2025-01-03,TMIS.TA,[1712.2935],4
2025-01-04,TMIS.TA,[1708.9696],5
2025-01-05,TMIS.TA,[1766.2726],6
2025-01-06,TMIS.TA,[1671.729],7
2025-01-07,TMIS.TA,[1636.2451],8
2025-01-08,TMIS.TA,[1655.4849],9
2025-01-09,TMIS.TA,[1662.9736],10
2025-01-10,TMIS.TA,[1672.6138],11
2025-01-11,TMIS.TA,[1592.2008],12
2025-01-12,TMIS.TA,[1659.0496],13
2025-01-13,TMIS.TA,[1644.3718],14
2025-01-14,TMIS.TA,[1683.4867],15
2025-01-15,TMIS.TA,[1590.9215],16
2025-01-16,TMIS.TA,[1434.3896],17
2025-01-17,TMIS.TA,[1330.099],18
2025-01-18,TMIS.TA,[1296.3126],19
2025-01-19,TMIS.TA,[1176.4698],20
2025-01-20,TMIS.TA,[1178.9753],21
2025-01-21,TMIS.TA,[1129.9645],22
2025-01-22,TMIS.TA,[1159.3497],23
2025-01-23,TMIS.TA,[1075.0605],24
2025-01-24,TMIS.TA,[1037.3816],25
2025-01-25,TMIS.TA,[1102.9817],26
2025-01-26,TMIS.TA,[1041.4274],27
2025-01-27,TMIS.TA,[1053.6191],28
2025-01-28,TMIS.TA,[1059.9054],29
2025-01-29,TMIS.TA,[980.2453],30
2024-12-31,THES.TA,[317.00702],1
2025-01-01,THES.TA,[365.4433],2
2025-01-02,THES.TA,[370.13385],3
2025-01-03,THES.TA,[424.95227],4
2025-01-04,THES.TA,[421.39746],5
2025-01-05,THES.TA,[429.17386],6
2025-01-06,THES.TA,[440.3079],7
2025-01-07,THES.TA,[425.92038],8
2025-01-08,THES.TA,[419.7367],9
2025-01-09,THES.TA,[397.88184],10
2025-01-10,THES.TA,[375.8993],11
2025-01-11,THES.TA,[375.83057],12
2025-01-12,THES.TA,[382.857],13
2025-01-13,THES.TA,[363.52698],14
2025-01-14,THES.TA,[360.39255],15
2025-01-15,THES.TA,[354.36282],16
2025-01-16,THES.TA,[309.66888],17
2025-01-17,THES.TA,[293.60056],18
2025-01-18,THES.TA,[292.39438],19
2025-01-19,THES.TA,[294.65576],20
2025-01-20,THES.TA,[301.33545],21
2025-01-21,THES.TA,[318.36255],22
2025-01-22,THES.TA,[325.46902],23
2025-01-23,THES.TA,[310.9082],24
2025-01-24,THES.TA,[304.83432],25
2025-01-25,THES.TA,[328.1778],26
2025-01-26,THES.TA,[314.2445],27
2025-01-27,THES.TA,[318.1869],28
2025-01-28,THES.TA,[314.74646],29
2025-01-29,THES.TA,[296.89316],30
2024-12-31,TIGBUR.TA,[5420.6323],1
2025-01-01,TIGBUR.TA,[5490.406],2
2025-01-02,TIGBUR.TA,[5443.9653],3
2025-01-03,TIGBUR.TA,[5508.427],4
2025-01-04,TIGBUR.TA,[5604.879],5
2025-01-05,TIGBUR.TA,[5467.5796],6
2025-01-06,TIGBUR.TA,[5530.875],7
2025-01-07,TIGBUR.TA,[5539.9136],8
2025-01-08,TIGBUR.TA,[5551.1543],9
2025-01-09,TIGBUR.TA,[5552.9165],10
2025-01-10,TIGBUR.TA,[5562.957],11
2025-01-11,TIGBUR.TA,[5532.394],12
2025-01-12,TIGBUR.TA,[5581.8423],13
2025-01-13,TIGBUR.TA,[5575.8364],14
2025-01-14,TIGBUR.TA,[5627.396],15
2025-01-15,TIGBUR.TA,[5654.152],16
2025-01-16,TIGBUR.TA,[5624.6333],17
2025-01-17,TIGBUR.TA,[5591.8354],18
2025-01-18,TIGBUR.TA,[5640.1323],19
2025-01-19,TIGBUR.TA,[5605.4956],20
2025-01-20,TIGBUR.TA,[5629.686],21
2025-01-21,TIGBUR.TA,[5643.3438],22
2025-01-22,TIGBUR.TA,[5726.8013],23
2025-01-23,TIGBUR.TA,[5741.5063],24
2025-01-24,TIGBUR.TA,[5529.571],25
2025-01-25,TIGBUR.TA,[5634.863],26
2025-01-26,TIGBUR.TA,[5639.594],27
2025-01-27,TIGBUR.TA,[5662.1865],28
2025-01-28,TIGBUR.TA,[5767.5425],29
2025-01-29,TIGBUR.TA,[5775.315],30
2024-12-31,TIGI.TA,[794.46674],1
2025-01-01,TIGI.TA,[793.351],2
2025-01-02,TIGI.TA,[809.9629],3
2025-01-03,TIGI.TA,[773.14417],4
2025-01-04,TIGI.TA,[804.999],5
2025-01-05,TIGI.TA,[739.1245],6
2025-01-06,TIGI.TA,[814.3826],7
2025-01-07,TIGI.TA,[904.0251],8
2025-01-08,TIGI.TA,[936.5173],9
2025-01-09,TIGI.TA,[1006.73956],10
2025-01-10,TIGI.TA,[911.2527],11
2025-01-11,TIGI.TA,[863.297],12
2025-01-12,TIGI.TA,[869.2992],13
2025-01-13,TIGI.TA,[887.52106],14
2025-01-14,TIGI.TA,[884.08026],15
2025-01-15,TIGI.TA,[823.5419],16
2025-01-16,TIGI.TA,[811.15314],17
2025-01-17,TIGI.TA,[762.66003],18
2025-01-18,TIGI.TA,[725.39716],19
2025-01-19,TIGI.TA,[696.4202],20
2025-01-20,TIGI.TA,[778.71356],21
2025-01-21,TIGI.TA,[762.04663],22
2025-01-22,TIGI.TA,[772.18835],23
2025-01-23,TIGI.TA,[809.1145],24
2025-01-24,TIGI.TA,[861.66254],25
2025-01-25,TIGI.TA,[902.40106],26
2025-01-26,TIGI.TA,[1005.2003],27
2025-01-27,TIGI.TA,[1094.7411],28
2025-01-28,TIGI.TA,[1217.9829],29
2025-01-29,TIGI.TA,[1141.4465],30
2024-12-31,TKUN.TA,[38.44538],1
2025-01-01,TKUN.TA,[39.647633],2
2025-01-02,TKUN.TA,[42.12878],3
2025-01-03,TKUN.TA,[35.554024],4
2025-01-04,TKUN.TA,[33.394424],5
2025-01-05,TKUN.TA,[32.37601],6
2025-01-06,TKUN.TA,[31.99998],7
2025-01-07,TKUN.TA,[36.866516],8
2025-01-08,TKUN.TA,[29.957417],9
2025-01-09,TKUN.TA,[27.757187],10
2025-01-10,TKUN.TA,[23.502344],11
2025-01-11,TKUN.TA,[24.91038],12
2025-01-12,TKUN.TA,[25.384438],13
2025-01-13,TKUN.TA,[25.85259],14
2025-01-14,TKUN.TA,[25.195528],15
2025-01-15,TKUN.TA,[24.399021],16
2025-01-16,TKUN.TA,[26.03996],17
2025-01-17,TKUN.TA,[27.406885],18
2025-01-18,TKUN.TA,[30.429491],19
2025-01-19,TKUN.TA,[28.200338],20
2025-01-20,TKUN.TA,[28.187365],21
2025-01-21,TKUN.TA,[27.269766],22
2025-01-22,TKUN.TA,[27.792772],23
2025-01-23,TKUN.TA,[27.631714],24
2025-01-24,TKUN.TA,[26.853134],25
2025-01-25,TKUN.TA,[32.114376],26
2025-01-26,TKUN.TA,[29.354708],27
2025-01-27,TKUN.TA,[32.58567],28
2025-01-28,TKUN.TA,[37.68469],29
2025-01-29,TKUN.TA,[37.363422],30
2024-12-31,TTAM.TA,[632.9559],1
2025-01-01,TTAM.TA,[622.46075],2
2025-01-02,TTAM.TA,[620.94366],3
2025-01-03,TTAM.TA,[630.45514],4
2025-01-04,TTAM.TA,[625.6683],5
2025-01-05,TTAM.TA,[613.99005],6
2025-01-06,TTAM.TA,[619.4032],7
2025-01-07,TTAM.TA,[611.63245],8
2025-01-08,TTAM.TA,[620.12103],9
2025-01-09,TTAM.TA,[656.2203],10
2025-01-10,TTAM.TA,[657.5945],11
2025-01-11,TTAM.TA,[660.64764],12
2025-01-12,TTAM.TA,[663.81366],13
2025-01-13,TTAM.TA,[672.4069],14
2025-01-14,TTAM.TA,[678.5907],15
2025-01-15,TTAM.TA,[675.1966],16
2025-01-16,TTAM.TA,[663.92303],17
2025-01-17,TTAM.TA,[677.1251],18
2025-01-18,TTAM.TA,[681.9781],19
2025-01-19,TTAM.TA,[694.002],20
2025-01-20,TTAM.TA,[672.2498],21
2025-01-21,TTAM.TA,[692.16736],22
2025-01-22,TTAM.TA,[726.3403],23
2025-01-23,TTAM.TA,[716.9583],24
2025-01-24,TTAM.TA,[695.60034],25
2025-01-25,TTAM.TA,[683.4499],26
2025-01-26,TTAM.TA,[707.7479],27
2025-01-27,TTAM.TA,[731.0749],28
2025-01-28,TTAM.TA,[745.6616],29
2025-01-29,TTAM.TA,[760.9952],30
2024-12-31,TGTR.TA,[394.66696],1
2025-01-01,TGTR.TA,[412.88858],2
2025-01-02,TGTR.TA,[380.9811],3
2025-01-03,TGTR.TA,[343.3835],4
2025-01-04,TGTR.TA,[313.38626],5
2025-01-05,TGTR.TA,[332.036],6
2025-01-06,TGTR.TA,[299.50833],7
2025-01-07,TGTR.TA,[315.03903],8
2025-01-08,TGTR.TA,[333.6475],9
2025-01-09,TGTR.TA,[364.19022],10
2025-01-10,TGTR.TA,[373.8094],11
2025-01-11,TGTR.TA,[406.0097],12
2025-01-12,TGTR.TA,[376.50516],13
2025-01-13,TGTR.TA,[383.12512],14
2025-01-14,TGTR.TA,[388.78754],15
2025-01-15,TGTR.TA,[386.22412],16
2025-01-16,TGTR.TA,[370.20792],17
2025-01-17,TGTR.TA,[353.9707],18
2025-01-18,TGTR.TA,[328.08905],19
2025-01-19,TGTR.TA,[371.9715],20
2025-01-20,TGTR.TA,[407.28946],21
2025-01-21,TGTR.TA,[431.93835],22
2025-01-22,TGTR.TA,[378.14078],23
2025-01-23,TGTR.TA,[368.27356],24
2025-01-24,TGTR.TA,[363.73676],25
2025-01-25,TGTR.TA,[365.61017],26
2025-01-26,TGTR.TA,[375.78348],27
2025-01-27,TGTR.TA,[313.71808],28
2025-01-28,TGTR.TA,[329.4129],29
2025-01-29,TGTR.TA,[355.28464],30
2024-12-31,TOEN.TA,[1761.1025],1
2025-01-01,TOEN.TA,[1724.4844],2
2025-01-02,TOEN.TA,[1702.2174],3
2025-01-03,TOEN.TA,[1681.0706],4
2025-01-04,TOEN.TA,[1726.3674],5
2025-01-05,TOEN.TA,[1774.6256],6
2025-01-06,TOEN.TA,[1814.8835],7
2025-01-07,TOEN.TA,[1797.0952],8
2025-01-08,TOEN.TA,[1764.0016],9
2025-01-09,TOEN.TA,[1779.5818],10
2025-01-10,TOEN.TA,[1822.361],11
2025-01-11,TOEN.TA,[1871.5676],12
2025-01-12,TOEN.TA,[1846.3695],13
2025-01-13,TOEN.TA,[1824.4861],14
2025-01-14,TOEN.TA,[1768.4419],15
2025-01-15,TOEN.TA,[1849.0753],16
2025-01-16,TOEN.TA,[1849.0934],17
2025-01-17,TOEN.TA,[1852.8262],18
2025-01-18,TOEN.TA,[1859.3473],19
2025-01-19,TOEN.TA,[1876.7777],20
2025-01-20,TOEN.TA,[1904.217],21
2025-01-21,TOEN.TA,[1862.3114],22
2025-01-22,TOEN.TA,[1828.4087],23
2025-01-23,TOEN.TA,[1796.9316],24
2025-01-24,TOEN.TA,[1789.0988],25
2025-01-25,TOEN.TA,[1808.7079],26
2025-01-26,TOEN.TA,[1822.3108],27
2025-01-27,TOEN.TA,[1825.6428],28
2025-01-28,TOEN.TA,[1801.248],29
2025-01-29,TOEN.TA,[1841.1276],30
2024-12-31,TNDO.TA,[349.2833],1
2025-01-01,TNDO.TA,[344.34464],2
2025-01-02,TNDO.TA,[346.50107],3
2025-01-03,TNDO.TA,[344.19388],4
2025-01-04,TNDO.TA,[327.34018],5
2025-01-05,TNDO.TA,[332.73853],6
2025-01-06,TNDO.TA,[348.29126],7
2025-01-07,TNDO.TA,[334.87927],8
2025-01-08,TNDO.TA,[311.88147],9
2025-01-09,TNDO.TA,[325.10373],10
2025-01-10,TNDO.TA,[346.6397],11
2025-01-11,TNDO.TA,[370.47586],12
2025-01-12,TNDO.TA,[365.5924],13
2025-01-13,TNDO.TA,[392.36365],14
2025-01-14,TNDO.TA,[376.82086],15
2025-01-15,TNDO.TA,[372.1161],16
2025-01-16,TNDO.TA,[383.24118],17
2025-01-17,TNDO.TA,[366.33105],18
2025-01-18,TNDO.TA,[363.3546],19
2025-01-19,TNDO.TA,[349.39893],20
2025-01-20,TNDO.TA,[344.63425],21
2025-01-21,TNDO.TA,[329.2332],22
2025-01-22,TNDO.TA,[317.11044],23
2025-01-23,TNDO.TA,[314.7176],24
2025-01-24,TNDO.TA,[330.51068],25
2025-01-25,TNDO.TA,[323.29355],26
2025-01-26,TNDO.TA,[329.81717],27
2025-01-27,TNDO.TA,[294.04892],28
2025-01-28,TNDO.TA,[310.0663],29
2025-01-29,TNDO.TA,[327.65506],30
2024-12-31,TOPS.TA,[1102.9435],1
2025-01-01,TOPS.TA,[1120.3771],2
2025-01-02,TOPS.TA,[1117.3489],3
2025-01-03,TOPS.TA,[1123.1519],4
2025-01-04,TOPS.TA,[1135.0343],5
2025-01-05,TOPS.TA,[1152.8201],6
2025-01-06,TOPS.TA,[1128.7003],7
2025-01-07,TOPS.TA,[1148.6335],8
2025-01-08,TOPS.TA,[1110.2257],9
2025-01-09,TOPS.TA,[1116.5994],10
2025-01-10,TOPS.TA,[1107.7822],11
2025-01-11,TOPS.TA,[1106.1025],12
2025-01-12,TOPS.TA,[1121.3226],13
2025-01-13,TOPS.TA,[1102.7327],14
2025-01-14,TOPS.TA,[1110.4171],15
2025-01-15,TOPS.TA,[1144.51],16
2025-01-16,TOPS.TA,[1169.2922],17
2025-01-17,TOPS.TA,[1173.1326],18
2025-01-18,TOPS.TA,[1162.4235],19
2025-01-19,TOPS.TA,[1158.5311],20
2025-01-20,TOPS.TA,[1141.7207],21
2025-01-21,TOPS.TA,[1140.5577],22
2025-01-22,TOPS.TA,[1162.5671],23
2025-01-23,TOPS.TA,[1180.4067],24
2025-01-24,TOPS.TA,[1176.064],25
2025-01-25,TOPS.TA,[1191.4594],26
2025-01-26,TOPS.TA,[1197.248],27
2025-01-27,TOPS.TA,[1172.6628],28
2025-01-28,TOPS.TA,[1155.9867],29
2025-01-29,TOPS.TA,[1166.1976],30
2024-12-31,TSEM.TA,[19185.62],1
2025-01-01,TSEM.TA,[19651.367],2
2025-01-02,TSEM.TA,[18915.246],3
2025-01-03,TSEM.TA,[18985.336],4
2025-01-04,TSEM.TA,[19380.904],5
2025-01-05,TSEM.TA,[20042.684],6
2025-01-06,TSEM.TA,[19637.662],7
2025-01-07,TSEM.TA,[20013.13],8
2025-01-08,TSEM.TA,[19184.428],9
2025-01-09,TSEM.TA,[18957.238],10
2025-01-10,TSEM.TA,[19176.08],11
2025-01-11,TSEM.TA,[19842.396],12
2025-01-12,TSEM.TA,[20486.615],13
2025-01-13,TSEM.TA,[20417.389],14
2025-01-14,TSEM.TA,[21501.629],15
2025-01-15,TSEM.TA,[21887.148],16
2025-01-16,TSEM.TA,[22411.256],17
2025-01-17,TSEM.TA,[22495.795],18
2025-01-18,TSEM.TA,[22514.162],19
2025-01-19,TSEM.TA,[22569.969],20
2025-01-20,TSEM.TA,[22177.04],21
2025-01-21,TSEM.TA,[22736.934],22
2025-01-22,TSEM.TA,[23229.125],23
2025-01-23,TSEM.TA,[23121.574],24
2025-01-24,TSEM.TA,[22788.822],25
2025-01-25,TSEM.TA,[23518.629],26
2025-01-26,TSEM.TA,[23759.807],27
2025-01-27,TSEM.TA,[23627.467],28
2025-01-28,TSEM.TA,[24541.678],29
2025-01-29,TSEM.TA,[24343.826],30
2024-12-31,TRAN.TA,[122.938354],1
2025-01-01,TRAN.TA,[120.17753],2
2025-01-02,TRAN.TA,[121.499985],3
2025-01-03,TRAN.TA,[121.70725],4
2025-01-04,TRAN.TA,[144.25636],5
2025-01-05,TRAN.TA,[152.636],6
2025-01-06,TRAN.TA,[154.97107],7
2025-01-07,TRAN.TA,[150.54292],8
2025-01-08,TRAN.TA,[160.5103],9
2025-01-09,TRAN.TA,[150.2876],10
2025-01-10,TRAN.TA,[144.20241],11
2025-01-11,TRAN.TA,[140.5543],12
2025-01-12,TRAN.TA,[141.27455],13
2025-01-13,TRAN.TA,[135.21443],14
2025-01-14,TRAN.TA,[140.69812],15
2025-01-15,TRAN.TA,[129.37161],16
2025-01-16,TRAN.TA,[117.079094],17
2025-01-17,TRAN.TA,[126.43565],18
2025-01-18,TRAN.TA,[127.69694],19
2025-01-19,TRAN.TA,[124.39563],20
2025-01-20,TRAN.TA,[129.51834],21
2025-01-21,TRAN.TA,[132.19765],22
2025-01-22,TRAN.TA,[133.48676],23
2025-01-23,TRAN.TA,[126.60231],24
2025-01-24,TRAN.TA,[136.90892],25
2025-01-25,TRAN.TA,[136.81361],26
2025-01-26,TRAN.TA,[146.44177],27
2025-01-27,TRAN.TA,[148.89769],28
2025-01-28,TRAN.TA,[144.27994],29
2025-01-29,TRAN.TA,[140.8158],30
2024-12-31,TSG.TA,[16422.988],1
2025-01-01,TSG.TA,[16415.518],2
2025-01-02,TSG.TA,[16399.205],3
2025-01-03,TSG.TA,[16381.424],4
2025-01-04,TSG.TA,[16386.244],5
2025-01-05,TSG.TA,[16381.305],6
2025-01-06,TSG.TA,[16389.75],7
2025-01-07,TSG.TA,[16389.648],8
2025-01-08,TSG.TA,[16379.1045],9
2025-01-09,TSG.TA,[16384.318],10
2025-01-10,TSG.TA,[16393.574],11
2025-01-11,TSG.TA,[16380.24],12
2025-01-12,TSG.TA,[16380.822],13
2025-01-13,TSG.TA,[16383.234],14
2025-01-14,TSG.TA,[16376.419],15
2025-01-15,TSG.TA,[16370.793],16
2025-01-16,TSG.TA,[16358.082],17
2025-01-17,TSG.TA,[16357.079],18
2025-01-18,TSG.TA,[16347.064],19
2025-01-19,TSG.TA,[16349.892],20
2025-01-20,TSG.TA,[16345.718],21
2025-01-21,TSG.TA,[16333.857],22
2025-01-22,TSG.TA,[16323.056],23
2025-01-23,TSG.TA,[16319.631],24
2025-01-24,TSG.TA,[16316.012],25
2025-01-25,TSG.TA,[16314.315],26
2025-01-26,TSG.TA,[16308.375],27
2025-01-27,TSG.TA,[16310.002],28
2025-01-28,TSG.TA,[16338.294],29
2025-01-29,TSG.TA,[16333.452],30
2024-12-31,TURB.TA,[904.3435],1
2025-01-01,TURB.TA,[917.3677],2
2025-01-02,TURB.TA,[882.2449],3
2025-01-03,TURB.TA,[890.8339],4
2025-01-04,TURB.TA,[898.9032],5
2025-01-05,TURB.TA,[885.423],6
2025-01-06,TURB.TA,[905.0385],7
2025-01-07,TURB.TA,[927.9277],8
2025-01-08,TURB.TA,[907.8191],9
2025-01-09,TURB.TA,[875.5684],10
2025-01-10,TURB.TA,[891.3322],11
2025-01-11,TURB.TA,[959.52216],12
2025-01-12,TURB.TA,[1016.9447],13
2025-01-13,TURB.TA,[989.8712],14
2025-01-14,TURB.TA,[967.7228],15
2025-01-15,TURB.TA,[960.1808],16
2025-01-16,TURB.TA,[964.192],17
2025-01-17,TURB.TA,[976.17413],18
2025-01-18,TURB.TA,[901.9967],19
2025-01-19,TURB.TA,[993.09406],20
2025-01-20,TURB.TA,[981.47705],21
2025-01-21,TURB.TA,[973.2997],22
2025-01-22,TURB.TA,[997.4191],23
2025-01-23,TURB.TA,[973.2242],24
2025-01-24,TURB.TA,[1031.9572],25
2025-01-25,TURB.TA,[1044.494],26
2025-01-26,TURB.TA,[1051.5824],27
2025-01-27,TURB.TA,[1113.1796],28
2025-01-28,TURB.TA,[1125.6139],29
2025-01-29,TURB.TA,[1116.9431],30
2024-12-31,TRPZ.TA,[1914.0608],1
2025-01-01,TRPZ.TA,[1919.6775],2
2025-01-02,TRPZ.TA,[1935.8748],3
2025-01-03,TRPZ.TA,[1951.0068],4
2025-01-04,TRPZ.TA,[1933.337],5
2025-01-05,TRPZ.TA,[1979.0603],6
2025-01-06,TRPZ.TA,[1963.6226],7
2025-01-07,TRPZ.TA,[1983.366],8
2025-01-08,TRPZ.TA,[1983.0483],9
2025-01-09,TRPZ.TA,[1985.296],10
2025-01-10,TRPZ.TA,[1951.114],11
2025-01-11,TRPZ.TA,[1963.8718],12
2025-01-12,TRPZ.TA,[1972.477],13
2025-01-13,TRPZ.TA,[1945.4165],14
2025-01-14,TRPZ.TA,[1964.4502],15
2025-01-15,TRPZ.TA,[1937.1576],16
2025-01-16,TRPZ.TA,[1937.1437],17
2025-01-17,TRPZ.TA,[1921.507],18
2025-01-18,TRPZ.TA,[1897.8995],19
2025-01-19,TRPZ.TA,[1886.5295],20
2025-01-20,TRPZ.TA,[1904.5831],21
2025-01-21,TRPZ.TA,[1881.176],22
2025-01-22,TRPZ.TA,[1899.8456],23
2025-01-23,TRPZ.TA,[1950.6786],24
2025-01-24,TRPZ.TA,[1974.7332],25
2025-01-25,TRPZ.TA,[1960.5347],26
2025-01-26,TRPZ.TA,[2029.1958],27
2025-01-27,TRPZ.TA,[2009.4218],28
2025-01-28,TRPZ.TA,[1969.3948],29
2025-01-29,TRPZ.TA,[1945.1143],30
2024-12-31,UMH.TA,[8511.029],1
2025-01-01,UMH.TA,[12407.749],2
2025-01-02,UMH.TA,[14337.507],3
2025-01-03,UMH.TA,[4215.0195],4
2025-01-04,UMH.TA,[4522.826],5
2025-01-05,UMH.TA,[3424.0408],6
2025-01-06,UMH.TA,[1551.9487],7
2025-01-07,UMH.TA,[1352.4984],8
2025-01-08,UMH.TA,[1564.3182],9
2025-01-09,UMH.TA,[540.309],10
2025-01-10,UMH.TA,[58.211464],11
2025-01-11,UMH.TA,[-7.1852975],12
2025-01-12,UMH.TA,[-8.226856],13
2025-01-13,UMH.TA,[-7.3430896],14
2025-01-14,UMH.TA,[-4.079809],15
2025-01-15,UMH.TA,[-2.9819012],16
2025-01-16,UMH.TA,[-1.8648511],17
2025-01-17,UMH.TA,[-0.665724],18
2025-01-18,UMH.TA,[-0.6557475],19
2025-01-19,UMH.TA,[-0.47389627],20
2025-01-20,UMH.TA,[-0.91307044],21
2025-01-21,UMH.TA,[-0.64068455],22
2025-01-22,UMH.TA,[-1.0522852],23
2025-01-23,UMH.TA,[-0.98571503],24
2025-01-24,UMH.TA,[-0.21221589],25
2025-01-25,UMH.TA,[-0.29241234],26
2025-01-26,UMH.TA,[-0.12390115],27
2025-01-27,UMH.TA,[-0.1172438],28
2025-01-28,UMH.TA,[-0.11745831],29
2025-01-29,UMH.TA,[-0.18770407],30
2024-12-31,UNTC.TA,[79.632095],1
2025-01-01,UNTC.TA,[240.87486],2
2025-01-02,UNTC.TA,[-145.21255],3
2025-01-03,UNTC.TA,[-278.60175],4
2025-01-04,UNTC.TA,[314.61362],5
2025-01-05,UNTC.TA,[776.34406],6
2025-01-06,UNTC.TA,[-491.38614],7
2025-01-07,UNTC.TA,[1135.4954],8
2025-01-08,UNTC.TA,[2221.2173],9
2025-01-09,UNTC.TA,[6513.32],10
2025-01-10,UNTC.TA,[-3454.7124],11
2025-01-11,UNTC.TA,[893.5785],12
2025-01-12,UNTC.TA,[1453.6633],13
2025-01-13,UNTC.TA,[-1265.512],14
2025-01-14,UNTC.TA,[3707.9138],15
2025-01-15,UNTC.TA,[7813.238],16
2025-01-16,UNTC.TA,[8341.272],17
2025-01-17,UNTC.TA,[-1595.5969],18
2025-01-18,UNTC.TA,[1314.4513],19
2025-01-19,UNTC.TA,[1513.7065],20
2025-01-20,UNTC.TA,[399.00598],21
2025-01-21,UNTC.TA,[-900.33875],22
2025-01-22,UNTC.TA,[400.61725],23
2025-01-23,UNTC.TA,[-1199.1594],24
2025-01-24,UNTC.TA,[-935.3906],25
2025-01-25,UNTC.TA,[-282.77835],26
2025-01-26,UNTC.TA,[1148.826],27
2025-01-27,UNTC.TA,[2505.5847],28
2025-01-28,UNTC.TA,[1309.434],29
2025-01-29,UNTC.TA,[-483.37222],30
2024-12-31,UNCT.TA,[152.73901],1
2025-01-01,UNCT.TA,[487.90463],2
2025-01-02,UNCT.TA,[279.38126],3
2025-01-03,UNCT.TA,[21.319603],4
2025-01-04,UNCT.TA,[162.82605],5
2025-01-05,UNCT.TA,[474.29083],6
2025-01-06,UNCT.TA,[1467.3135],7
2025-01-07,UNCT.TA,[-3119.4255],8
2025-01-08,UNCT.TA,[-14243.874],9
2025-01-09,UNCT.TA,[60224.453],10
2025-01-10,UNCT.TA,[41417.895],11
2025-01-11,UNCT.TA,[148307.52],12
2025-01-12,UNCT.TA,[709162.9],13
2025-01-13,UNCT.TA,[1206504.9],14
2025-01-14,UNCT.TA,[-5280324.5],15
2025-01-15,UNCT.TA,[-30696866.],16
2025-01-16,UNCT.TA,[-2.411204e+08],17
2025-01-17,UNCT.TA,[-3.3186522e+09],18
2025-01-18,UNCT.TA,[8.2085903e+09],19
2025-01-19,UNCT.TA,[-1.671178e+10],20
2025-01-20,UNCT.TA,[4.6779167e+10],21
2025-01-21,UNCT.TA,[5.7230836e+10],22
2025-01-22,UNCT.TA,[3.1204434e+10],23
2025-01-23,UNCT.TA,[-6.110535e+10],24
2025-01-24,UNCT.TA,[4.331249e+10],25
2025-01-25,UNCT.TA,[5.5339667e+10],26
2025-01-26,UNCT.TA,[4.3358608e+11],27
2025-01-27,UNCT.TA,[-1.0362596e+12],28
2025-01-28,UNCT.TA,[-8.1127135e+12],29
2025-01-29,UNCT.TA,[-3.1789725e+13],30
2024-12-31,UNIT.TA,[2502.2542],1
2025-01-01,UNIT.TA,[2546.0737],2
2025-01-02,UNIT.TA,[2617.999],3
2025-01-03,UNIT.TA,[2553.1138],4
2025-01-04,UNIT.TA,[2694.4016],5
2025-01-05,UNIT.TA,[2598.2507],6
2025-01-06,UNIT.TA,[2626.0156],7
2025-01-07,UNIT.TA,[2688.888],8
2025-01-08,UNIT.TA,[2737.6887],9
2025-01-09,UNIT.TA,[2735.9663],10
2025-01-10,UNIT.TA,[2660.4463],11
2025-01-11,UNIT.TA,[2743.2725],12
2025-01-12,UNIT.TA,[2768.3955],13
2025-01-13,UNIT.TA,[2717.5793],14
2025-01-14,UNIT.TA,[2847.5667],15
2025-01-15,UNIT.TA,[2610.2673],16
2025-01-16,UNIT.TA,[2696.0317],17
2025-01-17,UNIT.TA,[2810.685],18
2025-01-18,UNIT.TA,[2663.8494],19
2025-01-19,UNIT.TA,[2618.0747],20
2025-01-20,UNIT.TA,[2568.0103],21
2025-01-21,UNIT.TA,[2502.8345],22
2025-01-22,UNIT.TA,[2556.162],23
2025-01-23,UNIT.TA,[2534.6672],24
2025-01-24,UNIT.TA,[2618.7976],25
2025-01-25,UNIT.TA,[2496.6677],26
2025-01-26,UNIT.TA,[2502.3284],27
2025-01-27,UNIT.TA,[2553.3445],28
2025-01-28,UNIT.TA,[2544.4333],29
2025-01-29,UNIT.TA,[2426.3826],30
2024-12-31,UPSL.TA,[38.40677],1
2025-01-01,UPSL.TA,[67.67689],2
2025-01-02,UPSL.TA,[602.45807],3
2025-01-03,UPSL.TA,[-4554.2026],4
2025-01-04,UPSL.TA,[-38544.32],5
2025-01-05,UPSL.TA,[-136906.77],6
2025-01-06,UPSL.TA,[523151.53],7
2025-01-07,UPSL.TA,[5742350.],8
2025-01-08,UPSL.TA,[12816417.],9
2025-01-09,UPSL.TA,[65681444.],10
2025-01-10,UPSL.TA,[-1.32932584e+08],11
2025-01-11,UPSL.TA,[-4.018471e+08],12
2025-01-12,UPSL.TA,[-2.131502e+09],13
2025-01-13,UPSL.TA,[-2.3577686e+10],14
2025-01-14,UPSL.TA,[-3.0421647e+11],15
2025-01-15,UPSL.TA,[-2.1417901e+12],16
2025-01-16,UPSL.TA,[-1.7268614e+13],17
2025-01-17,UPSL.TA,[2.7246887e+14],18
2025-01-18,UPSL.TA,[-3.2671983e+15],19
2025-01-19,UPSL.TA,[-8.23175e+15],20
2025-01-20,UPSL.TA,[3.0257117e+16],21
2025-01-21,UPSL.TA,[1.8405758e+17],22
2025-01-22,UPSL.TA,[-1.766862e+17],23
2025-01-23,UPSL.TA,[2.4524002e+17],24
2025-01-24,UPSL.TA,[1.2456647e+17],25
2025-01-25,UPSL.TA,[6.462584e+17],26
2025-01-26,UPSL.TA,[-4.6675874e+18],27
2025-01-27,UPSL.TA,[8.352109e+18],28
2025-01-28,UPSL.TA,[8.2891275e+18],29
2025-01-29,UPSL.TA,[3.5616586e+19],30
2024-12-31,UTRN.TA,[454.902],1
2025-01-01,UTRN.TA,[445.59708],2
2025-01-02,UTRN.TA,[444.85083],3
2025-01-03,UTRN.TA,[425.13995],4
2025-01-04,UTRN.TA,[423.47064],5
2025-01-05,UTRN.TA,[425.73843],6
2025-01-06,UTRN.TA,[433.51175],7
2025-01-07,UTRN.TA,[438.7312],8
2025-01-08,UTRN.TA,[437.9535],9
2025-01-09,UTRN.TA,[431.99106],10
2025-01-10,UTRN.TA,[421.5307],11
2025-01-11,UTRN.TA,[444.4418],12
2025-01-12,UTRN.TA,[451.79532],13
2025-01-13,UTRN.TA,[443.41678],14
2025-01-14,UTRN.TA,[448.81012],15
2025-01-15,UTRN.TA,[466.2531],16
2025-01-16,UTRN.TA,[478.61993],17
2025-01-17,UTRN.TA,[475.12094],18
2025-01-18,UTRN.TA,[458.63806],19
2025-01-19,UTRN.TA,[486.49667],20
2025-01-20,UTRN.TA,[493.21887],21
2025-01-21,UTRN.TA,[484.64026],22
2025-01-22,UTRN.TA,[485.33908],23
2025-01-23,UTRN.TA,[482.67606],24
2025-01-24,UTRN.TA,[485.13702],25
2025-01-25,UTRN.TA,[460.6257],26
2025-01-26,UTRN.TA,[466.5965],27
2025-01-27,UTRN.TA,[470.3863],28
2025-01-28,UTRN.TA,[473.52103],29
2025-01-29,UTRN.TA,[483.99875],30
2024-12-31,VRDS.TA,[2155.4148],1
2025-01-01,VRDS.TA,[2301.2822],2
2025-01-02,VRDS.TA,[2413.8926],3
2025-01-03,VRDS.TA,[2562.096],4
2025-01-04,VRDS.TA,[2490.167],5
2025-01-05,VRDS.TA,[2275.918],6
2025-01-06,VRDS.TA,[2359.086],7
2025-01-07,VRDS.TA,[2399.305],8
2025-01-08,VRDS.TA,[2303.9692],9
2025-01-09,VRDS.TA,[2227.686],10
2025-01-10,VRDS.TA,[2417.337],11
2025-01-11,VRDS.TA,[2469.255],12
2025-01-12,VRDS.TA,[2485.7664],13
2025-01-13,VRDS.TA,[2559.8645],14
2025-01-14,VRDS.TA,[2559.7747],15
2025-01-15,VRDS.TA,[2658.9407],16
2025-01-16,VRDS.TA,[2365.5703],17
2025-01-17,VRDS.TA,[2412.7883],18
2025-01-18,VRDS.TA,[2180.8005],19
2025-01-19,VRDS.TA,[1991.9941],20
2025-01-20,VRDS.TA,[1988.2607],21
2025-01-21,VRDS.TA,[1931.886],22
2025-01-22,VRDS.TA,[1992.0468],23
2025-01-23,VRDS.TA,[1966.0315],24
2025-01-24,VRDS.TA,[1954.6787],25
2025-01-25,VRDS.TA,[2104.5527],26
2025-01-26,VRDS.TA,[2056.6438],27
2025-01-27,VRDS.TA,[2093.2976],28
2025-01-28,VRDS.TA,[2136.828],29
2025-01-29,VRDS.TA,[2085.1184],30
2024-12-31,VCTR.TA,[5716.287],1
2025-01-01,VCTR.TA,[5574.6978],2
2025-01-02,VCTR.TA,[5733.1665],3
2025-01-03,VCTR.TA,[5718.278],4
2025-01-04,VCTR.TA,[5748.912],5
2025-01-05,VCTR.TA,[5803.686],6
2025-01-06,VCTR.TA,[5755.2725],7
2025-01-07,VCTR.TA,[5841.2397],8
2025-01-08,VCTR.TA,[5950.6597],9
2025-01-09,VCTR.TA,[5947.3735],10
2025-01-10,VCTR.TA,[5901.86],11
2025-01-11,VCTR.TA,[5836.778],12
2025-01-12,VCTR.TA,[6123.741],13
2025-01-13,VCTR.TA,[6122.152],14
2025-01-14,VCTR.TA,[6098.778],15
2025-01-15,VCTR.TA,[6010.9106],16
2025-01-16,VCTR.TA,[6045.349],17
2025-01-17,VCTR.TA,[5974.7173],18
2025-01-18,VCTR.TA,[6066.6875],19
2025-01-19,VCTR.TA,[6102.7695],20
2025-01-20,VCTR.TA,[6156.1147],21
2025-01-21,VCTR.TA,[6248.4453],22
2025-01-22,VCTR.TA,[6051.73],23
2025-01-23,VCTR.TA,[6486.1733],24
2025-01-24,VCTR.TA,[6387.3564],25
2025-01-25,VCTR.TA,[6598.3857],26
2025-01-26,VCTR.TA,[6751.1294],27
2025-01-27,VCTR.TA,[6923.402],28
2025-01-28,VCTR.TA,[6913.6562],29
2025-01-29,VCTR.TA,[6874.1333],30
2024-12-31,VILR.TA,[16384.361],1
2025-01-01,VILR.TA,[16372.153],2
2025-01-02,VILR.TA,[16728.326],3
2025-01-03,VILR.TA,[16899.48],4
2025-01-04,VILR.TA,[16560.71],5
2025-01-05,VILR.TA,[17013.412],6
2025-01-06,VILR.TA,[17329.094],7
2025-01-07,VILR.TA,[17125.158],8
2025-01-08,VILR.TA,[17097.557],9
2025-01-09,VILR.TA,[17394.562],10
2025-01-10,VILR.TA,[17094.793],11
2025-01-11,VILR.TA,[17096.81],12
2025-01-12,VILR.TA,[17276.611],13
2025-01-13,VILR.TA,[17221.451],14
2025-01-14,VILR.TA,[17831.572],15
2025-01-15,VILR.TA,[17891.742],16
2025-01-16,VILR.TA,[18242.703],17
2025-01-17,VILR.TA,[19147.365],18
2025-01-18,VILR.TA,[19069.75],19
2025-01-19,VILR.TA,[19031.025],20
2025-01-20,VILR.TA,[19014.191],21
2025-01-21,VILR.TA,[19056.451],22
2025-01-22,VILR.TA,[19012.033],23
2025-01-23,VILR.TA,[19068.406],24
2025-01-24,VILR.TA,[19099.957],25
2025-01-25,VILR.TA,[18326.867],26
2025-01-26,VILR.TA,[18422.902],27
2025-01-27,VILR.TA,[18122.988],28
2025-01-28,VILR.TA,[18043.639],29
2025-01-29,VILR.TA,[18393.482],30
2024-12-31,VISN.TA,[7680.063],1
2025-01-01,VISN.TA,[-57648.703],2
2025-01-02,VISN.TA,[642771.4],3
2025-01-03,VISN.TA,[-2364295.5],4
2025-01-04,VISN.TA,[-14311935.],5
2025-01-05,VISN.TA,[-34473328.],6
2025-01-06,VISN.TA,[10219036.],7
2025-01-07,VISN.TA,[4493553.5],8
2025-01-08,VISN.TA,[10964171.],9
2025-01-09,VISN.TA,[-4011542.2],10
2025-01-10,VISN.TA,[-1570486.8],11
2025-01-11,VISN.TA,[-15674534.],12
2025-01-12,VISN.TA,[34628644.],13
2025-01-13,VISN.TA,[92993632.],14
2025-01-14,VISN.TA,[-2.019053e+08],15
2025-01-15,VISN.TA,[-2.2460475e+09],16
2025-01-16,VISN.TA,[9.525725e+09],17
2025-01-17,VISN.TA,[7.290053e+10],18
2025-01-18,VISN.TA,[9.651074e+10],19
2025-01-19,VISN.TA,[-1.2567423e+11],20
2025-01-20,VISN.TA,[5.0371736e+11],21
2025-01-21,VISN.TA,[5.966696e+12],22
2025-01-22,VISN.TA,[9.447513e+13],23
2025-01-23,VISN.TA,[7.8070815e+14],24
2025-01-24,VISN.TA,[-2.3265027e+15],25
2025-01-25,VISN.TA,[-1.0009195e+16],26
2025-01-26,VISN.TA,[-2.8458438e+16],27
2025-01-27,VISN.TA,[5.0526296e+16],28
2025-01-28,VISN.TA,[-2.8331298e+17],29
2025-01-29,VISN.TA,[-2.536847e+18],30
2024-12-31,VTNA.TA,[2496.9353],1
2025-01-01,VTNA.TA,[2490.8625],2
2025-01-02,VTNA.TA,[2503.4243],3
2025-01-03,VTNA.TA,[2447.5132],4
2025-01-04,VTNA.TA,[2447.0603],5
2025-01-05,VTNA.TA,[2463.021],6
2025-01-06,VTNA.TA,[2527.5593],7
2025-01-07,VTNA.TA,[2524.9746],8
2025-01-08,VTNA.TA,[2580.5667],9
2025-01-09,VTNA.TA,[2591.7617],10
2025-01-10,VTNA.TA,[2655.3794],11
2025-01-11,VTNA.TA,[2662.5325],12
2025-01-12,VTNA.TA,[2659.211],13
2025-01-13,VTNA.TA,[2631.8376],14
2025-01-14,VTNA.TA,[2662.8276],15
2025-01-15,VTNA.TA,[2706.244],16
2025-01-16,VTNA.TA,[2669.7744],17
2025-01-17,VTNA.TA,[2708.7288],18
2025-01-18,VTNA.TA,[2727.39],19
2025-01-19,VTNA.TA,[2707.4443],20
2025-01-20,VTNA.TA,[2729.82],21
2025-01-21,VTNA.TA,[2669.3206],22
2025-01-22,VTNA.TA,[2712.436],23
2025-01-23,VTNA.TA,[2756.1982],24
2025-01-24,VTNA.TA,[2771.8638],25
2025-01-25,VTNA.TA,[2783.1345],26
2025-01-26,VTNA.TA,[2775.7915],27
2025-01-27,VTNA.TA,[2882.422],28
2025-01-28,VTNA.TA,[2930.8125],29
2025-01-29,VTNA.TA,[2916.028],30
2024-12-31,WATR.TA,[29.452385],1
2025-01-01,WATR.TA,[44.464355],2
2025-01-02,WATR.TA,[44.434937],3
2025-01-03,WATR.TA,[30.823023],4
2025-01-04,WATR.TA,[24.498915],5
2025-01-05,WATR.TA,[31.362085],6
2025-01-06,WATR.TA,[26.344276],7
2025-01-07,WATR.TA,[25.23679],8
2025-01-08,WATR.TA,[23.723095],9
2025-01-09,WATR.TA,[24.198854],10
2025-01-10,WATR.TA,[34.847996],11
2025-01-11,WATR.TA,[30.00733],12
2025-01-12,WATR.TA,[25.009567],13
2025-01-13,WATR.TA,[26.054619],14
2025-01-14,WATR.TA,[23.92502],15
2025-01-15,WATR.TA,[29.217012],16
2025-01-16,WATR.TA,[30.547752],17
2025-01-17,WATR.TA,[30.48323],18
2025-01-18,WATR.TA,[26.747437],19
2025-01-19,WATR.TA,[28.836353],20
2025-01-20,WATR.TA,[35.834663],21
2025-01-21,WATR.TA,[37.222977],22
2025-01-22,WATR.TA,[28.631302],23
2025-01-23,WATR.TA,[27.854296],24
2025-01-24,WATR.TA,[30.343454],25
2025-01-25,WATR.TA,[15.966199],26
2025-01-26,WATR.TA,[21.106878],27
2025-01-27,WATR.TA,[18.846405],28
2025-01-28,WATR.TA,[22.019627],29
2025-01-29,WATR.TA,[26.706865],30
2024-12-31,WESR.TA,[572.6344],1
2025-01-01,WESR.TA,[585.825],2
2025-01-02,WESR.TA,[604.1384],3
2025-01-03,WESR.TA,[617.86597],4
2025-01-04,WESR.TA,[631.09174],5
2025-01-05,WESR.TA,[639.8916],6
2025-01-06,WESR.TA,[645.75073],7
2025-01-07,WESR.TA,[643.25226],8
2025-01-08,WESR.TA,[655.4004],9
2025-01-09,WESR.TA,[656.85095],10
2025-01-10,WESR.TA,[679.1533],11
2025-01-11,WESR.TA,[680.9057],12
2025-01-12,WESR.TA,[670.776],13
2025-01-13,WESR.TA,[686.7696],14
2025-01-14,WESR.TA,[713.49084],15
2025-01-15,WESR.TA,[742.83704],16
2025-01-16,WESR.TA,[734.34576],17
2025-01-17,WESR.TA,[752.0149],18
2025-01-18,WESR.TA,[763.20325],19
2025-01-19,WESR.TA,[735.0779],20
2025-01-20,WESR.TA,[751.6466],21
2025-01-21,WESR.TA,[762.8705],22
2025-01-22,WESR.TA,[769.1287],23
2025-01-23,WESR.TA,[786.0819],24
2025-01-24,WESR.TA,[804.8554],25
2025-01-25,WESR.TA,[829.03894],26
2025-01-26,WESR.TA,[844.68964],27
2025-01-27,WESR.TA,[864.33167],28
2025-01-28,WESR.TA,[887.1972],29
2025-01-29,WESR.TA,[883.4818],30
2024-12-31,WILK.TA,[42.60686],1
2025-01-01,WILK.TA,[43.74261],2
2025-01-02,WILK.TA,[43.81295],3
2025-01-03,WILK.TA,[42.89161],4
2025-01-04,WILK.TA,[45.879498],5
2025-01-05,WILK.TA,[44.181652],6
2025-01-06,WILK.TA,[45.632977],7
2025-01-07,WILK.TA,[45.446167],8
2025-01-08,WILK.TA,[41.91926],9
2025-01-09,WILK.TA,[44.585316],10
2025-01-10,WILK.TA,[45.615513],11
2025-01-11,WILK.TA,[46.3543],12
2025-01-12,WILK.TA,[44.61611],13
2025-01-13,WILK.TA,[46.33068],14
2025-01-14,WILK.TA,[45.94869],15
2025-01-15,WILK.TA,[40.458282],16
2025-01-16,WILK.TA,[38.749973],17
2025-01-17,WILK.TA,[38.977543],18
2025-01-18,WILK.TA,[39.671436],19
2025-01-19,WILK.TA,[38.184235],20
2025-01-20,WILK.TA,[36.49235],21
2025-01-21,WILK.TA,[33.845116],22
2025-01-22,WILK.TA,[33.0436],23
2025-01-23,WILK.TA,[32.69832],24
2025-01-24,WILK.TA,[33.474113],25
2025-01-25,WILK.TA,[33.029797],26
2025-01-26,WILK.TA,[31.742655],27
2025-01-27,WILK.TA,[31.003271],28
2025-01-28,WILK.TA,[31.382671],29
2025-01-29,WILK.TA,[31.881222],30
2024-12-31,WLFD.TA,[2818.0293],1
2025-01-01,WLFD.TA,[2812.9282],2
2025-01-02,WLFD.TA,[2776.8225],3
2025-01-03,WLFD.TA,[2780.488],4
2025-01-04,WLFD.TA,[2744.0398],5
2025-01-05,WLFD.TA,[2855.2788],6
2025-01-06,WLFD.TA,[2854.2053],7
2025-01-07,WLFD.TA,[2841.2961],8
2025-01-08,WLFD.TA,[2794.4294],9
2025-01-09,WLFD.TA,[2826.3728],10
2025-01-10,WLFD.TA,[2957.6094],11
2025-01-11,WLFD.TA,[3023.9011],12
2025-01-12,WLFD.TA,[3097.0679],13
2025-01-13,WLFD.TA,[3020.103],14
2025-01-14,WLFD.TA,[3023.3303],15
2025-01-15,WLFD.TA,[3004.2495],16
2025-01-16,WLFD.TA,[2972.8826],17
2025-01-17,WLFD.TA,[3074.3132],18
2025-01-18,WLFD.TA,[3098.6792],19
2025-01-19,WLFD.TA,[3087.0737],20
2025-01-20,WLFD.TA,[3143.735],21
2025-01-21,WLFD.TA,[3262.434],22
2025-01-22,WLFD.TA,[3235.955],23
2025-01-23,WLFD.TA,[3238.0706],24
2025-01-24,WLFD.TA,[3335.5515],25
2025-01-25,WLFD.TA,[3461.0503],26
2025-01-26,WLFD.TA,[3544.4758],27
2025-01-27,WLFD.TA,[3637.5293],28
2025-01-28,WLFD.TA,[3799.884],29
2025-01-29,WLFD.TA,[3797.8015],30
2024-12-31,WILC.TA,[6100.2554],1
2025-01-01,WILC.TA,[6148.9385],2
2025-01-02,WILC.TA,[6560.6733],3
2025-01-03,WILC.TA,[6448.589],4
2025-01-04,WILC.TA,[6389.4287],5
2025-01-05,WILC.TA,[6615.4023],6
2025-01-06,WILC.TA,[6440.2607],7
2025-01-07,WILC.TA,[6473.146],8
2025-01-08,WILC.TA,[6471.4624],9
2025-01-09,WILC.TA,[6681.2163],10
2025-01-10,WILC.TA,[6533.45],11
2025-01-11,WILC.TA,[6847.49],12
2025-01-12,WILC.TA,[6611.8975],13
2025-01-13,WILC.TA,[6667.9937],14
2025-01-14,WILC.TA,[6542.417],15
2025-01-15,WILC.TA,[5998.1167],16
2025-01-16,WILC.TA,[5977.4575],17
2025-01-17,WILC.TA,[5990.116],18
2025-01-18,WILC.TA,[6050.5884],19
2025-01-19,WILC.TA,[6400.905],20
2025-01-20,WILC.TA,[6604.6597],21
2025-01-21,WILC.TA,[6618.4326],22
2025-01-22,WILC.TA,[6434.0674],23
2025-01-23,WILC.TA,[6183.048],24
2025-01-24,WILC.TA,[6556.081],25
2025-01-25,WILC.TA,[6528.3003],26
2025-01-26,WILC.TA,[7000.777],27
2025-01-27,WILC.TA,[7226.378],28
2025-01-28,WILC.TA,[7233.7485],29
2025-01-29,WILC.TA,[7289.0386],30
2024-12-31,WNBZ.TA,[14.016412],1
2025-01-01,WNBZ.TA,[13.939177],2
2025-01-02,WNBZ.TA,[13.582837],3
2025-01-03,WNBZ.TA,[13.491409],4
2025-01-04,WNBZ.TA,[11.891284],5
2025-01-05,WNBZ.TA,[12.383383],6
2025-01-06,WNBZ.TA,[11.768225],7
2025-01-07,WNBZ.TA,[11.923116],8
2025-01-08,WNBZ.TA,[11.055304],9
2025-01-09,WNBZ.TA,[11.869431],10
2025-01-10,WNBZ.TA,[12.358121],11
2025-01-11,WNBZ.TA,[12.646776],12
2025-01-12,WNBZ.TA,[13.0212145],13
2025-01-13,WNBZ.TA,[12.565999],14
2025-01-14,WNBZ.TA,[12.668386],15
2025-01-15,WNBZ.TA,[13.530562],16
2025-01-16,WNBZ.TA,[14.133958],17
2025-01-17,WNBZ.TA,[13.02661],18
2025-01-18,WNBZ.TA,[13.643471],19
2025-01-19,WNBZ.TA,[14.783205],20
2025-01-20,WNBZ.TA,[13.931843],21
2025-01-21,WNBZ.TA,[13.069726],22
2025-01-22,WNBZ.TA,[12.544241],23
2025-01-23,WNBZ.TA,[11.333727],24
2025-01-24,WNBZ.TA,[12.048544],25
2025-01-25,WNBZ.TA,[11.166973],26
2025-01-26,WNBZ.TA,[10.757347],27
2025-01-27,WNBZ.TA,[10.271483],28
2025-01-28,WNBZ.TA,[9.969201],29
2025-01-29,WNBZ.TA,[10.1789465],30
2024-12-31,XTLB.TA,[6.6137633],1
2025-01-01,XTLB.TA,[6.2687535],2
2025-01-02,XTLB.TA,[6.6100054],3
2025-01-03,XTLB.TA,[7.2053576],4
2025-01-04,XTLB.TA,[7.21351],5
2025-01-05,XTLB.TA,[6.484972],6
2025-01-06,XTLB.TA,[6.4693255],7
2025-01-07,XTLB.TA,[6.294152],8
2025-01-08,XTLB.TA,[6.4310374],9
2025-01-09,XTLB.TA,[6.2452393],10
2025-01-10,XTLB.TA,[6.652541],11
2025-01-11,XTLB.TA,[6.650899],12
2025-01-12,XTLB.TA,[5.976761],13
2025-01-13,XTLB.TA,[5.7315755],14
2025-01-14,XTLB.TA,[6.6113625],15
2025-01-15,XTLB.TA,[6.785419],16
2025-01-16,XTLB.TA,[6.0592995],17
2025-01-17,XTLB.TA,[6.632576],18
2025-01-18,XTLB.TA,[7.0069795],19
2025-01-19,XTLB.TA,[6.8217497],20
2025-01-20,XTLB.TA,[7.0310087],21
2025-01-21,XTLB.TA,[7.136647],22
2025-01-22,XTLB.TA,[6.2580957],23
2025-01-23,XTLB.TA,[6.5281963],24
2025-01-24,XTLB.TA,[6.356559],25
2025-01-25,XTLB.TA,[6.0784965],26
2025-01-26,XTLB.TA,[6.155658],27
2025-01-27,XTLB.TA,[6.2079396],28
2025-01-28,XTLB.TA,[6.7615013],29
2025-01-29,XTLB.TA,[5.929774],30
2024-12-31,YBRD.TA,[-64.29774],1
2025-01-01,YBRD.TA,[-121.84055],2
2025-01-02,YBRD.TA,[-191.73615],3
2025-01-03,YBRD.TA,[-203.19571],4
2025-01-04,YBRD.TA,[-171.87798],5
2025-01-05,YBRD.TA,[-44.504154],6
2025-01-06,YBRD.TA,[-30.977724],7
2025-01-07,YBRD.TA,[-51.404934],8
2025-01-08,YBRD.TA,[-53.07912],9
2025-01-09,YBRD.TA,[-58.136326],10
2025-01-10,YBRD.TA,[-24.710209],11
2025-01-11,YBRD.TA,[-38.503834],12
2025-01-12,YBRD.TA,[-71.61348],13
2025-01-13,YBRD.TA,[-110.22405],14
2025-01-14,YBRD.TA,[-72.74015],15
2025-01-15,YBRD.TA,[-4.201284],16
2025-01-16,YBRD.TA,[-5.958211],17
2025-01-17,YBRD.TA,[1.0268042],18
2025-01-18,YBRD.TA,[0.72110236],19
2025-01-19,YBRD.TA,[0.71143067],20
2025-01-20,YBRD.TA,[1.1150154],21
2025-01-21,YBRD.TA,[1.4774398],22
2025-01-22,YBRD.TA,[1.4116374],23
2025-01-23,YBRD.TA,[1.2022997],24
2025-01-24,YBRD.TA,[0.80155206],25
2025-01-25,YBRD.TA,[0.2600599],26
2025-01-26,YBRD.TA,[0.26198745],27
2025-01-27,YBRD.TA,[0.18949153],28
2025-01-28,YBRD.TA,[0.1760551],29
2025-01-29,YBRD.TA,[0.13706286],30
2024-12-31,YBOX.TA,[105.85475],1
2025-01-01,YBOX.TA,[107.04871],2
2025-01-02,YBOX.TA,[104.54858],3
2025-01-03,YBOX.TA,[105.288536],4
2025-01-04,YBOX.TA,[102.19857],5
2025-01-05,YBOX.TA,[101.61665],6
2025-01-06,YBOX.TA,[96.70379],7
2025-01-07,YBOX.TA,[97.70404],8
2025-01-08,YBOX.TA,[92.91918],9
2025-01-09,YBOX.TA,[91.735985],10
2025-01-10,YBOX.TA,[90.47641],11
2025-01-11,YBOX.TA,[93.82674],12
2025-01-12,YBOX.TA,[95.58205],13
2025-01-13,YBOX.TA,[95.25344],14
2025-01-14,YBOX.TA,[95.532814],15
2025-01-15,YBOX.TA,[94.2556],16
2025-01-16,YBOX.TA,[94.00276],17
2025-01-17,YBOX.TA,[93.03791],18
2025-01-18,YBOX.TA,[100.32463],19
2025-01-19,YBOX.TA,[102.89992],20
2025-01-20,YBOX.TA,[104.34563],21
2025-01-21,YBOX.TA,[104.11342],22
2025-01-22,YBOX.TA,[106.73628],23
2025-01-23,YBOX.TA,[106.84221],24
2025-01-24,YBOX.TA,[109.121155],25
2025-01-25,YBOX.TA,[110.85593],26
2025-01-26,YBOX.TA,[109.782135],27
2025-01-27,YBOX.TA,[110.97067],28
2025-01-28,YBOX.TA,[114.80682],29
2025-01-29,YBOX.TA,[115.386566],30
2024-12-31,YHNF.TA,[22095.523],1
2025-01-01,YHNF.TA,[22673.498],2
2025-01-02,YHNF.TA,[23101.559],3
2025-01-03,YHNF.TA,[22865.594],4
2025-01-04,YHNF.TA,[23552.586],5
2025-01-05,YHNF.TA,[23872.371],6
2025-01-06,YHNF.TA,[23847.635],7
2025-01-07,YHNF.TA,[23781.445],8
2025-01-08,YHNF.TA,[23848.076],9
2025-01-09,YHNF.TA,[24360.238],10
2025-01-10,YHNF.TA,[24838.695],11
2025-01-11,YHNF.TA,[24402.834],12
2025-01-12,YHNF.TA,[24173.094],13
2025-01-13,YHNF.TA,[24480.822],14
2025-01-14,YHNF.TA,[24573.246],15
2025-01-15,YHNF.TA,[24474.021],16
2025-01-16,YHNF.TA,[24439.426],17
2025-01-17,YHNF.TA,[25024.531],18
2025-01-18,YHNF.TA,[25146.361],19
2025-01-19,YHNF.TA,[24744.676],20
2025-01-20,YHNF.TA,[24338.44],21
2025-01-21,YHNF.TA,[24785.047],22
2025-01-22,YHNF.TA,[25115.37],23
2025-01-23,YHNF.TA,[24983.85],24
2025-01-24,YHNF.TA,[24540.24],25
2025-01-25,YHNF.TA,[24444.947],26
2025-01-26,YHNF.TA,[24400.791],27
2025-01-27,YHNF.TA,[24610.553],28
2025-01-28,YHNF.TA,[24177.518],29
2025-01-29,YHNF.TA,[24773.564],30
2024-12-31,ZNKL.TA,[3743.4683],1
2025-01-01,ZNKL.TA,[3770.3423],2
2025-01-02,ZNKL.TA,[3791.0627],3
2025-01-03,ZNKL.TA,[3811.078],4
2025-01-04,ZNKL.TA,[3828.1353],5
2025-01-05,ZNKL.TA,[3865.1228],6
2025-01-06,ZNKL.TA,[3822.4185],7
2025-01-07,ZNKL.TA,[3818.9167],8
2025-01-08,ZNKL.TA,[3838.5845],9
2025-01-09,ZNKL.TA,[3723.4233],10
2025-01-10,ZNKL.TA,[3658.5667],11
2025-01-11,ZNKL.TA,[3657.3875],12
2025-01-12,ZNKL.TA,[3668.4604],13
2025-01-13,ZNKL.TA,[3650.1707],14
2025-01-14,ZNKL.TA,[3709.3733],15
2025-01-15,ZNKL.TA,[3674.2817],16
2025-01-16,ZNKL.TA,[3616.751],17
2025-01-17,ZNKL.TA,[3625.7927],18
2025-01-18,ZNKL.TA,[3631.0093],19
2025-01-19,ZNKL.TA,[3562.1667],20
2025-01-20,ZNKL.TA,[3583.7803],21
2025-01-21,ZNKL.TA,[3586.9895],22
2025-01-22,ZNKL.TA,[3575.1086],23
2025-01-23,ZNKL.TA,[3618.7983],24
2025-01-24,ZNKL.TA,[3577.9807],25
2025-01-25,ZNKL.TA,[3564.4155],26
2025-01-26,ZNKL.TA,[3528.2944],27
2025-01-27,ZNKL.TA,[3542.784],28
2025-01-28,ZNKL.TA,[3583.08],29
2025-01-29,ZNKL.TA,[3539.6707],30
2024-12-31,ZPRS.TA,[1406.82],1
2025-01-01,ZPRS.TA,[1398.2723],2
2025-01-02,ZPRS.TA,[1461.4615],3
2025-01-03,ZPRS.TA,[1417.2375],4
2025-01-04,ZPRS.TA,[1365.2164],5
2025-01-05,ZPRS.TA,[1368.1567],6
2025-01-06,ZPRS.TA,[1401.1439],7
2025-01-07,ZPRS.TA,[1442.7845],8
2025-01-08,ZPRS.TA,[1482.3722],9
2025-01-09,ZPRS.TA,[1473.4844],10
2025-01-10,ZPRS.TA,[1493.3259],11
2025-01-11,ZPRS.TA,[1588.3496],12
2025-01-12,ZPRS.TA,[1638.6233],13
2025-01-13,ZPRS.TA,[1570.7856],14
2025-01-14,ZPRS.TA,[1560.4432],15
2025-01-15,ZPRS.TA,[1511.0789],16
2025-01-16,ZPRS.TA,[1519.3685],17
2025-01-17,ZPRS.TA,[1410.3236],18
2025-01-18,ZPRS.TA,[1439.8477],19
2025-01-19,ZPRS.TA,[1480.9105],20
2025-01-20,ZPRS.TA,[1544.4548],21
2025-01-21,ZPRS.TA,[1560.7246],22
2025-01-22,ZPRS.TA,[1600.7965],23
2025-01-23,ZPRS.TA,[1625.6934],24
2025-01-24,ZPRS.TA,[1589.4285],25
2025-01-25,ZPRS.TA,[1561.708],26
2025-01-26,ZPRS.TA,[1609.0527],27
2025-01-27,ZPRS.TA,[1561.7938],28
2025-01-28,ZPRS.TA,[1519.6931],29
2025-01-29,ZPRS.TA,[1511.6483],30
2024-12-31,ZMH.TA,[3624.3828],1
2025-01-01,ZMH.TA,[3529.1072],2
2025-01-02,ZMH.TA,[3661.6162],3
2025-01-03,ZMH.TA,[3717.1462],4
2025-01-04,ZMH.TA,[3707.4922],5
2025-01-05,ZMH.TA,[3699.2375],6
2025-01-06,ZMH.TA,[3798.7747],7
2025-01-07,ZMH.TA,[3863.1482],8
2025-01-08,ZMH.TA,[3716.6135],9
2025-01-09,ZMH.TA,[3718.692],10
2025-01-10,ZMH.TA,[3681.3496],11
2025-01-11,ZMH.TA,[3765.567],12
2025-01-12,ZMH.TA,[3704.3923],13
2025-01-13,ZMH.TA,[3734.9443],14
2025-01-14,ZMH.TA,[3635.5513],15
2025-01-15,ZMH.TA,[3650.872],16
2025-01-16,ZMH.TA,[3575.4514],17
2025-01-17,ZMH.TA,[3688.2188],18
2025-01-18,ZMH.TA,[3713.8198],19
2025-01-19,ZMH.TA,[3805.9067],20
2025-01-20,ZMH.TA,[3958.8025],21
2025-01-21,ZMH.TA,[4090.669],22
2025-01-22,ZMH.TA,[4028.5542],23
2025-01-23,ZMH.TA,[4040.5203],24
2025-01-24,ZMH.TA,[4079.451],25
2025-01-25,ZMH.TA,[4320.708],26
2025-01-26,ZMH.TA,[4386.553],27
2025-01-27,ZMH.TA,[4418.2236],28
2025-01-28,ZMH.TA,[4473.597],29
2025-01-29,ZMH.TA,[4562.1216],30
2024-12-31,ZOOZ.TA,[757.81555],1
2025-01-01,ZOOZ.TA,[744.15826],2
2025-01-02,ZOOZ.TA,[765.4609],3
2025-01-03,ZOOZ.TA,[747.3783],4
2025-01-04,ZOOZ.TA,[826.44],5
2025-01-05,ZOOZ.TA,[795.2048],6
2025-01-06,ZOOZ.TA,[713.0236],7
2025-01-07,ZOOZ.TA,[673.2357],8
2025-01-08,ZOOZ.TA,[648.9218],9
2025-01-09,ZOOZ.TA,[694.46735],10
2025-01-10,ZOOZ.TA,[644.3948],11
2025-01-11,ZOOZ.TA,[645.3153],12
2025-01-12,ZOOZ.TA,[623.95874],13
2025-01-13,ZOOZ.TA,[626.5273],14
2025-01-14,ZOOZ.TA,[633.2733],15
2025-01-15,ZOOZ.TA,[683.3989],16
2025-01-16,ZOOZ.TA,[685.33167],17
2025-01-17,ZOOZ.TA,[638.2022],18
2025-01-18,ZOOZ.TA,[589.7239],19
2025-01-19,ZOOZ.TA,[586.1981],20
2025-01-20,ZOOZ.TA,[627.2761],21
2025-01-21,ZOOZ.TA,[605.8544],22
2025-01-22,ZOOZ.TA,[598.4087],23
2025-01-23,ZOOZ.TA,[580.1076],24
2025-01-24,ZOOZ.TA,[605.5839],25
2025-01-25,ZOOZ.TA,[502.30713],26
2025-01-26,ZOOZ.TA,[496.1713],27
2025-01-27,ZOOZ.TA,[493.18002],28
2025-01-28,ZOOZ.TA,[516.3786],29
2025-01-29,ZOOZ.TA,[514.7355],30
2024-12-31,ZUR.TA,[886.9919],1
2025-01-01,ZUR.TA,[916.6958],2
2025-01-02,ZUR.TA,[936.8927],3
2025-01-03,ZUR.TA,[916.09283],4
2025-01-04,ZUR.TA,[923.9743],5
2025-01-05,ZUR.TA,[931.5243],6
2025-01-06,ZUR.TA,[923.3784],7
2025-01-07,ZUR.TA,[918.4283],8
2025-01-08,ZUR.TA,[941.1359],9
2025-01-09,ZUR.TA,[942.0763],10
2025-01-10,ZUR.TA,[934.3713],11
2025-01-11,ZUR.TA,[943.6642],12
2025-01-12,ZUR.TA,[932.266],13
2025-01-13,ZUR.TA,[951.45105],14
2025-01-14,ZUR.TA,[948.3976],15
2025-01-15,ZUR.TA,[991.9533],16
2025-01-16,ZUR.TA,[984.52435],17
2025-01-17,ZUR.TA,[980.1913],18
2025-01-18,ZUR.TA,[934.17584],19
2025-01-19,ZUR.TA,[955.0595],20
2025-01-20,ZUR.TA,[941.68396],21
2025-01-21,ZUR.TA,[961.8189],22
2025-01-22,ZUR.TA,[958.4114],23
2025-01-23,ZUR.TA,[972.8833],24
2025-01-24,ZUR.TA,[1004.4704],25
2025-01-25,ZUR.TA,[1061.766],26
2025-01-26,ZUR.TA,[1077.9541],27
2025-01-27,ZUR.TA,[1098.0184],28
2025-01-28,ZUR.TA,[1090.7843],29
2025-01-29,ZUR.TA,[1086.2507],30
