Date,Ticker,Forecast,Days_Ahead
14/03/2025,ABRA.TA,340.0123676,1
15/03/2025,ABRA.TA,339.6661669,2
16/03/2025,ABRA.TA,364.3432726,3
17/03/2025,ABRA.TA,365.9841721,4
18/03/2025,ABRA.TA,361.7639391,5
19/03/2025,ABRA.TA,356.9508919,6
20/03/2025,ABRA.TA,358.1586823,7
21/03/2025,ABRA.TA,369.8456062,8
22/03/2025,ABRA.TA,372.6883597,9
23/03/2025,ABRA.TA,379.2366211,10
24/03/2025,ABRA.TA,383.5604347,11
25/03/2025,ABRA.TA,392.8439735,12
26/03/2025,ABRA.TA,395.8012368,13
27/03/2025,ABRA.TA,422.2112265,14
28/03/2025,ABRA.TA,428.645546,15
29/03/2025,ABRA.TA,430.8268448,16
30/03/2025,ABRA.TA,421.6009166,17
31/03/2025,ABRA.TA,435.3654117,18
01/04/2025,ABRA.TA,440.3291699,19
02/04/2025,ABRA.TA,440.4691711,20
03/04/2025,ABRA.TA,436.1255921,21
04/04/2025,ABRA.TA,434.6732638,22
05/04/2025,ABRA.TA,440.6474471,23
06/04/2025,ABRA.TA,446.70374,24
07/04/2025,ABRA.TA,441.2404591,25
08/04/2025,ABRA.TA,436.1524315,26
09/04/2025,ABRA.TA,441.5038516,27
10/04/2025,ABRA.TA,445.3438799,28
11/04/2025,ABRA.TA,439.9359685,29
12/04/2025,ABRA.TA,437.8339082,30
14/03/2025,ACCL.TA,170.3823323,1
15/03/2025,ACCL.TA,174.5023802,2
16/03/2025,ACCL.TA,175.0825739,3
17/03/2025,ACCL.TA,156.6082782,4
18/03/2025,ACCL.TA,155.2654245,5
19/03/2025,ACCL.TA,153.5384665,6
20/03/2025,ACCL.TA,153.9824813,7
21/03/2025,ACCL.TA,157.9609892,8
22/03/2025,ACCL.TA,158.5192229,9
23/03/2025,ACCL.TA,155.2317602,10
24/03/2025,ACCL.TA,153.6905367,11
25/03/2025,ACCL.TA,158.675994,12
26/03/2025,ACCL.TA,156.5671233,13
27/03/2025,ACCL.TA,161.567581,14
28/03/2025,ACCL.TA,159.7085059,15
29/03/2025,ACCL.TA,160.7527931,16
30/03/2025,ACCL.TA,162.0348475,17
31/03/2025,ACCL.TA,168.3232395,18
01/04/2025,ACCL.TA,172.9398011,19
02/04/2025,ACCL.TA,172.1943168,20
03/04/2025,ACCL.TA,177.1439979,21
04/04/2025,ACCL.TA,175.3796991,22
05/04/2025,ACCL.TA,183.5350003,23
06/04/2025,ACCL.TA,184.9846554,24
07/04/2025,ACCL.TA,185.9174666,25
08/04/2025,ACCL.TA,181.7744522,26
09/04/2025,ACCL.TA,177.6184044,27
10/04/2025,ACCL.TA,178.5140703,28
11/04/2025,ACCL.TA,185.4420026,29
12/04/2025,ACCL.TA,185.9957755,30
14/03/2025,ACKR.TA,702.036111,1
15/03/2025,ACKR.TA,729.4832408,2
16/03/2025,ACKR.TA,725.4429382,3
17/03/2025,ACKR.TA,729.4256697,4
18/03/2025,ACKR.TA,769.9128168,5
19/03/2025,ACKR.TA,763.7996716,6
20/03/2025,ACKR.TA,765.0802871,7
21/03/2025,ACKR.TA,771.9015968,8
22/03/2025,ACKR.TA,784.4810684,9
23/03/2025,ACKR.TA,774.8867266,10
24/03/2025,ACKR.TA,778.9360814,11
25/03/2025,ACKR.TA,787.2231901,12
26/03/2025,ACKR.TA,788.6815404,13
27/03/2025,ACKR.TA,785.0052103,14
28/03/2025,ACKR.TA,772.4681282,15
29/03/2025,ACKR.TA,779.7657247,16
30/03/2025,ACKR.TA,760.6023298,17
31/03/2025,ACKR.TA,759.2390235,18
01/04/2025,ACKR.TA,771.6121366,19
02/04/2025,ACKR.TA,751.2942649,20
03/04/2025,ACKR.TA,748.1243706,21
04/04/2025,ACKR.TA,746.6078433,22
05/04/2025,ACKR.TA,746.7022655,23
06/04/2025,ACKR.TA,743.8739302,24
07/04/2025,ACKR.TA,749.4361425,25
08/04/2025,ACKR.TA,749.5309224,26
09/04/2025,ACKR.TA,744.9211309,27
10/04/2025,ACKR.TA,720.2855842,28
11/04/2025,ACKR.TA,727.9487096,29
12/04/2025,ACKR.TA,768.3538773,30
14/03/2025,ACRO.TA,5338.583417,1
15/03/2025,ACRO.TA,5269.390245,2
16/03/2025,ACRO.TA,5125.190095,3
17/03/2025,ACRO.TA,5224.019551,4
18/03/2025,ACRO.TA,5366.439626,5
19/03/2025,ACRO.TA,5438.31049,6
20/03/2025,ACRO.TA,5323.474963,7
21/03/2025,ACRO.TA,5315.641894,8
22/03/2025,ACRO.TA,5293.19291,9
23/03/2025,ACRO.TA,5318.476781,10
24/03/2025,ACRO.TA,5255.692298,11
25/03/2025,ACRO.TA,5144.712943,12
26/03/2025,ACRO.TA,5035.280499,13
27/03/2025,ACRO.TA,5036.799472,14
28/03/2025,ACRO.TA,5013.451198,15
29/03/2025,ACRO.TA,5093.483061,16
30/03/2025,ACRO.TA,5320.635173,17
31/03/2025,ACRO.TA,5340.824105,18
01/04/2025,ACRO.TA,5315.383724,19
02/04/2025,ACRO.TA,5463.202757,20
03/04/2025,ACRO.TA,5314.96383,21
04/04/2025,ACRO.TA,5425.528839,22
05/04/2025,ACRO.TA,5451.444836,23
06/04/2025,ACRO.TA,5481.388605,24
07/04/2025,ACRO.TA,5540.00094,25
08/04/2025,ACRO.TA,5599.240015,26
09/04/2025,ACRO.TA,5447.309843,27
10/04/2025,ACRO.TA,5474.312439,28
11/04/2025,ACRO.TA,5561.701227,29
12/04/2025,ACRO.TA,5716.370266,30
14/03/2025,ADGR.TA,496.4839282,1
15/03/2025,ADGR.TA,490.8384585,2
16/03/2025,ADGR.TA,504.1705296,3
17/03/2025,ADGR.TA,497.7425571,4
18/03/2025,ADGR.TA,501.1353801,5
19/03/2025,ADGR.TA,502.2947812,6
20/03/2025,ADGR.TA,511.2775969,7
21/03/2025,ADGR.TA,505.7141524,8
22/03/2025,ADGR.TA,523.698435,9
23/03/2025,ADGR.TA,522.6040218,10
24/03/2025,ADGR.TA,515.9410297,11
25/03/2025,ADGR.TA,512.94688,12
26/03/2025,ADGR.TA,512.4895607,13
27/03/2025,ADGR.TA,518.1253322,14
28/03/2025,ADGR.TA,517.8682788,15
29/03/2025,ADGR.TA,521.6572064,16
30/03/2025,ADGR.TA,516.6757859,17
31/03/2025,ADGR.TA,506.3293986,18
01/04/2025,ADGR.TA,508.6123981,19
02/04/2025,ADGR.TA,506.972829,20
03/04/2025,ADGR.TA,498.4269135,21
04/04/2025,ADGR.TA,490.2166712,22
05/04/2025,ADGR.TA,489.7796172,23
06/04/2025,ADGR.TA,493.5584902,24
07/04/2025,ADGR.TA,498.4874899,25
08/04/2025,ADGR.TA,515.6948925,26
09/04/2025,ADGR.TA,511.5252035,27
10/04/2025,ADGR.TA,510.7837752,28
11/04/2025,ADGR.TA,518.5644666,29
12/04/2025,ADGR.TA,518.0154504,30
14/03/2025,ARDM.TA,46.81711093,1
15/03/2025,ARDM.TA,45.77361781,2
16/03/2025,ARDM.TA,48.72552146,3
17/03/2025,ARDM.TA,46.86418659,4
18/03/2025,ARDM.TA,47.22074494,5
19/03/2025,ARDM.TA,46.39800668,6
20/03/2025,ARDM.TA,45.98297033,7
21/03/2025,ARDM.TA,45.07358814,8
22/03/2025,ARDM.TA,43.22791376,9
23/03/2025,ARDM.TA,41.45781611,10
24/03/2025,ARDM.TA,41.39812995,11
25/03/2025,ARDM.TA,42.81540246,12
26/03/2025,ARDM.TA,43.94485937,13
27/03/2025,ARDM.TA,44.41927489,14
28/03/2025,ARDM.TA,42.85779303,15
29/03/2025,ARDM.TA,43.0122121,16
30/03/2025,ARDM.TA,42.89888807,17
31/03/2025,ARDM.TA,42.31331922,18
01/04/2025,ARDM.TA,40.75660966,19
02/04/2025,ARDM.TA,40.37208511,20
03/04/2025,ARDM.TA,41.06635899,21
04/04/2025,ARDM.TA,42.67144382,22
05/04/2025,ARDM.TA,40.31936171,23
06/04/2025,ARDM.TA,38.83600998,24
07/04/2025,ARDM.TA,40.73258926,25
08/04/2025,ARDM.TA,39.8247123,26
09/04/2025,ARDM.TA,39.69128131,27
10/04/2025,ARDM.TA,40.94112119,28
11/04/2025,ARDM.TA,40.21806112,29
12/04/2025,ARDM.TA,40.16015982,30
14/03/2025,AFHL.TA,18734.559,1
15/03/2025,AFHL.TA,18838.32841,2
16/03/2025,AFHL.TA,19263.48427,3
17/03/2025,AFHL.TA,19338.6205,4
18/03/2025,AFHL.TA,19482.85663,5
19/03/2025,AFHL.TA,19411.67132,6
20/03/2025,AFHL.TA,19519.47622,7
21/03/2025,AFHL.TA,19572.16691,8
22/03/2025,AFHL.TA,20881.42652,9
23/03/2025,AFHL.TA,21011.53774,10
24/03/2025,AFHL.TA,22142.25026,11
25/03/2025,AFHL.TA,21663.80764,12
26/03/2025,AFHL.TA,21722.28672,13
27/03/2025,AFHL.TA,21780.92366,14
28/03/2025,AFHL.TA,21803.12312,15
29/03/2025,AFHL.TA,24192.80265,16
30/03/2025,AFHL.TA,25811.15484,17
31/03/2025,AFHL.TA,25880.82923,18
01/04/2025,AFHL.TA,25536.08321,19
02/04/2025,AFHL.TA,25395.01526,20
03/04/2025,AFHL.TA,25577.26785,21
04/04/2025,AFHL.TA,25449.20034,22
05/04/2025,AFHL.TA,25546.67782,23
06/04/2025,AFHL.TA,25418.76347,24
07/04/2025,AFHL.TA,25608.34805,25
08/04/2025,AFHL.TA,25628.93752,26
09/04/2025,AFHL.TA,25574.45176,27
10/04/2025,AFHL.TA,25747.1611,28
11/04/2025,AFHL.TA,25867.87513,29
12/04/2025,AFHL.TA,25841.02214,30
14/03/2025,AFPR.TA,17236.52198,1
15/03/2025,AFPR.TA,17041.85404,2
16/03/2025,AFPR.TA,17481.92992,3
17/03/2025,AFPR.TA,17751.6057,4
18/03/2025,AFPR.TA,17760.63941,5
19/03/2025,AFPR.TA,16887.3915,6
20/03/2025,AFPR.TA,17033.62505,7
21/03/2025,AFPR.TA,16957.60531,8
22/03/2025,AFPR.TA,17167.64724,9
23/03/2025,AFPR.TA,17333.91866,10
24/03/2025,AFPR.TA,17151.89786,11
25/03/2025,AFPR.TA,17322.46569,12
26/03/2025,AFPR.TA,17009.71574,13
27/03/2025,AFPR.TA,16931.73082,14
28/03/2025,AFPR.TA,16740.50517,15
29/03/2025,AFPR.TA,16676.86321,16
30/03/2025,AFPR.TA,16842.70703,17
31/03/2025,AFPR.TA,16918.0058,18
01/04/2025,AFPR.TA,17168.54354,19
02/04/2025,AFPR.TA,17011.93599,20
03/04/2025,AFPR.TA,17333.38676,21
04/04/2025,AFPR.TA,17200.44306,22
05/04/2025,AFPR.TA,17763.6182,23
06/04/2025,AFPR.TA,17876.05611,24
07/04/2025,AFPR.TA,17712.99479,25
08/04/2025,AFPR.TA,17861.66279,26
09/04/2025,AFPR.TA,17316.55384,27
10/04/2025,AFPR.TA,17549.78389,28
11/04/2025,AFPR.TA,17483.06531,29
12/04/2025,AFPR.TA,17348.97361,30
14/03/2025,AFRE.TA,24798.0546,1
15/03/2025,AFRE.TA,25678.93843,2
16/03/2025,AFRE.TA,25470.4701,3
17/03/2025,AFRE.TA,25360.5474,4
18/03/2025,AFRE.TA,25014.95817,5
19/03/2025,AFRE.TA,23952.66887,6
20/03/2025,AFRE.TA,24469.9023,7
21/03/2025,AFRE.TA,24622.96692,8
22/03/2025,AFRE.TA,24412.21212,9
23/03/2025,AFRE.TA,24649.51424,10
24/03/2025,AFRE.TA,24653.07295,11
25/03/2025,AFRE.TA,24855.94058,12
26/03/2025,AFRE.TA,24089.9224,13
27/03/2025,AFRE.TA,23590.89307,14
28/03/2025,AFRE.TA,24564.82551,15
29/03/2025,AFRE.TA,24466.82099,16
30/03/2025,AFRE.TA,23747.61844,17
31/03/2025,AFRE.TA,23574.26064,18
01/04/2025,AFRE.TA,24064.14132,19
02/04/2025,AFRE.TA,23917.04394,20
03/04/2025,AFRE.TA,23506.59725,21
04/04/2025,AFRE.TA,23939.71814,22
05/04/2025,AFRE.TA,23599.75883,23
06/04/2025,AFRE.TA,24571.22744,24
07/04/2025,AFRE.TA,24867.92726,25
08/04/2025,AFRE.TA,24846.56268,26
09/04/2025,AFRE.TA,25362.8822,27
10/04/2025,AFRE.TA,25966.47696,28
11/04/2025,AFRE.TA,26017.6998,29
12/04/2025,AFRE.TA,27264.5458,30
14/03/2025,ARPT.TA,5485.963061,1
15/03/2025,ARPT.TA,5554.233298,2
16/03/2025,ARPT.TA,5555.384022,3
17/03/2025,ARPT.TA,5586.531611,4
18/03/2025,ARPT.TA,5833.107262,5
19/03/2025,ARPT.TA,5730.051747,6
20/03/2025,ARPT.TA,5611.002815,7
21/03/2025,ARPT.TA,5709.114426,8
22/03/2025,ARPT.TA,5671.722284,9
23/03/2025,ARPT.TA,5702.268501,10
24/03/2025,ARPT.TA,5773.230557,11
25/03/2025,ARPT.TA,5874.178814,12
26/03/2025,ARPT.TA,5741.240016,13
27/03/2025,ARPT.TA,5622.845138,14
28/03/2025,ARPT.TA,5626.728769,15
29/03/2025,ARPT.TA,5499.390024,16
30/03/2025,ARPT.TA,5385.982536,17
31/03/2025,ARPT.TA,5389.290392,18
01/04/2025,ARPT.TA,5350.732369,19
02/04/2025,ARPT.TA,5271.036191,20
03/04/2025,ARPT.TA,5449.037219,21
04/04/2025,ARPT.TA,5516.84793,22
05/04/2025,ARPT.TA,5534.309296,23
06/04/2025,ARPT.TA,5574.556527,24
07/04/2025,ARPT.TA,5581.124212,25
08/04/2025,ARPT.TA,5565.07669,26
09/04/2025,ARPT.TA,5661.263081,27
10/04/2025,ARPT.TA,5646.821201,28
11/04/2025,ARPT.TA,5594.765218,29
12/04/2025,ARPT.TA,5600.464644,30
14/03/2025,ARTS.TA,82.03234208,1
15/03/2025,ARTS.TA,75.83632734,2
16/03/2025,ARTS.TA,73.87698617,3
17/03/2025,ARTS.TA,68.82176327,4
18/03/2025,ARTS.TA,89.86892417,5
19/03/2025,ARTS.TA,72.80789441,6
20/03/2025,ARTS.TA,62.44904578,7
21/03/2025,ARTS.TA,67.65099642,8
22/03/2025,ARTS.TA,72.65528626,9
23/03/2025,ARTS.TA,64.9790957,10
24/03/2025,ARTS.TA,41.06124022,11
25/03/2025,ARTS.TA,44.68604317,12
26/03/2025,ARTS.TA,44.55021234,13
27/03/2025,ARTS.TA,44.68106156,14
28/03/2025,ARTS.TA,47.31858199,15
29/03/2025,ARTS.TA,47.12064514,16
30/03/2025,ARTS.TA,37.42885344,17
31/03/2025,ARTS.TA,52.81139702,18
01/04/2025,ARTS.TA,56.29444758,19
02/04/2025,ARTS.TA,61.26660406,20
03/04/2025,ARTS.TA,54.5663684,21
04/04/2025,ARTS.TA,43.34313759,22
05/04/2025,ARTS.TA,46.46052697,23
06/04/2025,ARTS.TA,46.26617942,24
07/04/2025,ARTS.TA,41.37805596,25
08/04/2025,ARTS.TA,41.7778041,26
09/04/2025,ARTS.TA,39.47113637,27
10/04/2025,ARTS.TA,37.29182613,28
11/04/2025,ARTS.TA,43.28318372,29
12/04/2025,ARTS.TA,51.13491355,30
14/03/2025,ALAR.TA,268.6810626,1
15/03/2025,ALAR.TA,250.4382373,2
16/03/2025,ALAR.TA,244.79304,3
17/03/2025,ALAR.TA,247.7790518,4
18/03/2025,ALAR.TA,233.5006425,5
19/03/2025,ALAR.TA,214.3839721,6
20/03/2025,ALAR.TA,213.683436,7
21/03/2025,ALAR.TA,202.5173677,8
22/03/2025,ALAR.TA,209.4200713,9
23/03/2025,ALAR.TA,226.7226592,10
24/03/2025,ALAR.TA,228.4921852,11
25/03/2025,ALAR.TA,221.3518473,12
26/03/2025,ALAR.TA,226.8886526,13
27/03/2025,ALAR.TA,225.2823068,14
28/03/2025,ALAR.TA,230.7401286,15
29/03/2025,ALAR.TA,228.6055518,16
30/03/2025,ALAR.TA,239.7883728,17
31/03/2025,ALAR.TA,243.4151733,18
01/04/2025,ALAR.TA,240.0890959,19
02/04/2025,ALAR.TA,226.2538247,20
03/04/2025,ALAR.TA,217.1581349,21
04/04/2025,ALAR.TA,203.3543294,22
05/04/2025,ALAR.TA,189.9649342,23
06/04/2025,ALAR.TA,198.5779343,24
07/04/2025,ALAR.TA,179.2654905,25
08/04/2025,ALAR.TA,177.4138744,26
09/04/2025,ALAR.TA,170.1510696,27
10/04/2025,ALAR.TA,172.7246055,28
11/04/2025,ALAR.TA,162.0614432,29
12/04/2025,ALAR.TA,170.2223748,30
14/03/2025,ALBA.TA,1850.622761,1
15/03/2025,ALBA.TA,1842.463534,2
16/03/2025,ALBA.TA,1876.731192,3
17/03/2025,ALBA.TA,1900.166872,4
18/03/2025,ALBA.TA,1894.088117,5
19/03/2025,ALBA.TA,1899.384157,6
20/03/2025,ALBA.TA,1938.206705,7
21/03/2025,ALBA.TA,1953.784983,8
22/03/2025,ALBA.TA,1980.230025,9
23/03/2025,ALBA.TA,1966.511591,10
24/03/2025,ALBA.TA,1947.77082,11
25/03/2025,ALBA.TA,1925.802018,12
26/03/2025,ALBA.TA,1948.396673,13
27/03/2025,ALBA.TA,1971.00385,14
28/03/2025,ALBA.TA,1920.534579,15
29/03/2025,ALBA.TA,1959.789431,16
30/03/2025,ALBA.TA,1928.288467,17
31/03/2025,ALBA.TA,1943.787028,18
01/04/2025,ALBA.TA,1968.060068,19
02/04/2025,ALBA.TA,1939.600167,20
03/04/2025,ALBA.TA,1882.43134,21
04/04/2025,ALBA.TA,1894.21196,22
05/04/2025,ALBA.TA,1922.260417,23
06/04/2025,ALBA.TA,2004.671584,24
07/04/2025,ALBA.TA,1974.832858,25
08/04/2025,ALBA.TA,1970.367291,26
09/04/2025,ALBA.TA,1982.103844,27
10/04/2025,ALBA.TA,2059.683273,28
11/04/2025,ALBA.TA,2140.299156,29
12/04/2025,ALBA.TA,2113.655983,30
14/03/2025,ALMD.TA,33.48508956,1
15/03/2025,ALMD.TA,33.2363453,2
16/03/2025,ALMD.TA,33.69037611,3
17/03/2025,ALMD.TA,34.54400616,4
18/03/2025,ALMD.TA,33.51013301,5
19/03/2025,ALMD.TA,31.49737451,6
20/03/2025,ALMD.TA,30.69050874,7
21/03/2025,ALMD.TA,30.40937312,8
22/03/2025,ALMD.TA,29.522865,9
23/03/2025,ALMD.TA,29.89390043,10
24/03/2025,ALMD.TA,28.29712209,11
25/03/2025,ALMD.TA,26.06348546,12
26/03/2025,ALMD.TA,25.3958192,13
27/03/2025,ALMD.TA,25.4548583,14
28/03/2025,ALMD.TA,24.84296647,15
29/03/2025,ALMD.TA,23.97732827,16
30/03/2025,ALMD.TA,24.04523722,17
31/03/2025,ALMD.TA,23.66446199,18
01/04/2025,ALMD.TA,23.61213759,19
02/04/2025,ALMD.TA,23.99144653,20
03/04/2025,ALMD.TA,23.62495605,21
04/04/2025,ALMD.TA,26.853835,22
05/04/2025,ALMD.TA,26.90061198,23
06/04/2025,ALMD.TA,26.11639289,24
07/04/2025,ALMD.TA,26.19274907,25
08/04/2025,ALMD.TA,24.12522137,26
09/04/2025,ALMD.TA,23.94600696,27
10/04/2025,ALMD.TA,23.56680312,28
11/04/2025,ALMD.TA,23.36428417,29
12/04/2025,ALMD.TA,24.14928002,30
14/03/2025,ALLT.TA,1984.548619,1
15/03/2025,ALLT.TA,2004.393309,2
16/03/2025,ALLT.TA,1946.377879,3
17/03/2025,ALLT.TA,1879.951929,4
18/03/2025,ALLT.TA,1801.481443,5
19/03/2025,ALLT.TA,1799.337789,6
20/03/2025,ALLT.TA,1816.745924,7
21/03/2025,ALLT.TA,1788.998338,8
22/03/2025,ALLT.TA,1717.513603,9
23/03/2025,ALLT.TA,1776.448237,10
24/03/2025,ALLT.TA,1808.467777,11
25/03/2025,ALLT.TA,1926.071521,12
26/03/2025,ALLT.TA,2051.322978,13
27/03/2025,ALLT.TA,2027.339013,14
28/03/2025,ALLT.TA,2241.165165,15
29/03/2025,ALLT.TA,2128.10463,16
30/03/2025,ALLT.TA,2138.883751,17
31/03/2025,ALLT.TA,2248.727743,18
01/04/2025,ALLT.TA,2154.864302,19
02/04/2025,ALLT.TA,2225.222583,20
03/04/2025,ALLT.TA,2266.523652,21
04/04/2025,ALLT.TA,2222.975564,22
05/04/2025,ALLT.TA,2255.371072,23
06/04/2025,ALLT.TA,2231.702267,24
07/04/2025,ALLT.TA,2156.11441,25
08/04/2025,ALLT.TA,2345.145528,26
09/04/2025,ALLT.TA,2388.164043,27
10/04/2025,ALLT.TA,2648.908168,28
11/04/2025,ALLT.TA,2732.098449,29
12/04/2025,ALLT.TA,2813.093854,30
14/03/2025,ALMY.TA,1249.158298,1
15/03/2025,ALMY.TA,1254.786245,2
16/03/2025,ALMY.TA,1255.428397,3
17/03/2025,ALMY.TA,1257.504594,4
18/03/2025,ALMY.TA,1258.064332,5
19/03/2025,ALMY.TA,1323.37678,6
20/03/2025,ALMY.TA,491.1880344,7
21/03/2025,ALMY.TA,523.3123797,8
22/03/2025,ALMY.TA,526.5394124,9
23/03/2025,ALMY.TA,528.2064256,10
24/03/2025,ALMY.TA,498.762267,11
25/03/2025,ALMY.TA,501.0093863,12
26/03/2025,ALMY.TA,498.1036071,13
27/03/2025,ALMY.TA,432.4519467,14
28/03/2025,ALMY.TA,409.1363068,15
29/03/2025,ALMY.TA,408.0932817,16
30/03/2025,ALMY.TA,445.1344436,17
31/03/2025,ALMY.TA,468.243612,18
01/04/2025,ALMY.TA,468.2914762,19
02/04/2025,ALMY.TA,173.8123059,20
03/04/2025,ALMY.TA,174.4726996,21
04/04/2025,ALMY.TA,183.5304551,22
05/04/2025,ALMY.TA,177.4612703,23
06/04/2025,ALMY.TA,159.6780931,24
07/04/2025,ALMY.TA,184.577582,25
08/04/2025,ALMY.TA,183.8141345,26
09/04/2025,ALMY.TA,162.5654099,27
10/04/2025,ALMY.TA,158.4408131,28
11/04/2025,ALMY.TA,167.9391079,29
12/04/2025,ALMY.TA,167.9831098,30
07/03/2025,AMDA.TA,157.030215,1
08/03/2025,AMDA.TA,154.9349224,2
09/03/2025,AMDA.TA,149.7084478,3
10/03/2025,AMDA.TA,149.4294976,4
11/03/2025,AMDA.TA,143.8361269,5
12/03/2025,AMDA.TA,148.8427456,6
13/03/2025,AMDA.TA,142.9209564,7
14/03/2025,AMDA.TA,142.4746875,8
15/03/2025,AMDA.TA,141.9608321,9
16/03/2025,AMDA.TA,135.1712066,10
17/03/2025,AMDA.TA,135.0093418,11
18/03/2025,AMDA.TA,137.5050437,12
19/03/2025,AMDA.TA,131.9204633,13
20/03/2025,AMDA.TA,137.7935321,14
21/03/2025,AMDA.TA,135.5803246,15
22/03/2025,AMDA.TA,136.0833514,16
23/03/2025,AMDA.TA,142.1417511,17
24/03/2025,AMDA.TA,141.6979153,18
25/03/2025,AMDA.TA,137.5903516,19
26/03/2025,AMDA.TA,132.116245,20
27/03/2025,AMDA.TA,128.2864364,21
28/03/2025,AMDA.TA,131.6002693,22
29/03/2025,AMDA.TA,125.9499186,23
30/03/2025,AMDA.TA,129.3420365,24
31/03/2025,AMDA.TA,135.0149069,25
01/04/2025,AMDA.TA,127.9473801,26
02/04/2025,AMDA.TA,127.7941656,27
03/04/2025,AMDA.TA,121.8005256,28
04/04/2025,AMDA.TA,124.0520572,29
05/04/2025,AMDA.TA,127.2565097,30
14/03/2025,ALMA.TA,907.1867838,1
15/03/2025,ALMA.TA,933.9179269,2
16/03/2025,ALMA.TA,948.8899862,3
17/03/2025,ALMA.TA,981.7964586,4
18/03/2025,ALMA.TA,988.2306173,5
19/03/2025,ALMA.TA,965.5436291,6
20/03/2025,ALMA.TA,969.5450093,7
21/03/2025,ALMA.TA,975.0336007,8
22/03/2025,ALMA.TA,970.7064754,9
23/03/2025,ALMA.TA,973.3263339,10
24/03/2025,ALMA.TA,982.6349549,11
25/03/2025,ALMA.TA,964.3982502,12
26/03/2025,ALMA.TA,960.6301147,13
27/03/2025,ALMA.TA,958.1171828,14
28/03/2025,ALMA.TA,972.322003,15
29/03/2025,ALMA.TA,958.8680229,16
30/03/2025,ALMA.TA,962.1843455,17
31/03/2025,ALMA.TA,916.3194083,18
01/04/2025,ALMA.TA,926.2549314,19
02/04/2025,ALMA.TA,924.340406,20
03/04/2025,ALMA.TA,924.846116,21
04/04/2025,ALMA.TA,935.0797511,22
05/04/2025,ALMA.TA,946.263492,23
06/04/2025,ALMA.TA,954.5586877,24
07/04/2025,ALMA.TA,958.5514141,25
08/04/2025,ALMA.TA,939.8212525,26
09/04/2025,ALMA.TA,955.6236832,27
10/04/2025,ALMA.TA,963.6499275,28
11/04/2025,ALMA.TA,917.7151297,29
12/04/2025,ALMA.TA,934.6602179,30
14/03/2025,ALHE.TA,3192.851185,1
15/03/2025,ALHE.TA,3181.999682,2
16/03/2025,ALHE.TA,3206.598861,3
17/03/2025,ALHE.TA,3200.655797,4
18/03/2025,ALHE.TA,3338.453076,5
19/03/2025,ALHE.TA,3374.233105,6
20/03/2025,ALHE.TA,3392.993781,7
21/03/2025,ALHE.TA,3324.969873,8
22/03/2025,ALHE.TA,3474.9057,9
23/03/2025,ALHE.TA,3434.007528,10
24/03/2025,ALHE.TA,3442.848181,11
25/03/2025,ALHE.TA,3517.462387,12
26/03/2025,ALHE.TA,3521.874282,13
27/03/2025,ALHE.TA,3495.646484,14
28/03/2025,ALHE.TA,3579.048072,15
29/03/2025,ALHE.TA,3529.566524,16
30/03/2025,ALHE.TA,3523.024876,17
31/03/2025,ALHE.TA,3639.045376,18
01/04/2025,ALHE.TA,3514.484122,19
02/04/2025,ALHE.TA,3432.497093,20
03/04/2025,ALHE.TA,3375.852396,21
04/04/2025,ALHE.TA,3254.034445,22
05/04/2025,ALHE.TA,3208.326886,23
06/04/2025,ALHE.TA,3233.486492,24
07/04/2025,ALHE.TA,3191.938768,25
08/04/2025,ALHE.TA,3206.08811,26
09/04/2025,ALHE.TA,3189.985503,27
10/04/2025,ALHE.TA,3224.169846,28
11/04/2025,ALHE.TA,3170.963064,29
12/04/2025,ALHE.TA,3192.001237,30
14/03/2025,ALRPR.TA,19262.67501,1
15/03/2025,ALRPR.TA,19359.9876,2
16/03/2025,ALRPR.TA,19302.02468,3
17/03/2025,ALRPR.TA,19880.59732,4
18/03/2025,ALRPR.TA,19947.91607,5
19/03/2025,ALRPR.TA,20880.01227,6
20/03/2025,ALRPR.TA,21105.4622,7
21/03/2025,ALRPR.TA,21034.92606,8
22/03/2025,ALRPR.TA,20850.82336,9
23/03/2025,ALRPR.TA,20903.30681,10
24/03/2025,ALRPR.TA,20832.53848,11
25/03/2025,ALRPR.TA,20840.31906,12
26/03/2025,ALRPR.TA,20945.6017,13
27/03/2025,ALRPR.TA,20938.04293,14
28/03/2025,ALRPR.TA,20743.14449,15
29/03/2025,ALRPR.TA,20817.01964,16
30/03/2025,ALRPR.TA,21010.27319,17
31/03/2025,ALRPR.TA,21706.51494,18
01/04/2025,ALRPR.TA,21775.5497,19
02/04/2025,ALRPR.TA,21740.15816,20
03/04/2025,ALRPR.TA,21715.91511,21
04/04/2025,ALRPR.TA,21744.80664,22
05/04/2025,ALRPR.TA,21739.54539,23
06/04/2025,ALRPR.TA,21729.3033,24
07/04/2025,ALRPR.TA,21603.06709,25
08/04/2025,ALRPR.TA,21552.0884,26
09/04/2025,ALRPR.TA,21830.70199,27
10/04/2025,ALRPR.TA,21884.7451,28
11/04/2025,ALRPR.TA,21913.86125,29
12/04/2025,ALRPR.TA,22095.53336,30
14/03/2025,ALUMA.TA,41.08688264,1
15/03/2025,ALUMA.TA,40.5463703,2
16/03/2025,ALUMA.TA,40.86731496,3
17/03/2025,ALUMA.TA,42.06295923,4
18/03/2025,ALUMA.TA,42.4268762,5
19/03/2025,ALUMA.TA,42.59912282,6
20/03/2025,ALUMA.TA,41.27413009,7
21/03/2025,ALUMA.TA,41.97764725,8
22/03/2025,ALUMA.TA,42.84514468,9
23/03/2025,ALUMA.TA,47.53850754,10
24/03/2025,ALUMA.TA,45.60604176,11
25/03/2025,ALUMA.TA,44.82575281,12
26/03/2025,ALUMA.TA,46.08203924,13
27/03/2025,ALUMA.TA,44.28935414,14
28/03/2025,ALUMA.TA,48.26133545,15
29/03/2025,ALUMA.TA,47.15114423,16
30/03/2025,ALUMA.TA,45.59037755,17
31/03/2025,ALUMA.TA,46.06722107,18
01/04/2025,ALUMA.TA,46.67857716,19
02/04/2025,ALUMA.TA,46.40978011,20
03/04/2025,ALUMA.TA,46.03606839,21
04/04/2025,ALUMA.TA,44.60751504,22
05/04/2025,ALUMA.TA,44.97002327,23
06/04/2025,ALUMA.TA,43.46166555,24
07/04/2025,ALUMA.TA,42.0230256,25
08/04/2025,ALUMA.TA,41.90402781,26
09/04/2025,ALUMA.TA,44.2572982,27
10/04/2025,ALUMA.TA,44.24462806,28
11/04/2025,ALUMA.TA,43.46423442,29
12/04/2025,ALUMA.TA,42.85885977,30
14/03/2025,AMAN.TA,1796.214371,1
15/03/2025,AMAN.TA,1780.830874,2
16/03/2025,AMAN.TA,1781.914209,3
17/03/2025,AMAN.TA,1781.964761,4
18/03/2025,AMAN.TA,1766.107303,5
19/03/2025,AMAN.TA,1768.371503,6
20/03/2025,AMAN.TA,1783.801546,7
21/03/2025,AMAN.TA,1826.457647,8
22/03/2025,AMAN.TA,1829.195099,9
23/03/2025,AMAN.TA,1825.283289,10
24/03/2025,AMAN.TA,1835.640405,11
25/03/2025,AMAN.TA,1875.559426,12
26/03/2025,AMAN.TA,1878.675564,13
27/03/2025,AMAN.TA,1803.151623,14
28/03/2025,AMAN.TA,1785.29748,15
29/03/2025,AMAN.TA,1757.22086,16
30/03/2025,AMAN.TA,1722.679612,17
31/03/2025,AMAN.TA,1724.888136,18
01/04/2025,AMAN.TA,1728.719354,19
02/04/2025,AMAN.TA,1726.179208,20
03/04/2025,AMAN.TA,1753.547479,21
04/04/2025,AMAN.TA,1748.658089,22
05/04/2025,AMAN.TA,1759.661211,23
06/04/2025,AMAN.TA,1808.73923,24
07/04/2025,AMAN.TA,1804.871166,25
08/04/2025,AMAN.TA,1809.13533,26
09/04/2025,AMAN.TA,1849.30736,27
10/04/2025,AMAN.TA,1844.150965,28
11/04/2025,AMAN.TA,1873.389658,29
12/04/2025,AMAN.TA,1897.423858,30
14/03/2025,AMD.TA,886.618779,1
15/03/2025,AMD.TA,878.6994789,2
16/03/2025,AMD.TA,878.0316957,3
17/03/2025,AMD.TA,886.7593881,4
18/03/2025,AMD.TA,884.7779255,5
19/03/2025,AMD.TA,885.1655584,6
20/03/2025,AMD.TA,887.0604125,7
21/03/2025,AMD.TA,865.1242104,8
22/03/2025,AMD.TA,880.4688618,9
23/03/2025,AMD.TA,879.0515375,10
24/03/2025,AMD.TA,893.1490406,11
25/03/2025,AMD.TA,897.2514918,12
26/03/2025,AMD.TA,901.787215,13
27/03/2025,AMD.TA,906.8332116,14
28/03/2025,AMD.TA,908.7744492,15
29/03/2025,AMD.TA,905.4507674,16
30/03/2025,AMD.TA,897.3632595,17
31/03/2025,AMD.TA,908.8194611,18
01/04/2025,AMD.TA,898.4422627,19
02/04/2025,AMD.TA,898.9153561,20
03/04/2025,AMD.TA,889.4107941,21
04/04/2025,AMD.TA,901.1381879,22
05/04/2025,AMD.TA,916.7839361,23
06/04/2025,AMD.TA,919.6325469,24
07/04/2025,AMD.TA,909.9089344,25
08/04/2025,AMD.TA,899.519296,26
09/04/2025,AMD.TA,898.0713055,27
10/04/2025,AMD.TA,889.5508745,28
11/04/2025,AMD.TA,905.32878,29
12/04/2025,AMD.TA,883.3501179,30
14/03/2025,AMRK.TA,3255.965485,1
15/03/2025,AMRK.TA,3256.740666,2
16/03/2025,AMRK.TA,3274.788776,3
17/03/2025,AMRK.TA,3375.128269,4
18/03/2025,AMRK.TA,3424.021779,5
19/03/2025,AMRK.TA,3482.652851,6
20/03/2025,AMRK.TA,3483.482001,7
21/03/2025,AMRK.TA,3545.482825,8
22/03/2025,AMRK.TA,3464.106902,9
23/03/2025,AMRK.TA,3606.419541,10
24/03/2025,AMRK.TA,3490.526829,11
25/03/2025,AMRK.TA,3503.921553,12
26/03/2025,AMRK.TA,3423.499545,13
27/03/2025,AMRK.TA,3436.623348,14
28/03/2025,AMRK.TA,3479.839866,15
29/03/2025,AMRK.TA,3652.594868,16
30/03/2025,AMRK.TA,3642.898553,17
31/03/2025,AMRK.TA,3602.908298,18
01/04/2025,AMRK.TA,3620.493675,19
02/04/2025,AMRK.TA,3600.984729,20
03/04/2025,AMRK.TA,3704.784577,21
04/04/2025,AMRK.TA,3692.665849,22
05/04/2025,AMRK.TA,3651.516698,23
06/04/2025,AMRK.TA,3697.435561,24
07/04/2025,AMRK.TA,3715.809406,25
08/04/2025,AMRK.TA,3672.287452,26
09/04/2025,AMRK.TA,3674.399224,27
10/04/2025,AMRK.TA,3669.018801,28
11/04/2025,AMRK.TA,3687.771911,29
12/04/2025,AMRK.TA,3750.919296,30
14/03/2025,AMOT.TA,1873.88076,1
15/03/2025,AMOT.TA,1875.49317,2
16/03/2025,AMOT.TA,1901.221556,3
17/03/2025,AMOT.TA,1881.013906,4
18/03/2025,AMOT.TA,1870.760276,5
19/03/2025,AMOT.TA,1860.562539,6
20/03/2025,AMOT.TA,1861.377014,7
21/03/2025,AMOT.TA,1826.931181,8
22/03/2025,AMOT.TA,1835.026571,9
23/03/2025,AMOT.TA,1875.335115,10
24/03/2025,AMOT.TA,1905.197476,11
25/03/2025,AMOT.TA,1928.600459,12
26/03/2025,AMOT.TA,1917.55873,13
27/03/2025,AMOT.TA,1918.398155,14
28/03/2025,AMOT.TA,1945.467982,15
29/03/2025,AMOT.TA,1901.198566,16
30/03/2025,AMOT.TA,1884.245314,17
31/03/2025,AMOT.TA,1840.033525,18
01/04/2025,AMOT.TA,1855.221363,19
02/04/2025,AMOT.TA,1828.371957,20
03/04/2025,AMOT.TA,1839.725578,21
04/04/2025,AMOT.TA,1801.010332,22
05/04/2025,AMOT.TA,1780.929355,23
06/04/2025,AMOT.TA,1809.288421,24
07/04/2025,AMOT.TA,1768.117792,25
08/04/2025,AMOT.TA,1755.468094,26
09/04/2025,AMOT.TA,1767.720144,27
10/04/2025,AMOT.TA,1758.71047,28
11/04/2025,AMOT.TA,1786.733991,29
12/04/2025,AMOT.TA,1843.518331,30
14/03/2025,AMRM.TA,3280.17315,1
15/03/2025,AMRM.TA,3271.708463,2
16/03/2025,AMRM.TA,3265.4805,3
17/03/2025,AMRM.TA,3257.053728,4
18/03/2025,AMRM.TA,3250.338331,5
19/03/2025,AMRM.TA,3242.184497,6
20/03/2025,AMRM.TA,3240.105545,7
21/03/2025,AMRM.TA,3234.896411,8
22/03/2025,AMRM.TA,3226.781316,9
23/03/2025,AMRM.TA,3226.256111,10
24/03/2025,AMRM.TA,3233.46356,11
25/03/2025,AMRM.TA,3240.983245,12
26/03/2025,AMRM.TA,3247.328604,13
27/03/2025,AMRM.TA,3241.14705,14
28/03/2025,AMRM.TA,3237.204908,15
29/03/2025,AMRM.TA,3231.042625,16
30/03/2025,AMRM.TA,3222.704722,17
31/03/2025,AMRM.TA,3217.523564,18
01/04/2025,AMRM.TA,3209.45205,19
02/04/2025,AMRM.TA,3202.834797,20
03/04/2025,AMRM.TA,3209.105468,21
04/04/2025,AMRM.TA,3207.047727,22
05/04/2025,AMRM.TA,3201.89174,23
06/04/2025,AMRM.TA,3195.290075,24
07/04/2025,AMRM.TA,3193.241193,25
08/04/2025,AMRM.TA,3189.784436,26
09/04/2025,AMRM.TA,3197.202541,27
10/04/2025,AMRM.TA,3204.637899,28
11/04/2025,AMRM.TA,3201.168804,29
12/04/2025,AMRM.TA,3196.022269,30
14/03/2025,ANGL.TA,3423.705837,1
15/03/2025,ANGL.TA,3330.450298,2
16/03/2025,ANGL.TA,3335.367371,3
17/03/2025,ANGL.TA,3300.92798,4
18/03/2025,ANGL.TA,3346.608977,5
19/03/2025,ANGL.TA,3391.663346,6
20/03/2025,ANGL.TA,3396.424294,7
21/03/2025,ANGL.TA,3283.326294,8
22/03/2025,ANGL.TA,3305.236485,9
23/03/2025,ANGL.TA,3278.87196,10
24/03/2025,ANGL.TA,3538.231461,11
25/03/2025,ANGL.TA,3543.455302,12
26/03/2025,ANGL.TA,3436.860479,13
27/03/2025,ANGL.TA,3335.863538,14
28/03/2025,ANGL.TA,3537.869678,15
29/03/2025,ANGL.TA,3366.553872,16
30/03/2025,ANGL.TA,3367.545769,17
31/03/2025,ANGL.TA,3227.286624,18
01/04/2025,ANGL.TA,3130.202841,19
02/04/2025,ANGL.TA,3130.997674,20
03/04/2025,ANGL.TA,3156.628563,21
04/04/2025,ANGL.TA,3141.363842,22
05/04/2025,ANGL.TA,3124.413184,23
06/04/2025,ANGL.TA,3129.062948,24
07/04/2025,ANGL.TA,3193.46596,25
08/04/2025,ANGL.TA,3238.645929,26
09/04/2025,ANGL.TA,3203.904942,27
10/04/2025,ANGL.TA,3321.554253,28
11/04/2025,ANGL.TA,3239.682692,29
12/04/2025,ANGL.TA,3238.843167,30
14/03/2025,APLP.TA,318.5786841,1
15/03/2025,APLP.TA,316.0517168,2
16/03/2025,APLP.TA,344.5512906,3
17/03/2025,APLP.TA,367.6324026,4
18/03/2025,APLP.TA,446.0307524,5
19/03/2025,APLP.TA,433.6137835,6
20/03/2025,APLP.TA,440.7235834,7
21/03/2025,APLP.TA,417.9181482,8
22/03/2025,APLP.TA,420.5686515,9
23/03/2025,APLP.TA,448.7420828,10
24/03/2025,APLP.TA,472.4785822,11
25/03/2025,APLP.TA,456.7542425,12
26/03/2025,APLP.TA,443.0546792,13
27/03/2025,APLP.TA,513.7173611,14
28/03/2025,APLP.TA,487.7691986,15
29/03/2025,APLP.TA,524.767955,16
30/03/2025,APLP.TA,449.2720367,17
31/03/2025,APLP.TA,441.646876,18
01/04/2025,APLP.TA,474.3500295,19
02/04/2025,APLP.TA,401.372812,20
03/04/2025,APLP.TA,401.955754,21
04/04/2025,APLP.TA,338.9217594,22
05/04/2025,APLP.TA,356.6252119,23
06/04/2025,APLP.TA,349.9418353,24
07/04/2025,APLP.TA,366.1824819,25
08/04/2025,APLP.TA,336.0329574,26
09/04/2025,APLP.TA,301.517355,27
10/04/2025,APLP.TA,299.1902123,28
11/04/2025,APLP.TA,309.6053394,29
12/04/2025,APLP.TA,302.4085984,30
14/03/2025,AQUA.TA,221.2930986,1
15/03/2025,AQUA.TA,163.5016267,2
16/03/2025,AQUA.TA,59.74130768,3
17/03/2025,AQUA.TA,91.35164818,4
18/03/2025,AQUA.TA,68.97686003,5
19/03/2025,AQUA.TA,68.53272264,6
20/03/2025,AQUA.TA,69.34654887,7
21/03/2025,AQUA.TA,58.41698941,8
22/03/2025,AQUA.TA,42.68731057,9
23/03/2025,AQUA.TA,36.32614382,10
24/03/2025,AQUA.TA,46.48821161,11
25/03/2025,AQUA.TA,34.51409188,12
26/03/2025,AQUA.TA,26.54814499,13
27/03/2025,AQUA.TA,29.55446617,14
28/03/2025,AQUA.TA,29.58583374,15
29/03/2025,AQUA.TA,17.16444706,16
30/03/2025,AQUA.TA,16.62687047,17
31/03/2025,AQUA.TA,21.27815924,18
01/04/2025,AQUA.TA,34.91357998,19
02/04/2025,AQUA.TA,17.19056813,20
03/04/2025,AQUA.TA,17.35492198,21
04/04/2025,AQUA.TA,11.71779723,22
05/04/2025,AQUA.TA,21.73605178,23
06/04/2025,AQUA.TA,24.82144001,24
07/04/2025,AQUA.TA,28.46009224,25
08/04/2025,AQUA.TA,17.63048014,26
09/04/2025,AQUA.TA,23.00415712,27
10/04/2025,AQUA.TA,19.4043763,28
11/04/2025,AQUA.TA,8.47071396,29
12/04/2025,AQUA.TA,7.89134882,30
14/03/2025,ARD.TA,4982.290667,1
15/03/2025,ARD.TA,4954.103014,2
16/03/2025,ARD.TA,4900.810674,3
17/03/2025,ARD.TA,4914.115237,4
18/03/2025,ARD.TA,4906.999167,5
19/03/2025,ARD.TA,4877.8803,6
20/03/2025,ARD.TA,4859.509646,7
21/03/2025,ARD.TA,4921.5852,8
22/03/2025,ARD.TA,4907.521664,9
23/03/2025,ARD.TA,4879.39607,10
24/03/2025,ARD.TA,4909.564923,11
25/03/2025,ARD.TA,4922.893252,12
26/03/2025,ARD.TA,4985.745344,13
27/03/2025,ARD.TA,5018.134023,14
28/03/2025,ARD.TA,5163.328763,15
29/03/2025,ARD.TA,5275.387485,16
30/03/2025,ARD.TA,5240.004095,17
31/03/2025,ARD.TA,5336.487297,18
01/04/2025,ARD.TA,5288.658663,19
02/04/2025,ARD.TA,5321.245438,20
03/04/2025,ARD.TA,5313.309447,21
04/04/2025,ARD.TA,5330.75239,22
05/04/2025,ARD.TA,5343.864101,23
06/04/2025,ARD.TA,5459.840946,24
07/04/2025,ARD.TA,5548.412418,25
08/04/2025,ARD.TA,5650.574283,26
09/04/2025,ARD.TA,5635.575367,27
10/04/2025,ARD.TA,5739.342148,28
11/04/2025,ARD.TA,5687.9029,29
12/04/2025,ARD.TA,5775.96006,30
14/03/2025,ARAD.TA,1410.945405,1
15/03/2025,ARAD.TA,1227.296555,2
16/03/2025,ARAD.TA,1048.461649,3
17/03/2025,ARAD.TA,1052.25546,4
18/03/2025,ARAD.TA,1018.089043,5
19/03/2025,ARAD.TA,888.2686822,6
20/03/2025,ARAD.TA,888.8416938,7
21/03/2025,ARAD.TA,903.242144,8
22/03/2025,ARAD.TA,925.5996342,9
23/03/2025,ARAD.TA,931.6689061,10
24/03/2025,ARAD.TA,923.0203491,11
25/03/2025,ARAD.TA,966.0037603,12
26/03/2025,ARAD.TA,1043.81734,13
27/03/2025,ARAD.TA,1257.383516,14
28/03/2025,ARAD.TA,1244.461869,15
29/03/2025,ARAD.TA,1041.354165,16
30/03/2025,ARAD.TA,1014.225196,17
31/03/2025,ARAD.TA,1008.053186,18
01/04/2025,ARAD.TA,1008.869417,19
02/04/2025,ARAD.TA,987.9855716,20
03/04/2025,ARAD.TA,955.3200097,21
04/04/2025,ARAD.TA,938.190959,22
05/04/2025,ARAD.TA,938.9506215,23
06/04/2025,ARAD.TA,952.290538,24
07/04/2025,ARAD.TA,962.1515266,25
08/04/2025,ARAD.TA,924.0406075,26
09/04/2025,ARAD.TA,927.4296739,27
10/04/2025,ARAD.TA,930.7855363,28
11/04/2025,ARAD.TA,913.7523401,29
12/04/2025,ARAD.TA,916.1162734,30
14/03/2025,ARAN.TA,1942.606594,1
15/03/2025,ARAN.TA,1942.97493,2
16/03/2025,ARAN.TA,1935.668001,3
17/03/2025,ARAN.TA,1937.356636,4
18/03/2025,ARAN.TA,1939.333286,5
19/03/2025,ARAN.TA,1941.182606,6
20/03/2025,ARAN.TA,1943.033689,7
21/03/2025,ARAN.TA,1940.680844,8
22/03/2025,ARAN.TA,1939.839244,9
23/03/2025,ARAN.TA,1919.902944,10
24/03/2025,ARAN.TA,1938.967924,11
25/03/2025,ARAN.TA,1958.222223,12
26/03/2025,ARAN.TA,1951.595835,13
27/03/2025,ARAN.TA,1951.480469,14
28/03/2025,ARAN.TA,1952.731626,15
29/03/2025,ARAN.TA,1985.595356,16
30/03/2025,ARAN.TA,1981.813986,17
31/03/2025,ARAN.TA,1964.263563,18
01/04/2025,ARAN.TA,1967.149216,19
02/04/2025,ARAN.TA,1971.815944,20
03/04/2025,ARAN.TA,1958.687399,21
04/04/2025,ARAN.TA,1959.058784,22
05/04/2025,ARAN.TA,1967.215422,23
06/04/2025,ARAN.TA,1971.655194,24
07/04/2025,ARAN.TA,1969.740617,25
08/04/2025,ARAN.TA,1966.947119,26
09/04/2025,ARAN.TA,1961.982197,27
10/04/2025,ARAN.TA,1987.553749,28
11/04/2025,ARAN.TA,1989.287648,29
12/04/2025,ARAN.TA,1990.975592,30
14/03/2025,ARBE.TA,808.6499397,1
15/03/2025,ARBE.TA,810.8475732,2
16/03/2025,ARBE.TA,813.8239146,3
17/03/2025,ARBE.TA,812.1420926,4
18/03/2025,ARBE.TA,809.7761753,5
19/03/2025,ARBE.TA,814.3587567,6
20/03/2025,ARBE.TA,817.3479864,7
21/03/2025,ARBE.TA,815.0534154,8
22/03/2025,ARBE.TA,809.3017063,9
23/03/2025,ARBE.TA,798.4112904,10
24/03/2025,ARBE.TA,799.6694449,11
25/03/2025,ARBE.TA,792.1378914,12
26/03/2025,ARBE.TA,790.500885,13
27/03/2025,ARBE.TA,788.1980124,14
28/03/2025,ARBE.TA,792.6584815,15
29/03/2025,ARBE.TA,786.4574191,16
30/03/2025,ARBE.TA,787.6967364,17
31/03/2025,ARBE.TA,790.5880991,18
01/04/2025,ARBE.TA,776.3322959,19
02/04/2025,ARBE.TA,778.4421012,20
03/04/2025,ARBE.TA,780.5576402,21
04/04/2025,ARBE.TA,780.9561784,22
05/04/2025,ARBE.TA,774.8466646,23
06/04/2025,ARBE.TA,777.0947802,24
07/04/2025,ARBE.TA,769.7758424,25
08/04/2025,ARBE.TA,764.3436503,26
09/04/2025,ARBE.TA,766.4208746,27
10/04/2025,ARBE.TA,764.1881515,28
11/04/2025,ARBE.TA,762.6089051,29
12/04/2025,ARBE.TA,759.1820472,30
14/03/2025,ARGO.TA,10515.1616,1
15/03/2025,ARGO.TA,10496.05681,2
16/03/2025,ARGO.TA,10708.89045,3
17/03/2025,ARGO.TA,10363.69736,4
18/03/2025,ARGO.TA,10367.5029,5
19/03/2025,ARGO.TA,10217.90166,6
20/03/2025,ARGO.TA,10108.67522,7
21/03/2025,ARGO.TA,10112.38712,8
22/03/2025,ARGO.TA,10150.95889,9
23/03/2025,ARGO.TA,10059.89024,10
24/03/2025,ARGO.TA,10094.17071,11
25/03/2025,ARGO.TA,10263.66723,12
26/03/2025,ARGO.TA,10207.91807,13
27/03/2025,ARGO.TA,10111.44725,14
28/03/2025,ARGO.TA,10391.41361,15
29/03/2025,ARGO.TA,10292.06872,16
30/03/2025,ARGO.TA,10207.36419,17
31/03/2025,ARGO.TA,10207.934,18
01/04/2025,ARGO.TA,9960.791221,19
02/04/2025,ARGO.TA,10255.67574,20
03/04/2025,ARGO.TA,9047.176872,21
04/04/2025,ARGO.TA,8768.603901,22
05/04/2025,ARGO.TA,8770.103579,23
06/04/2025,ARGO.TA,8826.311822,24
07/04/2025,ARGO.TA,9070.695274,25
08/04/2025,ARGO.TA,8924.979521,26
09/04/2025,ARGO.TA,9050.291733,27
10/04/2025,ARGO.TA,8674.073971,28
11/04/2025,ARGO.TA,8710.595641,29
12/04/2025,ARGO.TA,8599.078226,30
14/03/2025,ARIN.TA,242.906552,1
15/03/2025,ARIN.TA,239.0724666,2
16/03/2025,ARIN.TA,238.1797008,3
17/03/2025,ARIN.TA,236.267042,4
18/03/2025,ARIN.TA,239.9615843,5
19/03/2025,ARIN.TA,234.1205516,6
20/03/2025,ARIN.TA,231.2578998,7
21/03/2025,ARIN.TA,241.5728253,8
22/03/2025,ARIN.TA,237.75411,9
23/03/2025,ARIN.TA,245.1427362,10
24/03/2025,ARIN.TA,238.9735379,11
25/03/2025,ARIN.TA,236.4657459,12
26/03/2025,ARIN.TA,234.8420055,13
27/03/2025,ARIN.TA,236.2544907,14
28/03/2025,ARIN.TA,230.6337975,15
29/03/2025,ARIN.TA,229.2087751,16
30/03/2025,ARIN.TA,225.4235149,17
31/03/2025,ARIN.TA,216.6425831,18
01/04/2025,ARIN.TA,212.2457855,19
02/04/2025,ARIN.TA,209.2355442,20
03/04/2025,ARIN.TA,212.8850846,21
04/04/2025,ARIN.TA,206.6795794,22
05/04/2025,ARIN.TA,201.4783348,23
06/04/2025,ARIN.TA,200.9407968,24
07/04/2025,ARIN.TA,202.7504967,25
08/04/2025,ARIN.TA,200.3522667,26
09/04/2025,ARIN.TA,200.924843,27
10/04/2025,ARIN.TA,205.7686236,28
11/04/2025,ARIN.TA,208.0103511,29
12/04/2025,ARIN.TA,203.7887461,30
14/03/2025,ARYT.TA,885.5225819,1
15/03/2025,ARYT.TA,894.7574751,2
16/03/2025,ARYT.TA,898.1257115,3
17/03/2025,ARYT.TA,922.4278139,4
18/03/2025,ARYT.TA,960.0697698,5
19/03/2025,ARYT.TA,945.9797828,6
20/03/2025,ARYT.TA,899.4645373,7
21/03/2025,ARYT.TA,961.7568272,8
22/03/2025,ARYT.TA,988.6958663,9
23/03/2025,ARYT.TA,980.2166637,10
24/03/2025,ARYT.TA,947.5693792,11
25/03/2025,ARYT.TA,898.5716161,12
26/03/2025,ARYT.TA,866.8730404,13
27/03/2025,ARYT.TA,894.1016613,14
28/03/2025,ARYT.TA,911.3651558,15
29/03/2025,ARYT.TA,1047.421798,16
30/03/2025,ARYT.TA,1094.759723,17
31/03/2025,ARYT.TA,1095.089184,18
01/04/2025,ARYT.TA,1073.092378,19
02/04/2025,ARYT.TA,1060.101479,20
03/04/2025,ARYT.TA,1047.267848,21
04/04/2025,ARYT.TA,1039.968192,22
05/04/2025,ARYT.TA,1058.37185,23
06/04/2025,ARYT.TA,1044.86293,24
07/04/2025,ARYT.TA,1065.037353,25
08/04/2025,ARYT.TA,1102.184998,26
09/04/2025,ARYT.TA,1087.803447,27
10/04/2025,ARYT.TA,1173.405529,28
11/04/2025,ARYT.TA,1187.905121,29
12/04/2025,ARYT.TA,1169.950555,30
14/03/2025,ARF.TA,6086.617206,1
15/03/2025,ARF.TA,6058.194399,2
16/03/2025,ARF.TA,6016.611079,3
17/03/2025,ARF.TA,6007.111817,4
18/03/2025,ARF.TA,5963.090741,5
19/03/2025,ARF.TA,6007.560211,6
20/03/2025,ARF.TA,6001.801738,7
21/03/2025,ARF.TA,6097.386815,8
22/03/2025,ARF.TA,6097.274178,9
23/03/2025,ARF.TA,6108.444923,10
24/03/2025,ARF.TA,6103.470131,11
25/03/2025,ARF.TA,6059.709836,12
26/03/2025,ARF.TA,6039.277952,13
27/03/2025,ARF.TA,5995.021157,14
28/03/2025,ARF.TA,5961.016182,15
29/03/2025,ARF.TA,5918.277245,16
30/03/2025,ARF.TA,6012.532106,17
31/03/2025,ARF.TA,6024.031569,18
01/04/2025,ARF.TA,5980.840828,19
02/04/2025,ARF.TA,6014.089937,20
03/04/2025,ARF.TA,6058.93973,21
04/04/2025,ARF.TA,6024.572196,22
05/04/2025,ARF.TA,6015.060364,23
06/04/2025,ARF.TA,6010.161626,24
07/04/2025,ARF.TA,6019.586272,25
08/04/2025,ARF.TA,6008.118128,26
09/04/2025,ARF.TA,6002.564896,27
10/04/2025,ARF.TA,5958.577141,28
11/04/2025,ARF.TA,6082.771011,29
12/04/2025,ARF.TA,5962.826881,30
14/03/2025,ASHO.TA,4749.236359,1
15/03/2025,ASHO.TA,4432.434485,2
16/03/2025,ASHO.TA,4476.066627,3
17/03/2025,ASHO.TA,4520.128277,4
18/03/2025,ASHO.TA,4563.548772,5
19/03/2025,ASHO.TA,4740.147044,6
20/03/2025,ASHO.TA,4671.440868,7
21/03/2025,ASHO.TA,4349.035797,8
22/03/2025,ASHO.TA,4383.200241,9
23/03/2025,ASHO.TA,4711.945551,10
24/03/2025,ASHO.TA,4654.481725,11
25/03/2025,ASHO.TA,5825.211345,12
26/03/2025,ASHO.TA,5875.218945,13
27/03/2025,ASHO.TA,5848.910652,14
28/03/2025,ASHO.TA,5879.320828,15
29/03/2025,ASHO.TA,5852.463125,16
30/03/2025,ASHO.TA,5851.200444,17
31/03/2025,ASHO.TA,5040.331603,18
01/04/2025,ASHO.TA,4588.139499,19
02/04/2025,ASHO.TA,3828.942905,20
03/04/2025,ASHO.TA,3786.014814,21
04/04/2025,ASHO.TA,3836.479108,22
05/04/2025,ASHO.TA,3794.095352,23
06/04/2025,ASHO.TA,3679.828403,24
07/04/2025,ASHO.TA,3587.676139,25
08/04/2025,ASHO.TA,3597.907253,26
09/04/2025,ASHO.TA,3725.558387,27
10/04/2025,ASHO.TA,3797.473822,28
11/04/2025,ASHO.TA,3643.949968,29
12/04/2025,ASHO.TA,3445.152446,30
14/03/2025,ASHG.TA,5839.438682,1
15/03/2025,ASHG.TA,5824.22442,2
16/03/2025,ASHG.TA,5971.142282,3
17/03/2025,ASHG.TA,5980.040775,4
18/03/2025,ASHG.TA,6130.889153,5
19/03/2025,ASHG.TA,6102.709971,6
20/03/2025,ASHG.TA,6238.651362,7
21/03/2025,ASHG.TA,6128.407409,8
22/03/2025,ASHG.TA,5916.527394,9
23/03/2025,ASHG.TA,5811.975732,10
24/03/2025,ASHG.TA,5928.655879,11
25/03/2025,ASHG.TA,5991.714052,12
26/03/2025,ASHG.TA,6013.074919,13
27/03/2025,ASHG.TA,6150.759553,14
28/03/2025,ASHG.TA,6159.92572,15
29/03/2025,ASHG.TA,6106.799519,16
30/03/2025,ASHG.TA,6027.072247,17
31/03/2025,ASHG.TA,5790.10295,18
01/04/2025,ASHG.TA,5686.809217,19
02/04/2025,ASHG.TA,5671.992621,20
03/04/2025,ASHG.TA,5646.112246,21
04/04/2025,ASHG.TA,5450.906826,22
05/04/2025,ASHG.TA,5891.349874,23
06/04/2025,ASHG.TA,5508.636774,24
07/04/2025,ASHG.TA,5150.785433,25
08/04/2025,ASHG.TA,5233.387773,26
09/04/2025,ASHG.TA,5196.102103,27
10/04/2025,ASHG.TA,5228.47421,28
11/04/2025,ASHG.TA,5081.78899,29
12/04/2025,ASHG.TA,5137.669261,30
14/03/2025,ASGR.TA,656.3984092,1
15/03/2025,ASGR.TA,674.2627845,2
16/03/2025,ASGR.TA,671.9294452,3
17/03/2025,ASGR.TA,713.6451705,4
18/03/2025,ASGR.TA,724.3954912,5
19/03/2025,ASGR.TA,716.5909137,6
20/03/2025,ASGR.TA,713.5601104,7
21/03/2025,ASGR.TA,711.3849551,8
22/03/2025,ASGR.TA,704.5719192,9
23/03/2025,ASGR.TA,715.1855608,10
24/03/2025,ASGR.TA,716.7986512,11
25/03/2025,ASGR.TA,716.101769,12
26/03/2025,ASGR.TA,712.6119656,13
27/03/2025,ASGR.TA,720.7122684,14
28/03/2025,ASGR.TA,718.2181871,15
29/03/2025,ASGR.TA,723.5925251,16
30/03/2025,ASGR.TA,708.9794137,17
31/03/2025,ASGR.TA,689.9831166,18
01/04/2025,ASGR.TA,676.1232122,19
02/04/2025,ASGR.TA,697.0081715,20
03/04/2025,ASGR.TA,696.5055796,21
04/04/2025,ASGR.TA,734.8643505,22
05/04/2025,ASGR.TA,723.586507,23
06/04/2025,ASGR.TA,718.0180902,24
07/04/2025,ASGR.TA,710.2822223,25
08/04/2025,ASGR.TA,702.5674056,26
09/04/2025,ASGR.TA,713.1508513,27
10/04/2025,ASGR.TA,727.7791972,28
11/04/2025,ASGR.TA,716.3156606,29
12/04/2025,ASGR.TA,705.0326907,30
14/03/2025,AUDC.TA,3631.234703,1
15/03/2025,AUDC.TA,3648.407406,2
16/03/2025,AUDC.TA,3554.847965,3
17/03/2025,AUDC.TA,3508.591241,4
18/03/2025,AUDC.TA,3491.602785,5
19/03/2025,AUDC.TA,3716.367612,6
20/03/2025,AUDC.TA,3641.122402,7
21/03/2025,AUDC.TA,3640.743306,8
22/03/2025,AUDC.TA,3538.541144,9
23/03/2025,AUDC.TA,3530.959857,10
24/03/2025,AUDC.TA,3458.982208,11
25/03/2025,AUDC.TA,3403.058861,12
26/03/2025,AUDC.TA,3358.777261,13
27/03/2025,AUDC.TA,3404.824442,14
28/03/2025,AUDC.TA,3289.280588,15
29/03/2025,AUDC.TA,3296.63408,16
30/03/2025,AUDC.TA,3385.588429,17
31/03/2025,AUDC.TA,3381.522033,18
01/04/2025,AUDC.TA,3436.89435,19
02/04/2025,AUDC.TA,3264.2272,20
03/04/2025,AUDC.TA,3254.865196,21
04/04/2025,AUDC.TA,3211.227177,22
05/04/2025,AUDC.TA,3385.166809,23
06/04/2025,AUDC.TA,3330.197041,24
07/04/2025,AUDC.TA,3219.246334,25
08/04/2025,AUDC.TA,3205.243243,26
09/04/2025,AUDC.TA,3175.097088,27
10/04/2025,AUDC.TA,3211.125657,28
11/04/2025,AUDC.TA,3335.560679,29
12/04/2025,AUDC.TA,3331.55437,30
14/03/2025,AUGN.TA,394.7773364,1
15/03/2025,AUGN.TA,368.7449274,2
16/03/2025,AUGN.TA,352.3681763,3
17/03/2025,AUGN.TA,303.3662128,4
18/03/2025,AUGN.TA,314.1610176,5
19/03/2025,AUGN.TA,291.146644,6
20/03/2025,AUGN.TA,288.909831,7
21/03/2025,AUGN.TA,236.5887921,8
22/03/2025,AUGN.TA,203.8223664,9
23/03/2025,AUGN.TA,190.1954925,10
24/03/2025,AUGN.TA,176.6659469,11
25/03/2025,AUGN.TA,151.3747953,12
26/03/2025,AUGN.TA,47.10540854,13
27/03/2025,AUGN.TA,45.42674141,14
28/03/2025,AUGN.TA,48.74549182,15
29/03/2025,AUGN.TA,48.73713426,16
30/03/2025,AUGN.TA,46.86422152,17
31/03/2025,AUGN.TA,51.35402051,18
01/04/2025,AUGN.TA,52.83659841,19
02/04/2025,AUGN.TA,70.32422951,20
03/04/2025,AUGN.TA,69.51476684,21
04/04/2025,AUGN.TA,68.30861408,22
05/04/2025,AUGN.TA,72.46486627,23
06/04/2025,AUGN.TA,70.52907357,24
07/04/2025,AUGN.TA,21.94751654,25
08/04/2025,AUGN.TA,19.90887536,26
09/04/2025,AUGN.TA,21.5062269,27
10/04/2025,AUGN.TA,20.28215986,28
11/04/2025,AUGN.TA,24.90678231,29
12/04/2025,AUGN.TA,23.91550026,30
14/03/2025,AURA.TA,1749.060884,1
15/03/2025,AURA.TA,1787.046804,2
16/03/2025,AURA.TA,1775.090343,3
17/03/2025,AURA.TA,1827.586495,4
18/03/2025,AURA.TA,1757.927733,5
19/03/2025,AURA.TA,1721.634926,6
20/03/2025,AURA.TA,1708.57432,7
21/03/2025,AURA.TA,1579.885259,8
22/03/2025,AURA.TA,1676.547218,9
23/03/2025,AURA.TA,1717.459527,10
24/03/2025,AURA.TA,1748.032472,11
25/03/2025,AURA.TA,1751.77016,12
26/03/2025,AURA.TA,1777.694087,13
27/03/2025,AURA.TA,1746.466105,14
28/03/2025,AURA.TA,1790.880342,15
29/03/2025,AURA.TA,1780.58083,16
30/03/2025,AURA.TA,1795.233946,17
31/03/2025,AURA.TA,1819.28101,18
01/04/2025,AURA.TA,1820.575431,19
02/04/2025,AURA.TA,1874.41675,20
03/04/2025,AURA.TA,1882.794531,21
04/04/2025,AURA.TA,1811.031505,22
05/04/2025,AURA.TA,1814.797403,23
06/04/2025,AURA.TA,1827.987596,24
07/04/2025,AURA.TA,1814.120181,25
08/04/2025,AURA.TA,1859.17088,26
09/04/2025,AURA.TA,1709.151536,27
10/04/2025,AURA.TA,1692.2364,28
11/04/2025,AURA.TA,1675.5099,29
12/04/2025,AURA.TA,1644.354219,30
14/03/2025,AUSA-M.TA,13.52148707,1
15/03/2025,AUSA-M.TA,13.28307279,2
16/03/2025,AUSA-M.TA,9.6246479,3
17/03/2025,AUSA-M.TA,1.69414982,4
18/03/2025,AUSA-M.TA,1.69583827,5
19/03/2025,AUSA-M.TA,1.62082162,6
20/03/2025,AUSA-M.TA,1.59224288,7
21/03/2025,AUSA-M.TA,0.15833194,8
22/03/2025,AUSA-M.TA,0.02786991,9
23/03/2025,AUSA-M.TA,0.02788044,10
24/03/2025,AUSA-M.TA,0.03208011,11
25/03/2025,AUSA-M.TA,0.03137014,12
26/03/2025,AUSA-M.TA,0.02746981,13
27/03/2025,AUSA-M.TA,0.001977,14
28/03/2025,AUSA-M.TA,0.00034295,15
29/03/2025,AUSA-M.TA,0.0003431,16
30/03/2025,AUSA-M.TA,0.00241411,17
31/03/2025,AUSA-M.TA,0.02058754,18
01/04/2025,AUSA-M.TA,0.0205796,19
02/04/2025,AUSA-M.TA,0.0234145,20
03/04/2025,AUSA-M.TA,0.02340272,21
04/04/2025,AUSA-M.TA,0.02236748,22
05/04/2025,AUSA-M.TA,0.01620703,23
06/04/2025,AUSA-M.TA,0.01621381,24
07/04/2025,AUSA-M.TA,0.01623539,25
08/04/2025,AUSA-M.TA,0.01754472,26
09/04/2025,AUSA-M.TA,0.01933324,27
10/04/2025,AUSA-M.TA,0.01935251,28
11/04/2025,AUSA-M.TA,0.02091321,29
12/04/2025,AUSA-M.TA,0.02416996,30
14/03/2025,AUIS.TA,1110.210453,1
15/03/2025,AUIS.TA,1120.925358,2
16/03/2025,AUIS.TA,1410.779526,3
17/03/2025,AUIS.TA,1775.585552,4
18/03/2025,AUIS.TA,1784.387189,5
19/03/2025,AUIS.TA,1804.317954,6
20/03/2025,AUIS.TA,1788.712741,7
21/03/2025,AUIS.TA,1662.620715,8
22/03/2025,AUIS.TA,1665.200945,9
23/03/2025,AUIS.TA,1689.874536,10
24/03/2025,AUIS.TA,1767.691591,11
25/03/2025,AUIS.TA,-37736.86192,12
26/03/2025,AUIS.TA,-37974.70181,13
27/03/2025,AUIS.TA,-41456.00766,14
28/03/2025,AUIS.TA,-43888.37645,15
29/03/2025,AUIS.TA,-44289.568,16
30/03/2025,AUIS.TA,-42321.47176,17
31/03/2025,AUIS.TA,-46201.26489,18
01/04/2025,AUIS.TA,-48328.78756,19
02/04/2025,AUIS.TA,-41809.20406,20
03/04/2025,AUIS.TA,-41861.37306,21
04/04/2025,AUIS.TA,-35593.66913,22
05/04/2025,AUIS.TA,-35614.36554,23
06/04/2025,AUIS.TA,-36906.06239,24
07/04/2025,AUIS.TA,-36963.33709,25
08/04/2025,AUIS.TA,-37337.61751,26
09/04/2025,AUIS.TA,-40598.27376,27
10/04/2025,AUIS.TA,-40687.00438,28
11/04/2025,AUIS.TA,-41141.45907,29
12/04/2025,AUIS.TA,-39607.88007,30
14/03/2025,AMX.TA,23.9988042,1
15/03/2025,AMX.TA,26.23887144,2
16/03/2025,AMX.TA,27.99887316,3
17/03/2025,AMX.TA,28.02035406,4
18/03/2025,AMX.TA,28.04032371,5
19/03/2025,AMX.TA,27.90462499,6
20/03/2025,AMX.TA,27.20207482,7
21/03/2025,AMX.TA,27.90112446,8
22/03/2025,AMX.TA,28.08108822,9
23/03/2025,AMX.TA,28.00002628,10
24/03/2025,AMX.TA,28.93090013,11
25/03/2025,AMX.TA,28.93210874,12
26/03/2025,AMX.TA,27.47559228,13
27/03/2025,AMX.TA,28.44058046,14
28/03/2025,AMX.TA,29.01947237,15
29/03/2025,AMX.TA,28.87903514,16
30/03/2025,AMX.TA,27.85255813,17
31/03/2025,AMX.TA,25.21129703,18
01/04/2025,AMX.TA,26.24836167,19
02/04/2025,AMX.TA,30.26180172,20
03/04/2025,AMX.TA,27.3920718,21
04/04/2025,AMX.TA,26.63505917,22
05/04/2025,AMX.TA,25.09043146,23
06/04/2025,AMX.TA,21.54543823,24
07/04/2025,AMX.TA,20.77962674,25
08/04/2025,AMX.TA,21.20258428,26
09/04/2025,AMX.TA,21.14137858,27
10/04/2025,AMX.TA,19.91534191,28
11/04/2025,AMX.TA,19.8578521,29
12/04/2025,AMX.TA,19.83246326,30
14/03/2025,AVER.TA,1109.730919,1
15/03/2025,AVER.TA,1010.114323,2
16/03/2025,AVER.TA,1057.690624,3
17/03/2025,AVER.TA,1059.633849,4
18/03/2025,AVER.TA,1054.905731,5
19/03/2025,AVER.TA,1101.68325,6
20/03/2025,AVER.TA,1084.405105,7
21/03/2025,AVER.TA,1128.452759,8
22/03/2025,AVER.TA,1117.267463,9
23/03/2025,AVER.TA,1066.177484,10
24/03/2025,AVER.TA,1200.975701,11
25/03/2025,AVER.TA,1161.440517,12
26/03/2025,AVER.TA,1193.695511,13
27/03/2025,AVER.TA,1219.313137,14
28/03/2025,AVER.TA,1231.727657,15
29/03/2025,AVER.TA,1226.273336,16
30/03/2025,AVER.TA,1134.090089,17
31/03/2025,AVER.TA,1193.786305,18
01/04/2025,AVER.TA,1256.352832,19
02/04/2025,AVER.TA,1250.865653,20
03/04/2025,AVER.TA,1312.611639,21
04/04/2025,AVER.TA,1298.949988,22
05/04/2025,AVER.TA,1295.315168,23
06/04/2025,AVER.TA,1180.932175,24
07/04/2025,AVER.TA,1188.84408,25
08/04/2025,AVER.TA,1169.444444,26
09/04/2025,AVER.TA,1164.226348,27
10/04/2025,AVER.TA,1121.295653,28
11/04/2025,AVER.TA,1061.121689,29
12/04/2025,AVER.TA,1226.451286,30
14/03/2025,AVGD.TA,1793.211522,1
15/03/2025,AVGD.TA,1793.566978,2
16/03/2025,AVGD.TA,1770.127848,3
17/03/2025,AVGD.TA,1839.495983,4
18/03/2025,AVGD.TA,1817.741908,5
19/03/2025,AVGD.TA,1781.156515,6
20/03/2025,AVGD.TA,1745.30747,7
21/03/2025,AVGD.TA,1745.653431,8
22/03/2025,AVGD.TA,1743.142177,9
23/03/2025,AVGD.TA,1812.031842,10
24/03/2025,AVGD.TA,1846.328065,11
25/03/2025,AVGD.TA,1834.26497,12
26/03/2025,AVGD.TA,1810.450562,13
27/03/2025,AVGD.TA,1792.117655,14
28/03/2025,AVGD.TA,1812.687298,15
29/03/2025,AVGD.TA,1884.325413,16
30/03/2025,AVGD.TA,1976.974335,17
31/03/2025,AVGD.TA,1956.955183,18
01/04/2025,AVGD.TA,1978.392955,19
02/04/2025,AVGD.TA,1924.331031,20
03/04/2025,AVGD.TA,1802.609837,21
04/04/2025,AVGD.TA,1817.545367,22
05/04/2025,AVGD.TA,1795.713173,23
06/04/2025,AVGD.TA,1770.176961,24
07/04/2025,AVGD.TA,1767.154829,25
08/04/2025,AVGD.TA,1799.935486,26
09/04/2025,AVGD.TA,1801.755511,27
10/04/2025,AVGD.TA,1835.857235,28
11/04/2025,AVGD.TA,1839.646911,29
12/04/2025,AVGD.TA,1924.701188,30
14/03/2025,AVGL.TA,154.4946877,1
15/03/2025,AVGL.TA,162.7835676,2
16/03/2025,AVGL.TA,161.3992548,3
17/03/2025,AVGL.TA,163.6612128,4
18/03/2025,AVGL.TA,161.3504707,5
19/03/2025,AVGL.TA,161.4685319,6
20/03/2025,AVGL.TA,160.7771837,7
21/03/2025,AVGL.TA,160.1413767,8
22/03/2025,AVGL.TA,158.7823022,9
23/03/2025,AVGL.TA,161.8137898,10
24/03/2025,AVGL.TA,165.4393719,11
25/03/2025,AVGL.TA,167.1181653,12
26/03/2025,AVGL.TA,174.034765,13
27/03/2025,AVGL.TA,171.8396296,14
28/03/2025,AVGL.TA,174.7526362,15
29/03/2025,AVGL.TA,176.7024383,16
30/03/2025,AVGL.TA,176.8484998,17
31/03/2025,AVGL.TA,179.410464,18
01/04/2025,AVGL.TA,179.4018022,19
02/04/2025,AVGL.TA,181.1100752,20
03/04/2025,AVGL.TA,179.5751041,21
04/04/2025,AVGL.TA,181.2855542,22
05/04/2025,AVGL.TA,169.775246,23
06/04/2025,AVGL.TA,167.9621113,24
07/04/2025,AVGL.TA,169.2110219,25
08/04/2025,AVGL.TA,167.7458019,26
09/04/2025,AVGL.TA,167.2953407,27
10/04/2025,AVGL.TA,161.0516367,28
11/04/2025,AVGL.TA,163.5576765,29
12/04/2025,AVGL.TA,162.1414096,30
14/03/2025,AVIA.TA,1659.787164,1
15/03/2025,AVIA.TA,1682.106674,2
16/03/2025,AVIA.TA,1670.515896,3
17/03/2025,AVIA.TA,1720.081507,4
18/03/2025,AVIA.TA,1746.828735,5
19/03/2025,AVIA.TA,1793.579729,6
20/03/2025,AVIA.TA,1788.892437,7
21/03/2025,AVIA.TA,1790.409629,8
22/03/2025,AVIA.TA,1790.021724,9
23/03/2025,AVIA.TA,1536.269361,10
24/03/2025,AVIA.TA,1542.375037,11
25/03/2025,AVIA.TA,1573.10898,12
26/03/2025,AVIA.TA,1577.394977,13
27/03/2025,AVIA.TA,1583.190432,14
28/03/2025,AVIA.TA,1579.052966,15
29/03/2025,AVIA.TA,1579.023652,16
30/03/2025,AVIA.TA,1592.815555,17
31/03/2025,AVIA.TA,1592.476662,18
01/04/2025,AVIA.TA,1567.615429,19
02/04/2025,AVIA.TA,1558.613777,20
03/04/2025,AVIA.TA,1601.716741,21
04/04/2025,AVIA.TA,1579.637684,22
05/04/2025,AVIA.TA,1585.441379,23
06/04/2025,AVIA.TA,1589.069976,24
07/04/2025,AVIA.TA,1591.65844,25
08/04/2025,AVIA.TA,1591.662042,26
09/04/2025,AVIA.TA,1584.898553,27
10/04/2025,AVIA.TA,1585.247127,28
11/04/2025,AVIA.TA,1569.115867,29
12/04/2025,AVIA.TA,1580.710908,30
14/03/2025,AVIV.TA,1905.973161,1
15/03/2025,AVIV.TA,1899.926519,2
16/03/2025,AVIV.TA,1901.24028,3
17/03/2025,AVIV.TA,1920.446453,4
18/03/2025,AVIV.TA,1925.045233,5
19/03/2025,AVIV.TA,1925.883669,6
20/03/2025,AVIV.TA,1893.156776,7
21/03/2025,AVIV.TA,1933.347321,8
22/03/2025,AVIV.TA,1931.577184,9
23/03/2025,AVIV.TA,2001.961482,10
24/03/2025,AVIV.TA,2006.238526,11
25/03/2025,AVIV.TA,2004.277654,12
26/03/2025,AVIV.TA,2000.956881,13
27/03/2025,AVIV.TA,1953.160359,14
28/03/2025,AVIV.TA,1912.278235,15
29/03/2025,AVIV.TA,1906.27095,16
30/03/2025,AVIV.TA,1943.834835,17
31/03/2025,AVIV.TA,1930.145436,18
01/04/2025,AVIV.TA,1929.818828,19
02/04/2025,AVIV.TA,2074.662277,20
03/04/2025,AVIV.TA,2025.105166,21
04/04/2025,AVIV.TA,2093.553461,22
05/04/2025,AVIV.TA,2043.5451,23
06/04/2025,AVIV.TA,2043.199304,24
07/04/2025,AVIV.TA,2024.082107,25
08/04/2025,AVIV.TA,1989.998141,26
09/04/2025,AVIV.TA,2018.025892,27
10/04/2025,AVIV.TA,2030.405326,28
11/04/2025,AVIV.TA,1987.906368,29
12/04/2025,AVIV.TA,1941.00025,30
14/03/2025,AVRT.TA,49.77575594,1
15/03/2025,AVRT.TA,49.75946858,2
16/03/2025,AVRT.TA,49.88974686,3
17/03/2025,AVRT.TA,50.00160249,4
18/03/2025,AVRT.TA,49.99482912,5
19/03/2025,AVRT.TA,49.99492623,6
20/03/2025,AVRT.TA,49.99063287,7
21/03/2025,AVRT.TA,49.98709933,8
22/03/2025,AVRT.TA,49.99398634,9
23/03/2025,AVRT.TA,49.96891116,10
24/03/2025,AVRT.TA,50.01113449,11
25/03/2025,AVRT.TA,50.08520417,12
26/03/2025,AVRT.TA,50.24222594,13
27/03/2025,AVRT.TA,49.86563795,14
28/03/2025,AVRT.TA,49.87250822,15
29/03/2025,AVRT.TA,49.89214063,16
30/03/2025,AVRT.TA,50.04855713,17
31/03/2025,AVRT.TA,50.04386854,18
01/04/2025,AVRT.TA,49.93814133,19
02/04/2025,AVRT.TA,50.04381988,20
03/04/2025,AVRT.TA,50.21525306,21
04/04/2025,AVRT.TA,49.88870938,22
05/04/2025,AVRT.TA,49.93568257,23
06/04/2025,AVRT.TA,49.97750601,24
07/04/2025,AVRT.TA,49.60290221,25
08/04/2025,AVRT.TA,49.60338165,26
09/04/2025,AVRT.TA,49.59726626,27
10/04/2025,AVRT.TA,49.66430156,28
11/04/2025,AVRT.TA,49.72128859,29
12/04/2025,AVRT.TA,48.41255507,30
14/03/2025,AILN.TA,110.9761105,1
15/03/2025,AILN.TA,68.90167441,2
16/03/2025,AILN.TA,451.232275,3
17/03/2025,AILN.TA,595.9962451,4
18/03/2025,AILN.TA,745.7755004,5
19/03/2025,AILN.TA,2487.211752,6
20/03/2025,AILN.TA,1179.944596,7
21/03/2025,AILN.TA,538.4155739,8
22/03/2025,AILN.TA,389.4714027,9
23/03/2025,AILN.TA,293.4900675,10
24/03/2025,AILN.TA,258.6212661,11
25/03/2025,AILN.TA,427.4294368,12
26/03/2025,AILN.TA,402.0952134,13
27/03/2025,AILN.TA,378.7444263,14
28/03/2025,AILN.TA,636.376935,15
29/03/2025,AILN.TA,639.6447004,16
30/03/2025,AILN.TA,800.3932079,17
31/03/2025,AILN.TA,730.4641944,18
01/04/2025,AILN.TA,894.1215297,19
02/04/2025,AILN.TA,676.4374734,20
03/04/2025,AILN.TA,880.3419942,21
04/04/2025,AILN.TA,784.0713852,22
05/04/2025,AILN.TA,783.2635058,23
06/04/2025,AILN.TA,913.7213672,24
07/04/2025,AILN.TA,859.5640742,25
08/04/2025,AILN.TA,650.2934235,26
09/04/2025,AILN.TA,452.4708879,27
10/04/2025,AILN.TA,376.077481,28
11/04/2025,AILN.TA,288.1654159,29
12/04/2025,AILN.TA,155.6393515,30
14/03/2025,AYAL.TA,4116.496378,1
15/03/2025,AYAL.TA,4095.271756,2
16/03/2025,AYAL.TA,4183.415252,3
17/03/2025,AYAL.TA,4244.110627,4
18/03/2025,AYAL.TA,4301.670573,5
19/03/2025,AYAL.TA,4321.901361,6
20/03/2025,AYAL.TA,4323.364906,7
21/03/2025,AYAL.TA,4301.073672,8
22/03/2025,AYAL.TA,4291.781447,9
23/03/2025,AYAL.TA,4418.9756,10
24/03/2025,AYAL.TA,4429.342084,11
25/03/2025,AYAL.TA,4524.675853,12
26/03/2025,AYAL.TA,4548.642677,13
27/03/2025,AYAL.TA,4769.624436,14
28/03/2025,AYAL.TA,5001.34191,15
29/03/2025,AYAL.TA,4953.572311,16
30/03/2025,AYAL.TA,5041.801488,17
31/03/2025,AYAL.TA,5092.70536,18
01/04/2025,AYAL.TA,5129.406755,19
02/04/2025,AYAL.TA,5040.323853,20
03/04/2025,AYAL.TA,5053.855334,21
04/04/2025,AYAL.TA,5094.666129,22
05/04/2025,AYAL.TA,5119.90984,23
06/04/2025,AYAL.TA,5098.043633,24
07/04/2025,AYAL.TA,5223.69332,25
08/04/2025,AYAL.TA,5169.242958,26
09/04/2025,AYAL.TA,5193.553946,27
10/04/2025,AYAL.TA,5527.385093,28
11/04/2025,AYAL.TA,5652.421256,29
12/04/2025,AYAL.TA,5734.429809,30
14/03/2025,AZRM.TA,1835.975988,1
15/03/2025,AZRM.TA,1821.741282,2
16/03/2025,AZRM.TA,1829.093924,3
17/03/2025,AZRM.TA,1846.671679,4
18/03/2025,AZRM.TA,1874.398743,5
19/03/2025,AZRM.TA,1875.952632,6
20/03/2025,AZRM.TA,1903.233575,7
21/03/2025,AZRM.TA,1846.278977,8
22/03/2025,AZRM.TA,1873.898534,9
23/03/2025,AZRM.TA,1901.149605,10
24/03/2025,AZRM.TA,1945.97764,11
25/03/2025,AZRM.TA,1945.425767,12
26/03/2025,AZRM.TA,1951.593892,13
27/03/2025,AZRM.TA,1966.380272,14
28/03/2025,AZRM.TA,2002.51359,15
29/03/2025,AZRM.TA,1988.812683,16
30/03/2025,AZRM.TA,1946.601679,17
31/03/2025,AZRM.TA,1954.639578,18
01/04/2025,AZRM.TA,1924.245475,19
02/04/2025,AZRM.TA,1883.40486,20
03/04/2025,AZRM.TA,1902.197444,21
04/04/2025,AZRM.TA,1952.980896,22
05/04/2025,AZRM.TA,1935.595967,23
06/04/2025,AZRM.TA,1942.58684,24
07/04/2025,AZRM.TA,1923.681812,25
08/04/2025,AZRM.TA,1883.121034,26
09/04/2025,AZRM.TA,1843.153253,27
10/04/2025,AZRM.TA,1886.613766,28
11/04/2025,AZRM.TA,1899.616221,29
12/04/2025,AZRM.TA,1935.922979,30
14/03/2025,AZRG.TA,26645.07667,1
15/03/2025,AZRG.TA,26180.35449,2
16/03/2025,AZRG.TA,25671.779,3
17/03/2025,AZRG.TA,26547.75973,4
18/03/2025,AZRG.TA,26634.65401,5
19/03/2025,AZRG.TA,26959.40914,6
20/03/2025,AZRG.TA,26194.04072,7
21/03/2025,AZRG.TA,26456.39621,8
22/03/2025,AZRG.TA,27550.21734,9
23/03/2025,AZRG.TA,27166.36344,10
24/03/2025,AZRG.TA,26740.55357,11
25/03/2025,AZRG.TA,26483.90277,12
26/03/2025,AZRG.TA,26470.45292,13
27/03/2025,AZRG.TA,27075.99506,14
28/03/2025,AZRG.TA,27208.60121,15
29/03/2025,AZRG.TA,26782.1293,16
30/03/2025,AZRG.TA,27293.55193,17
31/03/2025,AZRG.TA,26847.77057,18
01/04/2025,AZRG.TA,26590.09073,19
02/04/2025,AZRG.TA,27105.60153,20
03/04/2025,AZRG.TA,26861.23405,21
04/04/2025,AZRG.TA,27122.38586,22
05/04/2025,AZRG.TA,27489.77949,23
06/04/2025,AZRG.TA,28022.73286,24
07/04/2025,AZRG.TA,28925.70982,25
08/04/2025,AZRG.TA,28857.57126,26
09/04/2025,AZRG.TA,28352.71767,27
10/04/2025,AZRG.TA,28517.96155,28
11/04/2025,AZRG.TA,28596.06501,29
12/04/2025,AZRG.TA,28229.22349,30
14/03/2025,BCOM.TA,2047.883527,1
15/03/2025,BCOM.TA,2045.294283,2
16/03/2025,BCOM.TA,2048.048021,3
17/03/2025,BCOM.TA,2016.983504,4
18/03/2025,BCOM.TA,2002.862333,5
19/03/2025,BCOM.TA,2024.015187,6
20/03/2025,BCOM.TA,2296.390044,7
21/03/2025,BCOM.TA,2386.257945,8
22/03/2025,BCOM.TA,2373.151568,9
23/03/2025,BCOM.TA,2334.834417,10
24/03/2025,BCOM.TA,2397.862578,11
25/03/2025,BCOM.TA,2383.901492,12
26/03/2025,BCOM.TA,2399.817837,13
27/03/2025,BCOM.TA,2453.232219,14
28/03/2025,BCOM.TA,2508.489465,15
29/03/2025,BCOM.TA,2494.677404,16
30/03/2025,BCOM.TA,2458.57019,17
31/03/2025,BCOM.TA,2523.076741,18
01/04/2025,BCOM.TA,2472.675492,19
02/04/2025,BCOM.TA,2435.999671,20
03/04/2025,BCOM.TA,2581.597381,21
04/04/2025,BCOM.TA,2631.114565,22
05/04/2025,BCOM.TA,2639.723076,23
06/04/2025,BCOM.TA,2699.180891,24
07/04/2025,BCOM.TA,2641.929618,25
08/04/2025,BCOM.TA,2666.974714,26
09/04/2025,BCOM.TA,2644.730272,27
10/04/2025,BCOM.TA,2760.087109,28
11/04/2025,BCOM.TA,2751.924593,29
12/04/2025,BCOM.TA,2759.306632,30
14/03/2025,BKFR.TA,1398.167509,1
15/03/2025,BKFR.TA,1401.994987,2
16/03/2025,BKFR.TA,1399.735734,3
17/03/2025,BKFR.TA,1374.439813,4
18/03/2025,BKFR.TA,1391.114362,5
19/03/2025,BKFR.TA,1408.388278,6
20/03/2025,BKFR.TA,1422.549667,7
21/03/2025,BKFR.TA,1382.789741,8
22/03/2025,BKFR.TA,1384.302065,9
23/03/2025,BKFR.TA,1345.61115,10
24/03/2025,BKFR.TA,1347.586383,11
25/03/2025,BKFR.TA,1350.539322,12
26/03/2025,BKFR.TA,1383.232236,13
27/03/2025,BKFR.TA,1405.066756,14
28/03/2025,BKFR.TA,1461.679074,15
29/03/2025,BKFR.TA,1439.811203,16
30/03/2025,BKFR.TA,1436.418592,17
31/03/2025,BKFR.TA,1428.283857,18
01/04/2025,BKFR.TA,1402.472016,19
02/04/2025,BKFR.TA,1393.966192,20
03/04/2025,BKFR.TA,1437.808155,21
04/04/2025,BKFR.TA,1429.088022,22
05/04/2025,BKFR.TA,1402.57099,23
06/04/2025,BKFR.TA,1389.898139,24
07/04/2025,BKFR.TA,1407.235728,25
08/04/2025,BKFR.TA,1389.402026,26
09/04/2025,BKFR.TA,1364.012993,27
10/04/2025,BKFR.TA,1377.728188,28
11/04/2025,BKFR.TA,1369.925829,29
12/04/2025,BKFR.TA,1403.088038,30
14/03/2025,BVGG.TA,875.3644576,1
15/03/2025,BVGG.TA,875.2394959,2
16/03/2025,BVGG.TA,877.3839295,3
17/03/2025,BVGG.TA,879.9775788,4
18/03/2025,BVGG.TA,881.2099915,5
19/03/2025,BVGG.TA,882.4441301,6
20/03/2025,BVGG.TA,881.2648451,7
21/03/2025,BVGG.TA,879.7173404,8
22/03/2025,BVGG.TA,877.6475067,9
23/03/2025,BVGG.TA,877.522219,10
24/03/2025,BVGG.TA,912.4111507,11
25/03/2025,BVGG.TA,918.5762858,12
26/03/2025,BVGG.TA,938.7054337,13
27/03/2025,BVGG.TA,941.4803566,14
28/03/2025,BVGG.TA,923.6762686,15
29/03/2025,BVGG.TA,914.6302914,16
30/03/2025,BVGG.TA,920.8104211,17
31/03/2025,BVGG.TA,937.8003085,18
01/04/2025,BVGG.TA,936.3245637,19
02/04/2025,BVGG.TA,939.2112354,20
03/04/2025,BVGG.TA,938.6881545,21
04/04/2025,BVGG.TA,946.2037089,22
05/04/2025,BVGG.TA,941.4757139,23
06/04/2025,BVGG.TA,944.3031493,24
07/04/2025,BVGG.TA,945.6323886,25
08/04/2025,BVGG.TA,945.4973958,26
09/04/2025,BVGG.TA,952.7055768,27
10/04/2025,BVGG.TA,948.9176137,28
11/04/2025,BVGG.TA,947.6494946,29
12/04/2025,BVGG.TA,957.2704868,30
14/03/2025,BRAN.TA,1467.837718,1
15/03/2025,BRAN.TA,1502.750833,2
16/03/2025,BRAN.TA,1541.162752,3
17/03/2025,BRAN.TA,1535.156514,4
18/03/2025,BRAN.TA,1532.32607,5
19/03/2025,BRAN.TA,1551.571939,6
20/03/2025,BRAN.TA,1591.46393,7
21/03/2025,BRAN.TA,1597.899608,8
22/03/2025,BRAN.TA,1559.688763,9
23/03/2025,BRAN.TA,1560.11585,10
24/03/2025,BRAN.TA,1584.901883,11
25/03/2025,BRAN.TA,1617.020441,12
26/03/2025,BRAN.TA,1593.498153,13
27/03/2025,BRAN.TA,1635.802171,14
28/03/2025,BRAN.TA,1639.391742,15
29/03/2025,BRAN.TA,1643.542284,16
30/03/2025,BRAN.TA,1650.610536,17
31/03/2025,BRAN.TA,1652.773895,18
01/04/2025,BRAN.TA,1647.198112,19
02/04/2025,BRAN.TA,1653.859172,20
03/04/2025,BRAN.TA,1648.279728,21
04/04/2025,BRAN.TA,1682.962832,22
05/04/2025,BRAN.TA,1660.358799,23
06/04/2025,BRAN.TA,1664.562425,24
07/04/2025,BRAN.TA,1679.567075,25
08/04/2025,BRAN.TA,1676.852714,26
09/04/2025,BRAN.TA,1665.146391,27
10/04/2025,BRAN.TA,1707.709314,28
11/04/2025,BRAN.TA,1753.045398,29
12/04/2025,BRAN.TA,1748.904039,30
14/03/2025,BRKT.TA,231.8250772,1
15/03/2025,BRKT.TA,241.4445998,2
16/03/2025,BRKT.TA,243.8997667,3
17/03/2025,BRKT.TA,243.0647814,4
18/03/2025,BRKT.TA,242.1999376,5
19/03/2025,BRKT.TA,242.9766339,6
20/03/2025,BRKT.TA,248.2981657,7
21/03/2025,BRKT.TA,249.4966518,8
22/03/2025,BRKT.TA,251.9993143,9
23/03/2025,BRKT.TA,248.9268252,10
24/03/2025,BRKT.TA,254.3786746,11
25/03/2025,BRKT.TA,259.8000314,12
26/03/2025,BRKT.TA,261.1050091,13
27/03/2025,BRKT.TA,264.8416257,14
28/03/2025,BRKT.TA,266.4121672,15
29/03/2025,BRKT.TA,274.0143119,16
30/03/2025,BRKT.TA,272.93826,17
31/03/2025,BRKT.TA,271.967124,18
01/04/2025,BRKT.TA,273.8104032,19
02/04/2025,BRKT.TA,278.6399662,20
03/04/2025,BRKT.TA,277.1709463,21
04/04/2025,BRKT.TA,274.3470445,22
05/04/2025,BRKT.TA,280.801742,23
06/04/2025,BRKT.TA,277.0229528,24
07/04/2025,BRKT.TA,277.2352845,25
08/04/2025,BRKT.TA,266.8204832,26
09/04/2025,BRKT.TA,277.8921312,27
10/04/2025,BRKT.TA,274.8775258,28
11/04/2025,BRKT.TA,275.7590138,29
12/04/2025,BRKT.TA,274.2750132,30
14/03/2025,BVC.TA,73.65876908,1
15/03/2025,BVC.TA,74.1499148,2
16/03/2025,BVC.TA,72.42820915,3
17/03/2025,BVC.TA,72.4182094,4
18/03/2025,BVC.TA,72.77786274,5
19/03/2025,BVC.TA,73.48173692,6
20/03/2025,BVC.TA,74.63728118,7
21/03/2025,BVC.TA,73.19999992,8
22/03/2025,BVC.TA,72.06761622,9
23/03/2025,BVC.TA,73.51083419,10
24/03/2025,BVC.TA,73.02388321,11
25/03/2025,BVC.TA,74.70407564,12
26/03/2025,BVC.TA,72.39266264,13
27/03/2025,BVC.TA,72.30379943,14
28/03/2025,BVC.TA,73.46095258,15
29/03/2025,BVC.TA,74.63662485,16
30/03/2025,BVC.TA,75.09532063,17
31/03/2025,BVC.TA,76.4642276,18
01/04/2025,BVC.TA,72.68328736,19
02/04/2025,BVC.TA,73.7884423,20
03/04/2025,BVC.TA,74.34721504,21
04/04/2025,BVC.TA,77.41004364,22
05/04/2025,BVC.TA,76.8384698,23
06/04/2025,BVC.TA,75.55336249,24
07/04/2025,BVC.TA,76.97501481,25
08/04/2025,BVC.TA,75.61855918,26
09/04/2025,BVC.TA,69.84304128,27
10/04/2025,BVC.TA,72.3780473,28
11/04/2025,BVC.TA,69.99283238,29
12/04/2025,BVC.TA,70.45953418,30
14/03/2025,ORL.TA,99.81949978,1
15/03/2025,ORL.TA,100.4608704,2
16/03/2025,ORL.TA,100.3407174,3
17/03/2025,ORL.TA,101.6620433,4
18/03/2025,ORL.TA,102.0589736,5
19/03/2025,ORL.TA,100.9262276,6
20/03/2025,ORL.TA,95.1337084,7
21/03/2025,ORL.TA,93.54606822,8
22/03/2025,ORL.TA,91.9849234,9
23/03/2025,ORL.TA,93.07805282,10
24/03/2025,ORL.TA,92.58866306,11
25/03/2025,ORL.TA,92.25360078,12
26/03/2025,ORL.TA,86.95883483,13
27/03/2025,ORL.TA,87.56253161,14
28/03/2025,ORL.TA,88.93803153,15
29/03/2025,ORL.TA,89.81642398,16
30/03/2025,ORL.TA,89.03151413,17
31/03/2025,ORL.TA,90.08954586,18
01/04/2025,ORL.TA,87.31444486,19
02/04/2025,ORL.TA,86.20983034,20
03/04/2025,ORL.TA,86.08487376,21
04/04/2025,ORL.TA,85.61970605,22
05/04/2025,ORL.TA,87.03834714,23
06/04/2025,ORL.TA,87.89797743,24
07/04/2025,ORL.TA,87.80778128,25
08/04/2025,ORL.TA,89.36782556,26
09/04/2025,ORL.TA,90.27882006,27
10/04/2025,ORL.TA,92.52423431,28
11/04/2025,ORL.TA,95.55073502,29
12/04/2025,ORL.TA,93.45586111,30
14/03/2025,BHNY.TA,205.2246951,1
15/03/2025,BHNY.TA,228.8765518,2
16/03/2025,BHNY.TA,166.6014159,3
17/03/2025,BHNY.TA,78.34724101,4
18/03/2025,BHNY.TA,65.11682148,5
19/03/2025,BHNY.TA,67.72634324,6
20/03/2025,BHNY.TA,58.37727285,7
21/03/2025,BHNY.TA,48.5191617,8
22/03/2025,BHNY.TA,68.27123319,9
23/03/2025,BHNY.TA,40.67035091,10
24/03/2025,BHNY.TA,56.02059861,11
25/03/2025,BHNY.TA,110.3709514,12
26/03/2025,BHNY.TA,412.5183129,13
27/03/2025,BHNY.TA,396.2984951,14
28/03/2025,BHNY.TA,372.021119,15
29/03/2025,BHNY.TA,250.6215945,16
30/03/2025,BHNY.TA,214.4821437,17
31/03/2025,BHNY.TA,55.03995618,18
01/04/2025,BHNY.TA,32.78825103,19
02/04/2025,BHNY.TA,45.68748871,20
03/04/2025,BHNY.TA,36.74654192,21
04/04/2025,BHNY.TA,20.52322231,22
05/04/2025,BHNY.TA,8.89026516,23
06/04/2025,BHNY.TA,4.63942847,24
07/04/2025,BHNY.TA,4.7251204,25
08/04/2025,BHNY.TA,4.04376149,26
09/04/2025,BHNY.TA,1.96644918,27
10/04/2025,BHNY.TA,1.72732666,28
11/04/2025,BHNY.TA,4.20233356,29
12/04/2025,BHNY.TA,5.00176151,30
14/03/2025,BSEN.TA,35005.81083,1
15/03/2025,BSEN.TA,37175.58643,2
16/03/2025,BSEN.TA,39479.85188,3
17/03/2025,BSEN.TA,39259.44399,4
18/03/2025,BSEN.TA,39658.70009,5
19/03/2025,BSEN.TA,42692.53335,6
20/03/2025,BSEN.TA,45367.96262,7
21/03/2025,BSEN.TA,43548.28756,8
22/03/2025,BSEN.TA,39497.89793,9
23/03/2025,BSEN.TA,37342.54395,10
24/03/2025,BSEN.TA,38394.19184,11
25/03/2025,BSEN.TA,30974.66687,12
26/03/2025,BSEN.TA,29614.05712,13
27/03/2025,BSEN.TA,30525.68469,14
28/03/2025,BSEN.TA,30737.2971,15
29/03/2025,BSEN.TA,29022.98971,16
30/03/2025,BSEN.TA,30210.86669,17
31/03/2025,BSEN.TA,30317.51468,18
01/04/2025,BSEN.TA,30491.45923,19
02/04/2025,BSEN.TA,30415.42396,20
03/04/2025,BSEN.TA,30522.79406,21
04/04/2025,BSEN.TA,29467.53203,22
05/04/2025,BSEN.TA,29606.87366,23
06/04/2025,BSEN.TA,30818.64832,24
07/04/2025,BSEN.TA,28160.05973,25
08/04/2025,BSEN.TA,26372.60826,26
09/04/2025,BSEN.TA,26232.0361,27
10/04/2025,BSEN.TA,27524.71183,28
11/04/2025,BSEN.TA,27354.27925,29
12/04/2025,BSEN.TA,25617.97445,30
14/03/2025,BEZQ.TA,591.9628985,1
15/03/2025,BEZQ.TA,586.4956182,2
16/03/2025,BEZQ.TA,586.0811314,3
17/03/2025,BEZQ.TA,608.5968957,4
18/03/2025,BEZQ.TA,608.296699,5
19/03/2025,BEZQ.TA,603.5722138,6
20/03/2025,BEZQ.TA,597.6367461,7
21/03/2025,BEZQ.TA,604.0050632,8
22/03/2025,BEZQ.TA,602.8632883,9
23/03/2025,BEZQ.TA,598.3205275,10
24/03/2025,BEZQ.TA,590.0628395,11
25/03/2025,BEZQ.TA,604.9122208,12
26/03/2025,BEZQ.TA,608.6665246,13
27/03/2025,BEZQ.TA,608.3261236,14
28/03/2025,BEZQ.TA,620.2319367,15
29/03/2025,BEZQ.TA,624.0822871,16
30/03/2025,BEZQ.TA,651.8458959,17
31/03/2025,BEZQ.TA,655.9993436,18
01/04/2025,BEZQ.TA,650.5553637,19
02/04/2025,BEZQ.TA,662.8605314,20
03/04/2025,BEZQ.TA,667.6339309,21
04/04/2025,BEZQ.TA,666.9236783,22
05/04/2025,BEZQ.TA,670.5701279,23
06/04/2025,BEZQ.TA,680.6109465,24
07/04/2025,BEZQ.TA,684.835064,25
08/04/2025,BEZQ.TA,683.5404929,26
09/04/2025,BEZQ.TA,690.5920468,27
10/04/2025,BEZQ.TA,690.9732175,28
11/04/2025,BEZQ.TA,701.8704426,29
12/04/2025,BEZQ.TA,718.1234682,30
14/03/2025,BIG.TA,52340.23113,1
15/03/2025,BIG.TA,52817.35888,2
16/03/2025,BIG.TA,51830.3251,3
17/03/2025,BIG.TA,52746.11339,4
18/03/2025,BIG.TA,52673.9432,5
19/03/2025,BIG.TA,52601.87175,6
20/03/2025,BIG.TA,52610.56981,7
21/03/2025,BIG.TA,52046.51561,8
22/03/2025,BIG.TA,52824.11733,9
23/03/2025,BIG.TA,52992.9706,10
24/03/2025,BIG.TA,53504.22731,11
25/03/2025,BIG.TA,52684.81356,12
26/03/2025,BIG.TA,53255.36772,13
27/03/2025,BIG.TA,53545.50462,14
28/03/2025,BIG.TA,53278.49938,15
29/03/2025,BIG.TA,52242.7817,16
30/03/2025,BIG.TA,51771.13449,17
31/03/2025,BIG.TA,51969.75194,18
01/04/2025,BIG.TA,51625.66728,19
02/04/2025,BIG.TA,51849.13374,20
03/04/2025,BIG.TA,52708.91071,21
04/04/2025,BIG.TA,53625.1998,22
05/04/2025,BIG.TA,53595.67458,23
06/04/2025,BIG.TA,52737.87766,24
07/04/2025,BIG.TA,53056.82805,25
08/04/2025,BIG.TA,52065.31915,26
09/04/2025,BIG.TA,52914.67002,27
10/04/2025,BIG.TA,53834.53601,28
11/04/2025,BIG.TA,53524.71946,29
12/04/2025,BIG.TA,53955.21567,30
14/03/2025,BIGT.TA,160.8553318,1
15/03/2025,BIGT.TA,162.9311446,2
16/03/2025,BIGT.TA,161.264804,3
17/03/2025,BIGT.TA,161.0370861,4
18/03/2025,BIGT.TA,157.6973744,5
19/03/2025,BIGT.TA,161.9328913,6
20/03/2025,BIGT.TA,164.0054816,7
21/03/2025,BIGT.TA,162.9646706,8
22/03/2025,BIGT.TA,162.8881284,9
23/03/2025,BIGT.TA,163.2313435,10
24/03/2025,BIGT.TA,156.830136,11
25/03/2025,BIGT.TA,156.8956693,12
26/03/2025,BIGT.TA,156.7672564,13
27/03/2025,BIGT.TA,159.4288006,14
28/03/2025,BIGT.TA,150.7751488,15
29/03/2025,BIGT.TA,151.7538767,16
30/03/2025,BIGT.TA,146.6014289,17
31/03/2025,BIGT.TA,145.145216,18
01/04/2025,BIGT.TA,141.8494987,19
02/04/2025,BIGT.TA,139.3387078,20
03/04/2025,BIGT.TA,136.0550905,21
04/04/2025,BIGT.TA,134.5957793,22
05/04/2025,BIGT.TA,138.7828768,23
06/04/2025,BIGT.TA,137.8319119,24
07/04/2025,BIGT.TA,139.6106111,25
08/04/2025,BIGT.TA,138.4640412,26
09/04/2025,BIGT.TA,137.2052728,27
10/04/2025,BIGT.TA,134.5795218,28
11/04/2025,BIGT.TA,133.7254537,29
12/04/2025,BIGT.TA,129.1851188,30
14/03/2025,BKRY.TA,359.6283481,1
15/03/2025,BKRY.TA,362.0116614,2
16/03/2025,BKRY.TA,355.9626538,3
17/03/2025,BKRY.TA,357.5446495,4
18/03/2025,BKRY.TA,360.7153888,5
19/03/2025,BKRY.TA,371.6153022,6
20/03/2025,BKRY.TA,362.5377484,7
21/03/2025,BKRY.TA,368.3017858,8
22/03/2025,BKRY.TA,355.3768125,9
23/03/2025,BKRY.TA,342.9054208,10
24/03/2025,BKRY.TA,341.8024952,11
25/03/2025,BKRY.TA,336.9183624,12
26/03/2025,BKRY.TA,339.7897645,13
27/03/2025,BKRY.TA,353.0678031,14
28/03/2025,BKRY.TA,352.0177665,15
29/03/2025,BKRY.TA,351.2081937,16
30/03/2025,BKRY.TA,350.3757929,17
31/03/2025,BKRY.TA,348.3393442,18
01/04/2025,BKRY.TA,337.1557007,19
02/04/2025,BKRY.TA,332.3379675,20
03/04/2025,BKRY.TA,331.3495822,21
04/04/2025,BKRY.TA,323.2556107,22
05/04/2025,BKRY.TA,326.2507881,23
06/04/2025,BKRY.TA,329.2737179,24
07/04/2025,BKRY.TA,335.5002305,25
08/04/2025,BKRY.TA,330.1461286,26
09/04/2025,BKRY.TA,319.5465892,27
10/04/2025,BKRY.TA,315.4130628,28
11/04/2025,BKRY.TA,316.6047405,29
12/04/2025,BKRY.TA,311.5521835,30
14/03/2025,BIOV.TA,-21.83250467,1
15/03/2025,BIOV.TA,3.20117381,2
16/03/2025,BIOV.TA,-3.48966101,3
17/03/2025,BIOV.TA,-3.26344205,4
18/03/2025,BIOV.TA,-2.99874323,5
19/03/2025,BIOV.TA,0.51580434,6
20/03/2025,BIOV.TA,0.14559477,7
21/03/2025,BIOV.TA,6.4634946,8
22/03/2025,BIOV.TA,5.94772162,9
23/03/2025,BIOV.TA,-33.06305195,10
24/03/2025,BIOV.TA,-107.585297,11
25/03/2025,BIOV.TA,-1027.115296,12
26/03/2025,BIOV.TA,-1529.828593,13
27/03/2025,BIOV.TA,-2837.926778,14
28/03/2025,BIOV.TA,-107.6557304,15
29/03/2025,BIOV.TA,-228.2465842,16
30/03/2025,BIOV.TA,40.59740644,17
31/03/2025,BIOV.TA,14.52424387,18
01/04/2025,BIOV.TA,4.09972113,19
02/04/2025,BIOV.TA,13.79070985,20
03/04/2025,BIOV.TA,7.91045487,21
04/04/2025,BIOV.TA,-1.40700441,22
05/04/2025,BIOV.TA,0.20630091,23
06/04/2025,BIOV.TA,4.93133155,24
07/04/2025,BIOV.TA,-0.4613979,25
08/04/2025,BIOV.TA,0.41540952,26
09/04/2025,BIOV.TA,0.9671824,27
10/04/2025,BIOV.TA,-3.46563072,28
11/04/2025,BIOV.TA,-5.48231141,29
12/04/2025,BIOV.TA,-243.3802384,30
14/03/2025,BOLT.TA,663.8465912,1
15/03/2025,BOLT.TA,673.5763985,2
16/03/2025,BOLT.TA,645.8551244,3
17/03/2025,BOLT.TA,627.633554,4
18/03/2025,BOLT.TA,619.7929226,5
19/03/2025,BOLT.TA,593.3001151,6
20/03/2025,BOLT.TA,628.6934726,7
21/03/2025,BOLT.TA,608.9710249,8
22/03/2025,BOLT.TA,621.8996354,9
23/03/2025,BOLT.TA,582.2648031,10
24/03/2025,BOLT.TA,611.9046101,11
25/03/2025,BOLT.TA,634.9550248,12
26/03/2025,BOLT.TA,595.4372333,13
27/03/2025,BOLT.TA,609.717897,14
28/03/2025,BOLT.TA,640.7551856,15
29/03/2025,BOLT.TA,617.1595821,16
30/03/2025,BOLT.TA,621.6406344,17
31/03/2025,BOLT.TA,623.4726598,18
01/04/2025,BOLT.TA,614.4492402,19
02/04/2025,BOLT.TA,615.1608536,20
03/04/2025,BOLT.TA,589.1866702,21
04/04/2025,BOLT.TA,673.195575,22
05/04/2025,BOLT.TA,666.3843708,23
06/04/2025,BOLT.TA,662.7214715,24
07/04/2025,BOLT.TA,644.9960255,25
08/04/2025,BOLT.TA,691.5317299,26
09/04/2025,BOLT.TA,702.0151983,27
10/04/2025,BOLT.TA,683.2387846,28
11/04/2025,BOLT.TA,827.4706944,29
12/04/2025,BOLT.TA,786.1481313,30
14/03/2025,BLRX.TA,2.78058137,1
15/03/2025,BLRX.TA,0.42772248,2
16/03/2025,BLRX.TA,0.80410956,3
17/03/2025,BLRX.TA,0.82117765,4
18/03/2025,BLRX.TA,0.8492062,5
19/03/2025,BLRX.TA,0.8509582,6
20/03/2025,BLRX.TA,0.86484644,7
21/03/2025,BLRX.TA,0.86303636,8
22/03/2025,BLRX.TA,2.88268141,9
23/03/2025,BLRX.TA,2.85849062,10
24/03/2025,BLRX.TA,2.86997079,11
25/03/2025,BLRX.TA,2.84755266,12
26/03/2025,BLRX.TA,2.70175884,13
27/03/2025,BLRX.TA,1.52153837,14
28/03/2025,BLRX.TA,0.66991462,15
29/03/2025,BLRX.TA,0.66556594,16
30/03/2025,BLRX.TA,0.29304049,17
31/03/2025,BLRX.TA,0.28944049,18
01/04/2025,BLRX.TA,0.33959734,19
02/04/2025,BLRX.TA,0.33271512,20
03/04/2025,BLRX.TA,0.3383729,21
04/04/2025,BLRX.TA,0.06868109,22
05/04/2025,BLRX.TA,0.04617485,23
06/04/2025,BLRX.TA,0.05126337,24
07/04/2025,BLRX.TA,0.049431,25
08/04/2025,BLRX.TA,0.05478417,26
09/04/2025,BLRX.TA,0.1320993,27
10/04/2025,BLRX.TA,0.19396435,28
11/04/2025,BLRX.TA,0.11666627,29
12/04/2025,BLRX.TA,0.87373258,30
14/03/2025,BIMT.TA,25.71112599,1
15/03/2025,BIMT.TA,26.16464405,2
16/03/2025,BIMT.TA,29.10379404,3
17/03/2025,BIMT.TA,28.51316593,4
18/03/2025,BIMT.TA,28.18778767,5
19/03/2025,BIMT.TA,26.74352994,6
20/03/2025,BIMT.TA,26.7249788,7
21/03/2025,BIMT.TA,26.0122389,8
22/03/2025,BIMT.TA,25.59289093,9
23/03/2025,BIMT.TA,24.91034317,10
24/03/2025,BIMT.TA,26.88807494,11
25/03/2025,BIMT.TA,26.71800361,12
26/03/2025,BIMT.TA,27.13061781,13
27/03/2025,BIMT.TA,26.53347043,14
28/03/2025,BIMT.TA,25.7363565,15
29/03/2025,BIMT.TA,25.46161204,16
30/03/2025,BIMT.TA,25.30052557,17
31/03/2025,BIMT.TA,24.89265126,18
01/04/2025,BIMT.TA,23.61722644,19
02/04/2025,BIMT.TA,21.23238126,20
03/04/2025,BIMT.TA,20.35261326,21
04/04/2025,BIMT.TA,19.68288917,22
05/04/2025,BIMT.TA,19.31715917,23
06/04/2025,BIMT.TA,18.73683642,24
07/04/2025,BIMT.TA,18.42815103,25
08/04/2025,BIMT.TA,18.12608335,26
09/04/2025,BIMT.TA,17.46593213,27
10/04/2025,BIMT.TA,17.34404899,28
11/04/2025,BIMT.TA,17.80918758,29
12/04/2025,BIMT.TA,19.22313021,30
14/03/2025,BIRM.TA,1311.754593,1
15/03/2025,BIRM.TA,1306.317786,2
16/03/2025,BIRM.TA,1334.115522,3
17/03/2025,BIRM.TA,1349.166976,4
18/03/2025,BIRM.TA,1363.45247,5
19/03/2025,BIRM.TA,1372.256636,6
20/03/2025,BIRM.TA,1436.444483,7
21/03/2025,BIRM.TA,1365.006755,8
22/03/2025,BIRM.TA,1360.871062,9
23/03/2025,BIRM.TA,1566.480362,10
24/03/2025,BIRM.TA,1590.15409,11
25/03/2025,BIRM.TA,1590.627815,12
26/03/2025,BIRM.TA,1593.410219,13
27/03/2025,BIRM.TA,1608.261819,14
28/03/2025,BIRM.TA,1654.029401,15
29/03/2025,BIRM.TA,1705.95385,16
30/03/2025,BIRM.TA,1713.542287,17
31/03/2025,BIRM.TA,1695.633743,18
01/04/2025,BIRM.TA,1711.438132,19
02/04/2025,BIRM.TA,1701.046636,20
03/04/2025,BIRM.TA,1616.202522,21
04/04/2025,BIRM.TA,1622.641589,22
05/04/2025,BIRM.TA,1656.567197,23
06/04/2025,BIRM.TA,1594.932121,24
07/04/2025,BIRM.TA,1555.162818,25
08/04/2025,BIRM.TA,1572.70812,26
09/04/2025,BIRM.TA,1511.634729,27
10/04/2025,BIRM.TA,1491.905792,28
11/04/2025,BIRM.TA,1482.847251,29
12/04/2025,BIRM.TA,1483.289008,30
14/03/2025,BLRN.TA,-520.9523148,1
15/03/2025,BLRN.TA,-38.39363515,2
16/03/2025,BLRN.TA,2.659865,3
17/03/2025,BLRN.TA,0.89649821,4
18/03/2025,BLRN.TA,0.7868746,5
19/03/2025,BLRN.TA,8.50097801,6
20/03/2025,BLRN.TA,19.1935222,7
21/03/2025,BLRN.TA,-10.01200387,8
22/03/2025,BLRN.TA,-464.4781641,9
23/03/2025,BLRN.TA,-1567.264148,10
24/03/2025,BLRN.TA,-528.2409094,11
25/03/2025,BLRN.TA,-5706.836042,12
26/03/2025,BLRN.TA,105357.6186,13
27/03/2025,BLRN.TA,81956.42349,14
28/03/2025,BLRN.TA,6640.404392,15
29/03/2025,BLRN.TA,-25472.09279,16
30/03/2025,BLRN.TA,-5891.013839,17
31/03/2025,BLRN.TA,-1362.433952,18
01/04/2025,BLRN.TA,755.8652946,19
02/04/2025,BLRN.TA,-127.8142617,20
03/04/2025,BLRN.TA,2359.662365,21
04/04/2025,BLRN.TA,3160.083462,22
05/04/2025,BLRN.TA,-3147.693102,23
06/04/2025,BLRN.TA,-151332.5773,24
07/04/2025,BLRN.TA,-15449.60731,25
08/04/2025,BLRN.TA,-17437.58146,26
09/04/2025,BLRN.TA,-1398.38128,27
10/04/2025,BLRN.TA,-113.3018841,28
11/04/2025,BLRN.TA,256.7584105,29
12/04/2025,BLRN.TA,289.7967313,30
14/03/2025,BLITZ-M.TA,250.3144587,1
15/03/2025,BLITZ-M.TA,252.7966089,2
16/03/2025,BLITZ-M.TA,259.4313541,3
17/03/2025,BLITZ-M.TA,260.8608188,4
18/03/2025,BLITZ-M.TA,346.3039273,5
19/03/2025,BLITZ-M.TA,326.4688642,6
20/03/2025,BLITZ-M.TA,283.7888793,7
21/03/2025,BLITZ-M.TA,226.2478448,8
22/03/2025,BLITZ-M.TA,395.3447925,9
23/03/2025,BLITZ-M.TA,385.5149291,10
24/03/2025,BLITZ-M.TA,454.9456242,11
25/03/2025,BLITZ-M.TA,235.2231843,12
26/03/2025,BLITZ-M.TA,234.6082091,13
27/03/2025,BLITZ-M.TA,71.94679633,14
28/03/2025,BLITZ-M.TA,94.70196762,15
29/03/2025,BLITZ-M.TA,130.4049259,16
30/03/2025,BLITZ-M.TA,125.7423867,17
31/03/2025,BLITZ-M.TA,135.8712547,18
01/04/2025,BLITZ-M.TA,243.6821502,19
02/04/2025,BLITZ-M.TA,335.4999865,20
03/04/2025,BLITZ-M.TA,446.8455757,21
04/04/2025,BLITZ-M.TA,437.2794161,22
05/04/2025,BLITZ-M.TA,69.16669579,23
06/04/2025,BLITZ-M.TA,67.44693323,24
07/04/2025,BLITZ-M.TA,-1101.29892,25
08/04/2025,BLITZ-M.TA,-3039.225567,26
09/04/2025,BLITZ-M.TA,-5310.733466,27
10/04/2025,BLITZ-M.TA,-7416.010086,28
11/04/2025,BLITZ-M.TA,-8013.388496,29
12/04/2025,BLITZ-M.TA,-7233.314052,30
14/03/2025,BLSR.TA,31243.65213,1
15/03/2025,BLSR.TA,31226.16364,2
16/03/2025,BLSR.TA,31111.12457,3
17/03/2025,BLSR.TA,29577.53285,4
18/03/2025,BLSR.TA,30001.78403,5
19/03/2025,BLSR.TA,29656.88524,6
20/03/2025,BLSR.TA,30119.77957,7
21/03/2025,BLSR.TA,30188.65695,8
22/03/2025,BLSR.TA,30634.39669,9
23/03/2025,BLSR.TA,30671.93254,10
24/03/2025,BLSR.TA,30712.83842,11
25/03/2025,BLSR.TA,29976.19397,12
26/03/2025,BLSR.TA,30011.55287,13
27/03/2025,BLSR.TA,30479.98296,14
28/03/2025,BLSR.TA,30599.55461,15
29/03/2025,BLSR.TA,30294.56318,16
30/03/2025,BLSR.TA,29762.2667,17
31/03/2025,BLSR.TA,29866.14133,18
01/04/2025,BLSR.TA,29183.80188,19
02/04/2025,BLSR.TA,30298.38237,20
03/04/2025,BLSR.TA,30335.50652,21
04/04/2025,BLSR.TA,30048.75147,22
05/04/2025,BLSR.TA,30635.55198,23
06/04/2025,BLSR.TA,30511.22047,24
07/04/2025,BLSR.TA,30585.80946,25
08/04/2025,BLSR.TA,31063.20275,26
09/04/2025,BLSR.TA,31101.26401,27
10/04/2025,BLSR.TA,31025.1972,28
11/04/2025,BLSR.TA,31334.01508,29
12/04/2025,BLSR.TA,31596.66093,30
14/03/2025,BOTI.TA,4287.53686,1
15/03/2025,BOTI.TA,4276.016572,2
16/03/2025,BOTI.TA,4321.284175,3
17/03/2025,BOTI.TA,4839.978455,4
18/03/2025,BOTI.TA,4877.413123,5
19/03/2025,BOTI.TA,4804.699487,6
20/03/2025,BOTI.TA,4608.166309,7
21/03/2025,BOTI.TA,4634.905446,8
22/03/2025,BOTI.TA,4623.467188,9
23/03/2025,BOTI.TA,4746.188746,10
24/03/2025,BOTI.TA,4842.955602,11
25/03/2025,BOTI.TA,4694.277622,12
26/03/2025,BOTI.TA,4827.754582,13
27/03/2025,BOTI.TA,4854.21251,14
28/03/2025,BOTI.TA,4732.60987,15
29/03/2025,BOTI.TA,4811.338519,16
30/03/2025,BOTI.TA,4794.119413,17
31/03/2025,BOTI.TA,4673.898986,18
01/04/2025,BOTI.TA,4698.61046,19
02/04/2025,BOTI.TA,4783.992689,20
03/04/2025,BOTI.TA,4603.907617,21
04/04/2025,BOTI.TA,4550.226688,22
05/04/2025,BOTI.TA,4679.570479,23
06/04/2025,BOTI.TA,4503.416199,24
07/04/2025,BOTI.TA,4460.663469,25
08/04/2025,BOTI.TA,4394.636853,26
09/04/2025,BOTI.TA,4335.634363,27
10/04/2025,BOTI.TA,4226.911203,28
11/04/2025,BOTI.TA,4103.989733,29
12/04/2025,BOTI.TA,4043.242591,30
14/03/2025,BONS.TA,17.72696724,1
15/03/2025,BONS.TA,17.62664645,2
16/03/2025,BONS.TA,17.35081756,3
17/03/2025,BONS.TA,17.33969642,4
18/03/2025,BONS.TA,17.1599154,5
19/03/2025,BONS.TA,17.80389922,6
20/03/2025,BONS.TA,18.0609856,7
21/03/2025,BONS.TA,17.8329782,8
22/03/2025,BONS.TA,18.66827148,9
23/03/2025,BONS.TA,21.24161059,10
24/03/2025,BONS.TA,20.53598312,11
25/03/2025,BONS.TA,20.6252544,12
26/03/2025,BONS.TA,20.59300676,13
27/03/2025,BONS.TA,20.52191403,14
28/03/2025,BONS.TA,20.70309465,15
29/03/2025,BONS.TA,20.87771542,16
30/03/2025,BONS.TA,20.85697518,17
31/03/2025,BONS.TA,21.45256253,18
01/04/2025,BONS.TA,21.62988026,19
02/04/2025,BONS.TA,21.80866363,20
03/04/2025,BONS.TA,21.9745863,21
04/04/2025,BONS.TA,21.54442235,22
05/04/2025,BONS.TA,24.5142262,23
06/04/2025,BONS.TA,23.43005328,24
07/04/2025,BONS.TA,23.49230434,25
08/04/2025,BONS.TA,24.70934561,26
09/04/2025,BONS.TA,25.41494043,27
10/04/2025,BONS.TA,25.62502504,28
11/04/2025,BONS.TA,31.20931117,29
12/04/2025,BONS.TA,32.67114933,30
14/03/2025,BCNV-M.TA,25094.54929,1
15/03/2025,BCNV-M.TA,25073.3001,2
16/03/2025,BCNV-M.TA,25112.1974,3
17/03/2025,BCNV-M.TA,24977.82523,4
18/03/2025,BCNV-M.TA,25012.75207,5
19/03/2025,BCNV-M.TA,-549.8654366,6
20/03/2025,BCNV-M.TA,-658.9593108,7
21/03/2025,BCNV-M.TA,15.1372469,8
22/03/2025,BCNV-M.TA,15.15118177,9
23/03/2025,BCNV-M.TA,15.07940587,10
24/03/2025,BCNV-M.TA,15.07194736,11
25/03/2025,BCNV-M.TA,13.97302262,12
26/03/2025,BCNV-M.TA,20.51655012,13
27/03/2025,BCNV-M.TA,20.54187323,14
28/03/2025,BCNV-M.TA,33.02728787,15
29/03/2025,BCNV-M.TA,37.30329472,16
30/03/2025,BCNV-M.TA,37.38505033,17
31/03/2025,BCNV-M.TA,-109.0293246,18
01/04/2025,BCNV-M.TA,-108.3678846,19
02/04/2025,BCNV-M.TA,2.30292998,20
03/04/2025,BCNV-M.TA,2.29983134,21
04/04/2025,BCNV-M.TA,2.30339916,22
05/04/2025,BCNV-M.TA,2.30702817,23
06/04/2025,BCNV-M.TA,-195.0023804,24
07/04/2025,BCNV-M.TA,-49.73408392,25
08/04/2025,BCNV-M.TA,-9.5166647,26
09/04/2025,BCNV-M.TA,-9.588563,27
10/04/2025,BCNV-M.TA,-7.91838367,28
11/04/2025,BCNV-M.TA,-7.72195639,29
12/04/2025,BCNV-M.TA,-7.88236415,30
14/03/2025,BWAY.TA,1889.081651,1
15/03/2025,BWAY.TA,1905.838078,2
16/03/2025,BWAY.TA,1858.399483,3
17/03/2025,BWAY.TA,1873.284717,4
18/03/2025,BWAY.TA,1848.36763,5
19/03/2025,BWAY.TA,1804.367972,6
20/03/2025,BWAY.TA,1819.829323,7
21/03/2025,BWAY.TA,1836.483466,8
22/03/2025,BWAY.TA,1851.925847,9
23/03/2025,BWAY.TA,1823.707884,10
24/03/2025,BWAY.TA,1896.577788,11
25/03/2025,BWAY.TA,1913.934295,12
26/03/2025,BWAY.TA,1853.914195,13
27/03/2025,BWAY.TA,1870.134058,14
28/03/2025,BWAY.TA,1889.944173,15
29/03/2025,BWAY.TA,1825.065683,16
30/03/2025,BWAY.TA,1912.4626,17
31/03/2025,BWAY.TA,1927.434431,18
01/04/2025,BWAY.TA,1911.684602,19
02/04/2025,BWAY.TA,2002.342745,20
03/04/2025,BWAY.TA,2022.047307,21
04/04/2025,BWAY.TA,2088.96624,22
05/04/2025,BWAY.TA,2200.993257,23
06/04/2025,BWAY.TA,2241.677889,24
07/04/2025,BWAY.TA,2222.42739,25
08/04/2025,BWAY.TA,2275.487005,26
09/04/2025,BWAY.TA,2321.240261,27
10/04/2025,BWAY.TA,2309.806648,28
11/04/2025,BWAY.TA,2334.274164,29
12/04/2025,BWAY.TA,2335.640888,30
14/03/2025,BRAM.TA,195.7099899,1
15/03/2025,BRAM.TA,196.1020228,2
16/03/2025,BRAM.TA,204.1751051,3
17/03/2025,BRAM.TA,200.5780295,4
18/03/2025,BRAM.TA,198.7061794,5
19/03/2025,BRAM.TA,204.3451786,6
20/03/2025,BRAM.TA,207.7476053,7
21/03/2025,BRAM.TA,225.9694539,8
22/03/2025,BRAM.TA,224.2835279,9
23/03/2025,BRAM.TA,220.495977,10
24/03/2025,BRAM.TA,223.0996213,11
25/03/2025,BRAM.TA,197.3700365,12
26/03/2025,BRAM.TA,193.5115565,13
27/03/2025,BRAM.TA,192.8435786,14
28/03/2025,BRAM.TA,199.0608858,15
29/03/2025,BRAM.TA,203.2232541,16
30/03/2025,BRAM.TA,203.1875984,17
31/03/2025,BRAM.TA,207.4362563,18
01/04/2025,BRAM.TA,209.2608107,19
02/04/2025,BRAM.TA,207.0465498,20
03/04/2025,BRAM.TA,208.9136939,21
04/04/2025,BRAM.TA,209.4442002,22
05/04/2025,BRAM.TA,210.1463525,23
06/04/2025,BRAM.TA,210.0972258,24
07/04/2025,BRAM.TA,195.548875,25
08/04/2025,BRAM.TA,195.1054676,26
09/04/2025,BRAM.TA,203.137524,27
10/04/2025,BRAM.TA,203.6067108,28
11/04/2025,BRAM.TA,206.9968417,29
12/04/2025,BRAM.TA,206.7328403,30
14/03/2025,BRND.TA,304.5461989,1
15/03/2025,BRND.TA,300.2026263,2
16/03/2025,BRND.TA,296.6244629,3
17/03/2025,BRND.TA,302.3309296,4
18/03/2025,BRND.TA,301.5982283,5
19/03/2025,BRND.TA,300.8649542,6
20/03/2025,BRND.TA,306.8057228,7
21/03/2025,BRND.TA,298.5222951,8
22/03/2025,BRND.TA,289.2889697,9
23/03/2025,BRND.TA,293.6814205,10
24/03/2025,BRND.TA,292.8735434,11
25/03/2025,BRND.TA,298.3713384,12
26/03/2025,BRND.TA,292.3877558,13
27/03/2025,BRND.TA,303.6869363,14
28/03/2025,BRND.TA,295.9939985,15
29/03/2025,BRND.TA,298.6676788,16
30/03/2025,BRND.TA,299.2438171,17
31/03/2025,BRND.TA,304.4482394,18
01/04/2025,BRND.TA,303.3217479,19
02/04/2025,BRND.TA,303.2933633,20
03/04/2025,BRND.TA,298.2666742,21
04/04/2025,BRND.TA,295.8259243,22
05/04/2025,BRND.TA,295.7982411,23
06/04/2025,BRND.TA,298.5162072,24
07/04/2025,BRND.TA,291.4150993,25
08/04/2025,BRND.TA,292.2172406,26
09/04/2025,BRND.TA,295.6685906,27
10/04/2025,BRND.TA,301.7839064,28
11/04/2025,BRND.TA,304.3983726,29
12/04/2025,BRND.TA,307.1028021,30
14/03/2025,BRIL.TA,1921.449585,1
15/03/2025,BRIL.TA,1939.909616,2
16/03/2025,BRIL.TA,1954.689847,3
17/03/2025,BRIL.TA,1966.549071,4
18/03/2025,BRIL.TA,1977.247317,5
19/03/2025,BRIL.TA,1977.70626,6
20/03/2025,BRIL.TA,1965.22096,7
21/03/2025,BRIL.TA,2065.015236,8
22/03/2025,BRIL.TA,2068.627553,9
23/03/2025,BRIL.TA,2088.501574,10
24/03/2025,BRIL.TA,2093.622977,11
25/03/2025,BRIL.TA,2164.158497,12
26/03/2025,BRIL.TA,2134.672846,13
27/03/2025,BRIL.TA,2167.497882,14
28/03/2025,BRIL.TA,2142.294135,15
29/03/2025,BRIL.TA,2180.554925,16
30/03/2025,BRIL.TA,2254.019238,17
31/03/2025,BRIL.TA,2255.870523,18
01/04/2025,BRIL.TA,2330.651077,19
02/04/2025,BRIL.TA,2338.446633,20
03/04/2025,BRIL.TA,2428.399894,21
04/04/2025,BRIL.TA,2430.394402,22
05/04/2025,BRIL.TA,2352.154189,23
06/04/2025,BRIL.TA,2320.107185,24
07/04/2025,BRIL.TA,2309.719989,25
08/04/2025,BRIL.TA,2265.723114,26
09/04/2025,BRIL.TA,2244.650976,27
10/04/2025,BRIL.TA,2266.216115,28
11/04/2025,BRIL.TA,2272.914003,29
12/04/2025,BRIL.TA,2320.651328,30
14/03/2025,BRMG.TA,1774.656152,1
15/03/2025,BRMG.TA,1750.937404,2
16/03/2025,BRMG.TA,1754.3298,3
17/03/2025,BRMG.TA,1780.476856,4
18/03/2025,BRMG.TA,1623.848594,5
19/03/2025,BRMG.TA,1642.203052,6
20/03/2025,BRMG.TA,1700.124341,7
21/03/2025,BRMG.TA,1681.575638,8
22/03/2025,BRMG.TA,1689.724846,9
23/03/2025,BRMG.TA,1689.79754,10
24/03/2025,BRMG.TA,1749.371693,11
25/03/2025,BRMG.TA,1693.924577,12
26/03/2025,BRMG.TA,1714.210981,13
27/03/2025,BRMG.TA,1723.022259,14
28/03/2025,BRMG.TA,1736.288637,15
29/03/2025,BRMG.TA,1747.702095,16
30/03/2025,BRMG.TA,1744.883052,17
31/03/2025,BRMG.TA,1756.235095,18
01/04/2025,BRMG.TA,1763.776854,19
02/04/2025,BRMG.TA,1805.89448,20
03/04/2025,BRMG.TA,1821.917749,21
04/04/2025,BRMG.TA,1810.128978,22
05/04/2025,BRMG.TA,1785.936127,23
06/04/2025,BRMG.TA,1809.360273,24
07/04/2025,BRMG.TA,1793.683381,25
08/04/2025,BRMG.TA,1754.671204,26
09/04/2025,BRMG.TA,1717.561947,27
10/04/2025,BRMG.TA,1706.811855,28
11/04/2025,BRMG.TA,1732.250689,29
12/04/2025,BRMG.TA,1725.958804,30
14/03/2025,BBLS.TA,42.9274785,1
15/03/2025,BBLS.TA,47.75478158,2
16/03/2025,BBLS.TA,56.99183128,3
17/03/2025,BBLS.TA,69.83933216,4
18/03/2025,BBLS.TA,71.67423636,5
19/03/2025,BBLS.TA,75.39811066,6
20/03/2025,BBLS.TA,-14.38549944,7
21/03/2025,BBLS.TA,-22.75419505,8
22/03/2025,BBLS.TA,-26.051157,9
23/03/2025,BBLS.TA,-31.92908013,10
24/03/2025,BBLS.TA,-28.63482799,11
25/03/2025,BBLS.TA,-36.23360351,12
26/03/2025,BBLS.TA,-45.21025626,13
27/03/2025,BBLS.TA,-45.16604423,14
28/03/2025,BBLS.TA,-45.42908142,15
29/03/2025,BBLS.TA,-54.25181923,16
30/03/2025,BBLS.TA,-45.9511769,17
31/03/2025,BBLS.TA,-37.20391868,18
01/04/2025,BBLS.TA,-38.18138546,19
02/04/2025,BBLS.TA,-34.94781565,20
03/04/2025,BBLS.TA,-24.24359855,21
04/04/2025,BBLS.TA,-24.5336412,22
05/04/2025,BBLS.TA,-19.46958995,23
06/04/2025,BBLS.TA,-23.7625356,24
07/04/2025,BBLS.TA,-23.93825473,25
08/04/2025,BBLS.TA,-26.63017177,26
09/04/2025,BBLS.TA,-31.78115796,27
10/04/2025,BBLS.TA,-30.06418772,28
11/04/2025,BBLS.TA,-33.44498136,29
12/04/2025,BBLS.TA,-32.85788379,30
14/03/2025,BLGO.TA,733.2530386,1
15/03/2025,BLGO.TA,704.3215567,2
16/03/2025,BLGO.TA,704.7941659,3
17/03/2025,BLGO.TA,688.2096098,4
18/03/2025,BLGO.TA,679.6819169,5
19/03/2025,BLGO.TA,682.0478473,6
20/03/2025,BLGO.TA,664.271578,7
21/03/2025,BLGO.TA,663.8905575,8
22/03/2025,BLGO.TA,669.3308295,9
23/03/2025,BLGO.TA,656.5089974,10
24/03/2025,BLGO.TA,643.8994875,11
25/03/2025,BLGO.TA,626.0312786,12
26/03/2025,BLGO.TA,610.6294417,13
27/03/2025,BLGO.TA,619.0259983,14
28/03/2025,BLGO.TA,613.1777631,15
29/03/2025,BLGO.TA,603.5755056,16
30/03/2025,BLGO.TA,596.3921688,17
31/03/2025,BLGO.TA,584.0021072,18
01/04/2025,BLGO.TA,574.8567354,19
02/04/2025,BLGO.TA,575.1771077,20
03/04/2025,BLGO.TA,593.188344,21
04/04/2025,BLGO.TA,598.5510801,22
05/04/2025,BLGO.TA,620.5603936,23
06/04/2025,BLGO.TA,609.8461972,24
07/04/2025,BLGO.TA,609.7528298,25
08/04/2025,BLGO.TA,599.3971956,26
09/04/2025,BLGO.TA,601.1085266,27
10/04/2025,BLGO.TA,604.5811444,28
11/04/2025,BLGO.TA,601.7978294,29
12/04/2025,BLGO.TA,611.3734064,30
14/03/2025,BULL-M.TA,7.71172832,1
15/03/2025,BULL-M.TA,5.65213014,2
16/03/2025,BULL-M.TA,5.7314321,3
17/03/2025,BULL-M.TA,0.02741395,4
18/03/2025,BULL-M.TA,0.02752676,5
19/03/2025,BULL-M.TA,0.03194441,6
20/03/2025,BULL-M.TA,0.03192759,7
21/03/2025,BULL-M.TA,0.01807166,8
22/03/2025,BULL-M.TA,-0.10633972,9
23/03/2025,BULL-M.TA,-0.11348928,10
24/03/2025,BULL-M.TA,-0.32135047,11
25/03/2025,BULL-M.TA,-0.32585916,12
26/03/2025,BULL-M.TA,-1.71273027,13
27/03/2025,BULL-M.TA,-1.71182833,14
28/03/2025,BULL-M.TA,-1.69923917,15
29/03/2025,BULL-M.TA,-2.86107959,16
30/03/2025,BULL-M.TA,-1.61942886,17
31/03/2025,BULL-M.TA,-4.12757911,18
01/04/2025,BULL-M.TA,-62.80266368,19
02/04/2025,BULL-M.TA,1113.454071,20
03/04/2025,BULL-M.TA,1200.014877,21
04/04/2025,BULL-M.TA,1428.853587,22
05/04/2025,BULL-M.TA,212.5274447,23
06/04/2025,BULL-M.TA,43.92589246,24
07/04/2025,BULL-M.TA,-1368.287446,25
08/04/2025,BULL-M.TA,-1387.485141,26
09/04/2025,BULL-M.TA,765.3053458,27
10/04/2025,BULL-M.TA,759.6771212,28
11/04/2025,BULL-M.TA,782.6230953,29
12/04/2025,BULL-M.TA,2216.035744,30
14/03/2025,CISY.TA,2194.196617,1
15/03/2025,CISY.TA,2194.525186,2
16/03/2025,CISY.TA,2165.981957,3
17/03/2025,CISY.TA,2216.088275,4
18/03/2025,CISY.TA,1958.620689,5
19/03/2025,CISY.TA,1737.271801,6
20/03/2025,CISY.TA,1737.513427,7
21/03/2025,CISY.TA,1678.86463,8
22/03/2025,CISY.TA,1675.064307,9
23/03/2025,CISY.TA,1751.975651,10
24/03/2025,CISY.TA,1847.966288,11
25/03/2025,CISY.TA,1971.093739,12
26/03/2025,CISY.TA,2101.535157,13
27/03/2025,CISY.TA,2754.626352,14
28/03/2025,CISY.TA,2707.76307,15
29/03/2025,CISY.TA,2919.31555,16
30/03/2025,CISY.TA,3628.117437,17
31/03/2025,CISY.TA,3540.418715,18
01/04/2025,CISY.TA,3129.088955,19
02/04/2025,CISY.TA,3272.762506,20
03/04/2025,CISY.TA,3273.217694,21
04/04/2025,CISY.TA,3232.556989,22
05/04/2025,CISY.TA,3544.628691,23
06/04/2025,CISY.TA,3553.867901,24
07/04/2025,CISY.TA,3071.051271,25
08/04/2025,CISY.TA,3486.689358,26
09/04/2025,CISY.TA,3554.285287,27
10/04/2025,CISY.TA,3510.133092,28
11/04/2025,CISY.TA,3284.735137,29
12/04/2025,CISY.TA,3224.862391,30
14/03/2025,CLAB.TA,1058.113138,1
15/03/2025,CLAB.TA,1105.875089,2
16/03/2025,CLAB.TA,1135.214701,3
17/03/2025,CLAB.TA,1124.612242,4
18/03/2025,CLAB.TA,1111.802074,5
19/03/2025,CLAB.TA,1113.710215,6
20/03/2025,CLAB.TA,1138.148968,7
21/03/2025,CLAB.TA,1200.178282,8
22/03/2025,CLAB.TA,1204.431696,9
23/03/2025,CLAB.TA,1234.893543,10
24/03/2025,CLAB.TA,1220.84698,11
25/03/2025,CLAB.TA,1205.828846,12
26/03/2025,CLAB.TA,1191.552964,13
27/03/2025,CLAB.TA,1200.486251,14
28/03/2025,CLAB.TA,1255.026429,15
29/03/2025,CLAB.TA,1246.642515,16
30/03/2025,CLAB.TA,1255.782625,17
31/03/2025,CLAB.TA,1077.072558,18
01/04/2025,CLAB.TA,1054.910436,19
02/04/2025,CLAB.TA,999.1882009,20
03/04/2025,CLAB.TA,1003.704609,21
04/04/2025,CLAB.TA,958.5626856,22
05/04/2025,CLAB.TA,957.4485029,23
06/04/2025,CLAB.TA,961.8650024,24
07/04/2025,CLAB.TA,959.0679845,25
08/04/2025,CLAB.TA,934.2597674,26
09/04/2025,CLAB.TA,964.0560383,27
10/04/2025,CLAB.TA,974.1502078,28
11/04/2025,CLAB.TA,975.5783184,29
12/04/2025,CLAB.TA,1028.645928,30
14/03/2025,CAMT.TA,24972.09887,1
15/03/2025,CAMT.TA,24552.08164,2
16/03/2025,CAMT.TA,24725.35809,3
17/03/2025,CAMT.TA,25027.74188,4
18/03/2025,CAMT.TA,24759.96325,5
19/03/2025,CAMT.TA,25660.44765,6
20/03/2025,CAMT.TA,24849.32097,7
21/03/2025,CAMT.TA,24382.76928,8
22/03/2025,CAMT.TA,23757.85498,9
23/03/2025,CAMT.TA,22403.1605,10
24/03/2025,CAMT.TA,21637.36518,11
25/03/2025,CAMT.TA,21104.56663,12
26/03/2025,CAMT.TA,21206.20602,13
27/03/2025,CAMT.TA,21965.98975,14
28/03/2025,CAMT.TA,21245.84188,15
29/03/2025,CAMT.TA,22007.04569,16
30/03/2025,CAMT.TA,22821.6339,17
31/03/2025,CAMT.TA,21165.40125,18
01/04/2025,CAMT.TA,20471.50041,19
02/04/2025,CAMT.TA,19887.4433,20
03/04/2025,CAMT.TA,20610.72112,21
04/04/2025,CAMT.TA,20704.33931,22
05/04/2025,CAMT.TA,20289.03154,23
06/04/2025,CAMT.TA,19861.75104,24
07/04/2025,CAMT.TA,19527.6871,25
08/04/2025,CAMT.TA,19318.75506,26
09/04/2025,CAMT.TA,19146.30661,27
10/04/2025,CAMT.TA,19380.46026,28
11/04/2025,CAMT.TA,20298.26828,29
12/04/2025,CAMT.TA,21036.48722,30
14/03/2025,CANF.TA,1.84625887,1
15/03/2025,CANF.TA,1.76451897,2
16/03/2025,CANF.TA,1.792604,3
17/03/2025,CANF.TA,2.3324542,4
18/03/2025,CANF.TA,2.21163427,5
19/03/2025,CANF.TA,2.15857829,6
20/03/2025,CANF.TA,0.51894284,7
21/03/2025,CANF.TA,0.51785802,8
22/03/2025,CANF.TA,0.54467254,9
23/03/2025,CANF.TA,0.52235514,10
24/03/2025,CANF.TA,0.56313834,11
25/03/2025,CANF.TA,0.58781001,12
26/03/2025,CANF.TA,0.57051606,13
27/03/2025,CANF.TA,0.55264296,14
28/03/2025,CANF.TA,0.56515208,15
29/03/2025,CANF.TA,0.53844471,16
30/03/2025,CANF.TA,0.54236333,17
31/03/2025,CANF.TA,0.57438032,18
01/04/2025,CANF.TA,0.55835123,19
02/04/2025,CANF.TA,0.55130889,20
03/04/2025,CANF.TA,0.61635231,21
04/04/2025,CANF.TA,0.58440888,22
05/04/2025,CANF.TA,0.65335744,23
06/04/2025,CANF.TA,0.65470541,24
07/04/2025,CANF.TA,0.88549125,25
08/04/2025,CANF.TA,0.89173133,26
09/04/2025,CANF.TA,0.88249908,27
10/04/2025,CANF.TA,0.88348472,28
11/04/2025,CANF.TA,0.8941293,29
12/04/2025,CANF.TA,0.85749328,30
14/03/2025,CNGL.TA,1018.018662,1
15/03/2025,CNGL.TA,972.9737047,2
16/03/2025,CNGL.TA,972.2785489,3
17/03/2025,CNGL.TA,1030.376163,4
18/03/2025,CNGL.TA,933.6525318,5
19/03/2025,CNGL.TA,917.0070403,6
20/03/2025,CNGL.TA,906.3895078,7
21/03/2025,CNGL.TA,876.672945,8
22/03/2025,CNGL.TA,929.0577338,9
23/03/2025,CNGL.TA,919.1022149,10
24/03/2025,CNGL.TA,930.0157239,11
25/03/2025,CNGL.TA,884.1707113,12
26/03/2025,CNGL.TA,994.7167073,13
27/03/2025,CNGL.TA,1058.972127,14
28/03/2025,CNGL.TA,1022.393518,15
29/03/2025,CNGL.TA,1042.663759,16
30/03/2025,CNGL.TA,1070.448208,17
31/03/2025,CNGL.TA,1076.562723,18
01/04/2025,CNGL.TA,1095.803246,19
02/04/2025,CNGL.TA,1090.636451,20
03/04/2025,CNGL.TA,1042.378326,21
04/04/2025,CNGL.TA,1047.507756,22
05/04/2025,CNGL.TA,1049.941092,23
06/04/2025,CNGL.TA,938.8217211,24
07/04/2025,CNGL.TA,879.2291829,25
08/04/2025,CNGL.TA,894.9429253,26
09/04/2025,CNGL.TA,1007.842684,27
10/04/2025,CNGL.TA,937.0787111,28
11/04/2025,CNGL.TA,927.5328777,29
12/04/2025,CNGL.TA,923.0732905,30
14/03/2025,CNTC.TA,8377.241847,1
15/03/2025,CNTC.TA,8835.014248,2
16/03/2025,CNTC.TA,8358.228299,3
17/03/2025,CNTC.TA,8219.963748,4
18/03/2025,CNTC.TA,20653.89731,5
19/03/2025,CNTC.TA,23567.4892,6
20/03/2025,CNTC.TA,69457.7892,7
21/03/2025,CNTC.TA,77238.84351,8
22/03/2025,CNTC.TA,84228.13085,9
23/03/2025,CNTC.TA,26367.38661,10
24/03/2025,CNTC.TA,26387.8818,11
25/03/2025,CNTC.TA,29824.1382,12
26/03/2025,CNTC.TA,11949.49922,13
27/03/2025,CNTC.TA,12445.74588,14
28/03/2025,CNTC.TA,10268.86129,15
29/03/2025,CNTC.TA,10839.30583,16
30/03/2025,CNTC.TA,10254.35729,17
31/03/2025,CNTC.TA,4027.82464,18
01/04/2025,CNTC.TA,3987.433016,19
02/04/2025,CNTC.TA,2004.110272,20
03/04/2025,CNTC.TA,2228.622038,21
04/04/2025,CNTC.TA,2676.929045,22
05/04/2025,CNTC.TA,2679.009804,23
06/04/2025,CNTC.TA,3056.930791,24
07/04/2025,CNTC.TA,3875.160817,25
08/04/2025,CNTC.TA,3865.257623,26
09/04/2025,CNTC.TA,3653.818404,27
10/04/2025,CNTC.TA,3518.509049,28
11/04/2025,CNTC.TA,5076.088936,29
12/04/2025,CNTC.TA,4121.182482,30
14/03/2025,CNZN.TA,85.66160016,1
15/03/2025,CNZN.TA,29.26940139,2
16/03/2025,CNZN.TA,29.37363241,3
17/03/2025,CNZN.TA,27.20065179,4
18/03/2025,CNZN.TA,27.55700011,5
19/03/2025,CNZN.TA,26.81970249,6
20/03/2025,CNZN.TA,124.3361308,7
21/03/2025,CNZN.TA,120.2834537,8
22/03/2025,CNZN.TA,119.9971001,9
23/03/2025,CNZN.TA,118.1512713,10
24/03/2025,CNZN.TA,5.14308819,11
25/03/2025,CNZN.TA,5.43721575,12
26/03/2025,CNZN.TA,5.36879061,13
27/03/2025,CNZN.TA,5.62535203,14
28/03/2025,CNZN.TA,5.72821409,15
29/03/2025,CNZN.TA,7.02777133,16
30/03/2025,CNZN.TA,7.05279786,17
31/03/2025,CNZN.TA,5.26671556,18
01/04/2025,CNZN.TA,5.2727187,19
02/04/2025,CNZN.TA,7.91601494,20
03/04/2025,CNZN.TA,7.66286765,21
04/04/2025,CNZN.TA,6.70827113,22
05/04/2025,CNZN.TA,6.70236639,23
06/04/2025,CNZN.TA,6.76753113,24
07/04/2025,CNZN.TA,0.7567503,25
08/04/2025,CNZN.TA,0.68233302,26
09/04/2025,CNZN.TA,0.96249264,27
10/04/2025,CNZN.TA,0.98146851,28
11/04/2025,CNZN.TA,0.97619627,29
12/04/2025,CNZN.TA,0.95520917,30
14/03/2025,CPTP.TA,55.24247663,1
15/03/2025,CPTP.TA,55.77984977,2
16/03/2025,CPTP.TA,55.30962124,3
17/03/2025,CPTP.TA,55.46938578,4
18/03/2025,CPTP.TA,2351.750937,5
19/03/2025,CPTP.TA,2345.61179,6
20/03/2025,CPTP.TA,2344.400378,7
21/03/2025,CPTP.TA,2279.489113,8
22/03/2025,CPTP.TA,2276.712713,9
23/03/2025,CPTP.TA,2318.931983,10
24/03/2025,CPTP.TA,2337.848391,11
25/03/2025,CPTP.TA,2337.432756,12
26/03/2025,CPTP.TA,2335.010245,13
27/03/2025,CPTP.TA,2336.151196,14
28/03/2025,CPTP.TA,2338.802641,15
29/03/2025,CPTP.TA,2338.645729,16
30/03/2025,CPTP.TA,2361.394988,17
31/03/2025,CPTP.TA,2366.748644,18
01/04/2025,CPTP.TA,2353.552339,19
02/04/2025,CPTP.TA,2468.41906,20
03/04/2025,CPTP.TA,2474.897223,21
04/04/2025,CPTP.TA,2520.79162,22
05/04/2025,CPTP.TA,2519.324687,23
06/04/2025,CPTP.TA,2519.450104,24
07/04/2025,CPTP.TA,2457.451137,25
08/04/2025,CPTP.TA,2459.202263,26
09/04/2025,CPTP.TA,2224.811798,27
10/04/2025,CPTP.TA,-2545667.73,28
11/04/2025,CPTP.TA,-2518781.105,29
12/04/2025,CPTP.TA,-2493288.94,30
14/03/2025,CRSM.TA,3016.348768,1
15/03/2025,CRSM.TA,3055.419044,2
16/03/2025,CRSM.TA,3081.401788,3
17/03/2025,CRSM.TA,3145.058997,4
18/03/2025,CRSM.TA,3141.188304,5
19/03/2025,CRSM.TA,3176.862122,6
20/03/2025,CRSM.TA,3203.877596,7
21/03/2025,CRSM.TA,3263.99561,8
22/03/2025,CRSM.TA,3362.584695,9
23/03/2025,CRSM.TA,3339.694297,10
24/03/2025,CRSM.TA,3373.675821,11
25/03/2025,CRSM.TA,3504.730784,12
26/03/2025,CRSM.TA,3443.245936,13
27/03/2025,CRSM.TA,3438.600384,14
28/03/2025,CRSM.TA,3406.884797,15
29/03/2025,CRSM.TA,3460.249607,16
30/03/2025,CRSM.TA,3456.399211,17
31/03/2025,CRSM.TA,3631.474211,18
01/04/2025,CRSM.TA,3550.85163,19
02/04/2025,CRSM.TA,3485.841848,20
03/04/2025,CRSM.TA,3471.95103,21
04/04/2025,CRSM.TA,3588.648176,22
05/04/2025,CRSM.TA,3516.575413,23
06/04/2025,CRSM.TA,3576.019031,24
07/04/2025,CRSM.TA,3714.934288,25
08/04/2025,CRSM.TA,3694.68263,26
09/04/2025,CRSM.TA,3708.49813,27
10/04/2025,CRSM.TA,3695.783925,28
11/04/2025,CRSM.TA,3743.654815,29
12/04/2025,CRSM.TA,3728.736632,30
14/03/2025,CRSR.TA,3322.520043,1
15/03/2025,CRSR.TA,3148.8938,2
16/03/2025,CRSR.TA,3014.066015,3
17/03/2025,CRSR.TA,2938.325133,4
18/03/2025,CRSR.TA,2917.998528,5
19/03/2025,CRSR.TA,2915.503085,6
20/03/2025,CRSR.TA,2922.830065,7
21/03/2025,CRSR.TA,2918.155491,8
22/03/2025,CRSR.TA,2978.199124,9
23/03/2025,CRSR.TA,2949.687814,10
24/03/2025,CRSR.TA,2900.650609,11
25/03/2025,CRSR.TA,2788.669822,12
26/03/2025,CRSR.TA,2685.378799,13
27/03/2025,CRSR.TA,2545.047898,14
28/03/2025,CRSR.TA,2548.611589,15
29/03/2025,CRSR.TA,2588.178653,16
30/03/2025,CRSR.TA,2584.039297,17
31/03/2025,CRSR.TA,2498.679214,18
01/04/2025,CRSR.TA,2468.531356,19
02/04/2025,CRSR.TA,2456.039639,20
03/04/2025,CRSR.TA,2353.941929,21
04/04/2025,CRSR.TA,2364.503888,22
05/04/2025,CRSR.TA,2379.161699,23
06/04/2025,CRSR.TA,2394.439247,24
07/04/2025,CRSR.TA,2375.664662,25
08/04/2025,CRSR.TA,2390.919755,26
09/04/2025,CRSR.TA,2401.408621,27
10/04/2025,CRSR.TA,2384.796272,28
11/04/2025,CRSR.TA,2473.509136,29
12/04/2025,CRSR.TA,2579.041627,30
14/03/2025,CRML.TA,1941.620216,1
15/03/2025,CRML.TA,1955.927787,2
16/03/2025,CRML.TA,1989.377898,3
17/03/2025,CRML.TA,1993.146631,4
18/03/2025,CRML.TA,1982.358928,5
19/03/2025,CRML.TA,1945.913346,6
20/03/2025,CRML.TA,1908.453295,7
21/03/2025,CRML.TA,1946.018894,8
22/03/2025,CRML.TA,2022.384855,9
23/03/2025,CRML.TA,2041.429875,10
24/03/2025,CRML.TA,2035.644182,11
25/03/2025,CRML.TA,2115.527231,12
26/03/2025,CRML.TA,2135.449384,13
27/03/2025,CRML.TA,2149.680935,14
28/03/2025,CRML.TA,2117.974728,15
29/03/2025,CRML.TA,2106.511406,16
30/03/2025,CRML.TA,2129.10654,17
31/03/2025,CRML.TA,2103.661337,18
01/04/2025,CRML.TA,2095.760498,19
02/04/2025,CRML.TA,2088.682817,20
03/04/2025,CRML.TA,2051.728455,21
04/04/2025,CRML.TA,2049.845064,22
05/04/2025,CRML.TA,2057.423742,23
06/04/2025,CRML.TA,1930.979323,24
07/04/2025,CRML.TA,1903.036442,25
08/04/2025,CRML.TA,1937.580822,26
09/04/2025,CRML.TA,1900.281178,27
10/04/2025,CRML.TA,1843.733251,28
11/04/2025,CRML.TA,1842.04079,29
12/04/2025,CRML.TA,1826.448329,30
14/03/2025,CRMT.TA,1188.68334,1
15/03/2025,CRMT.TA,-90.55019386,2
16/03/2025,CRMT.TA,-90.32960651,3
17/03/2025,CRMT.TA,-87.90513415,4
18/03/2025,CRMT.TA,-89.05137562,5
19/03/2025,CRMT.TA,-88.98834416,6
20/03/2025,CRMT.TA,-90.23244249,7
21/03/2025,CRMT.TA,-91.0068366,8
22/03/2025,CRMT.TA,-91.11968088,9
23/03/2025,CRMT.TA,-90.68924977,10
24/03/2025,CRMT.TA,-90.74485131,11
25/03/2025,CRMT.TA,-90.68062118,12
26/03/2025,CRMT.TA,-88.41546107,13
27/03/2025,CRMT.TA,-88.53633185,14
28/03/2025,CRMT.TA,-90.76989718,15
29/03/2025,CRMT.TA,-91.15338843,16
30/03/2025,CRMT.TA,-91.10985268,17
31/03/2025,CRMT.TA,-91.23440691,18
01/04/2025,CRMT.TA,-89.43236097,19
02/04/2025,CRMT.TA,-87.66590873,20
03/04/2025,CRMT.TA,-88.03628602,21
04/04/2025,CRMT.TA,-107.1897838,22
05/04/2025,CRMT.TA,-107.0850094,23
06/04/2025,CRMT.TA,-100.27203,24
07/04/2025,CRMT.TA,-97.77983982,25
08/04/2025,CRMT.TA,-97.84828855,26
09/04/2025,CRMT.TA,-100.2460174,27
10/04/2025,CRMT.TA,-93.86814935,28
11/04/2025,CRMT.TA,-94.62444942,29
12/04/2025,CRMT.TA,-97.17787975,30
14/03/2025,CAST.TA,12303.44257,1
15/03/2025,CAST.TA,12458.85098,2
16/03/2025,CAST.TA,12322.20766,3
17/03/2025,CAST.TA,11889.5974,4
18/03/2025,CAST.TA,11968.28797,5
19/03/2025,CAST.TA,11891.13457,6
20/03/2025,CAST.TA,11946.35779,7
21/03/2025,CAST.TA,12029.80191,8
22/03/2025,CAST.TA,12163.02454,9
23/03/2025,CAST.TA,11906.63737,10
24/03/2025,CAST.TA,12060.16674,11
25/03/2025,CAST.TA,11634.99751,12
26/03/2025,CAST.TA,11544.9825,13
27/03/2025,CAST.TA,12105.65866,14
28/03/2025,CAST.TA,12105.23468,15
29/03/2025,CAST.TA,11962.19979,16
30/03/2025,CAST.TA,12183.70771,17
31/03/2025,CAST.TA,12289.74565,18
01/04/2025,CAST.TA,12186.36574,19
02/04/2025,CAST.TA,12360.43123,20
03/04/2025,CAST.TA,12215.5948,21
04/04/2025,CAST.TA,12222.11259,22
05/04/2025,CAST.TA,12430.8254,23
06/04/2025,CAST.TA,12321.4788,24
07/04/2025,CAST.TA,12509.02882,25
08/04/2025,CAST.TA,12464.55328,26
09/04/2025,CAST.TA,12544.48922,27
10/04/2025,CAST.TA,12702.94236,28
11/04/2025,CAST.TA,12826.76334,29
12/04/2025,CAST.TA,12865.79556,30
14/03/2025,CEL.TA,2516.830262,1
15/03/2025,CEL.TA,2533.763832,2
16/03/2025,CEL.TA,2554.39105,3
17/03/2025,CEL.TA,2541.529658,4
18/03/2025,CEL.TA,2591.822457,5
19/03/2025,CEL.TA,2608.966476,6
20/03/2025,CEL.TA,2591.719792,7
21/03/2025,CEL.TA,2598.057626,8
22/03/2025,CEL.TA,2604.377832,9
23/03/2025,CEL.TA,2565.29406,10
24/03/2025,CEL.TA,2528.187167,11
25/03/2025,CEL.TA,2549.790323,12
26/03/2025,CEL.TA,2599.785239,13
27/03/2025,CEL.TA,2599.09603,14
28/03/2025,CEL.TA,2640.293519,15
29/03/2025,CEL.TA,2586.606191,16
30/03/2025,CEL.TA,2596.653639,17
31/03/2025,CEL.TA,2606.740115,18
01/04/2025,CEL.TA,2771.861738,19
02/04/2025,CEL.TA,2823.787716,20
03/04/2025,CEL.TA,2859.311861,21
04/04/2025,CEL.TA,2915.893062,22
05/04/2025,CEL.TA,2899.74118,23
06/04/2025,CEL.TA,3083.422693,24
07/04/2025,CEL.TA,3061.294425,25
08/04/2025,CEL.TA,3057.873851,26
09/04/2025,CEL.TA,3070.654003,27
10/04/2025,CEL.TA,3117.481037,28
11/04/2025,CEL.TA,3178.606927,29
12/04/2025,CEL.TA,3167.798699,30
14/03/2025,CILO.TA,-20.8408742,1
15/03/2025,CILO.TA,10.84760479,2
16/03/2025,CILO.TA,8.43778113,3
17/03/2025,CILO.TA,27.9332917,4
18/03/2025,CILO.TA,2027.050514,5
19/03/2025,CILO.TA,3752.719688,6
20/03/2025,CILO.TA,4182.939853,7
21/03/2025,CILO.TA,-22043.43647,8
22/03/2025,CILO.TA,8305.579737,9
23/03/2025,CILO.TA,199.9403771,10
24/03/2025,CILO.TA,166.5975265,11
25/03/2025,CILO.TA,129.587452,12
26/03/2025,CILO.TA,644.0663374,13
27/03/2025,CILO.TA,719.1067339,14
28/03/2025,CILO.TA,-7433.612327,15
29/03/2025,CILO.TA,39173.97018,16
30/03/2025,CILO.TA,-5611118.309,17
31/03/2025,CILO.TA,-7647037.95,18
01/04/2025,CILO.TA,-5449756.41,19
02/04/2025,CILO.TA,-7255506.835,20
03/04/2025,CILO.TA,-3580724.108,21
04/04/2025,CILO.TA,-6177469.406,22
05/04/2025,CILO.TA,1106284.392,23
06/04/2025,CILO.TA,12582500.15,24
07/04/2025,CILO.TA,-3.66E+09,25
08/04/2025,CILO.TA,-3.77E+09,26
09/04/2025,CILO.TA,-6.58E+09,27
10/04/2025,CILO.TA,-3.02E+09,28
11/04/2025,CILO.TA,2.41E+10,29
12/04/2025,CILO.TA,-8.06E+08,30
17/01/2025,CION.TA,26.34475175,1
18/01/2025,CION.TA,25.98946636,2
19/01/2025,CION.TA,26.00903896,3
20/01/2025,CION.TA,26.20648637,4
21/01/2025,CION.TA,26.22622241,5
22/01/2025,CION.TA,26.74759926,6
23/01/2025,CION.TA,26.75830124,7
24/01/2025,CION.TA,26.74690923,8
25/01/2025,CION.TA,26.76838932,9
26/01/2025,CION.TA,27.7976909,10
27/01/2025,CION.TA,27.82189909,11
28/01/2025,CION.TA,27.83303091,12
29/01/2025,CION.TA,27.85265982,13
30/01/2025,CION.TA,28.06410307,14
31/01/2025,CION.TA,28.08664097,15
01/02/2025,CION.TA,28.75617339,16
02/02/2025,CION.TA,28.97447566,17
03/02/2025,CION.TA,29.69761912,18
04/02/2025,CION.TA,29.71998432,19
05/02/2025,CION.TA,29.94560334,20
06/02/2025,CION.TA,30.17293516,21
07/02/2025,CION.TA,30.40199275,22
08/02/2025,CION.TA,30.47274164,23
09/02/2025,CION.TA,31.1412774,24
10/02/2025,CION.TA,31.16472981,25
11/02/2025,CION.TA,31.84844697,26
12/02/2025,CION.TA,31.8348879,27
13/02/2025,CION.TA,31.81219426,28
14/02/2025,CION.TA,31.88622485,29
15/02/2025,CION.TA,31.90726836,30
14/03/2025,CPIA.TA,39.25727497,1
15/03/2025,CPIA.TA,38.06916828,2
16/03/2025,CPIA.TA,37.68320238,3
17/03/2025,CPIA.TA,36.70095771,4
18/03/2025,CPIA.TA,37.11891168,5
19/03/2025,CPIA.TA,40.48519316,6
20/03/2025,CPIA.TA,41.18940491,7
21/03/2025,CPIA.TA,41.56771702,8
22/03/2025,CPIA.TA,46.21737305,9
23/03/2025,CPIA.TA,44.65542799,10
24/03/2025,CPIA.TA,44.03399404,11
25/03/2025,CPIA.TA,43.11412458,12
26/03/2025,CPIA.TA,43.44212613,13
27/03/2025,CPIA.TA,43.58647261,14
28/03/2025,CPIA.TA,42.78742932,15
29/03/2025,CPIA.TA,42.04406856,16
30/03/2025,CPIA.TA,41.45897482,17
31/03/2025,CPIA.TA,41.92233672,18
01/04/2025,CPIA.TA,40.5370897,19
02/04/2025,CPIA.TA,39.47331949,20
03/04/2025,CPIA.TA,38.43746464,21
04/04/2025,CPIA.TA,38.79050102,22
05/04/2025,CPIA.TA,38.20412981,23
06/04/2025,CPIA.TA,37.63024916,24
07/04/2025,CPIA.TA,37.6422453,25
08/04/2025,CPIA.TA,36.66894348,26
09/04/2025,CPIA.TA,36.11812352,27
10/04/2025,CPIA.TA,35.97651758,28
11/04/2025,CPIA.TA,36.22029016,29
12/04/2025,CPIA.TA,33.76212153,30
14/03/2025,CTPL1.TA,26897.22075,1
15/03/2025,CTPL1.TA,35240.4826,2
16/03/2025,CTPL1.TA,9776.503487,3
17/03/2025,CTPL1.TA,8581.150895,4
18/03/2025,CTPL1.TA,7533.356327,5
19/03/2025,CTPL1.TA,4540.559609,6
20/03/2025,CTPL1.TA,5368.659775,7
21/03/2025,CTPL1.TA,5399.320626,8
22/03/2025,CTPL1.TA,6933.247606,9
23/03/2025,CTPL1.TA,11131.12806,10
24/03/2025,CTPL1.TA,-356.2542016,11
25/03/2025,CTPL1.TA,1015.823133,12
26/03/2025,CTPL1.TA,1264.782712,13
27/03/2025,CTPL1.TA,1624.102794,14
28/03/2025,CTPL1.TA,2607.449959,15
29/03/2025,CTPL1.TA,2607.449959,16
30/03/2025,CTPL1.TA,4987.721102,17
31/03/2025,CTPL1.TA,4378.699406,18
01/04/2025,CTPL1.TA,5253.786123,19
02/04/2025,CTPL1.TA,5110.495787,20
03/04/2025,CTPL1.TA,4911.802048,21
04/04/2025,CTPL1.TA,4777.838893,22
05/04/2025,CTPL1.TA,2280.717168,23
06/04/2025,CTPL1.TA,2696.670801,24
07/04/2025,CTPL1.TA,2380.739891,25
08/04/2025,CTPL1.TA,2394.33649,26
09/04/2025,CTPL1.TA,1899.316777,27
10/04/2025,CTPL1.TA,1628.023867,28
11/04/2025,CTPL1.TA,1741.450256,29
12/04/2025,CTPL1.TA,2223.80509,30
14/03/2025,CTPL5.TA,-33049.29313,1
15/03/2025,CTPL5.TA,78327.59644,2
16/03/2025,CTPL5.TA,84217.02994,3
17/03/2025,CTPL5.TA,82336.41615,4
18/03/2025,CTPL5.TA,81657.90626,5
19/03/2025,CTPL5.TA,83418.32786,6
20/03/2025,CTPL5.TA,78846.53492,7
21/03/2025,CTPL5.TA,86265.64315,8
22/03/2025,CTPL5.TA,-57198.24223,9
23/03/2025,CTPL5.TA,-36255.94998,10
24/03/2025,CTPL5.TA,-35198.66428,11
25/03/2025,CTPL5.TA,42771.66371,12
26/03/2025,CTPL5.TA,44735.58108,13
27/03/2025,CTPL5.TA,48641.6496,14
28/03/2025,CTPL5.TA,59563.0105,15
29/03/2025,CTPL5.TA,-89379.20795,16
30/03/2025,CTPL5.TA,-66637.72896,17
31/03/2025,CTPL5.TA,80974.84924,18
01/04/2025,CTPL5.TA,83827.61126,19
02/04/2025,CTPL5.TA,-96155.19422,20
03/04/2025,CTPL5.TA,524512.7324,21
04/04/2025,CTPL5.TA,358989.7929,22
05/04/2025,CTPL5.TA,405199.6735,23
06/04/2025,CTPL5.TA,409975.6303,24
07/04/2025,CTPL5.TA,410017.7273,25
08/04/2025,CTPL5.TA,-971751.5879,26
09/04/2025,CTPL5.TA,1114656.153,27
10/04/2025,CTPL5.TA,-4122314.751,28
11/04/2025,CTPL5.TA,-4316024.248,29
12/04/2025,CTPL5.TA,-4409071.237,30
14/03/2025,CBI.TA,34.1107421,1
15/03/2025,CBI.TA,32.46490529,2
16/03/2025,CBI.TA,30.68067779,3
17/03/2025,CBI.TA,29.52515897,4
18/03/2025,CBI.TA,28.67720023,5
19/03/2025,CBI.TA,27.34527398,6
20/03/2025,CBI.TA,26.16009636,7
21/03/2025,CBI.TA,25.28915764,8
22/03/2025,CBI.TA,25.1005142,9
23/03/2025,CBI.TA,25.17918953,10
24/03/2025,CBI.TA,24.88860836,11
25/03/2025,CBI.TA,27.27370886,12
26/03/2025,CBI.TA,27.70850239,13
27/03/2025,CBI.TA,27.76376121,14
28/03/2025,CBI.TA,27.50900906,15
29/03/2025,CBI.TA,27.51571389,16
30/03/2025,CBI.TA,26.05350383,17
31/03/2025,CBI.TA,26.92138658,18
01/04/2025,CBI.TA,27.83311706,19
02/04/2025,CBI.TA,27.10822669,20
03/04/2025,CBI.TA,27.08229373,21
04/04/2025,CBI.TA,26.16241157,22
05/04/2025,CBI.TA,25.08923438,23
06/04/2025,CBI.TA,25.81532416,24
07/04/2025,CBI.TA,24.07797509,25
08/04/2025,CBI.TA,24.8800499,26
09/04/2025,CBI.TA,25.67280145,27
10/04/2025,CBI.TA,24.7728201,28
11/04/2025,CBI.TA,25.16774482,29
12/04/2025,CBI.TA,24.59055455,30
14/03/2025,CLIS.TA,9854.67531,1
15/03/2025,CLIS.TA,9855.743507,2
16/03/2025,CLIS.TA,9990.150727,3
17/03/2025,CLIS.TA,10270.76053,4
18/03/2025,CLIS.TA,10265.28321,5
19/03/2025,CLIS.TA,10285.01477,6
20/03/2025,CLIS.TA,10401.12476,7
21/03/2025,CLIS.TA,10475.24466,8
22/03/2025,CLIS.TA,10083.47601,9
23/03/2025,CLIS.TA,10018.91397,10
24/03/2025,CLIS.TA,9870.948312,11
25/03/2025,CLIS.TA,10017.78653,12
26/03/2025,CLIS.TA,9956.652166,13
27/03/2025,CLIS.TA,10036.00623,14
28/03/2025,CLIS.TA,10018.91896,15
29/03/2025,CLIS.TA,10098.76928,16
30/03/2025,CLIS.TA,10168.64474,17
31/03/2025,CLIS.TA,10141.95871,18
01/04/2025,CLIS.TA,9989.067522,19
02/04/2025,CLIS.TA,10175.43368,20
03/04/2025,CLIS.TA,10160.38853,21
04/04/2025,CLIS.TA,10079.62524,22
05/04/2025,CLIS.TA,10069.36318,23
06/04/2025,CLIS.TA,9844.755672,24
07/04/2025,CLIS.TA,10184.41296,25
08/04/2025,CLIS.TA,10208.54459,26
09/04/2025,CLIS.TA,10124.07637,27
10/04/2025,CLIS.TA,10291.53281,28
11/04/2025,CLIS.TA,10070.5853,29
12/04/2025,CLIS.TA,9937.748054,30
14/03/2025,CFX.TA,417.8530108,1
15/03/2025,CFX.TA,428.584515,2
16/03/2025,CFX.TA,424.4621179,3
17/03/2025,CFX.TA,428.9130598,4
18/03/2025,CFX.TA,428.0627135,5
19/03/2025,CFX.TA,430.3652427,6
20/03/2025,CFX.TA,424.748367,7
21/03/2025,CFX.TA,423.0525264,8
22/03/2025,CFX.TA,433.3794806,9
23/03/2025,CFX.TA,434.5594024,10
24/03/2025,CFX.TA,433.6941954,11
25/03/2025,CFX.TA,432.8307109,12
26/03/2025,CFX.TA,434.5103236,13
27/03/2025,CFX.TA,432.0817007,14
28/03/2025,CFX.TA,431.5226091,15
29/03/2025,CFX.TA,421.2175829,16
30/03/2025,CFX.TA,420.7975104,17
31/03/2025,CFX.TA,426.9977588,18
01/04/2025,CFX.TA,434.5575409,19
02/04/2025,CFX.TA,428.040359,20
03/04/2025,CFX.TA,426.6469896,21
04/04/2025,CFX.TA,424.6331824,22
05/04/2025,CFX.TA,416.3605202,23
06/04/2025,CFX.TA,416.2363649,24
07/04/2025,CFX.TA,416.4560641,25
08/04/2025,CFX.TA,417.0361924,26
09/04/2025,CFX.TA,410.7817831,27
10/04/2025,CFX.TA,414.4067092,28
11/04/2025,CFX.TA,416.6906174,29
12/04/2025,CFX.TA,415.1766674,30
14/03/2025,CDEV.TA,16173.39366,1
15/03/2025,CDEV.TA,16197.50992,2
16/03/2025,CDEV.TA,16083.08598,3
17/03/2025,CDEV.TA,16437.97062,4
18/03/2025,CDEV.TA,16410.54181,5
19/03/2025,CDEV.TA,16338.84049,6
20/03/2025,CDEV.TA,16422.10557,7
21/03/2025,CDEV.TA,16460.02575,8
22/03/2025,CDEV.TA,16970.544,9
23/03/2025,CDEV.TA,16971.99499,10
24/03/2025,CDEV.TA,17087.55548,11
25/03/2025,CDEV.TA,17127.01224,12
26/03/2025,CDEV.TA,17142.89914,13
27/03/2025,CDEV.TA,17582.01336,14
28/03/2025,CDEV.TA,17986.75472,15
29/03/2025,CDEV.TA,18273.56209,16
30/03/2025,CDEV.TA,18253.70791,17
31/03/2025,CDEV.TA,18288.84929,18
01/04/2025,CDEV.TA,18610.72165,19
02/04/2025,CDEV.TA,18647.35701,20
03/04/2025,CDEV.TA,18690.4155,21
04/04/2025,CDEV.TA,18635.82449,22
05/04/2025,CDEV.TA,18548.75778,23
06/04/2025,CDEV.TA,18494.58052,24
07/04/2025,CDEV.TA,18380.5845,25
08/04/2025,CDEV.TA,18522.65702,26
09/04/2025,CDEV.TA,18997.11365,27
10/04/2025,CDEV.TA,18867.85679,28
11/04/2025,CDEV.TA,18904.99833,29
12/04/2025,CDEV.TA,18850.99182,30
14/03/2025,CGEN.TA,618.4129997,1
15/03/2025,CGEN.TA,606.6422883,2
16/03/2025,CGEN.TA,642.1602688,3
17/03/2025,CGEN.TA,619.4119133,4
18/03/2025,CGEN.TA,594.0447676,5
19/03/2025,CGEN.TA,566.7842621,6
20/03/2025,CGEN.TA,559.460884,7
21/03/2025,CGEN.TA,563.1646684,8
22/03/2025,CGEN.TA,542.8346132,9
23/03/2025,CGEN.TA,536.2609243,10
24/03/2025,CGEN.TA,613.2391766,11
25/03/2025,CGEN.TA,601.5669423,12
26/03/2025,CGEN.TA,590.4369229,13
27/03/2025,CGEN.TA,609.0602421,14
28/03/2025,CGEN.TA,611.4314779,15
29/03/2025,CGEN.TA,600.6138824,16
30/03/2025,CGEN.TA,604.5901109,17
31/03/2025,CGEN.TA,617.062523,18
01/04/2025,CGEN.TA,589.3169058,19
02/04/2025,CGEN.TA,612.1324627,20
03/04/2025,CGEN.TA,692.4747625,21
04/04/2025,CGEN.TA,679.6627927,22
05/04/2025,CGEN.TA,671.1196597,23
06/04/2025,CGEN.TA,610.9766384,24
07/04/2025,CGEN.TA,607.7965482,25
08/04/2025,CGEN.TA,592.2937496,26
09/04/2025,CGEN.TA,637.8593508,27
10/04/2025,CGEN.TA,608.5882095,28
11/04/2025,CGEN.TA,589.2247661,29
12/04/2025,CGEN.TA,595.2137935,30
14/03/2025,CMDR.TA,37865.742,1
15/03/2025,CMDR.TA,38533.47271,2
16/03/2025,CMDR.TA,38429.56227,3
17/03/2025,CMDR.TA,38237.76715,4
18/03/2025,CMDR.TA,39245.35601,5
19/03/2025,CMDR.TA,42695.04308,6
20/03/2025,CMDR.TA,41768.1921,7
21/03/2025,CMDR.TA,42257.25876,8
22/03/2025,CMDR.TA,43199.66521,9
23/03/2025,CMDR.TA,43285.61644,10
24/03/2025,CMDR.TA,44048.92211,11
25/03/2025,CMDR.TA,44357.71786,12
26/03/2025,CMDR.TA,44827.41492,13
27/03/2025,CMDR.TA,44477.39772,14
28/03/2025,CMDR.TA,44927.33494,15
29/03/2025,CMDR.TA,44796.91859,16
30/03/2025,CMDR.TA,43884.0787,17
31/03/2025,CMDR.TA,43697.08422,18
01/04/2025,CMDR.TA,43452.82335,19
02/04/2025,CMDR.TA,43727.80869,20
03/04/2025,CMDR.TA,45145.66709,21
04/04/2025,CMDR.TA,45228.77599,22
05/04/2025,CMDR.TA,45878.35876,23
06/04/2025,CMDR.TA,44445.99548,24
07/04/2025,CMDR.TA,44514.6555,25
08/04/2025,CMDR.TA,44997.73306,26
09/04/2025,CMDR.TA,45786.17673,27
10/04/2025,CMDR.TA,46593.57769,28
11/04/2025,CMDR.TA,47139.14512,29
12/04/2025,CMDR.TA,47141.67892,30
14/03/2025,CNTL-M.TA,13.3933599,1
15/03/2025,CNTL-M.TA,12.23701706,2
16/03/2025,CNTL-M.TA,12.37739538,3
17/03/2025,CNTL-M.TA,13.66505654,4
18/03/2025,CNTL-M.TA,14.59846673,5
19/03/2025,CNTL-M.TA,12.28916745,6
20/03/2025,CNTL-M.TA,14.19537768,7
21/03/2025,CNTL-M.TA,13.01693609,8
22/03/2025,CNTL-M.TA,13.00201696,9
23/03/2025,CNTL-M.TA,11.5959295,10
24/03/2025,CNTL-M.TA,5.14277233,11
25/03/2025,CNTL-M.TA,5.66859127,12
26/03/2025,CNTL-M.TA,5.92005732,13
27/03/2025,CNTL-M.TA,5.92270935,14
28/03/2025,CNTL-M.TA,5.41136025,15
29/03/2025,CNTL-M.TA,5.42378301,16
30/03/2025,CNTL-M.TA,4.92046796,17
31/03/2025,CNTL-M.TA,4.46247404,18
01/04/2025,CNTL-M.TA,4.76728937,19
02/04/2025,CNTL-M.TA,4.79343315,20
03/04/2025,CNTL-M.TA,4.78360223,21
04/04/2025,CNTL-M.TA,4.40912338,22
05/04/2025,CNTL-M.TA,3.74325438,23
06/04/2025,CNTL-M.TA,4.13267745,24
07/04/2025,CNTL-M.TA,4.13410423,25
08/04/2025,CNTL-M.TA,3.52459305,26
09/04/2025,CNTL-M.TA,3.15511578,27
10/04/2025,CNTL-M.TA,2.90812114,28
11/04/2025,CNTL-M.TA,2.87785408,29
12/04/2025,CNTL-M.TA,2.87195184,30
14/03/2025,CMCT.TA,18893.48127,1
15/03/2025,CMCT.TA,16119.97919,2
16/03/2025,CMCT.TA,25843.18852,3
17/03/2025,CMCT.TA,29578.33321,4
18/03/2025,CMCT.TA,25236.32935,5
19/03/2025,CMCT.TA,-107518.9409,6
20/03/2025,CMCT.TA,625931.1117,7
21/03/2025,CMCT.TA,2318259.044,8
22/03/2025,CMCT.TA,1027811.214,9
23/03/2025,CMCT.TA,2336822.708,10
24/03/2025,CMCT.TA,2355829.997,11
25/03/2025,CMCT.TA,-6379911.721,12
26/03/2025,CMCT.TA,-6308562.733,13
27/03/2025,CMCT.TA,797579.944,14
28/03/2025,CMCT.TA,457237.4357,15
29/03/2025,CMCT.TA,-121759.1141,16
30/03/2025,CMCT.TA,-840626.0666,17
31/03/2025,CMCT.TA,-425481.5307,18
01/04/2025,CMCT.TA,-609674.0226,19
02/04/2025,CMCT.TA,184623.6585,20
03/04/2025,CMCT.TA,185833.2137,21
04/04/2025,CMCT.TA,293977.316,22
05/04/2025,CMCT.TA,-56775.21471,23
06/04/2025,CMCT.TA,-26126.28738,24
07/04/2025,CMCT.TA,15779.77148,25
08/04/2025,CMCT.TA,-1995.007387,26
09/04/2025,CMCT.TA,-1983.959882,27
10/04/2025,CMCT.TA,8452.626468,28
11/04/2025,CMCT.TA,3705.009817,29
12/04/2025,CMCT.TA,3688.672234,30
14/03/2025,DANH.TA,2458.000143,1
15/03/2025,DANH.TA,2457.323546,2
16/03/2025,DANH.TA,2457.323546,3
17/03/2025,DANH.TA,2457.323546,4
18/03/2025,DANH.TA,2457.323403,5
19/03/2025,DANH.TA,2457.323403,6
20/03/2025,DANH.TA,2444.190552,7
21/03/2025,DANH.TA,2444.188281,8
22/03/2025,DANH.TA,2444.189701,9
23/03/2025,DANH.TA,2444.189842,10
24/03/2025,DANH.TA,2444.189701,11
25/03/2025,DANH.TA,2444.189559,12
26/03/2025,DANH.TA,2444.189559,13
27/03/2025,DANH.TA,2444.189559,14
28/03/2025,DANH.TA,2444.189559,15
29/03/2025,DANH.TA,2444.189559,16
30/03/2025,DANH.TA,2459.274362,17
31/03/2025,DANH.TA,2459.274362,18
01/04/2025,DANH.TA,2459.276361,19
02/04/2025,DANH.TA,2459.276361,20
03/04/2025,DANH.TA,2459.276218,21
04/04/2025,DANH.TA,2459.276218,22
05/04/2025,DANH.TA,2459.276361,23
06/04/2025,DANH.TA,2472.49027,24
07/04/2025,DANH.TA,2472.49027,25
08/04/2025,DANH.TA,2472.49027,26
09/04/2025,DANH.TA,2472.49027,27
10/04/2025,DANH.TA,2472.49027,28
11/04/2025,DANH.TA,2472.490126,29
12/04/2025,DANH.TA,2472.490126,30
14/03/2025,DANE.TA,42400.18753,1
15/03/2025,DANE.TA,43797.03068,2
16/03/2025,DANE.TA,43054.3904,3
17/03/2025,DANE.TA,42923.8974,4
18/03/2025,DANE.TA,42764.961,5
19/03/2025,DANE.TA,41890.73937,6
20/03/2025,DANE.TA,42936.99256,7
21/03/2025,DANE.TA,44009.37673,8
22/03/2025,DANE.TA,44993.10106,9
23/03/2025,DANE.TA,45174.5873,10
24/03/2025,DANE.TA,45108.22985,11
25/03/2025,DANE.TA,46368.9775,12
26/03/2025,DANE.TA,46089.97018,13
27/03/2025,DANE.TA,46321.32253,14
28/03/2025,DANE.TA,46585.17317,15
29/03/2025,DANE.TA,46464.13766,16
30/03/2025,DANE.TA,46555.98814,17
31/03/2025,DANE.TA,47842.01023,18
01/04/2025,DANE.TA,48159.19349,19
02/04/2025,DANE.TA,46574.05019,20
03/04/2025,DANE.TA,45041.08134,21
04/04/2025,DANE.TA,43378.32995,22
05/04/2025,DANE.TA,43203.08938,23
06/04/2025,DANE.TA,43150.94349,24
07/04/2025,DANE.TA,42750.8315,25
08/04/2025,DANE.TA,43347.1745,26
09/04/2025,DANE.TA,44273.53823,27
10/04/2025,DANE.TA,43814.94169,28
11/04/2025,DANE.TA,43261.33016,29
12/04/2025,DANE.TA,43022.89654,30
14/03/2025,DNYA.TA,10616.37539,1
15/03/2025,DNYA.TA,10380.87487,2
16/03/2025,DNYA.TA,10577.06085,3
17/03/2025,DNYA.TA,10490.45798,4
18/03/2025,DNYA.TA,10410.80587,5
19/03/2025,DNYA.TA,10529.26255,6
20/03/2025,DNYA.TA,10588.06073,7
21/03/2025,DNYA.TA,10569.42879,8
22/03/2025,DNYA.TA,10628.45127,9
23/03/2025,DNYA.TA,10585.49079,10
24/03/2025,DNYA.TA,10644.60296,11
25/03/2025,DNYA.TA,10625.14007,12
26/03/2025,DNYA.TA,10565.5282,13
27/03/2025,DNYA.TA,10546.20988,14
28/03/2025,DNYA.TA,10534.01507,15
29/03/2025,DNYA.TA,10260.60032,16
30/03/2025,DNYA.TA,10282.36795,17
31/03/2025,DNYA.TA,10408.74785,18
01/04/2025,DNYA.TA,10395.29209,19
02/04/2025,DNYA.TA,10330.28636,20
03/04/2025,DNYA.TA,10457.25522,21
04/04/2025,DNYA.TA,10515.65129,22
05/04/2025,DNYA.TA,10574.37346,23
06/04/2025,DNYA.TA,10339.80466,24
07/04/2025,DNYA.TA,10567.58479,25
08/04/2025,DNYA.TA,10687.82534,26
09/04/2025,DNYA.TA,10724.82484,27
10/04/2025,DNYA.TA,10641.05137,28
11/04/2025,DNYA.TA,10574.50881,29
12/04/2025,DNYA.TA,10462.28922,30
14/03/2025,DLEA.TA,2853.691935,1
15/03/2025,DLEA.TA,2770.463844,2
16/03/2025,DLEA.TA,2788.114386,3
17/03/2025,DLEA.TA,2720.484725,4
18/03/2025,DLEA.TA,2717.771955,5
19/03/2025,DLEA.TA,2767.405606,6
20/03/2025,DLEA.TA,2791.441043,7
21/03/2025,DLEA.TA,2785.142322,8
22/03/2025,DLEA.TA,2811.720122,9
23/03/2025,DLEA.TA,2895.347802,10
24/03/2025,DLEA.TA,3031.19377,11
25/03/2025,DLEA.TA,2925.077263,12
26/03/2025,DLEA.TA,2854.901598,13
27/03/2025,DLEA.TA,2844.634243,14
28/03/2025,DLEA.TA,2834.403813,15
29/03/2025,DLEA.TA,2856.034275,16
30/03/2025,DLEA.TA,2853.18634,17
31/03/2025,DLEA.TA,2898.78102,18
01/04/2025,DLEA.TA,2950.249167,19
02/04/2025,DLEA.TA,2999.735764,20
03/04/2025,DLEA.TA,2987.320404,21
04/04/2025,DLEA.TA,2990.799885,22
05/04/2025,DLEA.TA,3171.42644,23
06/04/2025,DLEA.TA,3088.008652,24
07/04/2025,DLEA.TA,3137.355855,25
08/04/2025,DLEA.TA,3181.64931,26
09/04/2025,DLEA.TA,3126.048368,27
10/04/2025,DLEA.TA,3118.049098,28
11/04/2025,DLEA.TA,3119.482668,29
12/04/2025,DLEA.TA,3270.710258,30
14/03/2025,DLEKG.TA,54160.76061,1
15/03/2025,DLEKG.TA,55045.93116,2
16/03/2025,DLEKG.TA,56297.82414,3
17/03/2025,DLEKG.TA,56702.34395,4
18/03/2025,DLEKG.TA,56227.30628,5
19/03/2025,DLEKG.TA,56304.7211,6
20/03/2025,DLEKG.TA,56463.74073,7
21/03/2025,DLEKG.TA,56766.0602,8
22/03/2025,DLEKG.TA,58487.63778,9
23/03/2025,DLEKG.TA,58229.6615,10
24/03/2025,DLEKG.TA,59181.33169,11
25/03/2025,DLEKG.TA,58918.2748,12
26/03/2025,DLEKG.TA,58604.56531,13
27/03/2025,DLEKG.TA,59025.65988,14
28/03/2025,DLEKG.TA,57063.33367,15
29/03/2025,DLEKG.TA,57699.97714,16
30/03/2025,DLEKG.TA,59284.76024,17
31/03/2025,DLEKG.TA,58619.39847,18
01/04/2025,DLEKG.TA,58189.45925,19
02/04/2025,DLEKG.TA,57905.54063,20
03/04/2025,DLEKG.TA,57623.00731,21
04/04/2025,DLEKG.TA,57460.77345,22
05/04/2025,DLEKG.TA,57853.84968,23
06/04/2025,DLEKG.TA,56954.93968,24
07/04/2025,DLEKG.TA,56789.66631,25
08/04/2025,DLEKG.TA,56949.2371,26
09/04/2025,DLEKG.TA,56336.039,27
10/04/2025,DLEKG.TA,56520.81925,28
11/04/2025,DLEKG.TA,56730.77829,29
12/04/2025,DLEKG.TA,56359.18746,30
14/03/2025,DLTI.TA,7854.275751,1
15/03/2025,DLTI.TA,7978.937782,2
16/03/2025,DLTI.TA,7938.609734,3
17/03/2025,DLTI.TA,7982.933783,4
18/03/2025,DLTI.TA,7911.732011,5
19/03/2025,DLTI.TA,7379.114159,6
20/03/2025,DLTI.TA,7319.608872,7
21/03/2025,DLTI.TA,7247.93762,8
22/03/2025,DLTI.TA,7326.688502,9
23/03/2025,DLTI.TA,7289.657126,10
24/03/2025,DLTI.TA,7417.556765,11
25/03/2025,DLTI.TA,6918.206794,12
26/03/2025,DLTI.TA,6877.301061,13
27/03/2025,DLTI.TA,7753.415476,14
28/03/2025,DLTI.TA,7573.620833,15
29/03/2025,DLTI.TA,7566.625861,16
30/03/2025,DLTI.TA,7521.886177,17
31/03/2025,DLTI.TA,7333.584288,18
01/04/2025,DLTI.TA,7299.845073,19
02/04/2025,DLTI.TA,7311.242707,20
03/04/2025,DLTI.TA,7628.67741,21
04/04/2025,DLTI.TA,7711.565137,22
05/04/2025,DLTI.TA,7698.20156,23
06/04/2025,DLTI.TA,7820.386402,24
07/04/2025,DLTI.TA,7662.397608,25
08/04/2025,DLTI.TA,7791.107815,26
09/04/2025,DLTI.TA,7728.649794,27
10/04/2025,DLTI.TA,7675.12533,28
11/04/2025,DLTI.TA,7561.62358,29
12/04/2025,DLTI.TA,7719.180664,30
14/03/2025,DELG.TA,19641.36506,1
15/03/2025,DELG.TA,19935.4529,2
16/03/2025,DELG.TA,19821.55557,3
17/03/2025,DELG.TA,19739.75401,4
18/03/2025,DELG.TA,19599.12174,5
19/03/2025,DELG.TA,19804.21253,6
20/03/2025,DELG.TA,19601.03853,7
21/03/2025,DELG.TA,19473.83476,8
22/03/2025,DELG.TA,19274.05016,9
23/03/2025,DELG.TA,19214.29046,10
24/03/2025,DELG.TA,19259.34845,11
25/03/2025,DELG.TA,19477.98747,12
26/03/2025,DELG.TA,19488.04937,13
27/03/2025,DELG.TA,19346.74336,14
28/03/2025,DELG.TA,19451.8142,15
29/03/2025,DELG.TA,19555.73339,16
30/03/2025,DELG.TA,19290.71008,17
31/03/2025,DELG.TA,19627.831,18
01/04/2025,DELG.TA,19828.9891,19
02/04/2025,DELG.TA,19697.87173,20
03/04/2025,DELG.TA,20032.68851,21
04/04/2025,DELG.TA,19679.39216,22
05/04/2025,DELG.TA,19612.63224,23
06/04/2025,DELG.TA,19641.10734,24
07/04/2025,DELG.TA,19651.25351,25
08/04/2025,DELG.TA,19455.64422,26
09/04/2025,DELG.TA,19461.11021,27
10/04/2025,DELG.TA,19468.19519,28
11/04/2025,DELG.TA,19436.04114,29
12/04/2025,DELG.TA,20114.01615,30
14/03/2025,DIMRI.TA,28808.76922,1
15/03/2025,DIMRI.TA,28754.57172,2
16/03/2025,DIMRI.TA,28984.93678,3
17/03/2025,DIMRI.TA,29113.66427,4
18/03/2025,DIMRI.TA,28317.83003,5
19/03/2025,DIMRI.TA,28962.23828,6
20/03/2025,DIMRI.TA,45128.98618,7
21/03/2025,DIMRI.TA,44765.56775,8
22/03/2025,DIMRI.TA,45148.9962,9
23/03/2025,DIMRI.TA,46357.89472,10
24/03/2025,DIMRI.TA,45448.4867,11
25/03/2025,DIMRI.TA,45441.46945,12
26/03/2025,DIMRI.TA,47328.47654,13
27/03/2025,DIMRI.TA,48182.57224,14
28/03/2025,DIMRI.TA,47492.41979,15
29/03/2025,DIMRI.TA,54770.99179,16
30/03/2025,DIMRI.TA,55311.41045,17
31/03/2025,DIMRI.TA,54129.01861,18
01/04/2025,DIMRI.TA,52649.37916,19
02/04/2025,DIMRI.TA,52873.06958,20
03/04/2025,DIMRI.TA,53544.09108,21
04/04/2025,DIMRI.TA,60789.41678,22
05/04/2025,DIMRI.TA,61306.93786,23
06/04/2025,DIMRI.TA,60683.71291,24
07/04/2025,DIMRI.TA,59835.72897,25
08/04/2025,DIMRI.TA,58272.40874,26
09/04/2025,DIMRI.TA,58938.59376,27
10/04/2025,DIMRI.TA,67971.37836,28
11/04/2025,DIMRI.TA,67424.01283,29
12/04/2025,DIMRI.TA,67967.53496,30
14/03/2025,DIPL.TA,5083.594917,1
15/03/2025,DIPL.TA,5059.792903,2
16/03/2025,DIPL.TA,5026.021237,3
17/03/2025,DIPL.TA,4992.711921,4
18/03/2025,DIPL.TA,4965.472306,5
19/03/2025,DIPL.TA,5217.594153,6
20/03/2025,DIPL.TA,5136.824591,7
21/03/2025,DIPL.TA,5159.236998,8
22/03/2025,DIPL.TA,5142.548123,9
23/03/2025,DIPL.TA,5009.231387,10
24/03/2025,DIPL.TA,5053.769521,11
25/03/2025,DIPL.TA,5011.045289,12
26/03/2025,DIPL.TA,5113.380916,13
27/03/2025,DIPL.TA,5103.283883,14
28/03/2025,DIPL.TA,5125.54995,15
29/03/2025,DIPL.TA,5037.663914,16
30/03/2025,DIPL.TA,5011.432767,17
31/03/2025,DIPL.TA,4840.355498,18
01/04/2025,DIPL.TA,4967.40222,19
02/04/2025,DIPL.TA,4925.252781,20
03/04/2025,DIPL.TA,5012.95975,21
04/04/2025,DIPL.TA,5011.446886,22
05/04/2025,DIPL.TA,5128.391742,23
06/04/2025,DIPL.TA,5123.512623,24
07/04/2025,DIPL.TA,5279.149702,25
08/04/2025,DIPL.TA,5251.661137,26
09/04/2025,DIPL.TA,5174.31255,27
10/04/2025,DIPL.TA,5287.089672,28
11/04/2025,DIPL.TA,5291.088719,29
12/04/2025,DIPL.TA,5222.175817,30
14/03/2025,DIFI.TA,62345.46849,1
15/03/2025,DIFI.TA,62884.02602,2
16/03/2025,DIFI.TA,62835.87871,3
17/03/2025,DIFI.TA,64396.4236,4
18/03/2025,DIFI.TA,64545.10265,5
19/03/2025,DIFI.TA,65201.3252,6
20/03/2025,DIFI.TA,64548.01127,7
21/03/2025,DIFI.TA,65427.12099,8
22/03/2025,DIFI.TA,63976.11994,9
23/03/2025,DIFI.TA,63810.32431,10
24/03/2025,DIFI.TA,65206.64575,11
25/03/2025,DIFI.TA,64980.35952,12
26/03/2025,DIFI.TA,63263.20203,13
27/03/2025,DIFI.TA,63043.66011,14
28/03/2025,DIFI.TA,63596.49549,15
29/03/2025,DIFI.TA,62200.68878,16
30/03/2025,DIFI.TA,64424.00601,17
31/03/2025,DIFI.TA,63888.47669,18
01/04/2025,DIFI.TA,62678.82621,19
02/04/2025,DIFI.TA,63316.07454,20
03/04/2025,DIFI.TA,64133.02992,21
04/04/2025,DIFI.TA,64095.58305,22
05/04/2025,DIFI.TA,64747.23538,23
06/04/2025,DIFI.TA,64593.65892,24
07/04/2025,DIFI.TA,64870.90534,25
08/04/2025,DIFI.TA,64572.22816,26
09/04/2025,DIFI.TA,64343.94572,27
10/04/2025,DIFI.TA,64191.32584,28
11/04/2025,DIFI.TA,65223.55305,29
12/04/2025,DIFI.TA,65073.30965,30
14/03/2025,DSCT.TA,2636.515458,1
15/03/2025,DSCT.TA,2642.337285,2
16/03/2025,DSCT.TA,2698.394896,3
17/03/2025,DSCT.TA,2735.070806,4
18/03/2025,DSCT.TA,2709.490684,5
19/03/2025,DSCT.TA,2675.862222,6
20/03/2025,DSCT.TA,2701.52237,7
21/03/2025,DSCT.TA,2704.694189,8
22/03/2025,DSCT.TA,2695.120443,9
23/03/2025,DSCT.TA,2744.450481,10
24/03/2025,DSCT.TA,2808.202231,11
25/03/2025,DSCT.TA,2855.084742,12
26/03/2025,DSCT.TA,2861.389202,13
27/03/2025,DSCT.TA,2842.186566,14
28/03/2025,DSCT.TA,2880.816857,15
29/03/2025,DSCT.TA,2863.092349,16
30/03/2025,DSCT.TA,2851.33936,17
31/03/2025,DSCT.TA,2841.246537,18
01/04/2025,DSCT.TA,2864.251644,19
02/04/2025,DSCT.TA,2912.069892,20
03/04/2025,DSCT.TA,2933.185202,21
04/04/2025,DSCT.TA,2960.262508,22
05/04/2025,DSCT.TA,2966.949335,23
06/04/2025,DSCT.TA,2954.30106,24
07/04/2025,DSCT.TA,2917.642589,25
08/04/2025,DSCT.TA,2924.085187,26
09/04/2025,DSCT.TA,2924.280823,27
10/04/2025,DSCT.TA,2980.641011,28
11/04/2025,DSCT.TA,2990.623833,29
12/04/2025,DSCT.TA,2993.38143,30
14/03/2025,DISI.TA,483.923049,1
15/03/2025,DISI.TA,457.9911533,2
16/03/2025,DISI.TA,453.7176211,3
17/03/2025,DISI.TA,453.2790555,4
18/03/2025,DISI.TA,491.1677513,5
19/03/2025,DISI.TA,485.4772071,6
20/03/2025,DISI.TA,491.1278854,7
21/03/2025,DISI.TA,495.4176602,8
22/03/2025,DISI.TA,492.9278733,9
23/03/2025,DISI.TA,533.9514082,10
24/03/2025,DISI.TA,538.6901806,11
25/03/2025,DISI.TA,530.7278824,12
26/03/2025,DISI.TA,546.7200955,13
27/03/2025,DISI.TA,554.18431,14
28/03/2025,DISI.TA,574.762647,15
29/03/2025,DISI.TA,543.9629465,16
30/03/2025,DISI.TA,553.9679338,17
31/03/2025,DISI.TA,554.2334178,18
01/04/2025,DISI.TA,551.5770392,19
02/04/2025,DISI.TA,572.0585613,20
03/04/2025,DISI.TA,565.2758667,21
04/04/2025,DISI.TA,563.0231919,22
05/04/2025,DISI.TA,556.4097267,23
06/04/2025,DISI.TA,560.7447483,24
07/04/2025,DISI.TA,613.3210488,25
08/04/2025,DISI.TA,592.089187,26
09/04/2025,DISI.TA,576.5719253,27
10/04/2025,DISI.TA,601.1488992,28
11/04/2025,DISI.TA,596.8520971,29
12/04/2025,DISI.TA,606.1240911,30
14/03/2025,DNA.TA,105.4890031,1
15/03/2025,DNA.TA,105.0188896,2
16/03/2025,DNA.TA,106.0313008,3
17/03/2025,DNA.TA,102.5409004,4
18/03/2025,DNA.TA,102.5633859,5
19/03/2025,DNA.TA,101.6379089,6
20/03/2025,DNA.TA,100.5303092,7
21/03/2025,DNA.TA,95.52495452,8
22/03/2025,DNA.TA,107.3869853,9
23/03/2025,DNA.TA,109.5447504,10
24/03/2025,DNA.TA,111.7730904,11
25/03/2025,DNA.TA,111.1940146,12
26/03/2025,DNA.TA,106.5265312,13
27/03/2025,DNA.TA,104.7986352,14
28/03/2025,DNA.TA,108.8506558,15
29/03/2025,DNA.TA,114.169532,16
30/03/2025,DNA.TA,111.6419944,17
31/03/2025,DNA.TA,111.4732001,18
01/04/2025,DNA.TA,114.7879044,19
02/04/2025,DNA.TA,114.716517,20
03/04/2025,DNA.TA,109.004838,21
04/04/2025,DNA.TA,120.7802322,22
05/04/2025,DNA.TA,122.8580656,23
06/04/2025,DNA.TA,128.0188213,24
07/04/2025,DNA.TA,127.2768315,25
08/04/2025,DNA.TA,118.4061501,26
09/04/2025,DNA.TA,115.9402024,27
10/04/2025,DNA.TA,118.4639224,28
11/04/2025,DNA.TA,119.6757611,29
12/04/2025,DNA.TA,133.0486643,30
14/03/2025,DRAL.TA,10929.63967,1
15/03/2025,DRAL.TA,10867.47442,2
16/03/2025,DRAL.TA,10817.4483,3
17/03/2025,DRAL.TA,10918.98116,4
18/03/2025,DRAL.TA,10936.62415,5
19/03/2025,DRAL.TA,10943.36937,6
20/03/2025,DRAL.TA,10925.78581,7
21/03/2025,DRAL.TA,10957.07104,8
22/03/2025,DRAL.TA,11070.58548,9
23/03/2025,DRAL.TA,11098.17789,10
24/03/2025,DRAL.TA,11216.32817,11
25/03/2025,DRAL.TA,10703.20523,12
26/03/2025,DRAL.TA,10711.0338,13
27/03/2025,DRAL.TA,10648.06772,14
28/03/2025,DRAL.TA,10795.73579,15
29/03/2025,DRAL.TA,10954.99159,16
30/03/2025,DRAL.TA,10967.20085,17
31/03/2025,DRAL.TA,10975.22251,18
01/04/2025,DRAL.TA,11028.36914,19
02/04/2025,DRAL.TA,10984.43562,20
03/04/2025,DRAL.TA,10972.70827,21
04/04/2025,DRAL.TA,11139.58743,22
05/04/2025,DRAL.TA,10976.33783,23
06/04/2025,DRAL.TA,11197.27173,24
07/04/2025,DRAL.TA,11254.73872,25
08/04/2025,DRAL.TA,11248.44014,26
09/04/2025,DRAL.TA,10906.90908,27
10/04/2025,DRAL.TA,10849.40163,28
11/04/2025,DRAL.TA,10846.19233,29
12/04/2025,DRAL.TA,10940.37194,30
14/03/2025,DORL.TA,1390.914981,1
15/03/2025,DORL.TA,1418.352092,2
16/03/2025,DORL.TA,1414.116374,3
17/03/2025,DORL.TA,1380.472554,4
18/03/2025,DORL.TA,1396.531503,5
19/03/2025,DORL.TA,1413.890067,6
20/03/2025,DORL.TA,1400.087728,7
21/03/2025,DORL.TA,1430.936984,8
22/03/2025,DORL.TA,1389.250966,9
23/03/2025,DORL.TA,1383.475809,10
24/03/2025,DORL.TA,1374.185776,11
25/03/2025,DORL.TA,1376.038945,12
26/03/2025,DORL.TA,1427.230437,13
27/03/2025,DORL.TA,1455.383904,14
28/03/2025,DORL.TA,1405.64579,15
29/03/2025,DORL.TA,1404.338501,16
30/03/2025,DORL.TA,1301.055528,17
31/03/2025,DORL.TA,1304.219283,18
01/04/2025,DORL.TA,1286.817324,19
02/04/2025,DORL.TA,1266.930747,20
03/04/2025,DORL.TA,1284.374143,21
04/04/2025,DORL.TA,1301.558349,22
05/04/2025,DORL.TA,1284.191894,23
06/04/2025,DORL.TA,1340.914784,24
07/04/2025,DORL.TA,1314.481388,25
08/04/2025,DORL.TA,1347.894364,26
09/04/2025,DORL.TA,1301.829733,27
10/04/2025,DORL.TA,1304.995371,28
11/04/2025,DORL.TA,1320.176298,29
12/04/2025,DORL.TA,1223.083088,30
14/03/2025,DRSH.TA,1566.335635,1
15/03/2025,DRSH.TA,1592.632837,2
16/03/2025,DRSH.TA,1614.073122,3
17/03/2025,DRSH.TA,1615.129385,4
18/03/2025,DRSH.TA,1628.667126,5
19/03/2025,DRSH.TA,1653.401488,6
20/03/2025,DRSH.TA,1681.160438,7
21/03/2025,DRSH.TA,1664.686728,8
22/03/2025,DRSH.TA,1684.014249,9
23/03/2025,DRSH.TA,1676.78956,10
24/03/2025,DRSH.TA,1697.886225,11
25/03/2025,DRSH.TA,1707.61948,12
26/03/2025,DRSH.TA,1697.713828,13
27/03/2025,DRSH.TA,1699.535342,14
28/03/2025,DRSH.TA,1722.068652,15
29/03/2025,DRSH.TA,1722.088551,16
30/03/2025,DRSH.TA,1731.516821,17
31/03/2025,DRSH.TA,1773.839559,18
01/04/2025,DRSH.TA,1773.860056,19
02/04/2025,DRSH.TA,1768.94613,20
03/04/2025,DRSH.TA,1796.94856,21
04/04/2025,DRSH.TA,1799.280411,22
05/04/2025,DRSH.TA,1794.147483,23
06/04/2025,DRSH.TA,1806.24779,24
07/04/2025,DRSH.TA,1827.218878,25
08/04/2025,DRSH.TA,1830.070331,26
09/04/2025,DRSH.TA,1825.147794,27
10/04/2025,DRSH.TA,1820.238497,28
11/04/2025,DRSH.TA,1822.600571,29
12/04/2025,DRSH.TA,1846.765543,30
14/03/2025,DUNI.TA,21631.99825,1
15/03/2025,DUNI.TA,21197.54062,2
16/03/2025,DUNI.TA,22058.0536,3
17/03/2025,DUNI.TA,21727.76315,4
18/03/2025,DUNI.TA,21402.41836,5
19/03/2025,DUNI.TA,20962.07569,6
20/03/2025,DUNI.TA,20798.87629,7
21/03/2025,DUNI.TA,20516.18591,8
22/03/2025,DUNI.TA,19844.09377,9
23/03/2025,DUNI.TA,20825.03196,10
24/03/2025,DUNI.TA,20772.86603,11
25/03/2025,DUNI.TA,20611.1397,12
26/03/2025,DUNI.TA,20735.45469,13
27/03/2025,DUNI.TA,20705.87457,14
28/03/2025,DUNI.TA,20676.33664,15
29/03/2025,DUNI.TA,20111.8146,16
30/03/2025,DUNI.TA,21105.98683,17
31/03/2025,DUNI.TA,20860.89496,18
01/04/2025,DUNI.TA,20288.83477,19
02/04/2025,DUNI.TA,20299.86141,20
03/04/2025,DUNI.TA,21322.54624,21
04/04/2025,DUNI.TA,20220.79064,22
05/04/2025,DUNI.TA,19666.28378,23
06/04/2025,DUNI.TA,20735.81941,24
07/04/2025,DUNI.TA,20622.04517,25
08/04/2025,DUNI.TA,20833.01231,26
09/04/2025,DUNI.TA,20670.81772,27
10/04/2025,DUNI.TA,21559.39042,28
11/04/2025,DUNI.TA,22486.16003,29
12/04/2025,DUNI.TA,21719.45489,30
14/03/2025,ECNR.TA,2907.177688,1
15/03/2025,ECNR.TA,2958.609789,2
16/03/2025,ECNR.TA,2942.129567,3
17/03/2025,ECNR.TA,3069.453094,4
18/03/2025,ECNR.TA,3087.856136,5
19/03/2025,ECNR.TA,3082.636556,6
20/03/2025,ECNR.TA,3088.359588,7
21/03/2025,ECNR.TA,3106.809778,8
22/03/2025,ECNR.TA,3088.554259,9
23/03/2025,ECNR.TA,3094.288277,10
24/03/2025,ECNR.TA,3211.63911,11
25/03/2025,ECNR.TA,3217.195375,12
26/03/2025,ECNR.TA,3223.16822,13
27/03/2025,ECNR.TA,2993.232034,14
28/03/2025,ECNR.TA,2959.661339,15
29/03/2025,ECNR.TA,2880.101629,16
30/03/2025,ECNR.TA,2891.885837,17
31/03/2025,ECNR.TA,2868.838472,18
01/04/2025,ECNR.TA,2800.043215,19
02/04/2025,ECNR.TA,2654.825958,20
03/04/2025,ECNR.TA,2657.282695,21
04/04/2025,ECNR.TA,2615.997851,22
05/04/2025,ECNR.TA,2607.234248,23
06/04/2025,ECNR.TA,2741.308139,24
07/04/2025,ECNR.TA,2782.946529,25
08/04/2025,ECNR.TA,2773.623647,26
09/04/2025,ECNR.TA,2758.173846,27
10/04/2025,ECNR.TA,2750.057273,28
11/04/2025,ECNR.TA,2843.27023,29
12/04/2025,ECNR.TA,3063.970304,30
14/03/2025,EFCP.TA,1784.775854,1
15/03/2025,EFCP.TA,1780.898421,2
16/03/2025,EFCP.TA,1778.905498,3
17/03/2025,EFCP.TA,1777.601581,4
18/03/2025,EFCP.TA,1779.55795,5
19/03/2025,EFCP.TA,1776.789199,6
20/03/2025,EFCP.TA,1774.024756,7
21/03/2025,EFCP.TA,1773.240185,8
22/03/2025,EFCP.TA,1773.239857,9
23/03/2025,EFCP.TA,1758.847314,10
24/03/2025,EFCP.TA,1759.858093,11
25/03/2025,EFCP.TA,1757.888715,12
26/03/2025,EFCP.TA,1743.62077,13
27/03/2025,EFCP.TA,1742.439695,14
28/03/2025,EFCP.TA,1725.372282,15
29/03/2025,EFCP.TA,1726.934727,16
30/03/2025,EFCP.TA,1727.927166,17
31/03/2025,EFCP.TA,1725.238746,18
01/04/2025,EFCP.TA,1723.308109,19
02/04/2025,EFCP.TA,1706.428093,20
03/04/2025,EFCP.TA,1692.577829,21
04/04/2025,EFCP.TA,1694.440624,22
05/04/2025,EFCP.TA,1689.910092,23
06/04/2025,EFCP.TA,1687.280821,24
07/04/2025,EFCP.TA,1698.687587,25
08/04/2025,EFCP.TA,1694.1457,26
09/04/2025,EFCP.TA,1705.598875,27
10/04/2025,EFCP.TA,1717.129479,28
11/04/2025,EFCP.TA,1720.601123,29
12/04/2025,EFCP.TA,1720.600805,30
14/03/2025,ELAL.TA,943.794433,1
15/03/2025,ELAL.TA,918.8391172,2
16/03/2025,ELAL.TA,906.3699148,3
17/03/2025,ELAL.TA,957.8989884,4
18/03/2025,ELAL.TA,982.4166459,5
19/03/2025,ELAL.TA,990.225357,6
20/03/2025,ELAL.TA,995.7011534,7
21/03/2025,ELAL.TA,966.68731,8
22/03/2025,ELAL.TA,978.6624604,9
23/03/2025,ELAL.TA,1000.503447,10
24/03/2025,ELAL.TA,974.0486617,11
25/03/2025,ELAL.TA,932.0793439,12
26/03/2025,ELAL.TA,932.0090951,13
27/03/2025,ELAL.TA,921.2124166,14
28/03/2025,ELAL.TA,940.2164053,15
29/03/2025,ELAL.TA,955.7360378,16
30/03/2025,ELAL.TA,991.6634403,17
31/03/2025,ELAL.TA,981.8097912,18
01/04/2025,ELAL.TA,972.0540527,19
02/04/2025,ELAL.TA,963.1286998,20
03/04/2025,ELAL.TA,968.6865985,21
04/04/2025,ELAL.TA,984.9930184,22
05/04/2025,ELAL.TA,1002.727457,23
06/04/2025,ELAL.TA,930.1326358,24
07/04/2025,ELAL.TA,946.8793331,25
08/04/2025,ELAL.TA,927.9685377,26
09/04/2025,ELAL.TA,948.8368913,27
10/04/2025,ELAL.TA,1035.169346,28
11/04/2025,ELAL.TA,1034.470023,29
12/04/2025,ELAL.TA,1017.00037,30
14/03/2025,EMITF-M.TA,784.1458328,1
15/03/2025,EMITF-M.TA,824.2922778,2
16/03/2025,EMITF-M.TA,824.9895105,3
17/03/2025,EMITF-M.TA,793.1847439,4
18/03/2025,EMITF-M.TA,778.576023,5
19/03/2025,EMITF-M.TA,777.0869812,6
20/03/2025,EMITF-M.TA,817.4561079,7
21/03/2025,EMITF-M.TA,811.1046812,8
22/03/2025,EMITF-M.TA,831.696401,9
23/03/2025,EMITF-M.TA,817.9117098,10
24/03/2025,EMITF-M.TA,819.9323784,11
25/03/2025,EMITF-M.TA,806.4625178,12
26/03/2025,EMITF-M.TA,802.7493689,13
27/03/2025,EMITF-M.TA,824.8847377,14
28/03/2025,EMITF-M.TA,826.9042128,15
29/03/2025,EMITF-M.TA,831.7309521,16
30/03/2025,EMITF-M.TA,837.7893936,17
31/03/2025,EMITF-M.TA,833.9320082,18
01/04/2025,EMITF-M.TA,855.1032511,19
02/04/2025,EMITF-M.TA,851.1661484,20
03/04/2025,EMITF-M.TA,848.0991923,21
04/04/2025,EMITF-M.TA,949.3475141,22
05/04/2025,EMITF-M.TA,1062.683128,23
06/04/2025,EMITF-M.TA,1059.865142,24
07/04/2025,EMITF-M.TA,1062.459894,25
08/04/2025,EMITF-M.TA,1068.200631,26
09/04/2025,EMITF-M.TA,1120.518636,27
10/04/2025,EMITF-M.TA,1119.668564,28
11/04/2025,EMITF-M.TA,1135.241535,29
12/04/2025,EMITF-M.TA,1141.963467,30
14/03/2025,EMTC-M.TA,14.79933533,1
15/03/2025,EMTC-M.TA,16.67870157,2
16/03/2025,EMTC-M.TA,15.70586422,3
17/03/2025,EMTC-M.TA,15.37850928,4
18/03/2025,EMTC-M.TA,17.3130141,5
19/03/2025,EMTC-M.TA,21.64459151,6
20/03/2025,EMTC-M.TA,14.03861202,7
21/03/2025,EMTC-M.TA,13.74600737,8
22/03/2025,EMTC-M.TA,12.3694661,9
23/03/2025,EMTC-M.TA,11.44258467,10
24/03/2025,EMTC-M.TA,10.63055498,11
25/03/2025,EMTC-M.TA,10.43793025,12
26/03/2025,EMTC-M.TA,12.57522936,13
27/03/2025,EMTC-M.TA,10.16941317,14
28/03/2025,EMTC-M.TA,10.34324653,15
29/03/2025,EMTC-M.TA,10.19025143,16
30/03/2025,EMTC-M.TA,11.31428865,17
31/03/2025,EMTC-M.TA,11.49203873,18
01/04/2025,EMTC-M.TA,14.30506691,19
02/04/2025,EMTC-M.TA,10.54297907,20
03/04/2025,EMTC-M.TA,10.56781271,21
04/04/2025,EMTC-M.TA,10.35865732,22
05/04/2025,EMTC-M.TA,7.0972032,23
06/04/2025,EMTC-M.TA,7.15572767,24
07/04/2025,EMTC-M.TA,6.31451637,25
08/04/2025,EMTC-M.TA,5.87943822,26
09/04/2025,EMTC-M.TA,6.01163496,27
10/04/2025,EMTC-M.TA,6.45273666,28
11/04/2025,EMTC-M.TA,6.59782378,29
12/04/2025,EMTC-M.TA,5.56892672,30
14/03/2025,ESLT.TA,116241.7813,1
15/03/2025,ESLT.TA,115650.2717,2
16/03/2025,ESLT.TA,115400.4974,3
17/03/2025,ESLT.TA,116893.0933,4
18/03/2025,ESLT.TA,116008.9851,5
19/03/2025,ESLT.TA,116018.538,6
20/03/2025,ESLT.TA,117672.4386,7
21/03/2025,ESLT.TA,118731.483,8
22/03/2025,ESLT.TA,120607.0966,9
23/03/2025,ESLT.TA,122880.944,10
24/03/2025,ESLT.TA,123256.5314,11
25/03/2025,ESLT.TA,123526.8424,12
26/03/2025,ESLT.TA,124562.6287,13
27/03/2025,ESLT.TA,124505.3267,14
28/03/2025,ESLT.TA,127891.0793,15
29/03/2025,ESLT.TA,131215.5478,16
30/03/2025,ESLT.TA,133086.089,17
31/03/2025,ESLT.TA,136705.1837,18
01/04/2025,ESLT.TA,136191.8809,19
02/04/2025,ESLT.TA,137010.9855,20
03/04/2025,ESLT.TA,136313.7894,21
04/04/2025,ESLT.TA,135708.9736,22
05/04/2025,ESLT.TA,136400.8427,23
06/04/2025,ESLT.TA,134304.101,24
07/04/2025,ESLT.TA,135362.9647,25
08/04/2025,ESLT.TA,136440.79,26
09/04/2025,ESLT.TA,136530.7695,27
10/04/2025,ESLT.TA,138479.3057,28
11/04/2025,ESLT.TA,138057.6285,29
12/04/2025,ESLT.TA,138068.997,30
14/03/2025,ELCO.TA,16441.54826,1
15/03/2025,ELCO.TA,16559.16309,2
16/03/2025,ELCO.TA,16491.23267,3
17/03/2025,ELCO.TA,16153.123,4
18/03/2025,ELCO.TA,16605.33161,5
19/03/2025,ELCO.TA,16292.85064,6
20/03/2025,ELCO.TA,16748.97094,7
21/03/2025,ELCO.TA,16751.08466,8
22/03/2025,ELCO.TA,16755.19751,9
23/03/2025,ELCO.TA,16656.2146,10
24/03/2025,ELCO.TA,16571.75035,11
25/03/2025,ELCO.TA,16525.98926,12
26/03/2025,ELCO.TA,16072.88989,13
27/03/2025,ELCO.TA,16238.23627,14
28/03/2025,ELCO.TA,17174.44055,15
29/03/2025,ELCO.TA,17303.66694,16
30/03/2025,ELCO.TA,17202.82116,17
31/03/2025,ELCO.TA,17380.25212,18
01/04/2025,ELCO.TA,17189.77273,19
02/04/2025,ELCO.TA,17804.10698,20
03/04/2025,ELCO.TA,18010.22067,21
04/04/2025,ELCO.TA,18104.91139,22
05/04/2025,ELCO.TA,18082.52516,23
06/04/2025,ELCO.TA,18452.19751,24
07/04/2025,ELCO.TA,18193.78727,25
08/04/2025,ELCO.TA,18188.2518,26
09/04/2025,ELCO.TA,18234.54698,27
10/04/2025,ELCO.TA,18276.00248,28
11/04/2025,ELCO.TA,17157.60346,29
12/04/2025,ELCO.TA,17267.03723,30
13/03/2025,ELDAV-M.TA,310.0738037,1
14/03/2025,ELDAV-M.TA,309.1077382,2
15/03/2025,ELDAV-M.TA,321.1647733,3
16/03/2025,ELDAV-M.TA,324.1841132,4
17/03/2025,ELDAV-M.TA,322.7273638,5
18/03/2025,ELDAV-M.TA,312.1563496,6
19/03/2025,ELDAV-M.TA,301.9315916,7
20/03/2025,ELDAV-M.TA,305.6185602,8
21/03/2025,ELDAV-M.TA,303.0000275,9
22/03/2025,ELDAV-M.TA,273.3790232,10
23/03/2025,ELDAV-M.TA,273.5275803,11
24/03/2025,ELDAV-M.TA,270.8549494,12
25/03/2025,ELDAV-M.TA,294.9680223,13
26/03/2025,ELDAV-M.TA,304.9695345,14
27/03/2025,ELDAV-M.TA,303.5991275,15
28/03/2025,ELDAV-M.TA,302.314073,16
29/03/2025,ELDAV-M.TA,301.3459577,17
30/03/2025,ELDAV-M.TA,271.8866537,18
31/03/2025,ELDAV-M.TA,262.9809395,19
01/04/2025,ELDAV-M.TA,263.1781622,20
02/04/2025,ELDAV-M.TA,271.3067984,21
03/04/2025,ELDAV-M.TA,274.6197994,22
04/04/2025,ELDAV-M.TA,274.723517,23
05/04/2025,ELDAV-M.TA,276.3717597,24
06/04/2025,ELDAV-M.TA,280.0199938,25
07/04/2025,ELDAV-M.TA,288.6688142,26
08/04/2025,ELDAV-M.TA,300.9016894,27
09/04/2025,ELDAV-M.TA,300.3253636,28
10/04/2025,ELDAV-M.TA,281.9111827,29
11/04/2025,ELDAV-M.TA,277.5289526,30
14/03/2025,ECP.TA,11479.41655,1
15/03/2025,ECP.TA,11356.62199,2
16/03/2025,ECP.TA,11346.22252,3
17/03/2025,ECP.TA,11247.01076,4
18/03/2025,ECP.TA,11302.70498,5
19/03/2025,ECP.TA,11353.56046,6
20/03/2025,ECP.TA,11005.84898,7
21/03/2025,ECP.TA,10891.17903,8
22/03/2025,ECP.TA,10647.01318,9
23/03/2025,ECP.TA,10686.2523,10
24/03/2025,ECP.TA,10934.86092,11
25/03/2025,ECP.TA,11077.49048,12
26/03/2025,ECP.TA,11104.77865,13
27/03/2025,ECP.TA,11196.88985,14
28/03/2025,ECP.TA,11209.30858,15
29/03/2025,ECP.TA,11180.27783,16
30/03/2025,ECP.TA,11077.53373,17
31/03/2025,ECP.TA,11222.02426,18
01/04/2025,ECP.TA,11079.14145,19
02/04/2025,ECP.TA,11561.67694,20
03/04/2025,ECP.TA,11611.85744,21
04/04/2025,ECP.TA,11681.94352,22
05/04/2025,ECP.TA,11579.7962,23
06/04/2025,ECP.TA,11947.9787,24
07/04/2025,ECP.TA,12331.07258,25
08/04/2025,ECP.TA,12591.36981,26
09/04/2025,ECP.TA,12667.36796,27
10/04/2025,ECP.TA,13267.80562,28
11/04/2025,ECP.TA,13360.18527,29
12/04/2025,ECP.TA,13250.06255,30
14/03/2025,ELCP.TA,2624.862848,1
15/03/2025,ELCP.TA,2701.569881,2
16/03/2025,ELCP.TA,2722.522503,3
17/03/2025,ELCP.TA,2726.665141,4
18/03/2025,ELCP.TA,2755.096411,5
19/03/2025,ELCP.TA,2735.6205,6
20/03/2025,ELCP.TA,1354.844713,7
21/03/2025,ELCP.TA,1425.080208,8
22/03/2025,ELCP.TA,1450.348327,9
23/03/2025,ELCP.TA,1492.034454,10
24/03/2025,ELCP.TA,1505.677932,11
25/03/2025,ELCP.TA,1539.800018,12
26/03/2025,ELCP.TA,1528.915097,13
27/03/2025,ELCP.TA,1502.729138,14
28/03/2025,ELCP.TA,1466.388711,15
29/03/2025,ELCP.TA,1483.919567,16
30/03/2025,ELCP.TA,1497.488841,17
31/03/2025,ELCP.TA,1489.964688,18
01/04/2025,ELCP.TA,1474.564505,19
02/04/2025,ELCP.TA,1465.111692,20
03/04/2025,ELCP.TA,1482.627282,21
04/04/2025,ELCP.TA,1459.217125,22
05/04/2025,ELCP.TA,1500.471549,23
06/04/2025,ELCP.TA,1480.726452,24
07/04/2025,ELCP.TA,1514.256193,25
08/04/2025,ELCP.TA,1524.07804,26
09/04/2025,ELCP.TA,1516.42029,27
10/04/2025,ELCP.TA,1555.082106,28
11/04/2025,ELCP.TA,1598.622613,29
12/04/2025,ELCP.TA,1608.991682,30
14/03/2025,ELCRE.TA,4537.724115,1
15/03/2025,ELCRE.TA,4481.425405,2
16/03/2025,ELCRE.TA,4419.391998,3
17/03/2025,ELCRE.TA,4602.467472,4
18/03/2025,ELCRE.TA,4586.336822,5
19/03/2025,ELCRE.TA,4574.615414,6
20/03/2025,ELCRE.TA,4486.010717,7
21/03/2025,ELCRE.TA,4543.635619,8
22/03/2025,ELCRE.TA,4661.97251,9
23/03/2025,ELCRE.TA,4783.509932,10
24/03/2025,ELCRE.TA,4908.094239,11
25/03/2025,ELCRE.TA,4940.339252,12
26/03/2025,ELCRE.TA,5022.178752,13
27/03/2025,ELCRE.TA,5076.215781,14
28/03/2025,ELCRE.TA,5007.443232,15
29/03/2025,ELCRE.TA,4910.45519,16
30/03/2025,ELCRE.TA,4931.524618,17
31/03/2025,ELCRE.TA,4983.318836,18
01/04/2025,ELCRE.TA,5085.299552,19
02/04/2025,ELCRE.TA,5074.669265,20
03/04/2025,ELCRE.TA,5005.917667,21
04/04/2025,ELCRE.TA,5042.368808,22
05/04/2025,ELCRE.TA,5060.442602,23
06/04/2025,ELCRE.TA,5011.821579,24
07/04/2025,ELCRE.TA,5375.709703,25
08/04/2025,ELCRE.TA,5477.902012,26
09/04/2025,ELCRE.TA,5515.37221,27
10/04/2025,ELCRE.TA,5646.138954,28
11/04/2025,ELCRE.TA,5576.088345,29
12/04/2025,ELCRE.TA,5668.908031,30
14/03/2025,ELWS.TA,19666.90362,1
15/03/2025,ELWS.TA,19718.85549,2
16/03/2025,ELWS.TA,21051.44623,3
17/03/2025,ELWS.TA,21168.38782,4
18/03/2025,ELWS.TA,21446.96683,5
19/03/2025,ELWS.TA,22537.61072,6
20/03/2025,ELWS.TA,22104.39924,7
21/03/2025,ELWS.TA,22167.45194,8
22/03/2025,ELWS.TA,22467.06272,9
23/03/2025,ELWS.TA,21762.61285,10
24/03/2025,ELWS.TA,21080.25084,11
25/03/2025,ELWS.TA,20684.55546,12
26/03/2025,ELWS.TA,21736.42841,13
27/03/2025,ELWS.TA,21653.86588,14
28/03/2025,ELWS.TA,21712.69638,15
29/03/2025,ELWS.TA,21892.25407,16
30/03/2025,ELWS.TA,22676.05219,17
31/03/2025,ELWS.TA,22245.77912,18
01/04/2025,ELWS.TA,22643.99088,19
02/04/2025,ELWS.TA,22453.93426,20
03/04/2025,ELWS.TA,22238.58983,21
04/04/2025,ELWS.TA,22376.19626,22
05/04/2025,ELWS.TA,23574.90839,23
06/04/2025,ELWS.TA,25152.55254,24
07/04/2025,ELWS.TA,25163.50664,25
08/04/2025,ELWS.TA,25303.29088,26
09/04/2025,ELWS.TA,24994.36167,27
10/04/2025,ELWS.TA,24525.19489,28
11/04/2025,ELWS.TA,24525.59345,29
12/04/2025,ELWS.TA,24319.74408,30
14/03/2025,ELLO.TA,5730.9769,1
15/03/2025,ELLO.TA,5618.437016,2
16/03/2025,ELLO.TA,5601.27333,3
17/03/2025,ELLO.TA,5624.891621,4
18/03/2025,ELLO.TA,5579.627868,5
19/03/2025,ELLO.TA,5698.750746,6
20/03/2025,ELLO.TA,5594.608229,7
21/03/2025,ELLO.TA,5514.487823,8
22/03/2025,ELLO.TA,5484.798656,9
23/03/2025,ELLO.TA,5276.053213,10
24/03/2025,ELLO.TA,5425.741802,11
25/03/2025,ELLO.TA,5304.535585,12
26/03/2025,ELLO.TA,5353.990991,13
27/03/2025,ELLO.TA,5315.587038,14
28/03/2025,ELLO.TA,5240.848913,15
29/03/2025,ELLO.TA,5137.341175,16
30/03/2025,ELLO.TA,5100.031186,17
31/03/2025,ELLO.TA,5262.198724,18
01/04/2025,ELLO.TA,5334.818809,19
02/04/2025,ELLO.TA,5390.045574,20
03/04/2025,ELLO.TA,5291.544527,21
04/04/2025,ELLO.TA,5381.305563,22
05/04/2025,ELLO.TA,5496.194338,23
06/04/2025,ELLO.TA,5572.885078,24
07/04/2025,ELLO.TA,5649.792737,25
08/04/2025,ELLO.TA,5590.766889,26
09/04/2025,ELLO.TA,5377.988411,27
10/04/2025,ELLO.TA,5380.986862,28
11/04/2025,ELLO.TA,5329.948313,29
12/04/2025,ELLO.TA,5499.42661,30
14/03/2025,ELMR.TA,1614.202374,1
15/03/2025,ELMR.TA,1606.115737,2
16/03/2025,ELMR.TA,1643.345125,3
17/03/2025,ELMR.TA,1678.792925,4
18/03/2025,ELMR.TA,1605.911163,5
19/03/2025,ELMR.TA,1624.635179,6
20/03/2025,ELMR.TA,1594.397855,7
21/03/2025,ELMR.TA,1651.978488,8
22/03/2025,ELMR.TA,1626.50321,9
23/03/2025,ELMR.TA,1631.962319,10
24/03/2025,ELMR.TA,1644.364146,11
25/03/2025,ELMR.TA,1631.156274,12
26/03/2025,ELMR.TA,1635.166677,13
27/03/2025,ELMR.TA,1688.030904,14
28/03/2025,ELMR.TA,1695.959818,15
29/03/2025,ELMR.TA,1710.587031,16
30/03/2025,ELMR.TA,1683.85947,17
31/03/2025,ELMR.TA,1733.087062,18
01/04/2025,ELMR.TA,1748.111161,19
02/04/2025,ELMR.TA,1742.494375,20
03/04/2025,ELMR.TA,1732.113975,21
04/04/2025,ELMR.TA,1708.881154,22
05/04/2025,ELMR.TA,1703.390416,23
06/04/2025,ELMR.TA,1697.91732,24
07/04/2025,ELMR.TA,1742.522833,25
08/04/2025,ELMR.TA,1564.719719,26
09/04/2025,ELMR.TA,1559.692181,27
10/04/2025,ELMR.TA,1563.526881,28
11/04/2025,ELMR.TA,1588.926172,29
12/04/2025,ELMR.TA,1629.647356,30
14/03/2025,ELRN.TA,485.4482277,1
15/03/2025,ELRN.TA,485.4635155,2
16/03/2025,ELRN.TA,491.5286608,3
17/03/2025,ELRN.TA,482.5921905,4
18/03/2025,ELRN.TA,493.7363821,5
19/03/2025,ELRN.TA,493.5711257,6
20/03/2025,ELRN.TA,490.8631849,7
21/03/2025,ELRN.TA,485.2352934,8
22/03/2025,ELRN.TA,485.6925321,9
23/03/2025,ELRN.TA,505.1181826,10
24/03/2025,ELRN.TA,487.7428221,11
25/03/2025,ELRN.TA,454.936807,12
26/03/2025,ELRN.TA,464.657171,13
27/03/2025,ELRN.TA,463.6652779,14
28/03/2025,ELRN.TA,470.7102572,15
29/03/2025,ELRN.TA,466.9156133,16
30/03/2025,ELRN.TA,472.7490302,17
31/03/2025,ELRN.TA,465.2582363,18
01/04/2025,ELRN.TA,462.733704,19
02/04/2025,ELRN.TA,460.9059969,20
03/04/2025,ELRN.TA,457.1790738,21
04/04/2025,ELRN.TA,450.8231993,22
05/04/2025,ELRN.TA,452.6082166,23
06/04/2025,ELRN.TA,451.0507432,24
07/04/2025,ELRN.TA,449.9639934,25
08/04/2025,ELRN.TA,448.9313382,26
09/04/2025,ELRN.TA,447.3865173,27
10/04/2025,ELRN.TA,497.2378185,28
11/04/2025,ELRN.TA,503.8002563,29
12/04/2025,ELRN.TA,501.036194,30
14/03/2025,ELSPC.TA,908.0898133,1
15/03/2025,ELSPC.TA,895.7255441,2
16/03/2025,ELSPC.TA,896.8611921,3
17/03/2025,ELSPC.TA,907.4041443,4
18/03/2025,ELSPC.TA,904.1279791,5
19/03/2025,ELSPC.TA,853.4522089,6
20/03/2025,ELSPC.TA,856.9416541,7
21/03/2025,ELSPC.TA,871.3131364,8
22/03/2025,ELSPC.TA,872.953557,9
23/03/2025,ELSPC.TA,871.3118473,10
24/03/2025,ELSPC.TA,833.5314871,11
25/03/2025,ELSPC.TA,838.3453095,12
26/03/2025,ELSPC.TA,850.9929214,13
27/03/2025,ELSPC.TA,873.8635918,14
28/03/2025,ELSPC.TA,859.170201,15
29/03/2025,ELSPC.TA,842.4240537,16
30/03/2025,ELSPC.TA,874.4748821,17
31/03/2025,ELSPC.TA,869.8884211,18
01/04/2025,ELSPC.TA,915.0526148,19
02/04/2025,ELSPC.TA,950.9386991,20
03/04/2025,ELSPC.TA,988.2321464,21
04/04/2025,ELSPC.TA,1025.830383,22
05/04/2025,ELSPC.TA,985.7173244,23
06/04/2025,ELSPC.TA,995.7810805,24
07/04/2025,ELSPC.TA,998.9143388,25
08/04/2025,ELSPC.TA,1000.794994,26
09/04/2025,ELSPC.TA,1005.857657,27
10/04/2025,ELSPC.TA,1007.086746,28
11/04/2025,ELSPC.TA,967.8574173,29
12/04/2025,ELSPC.TA,996.3354328,30
14/03/2025,EMCO.TA,863.6814594,1
15/03/2025,EMCO.TA,841.7587209,2
16/03/2025,EMCO.TA,839.2600396,3
17/03/2025,EMCO.TA,847.2764079,4
18/03/2025,EMCO.TA,840.4916324,5
19/03/2025,EMCO.TA,844.5930229,6
20/03/2025,EMCO.TA,860.3338546,7
21/03/2025,EMCO.TA,892.6112904,8
22/03/2025,EMCO.TA,899.954166,9
23/03/2025,EMCO.TA,899.9752728,10
24/03/2025,EMCO.TA,900.1598371,11
25/03/2025,EMCO.TA,933.4484894,12
26/03/2025,EMCO.TA,949.7392983,13
27/03/2025,EMCO.TA,955.0161495,14
28/03/2025,EMCO.TA,956.9715358,15
29/03/2025,EMCO.TA,923.1608147,16
30/03/2025,EMCO.TA,907.9144628,17
31/03/2025,EMCO.TA,908.611563,18
01/04/2025,EMCO.TA,891.5113739,19
02/04/2025,EMCO.TA,862.7844025,20
03/04/2025,EMCO.TA,877.8419615,21
04/04/2025,EMCO.TA,851.023993,22
05/04/2025,EMCO.TA,840.5357546,23
06/04/2025,EMCO.TA,848.1791363,24
07/04/2025,EMCO.TA,848.3418753,25
08/04/2025,EMCO.TA,847.166517,26
09/04/2025,EMCO.TA,834.41516,27
10/04/2025,EMCO.TA,789.8766277,28
11/04/2025,EMCO.TA,794.7030965,29
12/04/2025,EMCO.TA,801.86897,30
14/03/2025,EMDV.TA,2902.24518,1
15/03/2025,EMDV.TA,2894.365338,2
16/03/2025,EMDV.TA,2883.619185,3
17/03/2025,EMDV.TA,2893.404094,4
18/03/2025,EMDV.TA,2934.428488,5
19/03/2025,EMDV.TA,3010.806868,6
20/03/2025,EMDV.TA,2967.977543,7
21/03/2025,EMDV.TA,2997.43892,8
22/03/2025,EMDV.TA,3053.101941,9
23/03/2025,EMDV.TA,3200.490197,10
24/03/2025,EMDV.TA,3241.753227,11
25/03/2025,EMDV.TA,3250.549651,12
26/03/2025,EMDV.TA,3282.502278,13
27/03/2025,EMDV.TA,3342.745656,14
28/03/2025,EMDV.TA,3351.905002,15
29/03/2025,EMDV.TA,3350.262683,16
30/03/2025,EMDV.TA,3334.731151,17
31/03/2025,EMDV.TA,3367.833077,18
01/04/2025,EMDV.TA,3366.182954,19
02/04/2025,EMDV.TA,3364.732103,20
03/04/2025,EMDV.TA,3376.415862,21
04/04/2025,EMDV.TA,3404.973529,22
05/04/2025,EMDV.TA,3404.08533,23
06/04/2025,EMDV.TA,3437.875694,24
07/04/2025,EMDV.TA,3368.322577,25
08/04/2025,EMDV.TA,3365.580862,26
09/04/2025,EMDV.TA,3354.963483,27
10/04/2025,EMDV.TA,3386.31547,28
11/04/2025,EMDV.TA,3377.121337,29
12/04/2025,EMDV.TA,3384.32494,30
17/02/2025,ENDY.TA,149.2448985,1
18/02/2025,ENDY.TA,149.3610921,2
19/02/2025,ENDY.TA,149.2816769,3
20/02/2025,ENDY.TA,151.3624883,4
21/02/2025,ENDY.TA,154.7437793,5
22/02/2025,ENDY.TA,154.7941983,6
23/02/2025,ENDY.TA,154.5414841,7
24/02/2025,ENDY.TA,152.7689876,8
25/02/2025,ENDY.TA,168.0837743,9
26/02/2025,ENDY.TA,165.8186038,10
27/02/2025,ENDY.TA,258.543323,11
28/02/2025,ENDY.TA,259.6499845,12
01/03/2025,ENDY.TA,250.9399894,13
02/03/2025,ENDY.TA,227.638947,14
03/03/2025,ENDY.TA,326.4287048,15
04/03/2025,ENDY.TA,317.1060718,16
05/03/2025,ENDY.TA,317.1966261,17
06/03/2025,ENDY.TA,315.1509996,18
07/03/2025,ENDY.TA,311.3280369,19
08/03/2025,ENDY.TA,311.6465475,20
09/03/2025,ENDY.TA,319.2562758,21
10/03/2025,ENDY.TA,330.2715904,22
11/03/2025,ENDY.TA,320.8392065,23
12/03/2025,ENDY.TA,321.1256615,24
13/03/2025,ENDY.TA,322.6812527,25
14/03/2025,ENDY.TA,332.1939708,26
15/03/2025,ENDY.TA,332.5301349,27
16/03/2025,ENDY.TA,334.3740802,28
17/03/2025,ENDY.TA,334.6808646,29
18/03/2025,ENDY.TA,335.6892991,30
14/03/2025,ENOG.TA,4524.086552,1
15/03/2025,ENOG.TA,4440.140502,2
16/03/2025,ENOG.TA,4428.067132,3
17/03/2025,ENOG.TA,4401.088499,4
18/03/2025,ENOG.TA,4366.792211,5
19/03/2025,ENOG.TA,4520.975283,6
20/03/2025,ENOG.TA,4437.086964,7
21/03/2025,ENOG.TA,4431.365523,8
22/03/2025,ENOG.TA,4464.717194,9
23/03/2025,ENOG.TA,4481.273845,10
24/03/2025,ENOG.TA,4581.378106,11
25/03/2025,ENOG.TA,4545.281027,12
26/03/2025,ENOG.TA,4507.303221,13
27/03/2025,ENOG.TA,4518.126389,14
28/03/2025,ENOG.TA,4512.30045,15
29/03/2025,ENOG.TA,4471.217964,16
30/03/2025,ENOG.TA,4458.811324,17
31/03/2025,ENOG.TA,4509.098806,18
01/04/2025,ENOG.TA,4537.428295,19
02/04/2025,ENOG.TA,4469.585665,20
03/04/2025,ENOG.TA,4455.46071,21
04/04/2025,ENOG.TA,4466.159392,22
05/04/2025,ENOG.TA,4468.634177,23
06/04/2025,ENOG.TA,4626.413094,24
07/04/2025,ENOG.TA,4668.109509,25
08/04/2025,ENOG.TA,4681.024374,26
09/04/2025,ENOG.TA,4710.629927,27
10/04/2025,ENOG.TA,4591.589567,28
11/04/2025,ENOG.TA,4758.320376,29
12/04/2025,ENOG.TA,4781.8554,30
14/03/2025,ENRG.TA,1055.620554,1
15/03/2025,ENRG.TA,1056.108897,2
16/03/2025,ENRG.TA,1039.362904,3
17/03/2025,ENRG.TA,1037.006849,4
18/03/2025,ENRG.TA,1045.285761,5
19/03/2025,ENRG.TA,1031.657617,6
20/03/2025,ENRG.TA,1016.430862,7
21/03/2025,ENRG.TA,1037.782881,8
22/03/2025,ENRG.TA,1048.467384,9
23/03/2025,ENRG.TA,1050.597937,10
24/03/2025,ENRG.TA,977.7683737,11
25/03/2025,ENRG.TA,980.008912,12
26/03/2025,ENRG.TA,980.0756625,13
27/03/2025,ENRG.TA,972.8511593,14
28/03/2025,ENRG.TA,968.8773728,15
29/03/2025,ENRG.TA,950.2503312,16
30/03/2025,ENRG.TA,920.8931624,17
31/03/2025,ENRG.TA,929.0291966,18
01/04/2025,ENRG.TA,942.0684591,19
02/04/2025,ENRG.TA,900.1307764,20
03/04/2025,ENRG.TA,904.1715456,21
04/04/2025,ENRG.TA,925.8967129,22
05/04/2025,ENRG.TA,934.0769531,23
06/04/2025,ENRG.TA,971.1827446,24
07/04/2025,ENRG.TA,978.259315,25
08/04/2025,ENRG.TA,1000.9493,26
09/04/2025,ENRG.TA,990.5645528,27
10/04/2025,ENRG.TA,1004.063449,28
11/04/2025,ENRG.TA,992.5318692,29
12/04/2025,ENRG.TA,1032.360386,30
14/03/2025,ENLT.TA,6212.969193,1
15/03/2025,ENLT.TA,5978.99351,2
16/03/2025,ENLT.TA,5825.409059,3
17/03/2025,ENLT.TA,5884.145325,4
18/03/2025,ENLT.TA,5909.838101,5
19/03/2025,ENLT.TA,5975.606257,6
20/03/2025,ENLT.TA,5750.569482,7
21/03/2025,ENLT.TA,5678.520527,8
22/03/2025,ENLT.TA,5583.914512,9
23/03/2025,ENLT.TA,5658.490592,10
24/03/2025,ENLT.TA,5778.485705,11
25/03/2025,ENLT.TA,5743.39413,12
26/03/2025,ENLT.TA,5785.645312,13
27/03/2025,ENLT.TA,5868.844376,14
28/03/2025,ENLT.TA,5947.225843,15
29/03/2025,ENLT.TA,5794.457419,16
30/03/2025,ENLT.TA,5728.875194,17
31/03/2025,ENLT.TA,5738.196554,18
01/04/2025,ENLT.TA,5708.719612,19
02/04/2025,ENLT.TA,5780.838905,20
03/04/2025,ENLT.TA,5712.812881,21
04/04/2025,ENLT.TA,6076.344966,22
05/04/2025,ENLT.TA,6203.305579,23
06/04/2025,ENLT.TA,6091.406791,24
07/04/2025,ENLT.TA,6204.771968,25
08/04/2025,ENLT.TA,6143.916921,26
09/04/2025,ENLT.TA,6159.748716,27
10/04/2025,ENLT.TA,6231.698663,28
11/04/2025,ENLT.TA,6326.608078,29
12/04/2025,ENLT.TA,6277.841589,30
14/03/2025,ENLV.TA,435.3675222,1
15/03/2025,ENLV.TA,436.3234188,2
16/03/2025,ENLV.TA,427.0221958,3
17/03/2025,ENLV.TA,345.3765715,4
18/03/2025,ENLV.TA,339.8166849,5
19/03/2025,ENLV.TA,348.3264999,6
20/03/2025,ENLV.TA,366.4133097,7
21/03/2025,ENLV.TA,369.8815615,8
22/03/2025,ENLV.TA,379.4163542,9
23/03/2025,ENLV.TA,381.1001721,10
24/03/2025,ENLV.TA,363.7918222,11
25/03/2025,ENLV.TA,375.0133658,12
26/03/2025,ENLV.TA,394.4858878,13
27/03/2025,ENLV.TA,365.7111392,14
28/03/2025,ENLV.TA,369.7182433,15
29/03/2025,ENLV.TA,362.3600706,16
30/03/2025,ENLV.TA,345.7007386,17
31/03/2025,ENLV.TA,363.6512061,18
01/04/2025,ENLV.TA,358.0944751,19
02/04/2025,ENLV.TA,361.2954501,20
03/04/2025,ENLV.TA,368.3665382,21
04/04/2025,ENLV.TA,377.8622767,22
05/04/2025,ENLV.TA,360.4902382,23
06/04/2025,ENLV.TA,289.6543616,24
07/04/2025,ENLV.TA,274.8025786,25
08/04/2025,ENLV.TA,283.2791549,26
09/04/2025,ENLV.TA,277.8176122,27
10/04/2025,ENLV.TA,272.2884559,28
11/04/2025,ENLV.TA,273.7218407,29
12/04/2025,ENLV.TA,292.2893399,30
14/03/2025,EPIT.TA,894.2024749,1
15/03/2025,EPIT.TA,891.9414824,2
16/03/2025,EPIT.TA,898.6858813,3
17/03/2025,EPIT.TA,907.7771483,4
18/03/2025,EPIT.TA,873.3660433,5
19/03/2025,EPIT.TA,874.6048291,6
20/03/2025,EPIT.TA,882.1003515,7
21/03/2025,EPIT.TA,876.1774255,8
22/03/2025,EPIT.TA,856.1743564,9
23/03/2025,EPIT.TA,857.3887574,10
24/03/2025,EPIT.TA,814.6434442,11
25/03/2025,EPIT.TA,783.4166331,12
26/03/2025,EPIT.TA,772.5313501,13
27/03/2025,EPIT.TA,762.6442819,14
28/03/2025,EPIT.TA,806.5742096,15
29/03/2025,EPIT.TA,836.8420762,16
30/03/2025,EPIT.TA,829.5723352,17
31/03/2025,EPIT.TA,815.1001686,18
01/04/2025,EPIT.TA,801.8380599,19
02/04/2025,EPIT.TA,781.2317481,20
03/04/2025,EPIT.TA,775.0405315,21
04/04/2025,EPIT.TA,772.1675285,22
05/04/2025,EPIT.TA,759.6039565,23
06/04/2025,EPIT.TA,762.5406557,24
07/04/2025,EPIT.TA,750.8026557,25
08/04/2025,EPIT.TA,752.9627804,26
09/04/2025,EPIT.TA,759.4158083,27
10/04/2025,EPIT.TA,742.0783987,28
11/04/2025,EPIT.TA,713.9484355,29
12/04/2025,EPIT.TA,730.0382354,30
14/03/2025,EQTL.TA,14698.21507,1
15/03/2025,EQTL.TA,14318.54195,2
16/03/2025,EQTL.TA,13926.7067,3
17/03/2025,EQTL.TA,14705.79959,4
18/03/2025,EQTL.TA,14607.2552,5
19/03/2025,EQTL.TA,14931.35946,6
20/03/2025,EQTL.TA,14963.91514,7
21/03/2025,EQTL.TA,15495.03919,8
22/03/2025,EQTL.TA,16421.00083,9
23/03/2025,EQTL.TA,15919.54411,10
24/03/2025,EQTL.TA,15362.75119,11
25/03/2025,EQTL.TA,15470.1029,12
26/03/2025,EQTL.TA,15046.75451,13
27/03/2025,EQTL.TA,14862.11699,14
28/03/2025,EQTL.TA,14959.11409,15
29/03/2025,EQTL.TA,14901.52095,16
30/03/2025,EQTL.TA,15225.65069,17
31/03/2025,EQTL.TA,15311.84399,18
01/04/2025,EQTL.TA,15646.26001,19
02/04/2025,EQTL.TA,15493.68048,20
03/04/2025,EQTL.TA,14563.42442,21
04/04/2025,EQTL.TA,14880.20007,22
05/04/2025,EQTL.TA,14610.75006,23
06/04/2025,EQTL.TA,14583.63955,24
07/04/2025,EQTL.TA,14575.51641,25
08/04/2025,EQTL.TA,14526.42488,26
09/04/2025,EQTL.TA,14582.76278,27
10/04/2025,EQTL.TA,15229.09416,28
11/04/2025,EQTL.TA,14722.16956,29
12/04/2025,EQTL.TA,14713.96925,30
14/03/2025,EFNC-M.TA,365.2887798,1
15/03/2025,EFNC-M.TA,399.3513149,2
16/03/2025,EFNC-M.TA,396.3008822,3
17/03/2025,EFNC-M.TA,335.1847598,4
18/03/2025,EFNC-M.TA,322.8460892,5
19/03/2025,EFNC-M.TA,318.3061442,6
20/03/2025,EFNC-M.TA,278.7827406,7
21/03/2025,EFNC-M.TA,263.0969431,8
22/03/2025,EFNC-M.TA,233.7079848,9
23/03/2025,EFNC-M.TA,249.7311354,10
24/03/2025,EFNC-M.TA,222.0408963,11
25/03/2025,EFNC-M.TA,241.2129301,12
26/03/2025,EFNC-M.TA,221.6456415,13
27/03/2025,EFNC-M.TA,230.1987252,14
28/03/2025,EFNC-M.TA,207.4174352,15
29/03/2025,EFNC-M.TA,221.638091,16
30/03/2025,EFNC-M.TA,245.9014964,17
31/03/2025,EFNC-M.TA,232.0657723,18
01/04/2025,EFNC-M.TA,265.8077175,19
02/04/2025,EFNC-M.TA,245.6757652,20
03/04/2025,EFNC-M.TA,379.2143953,21
04/04/2025,EFNC-M.TA,373.265052,22
05/04/2025,EFNC-M.TA,461.6943998,23
06/04/2025,EFNC-M.TA,461.2392484,24
07/04/2025,EFNC-M.TA,486.1414291,25
08/04/2025,EFNC-M.TA,750.3867056,26
09/04/2025,EFNC-M.TA,693.5533318,27
10/04/2025,EFNC-M.TA,616.0807099,28
11/04/2025,EFNC-M.TA,669.2759563,29
12/04/2025,EFNC-M.TA,598.6611393,30
14/03/2025,BCUR.TA,23.90297937,1
15/03/2025,BCUR.TA,22.49218404,2
16/03/2025,BCUR.TA,22.44175738,3
17/03/2025,BCUR.TA,22.09055081,4
18/03/2025,BCUR.TA,20.69499804,5
19/03/2025,BCUR.TA,21.39002323,6
20/03/2025,BCUR.TA,21.40871056,7
21/03/2025,BCUR.TA,21.4950154,8
22/03/2025,BCUR.TA,23.37473538,9
23/03/2025,BCUR.TA,22.16019156,10
24/03/2025,BCUR.TA,21.81339141,11
25/03/2025,BCUR.TA,21.84120785,12
26/03/2025,BCUR.TA,20.55210187,13
27/03/2025,BCUR.TA,21.66617968,14
28/03/2025,BCUR.TA,21.65853812,15
29/03/2025,BCUR.TA,23.91618903,16
30/03/2025,BCUR.TA,22.7477385,17
31/03/2025,BCUR.TA,22.1783478,18
01/04/2025,BCUR.TA,21.83126351,19
02/04/2025,BCUR.TA,20.24120786,20
03/04/2025,BCUR.TA,20.53927046,21
04/04/2025,BCUR.TA,20.53760991,22
05/04/2025,BCUR.TA,19.61625843,23
06/04/2025,BCUR.TA,19.37052158,24
07/04/2025,BCUR.TA,19.14735627,25
08/04/2025,BCUR.TA,18.20688603,26
09/04/2025,BCUR.TA,16.21784428,27
10/04/2025,BCUR.TA,15.63822411,28
11/04/2025,BCUR.TA,17.80493665,29
12/04/2025,BCUR.TA,15.85980653,30
14/03/2025,ETGA.TA,2068.21262,1
15/03/2025,ETGA.TA,2110.37798,2
16/03/2025,ETGA.TA,2102.523644,3
17/03/2025,ETGA.TA,2156.45188,4
18/03/2025,ETGA.TA,2158.261988,5
19/03/2025,ETGA.TA,2142.119241,6
20/03/2025,ETGA.TA,2148.429433,7
21/03/2025,ETGA.TA,2147.156219,8
22/03/2025,ETGA.TA,2144.971526,9
23/03/2025,ETGA.TA,2136.988441,10
24/03/2025,ETGA.TA,2165.254697,11
25/03/2025,ETGA.TA,2171.633041,12
26/03/2025,ETGA.TA,2171.799397,13
27/03/2025,ETGA.TA,2216.076616,14
28/03/2025,ETGA.TA,2219.240299,15
29/03/2025,ETGA.TA,2206.660135,16
30/03/2025,ETGA.TA,2235.456168,17
31/03/2025,ETGA.TA,2226.94497,18
01/04/2025,ETGA.TA,2326.803842,19
02/04/2025,ETGA.TA,2318.14402,20
03/04/2025,ETGA.TA,2472.498818,21
04/04/2025,ETGA.TA,2449.620963,22
05/04/2025,ETGA.TA,2480.875463,23
06/04/2025,ETGA.TA,2531.453921,24
07/04/2025,ETGA.TA,2565.720164,25
08/04/2025,ETGA.TA,2456.015407,26
09/04/2025,ETGA.TA,2441.54524,27
10/04/2025,ETGA.TA,2423.283672,28
11/04/2025,ETGA.TA,2377.560827,29
12/04/2025,ETGA.TA,2383.521704,30
14/03/2025,EVGN.TA,490.2090717,1
15/03/2025,EVGN.TA,520.0600762,2
16/03/2025,EVGN.TA,524.3106527,3
17/03/2025,EVGN.TA,553.6583842,4
18/03/2025,EVGN.TA,504.3201594,5
19/03/2025,EVGN.TA,557.196333,6
20/03/2025,EVGN.TA,746.3475053,7
21/03/2025,EVGN.TA,765.7465394,8
22/03/2025,EVGN.TA,931.2549132,9
23/03/2025,EVGN.TA,895.2515999,10
24/03/2025,EVGN.TA,994.0574585,11
25/03/2025,EVGN.TA,841.3315579,12
26/03/2025,EVGN.TA,883.9108883,13
27/03/2025,EVGN.TA,763.5766416,14
28/03/2025,EVGN.TA,816.5754369,15
29/03/2025,EVGN.TA,837.7998326,16
30/03/2025,EVGN.TA,929.5828148,17
31/03/2025,EVGN.TA,944.3947671,18
01/04/2025,EVGN.TA,1043.336266,19
02/04/2025,EVGN.TA,987.8334648,20
03/04/2025,EVGN.TA,929.974299,21
04/04/2025,EVGN.TA,800.7502819,22
05/04/2025,EVGN.TA,964.8967822,23
06/04/2025,EVGN.TA,875.541598,24
07/04/2025,EVGN.TA,928.2385231,25
08/04/2025,EVGN.TA,4869.718607,26
09/04/2025,EVGN.TA,5069.830765,27
10/04/2025,EVGN.TA,4873.825673,28
11/04/2025,EVGN.TA,5326.64339,29
12/04/2025,EVGN.TA,4515.098239,30
14/03/2025,EXPO.TA,6481.205754,1
15/03/2025,EXPO.TA,6450.263977,2
16/03/2025,EXPO.TA,6412.42162,3
17/03/2025,EXPO.TA,6424.410798,4
18/03/2025,EXPO.TA,6320.89692,5
19/03/2025,EXPO.TA,6206.564005,6
20/03/2025,EXPO.TA,6216.308057,7
21/03/2025,EXPO.TA,6179.507555,8
22/03/2025,EXPO.TA,6213.952299,9
23/03/2025,EXPO.TA,6177.165744,10
24/03/2025,EXPO.TA,6253.658138,11
25/03/2025,EXPO.TA,6392.749926,12
26/03/2025,EXPO.TA,6402.170632,13
27/03/2025,EXPO.TA,6364.013368,14
28/03/2025,EXPO.TA,6365.67443,15
29/03/2025,EXPO.TA,6335.237605,16
30/03/2025,EXPO.TA,6345.183668,17
31/03/2025,EXPO.TA,6375.499666,18
01/04/2025,EXPO.TA,6236.051464,19
02/04/2025,EXPO.TA,6261.204972,20
03/04/2025,EXPO.TA,6045.931549,21
04/04/2025,EXPO.TA,5931.540253,22
05/04/2025,EXPO.TA,5976.799293,23
06/04/2025,EXPO.TA,5994.956676,24
07/04/2025,EXPO.TA,5886.519396,25
08/04/2025,EXPO.TA,5920.620755,26
09/04/2025,EXPO.TA,5589.446742,27
10/04/2025,EXPO.TA,5503.355182,28
11/04/2025,EXPO.TA,5479.522811,29
12/04/2025,EXPO.TA,5539.92564,30
14/03/2025,FTAL.TA,48803.37246,1
15/03/2025,FTAL.TA,47489.24351,2
16/03/2025,FTAL.TA,46604.12048,3
17/03/2025,FTAL.TA,46592.65341,4
18/03/2025,FTAL.TA,47081.44103,5
19/03/2025,FTAL.TA,49305.66417,6
20/03/2025,FTAL.TA,49182.09899,7
21/03/2025,FTAL.TA,49751.49825,8
22/03/2025,FTAL.TA,48416.52763,9
23/03/2025,FTAL.TA,49866.16057,10
24/03/2025,FTAL.TA,50690.8158,11
25/03/2025,FTAL.TA,51739.6289,12
26/03/2025,FTAL.TA,52338.63762,13
27/03/2025,FTAL.TA,51625.87567,14
28/03/2025,FTAL.TA,52639.43297,15
29/03/2025,FTAL.TA,51249.74961,16
30/03/2025,FTAL.TA,50491.10667,17
31/03/2025,FTAL.TA,51961.06791,18
01/04/2025,FTAL.TA,51938.03842,19
02/04/2025,FTAL.TA,52134.49007,20
03/04/2025,FTAL.TA,54127.0683,21
04/04/2025,FTAL.TA,53598.91885,22
05/04/2025,FTAL.TA,52504.36638,23
06/04/2025,FTAL.TA,51432.16594,24
07/04/2025,FTAL.TA,50560.5944,25
08/04/2025,FTAL.TA,49972.61559,26
09/04/2025,FTAL.TA,49136.93542,27
10/04/2025,FTAL.TA,48017.2482,28
11/04/2025,FTAL.TA,47583.58289,29
12/04/2025,FTAL.TA,46302.29923,30
14/03/2025,FEAT.TA,130.8018141,1
15/03/2025,FEAT.TA,131.3020872,2
16/03/2025,FEAT.TA,109.3766318,3
17/03/2025,FEAT.TA,93.93334933,4
18/03/2025,FEAT.TA,93.83773249,5
19/03/2025,FEAT.TA,78.16825561,6
20/03/2025,FEAT.TA,82.93657138,7
21/03/2025,FEAT.TA,54.67864635,8
22/03/2025,FEAT.TA,54.23678255,9
23/03/2025,FEAT.TA,59.02856564,10
24/03/2025,FEAT.TA,65.27388781,11
25/03/2025,FEAT.TA,65.96380126,12
26/03/2025,FEAT.TA,65.17192405,13
27/03/2025,FEAT.TA,64.38955311,14
28/03/2025,FEAT.TA,53.58463041,15
29/03/2025,FEAT.TA,53.51678117,16
30/03/2025,FEAT.TA,43.22096549,17
31/03/2025,FEAT.TA,3.44941116,18
01/04/2025,FEAT.TA,2.67188438,19
02/04/2025,FEAT.TA,2.82511589,20
03/04/2025,FEAT.TA,2.82152488,21
04/04/2025,FEAT.TA,0.21296705,22
05/04/2025,FEAT.TA,0.17740479,23
06/04/2025,FEAT.TA,0.16355165,24
07/04/2025,FEAT.TA,0.16376024,25
08/04/2025,FEAT.TA,0.16554452,26
09/04/2025,FEAT.TA,0.18325312,27
10/04/2025,FEAT.TA,0.18496247,28
11/04/2025,FEAT.TA,0.13769739,29
12/04/2025,FEAT.TA,1.70373087,30
14/03/2025,FIBI.TA,19274.32488,1
15/03/2025,FIBI.TA,19328.41977,2
16/03/2025,FIBI.TA,19216.71929,3
17/03/2025,FIBI.TA,19240.28159,4
18/03/2025,FIBI.TA,19093.8276,5
19/03/2025,FIBI.TA,18741.79049,6
20/03/2025,FIBI.TA,18497.74349,7
21/03/2025,FIBI.TA,18124.43293,8
22/03/2025,FIBI.TA,18076.04772,9
23/03/2025,FIBI.TA,18087.16846,10
24/03/2025,FIBI.TA,17962.96399,11
25/03/2025,FIBI.TA,18278.09879,12
26/03/2025,FIBI.TA,18149.19679,13
27/03/2025,FIBI.TA,17782.9204,14
28/03/2025,FIBI.TA,17733.26062,15
29/03/2025,FIBI.TA,17746.86595,16
30/03/2025,FIBI.TA,17902.79401,17
31/03/2025,FIBI.TA,18213.47369,18
01/04/2025,FIBI.TA,18232.73019,19
02/04/2025,FIBI.TA,18226.3603,20
03/04/2025,FIBI.TA,17981.79715,21
04/04/2025,FIBI.TA,17964.11164,22
05/04/2025,FIBI.TA,18110.02316,23
06/04/2025,FIBI.TA,18053.22595,24
07/04/2025,FIBI.TA,18191.83714,25
08/04/2025,FIBI.TA,18173.94504,26
09/04/2025,FIBI.TA,18247.95569,27
10/04/2025,FIBI.TA,18345.86503,28
11/04/2025,FIBI.TA,18362.38591,29
12/04/2025,FIBI.TA,18546.45459,30
14/03/2025,FIBIH.TA,20458.90045,1
15/03/2025,FIBIH.TA,19953.68921,2
16/03/2025,FIBIH.TA,19871.16494,3
17/03/2025,FIBIH.TA,20012.8823,4
18/03/2025,FIBIH.TA,19905.75711,5
19/03/2025,FIBIH.TA,19670.48277,6
20/03/2025,FIBIH.TA,19937.88466,7
21/03/2025,FIBIH.TA,19885.25864,8
22/03/2025,FIBIH.TA,20164.17336,9
23/03/2025,FIBIH.TA,20417.46596,10
24/03/2025,FIBIH.TA,20428.06154,11
25/03/2025,FIBIH.TA,21019.23375,12
26/03/2025,FIBIH.TA,21434.55116,13
27/03/2025,FIBIH.TA,21181.20738,14
28/03/2025,FIBIH.TA,21288.66497,15
29/03/2025,FIBIH.TA,21578.06453,16
30/03/2025,FIBIH.TA,21339.94321,17
31/03/2025,FIBIH.TA,21352.96111,18
01/04/2025,FIBIH.TA,21005.2301,19
02/04/2025,FIBIH.TA,21025.38246,20
03/04/2025,FIBIH.TA,21037.32326,21
04/04/2025,FIBIH.TA,21315.88105,22
05/04/2025,FIBIH.TA,21163.99972,23
06/04/2025,FIBIH.TA,20930.44774,24
07/04/2025,FIBIH.TA,21166.19137,25
08/04/2025,FIBIH.TA,21057.96888,26
09/04/2025,FIBIH.TA,21056.48921,27
10/04/2025,FIBIH.TA,21068.44767,28
11/04/2025,FIBIH.TA,20944.8923,29
12/04/2025,FIBIH.TA,20957.66921,30
14/03/2025,FGAS.TA,1250.784232,1
15/03/2025,FGAS.TA,1246.350528,2
16/03/2025,FGAS.TA,1216.521215,3
17/03/2025,FGAS.TA,1217.39683,4
18/03/2025,FGAS.TA,1217.387509,5
19/03/2025,FGAS.TA,1154.912396,6
20/03/2025,FGAS.TA,1152.701905,7
21/03/2025,FGAS.TA,1148.615878,8
22/03/2025,FGAS.TA,1147.912347,9
23/03/2025,FGAS.TA,1147.321846,10
24/03/2025,FGAS.TA,1169.59243,11
25/03/2025,FGAS.TA,1169.948922,12
26/03/2025,FGAS.TA,1174.385194,13
27/03/2025,FGAS.TA,1172.74164,14
28/03/2025,FGAS.TA,1173.933152,15
29/03/2025,FGAS.TA,1172.395952,16
30/03/2025,FGAS.TA,1167.741367,17
31/03/2025,FGAS.TA,1136.937727,18
01/04/2025,FGAS.TA,1158.35086,19
02/04/2025,FGAS.TA,1153.165584,20
03/04/2025,FGAS.TA,1152.459266,21
04/04/2025,FGAS.TA,1151.762589,22
05/04/2025,FGAS.TA,1211.870191,23
06/04/2025,FGAS.TA,1239.548541,24
07/04/2025,FGAS.TA,1251.492102,25
08/04/2025,FGAS.TA,1258.566581,26
09/04/2025,FGAS.TA,1265.319184,27
10/04/2025,FGAS.TA,1262.897377,28
11/04/2025,FGAS.TA,1372.803598,29
12/04/2025,FGAS.TA,1341.423356,30
14/03/2025,FLYS.TA,48.84878775,1
15/03/2025,FLYS.TA,45.71663818,2
16/03/2025,FLYS.TA,42.78531981,3
17/03/2025,FLYS.TA,42.74313226,4
18/03/2025,FLYS.TA,40.49463598,5
19/03/2025,FLYS.TA,40.22407607,6
20/03/2025,FLYS.TA,39.19530627,7
21/03/2025,FLYS.TA,39.22552262,8
22/03/2025,FLYS.TA,-590.8447552,9
23/03/2025,FLYS.TA,-584.2512708,10
24/03/2025,FLYS.TA,-592.4311062,11
25/03/2025,FLYS.TA,-585.8199189,12
26/03/2025,FLYS.TA,-589.708751,13
27/03/2025,FLYS.TA,-585.7686848,14
28/03/2025,FLYS.TA,-586.7793576,15
29/03/2025,FLYS.TA,-524.4868683,16
30/03/2025,FLYS.TA,-518.1928381,17
31/03/2025,FLYS.TA,52.45951967,18
01/04/2025,FLYS.TA,51.82998666,19
02/04/2025,FLYS.TA,52.93480667,20
03/04/2025,FLYS.TA,49.70878045,21
04/04/2025,FLYS.TA,49.83302583,22
05/04/2025,FLYS.TA,50.03099791,23
06/04/2025,FLYS.TA,48.75140657,24
07/04/2025,FLYS.TA,48.62479156,25
08/04/2025,FLYS.TA,48.94757617,26
09/04/2025,FLYS.TA,49.69405399,27
10/04/2025,FLYS.TA,50.21842569,28
11/04/2025,FLYS.TA,47.15794492,29
12/04/2025,FLYS.TA,-710.3289533,30
14/03/2025,FBRT.TA,15786.73491,1
15/03/2025,FBRT.TA,15822.9652,2
16/03/2025,FBRT.TA,15819.54106,3
17/03/2025,FBRT.TA,15811.52702,4
18/03/2025,FBRT.TA,15861.06694,5
19/03/2025,FBRT.TA,15527.37112,6
20/03/2025,FBRT.TA,15512.89803,7
21/03/2025,FBRT.TA,15908.32364,8
22/03/2025,FBRT.TA,16318.3322,9
23/03/2025,FBRT.TA,16310.06548,10
24/03/2025,FBRT.TA,16318.1024,11
25/03/2025,FBRT.TA,16280.07621,12
26/03/2025,FBRT.TA,16068.46135,13
27/03/2025,FBRT.TA,16076.42393,14
28/03/2025,FBRT.TA,16201.06543,15
29/03/2025,FBRT.TA,16456.20043,16
30/03/2025,FBRT.TA,16739.80219,17
31/03/2025,FBRT.TA,16822.76403,18
01/04/2025,FBRT.TA,16946.45369,19
02/04/2025,FBRT.TA,17213.32709,20
03/04/2025,FBRT.TA,17250.02118,21
04/04/2025,FBRT.TA,16573.01356,22
05/04/2025,FBRT.TA,16295.14652,23
06/04/2025,FBRT.TA,16277.71746,24
07/04/2025,FBRT.TA,15957.22044,25
08/04/2025,FBRT.TA,16228.89353,26
09/04/2025,FBRT.TA,16260.33774,27
10/04/2025,FBRT.TA,16080.1502,28
11/04/2025,FBRT.TA,16165.95189,29
12/04/2025,FBRT.TA,16578.02392,30
14/03/2025,FRSX.TA,12.72258317,1
15/03/2025,FRSX.TA,10.32900544,2
16/03/2025,FRSX.TA,10.68094156,3
17/03/2025,FRSX.TA,11.09953768,4
18/03/2025,FRSX.TA,10.88755989,5
19/03/2025,FRSX.TA,12.00144835,6
20/03/2025,FRSX.TA,10.56296063,7
21/03/2025,FRSX.TA,9.93470755,8
22/03/2025,FRSX.TA,11.25375739,9
23/03/2025,FRSX.TA,9.13651888,10
24/03/2025,FRSX.TA,10.27062188,11
25/03/2025,FRSX.TA,11.9655733,12
26/03/2025,FRSX.TA,11.25702705,13
27/03/2025,FRSX.TA,11.66907933,14
28/03/2025,FRSX.TA,13.11754544,15
29/03/2025,FRSX.TA,16.34699058,16
30/03/2025,FRSX.TA,8.15824749,17
31/03/2025,FRSX.TA,10.16674922,18
01/04/2025,FRSX.TA,11.49407543,19
02/04/2025,FRSX.TA,13.367877,20
03/04/2025,FRSX.TA,15.14275522,21
04/04/2025,FRSX.TA,14.71171729,22
05/04/2025,FRSX.TA,19.34113966,23
06/04/2025,FRSX.TA,21.74192763,24
07/04/2025,FRSX.TA,26.44145541,25
08/04/2025,FRSX.TA,24.40513504,26
09/04/2025,FRSX.TA,24.72926246,27
10/04/2025,FRSX.TA,28.89353338,28
11/04/2025,FRSX.TA,31.84958357,29
12/04/2025,FRSX.TA,35.10048881,30
14/03/2025,FORTY.TA,36807.45834,1
15/03/2025,FORTY.TA,36951.8257,2
16/03/2025,FORTY.TA,36605.69282,3
17/03/2025,FORTY.TA,36090.57879,4
18/03/2025,FORTY.TA,36232.13439,5
19/03/2025,FORTY.TA,36128.37098,6
20/03/2025,FORTY.TA,36598.03632,7
21/03/2025,FORTY.TA,37463.56661,8
22/03/2025,FORTY.TA,38812.58502,9
23/03/2025,FORTY.TA,38758.16623,10
24/03/2025,FORTY.TA,39267.62303,11
25/03/2025,FORTY.TA,38241.86672,12
26/03/2025,FORTY.TA,37883.64985,13
27/03/2025,FORTY.TA,37305.51097,14
28/03/2025,FORTY.TA,36789.32402,15
29/03/2025,FORTY.TA,36437.32898,16
30/03/2025,FORTY.TA,35972.90113,17
31/03/2025,FORTY.TA,36508.13925,18
01/04/2025,FORTY.TA,35893.16718,19
02/04/2025,FORTY.TA,36842.51209,20
03/04/2025,FORTY.TA,36490.00816,21
04/04/2025,FORTY.TA,37644.69448,22
05/04/2025,FORTY.TA,37284.51538,23
06/04/2025,FORTY.TA,37187.13759,24
07/04/2025,FORTY.TA,37117.12898,25
08/04/2025,FORTY.TA,36260.47933,26
09/04/2025,FORTY.TA,36117.68497,27
10/04/2025,FORTY.TA,34959.07074,28
11/04/2025,FORTY.TA,34612.33811,29
12/04/2025,FORTY.TA,34591.71665,30
14/03/2025,FOX.TA,32401.58094,1
15/03/2025,FOX.TA,32328.50093,2
16/03/2025,FOX.TA,32140.81919,3
17/03/2025,FOX.TA,32212.10006,4
18/03/2025,FOX.TA,32140.09131,5
19/03/2025,FOX.TA,33137.3423,6
20/03/2025,FOX.TA,31589.811,7
21/03/2025,FOX.TA,32733.11388,8
22/03/2025,FOX.TA,33638.56877,9
23/03/2025,FOX.TA,34826.11553,10
24/03/2025,FOX.TA,35631.28999,11
25/03/2025,FOX.TA,34762.27382,12
26/03/2025,FOX.TA,34532.85849,13
27/03/2025,FOX.TA,34406.43991,14
28/03/2025,FOX.TA,34810.69434,15
29/03/2025,FOX.TA,34673.25459,16
30/03/2025,FOX.TA,35598.91888,17
31/03/2025,FOX.TA,34937.96974,18
01/04/2025,FOX.TA,34326.14583,19
02/04/2025,FOX.TA,34637.91502,20
03/04/2025,FOX.TA,33798.41577,21
04/04/2025,FOX.TA,35372.4233,22
05/04/2025,FOX.TA,34952.67399,23
06/04/2025,FOX.TA,35888.33075,24
07/04/2025,FOX.TA,37274.38247,25
08/04/2025,FOX.TA,38045.18379,26
09/04/2025,FOX.TA,37721.42766,27
10/04/2025,FOX.TA,37572.49574,28
11/04/2025,FOX.TA,37733.61003,29
12/04/2025,FOX.TA,36846.86148,30
14/03/2025,FRDN.TA,5781.285828,1
15/03/2025,FRDN.TA,5849.282569,2
16/03/2025,FRDN.TA,5830.086106,3
17/03/2025,FRDN.TA,5588.319887,4
18/03/2025,FRDN.TA,5975.443179,5
19/03/2025,FRDN.TA,5927.699911,6
20/03/2025,FRDN.TA,5898.694195,7
21/03/2025,FRDN.TA,5674.375347,8
22/03/2025,FRDN.TA,5567.362975,9
23/03/2025,FRDN.TA,5570.418705,10
24/03/2025,FRDN.TA,6358.895641,11
25/03/2025,FRDN.TA,6257.045088,12
26/03/2025,FRDN.TA,6129.937367,13
27/03/2025,FRDN.TA,6203.347007,14
28/03/2025,FRDN.TA,6342.128983,15
29/03/2025,FRDN.TA,6408.83655,16
30/03/2025,FRDN.TA,6455.559287,17
31/03/2025,FRDN.TA,6440.053694,18
01/04/2025,FRDN.TA,6375.455719,19
02/04/2025,FRDN.TA,6461.841639,20
03/04/2025,FRDN.TA,6380.097286,21
04/04/2025,FRDN.TA,6408.534466,22
05/04/2025,FRDN.TA,6288.425461,23
06/04/2025,FRDN.TA,5998.771762,24
07/04/2025,FRDN.TA,5885.641636,25
08/04/2025,FRDN.TA,5978.124432,26
09/04/2025,FRDN.TA,5995.478924,27
10/04/2025,FRDN.TA,6189.731303,28
11/04/2025,FRDN.TA,6213.154799,29
12/04/2025,FRDN.TA,6612.233403,30
14/03/2025,GOSS.TA,525.9286941,1
15/03/2025,GOSS.TA,528.2183758,2
16/03/2025,GOSS.TA,528.0447624,3
17/03/2025,GOSS.TA,516.8013844,4
18/03/2025,GOSS.TA,514.5216202,5
19/03/2025,GOSS.TA,515.3336514,6
20/03/2025,GOSS.TA,524.9968581,7
21/03/2025,GOSS.TA,547.4985368,8
22/03/2025,GOSS.TA,547.918784,9
23/03/2025,GOSS.TA,539.8177377,10
24/03/2025,GOSS.TA,543.9368843,11
25/03/2025,GOSS.TA,529.2034078,12
26/03/2025,GOSS.TA,531.894005,13
27/03/2025,GOSS.TA,535.5976181,14
28/03/2025,GOSS.TA,558.5536516,15
29/03/2025,GOSS.TA,556.814031,16
30/03/2025,GOSS.TA,552.5643988,17
31/03/2025,GOSS.TA,545.5929864,18
01/04/2025,GOSS.TA,555.8235969,19
02/04/2025,GOSS.TA,555.5704753,20
03/04/2025,GOSS.TA,562.6014266,21
04/04/2025,GOSS.TA,579.7582445,22
05/04/2025,GOSS.TA,582.5878913,23
06/04/2025,GOSS.TA,597.2836571,24
07/04/2025,GOSS.TA,585.353576,25
08/04/2025,GOSS.TA,586.5779626,26
09/04/2025,GOSS.TA,609.089226,27
10/04/2025,GOSS.TA,603.7566396,28
11/04/2025,GOSS.TA,605.0371028,29
12/04/2025,GOSS.TA,600.5886432,30
14/03/2025,GCT.TA,1142.628632,1
15/03/2025,GCT.TA,1176.355568,2
16/03/2025,GCT.TA,1155.676773,3
17/03/2025,GCT.TA,1147.782082,4
18/03/2025,GCT.TA,1161.590673,5
19/03/2025,GCT.TA,1186.774626,6
20/03/2025,GCT.TA,1161.385667,7
21/03/2025,GCT.TA,1135.447787,8
22/03/2025,GCT.TA,1156.624323,9
23/03/2025,GCT.TA,1160.314919,10
24/03/2025,GCT.TA,1139.337432,11
25/03/2025,GCT.TA,1180.477729,12
26/03/2025,GCT.TA,1216.66373,13
27/03/2025,GCT.TA,1226.585875,14
28/03/2025,GCT.TA,1216.238598,15
29/03/2025,GCT.TA,1206.164296,16
30/03/2025,GCT.TA,1196.17344,17
31/03/2025,GCT.TA,1150.128519,18
01/04/2025,GCT.TA,1162.928437,19
02/04/2025,GCT.TA,1129.051815,20
03/04/2025,GCT.TA,1137.93254,21
04/04/2025,GCT.TA,1138.036091,22
05/04/2025,GCT.TA,1098.919422,23
06/04/2025,GCT.TA,1097.374609,24
07/04/2025,GCT.TA,1101.486828,25
08/04/2025,GCT.TA,1063.626434,26
09/04/2025,GCT.TA,1049.274881,27
10/04/2025,GCT.TA,1039.463415,28
11/04/2025,GCT.TA,1003.444065,29
12/04/2025,GCT.TA,996.58931,30
30/01/2025,GPGB-M.TA,404.336313,1
31/01/2025,GPGB-M.TA,407.4253832,2
01/02/2025,GPGB-M.TA,512.3390791,3
02/02/2025,GPGB-M.TA,91.42485392,4
03/02/2025,GPGB-M.TA,65.69804384,5
04/02/2025,GPGB-M.TA,66.1511103,6
05/02/2025,GPGB-M.TA,65.85597876,7
06/02/2025,GPGB-M.TA,65.23653463,8
07/02/2025,GPGB-M.TA,76.59830752,9
08/02/2025,GPGB-M.TA,63.01504952,10
09/02/2025,GPGB-M.TA,63.01516431,11
10/02/2025,GPGB-M.TA,64.74692147,12
11/02/2025,GPGB-M.TA,50.5293732,13
12/02/2025,GPGB-M.TA,50.87783357,14
13/02/2025,GPGB-M.TA,50.89775517,15
14/02/2025,GPGB-M.TA,50.89775517,16
15/02/2025,GPGB-M.TA,54.20351674,17
16/02/2025,GPGB-M.TA,54.82708786,18
17/02/2025,GPGB-M.TA,54.31138194,19
18/02/2025,GPGB-M.TA,784.7702228,20
19/02/2025,GPGB-M.TA,299.0997799,21
20/02/2025,GPGB-M.TA,113.9960153,22
21/02/2025,GPGB-M.TA,133.8498724,23
22/02/2025,GPGB-M.TA,82.60553086,24
23/02/2025,GPGB-M.TA,84.13351265,25
24/02/2025,GPGB-M.TA,82.64164423,26
25/02/2025,GPGB-M.TA,83.65280291,27
26/02/2025,GPGB-M.TA,115.0703799,28
27/02/2025,GPGB-M.TA,372.0639848,29
28/02/2025,GPGB-M.TA,391.6246215,30
14/03/2025,GLTC.TA,76.24343986,1
15/03/2025,GLTC.TA,79.11703562,2
16/03/2025,GLTC.TA,79.26670347,3
17/03/2025,GLTC.TA,79.41665445,4
18/03/2025,GLTC.TA,97.82626379,5
19/03/2025,GLTC.TA,100.0002604,6
20/03/2025,GLTC.TA,103.5939112,7
21/03/2025,GLTC.TA,103.4277727,8
22/03/2025,GLTC.TA,102.5781882,9
23/03/2025,GLTC.TA,128.7509348,10
24/03/2025,GLTC.TA,126.2853324,11
25/03/2025,GLTC.TA,126.9724024,12
26/03/2025,GLTC.TA,140.0691218,13
27/03/2025,GLTC.TA,121.2947737,14
28/03/2025,GLTC.TA,100.5737537,15
29/03/2025,GLTC.TA,100.6564005,16
30/03/2025,GLTC.TA,100.5023289,17
31/03/2025,GLTC.TA,323.8360644,18
01/04/2025,GLTC.TA,-918.0924693,19
02/04/2025,GLTC.TA,-978.7158054,20
03/04/2025,GLTC.TA,-1048.845462,21
04/04/2025,GLTC.TA,-1080.114933,22
05/04/2025,GLTC.TA,-983.3152168,23
06/04/2025,GLTC.TA,166.7525945,24
07/04/2025,GLTC.TA,152.4293401,25
08/04/2025,GLTC.TA,152.2480868,26
09/04/2025,GLTC.TA,-431.631425,27
10/04/2025,GLTC.TA,-411.5309565,28
11/04/2025,GLTC.TA,-449.8953298,29
12/04/2025,GLTC.TA,-440.0275887,30
02/01/2025,GMLA.TA,238.3610346,1
03/01/2025,GMLA.TA,240.8576508,2
04/01/2025,GMLA.TA,235.2890519,3
05/01/2025,GMLA.TA,235.0723748,4
06/01/2025,GMLA.TA,236.1246923,5
07/01/2025,GMLA.TA,237.1569108,6
08/01/2025,GMLA.TA,237.3975023,7
09/01/2025,GMLA.TA,236.1722817,8
10/01/2025,GMLA.TA,236.1675716,9
11/01/2025,GMLA.TA,237.2175379,10
12/01/2025,GMLA.TA,234.3399633,11
13/01/2025,GMLA.TA,234.8231029,12
14/01/2025,GMLA.TA,234.0533549,13
15/01/2025,GMLA.TA,233.8378157,14
16/01/2025,GMLA.TA,246.3339944,15
17/01/2025,GMLA.TA,247.4108429,16
18/01/2025,GMLA.TA,244.7405652,17
19/01/2025,GMLA.TA,126.6065725,18
20/01/2025,GMLA.TA,126.2468158,19
21/01/2025,GMLA.TA,125.5952495,20
22/01/2025,GMLA.TA,132.5482838,21
23/01/2025,GMLA.TA,132.9411592,22
24/01/2025,GMLA.TA,133.3546134,23
25/01/2025,GMLA.TA,131.7369511,24
26/01/2025,GMLA.TA,131.4903439,25
27/01/2025,GMLA.TA,131.7130935,26
28/01/2025,GMLA.TA,108.102542,27
29/01/2025,GMLA.TA,111.0992246,28
30/01/2025,GMLA.TA,111.2456899,29
31/01/2025,GMLA.TA,111.0323728,30
14/03/2025,GSFI.TA,2951.73776,1
15/03/2025,GSFI.TA,2959.502166,2
16/03/2025,GSFI.TA,2950.561464,3
17/03/2025,GSFI.TA,3007.810023,4
18/03/2025,GSFI.TA,3030.368511,5
19/03/2025,GSFI.TA,2963.513057,6
20/03/2025,GSFI.TA,2971.308437,7
21/03/2025,GSFI.TA,2836.805194,8
22/03/2025,GSFI.TA,2873.350976,9
23/03/2025,GSFI.TA,2883.951546,10
24/03/2025,GSFI.TA,2903.982106,11
25/03/2025,GSFI.TA,2879.201718,12
26/03/2025,GSFI.TA,2890.93848,13
27/03/2025,GSFI.TA,2861.010512,14
28/03/2025,GSFI.TA,2931.143336,15
29/03/2025,GSFI.TA,2860.241316,16
30/03/2025,GSFI.TA,2885.097495,17
31/03/2025,GSFI.TA,2910.741306,18
01/04/2025,GSFI.TA,2946.646154,19
02/04/2025,GSFI.TA,3007.393355,20
03/04/2025,GSFI.TA,3008.950811,21
04/04/2025,GSFI.TA,2924.803138,22
05/04/2025,GSFI.TA,2820.013758,23
06/04/2025,GSFI.TA,2818.177381,24
07/04/2025,GSFI.TA,2833.583114,25
08/04/2025,GSFI.TA,2701.55974,26
09/04/2025,GSFI.TA,2725.036939,27
10/04/2025,GSFI.TA,2682.290813,28
11/04/2025,GSFI.TA,2716.310709,29
12/04/2025,GSFI.TA,2736.68296,30
14/03/2025,GAGR.TA,392.9455479,1
15/03/2025,GAGR.TA,393.4511411,2
16/03/2025,GAGR.TA,389.9549892,3
17/03/2025,GAGR.TA,380.1834589,4
18/03/2025,GAGR.TA,373.3329986,5
19/03/2025,GAGR.TA,385.6280811,6
20/03/2025,GAGR.TA,368.1139321,7
21/03/2025,GAGR.TA,350.9524977,8
22/03/2025,GAGR.TA,358.2585849,9
23/03/2025,GAGR.TA,368.8179087,10
24/03/2025,GAGR.TA,480.1426827,11
25/03/2025,GAGR.TA,464.6778277,12
26/03/2025,GAGR.TA,460.553214,13
27/03/2025,GAGR.TA,454.6217914,14
28/03/2025,GAGR.TA,454.2139586,15
29/03/2025,GAGR.TA,450.1778767,16
30/03/2025,GAGR.TA,461.5041146,17
31/03/2025,GAGR.TA,446.6395869,18
01/04/2025,GAGR.TA,459.8038549,19
02/04/2025,GAGR.TA,440.5768191,20
03/04/2025,GAGR.TA,432.6381412,21
04/04/2025,GAGR.TA,412.7185035,22
05/04/2025,GAGR.TA,407.4769418,23
06/04/2025,GAGR.TA,424.7022988,24
07/04/2025,GAGR.TA,419.1003388,25
08/04/2025,GAGR.TA,406.5492067,26
09/04/2025,GAGR.TA,391.0957287,27
10/04/2025,GAGR.TA,397.2497262,28
11/04/2025,GAGR.TA,405.1466671,29
12/04/2025,GAGR.TA,410.6957518,30
14/03/2025,GAON-M.TA,2513.911582,1
15/03/2025,GAON-M.TA,1776.317031,2
16/03/2025,GAON-M.TA,2008.722295,3
17/03/2025,GAON-M.TA,1439.372685,4
18/03/2025,GAON-M.TA,1440.381044,5
19/03/2025,GAON-M.TA,1440.193091,6
20/03/2025,GAON-M.TA,1422.429938,7
21/03/2025,GAON-M.TA,1412.644003,8
22/03/2025,GAON-M.TA,1307.80788,9
23/03/2025,GAON-M.TA,1257.635238,10
24/03/2025,GAON-M.TA,1227.762406,11
25/03/2025,GAON-M.TA,1245.282756,12
26/03/2025,GAON-M.TA,1145.402162,13
27/03/2025,GAON-M.TA,1144.576462,14
28/03/2025,GAON-M.TA,1144.728164,15
29/03/2025,GAON-M.TA,1140.971829,16
30/03/2025,GAON-M.TA,1047.188235,17
31/03/2025,GAON-M.TA,1048.075851,18
01/04/2025,GAON-M.TA,1073.688206,19
02/04/2025,GAON-M.TA,1060.931125,20
03/04/2025,GAON-M.TA,1304.084545,21
04/04/2025,GAON-M.TA,1302.380688,22
05/04/2025,GAON-M.TA,1283.187829,23
06/04/2025,GAON-M.TA,1187.958998,24
07/04/2025,GAON-M.TA,1738.152918,25
08/04/2025,GAON-M.TA,2038.953306,26
09/04/2025,GAON-M.TA,2006.879726,27
10/04/2025,GAON-M.TA,2396.121799,28
11/04/2025,GAON-M.TA,2370.546518,29
12/04/2025,GAON-M.TA,2372.061164,30
14/03/2025,GVYM.TA,3035.367525,1
15/03/2025,GVYM.TA,3063.195375,2
16/03/2025,GVYM.TA,3099.201847,3
17/03/2025,GVYM.TA,3119.707171,4
18/03/2025,GVYM.TA,3149.842232,5
19/03/2025,GVYM.TA,3170.221337,6
20/03/2025,GVYM.TA,3164.666283,7
21/03/2025,GVYM.TA,3138.592798,8
22/03/2025,GVYM.TA,3088.853347,9
23/03/2025,GVYM.TA,3118.690374,10
24/03/2025,GVYM.TA,3147.609205,11
25/03/2025,GVYM.TA,3120.757679,12
26/03/2025,GVYM.TA,3137.44593,13
27/03/2025,GVYM.TA,3087.624301,14
28/03/2025,GVYM.TA,3053.355868,15
29/03/2025,GVYM.TA,3039.13229,16
30/03/2025,GVYM.TA,3035.747855,17
31/03/2025,GVYM.TA,3050.358513,18
01/04/2025,GVYM.TA,3036.257133,19
02/04/2025,GVYM.TA,3109.133201,20
03/04/2025,GVYM.TA,3086.03986,21
04/04/2025,GVYM.TA,3076.910307,22
05/04/2025,GVYM.TA,3069.649597,23
06/04/2025,GVYM.TA,3020.904552,24
07/04/2025,GVYM.TA,3048.599808,25
08/04/2025,GVYM.TA,3024.682642,26
09/04/2025,GVYM.TA,3040.857133,27
10/04/2025,GVYM.TA,3074.047313,28
11/04/2025,GVYM.TA,3036.570248,29
12/04/2025,GVYM.TA,3022.424863,30
14/03/2025,GEFR.TA,60.5654718,1
15/03/2025,GEFR.TA,59.48193747,2
16/03/2025,GEFR.TA,60.03612471,3
17/03/2025,GEFR.TA,59.77512203,4
18/03/2025,GEFR.TA,59.14893302,5
19/03/2025,GEFR.TA,58.38350059,6
20/03/2025,GEFR.TA,59.50090321,7
21/03/2025,GEFR.TA,58.62929572,8
22/03/2025,GEFR.TA,55.78721003,9
23/03/2025,GEFR.TA,54.38266547,10
24/03/2025,GEFR.TA,53.81296646,11
25/03/2025,GEFR.TA,53.16998865,12
26/03/2025,GEFR.TA,53.46258318,13
27/03/2025,GEFR.TA,54.52852387,14
28/03/2025,GEFR.TA,55.89451271,15
29/03/2025,GEFR.TA,55.6095884,16
30/03/2025,GEFR.TA,55.18260041,17
31/03/2025,GEFR.TA,55.22619804,18
01/04/2025,GEFR.TA,56.21239303,19
02/04/2025,GEFR.TA,57.80895769,20
03/04/2025,GEFR.TA,57.51427443,21
04/04/2025,GEFR.TA,56.06624788,22
05/04/2025,GEFR.TA,55.17619099,23
06/04/2025,GEFR.TA,56.99211107,24
07/04/2025,GEFR.TA,58.86779544,25
08/04/2025,GEFR.TA,60.5397798,26
09/04/2025,GEFR.TA,59.75634875,27
10/04/2025,GEFR.TA,60.1141266,28
11/04/2025,GEFR.TA,60.90843678,29
12/04/2025,GEFR.TA,60.30297439,30
14/03/2025,GNCL.TA,22.5690826,1
15/03/2025,GNCL.TA,20.45342756,2
16/03/2025,GNCL.TA,17.74718289,3
17/03/2025,GNCL.TA,15.29713858,4
18/03/2025,GNCL.TA,34.87945798,5
19/03/2025,GNCL.TA,28.72936259,6
20/03/2025,GNCL.TA,33.29741265,7
21/03/2025,GNCL.TA,25.14744777,8
22/03/2025,GNCL.TA,24.97048487,9
23/03/2025,GNCL.TA,24.08714336,10
24/03/2025,GNCL.TA,13.95205265,11
25/03/2025,GNCL.TA,19.36540131,12
26/03/2025,GNCL.TA,20.61095861,13
27/03/2025,GNCL.TA,19.08854258,14
28/03/2025,GNCL.TA,17.78250952,15
29/03/2025,GNCL.TA,15.3744399,16
30/03/2025,GNCL.TA,17.81901942,17
31/03/2025,GNCL.TA,22.3368106,18
01/04/2025,GNCL.TA,21.97835158,19
02/04/2025,GNCL.TA,17.03880846,20
03/04/2025,GNCL.TA,15.40412358,21
04/04/2025,GNCL.TA,15.31258535,22
05/04/2025,GNCL.TA,15.22734634,23
06/04/2025,GNCL.TA,15.1744893,24
07/04/2025,GNCL.TA,15.0063355,25
08/04/2025,GNCL.TA,18.6522425,26
09/04/2025,GNCL.TA,19.85193035,27
10/04/2025,GNCL.TA,19.39146443,28
11/04/2025,GNCL.TA,23.5223409,29
12/04/2025,GNCL.TA,22.6902281,30
14/03/2025,GNRS.TA,81.85460679,1
15/03/2025,GNRS.TA,83.66709535,2
16/03/2025,GNRS.TA,84.28092348,3
17/03/2025,GNRS.TA,83.58961342,4
18/03/2025,GNRS.TA,82.68728057,5
19/03/2025,GNRS.TA,86.719246,6
20/03/2025,GNRS.TA,93.85581962,7
21/03/2025,GNRS.TA,92.84266516,8
22/03/2025,GNRS.TA,94.75422972,9
23/03/2025,GNRS.TA,96.5991627,10
24/03/2025,GNRS.TA,99.5914257,11
25/03/2025,GNRS.TA,99.22489639,12
26/03/2025,GNRS.TA,94.62215179,13
27/03/2025,GNRS.TA,93.68547444,14
28/03/2025,GNRS.TA,95.66480669,15
29/03/2025,GNRS.TA,95.5553616,16
30/03/2025,GNRS.TA,95.56364663,17
31/03/2025,GNRS.TA,96.99329289,18
01/04/2025,GNRS.TA,95.58678266,19
02/04/2025,GNRS.TA,95.75445802,20
03/04/2025,GNRS.TA,95.66653175,21
04/04/2025,GNRS.TA,93.78265347,22
05/04/2025,GNRS.TA,95.58993258,23
06/04/2025,GNRS.TA,97.34107227,24
07/04/2025,GNRS.TA,95.90141123,25
08/04/2025,GNRS.TA,97.74952078,26
09/04/2025,GNRS.TA,95.97249753,27
10/04/2025,GNRS.TA,94.08259413,28
11/04/2025,GNRS.TA,92.09548818,29
12/04/2025,GNRS.TA,88.05967216,30
10/03/2025,GFC-M.TA,10.68379668,1
11/03/2025,GFC-M.TA,0.39836947,2
12/03/2025,GFC-M.TA,0.40870117,3
13/03/2025,GFC-M.TA,0.41317296,4
14/03/2025,GFC-M.TA,0.41489944,5
15/03/2025,GFC-M.TA,0.41254358,6
16/03/2025,GFC-M.TA,0.40802771,7
17/03/2025,GFC-M.TA,22.02414825,8
18/03/2025,GFC-M.TA,14.56096697,9
19/03/2025,GFC-M.TA,14.56035559,10
20/03/2025,GFC-M.TA,14.59911907,11
21/03/2025,GFC-M.TA,12.80830297,12
22/03/2025,GFC-M.TA,12.84240202,13
23/03/2025,GFC-M.TA,11.8182516,14
24/03/2025,GFC-M.TA,10.98309018,15
25/03/2025,GFC-M.TA,9.44896399,16
26/03/2025,GFC-M.TA,8.54786902,17
27/03/2025,GFC-M.TA,8.64746212,18
28/03/2025,GFC-M.TA,8.6893508,19
29/03/2025,GFC-M.TA,8.71085489,20
30/03/2025,GFC-M.TA,8.66139344,21
31/03/2025,GFC-M.TA,8.79174727,22
01/04/2025,GFC-M.TA,8.88884977,23
02/04/2025,GFC-M.TA,8.31395693,24
03/04/2025,GFC-M.TA,0.31000465,25
04/04/2025,GFC-M.TA,0.28560941,26
05/04/2025,GFC-M.TA,0.28642396,27
06/04/2025,GFC-M.TA,0.32404652,28
07/04/2025,GFC-M.TA,0.17263688,29
08/04/2025,GFC-M.TA,0.17439516,30
28/10/2022,GIBUI.TA,0.19253992,1
29/10/2022,GIBUI.TA,0.16376584,2
30/10/2022,GIBUI.TA,0.16645047,3
31/10/2022,GIBUI.TA,0.34634504,4
01/11/2022,GIBUI.TA,0.32656477,5
02/11/2022,GIBUI.TA,0.67950597,6
03/11/2022,GIBUI.TA,0.75101696,7
04/11/2022,GIBUI.TA,0.63878142,8
05/11/2022,GIBUI.TA,0.74633776,9
06/11/2022,GIBUI.TA,0.80907349,10
07/11/2022,GIBUI.TA,0.76768922,11
08/11/2022,GIBUI.TA,1.57566714,12
09/11/2022,GIBUI.TA,1.70688912,13
10/11/2022,GIBUI.TA,1.56205038,14
11/11/2022,GIBUI.TA,0.91077409,15
12/11/2022,GIBUI.TA,2.72810113,16
13/11/2022,GIBUI.TA,2.97905579,17
14/11/2022,GIBUI.TA,4.57514628,18
15/11/2022,GIBUI.TA,3.9871899,19
16/11/2022,GIBUI.TA,2.44802889,20
17/11/2022,GIBUI.TA,2.50494268,21
18/11/2022,GIBUI.TA,2.45830257,22
19/11/2022,GIBUI.TA,2.5428632,23
20/11/2022,GIBUI.TA,2.21607744,24
21/11/2022,GIBUI.TA,2.20543753,25
22/11/2022,GIBUI.TA,0.64319848,26
23/11/2022,GIBUI.TA,0.24497856,27
24/11/2022,GIBUI.TA,0.26538044,28
25/11/2022,GIBUI.TA,0.83330506,29
26/11/2022,GIBUI.TA,0.80076604,30
14/03/2025,GILT.TA,2627.177751,1
15/03/2025,GILT.TA,2604.834106,2
16/03/2025,GILT.TA,2507.540002,3
17/03/2025,GILT.TA,2591.296821,4
18/03/2025,GILT.TA,2593.885651,5
19/03/2025,GILT.TA,2611.006584,6
20/03/2025,GILT.TA,2506.039644,7
21/03/2025,GILT.TA,2554.05242,8
22/03/2025,GILT.TA,2584.185489,9
23/03/2025,GILT.TA,2590.83426,10
24/03/2025,GILT.TA,2563.975772,11
25/03/2025,GILT.TA,2460.89955,12
26/03/2025,GILT.TA,2415.534742,13
27/03/2025,GILT.TA,2458.724162,14
28/03/2025,GILT.TA,2471.826454,15
29/03/2025,GILT.TA,2607.086439,16
30/03/2025,GILT.TA,2556.404176,17
31/03/2025,GILT.TA,2632.632572,18
01/04/2025,GILT.TA,2639.405992,19
02/04/2025,GILT.TA,2669.412855,20
03/04/2025,GILT.TA,2646.710009,21
04/04/2025,GILT.TA,2687.022638,22
05/04/2025,GILT.TA,2724.729128,23
06/04/2025,GILT.TA,2793.026552,24
07/04/2025,GILT.TA,2842.965472,25
08/04/2025,GILT.TA,2967.949533,26
09/04/2025,GILT.TA,2964.00436,27
10/04/2025,GILT.TA,2966.965544,28
11/04/2025,GILT.TA,2929.408642,29
12/04/2025,GILT.TA,3011.225694,30
14/03/2025,GLTL.TA,72.54603141,1
15/03/2025,GLTL.TA,70.29585998,2
16/03/2025,GLTL.TA,68.65810577,3
17/03/2025,GLTL.TA,75.57397911,4
18/03/2025,GLTL.TA,74.02757899,5
19/03/2025,GLTL.TA,75.12994883,6
20/03/2025,GLTL.TA,74.06220919,7
21/03/2025,GLTL.TA,72.65661564,8
22/03/2025,GLTL.TA,73.03952394,9
23/03/2025,GLTL.TA,73.9812374,10
24/03/2025,GLTL.TA,72.63777373,11
25/03/2025,GLTL.TA,72.26202983,12
26/03/2025,GLTL.TA,72.43021346,13
27/03/2025,GLTL.TA,71.04752446,14
28/03/2025,GLTL.TA,71.63677306,15
29/03/2025,GLTL.TA,73.25510829,16
30/03/2025,GLTL.TA,70.97101581,17
31/03/2025,GLTL.TA,71.13342622,18
01/04/2025,GLTL.TA,69.44333094,19
02/04/2025,GLTL.TA,70.11993766,20
03/04/2025,GLTL.TA,69.39785571,21
04/04/2025,GLTL.TA,70.81174343,22
05/04/2025,GLTL.TA,69.61573648,23
06/04/2025,GLTL.TA,69.10868294,24
07/04/2025,GLTL.TA,72.29341548,25
08/04/2025,GLTL.TA,71.46826649,26
09/04/2025,GLTL.TA,70.45256633,27
10/04/2025,GLTL.TA,70.48118994,28
11/04/2025,GLTL.TA,69.13570769,29
12/04/2025,GLTL.TA,67.88222573,30
14/03/2025,GNGR.TA,915.9586023,1
15/03/2025,GNGR.TA,925.1801155,2
16/03/2025,GNGR.TA,916.3496212,3
17/03/2025,GNGR.TA,869.1827283,4
18/03/2025,GNGR.TA,861.6348395,5
19/03/2025,GNGR.TA,857.9938592,6
20/03/2025,GNGR.TA,863.3954625,7
21/03/2025,GNGR.TA,861.9035174,8
22/03/2025,GNGR.TA,872.8041408,9
23/03/2025,GNGR.TA,877.820095,10
24/03/2025,GNGR.TA,887.1400062,11
25/03/2025,GNGR.TA,896.9874495,12
26/03/2025,GNGR.TA,889.2928362,13
27/03/2025,GNGR.TA,879.227984,14
28/03/2025,GNGR.TA,909.5917056,15
29/03/2025,GNGR.TA,895.1704817,16
30/03/2025,GNGR.TA,887.4914548,17
31/03/2025,GNGR.TA,896.4263719,18
01/04/2025,GNGR.TA,896.8450701,19
02/04/2025,GNGR.TA,902.5136759,20
03/04/2025,GNGR.TA,903.16488,21
04/04/2025,GNGR.TA,905.707266,22
05/04/2025,GNGR.TA,915.4555217,23
06/04/2025,GNGR.TA,930.5666455,24
07/04/2025,GNGR.TA,945.7916435,25
08/04/2025,GNGR.TA,827.1162987,26
09/04/2025,GNGR.TA,833.8627251,27
10/04/2025,GNGR.TA,839.1124079,28
11/04/2025,GNGR.TA,846.8169145,29
12/04/2025,GNGR.TA,837.232797,30
14/03/2025,GIVO.TA,22.64455346,1
15/03/2025,GIVO.TA,22.5995717,2
16/03/2025,GIVO.TA,22.03887135,3
17/03/2025,GIVO.TA,23.02060135,4
18/03/2025,GIVO.TA,23.12884923,5
19/03/2025,GIVO.TA,22.97288704,6
20/03/2025,GIVO.TA,22.99639435,7
21/03/2025,GIVO.TA,23.72392008,8
22/03/2025,GIVO.TA,23.15321627,9
23/03/2025,GIVO.TA,23.14997817,10
24/03/2025,GIVO.TA,22.59308114,11
25/03/2025,GIVO.TA,22.46675969,12
26/03/2025,GIVO.TA,23.88913489,13
27/03/2025,GIVO.TA,23.24006618,14
28/03/2025,GIVO.TA,23.69151988,15
29/03/2025,GIVO.TA,24.02910016,16
30/03/2025,GIVO.TA,23.72365918,17
31/03/2025,GIVO.TA,23.06105559,18
01/04/2025,GIVO.TA,22.90555055,19
02/04/2025,GIVO.TA,22.80398823,20
03/04/2025,GIVO.TA,22.84306035,21
04/04/2025,GIVO.TA,22.04751438,22
05/04/2025,GIVO.TA,21.37223676,23
06/04/2025,GIVO.TA,20.96921405,24
07/04/2025,GIVO.TA,21.0253934,25
08/04/2025,GIVO.TA,21.12139425,26
09/04/2025,GIVO.TA,21.32818489,27
10/04/2025,GIVO.TA,21.20893567,28
11/04/2025,GIVO.TA,22.20200324,29
12/04/2025,GIVO.TA,21.88500122,30
14/03/2025,GIX.TA,9.88975509,1
15/03/2025,GIX.TA,12.5110741,2
16/03/2025,GIX.TA,8.91026657,3
17/03/2025,GIX.TA,8.72147298,4
18/03/2025,GIX.TA,9.3023866,5
19/03/2025,GIX.TA,9.6239999,6
20/03/2025,GIX.TA,8.04131599,7
21/03/2025,GIX.TA,9.81952594,8
22/03/2025,GIX.TA,9.78777044,9
23/03/2025,GIX.TA,9.17217495,10
24/03/2025,GIX.TA,7.32080683,11
25/03/2025,GIX.TA,8.93968756,12
26/03/2025,GIX.TA,9.4125979,13
27/03/2025,GIX.TA,10.38513308,14
28/03/2025,GIX.TA,10.79055192,15
29/03/2025,GIX.TA,10.64401743,16
30/03/2025,GIX.TA,2.58498447,17
31/03/2025,GIX.TA,2.15987918,18
01/04/2025,GIX.TA,2.05736259,19
02/04/2025,GIX.TA,1.97509277,20
03/04/2025,GIX.TA,1.93324387,21
04/04/2025,GIX.TA,1.89092663,22
05/04/2025,GIX.TA,1.69904591,23
06/04/2025,GIX.TA,1.69993258,24
07/04/2025,GIX.TA,1.57044426,25
08/04/2025,GIX.TA,1.68099976,26
09/04/2025,GIX.TA,1.95208716,27
10/04/2025,GIX.TA,2.38886329,28
11/04/2025,GIX.TA,2.3119628,29
12/04/2025,GIX.TA,2.2500511,30
14/03/2025,GKL.TA,78.07965066,1
15/03/2025,GKL.TA,80.06050523,2
16/03/2025,GKL.TA,80.09149718,3
17/03/2025,GKL.TA,80.19606072,4
18/03/2025,GKL.TA,79.94615567,5
19/03/2025,GKL.TA,79.9445756,6
20/03/2025,GKL.TA,79.80094789,7
21/03/2025,GKL.TA,77.48414901,8
22/03/2025,GKL.TA,77.65863361,9
23/03/2025,GKL.TA,78.9364053,10
24/03/2025,GKL.TA,79.46678199,11
25/03/2025,GKL.TA,80.07276231,12
26/03/2025,GKL.TA,81.6253516,13
27/03/2025,GKL.TA,87.45764089,14
28/03/2025,GKL.TA,88.69328049,15
29/03/2025,GKL.TA,87.21551048,16
30/03/2025,GKL.TA,86.84515206,17
31/03/2025,GKL.TA,87.54337575,18
01/04/2025,GKL.TA,87.74051247,19
02/04/2025,GKL.TA,87.96470523,20
03/04/2025,GKL.TA,89.41204991,21
04/04/2025,GKL.TA,90.88320876,22
05/04/2025,GKL.TA,91.57624596,23
06/04/2025,GKL.TA,91.28857963,24
07/04/2025,GKL.TA,91.00410833,25
08/04/2025,GKL.TA,92.32070465,26
09/04/2025,GKL.TA,92.43246314,27
10/04/2025,GKL.TA,92.53904641,28
11/04/2025,GKL.TA,93.55095772,29
12/04/2025,GKL.TA,92.55093406,30
09/10/2024,GLEN-M.TA,0.03459075,1
10/10/2024,GLEN-M.TA,0.03388111,2
11/10/2024,GLEN-M.TA,0.05075144,3
12/10/2024,GLEN-M.TA,0.02718081,4
13/10/2024,GLEN-M.TA,0.0274938,5
14/10/2024,GLEN-M.TA,0.02750318,6
15/10/2024,GLEN-M.TA,0.03143516,7
16/10/2024,GLEN-M.TA,0.02443601,8
17/10/2024,GLEN-M.TA,0.01297073,9
18/10/2024,GLEN-M.TA,0.01304289,10
19/10/2024,GLEN-M.TA,0.01368258,11
20/10/2024,GLEN-M.TA,0.01369343,12
21/10/2024,GLEN-M.TA,0.01369161,13
22/10/2024,GLEN-M.TA,0.01374931,14
23/10/2024,GLEN-M.TA,0.0145427,15
24/10/2024,GLEN-M.TA,0.01467861,16
25/10/2024,GLEN-M.TA,0.01282659,17
26/10/2024,GLEN-M.TA,0.01221305,18
27/10/2024,GLEN-M.TA,0.02434189,19
28/10/2024,GLEN-M.TA,0.02434113,20
29/10/2024,GLEN-M.TA,0.02693265,21
30/10/2024,GLEN-M.TA,0.02706123,22
31/10/2024,GLEN-M.TA,0.04053575,23
01/11/2024,GLEN-M.TA,0.04100252,24
02/11/2024,GLEN-M.TA,0.03447055,25
03/11/2024,GLEN-M.TA,0.03542613,26
04/11/2024,GLEN-M.TA,0.03545353,27
05/11/2024,GLEN-M.TA,0.03401925,28
06/11/2024,GLEN-M.TA,0.03404269,29
07/11/2024,GLEN-M.TA,0.03890958,30
14/03/2025,GLRS.TA,50475.69153,1
15/03/2025,GLRS.TA,49554.19749,2
16/03/2025,GLRS.TA,49054.78862,3
17/03/2025,GLRS.TA,49704.71245,4
18/03/2025,GLRS.TA,48632.19637,5
19/03/2025,GLRS.TA,47791.66975,6
20/03/2025,GLRS.TA,46894.9581,7
21/03/2025,GLRS.TA,46422.34914,8
22/03/2025,GLRS.TA,47075.2842,9
23/03/2025,GLRS.TA,46667.48207,10
24/03/2025,GLRS.TA,47918.01351,11
25/03/2025,GLRS.TA,48591.98525,12
26/03/2025,GLRS.TA,47551.76968,13
27/03/2025,GLRS.TA,49425.23229,14
28/03/2025,GLRS.TA,48763.23187,15
29/03/2025,GLRS.TA,48628.85202,16
30/03/2025,GLRS.TA,48122.46244,17
31/03/2025,GLRS.TA,47664.20122,18
01/04/2025,GLRS.TA,47559.52167,19
02/04/2025,GLRS.TA,48418.37125,20
03/04/2025,GLRS.TA,47996.15473,21
04/04/2025,GLRS.TA,48132.0238,22
05/04/2025,GLRS.TA,48179.22465,23
06/04/2025,GLRS.TA,47236.29853,24
07/04/2025,GLRS.TA,47353.14621,25
08/04/2025,GLRS.TA,47668.07895,26
09/04/2025,GLRS.TA,46844.2155,27
10/04/2025,GLRS.TA,47061.93902,28
11/04/2025,GLRS.TA,48916.10309,29
12/04/2025,GLRS.TA,47868.94909,30
14/03/2025,GOTO.TA,409.1799925,1
15/03/2025,GOTO.TA,412.4865204,2
16/03/2025,GOTO.TA,413.4725575,3
17/03/2025,GOTO.TA,398.1618901,4
18/03/2025,GOTO.TA,394.7548177,5
19/03/2025,GOTO.TA,412.2505273,6
20/03/2025,GOTO.TA,418.5766997,7
21/03/2025,GOTO.TA,433.094381,8
22/03/2025,GOTO.TA,436.3592383,9
23/03/2025,GOTO.TA,411.2951052,10
24/03/2025,GOTO.TA,414.3956299,11
25/03/2025,GOTO.TA,417.5195277,12
26/03/2025,GOTO.TA,435.0565137,13
27/03/2025,GOTO.TA,426.0673687,14
28/03/2025,GOTO.TA,422.964777,15
29/03/2025,GOTO.TA,423.7920481,16
30/03/2025,GOTO.TA,442.5747007,17
31/03/2025,GOTO.TA,456.1043941,18
01/04/2025,GOTO.TA,393.6549467,19
02/04/2025,GOTO.TA,375.3464047,20
03/04/2025,GOTO.TA,378.379528,21
04/04/2025,GOTO.TA,490.9233545,22
05/04/2025,GOTO.TA,497.2833967,23
06/04/2025,GOTO.TA,508.7529082,24
07/04/2025,GOTO.TA,515.343937,25
08/04/2025,GOTO.TA,529.1937938,26
09/04/2025,GOTO.TA,528.2070792,27
10/04/2025,GOTO.TA,699.5427514,28
11/04/2025,GOTO.TA,684.9274219,29
12/04/2025,GOTO.TA,686.9465223,30
14/03/2025,GRIN.TA,1363.506576,1
15/03/2025,GRIN.TA,1364.340052,2
16/03/2025,GRIN.TA,1367.416204,3
17/03/2025,GRIN.TA,1359.728697,4
18/03/2025,GRIN.TA,1381.234599,5
19/03/2025,GRIN.TA,1357.820037,6
20/03/2025,GRIN.TA,1378.089167,7
21/03/2025,GRIN.TA,1396.480651,8
22/03/2025,GRIN.TA,1411.784654,9
23/03/2025,GRIN.TA,1356.406535,10
24/03/2025,GRIN.TA,1356.924583,11
25/03/2025,GRIN.TA,1387.498395,12
26/03/2025,GRIN.TA,1384.32997,13
27/03/2025,GRIN.TA,1416.514979,14
28/03/2025,GRIN.TA,1448.517616,15
29/03/2025,GRIN.TA,1460.428975,16
30/03/2025,GRIN.TA,1461.485984,17
31/03/2025,GRIN.TA,1466.251481,18
01/04/2025,GRIN.TA,1467.312705,19
02/04/2025,GRIN.TA,1423.219399,20
03/04/2025,GRIN.TA,1388.154426,21
04/04/2025,GRIN.TA,1365.939625,22
05/04/2025,GRIN.TA,1386.329962,23
06/04/2025,GRIN.TA,1417.355486,24
07/04/2025,GRIN.TA,1449.743456,25
08/04/2025,GRIN.TA,1504.940624,26
09/04/2025,GRIN.TA,1504.921011,27
10/04/2025,GRIN.TA,1479.409728,28
11/04/2025,GRIN.TA,1483.874565,29
12/04/2025,GRIN.TA,1497.360461,30
14/03/2025,GOLD.TA,17878.63455,1
15/03/2025,GOLD.TA,18301.39375,2
16/03/2025,GOLD.TA,18377.17624,3
17/03/2025,GOLD.TA,18413.61312,4
18/03/2025,GOLD.TA,17748.84663,5
19/03/2025,GOLD.TA,17633.51418,6
20/03/2025,GOLD.TA,17902.53013,7
21/03/2025,GOLD.TA,17708.36029,8
22/03/2025,GOLD.TA,17725.58474,9
23/03/2025,GOLD.TA,17890.8744,10
24/03/2025,GOLD.TA,17919.82264,11
25/03/2025,GOLD.TA,17935.58642,12
26/03/2025,GOLD.TA,17798.0017,13
27/03/2025,GOLD.TA,17708.42471,14
28/03/2025,GOLD.TA,17967.70858,15
29/03/2025,GOLD.TA,18064.20324,16
30/03/2025,GOLD.TA,18081.77381,17
31/03/2025,GOLD.TA,18312.38723,18
01/04/2025,GOLD.TA,17878.19818,19
02/04/2025,GOLD.TA,17916.25752,20
03/04/2025,GOLD.TA,18370.53062,21
04/04/2025,GOLD.TA,18557.85676,22
05/04/2025,GOLD.TA,18570.79292,23
06/04/2025,GOLD.TA,18719.42932,24
07/04/2025,GOLD.TA,19202.94128,25
08/04/2025,GOLD.TA,18747.63707,26
09/04/2025,GOLD.TA,19434.23224,27
10/04/2025,GOLD.TA,20009.31779,28
11/04/2025,GOLD.TA,19970.18659,29
12/04/2025,GOLD.TA,20198.5734,30
14/03/2025,GOHO.TA,2291.963808,1
15/03/2025,GOHO.TA,2225.647013,2
16/03/2025,GOHO.TA,2229.027782,3
17/03/2025,GOHO.TA,2237.216159,4
18/03/2025,GOHO.TA,2278.104413,5
19/03/2025,GOHO.TA,2314.442025,6
20/03/2025,GOHO.TA,2215.129119,7
21/03/2025,GOHO.TA,2221.495189,8
22/03/2025,GOHO.TA,2304.235984,9
23/03/2025,GOHO.TA,2345.164963,10
24/03/2025,GOHO.TA,2344.605606,11
25/03/2025,GOHO.TA,2375.47825,12
26/03/2025,GOHO.TA,2353.573618,13
27/03/2025,GOHO.TA,2353.012256,14
28/03/2025,GOHO.TA,2468.61721,15
29/03/2025,GOHO.TA,2475.368397,16
30/03/2025,GOHO.TA,2472.735297,17
31/03/2025,GOHO.TA,2391.851182,18
01/04/2025,GOHO.TA,2506.437007,19
02/04/2025,GOHO.TA,2449.774931,20
03/04/2025,GOHO.TA,2456.474587,21
04/04/2025,GOHO.TA,2452.109759,22
05/04/2025,GOHO.TA,2465.137109,23
06/04/2025,GOHO.TA,2458.12048,24
07/04/2025,GOHO.TA,2458.295315,25
08/04/2025,GOHO.TA,2467.304848,26
09/04/2025,GOHO.TA,2465.716954,27
10/04/2025,GOHO.TA,2440.393143,28
11/04/2025,GOHO.TA,2440.566717,29
12/04/2025,GOHO.TA,2608.402872,30
14/03/2025,GOLF.TA,697.1917414,1
15/03/2025,GOLF.TA,697.1880987,2
16/03/2025,GOLF.TA,700.1133786,3
17/03/2025,GOLF.TA,697.3891077,4
18/03/2025,GOLF.TA,696.9967343,5
19/03/2025,GOLF.TA,702.4465408,6
20/03/2025,GOLF.TA,693.2884211,7
21/03/2025,GOLF.TA,696.3661631,8
22/03/2025,GOLF.TA,690.0921696,9
23/03/2025,GOLF.TA,700.2932831,10
24/03/2025,GOLF.TA,725.7093933,11
25/03/2025,GOLF.TA,763.219104,12
26/03/2025,GOLF.TA,763.5767427,13
27/03/2025,GOLF.TA,770.9619952,14
28/03/2025,GOLF.TA,775.7615456,15
29/03/2025,GOLF.TA,762.5367444,16
30/03/2025,GOLF.TA,768.7413017,17
31/03/2025,GOLF.TA,759.2789985,18
01/04/2025,GOLF.TA,735.4745724,19
02/04/2025,GOLF.TA,735.0607709,20
03/04/2025,GOLF.TA,757.5338903,21
04/04/2025,GOLF.TA,763.0051199,22
05/04/2025,GOLF.TA,749.9977839,23
06/04/2025,GOLF.TA,737.7203855,24
07/04/2025,GOLF.TA,736.2244854,25
08/04/2025,GOLF.TA,727.986174,26
09/04/2025,GOLF.TA,774.2016063,27
10/04/2025,GOLF.TA,772.5797986,28
11/04/2025,GOLF.TA,777.3894205,29
12/04/2025,GOLF.TA,777.0741886,30
12/03/2025,GRAC.TA,1747.604044,1
13/03/2025,GRAC.TA,1748.94689,2
14/03/2025,GRAC.TA,1759.650631,3
15/03/2025,GRAC.TA,1732.954528,4
16/03/2025,GRAC.TA,1714.473617,5
17/03/2025,GRAC.TA,1709.096873,6
18/03/2025,GRAC.TA,1741.66685,7
19/03/2025,GRAC.TA,1736.212775,8
20/03/2025,GRAC.TA,1749.863353,9
21/03/2025,GRAC.TA,1763.621255,10
22/03/2025,GRAC.TA,1739.57098,11
23/03/2025,GRAC.TA,1736.462811,12
24/03/2025,GRAC.TA,1742.267913,13
25/03/2025,GRAC.TA,1736.811956,14
26/03/2025,GRAC.TA,1731.365156,15
27/03/2025,GRAC.TA,1699.943239,16
28/03/2025,GRAC.TA,1713.308656,17
29/03/2025,GRAC.TA,1708.132999,18
30/03/2025,GRAC.TA,1740.684608,19
31/03/2025,GRAC.TA,1762.376721,20
01/04/2025,GRAC.TA,1768.067258,21
02/04/2025,GRAC.TA,1787.426476,22
03/04/2025,GRAC.TA,1784.232802,23
04/04/2025,GRAC.TA,1781.044834,24
05/04/2025,GRAC.TA,1775.467446,25
06/04/2025,GRAC.TA,1743.245132,26
07/04/2025,GRAC.TA,1724.555717,27
08/04/2025,GRAC.TA,1731.345436,28
09/04/2025,GRAC.TA,1762.800735,29
10/04/2025,GRAC.TA,1776.660355,30
14/03/2025,G107.TA,55.35286177,1
15/03/2025,G107.TA,57.72567782,2
16/03/2025,G107.TA,55.35284788,3
17/03/2025,G107.TA,47.66891217,4
18/03/2025,G107.TA,48.72604149,5
19/03/2025,G107.TA,43.55400339,6
20/03/2025,G107.TA,49.62538422,7
21/03/2025,G107.TA,57.95742909,8
22/03/2025,G107.TA,59.0002692,9
23/03/2025,G107.TA,54.71861844,10
24/03/2025,G107.TA,77.02324828,11
25/03/2025,G107.TA,72.83319138,12
26/03/2025,G107.TA,76.76571314,13
27/03/2025,G107.TA,69.0995257,14
28/03/2025,G107.TA,92.45904615,15
29/03/2025,G107.TA,87.80991837,16
30/03/2025,G107.TA,102.2521435,17
31/03/2025,G107.TA,115.3974111,18
01/04/2025,G107.TA,100.1722724,19
02/04/2025,G107.TA,100.8525923,20
03/04/2025,G107.TA,95.07001878,21
04/04/2025,G107.TA,110.4718459,22
05/04/2025,G107.TA,108.9645248,23
06/04/2025,G107.TA,63.40300118,24
07/04/2025,G107.TA,59.69681945,25
08/04/2025,G107.TA,49.2688737,26
09/04/2025,G107.TA,42.76850744,27
10/04/2025,G107.TA,33.12951224,28
11/04/2025,G107.TA,37.74773031,29
12/04/2025,G107.TA,40.12504403,30
14/03/2025,GUID.TA,-45.6706171,1
15/03/2025,GUID.TA,-45.87365985,2
16/03/2025,GUID.TA,-45.8186214,3
17/03/2025,GUID.TA,-44.65461847,4
18/03/2025,GUID.TA,-42.45657441,5
19/03/2025,GUID.TA,-40.99062093,6
20/03/2025,GUID.TA,-41.03739512,7
21/03/2025,GUID.TA,-39.99485725,8
22/03/2025,GUID.TA,-39.15800394,9
23/03/2025,GUID.TA,-39.58285286,10
24/03/2025,GUID.TA,-39.09636179,11
25/03/2025,GUID.TA,-39.13336827,12
26/03/2025,GUID.TA,-39.12720529,13
27/03/2025,GUID.TA,-39.85353068,14
28/03/2025,GUID.TA,-41.91451295,15
29/03/2025,GUID.TA,-19.5848419,16
30/03/2025,GUID.TA,-19.08729718,17
31/03/2025,GUID.TA,-14.11868942,18
01/04/2025,GUID.TA,-13.78459894,19
02/04/2025,GUID.TA,-12.10177456,20
03/04/2025,GUID.TA,-14.61676075,21
04/04/2025,GUID.TA,-14.55407708,22
05/04/2025,GUID.TA,-14.56031741,23
06/04/2025,GUID.TA,-14.76325302,24
07/04/2025,GUID.TA,-14.12139347,25
08/04/2025,GUID.TA,-51.37171773,26
09/04/2025,GUID.TA,-54.0283506,27
10/04/2025,GUID.TA,-7.17639946,28
11/04/2025,GUID.TA,-6.82460902,29
12/04/2025,GUID.TA,-6.83465656,30
06/03/2025,HDST-M.TA,41.63440537,1
07/03/2025,HDST-M.TA,21.44823374,2
08/03/2025,HDST-M.TA,12.81360647,3
09/03/2025,HDST-M.TA,7.65510637,4
10/03/2025,HDST-M.TA,3.94357766,5
11/03/2025,HDST-M.TA,6.67479047,6
12/03/2025,HDST-M.TA,6.01687136,7
13/03/2025,HDST-M.TA,1.45983589,8
14/03/2025,HDST-M.TA,0.99286275,9
15/03/2025,HDST-M.TA,0.82341333,10
16/03/2025,HDST-M.TA,1.03001829,11
17/03/2025,HDST-M.TA,0.70053544,12
18/03/2025,HDST-M.TA,0.74604457,13
19/03/2025,HDST-M.TA,0.66022114,14
20/03/2025,HDST-M.TA,0.62955058,15
21/03/2025,HDST-M.TA,0.32431706,16
22/03/2025,HDST-M.TA,0.3280965,17
23/03/2025,HDST-M.TA,0.30959209,18
24/03/2025,HDST-M.TA,0.32676646,19
25/03/2025,HDST-M.TA,0.35483939,20
26/03/2025,HDST-M.TA,0.35897452,21
27/03/2025,HDST-M.TA,0.34895985,22
28/03/2025,HDST-M.TA,0.36894497,23
29/03/2025,HDST-M.TA,0.3894119,24
30/03/2025,HDST-M.TA,0.49874814,25
31/03/2025,HDST-M.TA,0.54159623,26
01/04/2025,HDST-M.TA,0.54867421,27
02/04/2025,HDST-M.TA,0.59581152,28
03/04/2025,HDST-M.TA,0.67664059,29
04/04/2025,HDST-M.TA,0.68699397,30
14/03/2025,HGG.TA,2124.446017,1
15/03/2025,HGG.TA,2182.912727,2
16/03/2025,HGG.TA,2223.479989,3
17/03/2025,HGG.TA,2316.323086,4
18/03/2025,HGG.TA,2271.652752,5
19/03/2025,HGG.TA,2282.650443,6
20/03/2025,HGG.TA,2276.114879,7
21/03/2025,HGG.TA,2303.506196,8
22/03/2025,HGG.TA,2281.95819,9
23/03/2025,HGG.TA,2300.712563,10
24/03/2025,HGG.TA,2286.450195,11
25/03/2025,HGG.TA,2318.03898,12
26/03/2025,HGG.TA,2315.684629,13
27/03/2025,HGG.TA,2326.301015,14
28/03/2025,HGG.TA,2363.756989,15
29/03/2025,HGG.TA,2260.233095,16
30/03/2025,HGG.TA,2231.209056,17
31/03/2025,HGG.TA,2264.759521,18
01/04/2025,HGG.TA,2275.142439,19
02/04/2025,HGG.TA,2182.183009,20
03/04/2025,HGG.TA,2182.108179,21
04/04/2025,HGG.TA,2263.648539,22
05/04/2025,HGG.TA,2297.686794,23
06/04/2025,HGG.TA,2398.713049,24
07/04/2025,HGG.TA,2410.982225,25
08/04/2025,HGG.TA,2388.428841,26
09/04/2025,HGG.TA,2332.688829,27
10/04/2025,HGG.TA,2350.907332,28
11/04/2025,HGG.TA,2442.459311,29
12/04/2025,HGG.TA,2556.527733,30
14/03/2025,HGGE.TA,845.1034822,1
15/03/2025,HGGE.TA,875.8818606,2
16/03/2025,HGGE.TA,907.781177,3
17/03/2025,HGGE.TA,836.4200788,4
18/03/2025,HGGE.TA,847.3212577,5
19/03/2025,HGGE.TA,872.9759164,6
20/03/2025,HGGE.TA,862.2492254,7
21/03/2025,HGGE.TA,891.52519,8
22/03/2025,HGGE.TA,895.5675242,9
23/03/2025,HGGE.TA,893.888751,10
24/03/2025,HGGE.TA,894.4684196,11
25/03/2025,HGGE.TA,895.2383822,12
26/03/2025,HGGE.TA,913.4771291,13
27/03/2025,HGGE.TA,915.590999,14
28/03/2025,HGGE.TA,908.5594201,15
29/03/2025,HGGE.TA,914.368627,16
30/03/2025,HGGE.TA,921.0700472,17
31/03/2025,HGGE.TA,915.7300321,18
01/04/2025,HGGE.TA,917.4643525,19
02/04/2025,HGGE.TA,936.1559104,20
03/04/2025,HGGE.TA,950.0204414,21
04/04/2025,HGGE.TA,949.2717882,22
05/04/2025,HGGE.TA,950.2559278,23
06/04/2025,HGGE.TA,957.0132566,24
07/04/2025,HGGE.TA,961.3525254,25
08/04/2025,HGGE.TA,970.3112167,26
09/04/2025,HGGE.TA,970.8288227,27
10/04/2025,HGGE.TA,969.9376741,28
11/04/2025,HGGE.TA,977.0463606,29
12/04/2025,HGGE.TA,967.8224726,30
14/03/2025,HMAM.TA,479.4315653,1
15/03/2025,HMAM.TA,476.9166321,2
16/03/2025,HMAM.TA,504.8033568,3
17/03/2025,HMAM.TA,504.3901684,4
18/03/2025,HMAM.TA,497.2299799,5
19/03/2025,HMAM.TA,492.9942219,6
20/03/2025,HMAM.TA,492.2658164,7
21/03/2025,HMAM.TA,486.3211681,8
22/03/2025,HMAM.TA,486.5786157,9
23/03/2025,HMAM.TA,487.6919486,10
24/03/2025,HMAM.TA,492.6787097,11
25/03/2025,HMAM.TA,536.3206301,12
26/03/2025,HMAM.TA,520.480896,13
27/03/2025,HMAM.TA,516.0470702,14
28/03/2025,HMAM.TA,558.2520607,15
29/03/2025,HMAM.TA,555.5338119,16
30/03/2025,HMAM.TA,576.1083644,17
31/03/2025,HMAM.TA,582.9066009,18
01/04/2025,HMAM.TA,582.429484,19
02/04/2025,HMAM.TA,579.3102688,20
03/04/2025,HMAM.TA,588.7470633,21
04/04/2025,HMAM.TA,580.2242998,22
05/04/2025,HMAM.TA,576.4786631,23
06/04/2025,HMAM.TA,574.6664265,24
07/04/2025,HMAM.TA,563.4164932,25
08/04/2025,HMAM.TA,554.213103,26
09/04/2025,HMAM.TA,568.0436748,27
10/04/2025,HMAM.TA,571.010425,28
11/04/2025,HMAM.TA,576.7630998,29
12/04/2025,HMAM.TA,574.6955997,30
14/03/2025,MSBI.TA,142.7860346,1
15/03/2025,MSBI.TA,140.5979571,2
16/03/2025,MSBI.TA,139.7712729,3
17/03/2025,MSBI.TA,138.96465,4
18/03/2025,MSBI.TA,139.6041725,5
19/03/2025,MSBI.TA,137.2622513,6
20/03/2025,MSBI.TA,138.295071,7
21/03/2025,MSBI.TA,137.0931315,8
22/03/2025,MSBI.TA,136.4190479,9
23/03/2025,MSBI.TA,135.3750137,10
24/03/2025,MSBI.TA,131.3437151,11
25/03/2025,MSBI.TA,132.2092675,12
26/03/2025,MSBI.TA,131.1586409,13
27/03/2025,MSBI.TA,131.3074245,14
28/03/2025,MSBI.TA,123.2455961,15
29/03/2025,MSBI.TA,123.8127788,16
30/03/2025,MSBI.TA,121.6582516,17
31/03/2025,MSBI.TA,122.9828171,18
01/04/2025,MSBI.TA,125.2256991,19
02/04/2025,MSBI.TA,124.5403833,20
03/04/2025,MSBI.TA,112.1508509,21
04/04/2025,MSBI.TA,111.503626,22
05/04/2025,MSBI.TA,112.2384326,23
06/04/2025,MSBI.TA,112.2292407,24
07/04/2025,MSBI.TA,112.4715822,25
08/04/2025,MSBI.TA,116.2946854,26
09/04/2025,MSBI.TA,115.7228672,27
10/04/2025,MSBI.TA,117.2100044,28
11/04/2025,MSBI.TA,115.7130672,29
12/04/2025,MSBI.TA,113.9378123,30
14/03/2025,HAMAT.TA,1478.212271,1
15/03/2025,HAMAT.TA,1470.370006,2
16/03/2025,HAMAT.TA,1444.878783,3
17/03/2025,HAMAT.TA,1380.28314,4
18/03/2025,HAMAT.TA,1232.542088,5
19/03/2025,HAMAT.TA,1221.658544,6
20/03/2025,HAMAT.TA,1285.117792,7
21/03/2025,HAMAT.TA,1300.257499,8
22/03/2025,HAMAT.TA,1307.416268,9
23/03/2025,HAMAT.TA,1241.826912,10
24/03/2025,HAMAT.TA,1218.522221,11
25/03/2025,HAMAT.TA,1202.486519,12
26/03/2025,HAMAT.TA,1206.679941,13
27/03/2025,HAMAT.TA,1179.906079,14
28/03/2025,HAMAT.TA,1169.402328,15
29/03/2025,HAMAT.TA,1170.592757,16
30/03/2025,HAMAT.TA,1177.037636,17
31/03/2025,HAMAT.TA,1164.942915,18
01/04/2025,HAMAT.TA,1197.005908,19
02/04/2025,HAMAT.TA,1203.596209,20
03/04/2025,HAMAT.TA,1241.814312,21
04/04/2025,HAMAT.TA,1262.339758,22
05/04/2025,HAMAT.TA,1271.669913,23
06/04/2025,HAMAT.TA,1211.700421,24
07/04/2025,HAMAT.TA,1214.956316,25
08/04/2025,HAMAT.TA,1209.191475,26
09/04/2025,HAMAT.TA,1189.935048,27
10/04/2025,HAMAT.TA,1193.783564,28
11/04/2025,HAMAT.TA,1192.439583,29
12/04/2025,HAMAT.TA,1211.302906,30
14/03/2025,HARL.TA,6050.653697,1
15/03/2025,HARL.TA,6065.023128,2
16/03/2025,HARL.TA,5937.164012,3
17/03/2025,HARL.TA,6050.599242,4
18/03/2025,HARL.TA,5978.514821,5
19/03/2025,HARL.TA,5883.311573,6
20/03/2025,HARL.TA,6034.818397,7
21/03/2025,HARL.TA,6006.519298,8
22/03/2025,HARL.TA,6067.92711,9
23/03/2025,HARL.TA,6068.593664,10
24/03/2025,HARL.TA,6051.825281,11
25/03/2025,HARL.TA,6004.66127,12
26/03/2025,HARL.TA,6109.317472,13
27/03/2025,HARL.TA,6090.858777,14
28/03/2025,HARL.TA,6107.683901,15
29/03/2025,HARL.TA,6011.982107,16
30/03/2025,HARL.TA,6199.137019,17
31/03/2025,HARL.TA,6228.451527,18
01/04/2025,HARL.TA,6249.743836,19
02/04/2025,HARL.TA,6253.737604,20
03/04/2025,HARL.TA,6173.964916,21
04/04/2025,HARL.TA,6182.588722,22
05/04/2025,HARL.TA,6179.923295,23
06/04/2025,HARL.TA,6191.359165,24
07/04/2025,HARL.TA,6172.652589,25
08/04/2025,HARL.TA,6348.068138,26
09/04/2025,HARL.TA,6363.143886,27
10/04/2025,HARL.TA,6333.264411,28
11/04/2025,HARL.TA,6343.429171,29
12/04/2025,HARL.TA,6442.434076,30
14/03/2025,HICN.TA,131.0034455,1
15/03/2025,HICN.TA,94.55077178,2
16/03/2025,HICN.TA,77.13890357,3
17/03/2025,HICN.TA,55.40738426,4
18/03/2025,HICN.TA,36.1042234,5
19/03/2025,HICN.TA,69.87507376,6
20/03/2025,HICN.TA,84.59268119,7
21/03/2025,HICN.TA,243.7150189,8
22/03/2025,HICN.TA,158.0798499,9
23/03/2025,HICN.TA,120.7386113,10
24/03/2025,HICN.TA,88.51533586,11
25/03/2025,HICN.TA,24.96045932,12
26/03/2025,HICN.TA,19.63689039,13
27/03/2025,HICN.TA,57.73474889,14
28/03/2025,HICN.TA,41.66962971,15
29/03/2025,HICN.TA,105.0972152,16
30/03/2025,HICN.TA,96.21814007,17
31/03/2025,HICN.TA,88.08920828,18
01/04/2025,HICN.TA,69.30153429,19
02/04/2025,HICN.TA,35.39751061,20
03/04/2025,HICN.TA,28.09193034,21
04/04/2025,HICN.TA,20.59462687,22
05/04/2025,HICN.TA,21.56934196,23
06/04/2025,HICN.TA,21.13404216,24
07/04/2025,HICN.TA,50.82380824,25
08/04/2025,HICN.TA,45.05705733,26
09/04/2025,HICN.TA,29.22516999,27
10/04/2025,HICN.TA,10.54329523,28
11/04/2025,HICN.TA,12.76400245,29
12/04/2025,HICN.TA,21.8226647,30
14/03/2025,HLAN.TA,23228.4702,1
15/03/2025,HLAN.TA,23246.88273,2
16/03/2025,HLAN.TA,23425.52922,3
17/03/2025,HLAN.TA,24079.78634,4
18/03/2025,HLAN.TA,24955.07574,5
19/03/2025,HLAN.TA,25003.59559,6
20/03/2025,HLAN.TA,24942.74028,7
21/03/2025,HLAN.TA,24875.48714,8
22/03/2025,HLAN.TA,24941.11071,9
23/03/2025,HLAN.TA,25493.34691,10
24/03/2025,HLAN.TA,25207.03042,11
25/03/2025,HLAN.TA,25440.33696,12
26/03/2025,HLAN.TA,25181.98224,13
27/03/2025,HLAN.TA,25065.50022,14
28/03/2025,HLAN.TA,24657.76141,15
29/03/2025,HLAN.TA,24417.10991,16
30/03/2025,HLAN.TA,24504.34541,17
31/03/2025,HLAN.TA,24440.83791,18
01/04/2025,HLAN.TA,24646.38588,19
02/04/2025,HLAN.TA,24460.4147,20
03/04/2025,HLAN.TA,24218.04641,21
04/04/2025,HLAN.TA,24186.03083,22
05/04/2025,HLAN.TA,24252.8527,23
06/04/2025,HLAN.TA,24280.21589,24
07/04/2025,HLAN.TA,23988.31441,25
08/04/2025,HLAN.TA,23876.8153,26
09/04/2025,HLAN.TA,23908.58351,27
10/04/2025,HLAN.TA,23955.06868,28
11/04/2025,HLAN.TA,23844.26188,29
12/04/2025,HLAN.TA,23812.74043,30
14/03/2025,HIPR.TA,1741.743615,1
15/03/2025,HIPR.TA,1728.798819,2
16/03/2025,HIPR.TA,1746.473901,3
17/03/2025,HIPR.TA,1796.396506,4
18/03/2025,HIPR.TA,1758.457191,5
19/03/2025,HIPR.TA,1794.048334,6
20/03/2025,HIPR.TA,1804.488012,7
21/03/2025,HIPR.TA,1837.36103,8
22/03/2025,HIPR.TA,1846.398416,9
23/03/2025,HIPR.TA,1842.696516,10
24/03/2025,HIPR.TA,1839.168413,11
25/03/2025,HIPR.TA,1850.540443,12
26/03/2025,HIPR.TA,1855.995614,13
27/03/2025,HIPR.TA,1841.960329,14
28/03/2025,HIPR.TA,1839.512888,15
29/03/2025,HIPR.TA,1843.315906,16
30/03/2025,HIPR.TA,1875.193836,17
31/03/2025,HIPR.TA,1861.781515,18
01/04/2025,HIPR.TA,1858.045701,19
02/04/2025,HIPR.TA,1844.756032,20
03/04/2025,HIPR.TA,1867.443873,21
04/04/2025,HIPR.TA,1873.065891,22
05/04/2025,HIPR.TA,1881.853227,23
06/04/2025,HIPR.TA,1885.418007,24
07/04/2025,HIPR.TA,1894.196055,25
08/04/2025,HIPR.TA,1879.772532,26
09/04/2025,HIPR.TA,1889.018527,27
10/04/2025,HIPR.TA,1970.226336,28
11/04/2025,HIPR.TA,2018.857197,29
12/04/2025,HIPR.TA,2052.914447,30
14/03/2025,HRON.TA,229071.9352,1
15/03/2025,HRON.TA,228780.0776,2
16/03/2025,HRON.TA,228840.8745,3
17/03/2025,HRON.TA,229199.1872,4
18/03/2025,HRON.TA,221098.653,5
19/03/2025,HRON.TA,222963.7096,6
20/03/2025,HRON.TA,224704.5548,7
21/03/2025,HRON.TA,225417.136,8
22/03/2025,HRON.TA,225445.9719,9
23/03/2025,HRON.TA,224767.5552,10
24/03/2025,HRON.TA,223902.0312,11
25/03/2025,HRON.TA,223930.6734,12
26/03/2025,HRON.TA,224818.1877,13
27/03/2025,HRON.TA,217496.0642,14
28/03/2025,HRON.TA,217452.711,15
29/03/2025,HRON.TA,217956.4419,16
30/03/2025,HRON.TA,210857.7992,17
31/03/2025,HRON.TA,201795.8929,18
01/04/2025,HRON.TA,197956.8656,19
02/04/2025,HRON.TA,198307.5437,20
03/04/2025,HRON.TA,204781.119,21
04/04/2025,HRON.TA,202210.4879,22
05/04/2025,HRON.TA,206258.2916,23
06/04/2025,HRON.TA,206214.0171,24
07/04/2025,HRON.TA,206213.047,25
08/04/2025,HRON.TA,206203.0507,26
09/04/2025,HRON.TA,208449.4922,27
10/04/2025,HRON.TA,201082.3097,28
11/04/2025,HRON.TA,204080.493,29
12/04/2025,HRON.TA,212355.4712,30
20/10/2023,HIVE.TA,1.85379173,1
21/10/2023,HIVE.TA,1.59441557,2
22/10/2023,HIVE.TA,1.59027771,3
23/10/2023,HIVE.TA,4.03758624,4
24/10/2023,HIVE.TA,4.04130266,5
25/10/2023,HIVE.TA,3.53125406,6
26/10/2023,HIVE.TA,3.53023761,7
27/10/2023,HIVE.TA,3.55073236,8
28/10/2023,HIVE.TA,9.01502177,9
29/10/2023,HIVE.TA,8.86127166,10
30/10/2023,HIVE.TA,8.71014375,11
31/10/2023,HIVE.TA,8.71082603,12
01/11/2023,HIVE.TA,8.71884396,13
02/11/2023,HIVE.TA,8.61319169,14
03/11/2023,HIVE.TA,8.65737236,15
04/11/2023,HIVE.TA,6.6812338,16
05/11/2023,HIVE.TA,6.85862686,17
06/11/2023,HIVE.TA,6.3390216,18
07/11/2023,HIVE.TA,6.33719695,19
08/11/2023,HIVE.TA,4.7194409,20
09/11/2023,HIVE.TA,4.7597467,21
10/11/2023,HIVE.TA,4.83869643,22
11/11/2023,HIVE.TA,4.84856549,23
12/11/2023,HIVE.TA,3.87157623,24
13/11/2023,HIVE.TA,3.89308972,25
14/11/2023,HIVE.TA,5.25765236,26
15/11/2023,HIVE.TA,6.62901129,27
16/11/2023,HIVE.TA,6.60700074,28
17/11/2023,HIVE.TA,6.61629096,29
18/11/2023,HIVE.TA,8.20536211,30
14/03/2025,HOD.TA,4865.265031,1
15/03/2025,HOD.TA,4905.807604,2
16/03/2025,HOD.TA,4913.286973,3
17/03/2025,HOD.TA,4980.399716,4
18/03/2025,HOD.TA,4893.602491,5
19/03/2025,HOD.TA,4918.213937,6
20/03/2025,HOD.TA,4944.528489,7
21/03/2025,HOD.TA,4878.241006,8
22/03/2025,HOD.TA,4895.779023,9
23/03/2025,HOD.TA,4897.694686,10
24/03/2025,HOD.TA,5195.873882,11
25/03/2025,HOD.TA,5175.299356,12
26/03/2025,HOD.TA,5197.123675,13
27/03/2025,HOD.TA,5198.606783,14
28/03/2025,HOD.TA,5300.392031,15
29/03/2025,HOD.TA,5404.428543,16
30/03/2025,HOD.TA,5374.919056,17
31/03/2025,HOD.TA,5388.36844,18
01/04/2025,HOD.TA,5430.250822,19
02/04/2025,HOD.TA,5321.220688,20
03/04/2025,HOD.TA,5351.665856,21
04/04/2025,HOD.TA,5324.891725,22
05/04/2025,HOD.TA,5348.290002,23
06/04/2025,HOD.TA,5407.316347,24
07/04/2025,HOD.TA,5374.880368,25
08/04/2025,HOD.TA,5380.271258,26
09/04/2025,HOD.TA,5453.315337,27
10/04/2025,HOD.TA,5434.759467,28
11/04/2025,HOD.TA,5495.41169,29
12/04/2025,HOD.TA,5484.055295,30
14/03/2025,HLMS.TA,614.5437359,1
15/03/2025,HLMS.TA,615.619798,2
16/03/2025,HLMS.TA,616.0923465,3
17/03/2025,HLMS.TA,616.8022703,4
18/03/2025,HLMS.TA,638.7390298,5
19/03/2025,HLMS.TA,649.1697813,6
20/03/2025,HLMS.TA,654.1339934,7
21/03/2025,HLMS.TA,654.1657758,8
22/03/2025,HLMS.TA,646.9357818,9
23/03/2025,HLMS.TA,647.5616312,10
24/03/2025,HLMS.TA,639.2870118,11
25/03/2025,HLMS.TA,666.8076559,12
26/03/2025,HLMS.TA,669.1254092,13
27/03/2025,HLMS.TA,668.8163098,14
28/03/2025,HLMS.TA,679.7382301,15
29/03/2025,HLMS.TA,676.166597,16
30/03/2025,HLMS.TA,674.3188659,17
31/03/2025,HLMS.TA,675.9575017,18
01/04/2025,HLMS.TA,678.796266,19
02/04/2025,HLMS.TA,676.9413489,20
03/04/2025,HLMS.TA,701.016973,21
04/04/2025,HLMS.TA,705.850191,22
05/04/2025,HLMS.TA,701.9287069,23
06/04/2025,HLMS.TA,697.3023473,24
07/04/2025,HLMS.TA,720.9916698,25
08/04/2025,HLMS.TA,730.2467703,26
09/04/2025,HLMS.TA,742.1718637,27
10/04/2025,HLMS.TA,738.0674158,28
11/04/2025,HLMS.TA,738.9178915,29
12/04/2025,HLMS.TA,739.5280026,30
14/03/2025,HMGS.TA,109.0944475,1
15/03/2025,HMGS.TA,420.8795644,2
16/03/2025,HMGS.TA,512.0557383,3
17/03/2025,HMGS.TA,629.0160356,4
18/03/2025,HMGS.TA,576.3168688,5
19/03/2025,HMGS.TA,555.4321847,6
20/03/2025,HMGS.TA,629.1483064,7
21/03/2025,HMGS.TA,670.0079959,8
22/03/2025,HMGS.TA,722.7485894,9
23/03/2025,HMGS.TA,436.3459262,10
24/03/2025,HMGS.TA,560.6540499,11
25/03/2025,HMGS.TA,549.5700511,12
26/03/2025,HMGS.TA,884.8600282,13
27/03/2025,HMGS.TA,1137.619579,14
28/03/2025,HMGS.TA,1014.708623,15
29/03/2025,HMGS.TA,875.5507646,16
30/03/2025,HMGS.TA,879.8910411,17
31/03/2025,HMGS.TA,714.6361728,18
01/04/2025,HMGS.TA,653.1344099,19
02/04/2025,HMGS.TA,856.5793711,20
03/04/2025,HMGS.TA,970.263293,21
04/04/2025,HMGS.TA,320.2233205,22
05/04/2025,HMGS.TA,113.7878073,23
06/04/2025,HMGS.TA,127.1977084,24
07/04/2025,HMGS.TA,102.1211788,25
08/04/2025,HMGS.TA,111.2053783,26
09/04/2025,HMGS.TA,138.6640241,27
10/04/2025,HMGS.TA,97.3406619,28
11/04/2025,HMGS.TA,73.44511945,29
12/04/2025,HMGS.TA,83.19264491,30
14/03/2025,HUMX.TA,79.33396798,1
15/03/2025,HUMX.TA,99.63400806,2
16/03/2025,HUMX.TA,109.2395552,3
17/03/2025,HUMX.TA,110.5281531,4
18/03/2025,HUMX.TA,102.2362112,5
19/03/2025,HUMX.TA,101.8137965,6
20/03/2025,HUMX.TA,86.55689497,7
21/03/2025,HUMX.TA,93.32812439,8
22/03/2025,HUMX.TA,104.7763847,9
23/03/2025,HUMX.TA,86.20265201,10
24/03/2025,HUMX.TA,103.9437718,11
25/03/2025,HUMX.TA,85.51763659,12
26/03/2025,HUMX.TA,85.72075431,13
27/03/2025,HUMX.TA,76.81839098,14
28/03/2025,HUMX.TA,77.00084664,15
29/03/2025,HUMX.TA,86.44629238,16
30/03/2025,HUMX.TA,104.2375551,17
31/03/2025,HUMX.TA,135.1562361,18
01/04/2025,HUMX.TA,264.1433928,19
02/04/2025,HUMX.TA,463.0078965,20
03/04/2025,HUMX.TA,584.112882,21
04/04/2025,HUMX.TA,629.8072467,22
05/04/2025,HUMX.TA,977.5414681,23
06/04/2025,HUMX.TA,779.6405874,24
07/04/2025,HUMX.TA,819.2581145,25
08/04/2025,HUMX.TA,730.1164892,26
09/04/2025,HUMX.TA,714.7384385,27
10/04/2025,HUMX.TA,640.5106589,28
11/04/2025,HUMX.TA,1252.216605,29
12/04/2025,HUMX.TA,785.9006932,30
14/03/2025,IARG.TA,55.12910552,1
15/03/2025,IARG.TA,50.94662264,2
16/03/2025,IARG.TA,53.1974913,3
17/03/2025,IARG.TA,51.64942633,4
18/03/2025,IARG.TA,54.11417771,5
19/03/2025,IARG.TA,63.02085457,6
20/03/2025,IARG.TA,62.19209348,7
21/03/2025,IARG.TA,62.49682032,8
22/03/2025,IARG.TA,61.84736403,9
23/03/2025,IARG.TA,53.26531578,10
24/03/2025,IARG.TA,51.99869217,11
25/03/2025,IARG.TA,50.71883641,12
26/03/2025,IARG.TA,50.19177492,13
27/03/2025,IARG.TA,52.58696603,14
28/03/2025,IARG.TA,51.98161835,15
29/03/2025,IARG.TA,49.39190308,16
30/03/2025,IARG.TA,43.9327084,17
31/03/2025,IARG.TA,40.5996632,18
01/04/2025,IARG.TA,40.13230572,19
02/04/2025,IARG.TA,46.73769998,20
03/04/2025,IARG.TA,55.98035073,21
04/04/2025,IARG.TA,65.19418185,22
05/04/2025,IARG.TA,63.78966416,23
06/04/2025,IARG.TA,59.20836122,24
07/04/2025,IARG.TA,53.70158171,25
08/04/2025,IARG.TA,52.54465606,26
09/04/2025,IARG.TA,52.87272368,27
10/04/2025,IARG.TA,53.38885865,28
11/04/2025,IARG.TA,53.43848441,29
12/04/2025,IARG.TA,56.48110219,30
14/03/2025,ICL.TA,2334.959838,1
15/03/2025,ICL.TA,2261.523471,2
16/03/2025,ICL.TA,2487.008551,3
17/03/2025,ICL.TA,2510.146767,4
18/03/2025,ICL.TA,2514.872729,5
19/03/2025,ICL.TA,2609.583338,6
20/03/2025,ICL.TA,2706.18919,7
21/03/2025,ICL.TA,2744.891794,8
22/03/2025,ICL.TA,2870.026086,9
23/03/2025,ICL.TA,2913.057845,10
24/03/2025,ICL.TA,2876.031525,11
25/03/2025,ICL.TA,2973.948161,12
26/03/2025,ICL.TA,2947.221783,13
27/03/2025,ICL.TA,2947.280874,14
28/03/2025,ICL.TA,3081.641692,15
29/03/2025,ICL.TA,3194.492637,16
30/03/2025,ICL.TA,3138.039489,17
31/03/2025,ICL.TA,3135.331512,18
01/04/2025,ICL.TA,3119.391334,19
02/04/2025,ICL.TA,3157.285713,20
03/04/2025,ICL.TA,3148.090323,21
04/04/2025,ICL.TA,3116.693096,22
05/04/2025,ICL.TA,3151.497874,23
06/04/2025,ICL.TA,3186.691325,24
07/04/2025,ICL.TA,3203.369113,25
08/04/2025,ICL.TA,3205.79206,26
09/04/2025,ICL.TA,3207.270881,27
10/04/2025,ICL.TA,3353.484139,28
11/04/2025,ICL.TA,3355.378137,29
12/04/2025,ICL.TA,3327.691749,30
14/03/2025,ICON.TA,454.6881666,1
15/03/2025,ICON.TA,440.1085699,2
16/03/2025,ICON.TA,440.6964111,3
17/03/2025,ICON.TA,436.345128,4
18/03/2025,ICON.TA,434.0443359,5
19/03/2025,ICON.TA,430.5214366,6
20/03/2025,ICON.TA,432.1678131,7
21/03/2025,ICON.TA,442.3630207,8
22/03/2025,ICON.TA,441.0191757,9
23/03/2025,ICON.TA,457.9793195,10
24/03/2025,ICON.TA,451.1180821,11
25/03/2025,ICON.TA,483.590646,12
26/03/2025,ICON.TA,476.6833009,13
27/03/2025,ICON.TA,469.1178519,14
28/03/2025,ICON.TA,467.6927289,15
29/03/2025,ICON.TA,472.4760315,16
30/03/2025,ICON.TA,458.7633054,17
31/03/2025,ICON.TA,469.5859234,18
01/04/2025,ICON.TA,468.2564503,19
02/04/2025,ICON.TA,462.0728776,20
03/04/2025,ICON.TA,457.5105307,21
04/04/2025,ICON.TA,454.2885222,22
05/04/2025,ICON.TA,462.9669984,23
06/04/2025,ICON.TA,461.6562646,24
07/04/2025,ICON.TA,461.8071215,25
08/04/2025,ICON.TA,460.4042077,26
09/04/2025,ICON.TA,473.0286885,27
10/04/2025,ICON.TA,479.233863,28
11/04/2025,ICON.TA,479.7067724,29
12/04/2025,ICON.TA,473.6958116,30
14/03/2025,IDNT.TA,288.5450584,1
15/03/2025,IDNT.TA,264.2275392,2
16/03/2025,IDNT.TA,248.8815431,3
17/03/2025,IDNT.TA,250.1511469,4
18/03/2025,IDNT.TA,254.1737998,5
19/03/2025,IDNT.TA,239.3384688,6
20/03/2025,IDNT.TA,289.7747652,7
21/03/2025,IDNT.TA,276.2453404,8
22/03/2025,IDNT.TA,287.6120474,9
23/03/2025,IDNT.TA,277.3867889,10
24/03/2025,IDNT.TA,295.1104006,11
25/03/2025,IDNT.TA,290.6128297,12
26/03/2025,IDNT.TA,242.5029246,13
27/03/2025,IDNT.TA,187.6529776,14
28/03/2025,IDNT.TA,198.3151684,15
29/03/2025,IDNT.TA,187.5956419,16
30/03/2025,IDNT.TA,196.2111693,17
31/03/2025,IDNT.TA,197.8338899,18
01/04/2025,IDNT.TA,190.4165182,19
02/04/2025,IDNT.TA,157.7136916,20
03/04/2025,IDNT.TA,146.9620185,21
04/04/2025,IDNT.TA,160.2330585,22
05/04/2025,IDNT.TA,169.3372862,23
06/04/2025,IDNT.TA,182.9190349,24
07/04/2025,IDNT.TA,174.8645742,25
08/04/2025,IDNT.TA,166.7002432,26
09/04/2025,IDNT.TA,158.0059558,27
10/04/2025,IDNT.TA,150.6287445,28
11/04/2025,IDNT.TA,150.1680286,29
12/04/2025,IDNT.TA,144.0745427,30
14/03/2025,IDIN.TA,16766.16436,1
15/03/2025,IDIN.TA,17242.46719,2
16/03/2025,IDIN.TA,17884.88099,3
17/03/2025,IDIN.TA,17479.97213,4
18/03/2025,IDIN.TA,17611.28036,5
19/03/2025,IDIN.TA,17678.03606,6
20/03/2025,IDIN.TA,17287.57387,7
21/03/2025,IDIN.TA,17468.63949,8
22/03/2025,IDIN.TA,17335.51972,9
23/03/2025,IDIN.TA,17436.9862,10
24/03/2025,IDIN.TA,17125.72167,11
25/03/2025,IDIN.TA,16907.61529,12
26/03/2025,IDIN.TA,16196.48818,13
27/03/2025,IDIN.TA,16064.26305,14
28/03/2025,IDIN.TA,15960.22857,15
29/03/2025,IDIN.TA,16035.77348,16
30/03/2025,IDIN.TA,16146.04429,17
31/03/2025,IDIN.TA,15764.12278,18
01/04/2025,IDIN.TA,15777.79652,19
02/04/2025,IDIN.TA,15848.40033,20
03/04/2025,IDIN.TA,15565.49337,21
04/04/2025,IDIN.TA,15635.14714,22
05/04/2025,IDIN.TA,15343.77339,23
06/04/2025,IDIN.TA,15271.56338,24
07/04/2025,IDIN.TA,15961.61001,25
08/04/2025,IDIN.TA,15949.30823,26
09/04/2025,IDIN.TA,16558.50416,27
10/04/2025,IDIN.TA,17028.90766,28
11/04/2025,IDIN.TA,16983.92806,29
12/04/2025,IDIN.TA,16748.46209,30
14/03/2025,IDMO.TA,436.3077217,1
15/03/2025,IDMO.TA,414.5173082,2
16/03/2025,IDMO.TA,413.8235935,3
17/03/2025,IDMO.TA,383.9002514,4
18/03/2025,IDMO.TA,365.5378653,5
19/03/2025,IDMO.TA,369.7593416,6
20/03/2025,IDMO.TA,378.2504229,7
21/03/2025,IDMO.TA,352.9115178,8
22/03/2025,IDMO.TA,353.018261,9
23/03/2025,IDMO.TA,324.5696986,10
24/03/2025,IDMO.TA,335.8625398,11
25/03/2025,IDMO.TA,317.9358127,12
26/03/2025,IDMO.TA,310.1349392,13
27/03/2025,IDMO.TA,322.4145306,14
28/03/2025,IDMO.TA,320.0073175,15
29/03/2025,IDMO.TA,327.1614617,16
30/03/2025,IDMO.TA,334.5811178,17
31/03/2025,IDMO.TA,310.3877528,18
01/04/2025,IDMO.TA,303.8693261,19
02/04/2025,IDMO.TA,310.6082075,20
03/04/2025,IDMO.TA,288.2064576,21
04/04/2025,IDMO.TA,253.3203153,22
05/04/2025,IDMO.TA,241.5058438,23
06/04/2025,IDMO.TA,244.2949152,24
07/04/2025,IDMO.TA,232.9013746,25
08/04/2025,IDMO.TA,238.1833172,26
09/04/2025,IDMO.TA,247.2042594,27
10/04/2025,IDMO.TA,255.5443297,28
11/04/2025,IDMO.TA,252.3257847,29
12/04/2025,IDMO.TA,246.134719,30
14/03/2025,IES.TA,23531.77187,1
15/03/2025,IES.TA,23056.16185,2
16/03/2025,IES.TA,23100.5565,3
17/03/2025,IES.TA,23201.52248,4
18/03/2025,IES.TA,23087.82893,5
19/03/2025,IES.TA,23782.38813,6
20/03/2025,IES.TA,23493.33428,7
21/03/2025,IES.TA,23538.57071,8
22/03/2025,IES.TA,23676.26793,9
23/03/2025,IES.TA,23814.77067,10
24/03/2025,IES.TA,23831.82113,11
25/03/2025,IES.TA,24302.64715,12
26/03/2025,IES.TA,24007.27002,13
27/03/2025,IES.TA,23976.95522,14
28/03/2025,IES.TA,24729.40884,15
29/03/2025,IES.TA,25058.64986,16
30/03/2025,IES.TA,24641.57691,17
31/03/2025,IES.TA,24969.64856,18
01/04/2025,IES.TA,26422.10546,19
02/04/2025,IES.TA,25982.33932,20
03/04/2025,IES.TA,26217.79899,21
04/04/2025,IES.TA,26240.76921,22
05/04/2025,IES.TA,26033.2259,23
06/04/2025,IES.TA,26696.23062,24
07/04/2025,IES.TA,26702.60722,25
08/04/2025,IES.TA,27390.81547,26
09/04/2025,IES.TA,27209.60638,27
10/04/2025,IES.TA,27341.54254,28
11/04/2025,IES.TA,27365.49731,29
12/04/2025,IES.TA,28375.93185,30
14/03/2025,INTO.TA,679.6174207,1
15/03/2025,INTO.TA,636.9845837,2
16/03/2025,INTO.TA,623.0284189,3
17/03/2025,INTO.TA,613.0335634,4
18/03/2025,INTO.TA,793.5624212,5
19/03/2025,INTO.TA,844.0368431,6
20/03/2025,INTO.TA,758.5531871,7
21/03/2025,INTO.TA,981.9353126,8
22/03/2025,INTO.TA,916.0535565,9
23/03/2025,INTO.TA,943.1352548,10
24/03/2025,INTO.TA,931.9327629,11
25/03/2025,INTO.TA,960.736442,12
26/03/2025,INTO.TA,663.4245403,13
27/03/2025,INTO.TA,683.4945324,14
28/03/2025,INTO.TA,660.8497363,15
29/03/2025,INTO.TA,732.0684593,16
30/03/2025,INTO.TA,700.2941659,17
31/03/2025,INTO.TA,642.6482292,18
01/04/2025,INTO.TA,616.4883421,19
02/04/2025,INTO.TA,635.5424339,20
03/04/2025,INTO.TA,617.0305414,21
04/04/2025,INTO.TA,644.3095367,22
05/04/2025,INTO.TA,544.8651587,23
06/04/2025,INTO.TA,529.0997885,24
07/04/2025,INTO.TA,552.4947663,25
08/04/2025,INTO.TA,507.0151952,26
09/04/2025,INTO.TA,350.1130051,27
10/04/2025,INTO.TA,372.5858198,28
11/04/2025,INTO.TA,367.1967365,29
12/04/2025,INTO.TA,352.6048292,30
14/03/2025,ILDR.TA,689.9175733,1
15/03/2025,ILDR.TA,674.6383878,2
16/03/2025,ILDR.TA,674.9810302,3
17/03/2025,ILDR.TA,669.7834219,4
18/03/2025,ILDR.TA,673.524534,5
19/03/2025,ILDR.TA,676.1396636,6
20/03/2025,ILDR.TA,688.4170276,7
21/03/2025,ILDR.TA,683.6769551,8
22/03/2025,ILDR.TA,682.6359071,9
23/03/2025,ILDR.TA,686.4178419,10
24/03/2025,ILDR.TA,682.3968462,11
25/03/2025,ILDR.TA,679.4134342,12
26/03/2025,ILDR.TA,677.6269869,13
27/03/2025,ILDR.TA,684.0554514,14
28/03/2025,ILDR.TA,675.504108,15
29/03/2025,ILDR.TA,672.6658189,16
30/03/2025,ILDR.TA,676.8249382,17
31/03/2025,ILDR.TA,679.5562885,18
01/04/2025,ILDR.TA,688.181546,19
02/04/2025,ILDR.TA,686.2520632,20
03/04/2025,ILDR.TA,686.7142998,21
04/04/2025,ILDR.TA,684.5128423,22
05/04/2025,ILDR.TA,673.3697352,23
06/04/2025,ILDR.TA,679.4744358,24
07/04/2025,ILDR.TA,676.8726431,25
08/04/2025,ILDR.TA,674.3563191,26
09/04/2025,ILDR.TA,673.5514409,27
10/04/2025,ILDR.TA,679.7767318,28
11/04/2025,ILDR.TA,678.9464255,29
12/04/2025,ILDR.TA,667.4833482,30
14/03/2025,ILX.TA,7426.245809,1
15/03/2025,ILX.TA,7412.433473,2
16/03/2025,ILX.TA,7803.070377,3
17/03/2025,ILX.TA,7825.454164,4
18/03/2025,ILX.TA,7534.399472,5
19/03/2025,ILX.TA,7672.750686,6
20/03/2025,ILX.TA,7434.176491,7
21/03/2025,ILX.TA,7425.951775,8
22/03/2025,ILX.TA,7817.301097,9
23/03/2025,ILX.TA,7840.413247,10
24/03/2025,ILX.TA,7863.593729,11
25/03/2025,ILX.TA,7950.09437,12
26/03/2025,ILX.TA,7723.185005,13
27/03/2025,ILX.TA,7722.838374,14
28/03/2025,ILX.TA,8129.833686,15
29/03/2025,ILX.TA,7972.866439,16
30/03/2025,ILX.TA,7997.446084,17
31/03/2025,ILX.TA,7922.172896,18
01/04/2025,ILX.TA,7991.445352,19
02/04/2025,ILX.TA,8028.697912,20
03/04/2025,ILX.TA,7952.442934,21
04/04/2025,ILX.TA,7920.834265,22
05/04/2025,ILX.TA,7821.56248,23
06/04/2025,ILX.TA,7607.953078,24
07/04/2025,ILX.TA,7947.833225,25
08/04/2025,ILX.TA,7936.884321,26
09/04/2025,ILX.TA,8355.159903,27
10/04/2025,ILX.TA,8531.043402,28
11/04/2025,ILX.TA,8583.641605,29
12/04/2025,ILX.TA,8295.973482,30
14/03/2025,ISI.TA,1343.817532,1
15/03/2025,ISI.TA,1353.580657,2
16/03/2025,ISI.TA,1321.881491,3
17/03/2025,ISI.TA,1337.552994,4
18/03/2025,ISI.TA,1343.578349,5
19/03/2025,ISI.TA,1321.680448,6
20/03/2025,ISI.TA,1304.40079,7
21/03/2025,ISI.TA,1272.884988,8
22/03/2025,ISI.TA,1249.586001,9
23/03/2025,ISI.TA,1250.236703,10
24/03/2025,ISI.TA,1232.965284,11
25/03/2025,ISI.TA,1260.308713,12
26/03/2025,ISI.TA,1234.112025,13
27/03/2025,ISI.TA,1243.592648,14
28/03/2025,ISI.TA,1249.051811,15
29/03/2025,ISI.TA,1254.534939,16
30/03/2025,ISI.TA,1237.204143,17
31/03/2025,ISI.TA,1209.938903,18
01/04/2025,ISI.TA,1188.526935,19
02/04/2025,ISI.TA,1160.693122,20
03/04/2025,ISI.TA,1171.783341,21
04/04/2025,ISI.TA,1165.101146,22
05/04/2025,ISI.TA,1173.565858,23
06/04/2025,ISI.TA,1194.978371,24
07/04/2025,ISI.TA,1181.568601,25
08/04/2025,ISI.TA,1174.019189,26
09/04/2025,ISI.TA,1187.937717,27
10/04/2025,ISI.TA,1195.001765,28
11/04/2025,ISI.TA,1212.131535,29
12/04/2025,ISI.TA,1233.07448,30
14/03/2025,IMCO.TA,3969.62848,1
15/03/2025,IMCO.TA,4068.579356,2
16/03/2025,IMCO.TA,4075.878709,3
17/03/2025,IMCO.TA,4200.339714,4
18/03/2025,IMCO.TA,4210.294475,5
19/03/2025,IMCO.TA,4309.536657,6
20/03/2025,IMCO.TA,4403.895859,7
21/03/2025,IMCO.TA,4320.666754,8
22/03/2025,IMCO.TA,4246.106534,9
23/03/2025,IMCO.TA,4253.852757,10
24/03/2025,IMCO.TA,4086.744013,11
25/03/2025,IMCO.TA,4123.992981,12
26/03/2025,IMCO.TA,4168.725989,13
27/03/2025,IMCO.TA,4110.34339,14
28/03/2025,IMCO.TA,4040.607962,15
29/03/2025,IMCO.TA,3860.244606,16
30/03/2025,IMCO.TA,3974.80018,17
31/03/2025,IMCO.TA,3961.600673,18
01/04/2025,IMCO.TA,3921.339471,19
02/04/2025,IMCO.TA,4011.384834,20
03/04/2025,IMCO.TA,3976.370709,21
04/04/2025,IMCO.TA,3952.180741,22
05/04/2025,IMCO.TA,3936.742425,23
06/04/2025,IMCO.TA,4056.954765,24
07/04/2025,IMCO.TA,4070.720868,25
08/04/2025,IMCO.TA,4091.7552,26
09/04/2025,IMCO.TA,4128.960454,27
10/04/2025,IMCO.TA,4132.517913,28
11/04/2025,IMCO.TA,4106.337145,29
12/04/2025,IMCO.TA,4335.846619,30
14/03/2025,IMED.TA,100.055489,1
15/03/2025,IMED.TA,214.6936868,2
16/03/2025,IMED.TA,223.5149103,3
17/03/2025,IMED.TA,71.68934632,4
18/03/2025,IMED.TA,65.92300249,5
19/03/2025,IMED.TA,21.02090481,6
20/03/2025,IMED.TA,20.04341082,7
21/03/2025,IMED.TA,23.43996477,8
22/03/2025,IMED.TA,23.27463647,9
23/03/2025,IMED.TA,26.1741767,10
24/03/2025,IMED.TA,25.62443702,11
25/03/2025,IMED.TA,21.22666893,12
26/03/2025,IMED.TA,19.51929848,13
27/03/2025,IMED.TA,19.58215364,14
28/03/2025,IMED.TA,19.29076209,15
29/03/2025,IMED.TA,17.46085036,16
30/03/2025,IMED.TA,30.16710037,17
31/03/2025,IMED.TA,65.18480902,18
01/04/2025,IMED.TA,148.2676126,19
02/04/2025,IMED.TA,115.0429136,20
03/04/2025,IMED.TA,115.7972872,21
04/04/2025,IMED.TA,252.1940732,22
05/04/2025,IMED.TA,541.1444781,23
06/04/2025,IMED.TA,608.5599322,24
07/04/2025,IMED.TA,374.6187436,25
08/04/2025,IMED.TA,569.4448122,26
09/04/2025,IMED.TA,595.1242257,27
10/04/2025,IMED.TA,590.8213477,28
11/04/2025,IMED.TA,177.937959,29
12/04/2025,IMED.TA,489.6741918,30
14/03/2025,INRM.TA,1704.782619,1
15/03/2025,INRM.TA,1689.141383,2
16/03/2025,INRM.TA,1650.78341,3
17/03/2025,INRM.TA,1690.858023,4
18/03/2025,INRM.TA,1687.60154,5
19/03/2025,INRM.TA,1727.093713,6
20/03/2025,INRM.TA,1785.343525,7
21/03/2025,INRM.TA,1784.121691,8
22/03/2025,INRM.TA,1772.453145,9
23/03/2025,INRM.TA,1735.946351,10
24/03/2025,INRM.TA,1770.358826,11
25/03/2025,INRM.TA,1818.505803,12
26/03/2025,INRM.TA,1854.554892,13
27/03/2025,INRM.TA,1834.214712,14
28/03/2025,INRM.TA,1860.516479,15
29/03/2025,INRM.TA,1876.234906,16
30/03/2025,INRM.TA,1918.613695,17
31/03/2025,INRM.TA,1945.97054,18
01/04/2025,INRM.TA,1934.199242,19
02/04/2025,INRM.TA,1897.893891,20
03/04/2025,INRM.TA,1878.939022,21
04/04/2025,INRM.TA,1883.74616,22
05/04/2025,INRM.TA,1929.476204,23
06/04/2025,INRM.TA,1948.516287,24
07/04/2025,INRM.TA,1986.551539,25
08/04/2025,INRM.TA,1983.505285,26
09/04/2025,INRM.TA,2009.640108,27
10/04/2025,INRM.TA,2054.053622,28
11/04/2025,INRM.TA,2081.766538,29
12/04/2025,INRM.TA,2110.494425,30
14/03/2025,ININ.TA,255.4521027,1
15/03/2025,ININ.TA,255.6853781,2
16/03/2025,ININ.TA,247.202331,3
17/03/2025,ININ.TA,244.0739314,4
18/03/2025,ININ.TA,234.047252,5
19/03/2025,ININ.TA,228.1583287,6
20/03/2025,ININ.TA,231.6099933,7
21/03/2025,ININ.TA,228.7880413,8
22/03/2025,ININ.TA,231.5570408,9
23/03/2025,ININ.TA,230.248979,10
24/03/2025,ININ.TA,217.9248174,11
25/03/2025,ININ.TA,216.6616635,12
26/03/2025,ININ.TA,215.7228271,13
27/03/2025,ININ.TA,216.2916081,14
28/03/2025,ININ.TA,218.4272181,15
29/03/2025,ININ.TA,204.3219067,16
30/03/2025,ININ.TA,206.7103083,17
31/03/2025,ININ.TA,204.7947178,18
01/04/2025,ININ.TA,205.7977765,19
02/04/2025,ININ.TA,205.6581049,20
03/04/2025,ININ.TA,201.3156628,21
04/04/2025,ININ.TA,204.3612415,22
05/04/2025,ININ.TA,200.7539687,23
06/04/2025,ININ.TA,198.2551976,24
07/04/2025,ININ.TA,199.6097943,25
08/04/2025,ININ.TA,199.7628607,26
09/04/2025,ININ.TA,201.9283941,27
10/04/2025,ININ.TA,199.372946,28
11/04/2025,ININ.TA,152.6054907,29
12/04/2025,ININ.TA,153.9607455,30
14/03/2025,INCR.TA,624.198872,1
15/03/2025,INCR.TA,670.4990126,2
16/03/2025,INCR.TA,701.9379444,3
17/03/2025,INCR.TA,683.3315447,4
18/03/2025,INCR.TA,615.2262192,5
19/03/2025,INCR.TA,602.636074,6
20/03/2025,INCR.TA,583.7992028,7
21/03/2025,INCR.TA,612.1646901,8
22/03/2025,INCR.TA,615.9635611,9
23/03/2025,INCR.TA,618.9754951,10
24/03/2025,INCR.TA,699.7335378,11
25/03/2025,INCR.TA,722.8625523,12
26/03/2025,INCR.TA,755.0659624,13
27/03/2025,INCR.TA,731.7592604,14
28/03/2025,INCR.TA,721.0587574,15
29/03/2025,INCR.TA,680.8565134,16
30/03/2025,INCR.TA,647.5450728,17
31/03/2025,INCR.TA,627.5572297,18
01/04/2025,INCR.TA,571.9837201,19
02/04/2025,INCR.TA,561.1310606,20
03/04/2025,INCR.TA,546.2570551,21
04/04/2025,INCR.TA,542.2993941,22
05/04/2025,INCR.TA,521.5008547,23
06/04/2025,INCR.TA,511.5460015,24
07/04/2025,INCR.TA,532.1966209,25
08/04/2025,INCR.TA,526.3294259,26
09/04/2025,INCR.TA,532.3217721,27
10/04/2025,INCR.TA,534.1333749,28
11/04/2025,INCR.TA,536.0729719,29
12/04/2025,INCR.TA,550.6095032,30
14/03/2025,INTR.TA,6372.686449,1
15/03/2025,INTR.TA,6375.844129,2
16/03/2025,INTR.TA,7607.18275,3
17/03/2025,INTR.TA,7615.258625,4
18/03/2025,INTR.TA,7615.538013,5
19/03/2025,INTR.TA,9086.29324,6
20/03/2025,INTR.TA,9085.331254,7
21/03/2025,INTR.TA,9862.210417,8
22/03/2025,INTR.TA,10177.49848,9
23/03/2025,INTR.TA,10188.30304,10
24/03/2025,INTR.TA,10188.54831,11
25/03/2025,INTR.TA,10457.18071,12
26/03/2025,INTR.TA,10536.45055,13
27/03/2025,INTR.TA,10531.33884,14
28/03/2025,INTR.TA,10536.76115,15
29/03/2025,INTR.TA,10535.13893,16
30/03/2025,INTR.TA,10538.44136,17
31/03/2025,INTR.TA,10846.40182,18
01/04/2025,INTR.TA,10851.77623,19
02/04/2025,INTR.TA,10854.35218,20
03/04/2025,INTR.TA,10119.01987,21
04/04/2025,INTR.TA,10109.5891,22
05/04/2025,INTR.TA,9992.700285,23
06/04/2025,INTR.TA,9715.656166,24
07/04/2025,INTR.TA,9836.881072,25
08/04/2025,INTR.TA,9687.892971,26
09/04/2025,INTR.TA,9686.215625,27
10/04/2025,INTR.TA,9619.028946,28
11/04/2025,INTR.TA,9615.957647,29
12/04/2025,INTR.TA,9380.856195,30
14/03/2025,IGLD.TA,-2035.470453,1
15/03/2025,IGLD.TA,7963.922315,2
16/03/2025,IGLD.TA,3218.142632,3
17/03/2025,IGLD.TA,4467.754646,4
18/03/2025,IGLD.TA,3099.00644,5
19/03/2025,IGLD.TA,-7096.91006,6
20/03/2025,IGLD.TA,242.7779653,7
21/03/2025,IGLD.TA,36.46100527,8
22/03/2025,IGLD.TA,14.10875705,9
23/03/2025,IGLD.TA,-58.6028432,10
24/03/2025,IGLD.TA,6.58493936,11
25/03/2025,IGLD.TA,15.87677839,12
26/03/2025,IGLD.TA,21.11909877,13
27/03/2025,IGLD.TA,-132.7038577,14
28/03/2025,IGLD.TA,2.27613495,15
29/03/2025,IGLD.TA,1.75510171,16
30/03/2025,IGLD.TA,0.87506031,17
31/03/2025,IGLD.TA,0.85186308,18
01/04/2025,IGLD.TA,0.32963242,19
02/04/2025,IGLD.TA,0.43847306,20
03/04/2025,IGLD.TA,-2.75518699,21
04/04/2025,IGLD.TA,-2.88403494,22
05/04/2025,IGLD.TA,-17.02842708,23
06/04/2025,IGLD.TA,-17.82477157,24
07/04/2025,IGLD.TA,-29.56150897,25
08/04/2025,IGLD.TA,-28.20134039,26
09/04/2025,IGLD.TA,-14.06065165,27
10/04/2025,IGLD.TA,9.82953786,28
11/04/2025,IGLD.TA,9.41584131,29
12/04/2025,IGLD.TA,-2.39321453,30
14/03/2025,ISCN.TA,1272.69157,1
15/03/2025,ISCN.TA,1256.532342,2
16/03/2025,ISCN.TA,1261.819357,3
17/03/2025,ISCN.TA,1278.112608,4
18/03/2025,ISCN.TA,1279.547617,5
19/03/2025,ISCN.TA,1273.697754,6
20/03/2025,ISCN.TA,1257.339811,7
21/03/2025,ISCN.TA,1248.889416,8
22/03/2025,ISCN.TA,1209.777798,9
23/03/2025,ISCN.TA,1177.728869,10
24/03/2025,ISCN.TA,1175.434592,11
25/03/2025,ISCN.TA,1139.23489,12
26/03/2025,ISCN.TA,1088.758035,13
27/03/2025,ISCN.TA,1110.024789,14
28/03/2025,ISCN.TA,1134.141408,15
29/03/2025,ISCN.TA,1136.156956,16
30/03/2025,ISCN.TA,1150.254682,17
31/03/2025,ISCN.TA,1192.804752,18
01/04/2025,ISCN.TA,1199.105016,19
02/04/2025,ISCN.TA,1190.252437,20
03/04/2025,ISCN.TA,1248.402323,21
04/04/2025,ISCN.TA,1280.300606,22
05/04/2025,ISCN.TA,1291.405604,23
06/04/2025,ISCN.TA,1300.142934,24
07/04/2025,ISCN.TA,1313.078021,25
08/04/2025,ISCN.TA,1302.158607,26
09/04/2025,ISCN.TA,1294.547331,27
10/04/2025,ISCN.TA,1292.025485,28
11/04/2025,ISCN.TA,1320.096286,29
12/04/2025,ISCN.TA,1261.605882,30
14/03/2025,ILDC.TA,3284.336945,1
15/03/2025,ILDC.TA,3285.619019,2
16/03/2025,ILDC.TA,3281.633909,3
17/03/2025,ILDC.TA,3344.169666,4
18/03/2025,ILDC.TA,3367.788016,5
19/03/2025,ILDC.TA,3381.032887,6
20/03/2025,ILDC.TA,3404.911585,7
21/03/2025,ILDC.TA,3418.302456,8
22/03/2025,ILDC.TA,3462.017627,9
23/03/2025,ILDC.TA,3434.360294,10
24/03/2025,ILDC.TA,3421.600941,11
25/03/2025,ILDC.TA,3500.241088,12
26/03/2025,ILDC.TA,3433.063891,13
27/03/2025,ILDC.TA,3430.078787,14
28/03/2025,ILDC.TA,3374.408888,15
29/03/2025,ILDC.TA,3333.8056,16
30/03/2025,ILDC.TA,3338.246159,17
31/03/2025,ILDC.TA,3297.123845,18
01/04/2025,ILDC.TA,3222.871262,19
02/04/2025,ILDC.TA,3283.52025,20
03/04/2025,ILDC.TA,3337.443514,21
04/04/2025,ILDC.TA,3394.784175,22
05/04/2025,ILDC.TA,3452.10951,23
06/04/2025,ILDC.TA,3406.483919,24
07/04/2025,ILDC.TA,3384.683523,25
08/04/2025,ILDC.TA,3344.697128,26
09/04/2025,ILDC.TA,3344.456867,27
10/04/2025,ILDC.TA,3292.721678,28
11/04/2025,ILDC.TA,3290.787797,29
12/04/2025,ILDC.TA,3329.346401,30
14/03/2025,ISOP.TA,81.04466738,1
15/03/2025,ISOP.TA,80.8020673,2
16/03/2025,ISOP.TA,78.79148125,3
17/03/2025,ISOP.TA,78.99178377,4
18/03/2025,ISOP.TA,79.12854012,5
19/03/2025,ISOP.TA,75.99220342,6
20/03/2025,ISOP.TA,76.31119029,7
21/03/2025,ISOP.TA,73.33165396,8
22/03/2025,ISOP.TA,76.48123424,9
23/03/2025,ISOP.TA,73.49505862,10
24/03/2025,ISOP.TA,73.80249898,11
25/03/2025,ISOP.TA,71.58730216,12
26/03/2025,ISOP.TA,70.20702072,13
27/03/2025,ISOP.TA,68.87956193,14
28/03/2025,ISOP.TA,69.64714777,15
29/03/2025,ISOP.TA,72.57845219,16
30/03/2025,ISOP.TA,72.50973204,17
31/03/2025,ISOP.TA,71.35184679,18
01/04/2025,ISOP.TA,69.97610519,19
02/04/2025,ISOP.TA,80.11459115,20
03/04/2025,ISOP.TA,72.34670624,21
04/04/2025,ISOP.TA,72.62263244,22
05/04/2025,ISOP.TA,69.78711421,23
06/04/2025,ISOP.TA,68.54924438,24
07/04/2025,ISOP.TA,69.53320648,25
08/04/2025,ISOP.TA,69.12814643,26
09/04/2025,ISOP.TA,74.95476401,27
10/04/2025,ISOP.TA,88.05814057,28
11/04/2025,ISOP.TA,90.48145962,29
12/04/2025,ISOP.TA,90.86866027,30
14/03/2025,ISHI.TA,12520.42755,1
15/03/2025,ISHI.TA,12736.4223,2
16/03/2025,ISHI.TA,12796.99859,3
17/03/2025,ISHI.TA,13228.34062,4
18/03/2025,ISHI.TA,13436.06801,5
19/03/2025,ISHI.TA,13445.8797,6
20/03/2025,ISHI.TA,13686.2425,7
21/03/2025,ISHI.TA,13829.52974,8
22/03/2025,ISHI.TA,13655.90106,9
23/03/2025,ISHI.TA,13594.12771,10
24/03/2025,ISHI.TA,13391.15592,11
25/03/2025,ISHI.TA,14017.46867,12
26/03/2025,ISHI.TA,14164.22366,13
27/03/2025,ISHI.TA,14287.75074,14
28/03/2025,ISHI.TA,14241.25804,15
29/03/2025,ISHI.TA,14344.39551,16
30/03/2025,ISHI.TA,14274.10085,17
31/03/2025,ISHI.TA,14093.53757,18
01/04/2025,ISHI.TA,14096.92377,19
02/04/2025,ISHI.TA,13904.75135,20
03/04/2025,ISHI.TA,14239.28275,21
04/04/2025,ISHI.TA,14264.80462,22
05/04/2025,ISHI.TA,14324.97684,23
06/04/2025,ISHI.TA,14733.24286,24
07/04/2025,ISHI.TA,14871.76171,25
08/04/2025,ISHI.TA,14694.94411,26
09/04/2025,ISHI.TA,14705.67509,27
10/04/2025,ISHI.TA,14776.03999,28
11/04/2025,ISHI.TA,14904.90275,29
12/04/2025,ISHI.TA,14651.90685,30
14/03/2025,ISRG.TA,214.5293083,1
15/03/2025,ISRG.TA,216.5196202,2
16/03/2025,ISRG.TA,220.8880064,3
17/03/2025,ISRG.TA,219.520017,4
18/03/2025,ISRG.TA,219.7115698,5
19/03/2025,ISRG.TA,218.6802752,6
20/03/2025,ISRG.TA,220.3350046,7
21/03/2025,ISRG.TA,222.5260354,8
22/03/2025,ISRG.TA,223.7413975,9
23/03/2025,ISRG.TA,218.6203409,10
24/03/2025,ISRG.TA,218.8111087,11
25/03/2025,ISRG.TA,223.8709079,12
26/03/2025,ISRG.TA,225.9478872,13
27/03/2025,ISRG.TA,224.8873202,14
28/03/2025,ISRG.TA,226.9737292,15
29/03/2025,ISRG.TA,224.5859274,16
30/03/2025,ISRG.TA,227.4868773,17
31/03/2025,ISRG.TA,223.467444,18
01/04/2025,ISRG.TA,222.6822249,19
02/04/2025,ISRG.TA,221.6369865,20
03/04/2025,ISRG.TA,221.8207638,21
04/04/2025,ISRG.TA,223.5529431,22
05/04/2025,ISRG.TA,222.5144856,23
06/04/2025,ISRG.TA,216.8522824,24
07/04/2025,ISRG.TA,213.9976932,25
08/04/2025,ISRG.TA,211.1806811,26
09/04/2025,ISRG.TA,210.6548236,27
10/04/2025,ISRG.TA,216.858156,28
11/04/2025,ISRG.TA,223.2441632,29
12/04/2025,ISRG.TA,224.0593667,30
14/03/2025,ISRA.TA,206.5360337,1
15/03/2025,ISRA.TA,210.4471396,2
16/03/2025,ISRA.TA,211.764073,3
17/03/2025,ISRA.TA,204.7818919,4
18/03/2025,ISRA.TA,204.8491333,5
19/03/2025,ISRA.TA,210.9412439,6
20/03/2025,ISRA.TA,209.2223432,7
21/03/2025,ISRA.TA,208.2922831,8
22/03/2025,ISRA.TA,211.6832675,9
23/03/2025,ISRA.TA,214.7960723,10
24/03/2025,ISRA.TA,217.2881057,11
25/03/2025,ISRA.TA,217.4527523,12
26/03/2025,ISRA.TA,211.77231,13
27/03/2025,ISRA.TA,216.7671568,14
28/03/2025,ISRA.TA,214.6852437,15
29/03/2025,ISRA.TA,209.3537988,16
30/03/2025,ISRA.TA,204.1547538,17
31/03/2025,ISRA.TA,203.6194131,18
01/04/2025,ISRA.TA,202.88975,19
02/04/2025,ISRA.TA,208.0447853,20
03/04/2025,ISRA.TA,202.0409359,21
04/04/2025,ISRA.TA,208.4449747,22
05/04/2025,ISRA.TA,208.403996,23
06/04/2025,ISRA.TA,210.8104727,24
07/04/2025,ISRA.TA,212.1729177,25
08/04/2025,ISRA.TA,210.9024024,26
09/04/2025,ISRA.TA,213.4165262,27
10/04/2025,ISRA.TA,209.7078196,28
11/04/2025,ISRA.TA,207.6025331,29
12/04/2025,ISRA.TA,207.622862,30
14/03/2025,ISRS.TA,83242.03482,1
15/03/2025,ISRS.TA,83905.2883,2
16/03/2025,ISRS.TA,85004.74573,3
17/03/2025,ISRS.TA,85712.56383,4
18/03/2025,ISRS.TA,86727.14687,5
19/03/2025,ISRS.TA,85595.58496,6
20/03/2025,ISRS.TA,86722.71666,7
21/03/2025,ISRS.TA,88210.68879,8
22/03/2025,ISRS.TA,88933.77229,9
23/03/2025,ISRS.TA,88142.20173,10
24/03/2025,ISRS.TA,88155.8699,11
25/03/2025,ISRS.TA,89287.33791,12
26/03/2025,ISRS.TA,87819.70361,13
27/03/2025,ISRS.TA,86376.19312,14
28/03/2025,ISRS.TA,87463.44792,15
29/03/2025,ISRS.TA,85779.30424,16
30/03/2025,ISRS.TA,84991.13429,17
31/03/2025,ISRS.TA,86062.93485,18
01/04/2025,ISRS.TA,87190.66513,19
02/04/2025,ISRS.TA,87023.74596,20
03/04/2025,ISRS.TA,87652.53884,21
04/04/2025,ISRS.TA,86090.97157,22
05/04/2025,ISRS.TA,87257.5758,23
06/04/2025,ISRS.TA,86535.19639,24
07/04/2025,ISRS.TA,87439.01105,25
08/04/2025,ISRS.TA,89057.25106,26
09/04/2025,ISRS.TA,89840.20881,27
10/04/2025,ISRS.TA,91725.76217,28
11/04/2025,ISRS.TA,89626.59903,29
12/04/2025,ISRS.TA,89280.21388,30
14/03/2025,ISRO.TA,8493.742274,1
15/03/2025,ISRO.TA,8401.908775,2
16/03/2025,ISRO.TA,8511.545154,3
17/03/2025,ISRO.TA,8324.331079,4
18/03/2025,ISRO.TA,8427.766743,5
19/03/2025,ISRO.TA,8337.372263,6
20/03/2025,ISRO.TA,9180.133958,7
21/03/2025,ISRO.TA,10108.08404,8
22/03/2025,ISRO.TA,10070.66793,9
23/03/2025,ISRO.TA,9974.583676,10
24/03/2025,ISRO.TA,9826.741208,11
25/03/2025,ISRO.TA,10820.05191,12
26/03/2025,ISRO.TA,10779.55673,13
27/03/2025,ISRO.TA,10987.76783,14
28/03/2025,ISRO.TA,10875.15764,15
29/03/2025,ISRO.TA,10638.3085,16
30/03/2025,ISRO.TA,10800.09771,17
31/03/2025,ISRO.TA,10753.09931,18
01/04/2025,ISRO.TA,10746.83779,19
02/04/2025,ISRO.TA,10864.37649,20
03/04/2025,ISRO.TA,10769.37241,21
04/04/2025,ISRO.TA,10857.55538,22
05/04/2025,ISRO.TA,11239.90497,23
06/04/2025,ISRO.TA,11261.5574,24
07/04/2025,ISRO.TA,11408.50929,25
08/04/2025,ISRO.TA,10997.73455,26
09/04/2025,ISRO.TA,10879.77513,27
10/04/2025,ISRO.TA,11262.90719,28
11/04/2025,ISRO.TA,11349.14535,29
12/04/2025,ISRO.TA,11569.12102,30
14/03/2025,ISTA.TA,9793.037439,1
15/03/2025,ISTA.TA,10302.1564,2
16/03/2025,ISTA.TA,10472.9104,3
17/03/2025,ISTA.TA,10465.02727,4
18/03/2025,ISTA.TA,10638.48079,5
19/03/2025,ISTA.TA,10657.5948,6
20/03/2025,ISTA.TA,10835.10917,7
21/03/2025,ISTA.TA,10869.54923,8
22/03/2025,ISTA.TA,10719.08393,9
23/03/2025,ISTA.TA,11031.18399,10
24/03/2025,ISTA.TA,10878.48121,11
25/03/2025,ISTA.TA,10928.08257,12
26/03/2025,ISTA.TA,10758.57566,13
27/03/2025,ISTA.TA,10784.33353,14
28/03/2025,ISTA.TA,10490.88033,15
29/03/2025,ISTA.TA,10536.48442,16
30/03/2025,ISTA.TA,10171.80605,17
31/03/2025,ISTA.TA,10262.39982,18
01/04/2025,ISTA.TA,10286.96975,19
02/04/2025,ISTA.TA,10295.21904,20
03/04/2025,ISTA.TA,10291.21482,21
04/04/2025,ISTA.TA,10061.48844,22
05/04/2025,ISTA.TA,10138.17232,23
06/04/2025,ISTA.TA,10078.79258,24
07/04/2025,ISTA.TA,10077.42099,25
08/04/2025,ISTA.TA,10073.98907,26
09/04/2025,ISTA.TA,10081.43501,27
10/04/2025,ISTA.TA,10248.53064,28
11/04/2025,ISTA.TA,10061.00882,29
12/04/2025,ISTA.TA,10229.73381,30
14/03/2025,JCFN.TA,2212.158495,1
15/03/2025,JCFN.TA,2201.598398,2
16/03/2025,JCFN.TA,2209.200197,3
17/03/2025,JCFN.TA,2227.387765,4
18/03/2025,JCFN.TA,2180.36088,5
19/03/2025,JCFN.TA,2212.423309,6
20/03/2025,JCFN.TA,2251.721671,7
21/03/2025,JCFN.TA,2324.223802,8
22/03/2025,JCFN.TA,2291.618009,9
23/03/2025,JCFN.TA,2341.95601,10
24/03/2025,JCFN.TA,2290.761315,11
25/03/2025,JCFN.TA,2298.67098,12
26/03/2025,JCFN.TA,2332.098131,13
27/03/2025,JCFN.TA,2383.325325,14
28/03/2025,JCFN.TA,2418.372367,15
29/03/2025,JCFN.TA,2365.507225,16
30/03/2025,JCFN.TA,2433.702737,17
31/03/2025,JCFN.TA,2486.776653,18
01/04/2025,JCFN.TA,2349.63356,19
02/04/2025,JCFN.TA,2448.818496,20
03/04/2025,JCFN.TA,2445.939499,21
04/04/2025,JCFN.TA,2394.298327,22
05/04/2025,JCFN.TA,2290.196989,23
06/04/2025,JCFN.TA,2308.857385,24
07/04/2025,JCFN.TA,2331.271834,25
08/04/2025,JCFN.TA,2350.266905,26
09/04/2025,JCFN.TA,2373.083359,27
10/04/2025,JCFN.TA,2383.050922,28
11/04/2025,JCFN.TA,2301.47469,29
12/04/2025,JCFN.TA,2369.014055,30
14/03/2025,JBNK.TA,1719.526928,1
15/03/2025,JBNK.TA,1722.935884,2
16/03/2025,JBNK.TA,1703.281932,3
17/03/2025,JBNK.TA,1748.272429,4
18/03/2025,JBNK.TA,1735.801168,5
19/03/2025,JBNK.TA,1756.000446,6
20/03/2025,JBNK.TA,1759.481711,7
21/03/2025,JBNK.TA,1760.142467,8
22/03/2025,JBNK.TA,1767.236432,9
23/03/2025,JBNK.TA,1771.17165,10
24/03/2025,JBNK.TA,1772.349063,11
25/03/2025,JBNK.TA,1758.100355,12
26/03/2025,JBNK.TA,1754.468152,13
27/03/2025,JBNK.TA,1801.267464,14
28/03/2025,JBNK.TA,1823.127823,15
29/03/2025,JBNK.TA,1867.37478,16
30/03/2025,JBNK.TA,1857.956794,17
31/03/2025,JBNK.TA,1817.414278,18
01/04/2025,JBNK.TA,1830.552191,19
02/04/2025,JBNK.TA,1856.802372,20
03/04/2025,JBNK.TA,1833.547219,21
04/04/2025,JBNK.TA,1849.116183,22
05/04/2025,JBNK.TA,1859.044279,23
06/04/2025,JBNK.TA,1883.281545,24
07/04/2025,JBNK.TA,1918.413798,25
08/04/2025,JBNK.TA,1948.580247,26
09/04/2025,JBNK.TA,1940.213306,27
10/04/2025,JBNK.TA,1856.840377,28
11/04/2025,JBNK.TA,1859.880579,29
12/04/2025,JBNK.TA,1861.269036,30
14/03/2025,JNGO.TA,556.2798738,1
15/03/2025,JNGO.TA,511.4764987,2
16/03/2025,JNGO.TA,540.5732574,3
17/03/2025,JNGO.TA,539.1548784,4
18/03/2025,JNGO.TA,539.687411,5
19/03/2025,JNGO.TA,550.2911567,6
20/03/2025,JNGO.TA,552.5299579,7
21/03/2025,JNGO.TA,583.9621564,8
22/03/2025,JNGO.TA,584.7114355,9
23/03/2025,JNGO.TA,591.7746797,10
24/03/2025,JNGO.TA,591.0026996,11
25/03/2025,JNGO.TA,498.7923439,12
26/03/2025,JNGO.TA,497.4835914,13
27/03/2025,JNGO.TA,465.7965519,14
28/03/2025,JNGO.TA,492.2946801,15
29/03/2025,JNGO.TA,496.3521303,16
30/03/2025,JNGO.TA,464.7371587,17
31/03/2025,JNGO.TA,464.6778891,18
01/04/2025,JNGO.TA,465.2874998,19
02/04/2025,JNGO.TA,413.9836002,20
03/04/2025,JNGO.TA,414.0262851,21
04/04/2025,JNGO.TA,413.7086952,22
05/04/2025,JNGO.TA,380.2444167,23
06/04/2025,JNGO.TA,377.5587873,24
07/04/2025,JNGO.TA,470.7586722,25
08/04/2025,JNGO.TA,442.5322261,26
09/04/2025,JNGO.TA,439.351788,27
10/04/2025,JNGO.TA,432.2201008,28
11/04/2025,JNGO.TA,538.9130583,29
12/04/2025,JNGO.TA,537.0189971,30
14/03/2025,KDST.TA,2282.393639,1
15/03/2025,KDST.TA,2330.408401,2
16/03/2025,KDST.TA,2618.000296,3
17/03/2025,KDST.TA,2721.322771,4
18/03/2025,KDST.TA,2673.747462,5
19/03/2025,KDST.TA,2688.939177,6
20/03/2025,KDST.TA,2645.219851,7
21/03/2025,KDST.TA,2690.952167,8
22/03/2025,KDST.TA,2301.303496,9
23/03/2025,KDST.TA,2340.574648,10
24/03/2025,KDST.TA,2351.224399,11
25/03/2025,KDST.TA,2384.83378,12
26/03/2025,KDST.TA,2430.627244,13
27/03/2025,KDST.TA,2420.851969,14
28/03/2025,KDST.TA,2442.274623,15
29/03/2025,KDST.TA,3363.425354,16
30/03/2025,KDST.TA,3404.645054,17
31/03/2025,KDST.TA,3431.155016,18
01/04/2025,KDST.TA,3516.190503,19
02/04/2025,KDST.TA,3412.457559,20
03/04/2025,KDST.TA,3393.054069,21
04/04/2025,KDST.TA,3451.715439,22
05/04/2025,KDST.TA,2645.793228,23
06/04/2025,KDST.TA,2890.930935,24
07/04/2025,KDST.TA,2913.440909,25
08/04/2025,KDST.TA,2939.222591,26
09/04/2025,KDST.TA,2733.330064,27
10/04/2025,KDST.TA,2926.405809,28
11/04/2025,KDST.TA,2906.45926,29
12/04/2025,KDST.TA,2826.556067,30
14/03/2025,KAFR.TA,3266.280476,1
15/03/2025,KAFR.TA,3337.800647,2
16/03/2025,KAFR.TA,3305.846824,3
17/03/2025,KAFR.TA,3286.571163,4
18/03/2025,KAFR.TA,3278.947266,5
19/03/2025,KAFR.TA,3251.843533,6
20/03/2025,KAFR.TA,3254.809642,7
21/03/2025,KAFR.TA,3306.537956,8
22/03/2025,KAFR.TA,3310.980089,9
23/03/2025,KAFR.TA,3335.372692,10
24/03/2025,KAFR.TA,3340.05724,11
25/03/2025,KAFR.TA,3423.561722,12
26/03/2025,KAFR.TA,3347.559757,13
27/03/2025,KAFR.TA,3440.339767,14
28/03/2025,KAFR.TA,3509.912321,15
29/03/2025,KAFR.TA,3501.770336,16
30/03/2025,KAFR.TA,3486.543153,17
31/03/2025,KAFR.TA,3532.359304,18
01/04/2025,KAFR.TA,3622.923934,19
02/04/2025,KAFR.TA,3522.153025,20
03/04/2025,KAFR.TA,3531.393591,21
04/04/2025,KAFR.TA,3536.137804,22
05/04/2025,KAFR.TA,3534.700428,23
06/04/2025,KAFR.TA,3527.131413,24
07/04/2025,KAFR.TA,3537.495269,25
08/04/2025,KAFR.TA,3586.636955,26
09/04/2025,KAFR.TA,3474.831997,27
10/04/2025,KAFR.TA,3563.921709,28
11/04/2025,KAFR.TA,3476.890074,29
12/04/2025,KAFR.TA,3556.218418,30
14/03/2025,KMDA.TA,2478.873082,1
15/03/2025,KMDA.TA,2460.176613,2
16/03/2025,KMDA.TA,2485.559288,3
17/03/2025,KMDA.TA,2438.720356,4
18/03/2025,KMDA.TA,2477.524449,5
19/03/2025,KMDA.TA,2473.020142,6
20/03/2025,KMDA.TA,2364.840699,7
21/03/2025,KMDA.TA,2357.705309,8
22/03/2025,KMDA.TA,2361.624486,9
23/03/2025,KMDA.TA,2391.948387,10
24/03/2025,KMDA.TA,2382.358794,11
25/03/2025,KMDA.TA,2387.728952,12
26/03/2025,KMDA.TA,2464.863422,13
27/03/2025,KMDA.TA,2503.592674,14
28/03/2025,KMDA.TA,2513.594935,15
29/03/2025,KMDA.TA,2558.044982,16
30/03/2025,KMDA.TA,2568.484897,17
31/03/2025,KMDA.TA,2579.058508,18
01/04/2025,KMDA.TA,2618.511255,19
02/04/2025,KMDA.TA,2696.605902,20
03/04/2025,KMDA.TA,2684.893923,21
04/04/2025,KMDA.TA,2683.982902,22
05/04/2025,KMDA.TA,2764.030179,23
06/04/2025,KMDA.TA,2776.194775,24
07/04/2025,KMDA.TA,2723.878984,25
08/04/2025,KMDA.TA,2559.002903,26
09/04/2025,KMDA.TA,2555.599427,27
10/04/2025,KMDA.TA,2631.817788,28
11/04/2025,KMDA.TA,2615.400595,29
12/04/2025,KMDA.TA,2670.374023,30
14/03/2025,KRDI.TA,337.1740142,1
15/03/2025,KRDI.TA,336.3890434,2
16/03/2025,KRDI.TA,331.8232356,3
17/03/2025,KRDI.TA,339.348854,4
18/03/2025,KRDI.TA,336.3350983,5
19/03/2025,KRDI.TA,341.5289514,6
20/03/2025,KRDI.TA,334.4174826,7
21/03/2025,KRDI.TA,331.6015132,8
22/03/2025,KRDI.TA,330.2017688,9
23/03/2025,KRDI.TA,349.2576986,10
24/03/2025,KRDI.TA,350.0314275,11
25/03/2025,KRDI.TA,355.4384504,12
26/03/2025,KRDI.TA,351.0753865,13
27/03/2025,KRDI.TA,352.955637,14
28/03/2025,KRDI.TA,353.7554156,15
29/03/2025,KRDI.TA,354.7113224,16
30/03/2025,KRDI.TA,369.5884485,17
31/03/2025,KRDI.TA,371.9929216,18
01/04/2025,KRDI.TA,372.8081698,19
02/04/2025,KRDI.TA,363.2273343,20
03/04/2025,KRDI.TA,371.1022155,21
04/04/2025,KRDI.TA,368.4704753,22
05/04/2025,KRDI.TA,370.2352632,23
06/04/2025,KRDI.TA,378.2620784,24
07/04/2025,KRDI.TA,378.4087898,25
08/04/2025,KRDI.TA,374.992637,26
09/04/2025,KRDI.TA,376.1051188,27
10/04/2025,KRDI.TA,372.9929655,28
11/04/2025,KRDI.TA,377.1380095,29
12/04/2025,KRDI.TA,376.5663898,30
14/03/2025,KARE.TA,573.246324,1
15/03/2025,KARE.TA,582.3318962,2
16/03/2025,KARE.TA,587.5883306,3
17/03/2025,KARE.TA,595.6022085,4
18/03/2025,KARE.TA,596.0138083,5
19/03/2025,KARE.TA,582.7347532,6
20/03/2025,KARE.TA,590.9100287,7
21/03/2025,KARE.TA,597.2364371,8
22/03/2025,KARE.TA,597.8588184,9
23/03/2025,KARE.TA,595.5980806,10
24/03/2025,KARE.TA,630.2377885,11
25/03/2025,KARE.TA,637.2874544,12
26/03/2025,KARE.TA,642.3918243,13
27/03/2025,KARE.TA,642.9623571,14
28/03/2025,KARE.TA,651.7314587,15
29/03/2025,KARE.TA,674.6674027,16
30/03/2025,KARE.TA,667.5273204,17
31/03/2025,KARE.TA,662.1123702,18
01/04/2025,KARE.TA,662.6663811,19
02/04/2025,KARE.TA,661.438002,20
03/04/2025,KARE.TA,659.090959,21
04/04/2025,KARE.TA,659.777799,22
05/04/2025,KARE.TA,666.159223,23
06/04/2025,KARE.TA,675.8495132,24
07/04/2025,KARE.TA,840.3122235,25
08/04/2025,KARE.TA,841.3593331,26
09/04/2025,KARE.TA,849.7455325,27
10/04/2025,KARE.TA,858.1196543,28
11/04/2025,KARE.TA,869.8231987,29
12/04/2025,KARE.TA,893.2298869,30
14/03/2025,KEN.TA,13086.96521,1
15/03/2025,KEN.TA,12906.36096,2
16/03/2025,KEN.TA,13131.11837,3
17/03/2025,KEN.TA,13267.2193,4
18/03/2025,KEN.TA,13225.09495,5
19/03/2025,KEN.TA,13392.30241,6
20/03/2025,KEN.TA,13483.32748,7
21/03/2025,KEN.TA,13349.97292,8
22/03/2025,KEN.TA,13327.95932,9
23/03/2025,KEN.TA,14087.39495,10
24/03/2025,KEN.TA,13904.64599,11
25/03/2025,KEN.TA,13818.17725,12
26/03/2025,KEN.TA,13613.59045,13
27/03/2025,KEN.TA,13608.76998,14
28/03/2025,KEN.TA,13667.84466,15
29/03/2025,KEN.TA,13663.00498,16
30/03/2025,KEN.TA,13479.66827,17
31/03/2025,KEN.TA,13334.16553,18
01/04/2025,KEN.TA,13283.12118,19
02/04/2025,KEN.TA,13738.08744,20
03/04/2025,KEN.TA,13749.68652,21
04/04/2025,KEN.TA,13865.09241,22
05/04/2025,KEN.TA,13727.96207,23
06/04/2025,KEN.TA,13373.60587,24
07/04/2025,KEN.TA,13401.33868,25
08/04/2025,KEN.TA,13360.21241,26
09/04/2025,KEN.TA,13237.80752,27
10/04/2025,KEN.TA,13570.5763,28
11/04/2025,KEN.TA,14670.44321,29
12/04/2025,KEN.TA,14504.4512,30
14/03/2025,KRUR.TA,7452.748134,1
15/03/2025,KRUR.TA,7427.288595,2
16/03/2025,KRUR.TA,7385.625739,3
17/03/2025,KRUR.TA,7389.554155,4
18/03/2025,KRUR.TA,7457.10697,5
19/03/2025,KRUR.TA,7484.697827,6
20/03/2025,KRUR.TA,7590.641669,7
21/03/2025,KRUR.TA,7610.372646,8
22/03/2025,KRUR.TA,7646.913367,9
23/03/2025,KRUR.TA,7635.484093,10
24/03/2025,KRUR.TA,7595.557126,11
25/03/2025,KRUR.TA,7613.674829,12
26/03/2025,KRUR.TA,7455.148956,13
27/03/2025,KRUR.TA,7465.919364,14
28/03/2025,KRUR.TA,7396.404878,15
29/03/2025,KRUR.TA,7473.959999,16
30/03/2025,KRUR.TA,7425.650758,17
31/03/2025,KRUR.TA,7462.874988,18
01/04/2025,KRUR.TA,7364.695556,19
02/04/2025,KRUR.TA,7351.541116,20
03/04/2025,KRUR.TA,7342.516193,21
04/04/2025,KRUR.TA,7419.506263,22
05/04/2025,KRUR.TA,7265.023213,23
06/04/2025,KRUR.TA,7298.793359,24
07/04/2025,KRUR.TA,7055.283829,25
08/04/2025,KRUR.TA,6819.898503,26
09/04/2025,KRUR.TA,6766.466719,27
10/04/2025,KRUR.TA,6862.62113,28
11/04/2025,KRUR.TA,6921.783445,29
12/04/2025,KRUR.TA,7020.144974,30
14/03/2025,KSTN.TA,727.978267,1
15/03/2025,KSTN.TA,736.4494566,2
16/03/2025,KSTN.TA,735.9708335,3
17/03/2025,KSTN.TA,741.8119482,4
18/03/2025,KSTN.TA,745.2101809,5
19/03/2025,KSTN.TA,735.8692509,6
20/03/2025,KSTN.TA,744.4322648,7
21/03/2025,KSTN.TA,804.2194272,8
22/03/2025,KSTN.TA,810.6022045,9
23/03/2025,KSTN.TA,808.0117184,10
24/03/2025,KSTN.TA,813.2053734,11
25/03/2025,KSTN.TA,808.3360385,12
26/03/2025,KSTN.TA,848.4632995,13
27/03/2025,KSTN.TA,858.2846467,14
28/03/2025,KSTN.TA,868.2862005,15
29/03/2025,KSTN.TA,878.390097,16
30/03/2025,KSTN.TA,883.3685284,17
31/03/2025,KSTN.TA,879.7679618,18
01/04/2025,KSTN.TA,868.7404004,19
02/04/2025,KSTN.TA,875.1799613,20
03/04/2025,KSTN.TA,878.6330633,21
04/04/2025,KSTN.TA,868.985792,22
05/04/2025,KSTN.TA,865.7991872,23
06/04/2025,KSTN.TA,875.8883075,24
07/04/2025,KSTN.TA,886.0271116,25
08/04/2025,KSTN.TA,891.1822385,26
09/04/2025,KSTN.TA,892.2377015,27
10/04/2025,KSTN.TA,885.1935729,28
11/04/2025,KSTN.TA,892.2190105,29
12/04/2025,KSTN.TA,913.5235153,30
14/03/2025,KLIL.TA,19529.56247,1
15/03/2025,KLIL.TA,19712.42437,2
16/03/2025,KLIL.TA,19907.80661,3
17/03/2025,KLIL.TA,20079.0581,4
18/03/2025,KLIL.TA,21540.09216,5
19/03/2025,KLIL.TA,21697.6797,6
20/03/2025,KLIL.TA,20817.98148,7
21/03/2025,KLIL.TA,21167.11624,8
22/03/2025,KLIL.TA,21210.64807,9
23/03/2025,KLIL.TA,21411.50158,10
24/03/2025,KLIL.TA,21232.44755,11
25/03/2025,KLIL.TA,20552.16088,12
26/03/2025,KLIL.TA,20393.5546,13
27/03/2025,KLIL.TA,20102.09844,14
28/03/2025,KLIL.TA,19964.68426,15
29/03/2025,KLIL.TA,19865.72194,16
30/03/2025,KLIL.TA,21029.1287,17
31/03/2025,KLIL.TA,21152.48976,18
01/04/2025,KLIL.TA,20801.76028,19
02/04/2025,KLIL.TA,20318.94774,20
03/04/2025,KLIL.TA,20011.15548,21
04/04/2025,KLIL.TA,20043.71247,22
05/04/2025,KLIL.TA,19266.18211,23
06/04/2025,KLIL.TA,19169.64308,24
07/04/2025,KLIL.TA,17971.83096,25
08/04/2025,KLIL.TA,17421.72077,26
09/04/2025,KLIL.TA,17438.19645,27
10/04/2025,KLIL.TA,17448.06268,28
11/04/2025,KLIL.TA,17532.69771,29
12/04/2025,KLIL.TA,17173.41126,30
14/03/2025,KNFM.TA,1756.226763,1
15/03/2025,KNFM.TA,1732.993712,2
16/03/2025,KNFM.TA,1744.519766,3
17/03/2025,KNFM.TA,1745.202397,4
18/03/2025,KNFM.TA,1732.223903,5
19/03/2025,KNFM.TA,1715.360279,6
20/03/2025,KNFM.TA,1750.022612,7
21/03/2025,KNFM.TA,1783.872218,8
22/03/2025,KNFM.TA,1828.02674,9
23/03/2025,KNFM.TA,1830.566097,10
24/03/2025,KNFM.TA,1877.718627,11
25/03/2025,KNFM.TA,1879.388643,12
26/03/2025,KNFM.TA,1906.516877,13
27/03/2025,KNFM.TA,2001.154238,14
28/03/2025,KNFM.TA,1954.258083,15
29/03/2025,KNFM.TA,1908.460918,16
30/03/2025,KNFM.TA,1905.320969,17
31/03/2025,KNFM.TA,1880.115556,18
01/04/2025,KNFM.TA,1874.698977,19
02/04/2025,KNFM.TA,1862.97668,20
03/04/2025,KNFM.TA,1854.890503,21
04/04/2025,KNFM.TA,1882.599676,22
05/04/2025,KNFM.TA,1857.694842,23
06/04/2025,KNFM.TA,1863.188364,24
07/04/2025,KNFM.TA,1853.426519,25
08/04/2025,KNFM.TA,1859.989358,26
09/04/2025,KNFM.TA,1869.12096,27
10/04/2025,KNFM.TA,1851.021066,28
11/04/2025,KNFM.TA,1845.238805,29
12/04/2025,KNFM.TA,1851.772652,30
14/03/2025,LHIS.TA,1553.726544,1
15/03/2025,LHIS.TA,1650.535535,2
16/03/2025,LHIS.TA,1703.950168,3
17/03/2025,LHIS.TA,1775.873228,4
18/03/2025,LHIS.TA,1833.34404,5
19/03/2025,LHIS.TA,2699.615404,6
20/03/2025,LHIS.TA,2699.968186,7
21/03/2025,LHIS.TA,2679.759678,8
22/03/2025,LHIS.TA,-9547.191568,9
23/03/2025,LHIS.TA,-9515.678439,10
24/03/2025,LHIS.TA,-9578.339373,11
25/03/2025,LHIS.TA,-9579.739934,12
26/03/2025,LHIS.TA,-9417.648339,13
27/03/2025,LHIS.TA,-8383.138002,14
28/03/2025,LHIS.TA,-8165.475113,15
29/03/2025,LHIS.TA,-7977.473111,16
30/03/2025,LHIS.TA,-9005.859304,17
31/03/2025,LHIS.TA,-8921.44851,18
01/04/2025,LHIS.TA,-8941.634398,19
02/04/2025,LHIS.TA,31856.40012,20
03/04/2025,LHIS.TA,31317.38186,21
04/04/2025,LHIS.TA,31232.07997,22
05/04/2025,LHIS.TA,29926.02655,23
06/04/2025,LHIS.TA,29929.51589,24
07/04/2025,LHIS.TA,28852.3772,25
08/04/2025,LHIS.TA,29823.86637,26
09/04/2025,LHIS.TA,30086.70433,27
10/04/2025,LHIS.TA,30206.24281,28
11/04/2025,LHIS.TA,29639.03877,29
12/04/2025,LHIS.TA,30561.52957,30
14/03/2025,LAHAV.TA,478.6549894,1
15/03/2025,LAHAV.TA,489.5132119,2
16/03/2025,LAHAV.TA,492.0425321,3
17/03/2025,LAHAV.TA,494.5849214,4
18/03/2025,LAHAV.TA,501.0617533,5
19/03/2025,LAHAV.TA,492.6950149,6
20/03/2025,LAHAV.TA,483.3430282,7
21/03/2025,LAHAV.TA,478.5456019,8
22/03/2025,LAHAV.TA,492.2011364,9
23/03/2025,LAHAV.TA,487.3157888,10
24/03/2025,LAHAV.TA,483.5798674,11
25/03/2025,LAHAV.TA,489.8541855,12
26/03/2025,LAHAV.TA,487.6843544,13
27/03/2025,LAHAV.TA,484.8645125,14
28/03/2025,LAHAV.TA,482.1125546,15
29/03/2025,LAHAV.TA,480.5364649,16
30/03/2025,LAHAV.TA,493.7277586,17
31/03/2025,LAHAV.TA,490.4448192,18
01/04/2025,LAHAV.TA,490.6466791,19
02/04/2025,LAHAV.TA,496.8637819,20
03/04/2025,LAHAV.TA,497.5525431,21
04/04/2025,LAHAV.TA,489.3462789,22
05/04/2025,LAHAV.TA,487.9291192,23
06/04/2025,LAHAV.TA,485.7678152,24
07/04/2025,LAHAV.TA,482.959055,25
08/04/2025,LAHAV.TA,481.5603928,26
09/04/2025,LAHAV.TA,492.2442184,27
10/04/2025,LAHAV.TA,498.4815639,28
11/04/2025,LAHAV.TA,495.9578953,29
12/04/2025,LAHAV.TA,495.0775124,30
13/03/2025,LPHL.TA,110.4584943,1
14/03/2025,LPHL.TA,111.7664555,2
15/03/2025,LPHL.TA,113.7067475,3
16/03/2025,LPHL.TA,113.863152,4
17/03/2025,LPHL.TA,115.9279125,5
18/03/2025,LPHL.TA,115.881535,6
19/03/2025,LPHL.TA,117.7233026,7
20/03/2025,LPHL.TA,118.1783418,8
21/03/2025,LPHL.TA,119.6781624,9
22/03/2025,LPHL.TA,119.3586293,10
23/03/2025,LPHL.TA,119.1703942,11
24/03/2025,LPHL.TA,119.8992818,12
25/03/2025,LPHL.TA,115.5602982,13
26/03/2025,LPHL.TA,117.1042336,14
27/03/2025,LPHL.TA,112.8663988,15
28/03/2025,LPHL.TA,113.3620211,16
29/03/2025,LPHL.TA,115.8998312,17
30/03/2025,LPHL.TA,116.0568747,18
31/03/2025,LPHL.TA,117.7520856,19
01/04/2025,LPHL.TA,119.2464965,20
02/04/2025,LPHL.TA,121.7588471,21
03/04/2025,LPHL.TA,121.3528547,22
04/04/2025,LPHL.TA,123.021458,23
05/04/2025,LPHL.TA,121.0812728,24
06/04/2025,LPHL.TA,122.6989709,25
07/04/2025,LPHL.TA,123.4494405,26
08/04/2025,LPHL.TA,124.336055,27
09/04/2025,LPHL.TA,124.7188924,28
10/04/2025,LPHL.TA,127.1928235,29
11/04/2025,LPHL.TA,126.0829022,30
14/03/2025,LSCO.TA,432.4507475,1
15/03/2025,LSCO.TA,435.2001767,2
16/03/2025,LSCO.TA,429.4151066,3
17/03/2025,LSCO.TA,431.8952485,4
18/03/2025,LSCO.TA,429.1956583,5
19/03/2025,LSCO.TA,446.2283926,6
20/03/2025,LSCO.TA,476.0367587,7
21/03/2025,LSCO.TA,478.8154731,8
22/03/2025,LSCO.TA,471.8426621,9
23/03/2025,LSCO.TA,468.8933778,10
24/03/2025,LSCO.TA,467.7699053,11
25/03/2025,LSCO.TA,453.3705238,12
26/03/2025,LSCO.TA,460.0405266,13
27/03/2025,LSCO.TA,449.5995069,14
28/03/2025,LSCO.TA,434.5627414,15
29/03/2025,LSCO.TA,425.5950103,16
30/03/2025,LSCO.TA,428.3008521,17
31/03/2025,LSCO.TA,433.8208091,18
01/04/2025,LSCO.TA,427.0214685,19
02/04/2025,LSCO.TA,418.2093607,20
03/04/2025,LSCO.TA,435.7829297,21
04/04/2025,LSCO.TA,434.6629989,22
05/04/2025,LSCO.TA,407.7770514,23
06/04/2025,LSCO.TA,411.0218194,24
07/04/2025,LSCO.TA,407.9462815,25
08/04/2025,LSCO.TA,399.8803287,26
09/04/2025,LSCO.TA,400.6539745,27
10/04/2025,LSCO.TA,401.8361164,28
11/04/2025,LSCO.TA,386.3178563,29
12/04/2025,LSCO.TA,391.3313912,30
14/03/2025,LUMI.TA,4853.089083,1
15/03/2025,LUMI.TA,4874.22343,2
16/03/2025,LUMI.TA,4839.362645,3
17/03/2025,LUMI.TA,4894.112584,4
18/03/2025,LUMI.TA,4863.153667,5
19/03/2025,LUMI.TA,4863.491646,6
20/03/2025,LUMI.TA,4858.312659,7
21/03/2025,LUMI.TA,4910.497182,8
22/03/2025,LUMI.TA,4985.05086,9
23/03/2025,LUMI.TA,5016.242087,10
24/03/2025,LUMI.TA,5037.801496,11
25/03/2025,LUMI.TA,5059.740233,12
26/03/2025,LUMI.TA,5025.523742,13
27/03/2025,LUMI.TA,5029.031672,14
28/03/2025,LUMI.TA,5075.553086,15
29/03/2025,LUMI.TA,5148.440013,16
30/03/2025,LUMI.TA,5073.673898,17
31/03/2025,LUMI.TA,5072.307253,18
01/04/2025,LUMI.TA,5001.382666,19
02/04/2025,LUMI.TA,5033.431241,20
03/04/2025,LUMI.TA,5075.362162,21
04/04/2025,LUMI.TA,5039.005161,22
05/04/2025,LUMI.TA,4965.828269,23
06/04/2025,LUMI.TA,4958.090592,24
07/04/2025,LUMI.TA,4971.873132,25
08/04/2025,LUMI.TA,5025.277441,26
09/04/2025,LUMI.TA,5042.225774,27
10/04/2025,LUMI.TA,5059.231268,28
11/04/2025,LUMI.TA,5122.844369,29
12/04/2025,LUMI.TA,5123.200396,30
14/03/2025,LEOF.TA,487.3837544,1
15/03/2025,LEOF.TA,490.6364409,2
16/03/2025,LEOF.TA,449.3680534,3
17/03/2025,LEOF.TA,466.7297796,4
18/03/2025,LEOF.TA,474.9627283,5
19/03/2025,LEOF.TA,505.4807744,6
20/03/2025,LEOF.TA,497.1889001,7
21/03/2025,LEOF.TA,496.6760762,8
22/03/2025,LEOF.TA,497.3276401,9
23/03/2025,LEOF.TA,529.9587016,10
24/03/2025,LEOF.TA,531.2848135,11
25/03/2025,LEOF.TA,518.9882913,12
26/03/2025,LEOF.TA,528.6486078,13
27/03/2025,LEOF.TA,509.2415516,14
28/03/2025,LEOF.TA,506.2168546,15
29/03/2025,LEOF.TA,515.4464972,16
30/03/2025,LEOF.TA,491.720381,17
31/03/2025,LEOF.TA,491.6762952,18
01/04/2025,LEOF.TA,458.9855987,19
02/04/2025,LEOF.TA,461.8110629,20
03/04/2025,LEOF.TA,512.0964505,21
04/04/2025,LEOF.TA,514.4179,22
05/04/2025,LEOF.TA,542.5895657,23
06/04/2025,LEOF.TA,539.1625852,24
07/04/2025,LEOF.TA,574.7686032,25
08/04/2025,LEOF.TA,581.436995,26
09/04/2025,LEOF.TA,543.0861115,27
10/04/2025,LEOF.TA,539.6559948,28
11/04/2025,LEOF.TA,521.6380479,29
12/04/2025,LEOF.TA,531.7240961,30
14/03/2025,LEVI.TA,39019.08825,1
15/03/2025,LEVI.TA,39078.74641,2
16/03/2025,LEVI.TA,39664.71496,3
17/03/2025,LEVI.TA,39525.50978,4
18/03/2025,LEVI.TA,39233.84255,5
19/03/2025,LEVI.TA,40088.96991,6
20/03/2025,LEVI.TA,39526.63418,7
21/03/2025,LEVI.TA,39764.5687,8
22/03/2025,LEVI.TA,39843.05106,9
23/03/2025,LEVI.TA,40440.48001,10
24/03/2025,LEVI.TA,40405.50876,11
25/03/2025,LEVI.TA,39913.38878,12
26/03/2025,LEVI.TA,39724.44255,13
27/03/2025,LEVI.TA,40251.83698,14
28/03/2025,LEVI.TA,40229.37216,15
29/03/2025,LEVI.TA,40073.00366,16
30/03/2025,LEVI.TA,41389.58704,17
31/03/2025,LEVI.TA,41788.93006,18
01/04/2025,LEVI.TA,41595.04621,19
02/04/2025,LEVI.TA,41726.61476,20
03/04/2025,LEVI.TA,41293.42671,21
04/04/2025,LEVI.TA,43705.38723,22
05/04/2025,LEVI.TA,43502.61179,23
06/04/2025,LEVI.TA,44852.21453,24
07/04/2025,LEVI.TA,46325.81707,25
08/04/2025,LEVI.TA,46612.9134,26
09/04/2025,LEVI.TA,46577.82197,27
10/04/2025,LEVI.TA,46521.91366,28
11/04/2025,LEVI.TA,48209.49695,29
12/04/2025,LEVI.TA,50340.18984,30
20/01/2025,LVPR.TA,4152.039739,1
21/01/2025,LVPR.TA,4127.332499,2
22/01/2025,LVPR.TA,4140.869443,3
23/01/2025,LVPR.TA,4147.645917,4
24/01/2025,LVPR.TA,3980.852182,5
25/01/2025,LVPR.TA,3965.454276,6
26/01/2025,LVPR.TA,4047.963647,7
27/01/2025,LVPR.TA,4222.657491,8
28/01/2025,LVPR.TA,4213.868492,9
29/01/2025,LVPR.TA,4210.907603,10
30/01/2025,LVPR.TA,4150.697636,11
31/01/2025,LVPR.TA,4179.520845,12
01/02/2025,LVPR.TA,4199.710171,13
02/02/2025,LVPR.TA,4170.601473,14
03/02/2025,LVPR.TA,4198.922742,15
04/02/2025,LVPR.TA,4195.972356,16
05/02/2025,LVPR.TA,4055.285564,17
06/02/2025,LVPR.TA,4067.890615,18
07/02/2025,LVPR.TA,4138.204745,19
08/02/2025,LVPR.TA,4153.722572,20
09/02/2025,LVPR.TA,4150.803945,21
10/02/2025,LVPR.TA,4161.861597,22
11/02/2025,LVPR.TA,4156.750993,23
12/02/2025,LVPR.TA,4134.585239,24
13/02/2025,LVPR.TA,4052.824659,25
14/02/2025,LVPR.TA,4141.934864,26
15/02/2025,LVPR.TA,4406.088549,27
16/02/2025,LVPR.TA,4304.679269,28
17/02/2025,LVPR.TA,4315.141663,29
18/02/2025,LVPR.TA,4313.595328,30
14/03/2025,LBRA.TA,1009.108599,1
15/03/2025,LBRA.TA,1000.929872,2
16/03/2025,LBRA.TA,1001.09487,3
17/03/2025,LBRA.TA,974.030397,4
18/03/2025,LBRA.TA,984.1144191,5
19/03/2025,LBRA.TA,967.8818913,6
20/03/2025,LBRA.TA,1007.323337,7
21/03/2025,LBRA.TA,1021.642136,8
22/03/2025,LBRA.TA,1028.057811,9
23/03/2025,LBRA.TA,1020.161313,10
24/03/2025,LBRA.TA,1049.545204,11
25/03/2025,LBRA.TA,1066.082379,12
26/03/2025,LBRA.TA,1050.331477,13
27/03/2025,LBRA.TA,1049.337346,14
28/03/2025,LBRA.TA,1025.110083,15
29/03/2025,LBRA.TA,1038.857747,16
30/03/2025,LBRA.TA,1029.386696,17
31/03/2025,LBRA.TA,1014.177957,18
01/04/2025,LBRA.TA,1019.598502,19
02/04/2025,LBRA.TA,1024.220274,20
03/04/2025,LBRA.TA,1012.779895,21
04/04/2025,LBRA.TA,1017.370758,22
05/04/2025,LBRA.TA,1009.694764,23
06/04/2025,LBRA.TA,1002.760325,24
07/04/2025,LBRA.TA,999.7607988,25
08/04/2025,LBRA.TA,991.6578352,26
09/04/2025,LBRA.TA,996.1529541,27
10/04/2025,LBRA.TA,988.0792317,28
11/04/2025,LBRA.TA,989.9357323,29
12/04/2025,LBRA.TA,958.2460605,30
14/03/2025,LCTX.TA,201.2139554,1
15/03/2025,LCTX.TA,222.7823015,2
16/03/2025,LCTX.TA,211.1565005,3
17/03/2025,LCTX.TA,223.7408446,4
18/03/2025,LCTX.TA,212.1359797,5
19/03/2025,LCTX.TA,208.5228315,6
20/03/2025,LCTX.TA,217.34496,7
21/03/2025,LCTX.TA,209.2756182,8
22/03/2025,LCTX.TA,192.3198637,9
23/03/2025,LCTX.TA,189.1865828,10
24/03/2025,LCTX.TA,184.2728838,11
25/03/2025,LCTX.TA,183.9372456,12
26/03/2025,LCTX.TA,187.5175798,13
27/03/2025,LCTX.TA,193.7356714,14
28/03/2025,LCTX.TA,199.302033,15
29/03/2025,LCTX.TA,196.5108039,16
30/03/2025,LCTX.TA,199.1883844,17
31/03/2025,LCTX.TA,206.0736356,18
01/04/2025,LCTX.TA,205.7510455,19
02/04/2025,LCTX.TA,203.4134988,20
03/04/2025,LCTX.TA,209.3883765,21
04/04/2025,LCTX.TA,196.9898584,22
05/04/2025,LCTX.TA,189.6762381,23
06/04/2025,LCTX.TA,187.1685619,24
07/04/2025,LCTX.TA,183.9806645,25
08/04/2025,LCTX.TA,192.1483433,26
09/04/2025,LCTX.TA,194.7664826,27
10/04/2025,LCTX.TA,182.3758168,28
11/04/2025,LCTX.TA,180.3312477,29
12/04/2025,LCTX.TA,174.9494794,30
14/03/2025,LPSN.TA,403.2254282,1
15/03/2025,LPSN.TA,463.6753017,2
16/03/2025,LPSN.TA,414.6897487,3
17/03/2025,LPSN.TA,409.5991135,4
18/03/2025,LPSN.TA,440.7561877,5
19/03/2025,LPSN.TA,449.6174269,6
20/03/2025,LPSN.TA,422.0553611,7
21/03/2025,LPSN.TA,325.7070404,8
22/03/2025,LPSN.TA,306.2715101,9
23/03/2025,LPSN.TA,276.0639058,10
24/03/2025,LPSN.TA,320.4753816,11
25/03/2025,LPSN.TA,269.8465628,12
26/03/2025,LPSN.TA,268.6220204,13
27/03/2025,LPSN.TA,50.30411136,14
28/03/2025,LPSN.TA,59.26092476,15
29/03/2025,LPSN.TA,46.71551819,16
30/03/2025,LPSN.TA,38.98550464,17
31/03/2025,LPSN.TA,64.18095946,18
01/04/2025,LPSN.TA,71.50020675,19
02/04/2025,LPSN.TA,87.62086783,20
03/04/2025,LPSN.TA,78.40814947,21
04/04/2025,LPSN.TA,95.29434314,22
05/04/2025,LPSN.TA,92.49674066,23
06/04/2025,LPSN.TA,106.5762394,24
07/04/2025,LPSN.TA,106.3593695,25
08/04/2025,LPSN.TA,118.0239097,26
09/04/2025,LPSN.TA,153.3335656,27
10/04/2025,LPSN.TA,148.8320774,28
11/04/2025,LPSN.TA,151.824291,29
12/04/2025,LPSN.TA,131.3719063,30
14/03/2025,LODZ.TA,2631.687724,1
15/03/2025,LODZ.TA,2634.726754,2
16/03/2025,LODZ.TA,2634.706454,3
17/03/2025,LODZ.TA,-122.7975788,4
18/03/2025,LODZ.TA,-122.847345,5
19/03/2025,LODZ.TA,-122.8986232,6
20/03/2025,LODZ.TA,81.31036528,7
21/03/2025,LODZ.TA,75.23916388,8
22/03/2025,LODZ.TA,75.22181282,9
23/03/2025,LODZ.TA,74.51371469,10
24/03/2025,LODZ.TA,74.49767266,11
25/03/2025,LODZ.TA,74.42814902,12
26/03/2025,LODZ.TA,-436.7904473,13
27/03/2025,LODZ.TA,-448.2238299,14
28/03/2025,LODZ.TA,-447.8878721,15
29/03/2025,LODZ.TA,-449.1404363,16
30/03/2025,LODZ.TA,-449.5840762,17
31/03/2025,LODZ.TA,-454.5206094,18
01/04/2025,LODZ.TA,-455.3093389,19
02/04/2025,LODZ.TA,-455.0216938,20
03/04/2025,LODZ.TA,-460.482446,21
04/04/2025,LODZ.TA,-463.2579195,22
05/04/2025,LODZ.TA,-468.8175154,23
06/04/2025,LODZ.TA,-481.0892352,24
07/04/2025,LODZ.TA,-497.7587246,25
08/04/2025,LODZ.TA,-497.8311767,26
09/04/2025,LODZ.TA,17.78852547,27
10/04/2025,LODZ.TA,17.77192465,28
11/04/2025,LODZ.TA,16.82761042,29
12/04/2025,LODZ.TA,16.85464838,30
14/03/2025,LUDN.TA,2315.737693,1
15/03/2025,LUDN.TA,2320.891601,2
16/03/2025,LUDN.TA,2333.416569,3
17/03/2025,LUDN.TA,2345.970596,4
18/03/2025,LUDN.TA,2364.02333,5
19/03/2025,LUDN.TA,2380.225569,6
20/03/2025,LUDN.TA,2359.694067,7
21/03/2025,LUDN.TA,2353.727166,8
22/03/2025,LUDN.TA,2359.566787,9
23/03/2025,LUDN.TA,2385.736907,10
24/03/2025,LUDN.TA,2407.02453,11
25/03/2025,LUDN.TA,2425.524809,12
26/03/2025,LUDN.TA,2432.211232,13
27/03/2025,LUDN.TA,2374.290414,14
28/03/2025,LUDN.TA,2323.82645,15
29/03/2025,LUDN.TA,2344.378786,16
30/03/2025,LUDN.TA,2343.950529,17
31/03/2025,LUDN.TA,2374.49826,18
01/04/2025,LUDN.TA,2399.70585,19
02/04/2025,LUDN.TA,2446.043829,20
03/04/2025,LUDN.TA,2473.745869,21
04/04/2025,LUDN.TA,2414.430631,22
05/04/2025,LUDN.TA,2412.661535,23
06/04/2025,LUDN.TA,2438.274264,24
07/04/2025,LUDN.TA,2456.173912,25
08/04/2025,LUDN.TA,2397.280013,26
09/04/2025,LUDN.TA,2370.301338,27
10/04/2025,LUDN.TA,2373.975231,28
11/04/2025,LUDN.TA,2392.221495,29
12/04/2025,LUDN.TA,2418.75379,30
14/03/2025,LUZN.TA,266.4982578,1
15/03/2025,LUZN.TA,262.8429519,2
16/03/2025,LUZN.TA,265.711477,3
17/03/2025,LUZN.TA,270.2743701,4
18/03/2025,LUZN.TA,274.2138829,5
19/03/2025,LUZN.TA,280.2909419,6
20/03/2025,LUZN.TA,279.7402809,7
21/03/2025,LUZN.TA,284.0758054,8
22/03/2025,LUZN.TA,285.7161267,9
23/03/2025,LUZN.TA,289.6559969,10
24/03/2025,LUZN.TA,289.3258277,11
25/03/2025,LUZN.TA,288.4243841,12
26/03/2025,LUZN.TA,288.7556586,13
27/03/2025,LUZN.TA,290.2802441,14
28/03/2025,LUZN.TA,285.8463867,15
29/03/2025,LUZN.TA,286.197564,16
30/03/2025,LUZN.TA,284.76746,17
31/03/2025,LUZN.TA,283.8802187,18
01/04/2025,LUZN.TA,286.9792909,19
02/04/2025,LUZN.TA,284.6286718,20
03/04/2025,LUZN.TA,288.7774126,21
04/04/2025,LUZN.TA,291.0627056,22
05/04/2025,LUZN.TA,288.6073968,23
06/04/2025,LUZN.TA,284.1990912,24
07/04/2025,LUZN.TA,290.3880265,25
08/04/2025,LUZN.TA,289.9326962,26
09/04/2025,LUZN.TA,289.3630929,27
10/04/2025,LUZN.TA,288.7476389,28
11/04/2025,LUZN.TA,291.2183497,29
12/04/2025,LUZN.TA,296.4021915,30
14/03/2025,LURO.TA,2306.874059,1
15/03/2025,LURO.TA,2301.109506,2
16/03/2025,LURO.TA,2301.314378,3
17/03/2025,LURO.TA,2297.588548,4
18/03/2025,LURO.TA,2297.793105,5
19/03/2025,LURO.TA,2297.215236,6
20/03/2025,LURO.TA,2296.637513,7
21/03/2025,LURO.TA,2296.059934,8
22/03/2025,LURO.TA,2300.654624,9
23/03/2025,LURO.TA,2294.905613,10
24/03/2025,LURO.TA,2291.190159,11
25/03/2025,LURO.TA,2287.48072,12
26/03/2025,LURO.TA,2289.044736,13
27/03/2025,LURO.TA,2283.324737,14
28/03/2025,LURO.TA,2277.619031,15
29/03/2025,LURO.TA,2275.852554,16
30/03/2025,LURO.TA,2274.087448,17
31/03/2025,LURO.TA,2272.32371,18
01/04/2025,LURO.TA,2276.870901,19
02/04/2025,LURO.TA,2275.517873,20
03/04/2025,LURO.TA,2271.833807,21
04/04/2025,LURO.TA,2268.155706,22
05/04/2025,LURO.TA,2262.487905,23
06/04/2025,LURO.TA,2264.034833,24
07/04/2025,LURO.TA,2258.37733,25
08/04/2025,LURO.TA,2254.721015,26
09/04/2025,LURO.TA,2254.921756,27
10/04/2025,LURO.TA,2256.463511,28
11/04/2025,LURO.TA,2255.122609,29
12/04/2025,LURO.TA,2253.37358,30
14/03/2025,MGIC.TA,5022.545214,1
15/03/2025,MGIC.TA,5001.53049,2
16/03/2025,MGIC.TA,4989.162222,3
17/03/2025,MGIC.TA,4824.029867,4
18/03/2025,MGIC.TA,4814.508476,5
19/03/2025,MGIC.TA,4809.031127,6
20/03/2025,MGIC.TA,4799.480371,7
21/03/2025,MGIC.TA,4818.230131,8
22/03/2025,MGIC.TA,4834.692284,9
23/03/2025,MGIC.TA,4928.196011,10
24/03/2025,MGIC.TA,4812.300388,11
25/03/2025,MGIC.TA,4891.940491,12
26/03/2025,MGIC.TA,4836.234513,13
27/03/2025,MGIC.TA,4746.529732,14
28/03/2025,MGIC.TA,4715.225327,15
29/03/2025,MGIC.TA,4654.331003,16
30/03/2025,MGIC.TA,4703.061294,17
31/03/2025,MGIC.TA,4719.742054,18
01/04/2025,MGIC.TA,4710.4265,19
02/04/2025,MGIC.TA,4658.606667,20
03/04/2025,MGIC.TA,4724.234661,21
04/04/2025,MGIC.TA,5064.329176,22
05/04/2025,MGIC.TA,5097.381902,23
06/04/2025,MGIC.TA,5024.63212,24
07/04/2025,MGIC.TA,4984.308867,25
08/04/2025,MGIC.TA,5014.180788,26
09/04/2025,MGIC.TA,5061.520543,27
10/04/2025,MGIC.TA,4989.282573,28
11/04/2025,MGIC.TA,4959.937079,29
12/04/2025,MGIC.TA,4975.554231,30
14/03/2025,MLTM.TA,8806.320836,1
15/03/2025,MLTM.TA,8985.005453,2
16/03/2025,MLTM.TA,9021.418982,3
17/03/2025,MLTM.TA,9602.277902,4
18/03/2025,MLTM.TA,9612.02035,5
19/03/2025,MLTM.TA,9973.146612,6
20/03/2025,MLTM.TA,10149.22755,7
21/03/2025,MLTM.TA,10510.31432,8
22/03/2025,MLTM.TA,10485.69583,9
23/03/2025,MLTM.TA,10362.93803,10
24/03/2025,MLTM.TA,10207.6157,11
25/03/2025,MLTM.TA,10667.08967,12
26/03/2025,MLTM.TA,10834.23612,13
27/03/2025,MLTM.TA,10817.59447,14
28/03/2025,MLTM.TA,11148.06512,15
29/03/2025,MLTM.TA,11191.56887,16
30/03/2025,MLTM.TA,10865.20734,17
31/03/2025,MLTM.TA,10913.40765,18
01/04/2025,MLTM.TA,10595.15768,19
02/04/2025,MLTM.TA,10515.68873,20
03/04/2025,MLTM.TA,10548.45536,21
04/04/2025,MLTM.TA,10466.0982,22
05/04/2025,MLTM.TA,10317.70937,23
06/04/2025,MLTM.TA,10161.29649,24
07/04/2025,MLTM.TA,10159.42991,25
08/04/2025,MLTM.TA,10155.92294,26
09/04/2025,MLTM.TA,10303.79734,27
10/04/2025,MLTM.TA,10485.71608,28
11/04/2025,MLTM.TA,10477.8817,29
12/04/2025,MLTM.TA,10329.32581,30
14/03/2025,MSLA.TA,1280.820007,1
15/03/2025,MSLA.TA,1234.165186,2
16/03/2025,MSLA.TA,1233.645637,3
17/03/2025,MSLA.TA,1188.709178,4
18/03/2025,MSLA.TA,1188.744465,5
19/03/2025,MSLA.TA,1188.326835,6
20/03/2025,MSLA.TA,1207.476675,7
21/03/2025,MSLA.TA,1257.73235,8
22/03/2025,MSLA.TA,1248.854888,9
23/03/2025,MSLA.TA,1232.003433,10
24/03/2025,MSLA.TA,1224.349988,11
25/03/2025,MSLA.TA,1223.901348,12
26/03/2025,MSLA.TA,1224.89941,13
27/03/2025,MSLA.TA,1236.343157,14
28/03/2025,MSLA.TA,1224.063159,15
29/03/2025,MSLA.TA,1185.424863,16
30/03/2025,MSLA.TA,1170.301167,17
31/03/2025,MSLA.TA,1167.683143,18
01/04/2025,MSLA.TA,1182.259371,19
02/04/2025,MSLA.TA,1170.516561,20
03/04/2025,MSLA.TA,1141.054282,21
04/04/2025,MSLA.TA,1127.671849,22
05/04/2025,MSLA.TA,1148.856229,23
06/04/2025,MSLA.TA,1144.02314,24
07/04/2025,MSLA.TA,1134.677082,25
08/04/2025,MSLA.TA,1151.909585,26
09/04/2025,MSLA.TA,1150.782078,27
10/04/2025,MSLA.TA,1160.756706,28
11/04/2025,MSLA.TA,1174.457987,29
12/04/2025,MSLA.TA,1187.529183,30
14/03/2025,MSVT.TA,180.2853267,1
15/03/2025,MSVT.TA,182.3526518,2
16/03/2025,MSVT.TA,197.8976629,3
17/03/2025,MSVT.TA,163.6566675,4
18/03/2025,MSVT.TA,160.5405172,5
19/03/2025,MSVT.TA,144.6244767,6
20/03/2025,MSVT.TA,156.9532752,7
21/03/2025,MSVT.TA,45.1233335,8
22/03/2025,MSVT.TA,42.80373283,9
23/03/2025,MSVT.TA,18.38743902,10
24/03/2025,MSVT.TA,17.9889288,11
25/03/2025,MSVT.TA,19.17557161,12
26/03/2025,MSVT.TA,19.25882182,13
27/03/2025,MSVT.TA,16.98833387,14
28/03/2025,MSVT.TA,17.38760131,15
29/03/2025,MSVT.TA,14.37913336,16
30/03/2025,MSVT.TA,13.66393764,17
31/03/2025,MSVT.TA,14.60787833,18
01/04/2025,MSVT.TA,11.56336772,19
02/04/2025,MSVT.TA,10.57409699,20
03/04/2025,MSVT.TA,10.62000414,21
04/04/2025,MSVT.TA,11.63379313,22
05/04/2025,MSVT.TA,15.07777485,23
06/04/2025,MSVT.TA,13.19834559,24
07/04/2025,MSVT.TA,13.05521949,25
08/04/2025,MSVT.TA,11.09390273,26
09/04/2025,MSVT.TA,10.85346503,27
10/04/2025,MSVT.TA,12.27286129,28
11/04/2025,MSVT.TA,12.85929126,29
12/04/2025,MSVT.TA,12.15255867,30
14/03/2025,MTLF.TA,344.9567218,1
15/03/2025,MTLF.TA,347.4455912,2
16/03/2025,MTLF.TA,343.6940411,3
17/03/2025,MTLF.TA,346.1738003,4
18/03/2025,MTLF.TA,359.0039756,5
19/03/2025,MTLF.TA,350.5093005,6
20/03/2025,MTLF.TA,336.1239505,7
21/03/2025,MTLF.TA,343.9596058,8
22/03/2025,MTLF.TA,347.0974135,9
23/03/2025,MTLF.TA,347.1127259,10
24/03/2025,MTLF.TA,326.1542489,11
25/03/2025,MTLF.TA,325.2899739,12
26/03/2025,MTLF.TA,318.1056972,13
27/03/2025,MTLF.TA,318.2112934,14
28/03/2025,MTLF.TA,324.2434896,15
29/03/2025,MTLF.TA,328.8649437,16
30/03/2025,MTLF.TA,357.262778,17
31/03/2025,MTLF.TA,360.2173723,18
01/04/2025,MTLF.TA,398.7686499,19
02/04/2025,MTLF.TA,402.6935533,20
03/04/2025,MTLF.TA,401.626457,21
04/04/2025,MTLF.TA,398.2697681,22
05/04/2025,MTLF.TA,399.2443021,23
06/04/2025,MTLF.TA,402.1248575,24
07/04/2025,MTLF.TA,407.2203015,25
08/04/2025,MTLF.TA,418.7365898,26
09/04/2025,MTLF.TA,422.8580287,27
10/04/2025,MTLF.TA,417.716216,28
11/04/2025,MTLF.TA,410.4501723,29
12/04/2025,MTLF.TA,407.711024,30
14/03/2025,MTRX.TA,9096.319569,1
15/03/2025,MTRX.TA,9050.627846,2
16/03/2025,MTRX.TA,9170.649596,3
17/03/2025,MTRX.TA,9122.133652,4
18/03/2025,MTRX.TA,8980.789209,5
19/03/2025,MTRX.TA,8929.406823,6
20/03/2025,MTRX.TA,9064.811006,7
21/03/2025,MTRX.TA,8979.024023,8
22/03/2025,MTRX.TA,8939.56484,9
23/03/2025,MTRX.TA,8901.034926,10
24/03/2025,MTRX.TA,8768.111831,11
25/03/2025,MTRX.TA,9016.245174,12
26/03/2025,MTRX.TA,9014.274949,13
27/03/2025,MTRX.TA,9004.169365,14
28/03/2025,MTRX.TA,8941.424721,15
29/03/2025,MTRX.TA,8860.944373,16
30/03/2025,MTRX.TA,8830.529907,17
31/03/2025,MTRX.TA,8824.117728,18
01/04/2025,MTRX.TA,8859.438881,19
02/04/2025,MTRX.TA,8876.184819,20
03/04/2025,MTRX.TA,8773.046987,21
04/04/2025,MTRX.TA,8631.683184,22
05/04/2025,MTRX.TA,8660.740016,23
06/04/2025,MTRX.TA,8649.1186,24
07/04/2025,MTRX.TA,8531.757601,25
08/04/2025,MTRX.TA,8682.785136,26
09/04/2025,MTRX.TA,8784.221827,27
10/04/2025,MTRX.TA,8940.229524,28
11/04/2025,MTRX.TA,8793.154271,29
12/04/2025,MTRX.TA,8979.57779,30
14/03/2025,MAXO.TA,1240.602451,1
15/03/2025,MAXO.TA,1256.908645,2
16/03/2025,MAXO.TA,1217.649281,3
17/03/2025,MAXO.TA,1236.009201,4
18/03/2025,MAXO.TA,1244.782317,5
19/03/2025,MAXO.TA,1271.938735,6
20/03/2025,MAXO.TA,1284.895183,7
21/03/2025,MAXO.TA,1288.887426,8
22/03/2025,MAXO.TA,1269.985719,9
23/03/2025,MAXO.TA,1289.939246,10
24/03/2025,MAXO.TA,1267.652485,11
25/03/2025,MAXO.TA,1269.401644,12
26/03/2025,MAXO.TA,1270.750063,13
27/03/2025,MAXO.TA,1249.833464,14
28/03/2025,MAXO.TA,1241.444325,15
29/03/2025,MAXO.TA,1266.622461,16
30/03/2025,MAXO.TA,1231.522485,17
31/03/2025,MAXO.TA,1239.457442,18
01/04/2025,MAXO.TA,1237.09802,19
02/04/2025,MAXO.TA,1280.922936,20
03/04/2025,MAXO.TA,1251.337289,21
04/04/2025,MAXO.TA,1206.412146,22
05/04/2025,MAXO.TA,1175.627523,23
06/04/2025,MAXO.TA,1187.288446,24
07/04/2025,MAXO.TA,1179.159052,25
08/04/2025,MAXO.TA,1228.499266,26
09/04/2025,MAXO.TA,1183.791653,27
10/04/2025,MAXO.TA,1141.291514,28
11/04/2025,MAXO.TA,1114.930953,29
12/04/2025,MAXO.TA,1084.034571,30
14/03/2025,MTRN.TA,988.4185906,1
15/03/2025,MTRN.TA,962.7365014,2
16/03/2025,MTRN.TA,993.2375642,3
17/03/2025,MTRN.TA,1057.257548,4
18/03/2025,MTRN.TA,1039.640662,5
19/03/2025,MTRN.TA,997.8032267,6
20/03/2025,MTRN.TA,944.840113,7
21/03/2025,MTRN.TA,870.7753198,8
22/03/2025,MTRN.TA,811.2588278,9
23/03/2025,MTRN.TA,779.3649126,10
24/03/2025,MTRN.TA,261.2885223,11
25/03/2025,MTRN.TA,258.5862331,12
26/03/2025,MTRN.TA,899.338288,13
27/03/2025,MTRN.TA,895.9794339,14
28/03/2025,MTRN.TA,300.3845034,15
29/03/2025,MTRN.TA,331.1817914,16
30/03/2025,MTRN.TA,321.2571815,17
31/03/2025,MTRN.TA,332.6566212,18
01/04/2025,MTRN.TA,379.2106063,19
02/04/2025,MTRN.TA,331.1011029,20
03/04/2025,MTRN.TA,342.0136739,21
04/04/2025,MTRN.TA,326.8304888,22
05/04/2025,MTRN.TA,321.3845733,23
06/04/2025,MTRN.TA,332.7715418,24
07/04/2025,MTRN.TA,322.4394379,25
08/04/2025,MTRN.TA,440.4204875,26
09/04/2025,MTRN.TA,476.6019346,27
10/04/2025,MTRN.TA,469.0673205,28
11/04/2025,MTRN.TA,456.8795401,29
12/04/2025,MTRN.TA,425.6523488,30
14/03/2025,MDPR.TA,659.1463959,1
15/03/2025,MDPR.TA,666.3424666,2
16/03/2025,MDPR.TA,676.9564417,3
17/03/2025,MDPR.TA,687.9698817,4
18/03/2025,MDPR.TA,702.3325966,5
19/03/2025,MDPR.TA,701.4159506,6
20/03/2025,MDPR.TA,702.580966,7
21/03/2025,MDPR.TA,704.4588162,8
22/03/2025,MDPR.TA,717.0820178,9
23/03/2025,MDPR.TA,702.8964896,10
24/03/2025,MDPR.TA,704.3808411,11
25/03/2025,MDPR.TA,704.555327,12
26/03/2025,MDPR.TA,746.8051165,13
27/03/2025,MDPR.TA,746.9901115,14
28/03/2025,MDPR.TA,755.4452354,15
29/03/2025,MDPR.TA,749.5074747,16
30/03/2025,MDPR.TA,730.1818473,17
31/03/2025,MDPR.TA,729.5304154,18
01/04/2025,MDPR.TA,726.6059506,19
02/04/2025,MDPR.TA,734.4548254,20
03/04/2025,MDPR.TA,733.2085253,21
04/04/2025,MDPR.TA,706.0254036,22
05/04/2025,MDPR.TA,709.373554,23
06/04/2025,MDPR.TA,696.866122,24
07/04/2025,MDPR.TA,738.654816,25
08/04/2025,MDPR.TA,756.4015955,26
09/04/2025,MDPR.TA,749.2026803,27
10/04/2025,MDPR.TA,747.9313545,28
11/04/2025,MDPR.TA,765.9010103,29
12/04/2025,MDPR.TA,764.062515,30
14/03/2025,MPRS.TA,6.39662097,1
15/03/2025,MPRS.TA,1.23962537,2
16/03/2025,MPRS.TA,1.67111147,3
17/03/2025,MPRS.TA,1.67625526,4
18/03/2025,MPRS.TA,19.65239273,5
19/03/2025,MPRS.TA,12.40984606,6
20/03/2025,MPRS.TA,12.61145373,7
21/03/2025,MPRS.TA,12.6271225,8
22/03/2025,MPRS.TA,12.73600922,9
23/03/2025,MPRS.TA,8.04237509,10
24/03/2025,MPRS.TA,8.03102922,11
25/03/2025,MPRS.TA,7.89409008,12
26/03/2025,MPRS.TA,92.55019957,13
27/03/2025,MPRS.TA,17.93565319,14
28/03/2025,MPRS.TA,17.75360585,15
29/03/2025,MPRS.TA,18.36560219,16
30/03/2025,MPRS.TA,18.38252309,17
31/03/2025,MPRS.TA,18.37470635,18
01/04/2025,MPRS.TA,18.40274899,19
02/04/2025,MPRS.TA,12.85674724,20
03/04/2025,MPRS.TA,1.76119144,21
04/04/2025,MPRS.TA,1.76379455,22
05/04/2025,MPRS.TA,1.57859884,23
06/04/2025,MPRS.TA,1.99177373,24
07/04/2025,MPRS.TA,1.99156404,25
08/04/2025,MPRS.TA,1.99182263,26
09/04/2025,MPRS.TA,1.92390514,27
10/04/2025,MPRS.TA,1.40889701,28
11/04/2025,MPRS.TA,1.41064745,29
12/04/2025,MPRS.TA,2.08705236,30
14/03/2025,MDTR.TA,1011.101024,1
15/03/2025,MDTR.TA,1018.288216,2
16/03/2025,MDTR.TA,1018.010334,3
17/03/2025,MDTR.TA,979.8953594,4
18/03/2025,MDTR.TA,991.7711299,5
19/03/2025,MDTR.TA,1015.39772,6
20/03/2025,MDTR.TA,1012.049715,7
21/03/2025,MDTR.TA,997.450766,8
22/03/2025,MDTR.TA,980.267774,9
23/03/2025,MDTR.TA,975.3899997,10
24/03/2025,MDTR.TA,953.8742032,11
25/03/2025,MDTR.TA,955.3555062,12
26/03/2025,MDTR.TA,983.305706,13
27/03/2025,MDTR.TA,972.7043352,14
28/03/2025,MDTR.TA,984.1100332,15
29/03/2025,MDTR.TA,978.2159755,16
30/03/2025,MDTR.TA,989.5214578,17
31/03/2025,MDTR.TA,986.4884932,18
01/04/2025,MDTR.TA,995.9750022,19
02/04/2025,MDTR.TA,1003.587751,20
03/04/2025,MDTR.TA,1028.408119,21
04/04/2025,MDTR.TA,1036.268771,22
05/04/2025,MDTR.TA,1004.365094,23
06/04/2025,MDTR.TA,1008.796943,24
07/04/2025,MDTR.TA,994.5039365,25
08/04/2025,MDTR.TA,991.4557002,26
09/04/2025,MDTR.TA,960.931687,27
10/04/2025,MDTR.TA,962.7510783,28
11/04/2025,MDTR.TA,954.7267431,29
12/04/2025,MDTR.TA,940.4183416,30
14/03/2025,MGOR.TA,11073.51066,1
15/03/2025,MGOR.TA,11024.42434,2
16/03/2025,MGOR.TA,11376.40972,3
17/03/2025,MGOR.TA,11505.13968,4
18/03/2025,MGOR.TA,11702.06765,5
19/03/2025,MGOR.TA,11890.37637,6
20/03/2025,MGOR.TA,12031.30693,7
21/03/2025,MGOR.TA,12078.32101,8
22/03/2025,MGOR.TA,12373.74728,9
23/03/2025,MGOR.TA,12095.05155,10
24/03/2025,MGOR.TA,11785.43144,11
25/03/2025,MGOR.TA,11729.78067,12
26/03/2025,MGOR.TA,11386.75998,13
27/03/2025,MGOR.TA,11750.31393,14
28/03/2025,MGOR.TA,11951.43842,15
29/03/2025,MGOR.TA,11644.75958,16
30/03/2025,MGOR.TA,11499.14836,17
31/03/2025,MGOR.TA,11865.29661,18
01/04/2025,MGOR.TA,11934.0586,19
02/04/2025,MGOR.TA,11803.84837,20
03/04/2025,MGOR.TA,12042.32889,21
04/04/2025,MGOR.TA,12049.94505,22
05/04/2025,MGOR.TA,11993.04525,23
06/04/2025,MGOR.TA,11685.29876,24
07/04/2025,MGOR.TA,11931.35047,25
08/04/2025,MGOR.TA,11873.76078,26
09/04/2025,MGOR.TA,11777.5209,27
10/04/2025,MGOR.TA,11896.82558,28
11/04/2025,MGOR.TA,11627.91871,29
12/04/2025,MGOR.TA,11408.21844,30
14/03/2025,MEDN.TA,19904.28967,1
15/03/2025,MEDN.TA,20032.68854,2
16/03/2025,MEDN.TA,20022.28702,3
17/03/2025,MEDN.TA,20141.97709,4
18/03/2025,MEDN.TA,20394.12734,5
19/03/2025,MEDN.TA,20468.81347,6
20/03/2025,MEDN.TA,20592.73655,7
21/03/2025,MEDN.TA,20577.22491,8
22/03/2025,MEDN.TA,21825.39644,9
23/03/2025,MEDN.TA,21313.23171,10
24/03/2025,MEDN.TA,21407.09202,11
25/03/2025,MEDN.TA,21146.21777,12
26/03/2025,MEDN.TA,20899.69384,13
27/03/2025,MEDN.TA,20628.87857,14
28/03/2025,MEDN.TA,20489.63064,15
29/03/2025,MEDN.TA,20185.53369,16
30/03/2025,MEDN.TA,20080.63124,17
31/03/2025,MEDN.TA,20364.06969,18
01/04/2025,MEDN.TA,20925.85738,19
02/04/2025,MEDN.TA,21152.27839,20
03/04/2025,MEDN.TA,20879.76249,21
04/04/2025,MEDN.TA,21659.38654,22
05/04/2025,MEDN.TA,21673.81378,23
06/04/2025,MEDN.TA,21394.57866,24
07/04/2025,MEDN.TA,21488.47194,25
08/04/2025,MEDN.TA,21582.77727,26
09/04/2025,MEDN.TA,21723.00826,27
10/04/2025,MEDN.TA,21908.94204,28
11/04/2025,MEDN.TA,21995.07816,29
12/04/2025,MEDN.TA,23324.6259,30
14/03/2025,MLSR.TA,30130.98142,1
15/03/2025,MLSR.TA,29784.01101,2
16/03/2025,MLSR.TA,29818.03276,3
17/03/2025,MLSR.TA,29803.8822,4
18/03/2025,MLSR.TA,29678.6849,5
19/03/2025,MLSR.TA,29336.92287,6
20/03/2025,MLSR.TA,29668.99412,7
21/03/2025,MLSR.TA,29369.86511,8
22/03/2025,MLSR.TA,29421.48312,9
23/03/2025,MLSR.TA,29676.42776,10
24/03/2025,MLSR.TA,30053.88239,11
25/03/2025,MLSR.TA,29848.10339,12
26/03/2025,MLSR.TA,29102.46381,13
27/03/2025,MLSR.TA,28910.96628,14
28/03/2025,MLSR.TA,28696.89041,15
29/03/2025,MLSR.TA,29714.23597,16
30/03/2025,MLSR.TA,29481.47183,17
31/03/2025,MLSR.TA,29339.40675,18
01/04/2025,MLSR.TA,28888.8154,19
02/04/2025,MLSR.TA,28597.65818,20
03/04/2025,MLSR.TA,28791.11523,21
04/04/2025,MLSR.TA,29038.16375,22
05/04/2025,MLSR.TA,28956.37006,23
06/04/2025,MLSR.TA,28741.95799,24
07/04/2025,MLSR.TA,28336.73163,25
08/04/2025,MLSR.TA,28487.34523,26
09/04/2025,MLSR.TA,29112.52761,27
10/04/2025,MLSR.TA,29364.79507,28
11/04/2025,MLSR.TA,29610.81359,29
12/04/2025,MLSR.TA,29378.8596,30
14/03/2025,MNIN.TA,1655.269256,1
15/03/2025,MNIN.TA,1643.477066,2
16/03/2025,MNIN.TA,1652.404283,3
17/03/2025,MNIN.TA,1640.632503,4
18/03/2025,MNIN.TA,1643.052661,5
19/03/2025,MNIN.TA,1622.97605,6
20/03/2025,MNIN.TA,1664.400014,7
21/03/2025,MNIN.TA,1670.569945,8
22/03/2025,MNIN.TA,1714.287691,9
23/03/2025,MNIN.TA,1671.336814,10
24/03/2025,MNIN.TA,1688.133022,11
25/03/2025,MNIN.TA,1701.193033,12
26/03/2025,MNIN.TA,1696.811622,13
27/03/2025,MNIN.TA,1706.007631,14
28/03/2025,MNIN.TA,1686.429049,15
29/03/2025,MNIN.TA,1676.660573,16
30/03/2025,MNIN.TA,1619.008679,17
31/03/2025,MNIN.TA,1634.010405,18
01/04/2025,MNIN.TA,1661.480579,19
02/04/2025,MNIN.TA,1653.844565,20
03/04/2025,MNIN.TA,1634.605962,21
04/04/2025,MNIN.TA,1634.729064,22
05/04/2025,MNIN.TA,1620.129926,23
06/04/2025,MNIN.TA,1676.749448,24
07/04/2025,MNIN.TA,1669.04326,25
08/04/2025,MNIN.TA,1688.492001,26
09/04/2025,MNIN.TA,1737.615402,27
10/04/2025,MNIN.TA,1752.12465,28
11/04/2025,MNIN.TA,1739.105083,29
12/04/2025,MNIN.TA,1950.576902,30
14/03/2025,MNIF.TA,1740.155086,1
15/03/2025,MNIF.TA,1731.377976,2
16/03/2025,MNIF.TA,1796.767166,3
17/03/2025,MNIF.TA,1787.704513,4
18/03/2025,MNIF.TA,1811.811718,5
19/03/2025,MNIF.TA,1821.566282,6
20/03/2025,MNIF.TA,1849.547349,7
21/03/2025,MNIF.TA,1841.66903,8
22/03/2025,MNIF.TA,1830.290021,9
23/03/2025,MNIF.TA,1893.094027,10
24/03/2025,MNIF.TA,1861.895496,11
25/03/2025,MNIF.TA,1850.391514,12
26/03/2025,MNIF.TA,1883.665387,13
27/03/2025,MNIF.TA,1871.51961,14
28/03/2025,MNIF.TA,1848.754192,15
29/03/2025,MNIF.TA,1836.720097,16
30/03/2025,MNIF.TA,1806.450618,17
31/03/2025,MNIF.TA,1860.412054,18
01/04/2025,MNIF.TA,1861.349407,19
02/04/2025,MNIF.TA,1828.564318,20
03/04/2025,MNIF.TA,1857.470459,21
04/04/2025,MNIF.TA,1775.12727,22
05/04/2025,MNIF.TA,1766.173766,23
06/04/2025,MNIF.TA,1738.848045,24
07/04/2025,MNIF.TA,1798.51434,25
08/04/2025,MNIF.TA,1712.327278,26
09/04/2025,MNIF.TA,1717.847039,27
10/04/2025,MNIF.TA,1782.578607,28
11/04/2025,MNIF.TA,1782.555252,29
12/04/2025,MNIF.TA,1771.541486,30
14/03/2025,MNRT.TA,211.064789,1
15/03/2025,MNRT.TA,206.3758916,2
16/03/2025,MNRT.TA,204.4321865,3
17/03/2025,MNRT.TA,207.6887912,4
18/03/2025,MNRT.TA,210.5094893,5
19/03/2025,MNRT.TA,209.572868,6
20/03/2025,MNRT.TA,202.8700762,7
21/03/2025,MNRT.TA,198.3709147,8
22/03/2025,MNRT.TA,197.1027925,9
23/03/2025,MNRT.TA,193.927471,10
24/03/2025,MNRT.TA,192.3623704,11
25/03/2025,MNRT.TA,191.1371124,12
26/03/2025,MNRT.TA,188.1152682,13
27/03/2025,MNRT.TA,183.3165746,14
28/03/2025,MNRT.TA,183.6689794,15
29/03/2025,MNRT.TA,182.6999188,16
30/03/2025,MNRT.TA,184.2649186,17
31/03/2025,MNRT.TA,184.6316678,18
01/04/2025,MNRT.TA,181.1295976,19
02/04/2025,MNRT.TA,180.671051,20
03/04/2025,MNRT.TA,183.7410316,21
04/04/2025,MNRT.TA,182.3983694,22
05/04/2025,MNRT.TA,187.4067032,23
06/04/2025,MNRT.TA,189.2537461,24
07/04/2025,MNRT.TA,184.8285395,25
08/04/2025,MNRT.TA,185.3543268,26
09/04/2025,MNRT.TA,185.2202022,27
10/04/2025,MNRT.TA,190.401839,28
11/04/2025,MNRT.TA,190.755006,29
12/04/2025,MNRT.TA,186.5172993,30
14/03/2025,MMHD.TA,15505.05047,1
15/03/2025,MMHD.TA,15671.32645,2
16/03/2025,MMHD.TA,16068.78563,3
17/03/2025,MMHD.TA,16150.7213,4
18/03/2025,MMHD.TA,16437.29394,5
19/03/2025,MMHD.TA,16164.08232,6
20/03/2025,MMHD.TA,15957.66588,7
21/03/2025,MMHD.TA,15998.16195,8
22/03/2025,MMHD.TA,16203.8993,9
23/03/2025,MMHD.TA,16465.42133,10
24/03/2025,MMHD.TA,16286.26612,11
25/03/2025,MMHD.TA,16584.21142,12
26/03/2025,MMHD.TA,16830.45559,13
27/03/2025,MMHD.TA,17318.72099,14
28/03/2025,MMHD.TA,16783.38069,15
29/03/2025,MMHD.TA,16358.33958,16
30/03/2025,MMHD.TA,16690.82965,17
31/03/2025,MMHD.TA,16454.33978,18
01/04/2025,MMHD.TA,16738.68336,19
02/04/2025,MMHD.TA,16737.12168,20
03/04/2025,MMHD.TA,16884.84794,21
04/04/2025,MMHD.TA,17024.83949,22
05/04/2025,MMHD.TA,17520.49971,23
06/04/2025,MMHD.TA,17658.38793,24
07/04/2025,MMHD.TA,17583.44707,25
08/04/2025,MMHD.TA,17905.12334,26
09/04/2025,MMHD.TA,18211.96695,27
10/04/2025,MMHD.TA,18575.27635,28
11/04/2025,MMHD.TA,18814.15555,29
12/04/2025,MMHD.TA,18766.68891,30
14/03/2025,CMER.TA,2475.308636,1
15/03/2025,CMER.TA,2496.277961,2
16/03/2025,CMER.TA,2426.489301,3
17/03/2025,CMER.TA,2446.232241,4
18/03/2025,CMER.TA,2481.888457,5
19/03/2025,CMER.TA,2498.081637,6
20/03/2025,CMER.TA,2548.901776,7
21/03/2025,CMER.TA,2547.269022,8
22/03/2025,CMER.TA,2542.12676,9
23/03/2025,CMER.TA,2478.72689,10
24/03/2025,CMER.TA,2529.368842,11
25/03/2025,CMER.TA,2517.991564,12
26/03/2025,CMER.TA,2500.227059,13
27/03/2025,CMER.TA,2483.288594,14
28/03/2025,CMER.TA,2519.415171,15
29/03/2025,CMER.TA,2533.638354,16
30/03/2025,CMER.TA,2524.551807,17
31/03/2025,CMER.TA,2511.309572,18
01/04/2025,CMER.TA,2617.800645,19
02/04/2025,CMER.TA,2544.614565,20
03/04/2025,CMER.TA,2637.196775,21
04/04/2025,CMER.TA,2657.940917,22
05/04/2025,CMER.TA,2696.51046,23
06/04/2025,CMER.TA,2677.475755,24
07/04/2025,CMER.TA,2841.390189,25
08/04/2025,CMER.TA,2842.269254,26
09/04/2025,CMER.TA,2822.216961,27
10/04/2025,CMER.TA,2839.797249,28
11/04/2025,CMER.TA,2878.290444,29
12/04/2025,CMER.TA,2837.842518,30
14/03/2025,MRHL.TA,92.54723384,1
15/03/2025,MRHL.TA,92.59201848,2
16/03/2025,MRHL.TA,91.11289352,3
17/03/2025,MRHL.TA,90.10684782,4
18/03/2025,MRHL.TA,89.95901469,5
19/03/2025,MRHL.TA,75.18778961,6
20/03/2025,MRHL.TA,75.80192984,7
21/03/2025,MRHL.TA,74.71018212,8
22/03/2025,MRHL.TA,74.83276321,9
23/03/2025,MRHL.TA,74.0775851,10
24/03/2025,MRHL.TA,74.87451994,11
25/03/2025,MRHL.TA,76.34797414,12
26/03/2025,MRHL.TA,81.89892488,13
27/03/2025,MRHL.TA,81.71524814,14
28/03/2025,MRHL.TA,83.79370853,15
29/03/2025,MRHL.TA,81.81220642,16
30/03/2025,MRHL.TA,82.33959312,17
31/03/2025,MRHL.TA,81.64443564,18
01/04/2025,MRHL.TA,76.87192163,19
02/04/2025,MRHL.TA,86.55339134,20
03/04/2025,MRHL.TA,86.42760621,21
04/04/2025,MRHL.TA,94.52592787,22
05/04/2025,MRHL.TA,103.3830674,23
06/04/2025,MRHL.TA,101.7315593,24
07/04/2025,MRHL.TA,98.81827862,25
08/04/2025,MRHL.TA,99.35249247,26
09/04/2025,MRHL.TA,97.81443229,27
10/04/2025,MRHL.TA,97.7825748,28
11/04/2025,MRHL.TA,113.0731135,29
12/04/2025,MRHL.TA,113.0000892,30
14-מרץ,MSKE.TA,290.9078514,1
15-מרץ,MSKE.TA,283.6450591,2
16-מרץ,MSKE.TA,284.9957716,3
17-מרץ,MSKE.TA,271.2772948,4
18-מרץ,MSKE.TA,285.9987386,5
19-מרץ,MSKE.TA,290.3598258,6
20-מרץ,MSKE.TA,289.6712993,7
21-מרץ,MSKE.TA,296.2315747,8
22-מרץ,MSKE.TA,296.8773354,9
23-מרץ,MSKE.TA,300.4748718,10
24-מרץ,MSKE.TA,297.9455197,11
25-מרץ,MSKE.TA,288.9421652,12
26-מרץ,MSKE.TA,282.8526674,13
27-מרץ,MSKE.TA,280.3962019,14
28-מרץ,MSKE.TA,257.4287574,15
29-מרץ,MSKE.TA,255.8905295,16
30-מרץ,MSKE.TA,273.741376,17
31-מרץ,MSKE.TA,262.5131426,18
01-אפר,MSKE.TA,265.1576338,19
02-אפר,MSKE.TA,246.3962888,20
03-אפר,MSKE.TA,243.1510878,21
04-אפר,MSKE.TA,244.5976644,22
05-אפר,MSKE.TA,250.0173995,23
06-אפר,MSKE.TA,253.8298207,24
07-אפר,MSKE.TA,236.7703294,25
08-אפר,MSKE.TA,233.6519086,26
09-אפר,MSKE.TA,224.0631549,27
10-אפר,MSKE.TA,226.3203107,28
11-אפר,MSKE.TA,228.6002044,29
12-אפר,MSKE.TA,227.6248955,30
14-מרץ,MGRT.TA,629.4216318,1
15-מרץ,MGRT.TA,623.6520483,2
16-מרץ,MGRT.TA,632.8949162,3
17-מרץ,MGRT.TA,625.6317103,4
18-מרץ,MGRT.TA,626.384056,5
19-מרץ,MGRT.TA,631.2944828,6
20-מרץ,MGRT.TA,612.7834705,7
21-מרץ,MGRT.TA,648.9406714,8
22-מרץ,MGRT.TA,650.3442842,9
23-מרץ,MGRT.TA,658.2662777,10
24-מרץ,MGRT.TA,661.652713,11
25-מרץ,MGRT.TA,667.913213,12
26-מרץ,MGRT.TA,679.9876177,13
27-מרץ,MGRT.TA,695.3659404,14
28-מרץ,MGRT.TA,668.2824863,15
29-מרץ,MGRT.TA,655.0941957,16
30-מרץ,MGRT.TA,660.6326714,17
31-מרץ,MGRT.TA,664.8677378,18
01-אפר,MGRT.TA,651.7468358,19
02-אפר,MGRT.TA,650.412053,20
03-אפר,MGRT.TA,649.6210772,21
04-אפר,MGRT.TA,655.7677349,22
05-אפר,MGRT.TA,647.5158524,23
06-אפר,MGRT.TA,655.9330032,24
07-אפר,MGRT.TA,681.7671777,25
08-אפר,MGRT.TA,702.3328186,26
09-אפר,MGRT.TA,693.4949823,27
10-אפר,MGRT.TA,696.6018097,28
11-אפר,MGRT.TA,694.718014,29
12-אפר,MGRT.TA,700.4227342,30
14-מרץ,MIA.TA,74.7720791,1
15-מרץ,MIA.TA,69.74714146,2
16-מרץ,MIA.TA,61.01326726,3
17-מרץ,MIA.TA,57.03172879,4
18-מרץ,MIA.TA,53.19900293,5
19-מרץ,MIA.TA,54.04975284,6
20-מרץ,MIA.TA,52.10202161,7
21-מרץ,MIA.TA,54.56818646,8
22-מרץ,MIA.TA,55.38986761,9
23-מרץ,MIA.TA,53.54435204,10
24-מרץ,MIA.TA,57.31179434,11
25-מרץ,MIA.TA,57.9645131,12
26-מרץ,MIA.TA,65.29048806,13
27-מרץ,MIA.TA,66.0786028,14
28-מרץ,MIA.TA,65.7043186,15
29-מרץ,MIA.TA,57.35450628,16
30-מרץ,MIA.TA,63.49151114,17
31-מרץ,MIA.TA,61.74404971,18
01-אפר,MIA.TA,58.23237607,19
02-אפר,MIA.TA,56.91243233,20
03-אפר,MIA.TA,46.88578612,21
04-אפר,MIA.TA,47.45640349,22
05-אפר,MIA.TA,48.59852942,23
06-אפר,MIA.TA,54.40589816,24
07-אפר,MIA.TA,48.57244541,25
08-אפר,MIA.TA,48.13481161,26
09-אפר,MIA.TA,49.07603003,27
10-אפר,MIA.TA,51.39896447,28
11-אפר,MIA.TA,55.46445467,29
12-אפר,MIA.TA,58.82729634,30
14-מרץ,MCLL.TA,1137.737826,1
15-מרץ,MCLL.TA,1139.080856,2
16-מרץ,MCLL.TA,1158.90947,3
17-מרץ,MCLL.TA,1173.478958,4
18-מרץ,MCLL.TA,1179.007497,5
19-מרץ,MCLL.TA,1199.531136,6
20-מרץ,MCLL.TA,1200.237403,7
21-מרץ,MCLL.TA,1199.79175,8
22-מרץ,MCLL.TA,1291.033048,9
23-מרץ,MCLL.TA,1292.153683,10
24-מרץ,MCLL.TA,1249.837309,11
25-מרץ,MCLL.TA,1267.11569,12
26-מרץ,MCLL.TA,1276.060306,13
27-מרץ,MCLL.TA,1277.167945,14
28-מרץ,MCLL.TA,1270.465331,15
29-מרץ,MCLL.TA,1288.028883,16
30-מרץ,MCLL.TA,1312.850238,17
31-מרץ,MCLL.TA,1311.883979,18
01-אפר,MCLL.TA,1339.052596,19
02-אפר,MCLL.TA,1338.294421,20
03-אפר,MCLL.TA,1383.235816,21
04-אפר,MCLL.TA,1389.649482,22
05-אפר,MCLL.TA,1390.855718,23
06-אפר,MCLL.TA,1393.462629,24
07-אפר,MCLL.TA,1392.673647,25
08-אפר,MCLL.TA,1382.913263,26
09-אפר,MCLL.TA,1351.954671,27
10-אפר,MCLL.TA,1361.972343,28
11-אפר,MCLL.TA,1355.35159,29
12-אפר,MCLL.TA,1371.881336,30
14-מרץ,MCMN.TA,26327.07269,1
15-מרץ,MCMN.TA,26556.77631,2
16-מרץ,MCMN.TA,26560.60207,3
17-מרץ,MCMN.TA,26529.40398,4
18-מרץ,MCMN.TA,27314.48562,5
19-מרץ,MCMN.TA,27397.82294,6
20-מרץ,MCMN.TA,26876.4836,7
21-מרץ,MCMN.TA,27107.99125,8
22-מרץ,MCMN.TA,27211.27453,9
23-מרץ,MCMN.TA,27161.77652,10
24-מרץ,MCMN.TA,27294.59276,11
25-מרץ,MCMN.TA,27377.86938,12
26-מרץ,MCMN.TA,27459.98053,13
27-מרץ,MCMN.TA,27454.74221,14
28-מרץ,MCMN.TA,28131.41816,15
29-מרץ,MCMN.TA,28108.79753,16
30-מרץ,MCMN.TA,27380.487,17
31-מרץ,MCMN.TA,27505.59401,18
01-אפר,MCMN.TA,26792.91273,19
02-אפר,MCMN.TA,27398.7657,20
03-אפר,MCMN.TA,27219.61666,21
04-אפר,MCMN.TA,27241.66477,22
05-אפר,MCMN.TA,27380.49408,23
06-אפר,MCMN.TA,27369.79733,24
07-אפר,MCMN.TA,27327.43539,25
08-אפר,MCMN.TA,27395.39481,26
09-אפר,MCMN.TA,27572.44785,27
10-אפר,MCMN.TA,28252.02489,28
11-אפר,MCMN.TA,28354.77672,29
12-אפר,MCMN.TA,28563.25276,30
14-מרץ,MCRNT.TA,261.8083151,1
15-מרץ,MCRNT.TA,290.1912749,2
16-מרץ,MCRNT.TA,273.3337868,3
17-מרץ,MCRNT.TA,290.9764061,4
18-מרץ,MCRNT.TA,411.1073332,5
19-מרץ,MCRNT.TA,411.1365859,6
20-מרץ,MCRNT.TA,416.3774773,7
21-מרץ,MCRNT.TA,453.7605843,8
22-מרץ,MCRNT.TA,476.382031,9
23-מרץ,MCRNT.TA,485.768018,10
24-מרץ,MCRNT.TA,485.7225281,11
25-מרץ,MCRNT.TA,483.1107719,12
26-מרץ,MCRNT.TA,460.244789,13
27-מרץ,MCRNT.TA,457.1666615,14
28-מרץ,MCRNT.TA,460.2731442,15
29-מרץ,MCRNT.TA,435.9144325,16
30-מרץ,MCRNT.TA,445.4134968,17
31-מרץ,MCRNT.TA,431.3072275,18
01-אפר,MCRNT.TA,451.217579,19
02-אפר,MCRNT.TA,440.4388736,20
03-אפר,MCRNT.TA,459.7092666,21
04-אפר,MCRNT.TA,431.7035732,22
05-אפר,MCRNT.TA,428.789207,23
06-אפר,MCRNT.TA,429.1757982,24
07-אפר,MCRNT.TA,426.1295477,25
08-אפר,MCRNT.TA,423.0506491,26
09-אפר,MCRNT.TA,427.2454246,27
10-אפר,MCRNT.TA,428.9353916,28
11-אפר,MCRNT.TA,437.3865542,29
12-אפר,MCRNT.TA,441.6063665,30
14-מרץ,MGDL.TA,828.5537438,1
15-מרץ,MGDL.TA,800.4078116,2
16-מרץ,MGDL.TA,814.5690424,3
17-מרץ,MGDL.TA,816.9744742,4
18-מרץ,MGDL.TA,822.7691593,5
19-מרץ,MGDL.TA,820.2979022,6
20-מרץ,MGDL.TA,826.1161598,7
21-מרץ,MGDL.TA,823.6348497,8
22-מרץ,MGDL.TA,807.4448376,9
23-מרץ,MGDL.TA,822.4252858,10
24-מרץ,MGDL.TA,846.3640933,11
25-מרץ,MGDL.TA,860.0039939,12
26-מרץ,MGDL.TA,874.7952983,13
27-מרץ,MGDL.TA,872.1677763,14
28-מרץ,MGDL.TA,872.7438624,15
29-מרץ,MGDL.TA,881.2874745,16
30-מרץ,MGDL.TA,890.7143326,17
31-מרץ,MGDL.TA,886.1607156,18
01-אפר,MGDL.TA,824.1003398,19
02-אפר,MGDL.TA,885.9703558,20
03-אפר,MGDL.TA,886.9593992,21
04-אפר,MGDL.TA,886.0266337,22
05-אפר,MGDL.TA,890.9941633,23
06-אפר,MGDL.TA,892.3063294,24
07-אפר,MGDL.TA,896.2730881,25
08-אפר,MGDL.TA,906.887573,26
09-אפר,MGDL.TA,919.8025711,27
10-אפר,MGDL.TA,925.513444,28
11-אפר,MGDL.TA,934.5736371,29
12-אפר,MGDL.TA,933.2522181,30
14-מרץ,MIFT.TA,178.0435384,1
15-מרץ,MIFT.TA,200.5572666,2
16-מרץ,MIFT.TA,154.2925095,3
17-מרץ,MIFT.TA,184.7643085,4
18-מרץ,MIFT.TA,193.5528519,5
19-מרץ,MIFT.TA,184.5562111,6
20-מרץ,MIFT.TA,175.6343133,7
21-מרץ,MIFT.TA,218.4871279,8
22-מרץ,MIFT.TA,195.2015434,9
23-מרץ,MIFT.TA,173.1555242,10
24-מרץ,MIFT.TA,154.3413146,11
25-מרץ,MIFT.TA,158.7615111,12
26-מרץ,MIFT.TA,181.7419406,13
27-מרץ,MIFT.TA,171.8557373,14
28-מרץ,MIFT.TA,113.4962374,15
29-מרץ,MIFT.TA,128.3914525,16
30-מרץ,MIFT.TA,137.7104651,17
31-מרץ,MIFT.TA,151.1251245,18
01-אפר,MIFT.TA,117.6332233,19
02-אפר,MIFT.TA,124.3062036,20
03-אפר,MIFT.TA,153.334126,21
04-אפר,MIFT.TA,140.9672005,22
05-אפר,MIFT.TA,158.7926002,23
06-אפר,MIFT.TA,130.3980218,24
07-אפר,MIFT.TA,129.2811336,25
08-אפר,MIFT.TA,178.8662667,26
09-אפר,MIFT.TA,205.6641382,27
10-אפר,MIFT.TA,253.3315288,28
11-אפר,MIFT.TA,221.2631578,29
12-אפר,MIFT.TA,170.2219443,30
14-מרץ,MLD.TA,0.03002396,1
15-מרץ,MLD.TA,0.02972231,2
16-מרץ,MLD.TA,0.04264328,3
17-מרץ,MLD.TA,0.03896189,4
18-מרץ,MLD.TA,0.03945425,5
19-מרץ,MLD.TA,0.04399269,6
20-מרץ,MLD.TA,0.05417507,7
21-מרץ,MLD.TA,0.06507817,8
22-מרץ,MLD.TA,0.07110619,9
23-מרץ,MLD.TA,0.08074349,10
24-מרץ,MLD.TA,0.09838761,11
25-מרץ,MLD.TA,0.05907929,12
26-מרץ,MLD.TA,0.05636905,13
27-מרץ,MLD.TA,0.04862935,14
28-מרץ,MLD.TA,0.05139306,15
29-מרץ,MLD.TA,0.02763447,16
30-מרץ,MLD.TA,0.02587165,17
31-מרץ,MLD.TA,0.02446796,18
01-אפר,MLD.TA,0.02895944,19
02-אפר,MLD.TA,0.03288443,20
03-אפר,MLD.TA,0.02142605,21
04-אפר,MLD.TA,0.02172705,22
05-אפר,MLD.TA,0.00947776,23
06-אפר,MLD.TA,0.00860512,24
07-אפר,MLD.TA,0.0074236,25
08-אפר,MLD.TA,0.0071954,26
09-אפר,MLD.TA,0.00649929,27
10-אפר,MLD.TA,0.00584334,28
11-אפר,MLD.TA,0.00457476,29
12-אפר,MLD.TA,0.00756185,30
14-מרץ,MSHR.TA,759.8057013,1
15-מרץ,MSHR.TA,784.4792033,2
16-מרץ,MSHR.TA,785.7299719,3
17-מרץ,MSHR.TA,797.6012909,4
18-מרץ,MSHR.TA,803.4189501,5
19-מרץ,MSHR.TA,810.7771876,6
20-מרץ,MSHR.TA,824.3963239,7
21-מרץ,MSHR.TA,833.6960244,8
22-מרץ,MSHR.TA,850.4894246,9
23-מרץ,MSHR.TA,847.253692,10
24-מרץ,MSHR.TA,871.3658875,11
25-מרץ,MSHR.TA,897.7195761,12
26-מרץ,MSHR.TA,910.7182714,13
27-מרץ,MSHR.TA,964.1184489,14
28-מרץ,MSHR.TA,990.9734229,15
29-מרץ,MSHR.TA,1005.945693,16
30-מרץ,MSHR.TA,1015.777516,17
31-מרץ,MSHR.TA,1046.498806,18
01-אפר,MSHR.TA,1068.743141,19
02-אפר,MSHR.TA,1064.677051,20
03-אפר,MSHR.TA,1067.840098,21
04-אפר,MSHR.TA,1017.579645,22
05-אפר,MSHR.TA,987.5662806,23
06-אפר,MSHR.TA,1017.170605,24
07-אפר,MSHR.TA,1003.501005,25
08-אפר,MSHR.TA,1006.207885,26
09-אפר,MSHR.TA,1023.431948,27
10-אפר,MSHR.TA,1028.45346,28
11-אפר,MSHR.TA,1034.729375,29
12-אפר,MSHR.TA,1015.109627,30
14-מרץ,MVNE.TA,1070.390557,1
15-מרץ,MVNE.TA,1057.487012,2
16-מרץ,MVNE.TA,1058.776036,3
17-מרץ,MVNE.TA,1056.818344,4
18-מרץ,MVNE.TA,1070.525092,5
19-מרץ,MVNE.TA,1078.563579,6
20-מרץ,MVNE.TA,1077.7378,7
21-מרץ,MVNE.TA,1074.981334,8
22-מרץ,MVNE.TA,1062.506076,9
23-מרץ,MVNE.TA,1059.788568,10
24-מרץ,MVNE.TA,1060.654305,11
25-מרץ,MVNE.TA,1072.054413,12
26-מרץ,MVNE.TA,1092.872954,13
27-מרץ,MVNE.TA,1129.486865,14
28-מרץ,MVNE.TA,1141.626798,15
29-מרץ,MVNE.TA,1129.698686,16
30-מרץ,MVNE.TA,1131.075732,17
31-מרץ,MVNE.TA,1118.205379,18
01-אפר,MVNE.TA,1113.23661,19
02-אפר,MVNE.TA,1135.004131,20
03-אפר,MVNE.TA,1116.676428,21
04-אפר,MVNE.TA,1126.965355,22
05-אפר,MVNE.TA,1149.001319,23
06-אפר,MVNE.TA,1145.374376,24
07-אפר,MVNE.TA,1132.670138,25
08-אפר,MVNE.TA,1177.103931,26
09-אפר,MVNE.TA,1190.767079,27
10-אפר,MVNE.TA,1213.890937,28
11-אפר,MVNE.TA,1194.523212,29
12-אפר,MVNE.TA,1208.524935,30
14-מרץ,MISH.TA,21798.34397,1
15-מרץ,MISH.TA,22004.76898,2
16-מרץ,MISH.TA,22304.35911,3
17-מרץ,MISH.TA,22082.69503,4
18-מרץ,MISH.TA,21934.96929,5
19-מרץ,MISH.TA,21696.96973,6
20-מרץ,MISH.TA,21822.0448,7
21-מרץ,MISH.TA,22550.98783,8
22-מרץ,MISH.TA,22378.14981,9
23-מרץ,MISH.TA,22540.25773,10
24-מרץ,MISH.TA,23292.88159,11
25-מרץ,MISH.TA,23282.78389,12
26-מרץ,MISH.TA,23635.3476,13
27-מרץ,MISH.TA,23492.89386,14
28-מרץ,MISH.TA,37877.23649,15
29-מרץ,MISH.TA,37615.82301,16
30-מרץ,MISH.TA,37742.18748,17
31-מרץ,MISH.TA,37675.63396,18
01-אפר,MISH.TA,37644.20505,19
02-אפר,MISH.TA,37422.40315,20
03-אפר,MISH.TA,37125.54108,21
04-אפר,MISH.TA,37060.07494,22
05-אפר,MISH.TA,37859.0944,23
06-אפר,MISH.TA,38267.64007,24
07-אפר,MISH.TA,38695.85251,25
08-אפר,MISH.TA,38473.12751,26
09-אפר,MISH.TA,38019.44385,27
10-אפר,MISH.TA,38238.61199,28
11-אפר,MISH.TA,38875.83848,29
12-אפר,MISH.TA,39244.39799,30
14-מרץ,MZTF.TA,16747.54736,1
15-מרץ,MZTF.TA,16750.89335,2
16-מרץ,MZTF.TA,16792.00771,3
17-מרץ,MZTF.TA,16884.59829,4
18-מרץ,MZTF.TA,16616.09169,5
19-מרץ,MZTF.TA,16946.13539,6
20-מרץ,MZTF.TA,17194.12588,7
21-מרץ,MZTF.TA,16970.80622,8
22-מרץ,MZTF.TA,17280.73923,9
23-מרץ,MZTF.TA,17567.09506,10
24-מרץ,MZTF.TA,17338.52168,11
25-מרץ,MZTF.TA,17412.14227,12
26-מרץ,MZTF.TA,17468.23359,13
27-מרץ,MZTF.TA,17526.93023,14
28-מרץ,MZTF.TA,17298.87946,15
29-מרץ,MZTF.TA,17278.81532,16
30-מרץ,MZTF.TA,17594.37341,17
31-מרץ,MZTF.TA,17447.88652,18
01-אפר,MZTF.TA,17361.00128,19
02-אפר,MZTF.TA,17762.79322,20
03-אפר,MZTF.TA,17820.01413,21
04-אפר,MZTF.TA,18290.38935,22
05-אפר,MZTF.TA,18447.67589,23
06-אפר,MZTF.TA,18655.74668,24
07-אפר,MZTF.TA,18500.42303,25
08-אפר,MZTF.TA,18376.02786,26
09-אפר,MZTF.TA,18543.70616,27
10-אפר,MZTF.TA,18578.72895,28
11-אפר,MZTF.TA,18364.39507,29
12-אפר,MZTF.TA,18358.34412,30
14-מרץ,MLRN.TA,917.1412321,1
15-מרץ,MLRN.TA,919.5348862,2
16-מרץ,MLRN.TA,920.3458039,3
17-מרץ,MLRN.TA,928.3420431,4
18-מרץ,MLRN.TA,938.6821874,5
19-מרץ,MLRN.TA,861.8189993,6
20-מרץ,MLRN.TA,861.864147,7
21-מרץ,MLRN.TA,884.2452341,8
22-מרץ,MLRN.TA,893.6052273,9
23-מרץ,MLRN.TA,900.0539268,10
24-מרץ,MLRN.TA,901.5798923,11
25-מרץ,MLRN.TA,896.8412918,12
26-מרץ,MLRN.TA,897.0939417,13
27-מרץ,MLRN.TA,921.9319769,14
28-מרץ,MLRN.TA,922.7450085,15
29-מרץ,MLRN.TA,911.8073797,16
30-מרץ,MLRN.TA,914.4581728,17
31-מרץ,MLRN.TA,915.1248043,18
01-אפר,MLRN.TA,925.5806449,19
02-אפר,MLRN.TA,967.3292093,20
03-אפר,MLRN.TA,1002.819961,21
04-אפר,MLRN.TA,1000.17199,22
05-אפר,MLRN.TA,994.1809062,23
06-אפר,MLRN.TA,1000.44143,24
07-אפר,MLRN.TA,1000.201073,25
08-אפר,MLRN.TA,1010.942714,26
09-אפר,MLRN.TA,1021.799715,27
10-אפר,MLRN.TA,1022.282938,28
11-אפר,MLRN.TA,1031.814675,29
12-אפר,MLRN.TA,1037.952023,30
14-מרץ,MDIN.TA,168.6400453,1
15-מרץ,MDIN.TA,169.4375476,2
16-מרץ,MDIN.TA,168.1796422,3
17-מרץ,MDIN.TA,165.1211078,4
18-מרץ,MDIN.TA,170.4182252,5
19-מרץ,MDIN.TA,178.4973158,6
20-מרץ,MDIN.TA,177.2205817,7
21-מרץ,MDIN.TA,175.914355,8
22-מרץ,MDIN.TA,179.1241593,9
23-מרץ,MDIN.TA,179.4735515,10
24-מרץ,MDIN.TA,201.8039391,11
25-מרץ,MDIN.TA,197.1039876,12
26-מרץ,MDIN.TA,198.3956078,13
27-מרץ,MDIN.TA,197.2555629,14
28-מרץ,MDIN.TA,197.7573782,15
29-מרץ,MDIN.TA,189.4914031,16
30-מרץ,MDIN.TA,188.260863,17
31-מרץ,MDIN.TA,186.0308877,18
01-אפר,MDIN.TA,183.8697569,19
02-אפר,MDIN.TA,178.311105,20
03-אפר,MDIN.TA,176.6892236,21
04-אפר,MDIN.TA,172.9983244,22
05-אפר,MDIN.TA,174.2992268,23
06-אפר,MDIN.TA,171.129401,24
07-אפר,MDIN.TA,166.8878375,25
08-אפר,MDIN.TA,162.459934,26
09-אפר,MDIN.TA,159.1780578,27
10-אפר,MDIN.TA,157.3232574,28
11-אפר,MDIN.TA,159.1984012,29
12-אפר,MDIN.TA,159.508927,30
14-מרץ,MRG.TA,1245.979972,1
15-מרץ,MRG.TA,1219.4647,2
16-מרץ,MRG.TA,1260.822372,3
17-מרץ,MRG.TA,1267.171606,4
18-מרץ,MRG.TA,1358.685062,5
19-מרץ,MRG.TA,1381.636411,6
20-מרץ,MRG.TA,1396.988911,7
21-מרץ,MRG.TA,1427.20261,8
22-מרץ,MRG.TA,1427.690697,9
23-מרץ,MRG.TA,1413.305804,10
24-מרץ,MRG.TA,1447.433931,11
25-מרץ,MRG.TA,1349.322043,12
26-מרץ,MRG.TA,1317.114036,13
27-מרץ,MRG.TA,1285.674826,14
28-מרץ,MRG.TA,1265.284293,15
29-מרץ,MRG.TA,1247.420744,16
30-מרץ,MRG.TA,1211.010552,17
31-מרץ,MRG.TA,1208.513649,18
01-אפר,MRG.TA,1228.928254,19
02-אפר,MRG.TA,1256.106566,20
03-אפר,MRG.TA,1346.820919,21
04-אפר,MRG.TA,1336.142083,22
05-אפר,MRG.TA,1351.309307,23
06-אפר,MRG.TA,1337.694005,24
07-אפר,MRG.TA,1338.167554,25
08-אפר,MRG.TA,1297.253611,26
09-אפר,MRG.TA,1254.917653,27
10-אפר,MRG.TA,1299.578722,28
11-אפר,MRG.TA,1307.51014,29
12-אפר,MRG.TA,1345.296367,30
14-מרץ,MYDS.TA,37.93500401,1
15-מרץ,MYDS.TA,38.1026376,2
16-מרץ,MYDS.TA,38.1469405,3
17-מרץ,MYDS.TA,37.26082372,4
18-מרץ,MYDS.TA,36.26772042,5
19-מרץ,MYDS.TA,33.11396509,6
20-מרץ,MYDS.TA,31.64586893,7
21-מרץ,MYDS.TA,31.66990302,8
22-מרץ,MYDS.TA,31.69395536,9
23-מרץ,MYDS.TA,32.10651729,10
24-מרץ,MYDS.TA,31.8311578,11
25-מרץ,MYDS.TA,31.6043019,12
26-מרץ,MYDS.TA,31.61209359,13
27-מרץ,MYDS.TA,1021.758538,14
28-מרץ,MYDS.TA,1088.824807,15
29-מרץ,MYDS.TA,1160.293178,16
30-מרץ,MYDS.TA,1105.755808,17
31-מרץ,MYDS.TA,1053.781864,18
01-אפר,MYDS.TA,1070.781922,19
02-אפר,MYDS.TA,1138.800982,20
03-אפר,MYDS.TA,1093.594296,21
04-אפר,MYDS.TA,1181.644068,22
05-אפר,MYDS.TA,1228.266973,23
06-אפר,MYDS.TA,1249.175528,24
07-אפר,MYDS.TA,1215.881569,25
08-אפר,MYDS.TA,1262.761271,26
09-אפר,MYDS.TA,1285.408841,27
10-אפר,MYDS.TA,1303.192701,28
11-אפר,MYDS.TA,1268.459037,29
12-אפר,MYDS.TA,1269.323608,30
14-מרץ,NFTA.TA,2369.630816,1
15-מרץ,NFTA.TA,2430.875358,2
16-מרץ,NFTA.TA,2440.287246,3
17-מרץ,NFTA.TA,2365.952687,4
18-מרץ,NFTA.TA,2179.920133,5
19-מרץ,NFTA.TA,2113.51672,6
20-מרץ,NFTA.TA,2087.392122,7
21-מרץ,NFTA.TA,2094.829044,8
22-מרץ,NFTA.TA,2084.53226,9
23-מרץ,NFTA.TA,2088.05173,10
24-מרץ,NFTA.TA,2121.756916,11
25-מרץ,NFTA.TA,2144.038784,12
26-מרץ,NFTA.TA,2147.279493,13
27-מרץ,NFTA.TA,2085.786673,14
28-מרץ,NFTA.TA,2073.013796,15
29-מרץ,NFTA.TA,2114.609971,16
30-מרץ,NFTA.TA,2026.304206,17
31-מרץ,NFTA.TA,1980.758477,18
01-אפר,NFTA.TA,1990.127659,19
02-אפר,NFTA.TA,1980.631623,20
03-אפר,NFTA.TA,1953.885354,21
04-אפר,NFTA.TA,1943.732043,22
05-אפר,NFTA.TA,2031.662559,23
06-אפר,NFTA.TA,2103.185212,24
07-אפר,NFTA.TA,2118.013082,25
08-אפר,NFTA.TA,2100.169295,26
09-אפר,NFTA.TA,2074.614824,27
10-אפר,NFTA.TA,2072.963243,28
11-אפר,NFTA.TA,2034.779674,29
12-אפר,NFTA.TA,2007.302194,30
14-מרץ,NVPT.TA,7345.066558,1
15-מרץ,NVPT.TA,7375.172445,2
16-מרץ,NVPT.TA,7326.799942,3
17-מרץ,NVPT.TA,6816.1889,4
18-מרץ,NVPT.TA,6793.910183,5
19-מרץ,NVPT.TA,6791.802962,6
20-מרץ,NVPT.TA,6802.07179,7
21-מרץ,NVPT.TA,6763.442282,8
22-מרץ,NVPT.TA,6881.903506,9
23-מרץ,NVPT.TA,7065.800358,10
24-מרץ,NVPT.TA,7125.753111,11
25-מרץ,NVPT.TA,7187.770643,12
26-מרץ,NVPT.TA,7483.89717,13
27-מרץ,NVPT.TA,7489.317136,14
28-מרץ,NVPT.TA,7617.784204,15
29-מרץ,NVPT.TA,7745.810951,16
30-מרץ,NVPT.TA,7563.530221,17
31-מרץ,NVPT.TA,7638.129259,18
01-אפר,NVPT.TA,7766.497931,19
02-אפר,NVPT.TA,7762.597921,20
03-אפר,NVPT.TA,7869.759021,21
04-אפר,NVPT.TA,7961.219561,22
05-אפר,NVPT.TA,7915.343374,23
06-אפר,NVPT.TA,7968.991518,24
07-אפר,NVPT.TA,8018.972928,25
08-אפר,NVPT.TA,7966.506889,26
09-אפר,NVPT.TA,7875.99358,27
10-אפר,NVPT.TA,7824.336277,28
11-אפר,NVPT.TA,7845.282374,29
12-אפר,NVPT.TA,7843.627893,30
14-מרץ,NAWI.TA,4081.925322,1
15-מרץ,NAWI.TA,4130.831402,2
16-מרץ,NAWI.TA,4160.646027,3
17-מרץ,NAWI.TA,4117.384903,4
18-מרץ,NAWI.TA,4135.679789,5
19-מרץ,NAWI.TA,4168.591129,6
20-מרץ,NAWI.TA,4201.244475,7
21-מרץ,NAWI.TA,4219.911975,8
22-מרץ,NAWI.TA,4245.911811,9
23-מרץ,NAWI.TA,4217.623315,10
24-מרץ,NAWI.TA,4279.215884,11
25-מרץ,NAWI.TA,4295.815527,12
26-מרץ,NAWI.TA,4296.287496,13
27-מרץ,NAWI.TA,4310.04717,14
28-מרץ,NAWI.TA,4307.582151,15
29-מרץ,NAWI.TA,4301.994099,16
30-מרץ,NAWI.TA,4287.783912,17
31-מרץ,NAWI.TA,4249.887732,18
01-אפר,NAWI.TA,4281.597561,19
02-אפר,NAWI.TA,4267.946284,20
03-אפר,NAWI.TA,4263.971984,21
04-אפר,NAWI.TA,4261.61249,22
05-אפר,NAWI.TA,4276.000835,23
06-אפר,NAWI.TA,4319.452595,24
07-אפר,NAWI.TA,4360.488488,25
08-אפר,NAWI.TA,4339.854752,26
09-אפר,NAWI.TA,4336.979827,27
10-אפר,NAWI.TA,4371.493093,28
11-אפר,NAWI.TA,4464.050067,29
12-אפר,NAWI.TA,4488.332573,30
14-מרץ,NYAX.TA,13036.45771,1
15-מרץ,NYAX.TA,13046.65007,2
16-מרץ,NYAX.TA,12816.01215,3
17-מרץ,NYAX.TA,12826.03216,4
18-מרץ,NYAX.TA,13037.66055,5
19-מרץ,NYAX.TA,13768.16797,6
20-מרץ,NYAX.TA,13221.29427,7
21-מרץ,NYAX.TA,13182.7031,8
22-מרץ,NYAX.TA,12895.45814,9
23-מרץ,NYAX.TA,12519.25765,10
24-מרץ,NYAX.TA,13970.89421,11
25-מרץ,NYAX.TA,13924.00636,12
26-מרץ,NYAX.TA,13852.44698,13
27-מרץ,NYAX.TA,13797.18037,14
28-מרץ,NYAX.TA,13614.49524,15
29-מרץ,NYAX.TA,13811.02229,16
30-מרץ,NYAX.TA,11664.9347,17
31-מרץ,NYAX.TA,11802.2084,18
01-אפר,NYAX.TA,11851.7841,19
02-אפר,NYAX.TA,12217.25,20
03-אפר,NYAX.TA,12292.9889,21
04-אפר,NYAX.TA,12542.80644,22
05-אפר,NYAX.TA,12386.73853,23
06-אפר,NYAX.TA,12772.45437,24
07-אפר,NYAX.TA,12820.40161,25
08-אפר,NYAX.TA,12547.04132,26
09-אפר,NYAX.TA,12500.40181,27
10-אפר,NYAX.TA,12706.65732,28
11-אפר,NYAX.TA,12716.59184,29
12-אפר,NYAX.TA,12457.06202,30
14-מרץ,NTGR.TA,1418.425439,1
15-מרץ,NTGR.TA,1438.859971,2
16-מרץ,NTGR.TA,1516.435998,3
17-מרץ,NTGR.TA,1486.972617,4
18-מרץ,NTGR.TA,1491.227501,5
19-מרץ,NTGR.TA,1504.380733,6
20-מרץ,NTGR.TA,1495.206881,7
21-מרץ,NTGR.TA,1473.20245,8
22-מרץ,NTGR.TA,1454.398877,9
23-מרץ,NTGR.TA,1439.772728,10
24-מרץ,NTGR.TA,1439.103005,11
25-מרץ,NTGR.TA,1470.01744,12
26-מרץ,NTGR.TA,1471.390914,13
27-מרץ,NTGR.TA,1473.492277,14
28-מרץ,NTGR.TA,1480.846013,15
29-מרץ,NTGR.TA,1465.9539,16
30-מרץ,NTGR.TA,1499.045987,17
31-מרץ,NTGR.TA,1527.504458,18
01-אפר,NTGR.TA,1549.138987,19
02-אפר,NTGR.TA,1542.335616,20
03-אפר,NTGR.TA,1552.389407,21
04-אפר,NTGR.TA,1544.211944,22
05-אפר,NTGR.TA,1520.03665,23
06-אפר,NTGR.TA,1504.390727,24
07-אפר,NTGR.TA,1513.09431,25
08-אפר,NTGR.TA,1466.573592,26
09-אפר,NTGR.TA,1450.548536,27
10-אפר,NTGR.TA,1442.907536,28
11-אפר,NTGR.TA,1489.486414,29
12-אפר,NTGR.TA,1486.726287,30
14-מרץ,NTNB.TA,259.0153434,1
15-מרץ,NTNB.TA,258.8502303,2
16-מרץ,NTNB.TA,250.6952089,3
17-מרץ,NTNB.TA,251.4107004,4
18-מרץ,NTNB.TA,251.3874403,5
19-מרץ,NTNB.TA,251.1296068,6
20-מרץ,NTNB.TA,248.9221872,7
21-מרץ,NTNB.TA,248.2028625,8
22-מרץ,NTNB.TA,254.9702476,9
23-מרץ,NTNB.TA,253.6244089,10
24-מרץ,NTNB.TA,258.6616565,11
25-מרץ,NTNB.TA,261.6302305,12
26-מרץ,NTNB.TA,261.0515596,13
27-מרץ,NTNB.TA,261.4928685,14
28-מרץ,NTNB.TA,262.2890911,15
29-מרץ,NTNB.TA,262.0200765,16
30-מרץ,NTNB.TA,262.5846123,17
31-מרץ,NTNB.TA,264.0431775,18
01-אפר,NTNB.TA,265.5098444,19
02-אפר,NTNB.TA,262.0895031,20
03-אפר,NTNB.TA,262.065255,21
04-אפר,NTNB.TA,262.693952,22
05-אפר,NTNB.TA,262.6037751,23
06-אפר,NTNB.TA,265.4525411,24
07-אפר,NTNB.TA,272.690248,25
08-אפר,NTNB.TA,280.1252949,26
09-אפר,NTNB.TA,280.1417332,27
10-אפר,NTNB.TA,276.32201,28
11-אפר,NTNB.TA,277.0482193,29
12-אפר,NTNB.TA,277.8869599,30
14-מרץ,NTO.TA,14902.42397,1
15-מרץ,NTO.TA,14972.76954,2
16-מרץ,NTO.TA,14744.14906,3
17-מרץ,NTO.TA,14584.44273,4
18-מרץ,NTO.TA,14766.32605,5
19-מרץ,NTO.TA,14884.0073,6
20-מרץ,NTO.TA,14756.57662,7
21-מרץ,NTO.TA,14579.57725,8
22-מרץ,NTO.TA,13860.94616,9
23-מרץ,NTO.TA,13926.2905,10
24-מרץ,NTO.TA,13610.66584,11
25-מרץ,NTO.TA,13529.62653,12
26-מרץ,NTO.TA,13269.81529,13
27-מרץ,NTO.TA,13149.4289,14
28-מרץ,NTO.TA,13412.18381,15
29-מרץ,NTO.TA,13436.91701,16
30-מרץ,NTO.TA,13559.25418,17
31-מרץ,NTO.TA,13478.52097,18
01-אפר,NTO.TA,13747.85187,19
02-אפר,NTO.TA,13843.88865,20
03-אפר,NTO.TA,13729.1624,21
04-אפר,NTO.TA,13604.60872,22
05-אפר,NTO.TA,13523.60547,23
06-אפר,NTO.TA,13696.21688,24
07-אפר,NTO.TA,13760.86865,25
08-אפר,NTO.TA,13811.64559,26
09-אפר,NTO.TA,13645.9803,27
10-אפר,NTO.TA,13398.48374,28
11-אפר,NTO.TA,13534.83752,29
12-אפר,NTO.TA,13674.44835,30
14-מרץ,NTML.TA,9867.532367,1
15-מרץ,NTML.TA,9814.519555,2
16-מרץ,NTML.TA,9548.53627,3
17-מרץ,NTML.TA,9411.068824,4
18-מרץ,NTML.TA,9582.207966,5
19-מרץ,NTML.TA,9664.483035,6
20-מרץ,NTML.TA,9762.789268,7
21-מרץ,NTML.TA,9542.236826,8
22-מרץ,NTML.TA,9698.05796,9
23-מרץ,NTML.TA,9818.033029,10
24-מרץ,NTML.TA,9984.898607,11
25-מרץ,NTML.TA,9838.302433,12
26-מרץ,NTML.TA,9696.66331,13
27-מרץ,NTML.TA,9718.80972,14
28-מרץ,NTML.TA,9883.988916,15
29-מרץ,NTML.TA,9780.430758,16
30-מרץ,NTML.TA,9739.945546,17
31-מרץ,NTML.TA,9540.853345,18
01-אפר,NTML.TA,9562.643898,19
02-אפר,NTML.TA,9504.847008,20
03-אפר,NTML.TA,9677.691495,21
04-אפר,NTML.TA,9955.183445,22
05-אפר,NTML.TA,10061.08698,23
06-אפר,NTML.TA,10137.09582,24
07-אפר,NTML.TA,10043.22812,25
08-אפר,NTML.TA,9979.353236,26
09-אפר,NTML.TA,9815.563663,27
10-אפר,NTML.TA,10044.58456,28
11-אפר,NTML.TA,9486.574663,29
12-אפר,NTML.TA,9354.368572,30
14-מרץ,NWMD.TA,1258.388386,1
15-מרץ,NWMD.TA,1255.668509,2
16-מרץ,NWMD.TA,1256.052199,3
17-מרץ,NWMD.TA,1272.430555,4
18-מרץ,NWMD.TA,1263.105033,5
19-מרץ,NWMD.TA,1269.615862,6
20-מרץ,NWMD.TA,1296.172504,7
21-מרץ,NWMD.TA,1319.858772,8
22-מרץ,NWMD.TA,1317.215185,9
23-מרץ,NWMD.TA,1296.966407,10
24-מרץ,NWMD.TA,1289.956851,11
25-מרץ,NWMD.TA,1272.728794,12
26-מרץ,NWMD.TA,1317.170988,13
27-מרץ,NWMD.TA,1314.324058,14
28-מרץ,NWMD.TA,1324.650414,15
29-מרץ,NWMD.TA,1348.826592,16
30-מרץ,NWMD.TA,1343.503489,17
31-מרץ,NWMD.TA,1352.735277,18
01-אפר,NWMD.TA,1351.888831,19
02-אפר,NWMD.TA,1399.095201,20
03-אפר,NWMD.TA,1409.641934,21
04-אפר,NWMD.TA,1405.706725,22
05-אפר,NWMD.TA,1401.213735,23
06-אפר,NWMD.TA,1404.189981,24
07-אפר,NWMD.TA,1417.76607,25
08-אפר,NWMD.TA,1426.756768,26
09-אפר,NWMD.TA,1429.030928,27
10-אפר,NWMD.TA,1419.523618,28
11-אפר,NWMD.TA,1430.022976,29
12-אפר,NWMD.TA,1424.379434,30
14-מרץ,NXSN.TA,7330.414594,1
15-מרץ,NXSN.TA,7570.901177,2
16-מרץ,NXSN.TA,7792.372067,3
17-מרץ,NXSN.TA,7688.956308,4
18-מרץ,NXSN.TA,8046.806204,5
19-מרץ,NXSN.TA,8211.196845,6
20-מרץ,NXSN.TA,8240.166607,7
21-מרץ,NXSN.TA,8170.017124,8
22-מרץ,NXSN.TA,8643.213051,9
23-מרץ,NXSN.TA,8673.707001,10
24-מרץ,NXSN.TA,8947.409076,11
25-מרץ,NXSN.TA,9096.576112,12
26-מרץ,NXSN.TA,9247.614967,13
27-מרץ,NXSN.TA,9280.241295,14
28-מרץ,NXSN.TA,9272.941961,15
29-מרץ,NXSN.TA,9336.011811,16
30-מרץ,NXSN.TA,9433.613969,17
31-מרץ,NXSN.TA,9456.290972,18
01-אפר,NXSN.TA,9983.745951,19
02-אפר,NXSN.TA,9605.108342,20
03-אפר,NXSN.TA,9620.783792,21
04-אפר,NXSN.TA,9892.46156,22
05-אפר,NXSN.TA,10223.56641,23
06-אפר,NXSN.TA,10042.76107,24
07-אפר,NXSN.TA,10141.9394,25
08-אפר,NXSN.TA,10481.39439,26
09-אפר,NXSN.TA,10691.04333,27
10-אפר,NXSN.TA,10041.3082,28
11-אפר,NXSN.TA,10090.33752,29
12-אפר,NXSN.TA,10280.59697,30
14-מרץ,NXTG.TA,108.7297707,1
15-מרץ,NXTG.TA,86.53858876,2
16-מרץ,NXTG.TA,82.26411115,3
17-מרץ,NXTG.TA,78.20076663,4
18-מרץ,NXTG.TA,71.76521182,5
19-מרץ,NXTG.TA,83.7962865,6
20-מרץ,NXTG.TA,87.63849469,7
21-מרץ,NXTG.TA,86.03599989,8
22-מרץ,NXTG.TA,98.51652828,9
23-מרץ,NXTG.TA,96.18445563,10
24-מרץ,NXTG.TA,120.1723843,11
25-מרץ,NXTG.TA,145.2860253,12
26-מרץ,NXTG.TA,134.5232927,13
27-מרץ,NXTG.TA,152.7272584,14
28-מרץ,NXTG.TA,157.8608282,15
29-מרץ,NXTG.TA,137.9620828,16
30-מרץ,NXTG.TA,133.4684,17
31-מרץ,NXTG.TA,135.7620583,18
01-אפר,NXTG.TA,141.2201509,19
02-אפר,NXTG.TA,141.2311523,20
03-אפר,NXTG.TA,170.7456575,21
04-אפר,NXTG.TA,166.7037846,22
05-אפר,NXTG.TA,176.9122087,23
06-אפר,NXTG.TA,190.8226877,24
07-אפר,NXTG.TA,207.4336308,25
08-אפר,NXTG.TA,216.2326345,26
09-אפר,NXTG.TA,202.7961279,27
10-אפר,NXTG.TA,201.9147463,28
11-אפר,NXTG.TA,213.5223296,29
12-אפר,NXTG.TA,197.4177524,30
14-מרץ,NXTM.TA,990.6293138,1
15-מרץ,NXTM.TA,1003.598928,2
16-מרץ,NXTM.TA,1016.754315,3
17-מרץ,NXTM.TA,1020.575629,4
18-מרץ,NXTM.TA,1030.381039,5
19-מרץ,NXTM.TA,1036.04905,6
20-מרץ,NXTM.TA,1063.755214,7
21-מרץ,NXTM.TA,1077.682215,8
22-מרץ,NXTM.TA,1114.441645,9
23-מרץ,NXTM.TA,1125.642169,10
24-מרץ,NXTM.TA,1137.805615,11
25-מרץ,NXTM.TA,1133.605643,12
26-מרץ,NXTM.TA,1153.648753,13
27-מרץ,NXTM.TA,1132.143521,14
28-מרץ,NXTM.TA,1157.490618,15
29-מרץ,NXTM.TA,1165.681438,16
30-מרץ,NXTM.TA,1177.435194,17
31-מרץ,NXTM.TA,1175.925696,18
01-אפר,NXTM.TA,1187.782746,19
02-אפר,NXTM.TA,1201.213588,20
03-אפר,NXTM.TA,1196.779559,21
04-אפר,NXTM.TA,1208.277887,22
05-אפר,NXTM.TA,1214.765277,23
06-אפר,NXTM.TA,1247.250695,24
07-אפר,NXTM.TA,1250.508317,25
08-אפר,NXTM.TA,1247.074507,26
09-אפר,NXTM.TA,1227.112168,27
10-אפר,NXTM.TA,1232.674266,28
11-אפר,NXTM.TA,1239.64202,29
12-אפר,NXTM.TA,1252.100851,30
14-מרץ,NXFR.TA,-39.23643313,1
15-מרץ,NXFR.TA,-324.5590418,2
16-מרץ,NXFR.TA,-1580.857768,3
17-מרץ,NXFR.TA,-1998.245736,4
18-מרץ,NXFR.TA,-56791.52509,5
19-מרץ,NXFR.TA,-93733.81838,6
20-מרץ,NXFR.TA,-74483.18737,7
21-מרץ,NXFR.TA,27168.35106,8
22-מרץ,NXFR.TA,-6588.927109,9
23-מרץ,NXFR.TA,-3007.053177,10
24-מרץ,NXFR.TA,-2354.587503,11
25-מרץ,NXFR.TA,-1887.748914,12
26-מרץ,NXFR.TA,457.8209392,13
27-מרץ,NXFR.TA,259.3345975,14
28-מרץ,NXFR.TA,-65.81359173,15
29-מרץ,NXFR.TA,-233.545473,16
30-מרץ,NXFR.TA,188.8106784,17
31-מרץ,NXFR.TA,261.5899114,18
01-אפר,NXFR.TA,509.5833523,19
02-אפר,NXFR.TA,477.9733167,20
03-אפר,NXFR.TA,218.1373624,21
04-אפר,NXFR.TA,614.0279293,22
05-אפר,NXFR.TA,2413.540596,23
06-אפר,NXFR.TA,-1674.110883,24
07-אפר,NXFR.TA,610.6456205,25
08-אפר,NXFR.TA,619.411687,26
09-אפר,NXFR.TA,-4480.743238,27
10-אפר,NXFR.TA,762.5846332,28
11-אפר,NXFR.TA,50.66447724,29
12-אפר,NXFR.TA,419.0904442,30
14-מרץ,NXGN.TA,18.32715664,1
15-מרץ,NXGN.TA,9.21743941,2
16-מרץ,NXGN.TA,8.61288127,3
17-מרץ,NXGN.TA,8.1026429,4
18-מרץ,NXGN.TA,9.61911605,5
19-מרץ,NXGN.TA,12.76588704,6
20-מרץ,NXGN.TA,11.74544571,7
21-מרץ,NXGN.TA,10.97507939,8
22-מרץ,NXGN.TA,18.73872768,9
23-מרץ,NXGN.TA,9.42443448,10
24-מרץ,NXGN.TA,10.46164106,11
25-מרץ,NXGN.TA,4.24654476,12
26-מרץ,NXGN.TA,4.01637148,13
27-מרץ,NXGN.TA,2.85625458,14
28-מרץ,NXGN.TA,2.27384501,15
29-מרץ,NXGN.TA,2.33182667,16
30-מרץ,NXGN.TA,4.00399333,17
31-מרץ,NXGN.TA,4.38075292,18
01-אפר,NXGN.TA,5.95102698,19
02-אפר,NXGN.TA,5.66282107,20
03-אפר,NXGN.TA,7.03711493,21
04-אפר,NXGN.TA,9.83084786,22
05-אפר,NXGN.TA,55.533241,23
06-אפר,NXGN.TA,48.03367037,24
07-אפר,NXGN.TA,82.47889851,25
08-אפר,NXGN.TA,111.9244651,26
09-אפר,NXGN.TA,108.6618229,27
10-אפר,NXGN.TA,151.2200031,28
11-אפר,NXGN.TA,187.7419949,29
12-אפר,NXGN.TA,262.2755216,30
14-מרץ,NICE.TA,49861.55052,1
15-מרץ,NICE.TA,50846.34731,2
16-מרץ,NICE.TA,49969.9133,3
17-מרץ,NICE.TA,51161.66125,4
18-מרץ,NICE.TA,53047.56889,5
19-מרץ,NICE.TA,52280.37811,6
20-מרץ,NICE.TA,51475.14338,7
21-מרץ,NICE.TA,50980.3157,8
22-מרץ,NICE.TA,50032.25338,9
23-מרץ,NICE.TA,50829.08014,10
24-מרץ,NICE.TA,51141.44621,11
25-מרץ,NICE.TA,51262.97117,12
26-מרץ,NICE.TA,51506.04447,13
27-מרץ,NICE.TA,51822.57077,14
28-מרץ,NICE.TA,51984.62819,15
29-מרץ,NICE.TA,51183.94866,16
30-מרץ,NICE.TA,49275.1356,17
31-מרץ,NICE.TA,46440.49629,18
01-אפר,NICE.TA,46660.70289,19
02-אפר,NICE.TA,45757.23968,20
03-אפר,NICE.TA,45885.94865,21
04-אפר,NICE.TA,45819.25274,22
05-אפר,NICE.TA,45479.88254,23
06-אפר,NICE.TA,44878.74757,24
07-אפר,NICE.TA,44278.75622,25
08-אפר,NICE.TA,43638.3828,26
09-אפר,NICE.TA,44333.37909,27
10-אפר,NICE.TA,44072.51646,28
11-אפר,NICE.TA,43648.84983,29
12-אפר,NICE.TA,43065.30118,30
14-מרץ,NISA.TA,1031.307495,1
15-מרץ,NISA.TA,1059.889325,2
16-מרץ,NISA.TA,1072.491169,3
17-מרץ,NISA.TA,1061.568913,4
18-מרץ,NISA.TA,1047.087205,5
19-מרץ,NISA.TA,1059.805905,6
20-מרץ,NISA.TA,1038.166681,7
21-מרץ,NISA.TA,1057.602038,8
22-מרץ,NISA.TA,1073.707742,9
23-מרץ,NISA.TA,1082.685033,10
24-מרץ,NISA.TA,1054.616809,11
25-מרץ,NISA.TA,1017.970351,12
26-מרץ,NISA.TA,1053.116303,13
27-מרץ,NISA.TA,1028.118985,14
28-מרץ,NISA.TA,1023.253402,15
29-מרץ,NISA.TA,1034.068694,16
30-מרץ,NISA.TA,1036.664508,17
31-מרץ,NISA.TA,1058.262811,18
01-אפר,NISA.TA,1045.037744,19
02-אפר,NISA.TA,1031.981664,20
03-אפר,NISA.TA,1040.550441,21
04-אפר,NISA.TA,1033.028365,22
05-אפר,NISA.TA,1009.016444,23
06-אפר,NISA.TA,1005.316855,24
07-אפר,NISA.TA,998.4131804,25
08-אפר,NISA.TA,978.0274787,26
09-אפר,NISA.TA,958.0368548,27
10-אפר,NISA.TA,958.122029,28
11-אפר,NISA.TA,961.148397,29
12-אפר,NISA.TA,937.197023,30
14-מרץ,NOFR.TA,8411.652061,1
15-מרץ,NOFR.TA,8569.524679,2
16-מרץ,NOFR.TA,8363.5367,3
17-מרץ,NOFR.TA,8371.461381,4
18-מרץ,NOFR.TA,8256.030579,5
19-מרץ,NOFR.TA,8054.620874,6
20-מרץ,NOFR.TA,7822.398808,7
21-מרץ,NOFR.TA,7616.257601,8
22-מרץ,NOFR.TA,7678.442338,9
23-מרץ,NOFR.TA,7741.134797,10
24-מרץ,NOFR.TA,7844.270285,11
25-מרץ,NOFR.TA,7892.743044,12
26-מרץ,NOFR.TA,7983.479843,13
27-מרץ,NOFR.TA,7753.308838,14
28-מרץ,NOFR.TA,7793.115191,15
29-מרץ,NOFR.TA,7587.745686,16
30-מרץ,NOFR.TA,7555.096337,17
31-מרץ,NOFR.TA,7616.781709,18
01-אפר,NOFR.TA,7579.689719,19
02-אפר,NOFR.TA,7523.638452,20
03-אפר,NOFR.TA,7467.064012,21
04-אפר,NOFR.TA,7537.006043,22
05-אפר,NOFR.TA,7469.686644,23
06-אפר,NOFR.TA,7433.310974,24
07-אפר,NOFR.TA,7397.112446,25
08-אפר,NOFR.TA,7266.408634,26
09-אפר,NOFR.TA,7346.701252,27
10-אפר,NOFR.TA,7216.888185,28
11-אפר,NOFR.TA,7278.19441,29
12-אפר,NOFR.TA,7266.732685,30
14-מרץ,NSTR.TA,1015.10588,1
15-מרץ,NSTR.TA,1038.656059,2
16-מרץ,NSTR.TA,1042.262863,3
17-מרץ,NSTR.TA,1034.828386,4
18-מרץ,NSTR.TA,1026.705784,5
19-מרץ,NSTR.TA,1019.646276,6
20-מרץ,NSTR.TA,1015.029928,7
21-מרץ,NSTR.TA,1013.969167,8
22-מרץ,NSTR.TA,997.4952816,9
23-מרץ,NSTR.TA,1092.136324,10
24-מרץ,NSTR.TA,1079.111074,11
25-מרץ,NSTR.TA,1123.784576,12
26-מרץ,NSTR.TA,1112.278632,13
27-מרץ,NSTR.TA,1094.071334,14
28-מרץ,NSTR.TA,1196.595179,15
29-מרץ,NSTR.TA,1205.517839,16
30-מרץ,NSTR.TA,1203.318866,17
31-מרץ,NSTR.TA,1194.646409,18
01-אפר,NSTR.TA,1191.113666,19
02-אפר,NSTR.TA,1255.953036,20
03-אפר,NSTR.TA,1261.798969,21
04-אפר,NSTR.TA,1288.419337,22
05-אפר,NSTR.TA,1304.20486,23
06-אפר,NSTR.TA,1312.346588,24
07-אפר,NSTR.TA,1340.033366,25
08-אפר,NSTR.TA,1344.814439,26
09-אפר,NSTR.TA,1317.147083,27
10-אפר,NSTR.TA,1347.704536,28
11-אפר,NSTR.TA,1396.440205,29
12-אפר,NSTR.TA,1424.324448,30
14-מרץ,NVMI.TA,78195.42588,1
15-מרץ,NVMI.TA,78454.83956,2
16-מרץ,NVMI.TA,78100.81024,3
17-מרץ,NVMI.TA,78359.91003,4
18-מרץ,NVMI.TA,78821.88987,5
19-מרץ,NVMI.TA,77449.25075,6
20-מרץ,NVMI.TA,77953.10402,7
21-מרץ,NVMI.TA,74852.64715,8
22-מרץ,NVMI.TA,75444.62225,9
23-מרץ,NVMI.TA,77096.68519,10
24-מרץ,NVMI.TA,77257.66262,11
25-מרץ,NVMI.TA,77238.25159,12
26-מרץ,NVMI.TA,83074.20516,13
27-מרץ,NVMI.TA,89393.359,14
28-מרץ,NVMI.TA,88408.13332,15
29-מרץ,NVMI.TA,89682.05451,16
30-מרץ,NVMI.TA,90265.48941,17
31-מרץ,NVMI.TA,92342.91479,18
01-אפר,NVMI.TA,94933.06331,19
02-אפר,NVMI.TA,97117.91109,20
03-אפר,NVMI.TA,105312.4978,21
04-אפר,NVMI.TA,107355.402,22
05-אפר,NVMI.TA,107328.4289,23
06-אפר,NVMI.TA,110090.6228,24
07-אפר,NVMI.TA,109916.5096,25
08-אפר,NVMI.TA,111611.2641,26
09-אפר,NVMI.TA,110040.8902,27
10-אפר,NVMI.TA,107775.3244,28
11-אפר,NVMI.TA,107340.2755,29
12-אפר,NVMI.TA,110215.3216,30
14-מרץ,NVLG.TA,169.7618524,1
15-מרץ,NVLG.TA,169.9218824,2
16-מרץ,NVLG.TA,168.132404,3
17-מרץ,NVLG.TA,165.7059507,4
18-מרץ,NVLG.TA,166.4312604,5
19-מרץ,NVLG.TA,161.3158377,6
20-מרץ,NVLG.TA,161.2908268,7
21-מרץ,NVLG.TA,157.9817609,8
22-מרץ,NVLG.TA,159.0572383,9
23-מרץ,NVLG.TA,158.7340613,10
24-מרץ,NVLG.TA,156.4989117,11
25-מרץ,NVLG.TA,144.9029728,12
26-מרץ,NVLG.TA,151.1386958,13
27-מרץ,NVLG.TA,153.1129636,14
28-מרץ,NVLG.TA,151.3760888,15
29-מרץ,NVLG.TA,153.5226337,16
30-מרץ,NVLG.TA,151.2530294,17
31-מרץ,NVLG.TA,151.3408572,18
01-אפר,NVLG.TA,149.1567361,19
02-אפר,NVLG.TA,149.1336104,20
03-אפר,NVLG.TA,149.5594907,21
04-אפר,NVLG.TA,145.8427529,22
05-אפר,NVLG.TA,146.4631236,23
06-אפר,NVLG.TA,142.5432886,24
07-אפר,NVLG.TA,141.2935865,25
08-אפר,NVLG.TA,142.7883611,26
09-אפר,NVLG.TA,144.0603747,27
10-אפר,NVLG.TA,141.8567305,28
11-אפר,NVLG.TA,141.2809094,29
12-אפר,NVLG.TA,144.0215163,30
14-מרץ,NRGN.TA,298.4437817,1
15-מרץ,NRGN.TA,300.4304447,2
16-מרץ,NRGN.TA,362.2281393,3
17-מרץ,NRGN.TA,346.6313905,4
18-מרץ,NRGN.TA,366.1221582,5
19-מרץ,NRGN.TA,386.4965642,6
20-מרץ,NRGN.TA,356.4915077,7
21-מרץ,NRGN.TA,315.2041282,8
22-מרץ,NRGN.TA,344.4760212,9
23-מרץ,NRGN.TA,325.6209551,10
24-מרץ,NRGN.TA,325.3628973,11
25-מרץ,NRGN.TA,349.9584549,12
26-מרץ,NRGN.TA,341.2799368,13
27-מרץ,NRGN.TA,340.0808572,14
28-מרץ,NRGN.TA,338.0697725,15
29-מרץ,NRGN.TA,298.9159226,16
30-מרץ,NRGN.TA,297.7066042,17
31-מרץ,NRGN.TA,297.3443469,18
01-אפר,NRGN.TA,358.5072399,19
02-אפר,NRGN.TA,316.9864066,20
03-אפר,NRGN.TA,327.2378191,21
04-אפר,NRGN.TA,317.8348676,22
05-אפר,NRGN.TA,314.6514984,23
06-אפר,NRGN.TA,272.9611043,24
07-אפר,NRGN.TA,264.2500161,25
08-אפר,NRGN.TA,243.7353793,26
09-אפר,NRGN.TA,241.3833972,27
10-אפר,NRGN.TA,252.0274004,28
11-אפר,NRGN.TA,232.4616472,29
12-אפר,NRGN.TA,226.7658043,30
14-מרץ,NURI.TA,873.7442006,1
15-מרץ,NURI.TA,967.731308,2
16-מרץ,NURI.TA,1114.629147,3
17-מרץ,NURI.TA,1069.738378,4
18-מרץ,NURI.TA,1183.158833,5
19-מרץ,NURI.TA,1215.706425,6
20-מרץ,NURI.TA,1211.126779,7
21-מרץ,NURI.TA,1194.793144,8
22-מרץ,NURI.TA,1187.743478,9
23-מרץ,NURI.TA,1351.111184,10
24-מרץ,NURI.TA,1363.127627,11
25-מרץ,NURI.TA,1323.185831,12
26-מרץ,NURI.TA,1453.065941,13
27-מרץ,NURI.TA,1332.026133,14
28-מרץ,NURI.TA,1072.843471,15
29-מרץ,NURI.TA,1040.760139,16
30-מרץ,NURI.TA,1066.412665,17
31-מרץ,NURI.TA,1035.165087,18
01-אפר,NURI.TA,1044.371585,19
02-אפר,NURI.TA,970.9699974,20
03-אפר,NURI.TA,953.9970028,21
04-אפר,NURI.TA,921.4358845,22
05-אפר,NURI.TA,884.3258143,23
06-אפר,NURI.TA,591.7068753,24
07-אפר,NURI.TA,439.2519225,25
08-אפר,NURI.TA,526.3118708,26
09-אפר,NURI.TA,445.1071923,27
10-אפר,NURI.TA,362.4250808,28
11-אפר,NURI.TA,357.5373026,29
12-אפר,NURI.TA,361.3176811,30
14-מרץ,ORTC.TA,834.7800782,1
15-מרץ,ORTC.TA,817.5573899,2
16-מרץ,ORTC.TA,800.4506443,3
17-מרץ,ORTC.TA,886.4472792,4
18-מרץ,ORTC.TA,887.8770374,5
19-מרץ,ORTC.TA,888.8224629,6
20-מרץ,ORTC.TA,887.6287582,7
21-מרץ,ORTC.TA,881.7952838,8
22-מרץ,ORTC.TA,885.0690379,9
23-מרץ,ORTC.TA,883.8377618,10
24-מרץ,ORTC.TA,884.2332785,11
25-מרץ,ORTC.TA,885.0763609,12
26-מרץ,ORTC.TA,885.3564617,13
27-מרץ,ORTC.TA,879.2367345,14
28-מרץ,ORTC.TA,877.569098,15
29-מרץ,ORTC.TA,862.3960384,16
30-מרץ,ORTC.TA,861.9050283,17
31-מרץ,ORTC.TA,832.7120725,18
01-אפר,ORTC.TA,836.5420334,19
02-אפר,ORTC.TA,835.6564721,20
03-אפר,ORTC.TA,816.638868,21
04-אפר,ORTC.TA,815.5140233,22
05-אפר,ORTC.TA,791.6218283,23
06-אפר,ORTC.TA,788.5074963,24
07-אפר,ORTC.TA,925.251013,25
08-אפר,ORTC.TA,895.6989792,26
09-אפר,ORTC.TA,899.4011,27
10-אפר,ORTC.TA,883.8505677,28
11-אפר,ORTC.TA,807.8325692,29
12-אפר,ORTC.TA,808.6028065,30
14-מרץ,ONE.TA,7373.741015,1
15-מרץ,ONE.TA,7430.980594,2
16-מרץ,ONE.TA,7488.664502,3
17-מרץ,ONE.TA,7501.335968,4
18-מרץ,ONE.TA,7747.658443,5
19-מרץ,ONE.TA,7860.128506,6
20-מרץ,ONE.TA,8031.975262,7
21-מרץ,ONE.TA,7937.873365,8
22-מרץ,ONE.TA,7738.618274,9
23-מרץ,ONE.TA,7607.226497,10
24-מרץ,ONE.TA,7624.453698,11
25-מרץ,ONE.TA,7655.984592,12
26-מרץ,ONE.TA,7695.979357,13
27-מרץ,ONE.TA,7738.670053,14
28-מרץ,ONE.TA,7573.043062,15
29-מרץ,ONE.TA,7781.575304,16
30-מרץ,ONE.TA,7875.265951,17
31-מרץ,ONE.TA,7975.851404,18
01-אפר,ONE.TA,7934.135227,19
02-אפר,ONE.TA,8149.912262,20
03-אפר,ONE.TA,8219.201875,21
04-אפר,ONE.TA,8426.867186,22
05-אפר,ONE.TA,8596.375654,23
06-אפר,ONE.TA,8525.841613,24
07-אפר,ONE.TA,8713.808895,25
08-אפר,ONE.TA,8958.096169,26
09-אפר,ONE.TA,8979.093938,27
10-אפר,ONE.TA,8803.663383,28
11-אפר,ONE.TA,9136.148902,29
12-אפר,ONE.TA,9221.066914,30
14-מרץ,OPAL.TA,246.3147545,1
15-מרץ,OPAL.TA,253.6931629,2
16-מרץ,OPAL.TA,256.77845,3
17-מרץ,OPAL.TA,256.015334,4
18-מרץ,OPAL.TA,259.0058425,5
19-מרץ,OPAL.TA,257.1528569,6
20-מרץ,OPAL.TA,258.0677663,7
21-מרץ,OPAL.TA,260.1224803,8
22-מרץ,OPAL.TA,263.876512,9
23-מרץ,OPAL.TA,261.0638137,10
24-מרץ,OPAL.TA,254.1949758,11
25-מרץ,OPAL.TA,260.4041474,12
26-מרץ,OPAL.TA,260.4628967,13
27-מרץ,OPAL.TA,260.0390721,14
28-מרץ,OPAL.TA,261.4624665,15
29-מרץ,OPAL.TA,264.0214878,16
30-מרץ,OPAL.TA,264.9608347,17
31-מרץ,OPAL.TA,266.4111697,18
01-אפר,OPAL.TA,267.6855822,19
02-אפר,OPAL.TA,269.0163324,20
03-אפר,OPAL.TA,270.3296862,21
04-אפר,OPAL.TA,270.8117882,22
05-אפר,OPAL.TA,262.9502805,23
06-אפר,OPAL.TA,264.8829036,24
07-אפר,OPAL.TA,268.7500867,25
08-אפר,OPAL.TA,267.6960585,26
09-אפר,OPAL.TA,267.1652792,27
10-אפר,OPAL.TA,267.5332863,28
11-אפר,OPAL.TA,266.7382081,29
12-אפר,OPAL.TA,267.4725209,30
14-מרץ,OPCE.TA,3483.392674,1
15-מרץ,OPCE.TA,3403.98872,2
16-מרץ,OPCE.TA,3463.918263,3
17-מרץ,OPCE.TA,3616.824218,4
18-מרץ,OPCE.TA,3599.386998,5
19-מרץ,OPCE.TA,3537.808611,6
20-מרץ,OPCE.TA,3471.82533,7
21-מרץ,OPCE.TA,3554.557033,8
22-מרץ,OPCE.TA,3466.073981,9
23-מרץ,OPCE.TA,3466.759139,10
24-מרץ,OPCE.TA,3442.704372,11
25-מרץ,OPCE.TA,3513.036761,12
26-מרץ,OPCE.TA,3480.832195,13
27-מרץ,OPCE.TA,3585.592732,14
28-מרץ,OPCE.TA,3599.385186,15
29-מרץ,OPCE.TA,3695.795377,16
30-מרץ,OPCE.TA,3807.025532,17
31-מרץ,OPCE.TA,3782.217636,18
01-אפר,OPCE.TA,3816.918808,19
02-אפר,OPCE.TA,3816.136336,20
03-אפר,OPCE.TA,3807.768252,21
04-אפר,OPCE.TA,3782.955515,22
05-אפר,OPCE.TA,3715.630422,23
06-אפר,OPCE.TA,3695.349941,24
07-אפר,OPCE.TA,3612.008435,25
08-אפר,OPCE.TA,3607.546614,26
09-אפר,OPCE.TA,3582.644202,27
10-אפר,OPCE.TA,3667.470999,28
11-אפר,OPCE.TA,3602.201178,29
12-אפר,OPCE.TA,3600.97869,30
14-מרץ,OPK.TA,645.6514355,1
15-מרץ,OPK.TA,650.1898606,2
16-מרץ,OPK.TA,650.042712,3
17-מרץ,OPK.TA,649.8955967,4
18-מרץ,OPK.TA,653.3350599,5
19-מרץ,OPK.TA,678.8913706,6
20-מרץ,OPK.TA,655.8401118,7
21-מרץ,OPK.TA,691.6150058,8
22-מרץ,OPK.TA,710.2704141,9
23-מרץ,OPK.TA,703.1514264,10
24-מרץ,OPK.TA,689.4211387,11
25-מרץ,OPK.TA,734.2807817,12
26-מרץ,OPK.TA,727.0326025,13
27-מרץ,OPK.TA,723.9212142,14
28-מרץ,OPK.TA,692.494433,15
29-מרץ,OPK.TA,694.384796,16
30-מרץ,OPK.TA,711.1556345,17
31-מרץ,OPK.TA,668.9698729,18
01-אפר,OPK.TA,657.0022339,19
02-אפר,OPK.TA,656.8535436,20
03-אפר,OPK.TA,652.677896,21
04-אפר,OPK.TA,668.441426,22
05-אפר,OPK.TA,659.2983815,23
06-אפר,OPK.TA,652.3727661,24
07-אפר,OPK.TA,638.2249729,25
08-אפר,OPK.TA,617.0891923,26
09-אפר,OPK.TA,589.8069833,27
10-אפר,OPK.TA,577.210273,28
11-אפר,OPK.TA,575.9103399,29
12-אפר,OPK.TA,590.0432586,30
14-מרץ,ORAD.TA,82.18076103,1
15-מרץ,ORAD.TA,82.36093612,2
16-מרץ,ORAD.TA,82.75760639,3
17-מרץ,ORAD.TA,84.97719097,4
18-מרץ,ORAD.TA,84.98081958,5
19-מרץ,ORAD.TA,84.98160516,6
20-מרץ,ORAD.TA,87.87490862,7
21-מרץ,ORAD.TA,85.38956781,8
22-מרץ,ORAD.TA,86.88628828,9
23-מרץ,ORAD.TA,86.85721985,10
24-מרץ,ORAD.TA,86.86338978,11
25-מרץ,ORAD.TA,88.88069585,12
26-מרץ,ORAD.TA,91.04800163,13
27-מרץ,ORAD.TA,91.10430044,14
28-מרץ,ORAD.TA,91.13726816,15
29-מרץ,ORAD.TA,90.83977447,16
30-מרץ,ORAD.TA,93.81784023,17
31-מרץ,ORAD.TA,96.10553549,18
01-אפר,ORAD.TA,96.49689482,19
02-אפר,ORAD.TA,96.49755755,20
03-אפר,ORAD.TA,96.41801141,21
04-אפר,ORAD.TA,90.47235716,22
05-אפר,ORAD.TA,90.52741477,23
06-אפר,ORAD.TA,90.64466686,24
07-אפר,ORAD.TA,91.57739629,25
08-אפר,ORAD.TA,89.72790506,26
09-אפר,ORAD.TA,84.19479883,27
10-אפר,ORAD.TA,86.62574821,28
11-אפר,ORAD.TA,87.35408272,29
12-אפר,ORAD.TA,88.12587227,30
14-מרץ,ORMP.TA,895.8602815,1
15-מרץ,ORMP.TA,874.9367318,2
16-מרץ,ORMP.TA,877.0719642,3
17-מרץ,ORMP.TA,889.8473205,4
18-מרץ,ORMP.TA,887.3134893,5
19-מרץ,ORMP.TA,885.0279832,6
20-מרץ,ORMP.TA,873.2503411,7
21-מרץ,ORMP.TA,864.1671733,8
22-מרץ,ORMP.TA,854.1205059,9
23-מרץ,ORMP.TA,850.745638,10
24-מרץ,ORMP.TA,825.778868,11
25-מרץ,ORMP.TA,826.5209308,12
26-מרץ,ORMP.TA,807.0862636,13
27-מרץ,ORMP.TA,813.4466291,14
28-מרץ,ORMP.TA,817.5536543,15
29-מרץ,ORMP.TA,827.4153441,16
30-מרץ,ORMP.TA,824.6790609,17
31-מרץ,ORMP.TA,809.9127727,18
01-אפר,ORMP.TA,819.040213,19
02-אפר,ORMP.TA,818.3187791,20
03-אפר,ORMP.TA,827.6947635,21
04-אפר,ORMP.TA,853.0202025,22
05-אפר,ORMP.TA,852.9577105,23
06-אפר,ORMP.TA,857.4940089,24
07-אפר,ORMP.TA,937.3167396,25
08-אפר,ORMP.TA,948.0561572,26
09-אפר,ORMP.TA,935.4397582,27
10-אפר,ORMP.TA,950.2494385,28
11-אפר,ORMP.TA,931.2223367,29
12-אפר,ORMP.TA,921.5361695,30
14-מרץ,ORBI.TA,3293.304754,1
15-מרץ,ORBI.TA,3351.676861,2
16-מרץ,ORBI.TA,3379.321778,3
17-מרץ,ORBI.TA,3443.986757,4
18-מרץ,ORBI.TA,3435.939027,5
19-מרץ,ORBI.TA,3443.573715,6
20-מרץ,ORBI.TA,3415.293943,7
21-מרץ,ORBI.TA,3379.6237,8
22-מרץ,ORBI.TA,3360.104744,9
23-מרץ,ORBI.TA,3286.700373,10
24-מרץ,ORBI.TA,3267.718093,11
25-מרץ,ORBI.TA,3271.752689,12
26-מרץ,ORBI.TA,3248.133759,13
27-מרץ,ORBI.TA,3282.404002,14
28-מרץ,ORBI.TA,3286.478844,15
29-מרץ,ORBI.TA,3309.354433,16
30-מרץ,ORBI.TA,3301.885998,17
31-מרץ,ORBI.TA,3258.768256,18
01-אפר,ORBI.TA,3244.114361,19
02-אפר,ORBI.TA,3181.653603,20
03-אפר,ORBI.TA,3242.279375,21
04-אפר,ORBI.TA,3294.338768,22
05-אפר,ORBI.TA,3315.131495,23
06-אפר,ORBI.TA,3289.753724,24
07-אפר,ORBI.TA,3365.309999,25
08-אפר,ORBI.TA,3332.689061,26
09-אפר,ORBI.TA,3327.703788,27
10-אפר,ORBI.TA,3446.741236,28
11-אפר,ORBI.TA,3472.128756,29
12-אפר,ORBI.TA,3538.289474,30
14-מרץ,ORIN.TA,2485.807796,1
15-מרץ,ORIN.TA,3051.885262,2
16-מרץ,ORIN.TA,2989.795409,3
17-מרץ,ORIN.TA,2992.611958,4
18-מרץ,ORIN.TA,2981.948071,5
19-מרץ,ORIN.TA,2967.148149,6
20-מרץ,ORIN.TA,3622.541786,7
21-מרץ,ORIN.TA,3633.615075,8
22-מרץ,ORIN.TA,3627.729598,9
23-מרץ,ORIN.TA,3527.890805,10
24-מרץ,ORIN.TA,3375.656843,11
25-מרץ,ORIN.TA,3399.204529,12
26-מרץ,ORIN.TA,3444.214027,13
27-מרץ,ORIN.TA,3387.133516,14
28-מרץ,ORIN.TA,3461.023692,15
29-מרץ,ORIN.TA,3367.979717,16
30-מרץ,ORIN.TA,3454.252463,17
31-מרץ,ORIN.TA,3507.919267,18
01-אפר,ORIN.TA,3803.996593,19
02-אפר,ORIN.TA,3870.249894,20
03-אפר,ORIN.TA,3897.247729,21
04-אפר,ORIN.TA,3946.163702,22
05-אפר,ORIN.TA,3896.363473,23
06-אפר,ORIN.TA,3908.273772,24
07-אפר,ORIN.TA,3896.081489,25
08-אפר,ORIN.TA,3976.130968,26
09-אפר,ORIN.TA,4090.355329,27
10-אפר,ORIN.TA,4157.422254,28
11-אפר,ORIN.TA,4164.379758,29
12-אפר,ORIN.TA,4061.825636,30
14-מרץ,ORA.TA,26683.55302,1
15-מרץ,ORA.TA,26216.27823,2
16-מרץ,ORA.TA,25727.59878,3
17-מרץ,ORA.TA,25236.65405,4
18-מרץ,ORA.TA,25534.51559,5
19-מרץ,ORA.TA,25643.88658,6
20-מרץ,ORA.TA,25946.55458,7
21-מרץ,ORA.TA,26535.92631,8
22-מרץ,ORA.TA,26084.04751,9
23-מרץ,ORA.TA,27061.10322,10
24-מרץ,ORA.TA,27010.99515,11
25-מרץ,ORA.TA,27121.01247,12
26-מרץ,ORA.TA,26615.4685,13
27-מרץ,ORA.TA,26419.61359,14
28-מרץ,ORA.TA,26736.9214,15
29-מרץ,ORA.TA,26797.2448,16
30-מרץ,ORA.TA,26793.70646,17
31-מרץ,ORA.TA,27109.94548,18
01-אפר,ORA.TA,28225.70549,19
02-אפר,ORA.TA,28184.01769,20
03-אפר,ORA.TA,28756.64151,21
04-אפר,ORA.TA,29179.16244,22
05-אפר,ORA.TA,29607.89147,23
06-אפר,ORA.TA,29684.16504,24
07-אפר,ORA.TA,29734.90507,25
08-אפר,ORA.TA,29862.39326,26
09-אפר,ORA.TA,30129.66386,27
10-אפר,ORA.TA,29854.47385,28
11-אפר,ORA.TA,29931.38265,29
12-אפר,ORA.TA,29973.66961,30
14-מרץ,ORON.TA,1095.987973,1
15-מרץ,ORON.TA,1095.975858,2
16-מרץ,ORON.TA,1136.532352,3
17-מרץ,ORON.TA,1129.84762,4
18-מרץ,ORON.TA,1135.614191,5
19-מרץ,ORON.TA,1120.628166,6
20-מרץ,ORON.TA,1119.83214,7
21-מרץ,ORON.TA,1160.274251,8
22-מרץ,ORON.TA,1167.680685,9
23-מרץ,ORON.TA,1168.421283,10
24-מרץ,ORON.TA,1166.840044,11
25-מרץ,ORON.TA,1160.567566,12
26-מרץ,ORON.TA,1161.303652,13
27-מרץ,ORON.TA,1158.879189,14
28-מרץ,ORON.TA,1166.178153,15
29-מרץ,ORON.TA,1187.832353,16
30-מרץ,ORON.TA,1168.899636,17
31-מרץ,ORON.TA,1167.611253,18
01-אפר,ORON.TA,1129.702413,19
02-אפר,ORON.TA,1151.959143,20
03-אפר,ORON.TA,1118.958602,21
04-אפר,ORON.TA,1103.795678,22
05-אפר,ORON.TA,1123.884967,23
06-אפר,ORON.TA,1139.180408,24
07-אפר,ORON.TA,1132.480101,25
08-אפר,ORON.TA,1121.150023,26
09-אפר,ORON.TA,1119.632757,27
10-אפר,ORON.TA,1112.27162,28
11-אפר,ORON.TA,1099.61581,29
12-אפר,ORON.TA,1093.438723,30
14-מרץ,OVRS.TA,448.5313642,1
15-מרץ,OVRS.TA,443.9597728,2
16-מרץ,OVRS.TA,442.9985867,3
17-מרץ,OVRS.TA,440.7745042,4
18-מרץ,OVRS.TA,441.3198864,5
19-מרץ,OVRS.TA,442.2658019,6
20-מרץ,OVRS.TA,440.8389827,7
21-מרץ,OVRS.TA,443.4551175,8
22-מרץ,OVRS.TA,441.7137429,9
23-מרץ,OVRS.TA,438.4817112,10
24-מרץ,OVRS.TA,437.0996722,11
25-מרץ,OVRS.TA,436.733121,12
26-מרץ,OVRS.TA,436.4348662,13
27-מרץ,OVRS.TA,440.1716368,14
28-מרץ,OVRS.TA,462.5631027,15
29-מרץ,OVRS.TA,478.541005,16
30-מרץ,OVRS.TA,478.169901,17
31-מרץ,OVRS.TA,478.0638454,18
01-אפר,OVRS.TA,484.6437568,19
02-אפר,OVRS.TA,475.3478844,20
03-אפר,OVRS.TA,477.9729742,21
04-אפר,OVRS.TA,482.1698264,22
05-אפר,OVRS.TA,486.4035291,23
06-אפר,OVRS.TA,486.0713533,24
07-אפר,OVRS.TA,485.17796,25
08-אפר,OVRS.TA,488.9647004,26
09-אפר,OVRS.TA,488.585513,27
10-אפר,OVRS.TA,487.7434442,28
11-אפר,OVRS.TA,484.8041706,29
12-אפר,OVRS.TA,483.2269479,30
14-מרץ,PLRM.TA,8786.265118,1
15-מרץ,PLRM.TA,8742.528056,2
16-מרץ,PLRM.TA,9070.915791,3
17-מרץ,PLRM.TA,9074.71448,4
18-מרץ,PLRM.TA,9362.331691,5
19-מרץ,PLRM.TA,9537.839161,6
20-מרץ,PLRM.TA,9601.926356,7
21-מרץ,PLRM.TA,9424.688368,8
22-מרץ,PLRM.TA,9194.267234,9
23-מרץ,PLRM.TA,9111.91856,10
24-מרץ,PLRM.TA,9125.307534,11
25-מרץ,PLRM.TA,9170.743453,12
26-מרץ,PLRM.TA,8996.1981,13
27-מרץ,PLRM.TA,8907.165562,14
28-מרץ,PLRM.TA,8697.253679,15
29-מרץ,PLRM.TA,8951.747384,16
30-מרץ,PLRM.TA,9040.413813,17
31-מרץ,PLRM.TA,8827.361718,18
01-אפר,PLRM.TA,8633.198484,19
02-אפר,PLRM.TA,8636.813867,20
03-אפר,PLRM.TA,8545.486463,21
04-אפר,PLRM.TA,8735.606632,22
05-אפר,PLRM.TA,8825.631033,23
06-אפר,PLRM.TA,8646.382823,24
07-אפר,PLRM.TA,8650.416181,25
08-אפר,PLRM.TA,8438.924975,26
09-אפר,PLRM.TA,8550.174035,27
10-אפר,PLRM.TA,8348.67524,28
11-אפר,PLRM.TA,8757.061241,29
12-אפר,PLRM.TA,8778.01392,30
14-מרץ,PRKM.TA,540.003805,1
15-מרץ,PRKM.TA,540.5984019,2
16-מרץ,PRKM.TA,543.207373,3
17-מרץ,PRKM.TA,542.728117,4
18-מרץ,PRKM.TA,544.1296103,5
19-מרץ,PRKM.TA,541.3255004,6
20-מרץ,PRKM.TA,541.4398454,7
21-מרץ,PRKM.TA,540.7289449,8
22-מרץ,PRKM.TA,546.7353683,9
23-מרץ,PRKM.TA,547.9915818,10
24-מרץ,PRKM.TA,548.7650399,11
25-מרץ,PRKM.TA,549.492058,12
26-מרץ,PRKM.TA,549.4815399,13
27-מרץ,PRKM.TA,550.6599458,14
28-מרץ,PRKM.TA,538.9404838,15
29-מרץ,PRKM.TA,531.2041046,16
30-מרץ,PRKM.TA,537.104726,17
31-מרץ,PRKM.TA,543.5783483,18
01-אפר,PRKM.TA,535.9970666,19
02-אפר,PRKM.TA,531.342707,20
03-אפר,PRKM.TA,533.2762441,21
04-אפר,PRKM.TA,537.26698,22
05-אפר,PRKM.TA,545.6688869,23
06-אפר,PRKM.TA,546.8270762,24
07-אפר,PRKM.TA,544.4217088,25
08-אפר,PRKM.TA,532.8425579,26
09-אפר,PRKM.TA,534.5722081,27
10-אפר,PRKM.TA,538.1983048,28
11-אפר,PRKM.TA,515.119339,29
12-אפר,PRKM.TA,520.8412906,30
14-מרץ,PTNR.TA,2578.46543,1
15-מרץ,PTNR.TA,2570.826263,2
16-מרץ,PTNR.TA,2574.434962,3
17-מרץ,PTNR.TA,2630.35415,4
18-מרץ,PTNR.TA,2720.403591,5
19-מרץ,PTNR.TA,2735.687208,6
20-מרץ,PTNR.TA,2772.861962,7
21-מרץ,PTNR.TA,2739.319888,8
22-מרץ,PTNR.TA,2716.332726,9
23-מרץ,PTNR.TA,2733.06385,10
24-מרץ,PTNR.TA,2773.965432,11
25-מרץ,PTNR.TA,2681.12508,12
26-מרץ,PTNR.TA,2702.809422,13
27-מרץ,PTNR.TA,2720.473928,14
28-מרץ,PTNR.TA,2637.700358,15
29-מרץ,PTNR.TA,2652.355704,16
30-מרץ,PTNR.TA,2640.153082,17
31-מרץ,PTNR.TA,2628.006601,18
01-אפר,PTNR.TA,2667.464581,19
02-אפר,PTNR.TA,2758.287532,20
03-אפר,PTNR.TA,2869.024437,21
04-אפר,PTNR.TA,2966.710182,22
05-אפר,PTNR.TA,3220.555111,23
06-אפר,PTNR.TA,3239.633673,24
07-אפר,PTNR.TA,3152.740577,25
08-אפר,PTNR.TA,3198.324628,26
09-אפר,PTNR.TA,3213.475779,27
10-אפר,PTNR.TA,3279.516915,28
11-אפר,PTNR.TA,3288.316686,29
12-אפר,PTNR.TA,3336.155455,30
14-מרץ,PMNT.TA,395.6713762,1
15-מרץ,PMNT.TA,420.5659386,2
16-מרץ,PMNT.TA,409.9608433,3
17-מרץ,PMNT.TA,430.0106241,4
18-מרץ,PMNT.TA,431.3262742,5
19-מרץ,PMNT.TA,418.9211446,6
20-מרץ,PMNT.TA,437.9823614,7
21-מרץ,PMNT.TA,453.9356971,8
22-מרץ,PMNT.TA,456.2553259,9
23-מרץ,PMNT.TA,456.5665207,10
24-מרץ,PMNT.TA,455.4609447,11
25-מרץ,PMNT.TA,456.8544619,12
26-מרץ,PMNT.TA,434.4227465,13
27-מרץ,PMNT.TA,459.4342226,14
28-מרץ,PMNT.TA,465.395016,15
29-מרץ,PMNT.TA,465.2794556,16
30-מרץ,PMNT.TA,464.436644,17
31-מרץ,PMNT.TA,461.7999853,18
01-אפר,PMNT.TA,484.385041,19
02-אפר,PMNT.TA,462.3361844,20
03-אפר,PMNT.TA,462.2387922,21
04-אפר,PMNT.TA,457.8780612,22
05-אפר,PMNT.TA,480.2713091,23
06-אפר,PMNT.TA,492.0126222,24
07-אפר,PMNT.TA,498.3960944,25
08-אפר,PMNT.TA,525.491037,26
09-אפר,PMNT.TA,542.4440403,27
10-אפר,PMNT.TA,541.4614521,28
11-אפר,PMNT.TA,537.8681507,29
12-אפר,PMNT.TA,529.6189365,30
14-מרץ,PAYT.TA,6803.920367,1
15-מרץ,PAYT.TA,6825.981119,2
16-מרץ,PAYT.TA,6726.227587,3
17-מרץ,PAYT.TA,6730.90744,4
18-מרץ,PAYT.TA,6685.232662,5
19-מרץ,PAYT.TA,6784.123569,6
20-מרץ,PAYT.TA,6788.016088,7
21-מרץ,PAYT.TA,6739.765589,8
22-מרץ,PAYT.TA,6736.072691,9
23-מרץ,PAYT.TA,6768.617524,10
24-מרץ,PAYT.TA,6504.672796,11
25-מרץ,PAYT.TA,6511.614627,12
26-מרץ,PAYT.TA,6553.26621,13
27-מרץ,PAYT.TA,6567.665205,14
28-מרץ,PAYT.TA,6559.853758,15
29-מרץ,PAYT.TA,6579.999668,16
30-מרץ,PAYT.TA,6617.146513,17
31-מרץ,PAYT.TA,6644.811457,18
01-אפר,PAYT.TA,6743.104436,19
02-אפר,PAYT.TA,6749.771836,20
03-אפר,PAYT.TA,6698.632842,21
04-אפר,PAYT.TA,6694.05126,22
05-אפר,PAYT.TA,6585.052927,23
06-אפר,PAYT.TA,6757.088238,24
07-אפר,PAYT.TA,7062.024196,25
08-אפר,PAYT.TA,7173.609878,26
09-אפר,PAYT.TA,7137.514566,27
10-אפר,PAYT.TA,7141.60985,28
11-אפר,PAYT.TA,7093.148115,29
12-אפר,PAYT.TA,7198.073088,30
14-מרץ,PAZ.TA,48151.66201,1
15-מרץ,PAZ.TA,48602.54494,2
16-מרץ,PAZ.TA,49182.04386,3
17-מרץ,PAZ.TA,49968.961,4
18-מרץ,PAZ.TA,49880.70755,5
19-מרץ,PAZ.TA,49833.50416,6
20-מרץ,PAZ.TA,50433.41633,7
21-מרץ,PAZ.TA,49673.82284,8
22-מרץ,PAZ.TA,49892.11199,9
23-מרץ,PAZ.TA,50950.90518,10
24-מרץ,PAZ.TA,52835.11059,11
25-מרץ,PAZ.TA,53067.29186,12
26-מרץ,PAZ.TA,54720.6898,13
27-מרץ,PAZ.TA,54693.78657,14
28-מרץ,PAZ.TA,54788.43186,15
29-מרץ,PAZ.TA,54700.52314,16
30-מרץ,PAZ.TA,54612.75548,17
31-מרץ,PAZ.TA,54481.98455,18
01-אפר,PAZ.TA,54907.76951,19
02-אפר,PAZ.TA,54912.49928,20
03-אפר,PAZ.TA,55219.70281,21
04-אפר,PAZ.TA,54783.96685,22
05-אפר,PAZ.TA,56921.34774,23
06-אפר,PAZ.TA,56652.08321,24
07-אפר,PAZ.TA,56344.68144,25
08-אפר,PAZ.TA,53912.01226,26
09-אפר,PAZ.TA,51744.52189,27
10-אפר,PAZ.TA,50859.98633,28
11-אפר,PAZ.TA,52432.58566,29
12-אפר,PAZ.TA,52923.55435,30
14-מרץ,PCBT.TA,795.5973086,1
15-מרץ,PCBT.TA,785.6030543,2
16-מרץ,PCBT.TA,780.9149196,3
17-מרץ,PCBT.TA,790.0919753,4
18-מרץ,PCBT.TA,763.6851108,5
19-מרץ,PCBT.TA,753.4804302,6
20-מרץ,PCBT.TA,765.9971676,7
21-מרץ,PCBT.TA,766.87086,8
22-מרץ,PCBT.TA,765.4687647,9
23-מרץ,PCBT.TA,757.0313995,10
24-מרץ,PCBT.TA,759.1209733,11
25-מרץ,PCBT.TA,773.7412949,12
26-מרץ,PCBT.TA,774.6238202,13
27-מרץ,PCBT.TA,755.8940212,14
28-מרץ,PCBT.TA,775.8130099,15
29-מרץ,PCBT.TA,775.2764032,16
30-מרץ,PCBT.TA,790.5838647,17
31-מרץ,PCBT.TA,685.4964747,18
01-אפר,PCBT.TA,674.2420612,19
02-אפר,PCBT.TA,674.180877,20
03-אפר,PCBT.TA,659.0915274,21
04-אפר,PCBT.TA,661.0860645,22
05-אפר,PCBT.TA,651.864934,23
06-אפר,PCBT.TA,642.7702222,24
07-אפר,PCBT.TA,645.5895416,25
08-אפר,PCBT.TA,640.5551324,26
09-אפר,PCBT.TA,676.0466097,27
10-אפר,PCBT.TA,671.1152347,28
11-אפר,PCBT.TA,665.8817721,29
12-אפר,PCBT.TA,654.3937202,30
14-מרץ,PEN.TA,245.8897104,1
15-מרץ,PEN.TA,248.2697244,2
16-מרץ,PEN.TA,252.5451161,3
17-מרץ,PEN.TA,259.6631786,4
18-מרץ,PEN.TA,251.4626936,5
19-מרץ,PEN.TA,254.5044107,6
20-מרץ,PEN.TA,248.9825452,7
21-מרץ,PEN.TA,252.5466263,8
22-מרץ,PEN.TA,258.5916321,9
23-מרץ,PEN.TA,257.6396044,10
24-מרץ,PEN.TA,268.7997078,11
25-מרץ,PEN.TA,272.2025086,12
26-מרץ,PEN.TA,274.5961229,13
27-מרץ,PEN.TA,276.2349958,14
28-מרץ,PEN.TA,270.493148,15
29-מרץ,PEN.TA,276.407077,16
30-מרץ,PEN.TA,281.5647911,17
31-מרץ,PEN.TA,294.5907756,18
01-אפר,PEN.TA,283.4767836,19
02-אפר,PEN.TA,286.0505902,20
03-אפר,PEN.TA,287.1769012,21
04-אפר,PEN.TA,285.197006,22
05-אפר,PEN.TA,285.5348686,23
06-אפר,PEN.TA,293.8463258,24
07-אפר,PEN.TA,284.6544403,25
08-אפר,PEN.TA,286.6007969,26
09-אפר,PEN.TA,287.8705507,27
10-אפר,PEN.TA,290.3148247,28
11-אפר,PEN.TA,291.7078238,29
12-אפר,PEN.TA,301.3380384,30
14-מרץ,PERI.TA,3137.218681,1
15-מרץ,PERI.TA,3156.925078,2
16-מרץ,PERI.TA,3186.257151,3
17-מרץ,PERI.TA,3098.163184,4
18-מרץ,PERI.TA,2971.867152,5
19-מרץ,PERI.TA,2914.278442,6
20-מרץ,PERI.TA,2989.912236,7
21-מרץ,PERI.TA,2927.119038,8
22-מרץ,PERI.TA,2923.014328,9
23-מרץ,PERI.TA,2887.558483,10
24-מרץ,PERI.TA,2797.384996,11
25-מרץ,PERI.TA,2860.301833,12
26-מרץ,PERI.TA,2857.421352,13
27-מרץ,PERI.TA,2997.93109,14
28-מרץ,PERI.TA,3062.378039,15
29-מרץ,PERI.TA,3201.065831,16
30-מרץ,PERI.TA,3230.80803,17
31-מרץ,PERI.TA,3232.791773,18
01-אפר,PERI.TA,3335.453856,19
02-אפר,PERI.TA,3276.010874,20
03-אפר,PERI.TA,3247.767024,21
04-אפר,PERI.TA,4104.043292,22
05-אפר,PERI.TA,4019.439649,23
06-אפר,PERI.TA,3947.806976,24
07-אפר,PERI.TA,4045.68537,25
08-אפר,PERI.TA,4030.435373,26
09-אפר,PERI.TA,4042.400239,27
10-אפר,PERI.TA,4040.287371,28
11-אפר,PERI.TA,4127.142,29
12-אפר,PERI.TA,4011.458188,30
14-מרץ,PTCH.TA,202.2255989,1
15-מרץ,PTCH.TA,197.9818407,2
16-מרץ,PTCH.TA,197.5663017,3
17-מרץ,PTCH.TA,198.6328833,4
18-מרץ,PTCH.TA,203.2347632,5
19-מרץ,PTCH.TA,195.7049713,6
20-מרץ,PTCH.TA,190.9371167,7
21-מרץ,PTCH.TA,188.8316678,8
22-מרץ,PTCH.TA,188.8862809,9
23-מרץ,PTCH.TA,191.8680042,10
24-מרץ,PTCH.TA,189.6314841,11
25-מרץ,PTCH.TA,186.5722292,12
26-מרץ,PTCH.TA,186.7941193,13
27-מרץ,PTCH.TA,190.7342356,14
28-מרץ,PTCH.TA,189.6398339,15
29-מרץ,PTCH.TA,194.033365,16
30-מרץ,PTCH.TA,197.8896192,17
31-מרץ,PTCH.TA,199.4118177,18
01-אפר,PTCH.TA,204.0607025,19
02-אפר,PTCH.TA,203.7223396,20
03-אפר,PTCH.TA,208.7878989,21
04-אפר,PTCH.TA,206.5401841,22
05-אפר,PTCH.TA,209.8005886,23
06-אפר,PTCH.TA,210.0752398,24
07-אפר,PTCH.TA,214.2287326,25
08-אפר,PTCH.TA,216.6798535,26
09-אפר,PTCH.TA,211.8567141,27
10-אפר,PTCH.TA,215.5240479,28
11-אפר,PTCH.TA,211.0287884,29
12-אפר,PTCH.TA,213.722908,30
14-מרץ,PTX.TA,28.48303162,1
15-מרץ,PTX.TA,28.64819622,2
16-מרץ,PTX.TA,30.2923744,3
17-מרץ,PTX.TA,39.36775007,4
18-מרץ,PTX.TA,38.5184423,5
19-מרץ,PTX.TA,32.62877321,6
20-מרץ,PTX.TA,34.05922006,7
21-מרץ,PTX.TA,31.10347382,8
22-מרץ,PTX.TA,33.23950081,9
23-מרץ,PTX.TA,33.3747889,10
24-מרץ,PTX.TA,36.62795782,11
25-מרץ,PTX.TA,36.73929336,12
26-מרץ,PTX.TA,34.58275529,13
27-מרץ,PTX.TA,32.7747403,14
28-מרץ,PTX.TA,27.54098974,15
29-מרץ,PTX.TA,26.10576966,16
30-מרץ,PTX.TA,25.54257179,17
31-מרץ,PTX.TA,26.53860408,18
01-אפר,PTX.TA,27.08562787,19
02-אפר,PTX.TA,26.36897117,20
03-אפר,PTX.TA,26.39634035,21
04-אפר,PTX.TA,26.67488382,22
05-אפר,PTX.TA,25.10911058,23
06-אפר,PTX.TA,24.44475041,24
07-אפר,PTX.TA,20.09757596,25
08-אפר,PTX.TA,23.31783552,26
09-אפר,PTX.TA,23.99154471,27
10-אפר,PTX.TA,24.38693573,28
11-אפר,PTX.TA,23.79689909,29
12-אפר,PTX.TA,23.18464968,30
14-מרץ,PHOE.TA,5542.681861,1
15-מרץ,PHOE.TA,5624.422342,2
16-מרץ,PHOE.TA,5576.681225,3
17-מרץ,PHOE.TA,5549.444872,4
18-מרץ,PHOE.TA,5673.304059,5
19-מרץ,PHOE.TA,5764.425625,6
20-מרץ,PHOE.TA,5760.607974,7
21-מרץ,PHOE.TA,5784.703539,8
22-מרץ,PHOE.TA,5822.782371,9
23-מרץ,PHOE.TA,5894.170004,10
24-מרץ,PHOE.TA,5866.479715,11
25-מרץ,PHOE.TA,5959.080361,12
26-מרץ,PHOE.TA,6036.724094,13
27-מרץ,PHOE.TA,5959.714847,14
28-מרץ,PHOE.TA,6020.059165,15
29-מרץ,PHOE.TA,6102.322773,16
30-מרץ,PHOE.TA,6203.262956,17
31-מרץ,PHOE.TA,6287.739929,18
01-אפר,PHOE.TA,6324.384537,19
02-אפר,PHOE.TA,6259.569039,20
03-אפר,PHOE.TA,6352.544546,21
04-אפר,PHOE.TA,6314.801791,22
05-אפר,PHOE.TA,6544.659486,23
06-אפר,PHOE.TA,6632.43223,24
07-אפר,PHOE.TA,6603.502206,25
08-אפר,PHOE.TA,6506.105874,26
09-אפר,PHOE.TA,6507.716042,27
10-אפר,PHOE.TA,6581.697279,28
11-אפר,PHOE.TA,6821.269924,29
12-אפר,PHOE.TA,6877.292017,30
14-מרץ,PHTM.TA,2963.169714,1
15-מרץ,PHTM.TA,2992.099962,2
16-מרץ,PHTM.TA,2991.643148,3
17-מרץ,PHTM.TA,3011.618245,4
18-מרץ,PHTM.TA,3069.659504,5
19-מרץ,PHTM.TA,3064.212177,6
20-מרץ,PHTM.TA,3118.494347,7
21-מרץ,PHTM.TA,3056.405024,8
22-מרץ,PHTM.TA,3085.708226,9
23-מרץ,PHTM.TA,3115.292371,10
24-מרץ,PHTM.TA,3137.485344,11
25-מרץ,PHTM.TA,3119.238782,12
26-מרץ,PHTM.TA,3154.312884,13
27-מרץ,PHTM.TA,3170.241738,14
28-מרץ,PHTM.TA,3167.783105,15
29-מרץ,PHTM.TA,3298.180991,16
30-מרץ,PHTM.TA,3165.316219,17
31-מרץ,PHTM.TA,3186.368657,18
01-אפר,PHTM.TA,3175.677957,19
02-אפר,PHTM.TA,3154.176821,20
03-אפר,PHTM.TA,3166.009076,21
04-אפר,PHTM.TA,3148.318292,22
05-אפר,PHTM.TA,3130.248999,23
06-אפר,PHTM.TA,3004.149243,24
07-אפר,PHTM.TA,2977.695766,25
08-אפר,PHTM.TA,2874.796956,26
09-אפר,PHTM.TA,2811.591353,27
10-אפר,PHTM.TA,2698.328484,28
11-אפר,PHTM.TA,2687.969114,29
12-אפר,PHTM.TA,2705.846728,30
14-מרץ,PLNT.TA,164.3989333,1
15-מרץ,PLNT.TA,86.88222726,2
16-מרץ,PLNT.TA,86.81392531,3
17-מרץ,PLNT.TA,86.52589228,4
18-מרץ,PLNT.TA,78.77916338,5
19-מרץ,PLNT.TA,96.83640466,6
20-מרץ,PLNT.TA,84.65624935,7
21-מרץ,PLNT.TA,81.01338227,8
22-מרץ,PLNT.TA,107.5109406,9
23-מרץ,PLNT.TA,114.961957,10
24-מרץ,PLNT.TA,113.0649542,11
25-מרץ,PLNT.TA,121.2035745,12
26-מרץ,PLNT.TA,125.2153913,13
27-מרץ,PLNT.TA,100.3320943,14
28-מרץ,PLNT.TA,87.85688213,15
29-מרץ,PLNT.TA,89.72374742,16
30-מרץ,PLNT.TA,92.40215678,17
31-מרץ,PLNT.TA,88.76293442,18
01-אפר,PLNT.TA,95.15225131,19
02-אפר,PLNT.TA,57.3193313,20
03-אפר,PLNT.TA,63.69180086,21
04-אפר,PLNT.TA,60.64896788,22
05-אפר,PLNT.TA,46.42608661,23
06-אפר,PLNT.TA,46.49155021,24
07-אפר,PLNT.TA,51.94558216,25
08-אפר,PLNT.TA,67.23591791,26
09-אפר,PLNT.TA,65.4173112,27
10-אפר,PLNT.TA,62.37728978,28
11-אפר,PLNT.TA,56.79260362,29
12-אפר,PLNT.TA,53.23142324,30
14-מרץ,PLSN.TA,21929.66135,1
15-מרץ,PLSN.TA,21639.16059,2
16-מרץ,PLSN.TA,21985.33951,3
17-מרץ,PLSN.TA,22006.00801,4
18-מרץ,PLSN.TA,22045.50988,5
19-מרץ,PLSN.TA,22306.40824,6
20-מרץ,PLSN.TA,22236.65845,7
21-מרץ,PLSN.TA,22439.62177,8
22-מרץ,PLSN.TA,22585.55162,9
23-מרץ,PLSN.TA,21624.04418,10
24-מרץ,PLSN.TA,21892.71411,11
25-מרץ,PLSN.TA,21881.49971,12
26-מרץ,PLSN.TA,22111.83854,13
27-מרץ,PLSN.TA,21636.68912,14
28-מרץ,PLSN.TA,23781.60572,15
29-מרץ,PLSN.TA,23571.18685,16
30-מרץ,PLSN.TA,23891.55478,17
31-מרץ,PLSN.TA,23464.97299,18
01-אפר,PLSN.TA,23633.50836,19
02-אפר,PLSN.TA,23840.66924,20
03-אפר,PLSN.TA,24288.49159,21
04-אפר,PLSN.TA,24576.59467,22
05-אפר,PLSN.TA,24251.03016,23
06-אפר,PLSN.TA,25240.69312,24
07-אפר,PLSN.TA,25857.70504,25
08-אפר,PLSN.TA,26025.86344,26
09-אפר,PLSN.TA,28605.89342,27
10-אפר,PLSN.TA,28594.40828,28
11-אפר,PLSN.TA,29358.42129,29
12-אפר,PLSN.TA,29615.76422,30
14-מרץ,PLCR.TA,845.4530043,1
15-מרץ,PLCR.TA,912.8460542,2
16-מרץ,PLCR.TA,1335.85355,3
17-מרץ,PLCR.TA,1243.599259,4
18-מרץ,PLCR.TA,1076.324205,5
19-מרץ,PLCR.TA,1144.34425,6
20-מרץ,PLCR.TA,1318.825555,7
21-מרץ,PLCR.TA,1299.936716,8
22-מרץ,PLCR.TA,1382.088314,9
23-מרץ,PLCR.TA,1326.315237,10
24-מרץ,PLCR.TA,1360.813396,11
25-מרץ,PLCR.TA,1344.800131,12
26-מרץ,PLCR.TA,672.6758896,13
27-מרץ,PLCR.TA,673.4345051,14
28-מרץ,PLCR.TA,715.9932853,15
29-מרץ,PLCR.TA,610.9150912,16
30-מרץ,PLCR.TA,413.0466208,17
31-מרץ,PLCR.TA,392.6582613,18
01-אפר,PLCR.TA,397.8228511,19
02-אפר,PLCR.TA,387.1718712,20
03-אפר,PLCR.TA,343.2885401,21
04-אפר,PLCR.TA,312.2754406,22
05-אפר,PLCR.TA,297.5434042,23
06-אפר,PLCR.TA,261.5094516,24
07-אפר,PLCR.TA,245.5804962,25
08-אפר,PLCR.TA,233.9948883,26
09-אפר,PLCR.TA,236.5611656,27
10-אפר,PLCR.TA,324.1275899,28
11-אפר,PLCR.TA,350.8767519,29
12-אפר,PLCR.TA,329.5042925,30
14-מרץ,PPIL.TA,594.8058868,1
15-מרץ,PPIL.TA,608.0622764,2
16-מרץ,PPIL.TA,608.0341551,3
17-מרץ,PPIL.TA,664.012208,4
18-מרץ,PPIL.TA,650.2288392,5
19-מרץ,PPIL.TA,659.160056,6
20-מרץ,PPIL.TA,659.3583529,7
21-מרץ,PPIL.TA,661.4699048,8
22-מרץ,PPIL.TA,674.9454885,9
23-מרץ,PPIL.TA,660.93517,10
24-מרץ,PPIL.TA,56.50534116,11
25-מרץ,PPIL.TA,56.47255286,12
26-מרץ,PPIL.TA,411.9681162,13
27-מרץ,PPIL.TA,242.484444,14
28-מרץ,PPIL.TA,244.7055425,15
29-מרץ,PPIL.TA,-177.7448484,16
30-מרץ,PPIL.TA,-173.39229,17
31-מרץ,PPIL.TA,-165.7299066,18
01-אפר,PPIL.TA,-173.6011178,19
02-אפר,PPIL.TA,-173.4608949,20
03-אפר,PPIL.TA,-395.2189247,21
04-אפר,PPIL.TA,-395.1939585,22
05-אפר,PPIL.TA,-377.7299317,23
06-אפר,PPIL.TA,-377.5107467,24
07-אפר,PPIL.TA,329453.4242,25
08-אפר,PPIL.TA,323101.5884,26
09-אפר,PPIL.TA,315189.5811,27
10-אפר,PPIL.TA,299410.5229,28
11-אפר,PPIL.TA,67944.92629,29
12-אפר,PPIL.TA,70648.72357,30
14-מרץ,PLAZ-L.TA,140.2874106,1
15-מרץ,PLAZ-L.TA,139.5386957,2
16-מרץ,PLAZ-L.TA,139.5568416,3
17-מרץ,PLAZ-L.TA,140.0391367,4
18-מרץ,PLAZ-L.TA,425.2994721,5
19-מרץ,PLAZ-L.TA,425.2823796,6
20-מרץ,PLAZ-L.TA,424.6806275,7
21-מרץ,PLAZ-L.TA,427.5458333,8
22-מרץ,PLAZ-L.TA,428.2159248,9
23-מרץ,PLAZ-L.TA,424.8495546,10
24-מרץ,PLAZ-L.TA,418.517005,11
25-מרץ,PLAZ-L.TA,422.6913813,12
26-מרץ,PLAZ-L.TA,385.476622,13
27-מרץ,PLAZ-L.TA,388.468621,14
28-מרץ,PLAZ-L.TA,389.1465881,15
29-מרץ,PLAZ-L.TA,389.1099666,16
30-מרץ,PLAZ-L.TA,386.9924761,17
31-מרץ,PLAZ-L.TA,381.5805574,18
01-אפר,PLAZ-L.TA,381.8782143,19
02-אפר,PLAZ-L.TA,375.1470616,20
03-אפר,PLAZ-L.TA,368.5345551,21
04-אפר,PLAZ-L.TA,371.0209584,22
05-אפר,PLAZ-L.TA,370.1907633,23
06-אפר,PLAZ-L.TA,373.8831235,24
07-אפר,PLAZ-L.TA,371.9610102,25
08-אפר,PLAZ-L.TA,372.0142593,26
09-אפר,PLAZ-L.TA,374.4546744,27
10-אפר,PLAZ-L.TA,374.4359208,28
11-אפר,PLAZ-L.TA,374.4582866,29
12-אפר,PLAZ-L.TA,371.6599762,30
14-מרץ,PLUR.TA,1482.200438,1
15-מרץ,PLUR.TA,1537.634297,2
16-מרץ,PLUR.TA,1467.28377,3
17-מרץ,PLUR.TA,1477.121939,4
18-מרץ,PLUR.TA,1395.854678,5
19-מרץ,PLUR.TA,1319.058523,6
20-מרץ,PLUR.TA,1304.423006,7
21-מרץ,PLUR.TA,1244.484233,8
22-מרץ,PLUR.TA,1140.935107,9
23-מרץ,PLUR.TA,1120.066768,10
24-מרץ,PLUR.TA,1151.065279,11
25-מרץ,PLUR.TA,1272.034571,12
26-מרץ,PLUR.TA,1288.762501,13
27-מרץ,PLUR.TA,1452.044164,14
28-מרץ,PLUR.TA,1537.124377,15
29-מרץ,PLUR.TA,1595.835382,16
30-מרץ,PLUR.TA,1427.872815,17
31-מרץ,PLUR.TA,1366.644302,18
01-אפר,PLUR.TA,1405.989489,19
02-אפר,PLUR.TA,1424.478997,20
03-אפר,PLUR.TA,1475.790795,21
04-אפר,PLUR.TA,1416.942744,22
05-אפר,PLUR.TA,1413.290668,23
06-אפר,PLUR.TA,1453.978787,24
07-אפר,PLUR.TA,1411.230568,25
08-אפר,PLUR.TA,1310.907797,26
09-אפר,PLUR.TA,1476.228908,27
10-אפר,PLUR.TA,1562.643425,28
11-אפר,PLUR.TA,1670.893808,29
12-אפר,PLUR.TA,1608.158694,30
14-מרץ,POLI.TA,4613.632538,1
15-מרץ,POLI.TA,4645.100479,2
16-מרץ,POLI.TA,4657.889591,3
17-מרץ,POLI.TA,4659.243863,4
18-מרץ,POLI.TA,4629.499784,5
19-מרץ,POLI.TA,4513.053202,6
20-מרץ,POLI.TA,4655.741887,7
21-מרץ,POLI.TA,4750.830143,8
22-מרץ,POLI.TA,4672.646035,9
23-מרץ,POLI.TA,4657.74315,10
24-מרץ,POLI.TA,4668.157659,11
25-מרץ,POLI.TA,4678.595455,12
26-מרץ,POLI.TA,4658.773306,13
27-מרץ,POLI.TA,4642.650526,14
28-מרץ,POLI.TA,4708.857796,15
29-מרץ,POLI.TA,4646.059435,16
30-מרץ,POLI.TA,4626.375134,17
31-מרץ,POLI.TA,4651.124695,18
01-אפר,POLI.TA,4684.947185,19
02-אפר,POLI.TA,4791.238181,20
03-אפר,POLI.TA,4825.147566,21
04-אפר,POLI.TA,4896.636726,22
05-אפר,POLI.TA,4930.034937,23
06-אפר,POLI.TA,4961.729034,24
07-אפר,POLI.TA,4890.959394,25
08-אפר,POLI.TA,4898.66276,26
09-אפר,POLI.TA,4775.445877,27
10-אפר,POLI.TA,4855.598992,28
11-אפר,POLI.TA,4807.95291,29
12-אפר,POLI.TA,4843.098749,30
14-מרץ,POLY.TA,4853.810897,1
15-מרץ,POLY.TA,4840.417851,2
16-מרץ,POLY.TA,4861.030798,3
17-מרץ,POLY.TA,4503.797091,4
18-מרץ,POLY.TA,4573.943201,5
19-מרץ,POLY.TA,4589.930215,6
20-מרץ,POLY.TA,4554.522799,7
21-מרץ,POLY.TA,4507.631107,8
22-מרץ,POLY.TA,4601.209685,9
23-מרץ,POLY.TA,4568.815878,10
24-מרץ,POLY.TA,4613.14207,11
25-מרץ,POLY.TA,4650.553681,12
26-מרץ,POLY.TA,4847.703343,13
27-מרץ,POLY.TA,4885.078356,14
28-מרץ,POLY.TA,4994.956889,15
29-מרץ,POLY.TA,4981.174381,16
30-מרץ,POLY.TA,5006.698406,17
31-מרץ,POLY.TA,5137.560155,18
01-אפר,POLY.TA,5087.183508,19
02-אפר,POLY.TA,5113.779644,20
03-אפר,POLY.TA,5064.865887,21
04-אפר,POLY.TA,5017.087447,22
05-אפר,POLY.TA,5074.627377,23
06-אפר,POLY.TA,5027.118712,24
07-אפר,POLY.TA,5016.113519,25
08-אפר,POLY.TA,4972.072103,26
09-אפר,POLY.TA,5101.227833,27
10-אפר,POLY.TA,5052.434135,28
11-אפר,POLY.TA,5001.214062,29
12-אפר,POLY.TA,4950.513243,30
14-מרץ,POLP.TA,1093.086221,1
15-מרץ,POLP.TA,1186.459307,2
16-מרץ,POLP.TA,1202.601353,3
17-מרץ,POLP.TA,1219.123459,4
18-מרץ,POLP.TA,1215.634928,5
19-מרץ,POLP.TA,1197.802205,6
20-מרץ,POLP.TA,1202.760218,7
21-מרץ,POLP.TA,1202.911956,8
22-מרץ,POLP.TA,1305.666523,9
23-מרץ,POLP.TA,1299.730451,10
24-מרץ,POLP.TA,1295.001954,11
25-מרץ,POLP.TA,1276.410221,12
26-מרץ,POLP.TA,1275.106802,13
27-מרץ,POLP.TA,1307.791477,14
28-מרץ,POLP.TA,1307.956466,15
29-מרץ,POLP.TA,1313.370436,16
30-מרץ,POLP.TA,1300.703401,17
31-מרץ,POLP.TA,1294.789893,18
01-אפר,POLP.TA,1286.093874,19
02-אפר,POLP.TA,1264.909318,20
03-אפר,POLP.TA,1252.842729,21
04-אפר,POLP.TA,1238.266624,22
05-אפר,POLP.TA,1206.594762,23
06-אפר,POLP.TA,1193.534229,24
07-אפר,POLP.TA,1178.254614,25
08-אפר,POLP.TA,1167.014666,26
09-אפר,POLP.TA,1171.849985,27
10-אפר,POLP.TA,1156.847971,28
11-אפר,POLP.TA,1151.389283,29
12-אפר,POLP.TA,1163.424128,30
14-מרץ,PMVM.TA,269.3066147,1
15-מרץ,PMVM.TA,271.4537967,2
16-מרץ,PMVM.TA,280.474171,3
17-מרץ,PMVM.TA,288.9142695,4
18-מרץ,PMVM.TA,275.6753041,5
19-מרץ,PMVM.TA,256.7614109,6
20-מרץ,PMVM.TA,238.876133,7
21-מרץ,PMVM.TA,250.3847943,8
22-מרץ,PMVM.TA,275.6912251,9
23-מרץ,PMVM.TA,285.0859075,10
24-מרץ,PMVM.TA,278.8650189,11
25-מרץ,PMVM.TA,272.779877,12
26-מרץ,PMVM.TA,273.2790592,13
27-מרץ,PMVM.TA,277.8557192,14
28-מרץ,PMVM.TA,273.0407948,15
29-מרץ,PMVM.TA,266.2766497,16
30-מרץ,PMVM.TA,252.7821535,17
31-מרץ,PMVM.TA,256.54174,18
01-אפר,PMVM.TA,273.4544654,19
02-אפר,PMVM.TA,279.4556755,20
03-אפר,PMVM.TA,287.8651252,21
04-אפר,PMVM.TA,280.9633397,22
05-אפר,PMVM.TA,283.1593148,23
06-אפר,PMVM.TA,308.4522349,24
07-אפר,PMVM.TA,325.4317848,25
08-אפר,PMVM.TA,323.0349327,26
09-אפר,PMVM.TA,345.6897922,27
10-אפר,PMVM.TA,369.4030869,28
11-אפר,PMVM.TA,363.6140668,29
12-אפר,PMVM.TA,360.7750491,30
14-מרץ,PRSK.TA,9191.368131,1
15-מרץ,PRSK.TA,9201.20576,2
16-מרץ,PRSK.TA,9419.113328,3
17-מרץ,PRSK.TA,9333.381014,4
18-מרץ,PRSK.TA,9200.313625,5
19-מרץ,PRSK.TA,9566.789022,6
20-מרץ,PRSK.TA,9522.617637,7
21-מרץ,PRSK.TA,9359.068956,8
22-מרץ,PRSK.TA,9481.977783,9
23-מרץ,PRSK.TA,9407.786563,10
24-מרץ,PRSK.TA,9775.086747,11
25-מרץ,PRSK.TA,10336.82348,12
26-מרץ,PRSK.TA,10267.51826,13
27-מרץ,PRSK.TA,10169.54048,14
28-מרץ,PRSK.TA,9853.901673,15
29-מרץ,PRSK.TA,10166.14782,16
30-מרץ,PRSK.TA,10337.21686,17
31-מרץ,PRSK.TA,10340.90815,18
01-אפר,PRSK.TA,10239.37993,19
02-אפר,PRSK.TA,10188.47493,20
03-אפר,PRSK.TA,10204.09488,21
04-אפר,PRSK.TA,10099.2957,22
05-אפר,PRSK.TA,10169.05758,23
06-אפר,PRSK.TA,10076.49931,24
07-אפר,PRSK.TA,10002.52286,25
08-אפר,PRSK.TA,9696.715058,26
09-אפר,PRSK.TA,9651.943785,27
10-אפר,PRSK.TA,9283.831951,28
11-אפר,PRSK.TA,9347.960938,29
12-אפר,PRSK.TA,9776.928716,30
14-מרץ,PRIM.TA,1246.681053,1
15-מרץ,PRIM.TA,1263.937782,2
16-מרץ,PRIM.TA,1341.864059,3
17-מרץ,PRIM.TA,1368.296958,4
18-מרץ,PRIM.TA,1335.183649,5
19-מרץ,PRIM.TA,1372.235699,6
20-מרץ,PRIM.TA,1393.98072,7
21-מרץ,PRIM.TA,1363.374308,8
22-מרץ,PRIM.TA,1375.460222,9
23-מרץ,PRIM.TA,1396.080417,10
24-מרץ,PRIM.TA,1459.748771,11
25-מרץ,PRIM.TA,1485.148375,12
26-מרץ,PRIM.TA,1547.080323,13
27-מרץ,PRIM.TA,1489.788872,14
28-מרץ,PRIM.TA,1476.545206,15
29-מרץ,PRIM.TA,1550.429627,16
30-מרץ,PRIM.TA,1513.118603,17
31-מרץ,PRIM.TA,1493.768787,18
01-אפר,PRIM.TA,1526.264816,19
02-אפר,PRIM.TA,1529.790656,20
03-אפר,PRIM.TA,1561.143088,21
04-אפר,PRIM.TA,1658.817337,22
05-אפר,PRIM.TA,1621.608859,23
06-אפר,PRIM.TA,1499.146281,24
07-אפר,PRIM.TA,1530.281072,25
08-אפר,PRIM.TA,1325.803554,26
09-אפר,PRIM.TA,1337.556414,27
10-אפר,PRIM.TA,1371.666368,28
11-אפר,PRIM.TA,1320.870844,29
12-אפר,PRIM.TA,1315.682598,30
14-מרץ,PRMG.TA,1517.280616,1
15-מרץ,PRMG.TA,1486.66863,2
16-מרץ,PRMG.TA,1488.988483,3
17-מרץ,PRMG.TA,1493.212346,4
18-מרץ,PRMG.TA,1551.806569,5
19-מרץ,PRMG.TA,1527.291043,6
20-מרץ,PRMG.TA,1563.523532,7
21-מרץ,PRMG.TA,1613.472936,8
22-מרץ,PRMG.TA,1595.682854,9
23-מרץ,PRMG.TA,1594.72653,10
24-מרץ,PRMG.TA,1596.952363,11
25-מרץ,PRMG.TA,1628.470542,12
26-מרץ,PRMG.TA,1646.26592,13
27-מרץ,PRMG.TA,1480.531844,14
28-מרץ,PRMG.TA,1473.869911,15
29-מרץ,PRMG.TA,1468.536524,16
30-מרץ,PRMG.TA,1494.210576,17
31-מרץ,PRMG.TA,1491.515798,18
01-אפר,PRMG.TA,1550.043448,19
02-אפר,PRMG.TA,1557.966778,20
03-אפר,PRMG.TA,1559.645481,21
04-אפר,PRMG.TA,1571.879021,22
05-אפר,PRMG.TA,1602.902342,23
06-אפר,PRMG.TA,1588.316448,24
07-אפר,PRMG.TA,1594.09538,25
08-אפר,PRMG.TA,1471.456668,26
09-אפר,PRMG.TA,1506.320807,27
10-אפר,PRMG.TA,1515.063258,28
11-אפר,PRMG.TA,1550.960595,29
12-אפר,PRMG.TA,1580.008576,30
14-מרץ,PRTC.TA,15350.69946,1
15-מרץ,PRTC.TA,15115.04297,2
16-מרץ,PRTC.TA,15493.62074,3
17-מרץ,PRTC.TA,15297.63068,4
18-מרץ,PRTC.TA,15029.67007,5
19-מרץ,PRTC.TA,15258.15605,6
20-מרץ,PRTC.TA,14279.57143,7
21-מרץ,PRTC.TA,14159.65928,8
22-מרץ,PRTC.TA,14171.88784,9
23-מרץ,PRTC.TA,13923.64628,10
24-מרץ,PRTC.TA,13955.59883,11
25-מרץ,PRTC.TA,13760.73042,12
26-מרץ,PRTC.TA,13645.17522,13
27-מרץ,PRTC.TA,14185.2709,14
28-מרץ,PRTC.TA,14745.91764,15
29-מרץ,PRTC.TA,15354.93682,16
30-מרץ,PRTC.TA,15369.19947,17
31-מרץ,PRTC.TA,15279.54577,18
01-אפר,PRTC.TA,14680.94626,19
02-אפר,PRTC.TA,15033.36877,20
03-אפר,PRTC.TA,15062.97164,21
04-אפר,PRTC.TA,14854.03657,22
05-אפר,PRTC.TA,14777.22262,23
06-אפר,PRTC.TA,14255.81647,24
07-אפר,PRTC.TA,13752.80784,25
08-אפר,PRTC.TA,14046.76584,26
09-אפר,PRTC.TA,13551.13345,27
10-אפר,PRTC.TA,13576.904,28
11-אפר,PRTC.TA,13095.08274,29
12-אפר,PRTC.TA,13374.98227,30
14-מרץ,PRPD.TA,1991.496578,1
15-מרץ,PRPD.TA,1994.627101,2
16-מרץ,PRPD.TA,1891.765187,3
17-מרץ,PRPD.TA,1895.992202,4
18-מרץ,PRPD.TA,1736.948232,5
19-מרץ,PRPD.TA,1669.692705,6
20-מרץ,PRPD.TA,1693.814002,7
21-מרץ,PRPD.TA,1729.39396,8
22-מרץ,PRPD.TA,1733.232648,9
23-מרץ,PRPD.TA,1714.827526,10
24-מרץ,PRPD.TA,1742.068056,11
25-מרץ,PRPD.TA,1639.571909,12
26-מרץ,PRPD.TA,1668.62245,13
27-מרץ,PRPD.TA,1688.307949,14
28-מרץ,PRPD.TA,1708.225686,15
29-מרץ,PRPD.TA,1835.487356,16
30-מרץ,PRPD.TA,1820.159278,17
31-מרץ,PRPD.TA,1813.957634,18
01-אפר,PRPD.TA,1772.722771,19
02-אפר,PRPD.TA,1773.804696,20
03-אפר,PRPD.TA,1804.513487,21
04-אפר,PRPD.TA,1793.654785,22
05-אפר,PRPD.TA,1800.210688,23
06-אפר,PRPD.TA,1817.500294,24
07-אפר,PRPD.TA,1821.561369,25
08-אפר,PRPD.TA,1815.354948,26
09-אפר,PRPD.TA,1774.088321,27
10-אפר,PRPD.TA,1775.17108,28
11-אפר,PRPD.TA,1727.744335,29
12-אפר,PRPD.TA,1749.881564,30
14-מרץ,PTBL.TA,25685.75426,1
15-מרץ,PTBL.TA,25668.84247,2
16-מרץ,PTBL.TA,24970.62022,3
17-מרץ,PTBL.TA,25412.04873,4
18-מרץ,PTBL.TA,25542.17777,5
19-מרץ,PTBL.TA,24949.2828,6
20-מרץ,PTBL.TA,24382.14996,7
21-מרץ,PTBL.TA,24370.53399,8
22-מרץ,PTBL.TA,23496.57669,9
23-מרץ,PTBL.TA,23621.601,10
24-מרץ,PTBL.TA,23526.1754,11
25-מרץ,PTBL.TA,23943.15516,12
26-מרץ,PTBL.TA,23738.93703,13
27-מרץ,PTBL.TA,23692.25015,14
28-מרץ,PTBL.TA,24335.51931,15
29-מרץ,PTBL.TA,23958.70829,16
30-מרץ,PTBL.TA,24028.54523,17
31-מרץ,PTBL.TA,24554.88997,18
01-אפר,PTBL.TA,26124.43373,19
02-אפר,PTBL.TA,26379.15992,20
03-אפר,PTBL.TA,26340.81964,21
04-אפר,PTBL.TA,26806.47042,22
05-אפר,PTBL.TA,26754.42469,23
06-אפר,PTBL.TA,26832.41082,24
07-אפר,PTBL.TA,26191.6231,25
08-אפר,PTBL.TA,28100.80828,26
09-אפר,PTBL.TA,28087.4207,27
10-אפר,PTBL.TA,27513.44348,28
11-אפר,PTBL.TA,27491.056,29
12-אפר,PTBL.TA,27999.40885,30
14-מרץ,PULS.TA,305.3010896,1
15-מרץ,PULS.TA,304.4361275,2
16-מרץ,PULS.TA,235.867215,3
17-מרץ,PULS.TA,253.9811736,4
18-מרץ,PULS.TA,256.8703513,5
19-מרץ,PULS.TA,244.232016,6
20-מרץ,PULS.TA,240.600165,7
21-מרץ,PULS.TA,231.4529147,8
22-מרץ,PULS.TA,218.4074378,9
23-מרץ,PULS.TA,217.1223669,10
24-מרץ,PULS.TA,212.9287123,11
25-מרץ,PULS.TA,216.17908,12
26-מרץ,PULS.TA,210.6403751,13
27-מרץ,PULS.TA,204.8289623,14
28-מרץ,PULS.TA,205.5672015,15
29-מרץ,PULS.TA,210.1378419,16
30-מרץ,PULS.TA,208.493216,17
31-מרץ,PULS.TA,224.5049262,18
01-אפר,PULS.TA,213.4590094,19
02-אפר,PULS.TA,211.0958786,20
03-אפר,PULS.TA,203.0703361,21
04-אפר,PULS.TA,192.8717827,22
05-אפר,PULS.TA,180.4981196,23
06-אפר,PULS.TA,173.9462623,24
07-אפר,PULS.TA,196.1162464,25
08-אפר,PULS.TA,190.1912275,26
09-אפר,PULS.TA,178.9373453,27
10-אפר,PULS.TA,177.6742444,28
11-אפר,PULS.TA,172.0403028,29
12-אפר,PULS.TA,161.0030805,30
14-מרץ,PPBT.TA,9.98712912,1
15-מרץ,PPBT.TA,10.44722524,2
16-מרץ,PPBT.TA,8.78293317,3
17-מרץ,PPBT.TA,1.89880142,4
18-מרץ,PPBT.TA,4.82207778,5
19-מרץ,PPBT.TA,3.30425885,6
20-מרץ,PPBT.TA,1.57420064,7
21-מרץ,PPBT.TA,0.52270726,8
22-מרץ,PPBT.TA,0.58470083,9
23-מרץ,PPBT.TA,1.32793219,10
24-מרץ,PPBT.TA,0.63264768,11
25-מרץ,PPBT.TA,0.49338952,12
26-מרץ,PPBT.TA,0.29079168,13
27-מרץ,PPBT.TA,0.73587895,14
28-מרץ,PPBT.TA,0.92178207,15
29-מרץ,PPBT.TA,0.50783242,16
30-מרץ,PPBT.TA,0.28233644,17
31-מרץ,PPBT.TA,0.24990275,18
01-אפר,PPBT.TA,0.20498136,19
02-אפר,PPBT.TA,0.18143391,20
03-אפר,PPBT.TA,0.1399855,21
04-אפר,PPBT.TA,0.12210938,22
05-אפר,PPBT.TA,0.21196824,23
06-אפר,PPBT.TA,0.21201672,24
07-אפר,PPBT.TA,0.11787362,25
08-אפר,PPBT.TA,0.11872071,26
09-אפר,PPBT.TA,0.02566649,27
10-אפר,PPBT.TA,0.03535849,28
11-אפר,PPBT.TA,0.01427481,29
12-אפר,PPBT.TA,0.023673,30
14-מרץ,QLTU.TA,19492.48031,1
15-מרץ,QLTU.TA,19211.91564,2
16-מרץ,QLTU.TA,18640.28493,3
17-מרץ,QLTU.TA,20655.35364,4
18-מרץ,QLTU.TA,21868.60903,5
19-מרץ,QLTU.TA,20701.69918,6
20-מרץ,QLTU.TA,20713.55882,7
21-מרץ,QLTU.TA,19328.81915,8
22-מרץ,QLTU.TA,18930.72018,9
23-מרץ,QLTU.TA,19183.33666,10
24-מרץ,QLTU.TA,19111.03752,11
25-מרץ,QLTU.TA,18505.86035,12
26-מרץ,QLTU.TA,19292.7648,13
27-מרץ,QLTU.TA,18437.13045,14
28-מרץ,QLTU.TA,17794.64978,15
29-מרץ,QLTU.TA,17541.83592,16
30-מרץ,QLTU.TA,17049.52424,17
31-מרץ,QLTU.TA,17004.7977,18
01-אפר,QLTU.TA,16498.8375,19
02-אפר,QLTU.TA,16455.55558,20
03-אפר,QLTU.TA,16412.38721,21
04-אפר,QLTU.TA,15854.59692,22
05-אפר,QLTU.TA,16926.36903,23
06-אפר,QLTU.TA,16507.21954,24
07-אפר,QLTU.TA,16445.00629,25
08-אפר,QLTU.TA,16675.27251,26
09-אפר,QLTU.TA,17208.56263,27
10-אפר,QLTU.TA,17040.87719,28
11-אפר,QLTU.TA,16285.11409,29
12-אפר,QLTU.TA,16106.67198,30
14-מרץ,QNCO.TA,413.372984,1
15-מרץ,QNCO.TA,414.3606516,2
16-מרץ,QNCO.TA,419.6556465,3
17-מרץ,QNCO.TA,434.3502847,4
18-מרץ,QNCO.TA,489.3427927,5
19-מרץ,QNCO.TA,496.1602833,6
20-מרץ,QNCO.TA,496.6489016,7
21-מרץ,QNCO.TA,491.6954973,8
22-מרץ,QNCO.TA,490.3575616,9
23-מרץ,QNCO.TA,495.9808531,10
24-מרץ,QNCO.TA,493.784116,11
25-מרץ,QNCO.TA,483.2481867,12
26-מרץ,QNCO.TA,481.9108848,13
27-מרץ,QNCO.TA,487.6212647,14
28-מרץ,QNCO.TA,523.5035618,15
29-מרץ,QNCO.TA,533.4364506,16
30-מרץ,QNCO.TA,515.2455153,17
31-מרץ,QNCO.TA,506.7543199,18
01-אפר,QNCO.TA,546.9451559,19
02-אפר,QNCO.TA,525.7689816,20
03-אפר,QNCO.TA,499.6034161,21
04-אפר,QNCO.TA,498.835837,22
05-אפר,QNCO.TA,481.8248314,23
06-אפר,QNCO.TA,482.2391761,24
07-אפר,QNCO.TA,491.0275227,25
08-אפר,QNCO.TA,466.7256372,26
09-אפר,QNCO.TA,475.2312644,27
10-אפר,QNCO.TA,474.1425926,28
11-אפר,QNCO.TA,473.8139306,29
12-אפר,QNCO.TA,473.4514957,30
14-מרץ,QLRD.TA,4075.203635,1
15-מרץ,QLRD.TA,4138.048932,2
16-מרץ,QLRD.TA,4147.945621,3
17-מרץ,QLRD.TA,4148.729199,4
18-מרץ,QLRD.TA,4145.330149,5
19-מרץ,QLRD.TA,4144.149187,6
20-מרץ,QLRD.TA,4232.263775,7
21-מרץ,QLRD.TA,4292.241236,8
22-מרץ,QLRD.TA,4299.113868,9
23-מרץ,QLRD.TA,4210.10502,10
24-מרץ,QLRD.TA,4162.348245,11
25-מרץ,QLRD.TA,4408.087648,12
26-מרץ,QLRD.TA,4501.814203,13
27-מרץ,QLRD.TA,4587.915673,14
28-מרץ,QLRD.TA,4606.354739,15
29-מרץ,QLRD.TA,4425.40139,16
30-מרץ,QLRD.TA,4443.187303,17
31-מרץ,QLRD.TA,4358.673376,18
01-אפר,QLRD.TA,4441.973442,19
02-אפר,QLRD.TA,4478.968475,20
03-אפר,QLRD.TA,4493.234088,21
04-אפר,QLRD.TA,4406.692955,22
05-אפר,QLRD.TA,4356.706211,23
06-אפר,QLRD.TA,4330.898399,24
07-אפר,QLRD.TA,4288.58369,25
08-אפר,QLRD.TA,4282.769731,26
09-אפר,QLRD.TA,4453.995937,27
10-אפר,QLRD.TA,4461.127566,28
11-אפר,QLRD.TA,4479.057065,29
12-אפר,QLRD.TA,4466.368971,30
14-מרץ,RLCO.TA,5376.810424,1
15-מרץ,RLCO.TA,5435.506123,2
16-מרץ,RLCO.TA,5488.137481,3
17-מרץ,RLCO.TA,5510.166558,4
18-מרץ,RLCO.TA,5508.147444,5
19-מרץ,RLCO.TA,5476.895498,6
20-מרץ,RLCO.TA,5400.902827,7
21-מרץ,RLCO.TA,5459.861529,8
22-מרץ,RLCO.TA,5328.543733,9
23-מרץ,RLCO.TA,5360.195405,10
24-מרץ,RLCO.TA,5463.134923,11
25-מרץ,RLCO.TA,5420.467165,12
26-מרץ,RLCO.TA,5401.965811,13
27-מרץ,RLCO.TA,5390.768068,14
28-מרץ,RLCO.TA,5446.378339,15
29-מרץ,RLCO.TA,5445.720769,16
30-מרץ,RLCO.TA,5434.432327,17
31-מרץ,RLCO.TA,5437.826945,18
01-אפר,RLCO.TA,5207.047212,19
02-אפר,RLCO.TA,5231.633517,20
03-אפר,RLCO.TA,5288.744399,21
04-אפר,RLCO.TA,5203.797381,22
05-אפר,RLCO.TA,5207.047933,23
06-אפר,RLCO.TA,5228.123329,24
07-אפר,RLCO.TA,5152.699137,25
08-אפר,RLCO.TA,5080.885801,26
09-אפר,RLCO.TA,5016.54674,27
10-אפר,RLCO.TA,5015.447305,28
11-אפר,RLCO.TA,4968.69414,29
12-אפר,RLCO.TA,4892.735368,30
14-מרץ,RMN.TA,1480.281202,1
15-מרץ,RMN.TA,1481.594067,2
16-מרץ,RMN.TA,1480.842778,3
17-מרץ,RMN.TA,1494.019073,4
18-מרץ,RMN.TA,1508.475411,5
19-מרץ,RMN.TA,1510.275274,6
20-מרץ,RMN.TA,1507.355779,7
21-מרץ,RMN.TA,1503.487104,8
22-מרץ,RMN.TA,1489.666971,9
23-מרץ,RMN.TA,1467.692975,10
24-מרץ,RMN.TA,1469.444178,11
25-מרץ,RMN.TA,1495.923248,12
26-מרץ,RMN.TA,1522.879465,13
27-מרץ,RMN.TA,1510.295855,14
28-מרץ,RMN.TA,1509.930063,15
29-מרץ,RMN.TA,1478.950455,16
30-מרץ,RMN.TA,1482.864962,17
31-מרץ,RMN.TA,1434.222694,18
01-אפר,RMN.TA,1432.211323,19
02-אפר,RMN.TA,1455.701476,20
03-אפר,RMN.TA,1425.505502,21
04-אפר,RMN.TA,1451.192807,22
05-אפר,RMN.TA,1421.418326,23
06-אפר,RMN.TA,1395.191551,24
07-אפר,RMN.TA,1392.799846,25
08-אפר,RMN.TA,1424.572117,26
09-אפר,RMN.TA,1485.922511,27
10-אפר,RMN.TA,1458.844999,28
11-אפר,RMN.TA,1525.104368,29
12-אפר,RMN.TA,1488.397278,30
14-מרץ,RMLI.TA,26462.73133,1
15-מרץ,RMLI.TA,26150.85325,2
16-מרץ,RMLI.TA,26089.21902,3
17-מרץ,RMLI.TA,27036.50741,4
18-מרץ,RMLI.TA,26538.14245,5
19-מרץ,RMLI.TA,26684.04919,6
20-מרץ,RMLI.TA,26132.40778,7
21-מרץ,RMLI.TA,26458.16453,8
22-מרץ,RMLI.TA,26375.12942,9
23-מרץ,RMLI.TA,26161.31494,10
24-מרץ,RMLI.TA,25680.49414,11
25-מרץ,RMLI.TA,26241.65502,12
26-מרץ,RMLI.TA,26315.46201,13
27-מרץ,RMLI.TA,26067.7998,14
28-מרץ,RMLI.TA,26141.12498,15
29-מרץ,RMLI.TA,26466.99039,16
30-מרץ,RMLI.TA,26612.50593,17
31-מרץ,RMLI.TA,26600.09133,18
01-אפר,RMLI.TA,26603.85841,19
02-אפר,RMLI.TA,26403.79826,20
03-אפר,RMLI.TA,26187.46703,21
04-אפר,RMLI.TA,26454.50981,22
05-אפר,RMLI.TA,26594.57727,23
06-אפר,RMLI.TA,25855.79321,24
07-אפר,RMLI.TA,25722.62914,25
08-אפר,RMLI.TA,26202.98115,26
09-אפר,RMLI.TA,25894.16437,27
10-אפר,RMLI.TA,26216.95126,28
11-אפר,RMLI.TA,26149.95877,29
12-אפר,RMLI.TA,26220.03131,30
14-מרץ,RANI.TA,472.6722514,1
15-מרץ,RANI.TA,466.272082,2
16-מרץ,RANI.TA,468.7276669,3
17-מרץ,RANI.TA,459.8814294,4
18-מרץ,RANI.TA,467.8699241,5
19-מרץ,RANI.TA,466.6637068,6
20-מרץ,RANI.TA,456.2345574,7
21-מרץ,RANI.TA,455.9734926,8
22-מרץ,RANI.TA,469.3617017,9
23-מרץ,RANI.TA,477.2202198,10
24-מרץ,RANI.TA,480.3051602,11
25-מרץ,RANI.TA,497.1886725,12
26-מרץ,RANI.TA,493.29462,13
27-מרץ,RANI.TA,495.8278939,14
28-מרץ,RANI.TA,495.9896054,15
29-מרץ,RANI.TA,502.1155635,16
30-מרץ,RANI.TA,510.8376977,17
31-מרץ,RANI.TA,503.7500207,18
01-אפר,RANI.TA,496.929046,19
02-אפר,RANI.TA,492.6246569,20
03-אפר,RANI.TA,486.1575031,21
04-אפר,RANI.TA,495.8710461,22
05-אפר,RANI.TA,505.5605125,23
06-אפר,RANI.TA,489.2497252,24
07-אפר,RANI.TA,490.7349049,25
08-אפר,RANI.TA,496.6225087,26
09-אפר,RANI.TA,495.3421643,27
10-אפר,RANI.TA,490.419932,28
11-אפר,RANI.TA,489.9765829,29
12-אפר,RANI.TA,498.1418717,30
14-מרץ,RPAC.TA,3805.267045,1
15-מרץ,RPAC.TA,3792.203948,2
16-מרץ,RPAC.TA,3870.008677,3
17-מרץ,RPAC.TA,3899.160803,4
18-מרץ,RPAC.TA,3996.752666,5
19-מרץ,RPAC.TA,3994.764644,6
20-מרץ,RPAC.TA,3956.235777,7
21-מרץ,RPAC.TA,3947.500861,8
22-מרץ,RPAC.TA,3959.593063,9
23-מרץ,RPAC.TA,3884.651882,10
24-מרץ,RPAC.TA,3803.868073,11
25-מרץ,RPAC.TA,3837.651183,12
26-מרץ,RPAC.TA,3865.448534,13
27-מרץ,RPAC.TA,3957.907545,14
28-מרץ,RPAC.TA,3966.518497,15
29-מרץ,RPAC.TA,3957.760878,16
30-מרץ,RPAC.TA,4003.351291,17
31-מרץ,RPAC.TA,3907.257074,18
01-אפר,RPAC.TA,3893.843854,19
02-אפר,RPAC.TA,3895.355557,20
03-אפר,RPAC.TA,3955.351164,21
04-אפר,RPAC.TA,3880.490267,22
05-אפר,RPAC.TA,3882.748672,23
06-אפר,RPAC.TA,3967.711383,24
07-אפר,RPAC.TA,4011.077749,25
08-אפר,RPAC.TA,4078.442814,26
09-אפר,RPAC.TA,4103.810594,27
10-אפר,RPAC.TA,3986.335035,28
11-אפר,RPAC.TA,3974.229729,29
12-אפר,RPAC.TA,3991.623064,30
14-מרץ,RATI.TA,382.6383465,1
15-מרץ,RATI.TA,383.7104743,2
16-מרץ,RATI.TA,378.5010293,3
17-מרץ,RATI.TA,377.9547021,4
18-מרץ,RATI.TA,373.7594966,5
19-מרץ,RATI.TA,385.2220435,6
20-מרץ,RATI.TA,396.4592101,7
21-מרץ,RATI.TA,406.0297796,8
22-מרץ,RATI.TA,410.4069566,9
23-מרץ,RATI.TA,416.5744249,10
24-מרץ,RATI.TA,421.4413727,11
25-מרץ,RATI.TA,421.2548727,12
26-מרץ,RATI.TA,419.017117,13
27-מרץ,RATI.TA,431.8676356,14
28-מרץ,RATI.TA,444.9327855,15
29-מרץ,RATI.TA,443.1385134,16
30-מרץ,RATI.TA,436.2410837,17
31-מרץ,RATI.TA,425.4135639,18
01-אפר,RATI.TA,430.5728645,19
02-אפר,RATI.TA,430.7465679,20
03-אפר,RATI.TA,418.7438299,21
04-אפר,RATI.TA,429.2655582,22
05-אפר,RATI.TA,424.5008147,23
06-אפר,RATI.TA,424.5961478,24
07-אפר,RATI.TA,428.2191785,25
08-אפר,RATI.TA,431.0019144,26
09-אפר,RATI.TA,420.2048281,27
10-אפר,RATI.TA,408.5258739,28
11-אפר,RATI.TA,416.1378739,29
12-אפר,RATI.TA,404.5719545,30
14-מרץ,RTPT.TA,32.88548964,1
15-מרץ,RTPT.TA,34.33809982,2
16-מרץ,RTPT.TA,33.34393167,3
17-מרץ,RTPT.TA,34.56825974,4
18-מרץ,RTPT.TA,33.80029222,5
19-מרץ,RTPT.TA,32.01152489,6
20-מרץ,RTPT.TA,31.17801636,7
21-מרץ,RTPT.TA,36.57230496,8
22-מרץ,RTPT.TA,36.01339041,9
23-מרץ,RTPT.TA,38.2085147,10
24-מרץ,RTPT.TA,36.18645695,11
25-מרץ,RTPT.TA,37.51515733,12
26-מרץ,RTPT.TA,38.87680849,13
27-מרץ,RTPT.TA,41.43379436,14
28-מרץ,RTPT.TA,43.34313025,15
29-מרץ,RTPT.TA,43.50972029,16
30-מרץ,RTPT.TA,42.9659212,17
31-מרץ,RTPT.TA,43.5103135,18
01-אפר,RTPT.TA,39.60188289,19
02-אפר,RTPT.TA,39.08583059,20
03-אפר,RTPT.TA,39.22885882,21
04-אפר,RTPT.TA,40.62057369,22
05-אפר,RTPT.TA,38.47086579,23
06-אפר,RTPT.TA,39.02649975,24
07-אפר,RTPT.TA,39.55753251,25
08-אפר,RTPT.TA,39.17137536,26
09-אפר,RTPT.TA,37.99015578,27
10-אפר,RTPT.TA,36.3233366,28
11-אפר,RTPT.TA,37.63888042,29
12-אפר,RTPT.TA,36.54914697,30
14-מרץ,BRIH.TA,85.14865513,1
15-מרץ,BRIH.TA,86.76844573,2
16-מרץ,BRIH.TA,87.76288964,3
17-מרץ,BRIH.TA,88.08407976,4
18-מרץ,BRIH.TA,87.95916721,5
19-מרץ,BRIH.TA,88.98367591,6
20-מרץ,BRIH.TA,89.03757987,7
21-מרץ,BRIH.TA,89.47319883,8
22-מרץ,BRIH.TA,89.54547897,9
23-מרץ,BRIH.TA,86.42628641,10
24-מרץ,BRIH.TA,87.98726924,11
25-מרץ,BRIH.TA,89.01210526,12
26-מרץ,BRIH.TA,86.84396826,13
27-מרץ,BRIH.TA,87.26623016,14
28-מרץ,BRIH.TA,87.46154777,15
29-מרץ,BRIH.TA,89.64983934,16
30-מרץ,BRIH.TA,91.01723298,17
31-מרץ,BRIH.TA,91.72264006,18
01-אפר,BRIH.TA,87.83559388,19
02-אפר,BRIH.TA,88.51863724,20
03-אפר,BRIH.TA,87.95954908,21
04-אפר,BRIH.TA,86.84251125,22
05-אפר,BRIH.TA,86.83599673,23
06-אפר,BRIH.TA,86.31538306,24
07-אפר,BRIH.TA,82.65748704,25
08-אפר,BRIH.TA,83.30026344,26
09-אפר,BRIH.TA,89.79147202,27
10-אפר,BRIH.TA,85.89969887,28
11-אפר,BRIH.TA,85.16806505,29
12-אפר,BRIH.TA,87.52060342,30
14-מרץ,RAVD.TA,795.8301571,1
15-מרץ,RAVD.TA,796.284714,2
16-מרץ,RAVD.TA,798.3934628,3
17-מרץ,RAVD.TA,793.8953148,4
18-מרץ,RAVD.TA,794.6238876,5
19-מרץ,RAVD.TA,800.3125947,6
20-מרץ,RAVD.TA,810.73309,7
21-מרץ,RAVD.TA,811.7276417,8
22-מרץ,RAVD.TA,811.5299994,9
23-מרץ,RAVD.TA,816.56167,10
24-מרץ,RAVD.TA,802.118715,11
25-מרץ,RAVD.TA,808.7121553,12
26-מרץ,RAVD.TA,837.0369912,13
27-מרץ,RAVD.TA,829.0376838,14
28-מרץ,RAVD.TA,825.7567544,15
29-מרץ,RAVD.TA,818.4605537,16
30-מרץ,RAVD.TA,809.2671605,17
31-מרץ,RAVD.TA,794.6632717,18
01-אפר,RAVD.TA,795.3925493,19
02-אפר,RAVD.TA,800.7571044,20
03-אפר,RAVD.TA,807.2897555,21
04-אפר,RAVD.TA,801.9933181,22
05-אפר,RAVD.TA,798.7820508,23
06-אפר,RAVD.TA,799.2382937,24
07-אפר,RAVD.TA,809.6849759,25
08-אפר,RAVD.TA,815.4815053,26
09-אפר,RAVD.TA,852.3076349,27
10-אפר,RAVD.TA,879.8106051,28
11-אפר,RAVD.TA,908.201064,29
12-אפר,RAVD.TA,913.6139482,30
14-מרץ,RVL.TA,217.0516006,1
15-מרץ,RVL.TA,219.4779126,2
16-מרץ,RVL.TA,226.4172591,3
17-מרץ,RVL.TA,227.9138571,4
18-מרץ,RVL.TA,403.302043,5
19-מרץ,RVL.TA,404.6512993,6
20-מרץ,RVL.TA,393.1089432,7
21-מרץ,RVL.TA,336.44474,8
22-מרץ,RVL.TA,336.3558719,9
23-מרץ,RVL.TA,331.1214072,10
24-מרץ,RVL.TA,331.0339452,11
25-מרץ,RVL.TA,325.1891376,12
26-מרץ,RVL.TA,328.380399,13
27-מרץ,RVL.TA,322.582443,14
28-מרץ,RVL.TA,319.3327638,15
29-מרץ,RVL.TA,325.2846687,16
30-מרץ,RVL.TA,177.3531129,17
31-מרץ,RVL.TA,167.213623,18
01-אפר,RVL.TA,168.5149795,19
02-אפר,RVL.TA,158.8807763,20
03-אפר,RVL.TA,162.0111933,21
04-אפר,RVL.TA,165.8755622,22
05-אפר,RVL.TA,171.8156372,23
06-אפר,RVL.TA,176.0160018,24
07-אפר,RVL.TA,175.9695092,25
08-אפר,RVL.TA,172.3509649,26
09-אפר,RVL.TA,181.9485177,27
10-אפר,RVL.TA,183.9824298,28
11-אפר,RVL.TA,177.8547281,29
12-אפר,RVL.TA,176.8277382,30
14-מרץ,RAYG-M.TA,68.15886812,1
15-מרץ,RAYG-M.TA,70.738959,2
16-מרץ,RAYG-M.TA,71.48918104,3
17-מרץ,RAYG-M.TA,65.13997324,4
18-מרץ,RAYG-M.TA,65.38077513,5
19-מרץ,RAYG-M.TA,61.3943147,6
20-מרץ,RAYG-M.TA,61.62127007,7
21-מרץ,RAYG-M.TA,63.95388622,8
22-מרץ,RAYG-M.TA,62.97161741,9
23-מרץ,RAYG-M.TA,69.72815089,10
24-מרץ,RAYG-M.TA,69.8829084,11
25-מרץ,RAYG-M.TA,81.98111559,12
26-מרץ,RAYG-M.TA,81.81944082,13
27-מרץ,RAYG-M.TA,81.55116363,14
28-מרץ,RAYG-M.TA,91.63341189,15
29-מרץ,RAYG-M.TA,89.58899125,16
30-מרץ,RAYG-M.TA,89.61996727,17
31-מרץ,RAYG-M.TA,144.3510351,18
01-אפר,RAYG-M.TA,146.8717039,19
02-אפר,RAYG-M.TA,146.531149,20
03-אפר,RAYG-M.TA,138.4858729,21
04-אפר,RAYG-M.TA,139.9274521,22
05-אפר,RAYG-M.TA,141.3440342,23
06-אפר,RAYG-M.TA,174.9663308,24
07-אפר,RAYG-M.TA,174.3399939,25
08-אפר,RAYG-M.TA,171.1268189,26
09-אפר,RAYG-M.TA,175.9496194,27
10-אפר,RAYG-M.TA,194.8281165,28
11-אפר,RAYG-M.TA,195.3751419,29
12-אפר,RAYG-M.TA,216.3874887,30
14-מרץ,RZR.TA,506.1133191,1
15-מרץ,RZR.TA,474.7619264,2
16-מרץ,RZR.TA,525.7653985,3
17-מרץ,RZR.TA,582.2481518,4
18-מרץ,RZR.TA,568.8486744,5
19-מרץ,RZR.TA,558.2260692,6
20-מרץ,RZR.TA,545.3794202,7
21-מרץ,RZR.TA,514.1473206,8
22-מרץ,RZR.TA,512.7294611,9
23-מרץ,RZR.TA,487.7127976,10
24-מרץ,RZR.TA,486.3678363,11
25-מרץ,RZR.TA,509.2552332,12
26-מרץ,RZR.TA,439.0765599,13
27-מרץ,RZR.TA,454.1803309,14
28-מרץ,RZR.TA,449.6192797,15
29-מרץ,RZR.TA,453.2350598,16
30-מרץ,RZR.TA,474.8581992,17
31-מרץ,RZR.TA,463.45408,18
01-אפר,RZR.TA,497.3381353,19
02-אפר,RZR.TA,533.6995217,20
03-אפר,RZR.TA,496.6111296,21
04-אפר,RZR.TA,488.410103,22
05-אפר,RZR.TA,482.5890787,23
06-אפר,RZR.TA,461.2113315,24
07-אפר,RZR.TA,416.9712925,25
08-אפר,RZR.TA,410.0854366,26
09-אפר,RZR.TA,399.1465377,27
10-אפר,RZR.TA,441.8345876,28
11-אפר,RZR.TA,414.4649668,29
12-אפר,RZR.TA,410.3027523,30
14-מרץ,RIT1.TA,1856.413751,1
15-מרץ,RIT1.TA,1834.354079,2
16-מרץ,RIT1.TA,1852.253028,3
17-מרץ,RIT1.TA,1877.279316,4
18-מרץ,RIT1.TA,1820.890576,5
19-מרץ,RIT1.TA,1851.356663,6
20-מרץ,RIT1.TA,1834.809408,7
21-מרץ,RIT1.TA,1779.696357,8
22-מרץ,RIT1.TA,1822.673361,9
23-מרץ,RIT1.TA,1859.119588,10
24-מרץ,RIT1.TA,1873.160344,11
25-מרץ,RIT1.TA,1871.05448,12
26-מרץ,RIT1.TA,1868.603335,13
27-מרץ,RIT1.TA,1878.584209,14
28-מרץ,RIT1.TA,1846.200947,15
29-מרץ,RIT1.TA,1914.792127,16
30-מרץ,RIT1.TA,1918.535752,17
31-מרץ,RIT1.TA,1924.415718,18
01-אפר,RIT1.TA,1872.328731,19
02-אפר,RIT1.TA,1882.160426,20
03-אפר,RIT1.TA,1891.33709,21
04-אפר,RIT1.TA,1898.593149,22
05-אפר,RIT1.TA,1903.009291,23
06-אפר,RIT1.TA,1913.002091,24
07-אפר,RIT1.TA,1984.075108,25
08-אפר,RIT1.TA,1965.104317,26
09-אפר,RIT1.TA,1944.041241,27
10-אפר,RIT1.TA,1923.879234,28
11-אפר,RIT1.TA,1963.437037,29
12-אפר,RIT1.TA,1972.289843,30
14-מרץ,AZRT.TA,423.7224029,1
15-מרץ,AZRT.TA,431.7142227,2
16-מרץ,AZRT.TA,429.0044059,3
17-מרץ,AZRT.TA,421.5630641,4
18-מרץ,AZRT.TA,439.4498261,5
19-מרץ,AZRT.TA,430.1240761,6
20-מרץ,AZRT.TA,444.1783161,7
21-מרץ,AZRT.TA,453.5299552,8
22-מרץ,AZRT.TA,449.439124,9
23-מרץ,AZRT.TA,446.3037541,10
24-מרץ,AZRT.TA,470.2172261,11
25-מרץ,AZRT.TA,460.2385481,12
26-מרץ,AZRT.TA,455.45955,13
27-מרץ,AZRT.TA,453.9167706,14
28-מרץ,AZRT.TA,471.9767227,15
29-מרץ,AZRT.TA,489.383126,16
30-מרץ,AZRT.TA,500.8370508,17
31-מרץ,AZRT.TA,507.7386861,18
01-אפר,AZRT.TA,515.7401985,19
02-אפר,AZRT.TA,500.2894137,20
03-אפר,AZRT.TA,510.6667209,21
04-אפר,AZRT.TA,490.0974304,22
05-אפר,AZRT.TA,559.1067078,23
06-אפר,AZRT.TA,584.6122235,24
07-אפר,AZRT.TA,574.9025006,25
08-אפר,AZRT.TA,581.1297439,26
09-אפר,AZRT.TA,581.6385926,27
10-אפר,AZRT.TA,568.2477466,28
11-אפר,AZRT.TA,586.7035774,29
12-אפר,AZRT.TA,578.8419368,30
14/03/2025,REKA.TA,1385.042931,1
15/03/2025,REKA.TA,1383.753418,2
16/03/2025,REKA.TA,1369.008992,3
17/03/2025,REKA.TA,1337.120591,4
18/03/2025,REKA.TA,1303.748765,5
19/03/2025,REKA.TA,1262.513841,6
20/03/2025,REKA.TA,1304.691238,7
21/03/2025,REKA.TA,1303.258904,8
22/03/2025,REKA.TA,1298.725143,9
23/03/2025,REKA.TA,1303.037259,10
24/03/2025,REKA.TA,1305.633059,11
25/03/2025,REKA.TA,1314.418267,12
26/03/2025,REKA.TA,1301.256313,13
27/03/2025,REKA.TA,1292.194932,14
28/03/2025,REKA.TA,1302.851448,15
29/03/2025,REKA.TA,1305.771306,16
30/03/2025,REKA.TA,1280.501534,17
31/03/2025,REKA.TA,1275.455906,18
01/04/2025,REKA.TA,1232.120376,19
02/04/2025,REKA.TA,1242.203324,20
03/04/2025,REKA.TA,1237.308604,21
04/04/2025,REKA.TA,1245.906173,22
05/04/2025,REKA.TA,1223.214038,23
06/04/2025,REKA.TA,1223.918178,24
07/04/2025,REKA.TA,1236.141733,25
08/04/2025,REKA.TA,1225.646229,26
09/04/2025,REKA.TA,1216.833077,27
10/04/2025,REKA.TA,1210.776956,28
11/04/2025,REKA.TA,1238.794279,29
12/04/2025,REKA.TA,1248.931843,30
14/03/2025,RTMD-L.TA,14.06927535,1
15/03/2025,RTMD-L.TA,12.06928811,2
16/03/2025,RTMD-L.TA,11.71610937,3
17/03/2025,RTMD-L.TA,9.62806856,4
18/03/2025,RTMD-L.TA,9.67325338,5
19/03/2025,RTMD-L.TA,-2.63427579,6
20/03/2025,RTMD-L.TA,-1.68630095,7
21/03/2025,RTMD-L.TA,1.15579968,8
22/03/2025,RTMD-L.TA,10.66637364,9
23/03/2025,RTMD-L.TA,7.85597233,10
24/03/2025,RTMD-L.TA,72.4993593,11
25/03/2025,RTMD-L.TA,12.90293003,12
26/03/2025,RTMD-L.TA,9.07098274,13
27/03/2025,RTMD-L.TA,8.54466128,14
28/03/2025,RTMD-L.TA,12.65097416,15
29/03/2025,RTMD-L.TA,13.17773305,16
30/03/2025,RTMD-L.TA,8.32404579,17
31/03/2025,RTMD-L.TA,12.32433734,18
01/04/2025,RTMD-L.TA,5.90853818,19
02/04/2025,RTMD-L.TA,5.97664369,20
03/04/2025,RTMD-L.TA,5.802746,21
04/04/2025,RTMD-L.TA,64.79022791,22
05/04/2025,RTMD-L.TA,64195.43474,23
06/04/2025,RTMD-L.TA,71750.89158,24
07/04/2025,RTMD-L.TA,124644.1117,25
08/04/2025,RTMD-L.TA,122903.8479,26
09/04/2025,RTMD-L.TA,170793.4213,27
10/04/2025,RTMD-L.TA,165823.9798,28
11/04/2025,RTMD-L.TA,460540.6236,29
12/04/2025,RTMD-L.TA,477561.3057,30
14/03/2025,RTLS.TA,8443.168259,1
15/03/2025,RTLS.TA,8399.648241,2
16/03/2025,RTLS.TA,8885.597465,3
17/03/2025,RTLS.TA,8935.659654,4
18/03/2025,RTLS.TA,9052.085052,5
19/03/2025,RTLS.TA,8832.741199,6
20/03/2025,RTLS.TA,8901.352864,7
21/03/2025,RTLS.TA,9416.327467,8
22/03/2025,RTLS.TA,9716.493466,9
23/03/2025,RTLS.TA,9591.752561,10
24/03/2025,RTLS.TA,9749.959661,11
25/03/2025,RTLS.TA,10074.29141,12
26/03/2025,RTLS.TA,9778.506768,13
27/03/2025,RTLS.TA,9833.599682,14
28/03/2025,RTLS.TA,10363.42499,15
29/03/2025,RTLS.TA,10097.8326,16
30/03/2025,RTLS.TA,10082.12953,17
31/03/2025,RTLS.TA,10045.34559,18
01/04/2025,RTLS.TA,10370.58339,19
02/04/2025,RTLS.TA,11041.91609,20
03/04/2025,RTLS.TA,11224.04229,21
04/04/2025,RTLS.TA,11726.43225,22
05/04/2025,RTLS.TA,11591.47038,23
06/04/2025,RTLS.TA,11755.11976,24
07/04/2025,RTLS.TA,12287.13404,25
08/04/2025,RTLS.TA,12279.38713,26
09/04/2025,RTLS.TA,12138.06119,27
10/04/2025,RTLS.TA,12074.17954,28
11/04/2025,RTLS.TA,11601.63819,29
12/04/2025,RTLS.TA,12272.83381,30
14/03/2025,RMON.TA,4517.505023,1
15/03/2025,RMON.TA,4527.722523,2
16/03/2025,RMON.TA,4540.59655,3
17/03/2025,RMON.TA,4570.533288,4
18/03/2025,RMON.TA,4615.769279,5
19/03/2025,RMON.TA,4582.154029,6
20/03/2025,RMON.TA,4556.704017,7
21/03/2025,RMON.TA,4567.010176,8
22/03/2025,RMON.TA,4577.669239,9
23/03/2025,RMON.TA,4590.379866,10
24/03/2025,RMON.TA,4746.889778,11
25/03/2025,RMON.TA,4773.969595,12
26/03/2025,RMON.TA,4861.764898,13
27/03/2025,RMON.TA,4815.208137,14
28/03/2025,RMON.TA,4859.573702,15
29/03/2025,RMON.TA,4888.013308,16
30/03/2025,RMON.TA,4854.19209,17
31/03/2025,RMON.TA,4935.385829,18
01/04/2025,RMON.TA,4807.827594,19
02/04/2025,RMON.TA,4795.504694,20
03/04/2025,RMON.TA,4806.350961,21
04/04/2025,RMON.TA,4753.272793,22
05/04/2025,RMON.TA,4913.897658,23
06/04/2025,RMON.TA,4859.631816,24
07/04/2025,RMON.TA,4560.962618,25
08/04/2025,RMON.TA,4625.068007,26
09/04/2025,RMON.TA,4526.422047,27
10/04/2025,RMON.TA,4415.352264,28
11/04/2025,RMON.TA,4143.988142,29
12/04/2025,RMON.TA,4284.023769,30
14/03/2025,RIMO.TA,4967.627435,1
15/03/2025,RIMO.TA,5048.614362,2
16/03/2025,RIMO.TA,5052.994143,3
17/03/2025,RIMO.TA,5074.940698,4
18/03/2025,RIMO.TA,5068.680862,5
19/03/2025,RIMO.TA,5162.555638,6
20/03/2025,RIMO.TA,5233.472285,7
21/03/2025,RIMO.TA,5358.983319,8
22/03/2025,RIMO.TA,5405.628636,9
23/03/2025,RIMO.TA,5520.884058,10
24/03/2025,RIMO.TA,5486.64263,11
25/03/2025,RIMO.TA,5496.822898,12
26/03/2025,RIMO.TA,5472.772773,13
27/03/2025,RIMO.TA,5390.869864,14
28/03/2025,RIMO.TA,5609.177616,15
29/03/2025,RIMO.TA,5606.917338,16
30/03/2025,RIMO.TA,5602.73872,17
31/03/2025,RIMO.TA,5705.045747,18
01/04/2025,RIMO.TA,5618.043355,19
02/04/2025,RIMO.TA,5515.281019,20
03/04/2025,RIMO.TA,5497.921416,21
04/04/2025,RIMO.TA,5449.905579,22
05/04/2025,RIMO.TA,5426.06073,23
06/04/2025,RIMO.TA,5400.075668,24
07/04/2025,RIMO.TA,5408.958874,25
08/04/2025,RIMO.TA,5345.685806,26
09/04/2025,RIMO.TA,5297.18746,27
10/04/2025,RIMO.TA,5511.701465,28
11/04/2025,RIMO.TA,5360.089371,29
12/04/2025,RIMO.TA,5348.297,30
13/03/2025,ROBO.TA,148.5577463,1
14/03/2025,ROBO.TA,151.1713495,2
15/03/2025,ROBO.TA,151.7367082,3
16/03/2025,ROBO.TA,163.5437488,4
17/03/2025,ROBO.TA,159.844393,5
18/03/2025,ROBO.TA,153.6032328,6
19/03/2025,ROBO.TA,155.9488739,7
20/03/2025,ROBO.TA,153.4306131,8
21/03/2025,ROBO.TA,152.2560531,9
22/03/2025,ROBO.TA,161.2214775,10
23/03/2025,ROBO.TA,149.8786775,11
24/03/2025,ROBO.TA,153.7137469,12
25/03/2025,ROBO.TA,156.0610756,13
26/03/2025,ROBO.TA,161.9220751,14
27/03/2025,ROBO.TA,173.3260385,15
28/03/2025,ROBO.TA,163.8082316,16
29/03/2025,ROBO.TA,160.1028933,17
30/03/2025,ROBO.TA,158.8772549,18
31/03/2025,ROBO.TA,157.0798588,19
01/04/2025,ROBO.TA,152.8478151,20
02/04/2025,ROBO.TA,163.61269,21
03/04/2025,ROBO.TA,159.9117749,22
04/04/2025,ROBO.TA,159.7422111,23
05/04/2025,ROBO.TA,161.2766339,24
06/04/2025,ROBO.TA,157.6285603,25
07/04/2025,ROBO.TA,155.083176,26
08/04/2025,ROBO.TA,150.7106136,27
09/04/2025,ROBO.TA,142.9429393,28
10/04/2025,ROBO.TA,140.6346982,29
11/04/2025,ROBO.TA,138.7297518,30
14/03/2025,RTEN.TA,146.6998405,1
15/03/2025,RTEN.TA,146.3391761,2
16/03/2025,RTEN.TA,152.2739028,3
17/03/2025,RTEN.TA,150.4533411,4
18/03/2025,RTEN.TA,148.4236972,5
19/03/2025,RTEN.TA,146.6810414,6
20/03/2025,RTEN.TA,145.33082,7
21/03/2025,RTEN.TA,144.9967179,8
22/03/2025,RTEN.TA,150.4740331,9
23/03/2025,RTEN.TA,149.3784581,10
24/03/2025,RTEN.TA,183.6216478,11
25/03/2025,RTEN.TA,172.1157598,12
26/03/2025,RTEN.TA,169.5293166,13
27/03/2025,RTEN.TA,168.9889817,14
28/03/2025,RTEN.TA,166.0526313,15
29/03/2025,RTEN.TA,169.5929922,16
30/03/2025,RTEN.TA,166.6461465,17
31/03/2025,RTEN.TA,165.7394598,18
01/04/2025,RTEN.TA,166.6336563,19
02/04/2025,RTEN.TA,160.2653293,20
03/04/2025,RTEN.TA,158.5992149,21
04/04/2025,RTEN.TA,160.0979235,22
05/04/2025,RTEN.TA,157.6463725,23
06/04/2025,RTEN.TA,157.242354,24
07/04/2025,RTEN.TA,139.4108214,25
08/04/2025,RTEN.TA,140.4417004,26
09/04/2025,RTEN.TA,140.7889018,27
10/04/2025,RTEN.TA,137.4065917,28
11/04/2025,RTEN.TA,135.3290178,29
12/04/2025,RTEN.TA,135.1426299,30
14/03/2025,ROTS.TA,6753.911299,1
15/03/2025,ROTS.TA,6971.890609,2
16/03/2025,ROTS.TA,7005.640253,3
17/03/2025,ROTS.TA,6890.4068,4
18/03/2025,ROTS.TA,7008.401631,5
19/03/2025,ROTS.TA,7072.191204,6
20/03/2025,ROTS.TA,7068.490566,7
21/03/2025,ROTS.TA,7189.534994,8
22/03/2025,ROTS.TA,7088.577589,9
23/03/2025,ROTS.TA,7317.358096,10
24/03/2025,ROTS.TA,7540.495723,11
25/03/2025,ROTS.TA,7645.115076,12
26/03/2025,ROTS.TA,7688.505348,13
27/03/2025,ROTS.TA,7764.935908,14
28/03/2025,ROTS.TA,7613.836596,15
29/03/2025,ROTS.TA,7553.882056,16
30/03/2025,ROTS.TA,7540.898961,17
31/03/2025,ROTS.TA,7488.163746,18
01/04/2025,ROTS.TA,7868.048153,19
02/04/2025,ROTS.TA,8053.489322,20
03/04/2025,ROTS.TA,8113.284786,21
04/04/2025,ROTS.TA,8122.959168,22
05/04/2025,ROTS.TA,8270.035897,23
06/04/2025,ROTS.TA,8204.645971,24
07/04/2025,ROTS.TA,8238.362313,25
08/04/2025,ROTS.TA,8233.151536,26
09/04/2025,ROTS.TA,8298.025991,27
10/04/2025,ROTS.TA,8484.096663,28
11/04/2025,ROTS.TA,8494.785331,29
12/04/2025,ROTS.TA,8462.551572,30
14/03/2025,RSEL.TA,1315.765023,1
15/03/2025,RSEL.TA,1273.328199,2
16/03/2025,RSEL.TA,1275.996807,3
17/03/2025,RSEL.TA,1269.166087,4
18/03/2025,RSEL.TA,1257.537223,5
19/03/2025,RSEL.TA,1294.930402,6
20/03/2025,RSEL.TA,1290.693235,7
21/03/2025,RSEL.TA,1339.692493,8
22/03/2025,RSEL.TA,1381.155303,9
23/03/2025,RSEL.TA,1396.682994,10
24/03/2025,RSEL.TA,1385.916917,11
25/03/2025,RSEL.TA,1373.218312,12
26/03/2025,RSEL.TA,1293.182642,13
27/03/2025,RSEL.TA,1292.730496,14
28/03/2025,RSEL.TA,1275.073759,15
29/03/2025,RSEL.TA,1287.728104,16
30/03/2025,RSEL.TA,1291.270801,17
31/03/2025,RSEL.TA,1292.934113,18
01/04/2025,RSEL.TA,1295.242478,19
02/04/2025,RSEL.TA,1349.960638,20
03/04/2025,RSEL.TA,1364.898328,21
04/04/2025,RSEL.TA,1452.080871,22
05/04/2025,RSEL.TA,1419.022223,23
06/04/2025,RSEL.TA,1433.555657,24
07/04/2025,RSEL.TA,1447.78284,25
08/04/2025,RSEL.TA,1450.367668,26
09/04/2025,RSEL.TA,1447.524133,27
10/04/2025,RSEL.TA,1468.049783,28
11/04/2025,RSEL.TA,1530.068273,29
12/04/2025,RSEL.TA,1572.937576,30
14/03/2025,SRAC.TA,5083.59441,1
15/03/2025,SRAC.TA,5086.732066,2
16/03/2025,SRAC.TA,5156.252938,3
17/03/2025,SRAC.TA,5243.005044,4
18/03/2025,SRAC.TA,5248.056002,5
19/03/2025,SRAC.TA,5253.111825,6
20/03/2025,SRAC.TA,5351.902049,7
21/03/2025,SRAC.TA,4839.604857,8
22/03/2025,SRAC.TA,5130.600904,9
23/03/2025,SRAC.TA,5125.260794,10
24/03/2025,SRAC.TA,5144.335405,11
25/03/2025,SRAC.TA,5064.121914,12
26/03/2025,SRAC.TA,5157.17475,13
27/03/2025,SRAC.TA,5106.492343,14
28/03/2025,SRAC.TA,5498.552314,15
29/03/2025,SRAC.TA,5421.193015,16
30/03/2025,SRAC.TA,5152.650928,17
31/03/2025,SRAC.TA,5093.471988,18
01/04/2025,SRAC.TA,5182.357791,19
02/04/2025,SRAC.TA,5185.556405,20
03/04/2025,SRAC.TA,5283.076179,21
04/04/2025,SRAC.TA,5028.743623,22
05/04/2025,SRAC.TA,5042.279845,23
06/04/2025,SRAC.TA,5345.462346,24
07/04/2025,SRAC.TA,5292.263795,25
08/04/2025,SRAC.TA,5268.903606,26
09/04/2025,SRAC.TA,5415.310908,27
10/04/2025,SRAC.TA,5831.08097,28
11/04/2025,SRAC.TA,5789.770856,29
12/04/2025,SRAC.TA,5853.200455,30
14/03/2025,SANO1.TA,32448.48459,1
15/03/2025,SANO1.TA,32627.78765,2
16/03/2025,SANO1.TA,32055.26618,3
17/03/2025,SANO1.TA,32545.47176,4
18/03/2025,SANO1.TA,32888.52551,5
19/03/2025,SANO1.TA,32715.75127,6
20/03/2025,SANO1.TA,32543.97597,7
21/03/2025,SANO1.TA,32681.7874,8
22/03/2025,SANO1.TA,32823.81893,9
23/03/2025,SANO1.TA,32526.42209,10
24/03/2025,SANO1.TA,32894.50884,11
25/03/2025,SANO1.TA,33886.89544,12
26/03/2025,SANO1.TA,34053.24989,13
27/03/2025,SANO1.TA,34241.42053,14
28/03/2025,SANO1.TA,33799.68087,15
29/03/2025,SANO1.TA,33551.17224,16
30/03/2025,SANO1.TA,33693.24876,17
31/03/2025,SANO1.TA,33973.19477,18
01/04/2025,SANO1.TA,34579.03125,19
02/04/2025,SANO1.TA,34770.10724,20
03/04/2025,SANO1.TA,34321.54713,21
04/04/2025,SANO1.TA,34511.20032,22
05/04/2025,SANO1.TA,34325.28026,23
06/04/2025,SANO1.TA,33793.69676,24
07/04/2025,SANO1.TA,33789.04822,25
08/04/2025,SANO1.TA,33024.59676,26
09/04/2025,SANO1.TA,33157.73268,27
10/04/2025,SANO1.TA,33403.58245,28
11/04/2025,SANO1.TA,33568.29834,29
12/04/2025,SANO1.TA,34383.73462,30
14/03/2025,SPNS.TA,10452.25872,1
15/03/2025,SPNS.TA,10579.93775,2
16/03/2025,SPNS.TA,10630.16636,3
17/03/2025,SPNS.TA,10657.00845,4
18/03/2025,SPNS.TA,10873.0958,5
19/03/2025,SPNS.TA,10805.47209,6
20/03/2025,SPNS.TA,10703.94461,7
21/03/2025,SPNS.TA,10611.4893,8
22/03/2025,SPNS.TA,11018.83675,9
23/03/2025,SPNS.TA,10920.97056,10
24/03/2025,SPNS.TA,10969.95888,11
25/03/2025,SPNS.TA,10801.92261,12
26/03/2025,SPNS.TA,10713.69244,13
27/03/2025,SPNS.TA,10865.06185,14
28/03/2025,SPNS.TA,10892.77303,15
29/03/2025,SPNS.TA,11159.08326,16
30/03/2025,SPNS.TA,11307.63826,17
31/03/2025,SPNS.TA,11436.73842,18
01/04/2025,SPNS.TA,11250.69832,19
02/04/2025,SPNS.TA,11404.99319,20
03/04/2025,SPNS.TA,11404.45041,21
04/04/2025,SPNS.TA,11393.2864,22
05/04/2025,SPNS.TA,11144.49228,23
06/04/2025,SPNS.TA,10964.01475,24
07/04/2025,SPNS.TA,10213.54462,25
08/04/2025,SPNS.TA,10240.77687,26
09/04/2025,SPNS.TA,10234.91531,27
10/04/2025,SPNS.TA,10100.70626,28
11/04/2025,SPNS.TA,9597.725625,29
12/04/2025,SPNS.TA,9592.232132,30
14/03/2025,SRFT.TA,4099.449988,1
15/03/2025,SRFT.TA,4024.396423,2
16/03/2025,SRFT.TA,4222.462068,3
17/03/2025,SRFT.TA,4198.051425,4
18/03/2025,SRFT.TA,4220.833308,5
19/03/2025,SRFT.TA,4176.041623,6
20/03/2025,SRFT.TA,4168.235429,7
21/03/2025,SRFT.TA,4196.49482,8
22/03/2025,SRFT.TA,4187.936352,9
23/03/2025,SRFT.TA,4202.863108,10
24/03/2025,SRFT.TA,4192.588547,11
25/03/2025,SRFT.TA,4291.952352,12
26/03/2025,SRFT.TA,4322.137549,13
27/03/2025,SRFT.TA,4309.516469,14
28/03/2025,SRFT.TA,4334.683143,15
29/03/2025,SRFT.TA,4200.584149,16
30/03/2025,SRFT.TA,4121.274941,17
31/03/2025,SRFT.TA,4063.912854,18
01/04/2025,SRFT.TA,4055.624778,19
02/04/2025,SRFT.TA,4096.234639,20
03/04/2025,SRFT.TA,4002.001263,21
04/04/2025,SRFT.TA,3961.31043,22
05/04/2025,SRFT.TA,3888.785953,23
06/04/2025,SRFT.TA,3879.279203,24
07/04/2025,SRFT.TA,4070.202724,25
08/04/2025,SRFT.TA,4108.069456,26
09/04/2025,SRFT.TA,4110.669241,27
10/04/2025,SRFT.TA,4131.087432,28
11/04/2025,SRFT.TA,4180.436982,29
12/04/2025,SRFT.TA,4193.950239,30
14/03/2025,SARN.TA,60.90778987,1
15/03/2025,SARN.TA,63.06958122,2
16/03/2025,SARN.TA,63.75403045,3
17/03/2025,SARN.TA,64.53542025,4
18/03/2025,SARN.TA,63.30472049,5
19/03/2025,SARN.TA,62.11457339,6
20/03/2025,SARN.TA,63.25788644,7
21/03/2025,SARN.TA,62.64715362,8
22/03/2025,SARN.TA,62.04231721,9
23/03/2025,SARN.TA,62.31367183,10
24/03/2025,SARN.TA,63.44729443,11
25/03/2025,SARN.TA,64.61513823,12
26/03/2025,SARN.TA,65.21713253,13
27/03/2025,SARN.TA,65.88436157,14
28/03/2025,SARN.TA,66.6066628,15
29/03/2025,SARN.TA,66.10010149,16
30/03/2025,SARN.TA,65.21335622,17
31/03/2025,SARN.TA,65.27901592,18
01/04/2025,SARN.TA,64.42466982,19
02/04/2025,SARN.TA,63.93470314,20
03/04/2025,SARN.TA,64.08218519,21
04/04/2025,SARN.TA,63.22251065,22
05/04/2025,SARN.TA,64.27233324,23
06/04/2025,SARN.TA,64.44487617,24
07/04/2025,SARN.TA,63.36548864,25
08/04/2025,SARN.TA,63.14227175,26
09/04/2025,SARN.TA,62.1350544,27
10/04/2025,SARN.TA,62.46661486,28
11/04/2025,SARN.TA,62.61071038,29
12/04/2025,SARN.TA,62.39600245,30
14/03/2025,SVRE.TA,16.35362112,1
15/03/2025,SVRE.TA,51.98027537,2
16/03/2025,SVRE.TA,48.8127486,3
17/03/2025,SVRE.TA,15.78439119,4
18/03/2025,SVRE.TA,108.0366555,5
19/03/2025,SVRE.TA,89.7765,6
20/03/2025,SVRE.TA,250.2438633,7
21/03/2025,SVRE.TA,83.38797354,8
22/03/2025,SVRE.TA,69.29389263,9
23/03/2025,SVRE.TA,277.2528101,10
24/03/2025,SVRE.TA,290.4528239,11
25/03/2025,SVRE.TA,239.0289616,12
26/03/2025,SVRE.TA,18617.62557,13
27/03/2025,SVRE.TA,22933.33276,14
28/03/2025,SVRE.TA,28307.34889,15
29/03/2025,SVRE.TA,25753.20337,16
30/03/2025,SVRE.TA,11056.36856,17
31/03/2025,SVRE.TA,6090.397101,18
01/04/2025,SVRE.TA,16976.43035,19
02/04/2025,SVRE.TA,8633.412543,20
03/04/2025,SVRE.TA,4046.85225,21
04/04/2025,SVRE.TA,2804.794695,22
05/04/2025,SVRE.TA,1291.35986,23
06/04/2025,SVRE.TA,2086.702176,24
07/04/2025,SVRE.TA,2786.375137,25
08/04/2025,SVRE.TA,1781.884596,26
09/04/2025,SVRE.TA,807.9564582,27
10/04/2025,SVRE.TA,664.9100208,28
11/04/2025,SVRE.TA,604.9158137,29
12/04/2025,SVRE.TA,283.5500921,30
14/03/2025,SVRT.TA,328.4372347,1
15/03/2025,SVRT.TA,344.0990733,2
16/03/2025,SVRT.TA,351.0901676,3
17/03/2025,SVRT.TA,539.7234334,4
18/03/2025,SVRT.TA,533.1479851,5
19/03/2025,SVRT.TA,516.1773082,6
20/03/2025,SVRT.TA,798.0242075,7
21/03/2025,SVRT.TA,873.6331966,8
22/03/2025,SVRT.TA,880.9972437,9
23/03/2025,SVRT.TA,1354.33829,10
24/03/2025,SVRT.TA,340.0801949,11
25/03/2025,SVRT.TA,447.8531575,12
26/03/2025,SVRT.TA,480.2448405,13
27/03/2025,SVRT.TA,491.3844094,14
28/03/2025,SVRT.TA,535.9545245,15
29/03/2025,SVRT.TA,516.0379064,16
30/03/2025,SVRT.TA,520.6964593,17
31/03/2025,SVRT.TA,514.3528166,18
01/04/2025,SVRT.TA,692.1708929,19
02/04/2025,SVRT.TA,613.3803128,20
03/04/2025,SVRT.TA,618.9176282,21
04/04/2025,SVRT.TA,383.5981494,22
05/04/2025,SVRT.TA,288.3859653,23
06/04/2025,SVRT.TA,290.8042034,24
07/04/2025,SVRT.TA,231.7573315,25
08/04/2025,SVRT.TA,198.9053458,26
09/04/2025,SVRT.TA,173.4501901,27
10/04/2025,SVRT.TA,177.5959445,28
11/04/2025,SVRT.TA,180.8711095,29
12/04/2025,SVRT.TA,178.6675576,30
14/03/2025,SHNP.TA,1923.454204,1
15/03/2025,SHNP.TA,1944.911972,2
16/03/2025,SHNP.TA,1952.063293,3
17/03/2025,SHNP.TA,1939.772994,4
18/03/2025,SHNP.TA,1946.257997,5
19/03/2025,SHNP.TA,1917.152454,6
20/03/2025,SHNP.TA,1889.19958,7
21/03/2025,SHNP.TA,1896.138571,8
22/03/2025,SHNP.TA,1902.477697,9
23/03/2025,SHNP.TA,1871.854742,10
24/03/2025,SHNP.TA,1826.874323,11
25/03/2025,SHNP.TA,1763.45978,12
26/03/2025,SHNP.TA,1866.808423,13
27/03/2025,SHNP.TA,1880.418334,14
28/03/2025,SHNP.TA,1843.127533,15
29/03/2025,SHNP.TA,1798.40282,16
30/03/2025,SHNP.TA,1852.242007,17
31/03/2025,SHNP.TA,1840.167118,18
01/04/2025,SHNP.TA,1856.165688,19
02/04/2025,SHNP.TA,1875.279316,20
03/04/2025,SHNP.TA,1929.88697,21
04/04/2025,SHNP.TA,1931.442223,22
05/04/2025,SHNP.TA,1900.353045,23
06/04/2025,SHNP.TA,1887.964516,24
07/04/2025,SHNP.TA,1886.589199,25
08/04/2025,SHNP.TA,1886.497955,26
09/04/2025,SHNP.TA,1886.406716,27
10/04/2025,SHNP.TA,1892.043757,28
11/04/2025,SHNP.TA,1854.52241,29
12/04/2025,SHNP.TA,1826.788738,30
14/03/2025,SCDX.TA,329.6940518,1
15/03/2025,SCDX.TA,330.2815941,2
16/03/2025,SCDX.TA,327.975041,3
17/03/2025,SCDX.TA,324.567933,4
18/03/2025,SCDX.TA,336.2037307,5
19/03/2025,SCDX.TA,328.0494096,6
20/03/2025,SCDX.TA,329.6792815,7
21/03/2025,SCDX.TA,330.2660844,8
22/03/2025,SCDX.TA,325.9620754,9
23/03/2025,SCDX.TA,326.2494485,10
24/03/2025,SCDX.TA,331.2496472,11
25/03/2025,SCDX.TA,340.9551346,12
26/03/2025,SCDX.TA,352.353795,13
27/03/2025,SCDX.TA,343.8304849,14
28/03/2025,SCDX.TA,344.4424759,15
29/03/2025,SCDX.TA,327.6341968,16
30/03/2025,SCDX.TA,326.5552273,17
31/03/2025,SCDX.TA,335.5938757,18
01/04/2025,SCDX.TA,333.5249698,19
02/04/2025,SCDX.TA,339.692259,20
03/04/2025,SCDX.TA,356.6589194,21
04/04/2025,SCDX.TA,356.1981144,22
05/04/2025,SCDX.TA,349.936847,23
06/04/2025,SCDX.TA,348.6199336,24
07/04/2025,SCDX.TA,346.4707233,25
08/04/2025,SCDX.TA,336.7944576,26
09/04/2025,SCDX.TA,335.1613897,27
10/04/2025,SCDX.TA,329.2461536,28
11/04/2025,SCDX.TA,331.0843537,29
12/04/2025,SCDX.TA,337.5392106,30
14/03/2025,SCOP.TA,14764.70047,1
15/03/2025,SCOP.TA,14596.90643,2
16/03/2025,SCOP.TA,14594.05939,3
17/03/2025,SCOP.TA,14732.59032,4
18/03/2025,SCOP.TA,14836.85218,5
19/03/2025,SCOP.TA,15269.05337,6
20/03/2025,SCOP.TA,15057.28915,7
21/03/2025,SCOP.TA,15190.09816,8
22/03/2025,SCOP.TA,15242.18978,9
23/03/2025,SCOP.TA,15119.99398,10
24/03/2025,SCOP.TA,14607.44633,11
25/03/2025,SCOP.TA,14624.24776,12
26/03/2025,SCOP.TA,15017.63814,13
27/03/2025,SCOP.TA,15392.48393,14
28/03/2025,SCOP.TA,15468.99166,15
29/03/2025,SCOP.TA,15411.89148,16
30/03/2025,SCOP.TA,15236.74241,17
31/03/2025,SCOP.TA,15625.31362,18
01/04/2025,SCOP.TA,15696.16683,19
02/04/2025,SCOP.TA,15865.59011,20
03/04/2025,SCOP.TA,15816.05366,21
04/04/2025,SCOP.TA,14988.74141,22
05/04/2025,SCOP.TA,15425.36717,23
06/04/2025,SCOP.TA,15806.5773,24
07/04/2025,SCOP.TA,15696.02586,25
08/04/2025,SCOP.TA,15629.31106,26
09/04/2025,SCOP.TA,15739.91898,27
10/04/2025,SCOP.TA,15905.70241,28
11/04/2025,SCOP.TA,15740.03661,29
12/04/2025,SCOP.TA,15561.15832,30
14/03/2025,SEMG.TA,313.9182939,1
15/03/2025,SEMG.TA,322.9362955,2
16/03/2025,SEMG.TA,316.1723638,3
17/03/2025,SEMG.TA,309.7868842,4
18/03/2025,SEMG.TA,313.5926781,5
19/03/2025,SEMG.TA,320.9458227,6
20/03/2025,SEMG.TA,319.8861966,7
21/03/2025,SEMG.TA,324.7451798,8
22/03/2025,SEMG.TA,312.2945566,9
23/03/2025,SEMG.TA,309.5368185,10
24/03/2025,SEMG.TA,310.1908969,11
25/03/2025,SEMG.TA,312.8052393,12
26/03/2025,SEMG.TA,313.961037,13
27/03/2025,SEMG.TA,327.03177,14
28/03/2025,SEMG.TA,330.1910571,15
29/03/2025,SEMG.TA,340.5882987,16
30/03/2025,SEMG.TA,337.6233662,17
31/03/2025,SEMG.TA,338.0838201,18
01/04/2025,SEMG.TA,338.7982209,19
02/04/2025,SEMG.TA,349.4664897,20
03/04/2025,SEMG.TA,363.5831893,21
04/04/2025,SEMG.TA,366.7470068,22
05/04/2025,SEMG.TA,365.2804244,23
06/04/2025,SEMG.TA,357.6295908,24
07/04/2025,SEMG.TA,363.3594874,25
08/04/2025,SEMG.TA,357.8771369,26
09/04/2025,SEMG.TA,363.4772155,27
10/04/2025,SEMG.TA,353.6258036,28
11/04/2025,SEMG.TA,361.917648,29
12/04/2025,SEMG.TA,363.2549132,30
14/03/2025,SLARL.TA,897.809078,1
15/03/2025,SLARL.TA,888.7073943,2
16/03/2025,SLARL.TA,870.0885106,3
17/03/2025,SLARL.TA,866.9666046,4
18/03/2025,SLARL.TA,848.0912039,5
19/03/2025,SLARL.TA,864.6089378,6
20/03/2025,SLARL.TA,864.6484457,7
21/03/2025,SLARL.TA,845.1315351,8
22/03/2025,SLARL.TA,880.0702049,9
23/03/2025,SLARL.TA,895.1443827,10
24/03/2025,SLARL.TA,876.3906407,11
25/03/2025,SLARL.TA,880.8452872,12
26/03/2025,SLARL.TA,876.2106952,13
27/03/2025,SLARL.TA,869.6041301,14
28/03/2025,SLARL.TA,880.0779303,15
29/03/2025,SLARL.TA,891.9371576,16
30/03/2025,SLARL.TA,889.1390282,17
31/03/2025,SLARL.TA,903.3861725,18
01/04/2025,SLARL.TA,898.9394983,19
02/04/2025,SLARL.TA,915.0494206,20
03/04/2025,SLARL.TA,932.8712572,21
04/04/2025,SLARL.TA,930.0339042,22
05/04/2025,SLARL.TA,906.2728716,23
06/04/2025,SLARL.TA,901.5044916,24
07/04/2025,SLARL.TA,898.6763482,25
08/04/2025,SLARL.TA,908.5301339,26
09/04/2025,SLARL.TA,916.0928504,27
10/04/2025,SLARL.TA,919.2972879,28
11/04/2025,SLARL.TA,922.6766324,29
12/04/2025,SLARL.TA,933.0130201,30
14/03/2025,SHGR.TA,1568.960181,1
15/03/2025,SHGR.TA,1569.004918,2
16/03/2025,SHGR.TA,1574.680518,3
17/03/2025,SHGR.TA,1593.988482,4
18/03/2025,SHGR.TA,1617.15719,5
19/03/2025,SHGR.TA,1646.869999,6
20/03/2025,SHGR.TA,1631.957195,7
21/03/2025,SHGR.TA,1631.684012,8
22/03/2025,SHGR.TA,1658.933631,9
23/03/2025,SHGR.TA,1611.91888,10
24/03/2025,SHGR.TA,1632.01947,11
25/03/2025,SHGR.TA,1611.591084,12
26/03/2025,SHGR.TA,1603.825652,13
27/03/2025,SHGR.TA,1681.791092,14
28/03/2025,SHGR.TA,1693.846475,15
29/03/2025,SHGR.TA,1635.754355,16
30/03/2025,SHGR.TA,1623.973064,17
31/03/2025,SHGR.TA,1660.190692,18
01/04/2025,SHGR.TA,1638.079866,19
02/04/2025,SHGR.TA,1688.643485,20
03/04/2025,SHGR.TA,1717.346849,21
04/04/2025,SHGR.TA,1704.9779,22
05/04/2025,SHGR.TA,1689.538915,23
06/04/2025,SHGR.TA,1722.023344,24
07/04/2025,SHGR.TA,1711.007595,25
08/04/2025,SHGR.TA,1688.847881,26
09/04/2025,SHGR.TA,1688.884637,27
10/04/2025,SHGR.TA,1657.302389,28
11/04/2025,SHGR.TA,1628.939405,29
12/04/2025,SHGR.TA,1652.616126,30
14/03/2025,SHMM.TA,142.5495424,1
15/03/2025,SHMM.TA,148.4092848,2
16/03/2025,SHMM.TA,170.8906498,3
17/03/2025,SHMM.TA,196.7775413,4
18/03/2025,SHMM.TA,208.0309868,5
19/03/2025,SHMM.TA,227.5086052,6
20/03/2025,SHMM.TA,242.2793905,7
21/03/2025,SHMM.TA,217.6100751,8
22/03/2025,SHMM.TA,212.6177292,9
23/03/2025,SHMM.TA,258.7621294,10
24/03/2025,SHMM.TA,262.5306799,11
25/03/2025,SHMM.TA,234.606383,12
26/03/2025,SHMM.TA,194.0006725,13
27/03/2025,SHMM.TA,200.1446022,14
28/03/2025,SHMM.TA,178.856053,15
29/03/2025,SHMM.TA,191.5062744,16
30/03/2025,SHMM.TA,158.3603376,17
31/03/2025,SHMM.TA,155.7832473,18
01/04/2025,SHMM.TA,172.1620682,19
02/04/2025,SHMM.TA,136.1871557,20
03/04/2025,SHMM.TA,158.5253704,21
04/04/2025,SHMM.TA,182.0981692,22
05/04/2025,SHMM.TA,203.7275505,23
06/04/2025,SHMM.TA,199.0536934,24
07/04/2025,SHMM.TA,185.2838515,25
08/04/2025,SHMM.TA,159.8970268,26
09/04/2025,SHMM.TA,164.9609066,27
10/04/2025,SHMM.TA,182.304653,28
11/04/2025,SHMM.TA,182.7025099,29
12/04/2025,SHMM.TA,222.3544136,30
14/03/2025,SHAN.TA,581.3703775,1
15/03/2025,SHAN.TA,551.795143,2
16/03/2025,SHAN.TA,561.8128683,3
17/03/2025,SHAN.TA,558.5301358,4
18/03/2025,SHAN.TA,556.6527009,5
19/03/2025,SHAN.TA,547.1600148,6
20/03/2025,SHAN.TA,527.9718049,7
21/03/2025,SHAN.TA,544.5202037,8
22/03/2025,SHAN.TA,552.59597,9
23/03/2025,SHAN.TA,563.9960465,10
24/03/2025,SHAN.TA,561.3690316,11
25/03/2025,SHAN.TA,563.6622158,12
26/03/2025,SHAN.TA,561.0231531,13
27/03/2025,SHAN.TA,562.4308949,14
28/03/2025,SHAN.TA,556.5870615,15
29/03/2025,SHAN.TA,547.9951875,16
30/03/2025,SHAN.TA,545.4276094,17
31/03/2025,SHAN.TA,574.6888859,18
01/04/2025,SHAN.TA,572.3103329,19
02/04/2025,SHAN.TA,568.9662626,20
03/04/2025,SHAN.TA,569.0495454,21
04/04/2025,SHAN.TA,562.9063795,22
05/04/2025,SHAN.TA,573.3947529,23
06/04/2025,SHAN.TA,573.4786839,24
07/04/2025,SHAN.TA,591.5180671,25
08/04/2025,SHAN.TA,624.8507663,26
09/04/2025,SHAN.TA,617.2495748,27
10/04/2025,SHAN.TA,624.1817835,28
11/04/2025,SHAN.TA,629.6085227,29
12/04/2025,SHAN.TA,637.8522107,30
14/03/2025,SPEN.TA,2543.464556,1
15/03/2025,SPEN.TA,2447.535995,2
16/03/2025,SPEN.TA,2447.442303,3
17/03/2025,SPEN.TA,2546.935291,4
18/03/2025,SPEN.TA,2540.810451,5
19/03/2025,SPEN.TA,2587.688206,6
20/03/2025,SPEN.TA,2542.659252,7
21/03/2025,SPEN.TA,2541.23592,8
22/03/2025,SPEN.TA,2468.362671,9
23/03/2025,SPEN.TA,2474.641424,10
24/03/2025,SPEN.TA,2440.111947,11
25/03/2025,SPEN.TA,2442.893512,12
26/03/2025,SPEN.TA,2532.158488,13
27/03/2025,SPEN.TA,2526.069183,14
28/03/2025,SPEN.TA,2527.217759,15
29/03/2025,SPEN.TA,2509.473211,16
30/03/2025,SPEN.TA,2583.057326,17
31/03/2025,SPEN.TA,2648.681416,18
01/04/2025,SPEN.TA,2570.603959,19
02/04/2025,SPEN.TA,2606.653491,20
03/04/2025,SPEN.TA,2672.026402,21
04/04/2025,SPEN.TA,2640.702401,22
05/04/2025,SPEN.TA,2649.936289,23
06/04/2025,SPEN.TA,2717.259479,24
07/04/2025,SPEN.TA,2642.094815,25
08/04/2025,SPEN.TA,2577.378125,26
09/04/2025,SPEN.TA,2595.134978,27
10/04/2025,SPEN.TA,2672.741718,28
11/04/2025,SPEN.TA,2664.56663,29
12/04/2025,SPEN.TA,2656.556431,30
14/03/2025,SMNR.TA,1589.862429,1
15/03/2025,SMNR.TA,1593.557175,2
16/03/2025,SMNR.TA,1597.86845,3
17/03/2025,SMNR.TA,1640.989241,4
18/03/2025,SMNR.TA,1659.205223,5
19/03/2025,SMNR.TA,1654.624172,6
20/03/2025,SMNR.TA,1658.261249,7
21/03/2025,SMNR.TA,1664.547081,8
22/03/2025,SMNR.TA,1611.335309,9
23/03/2025,SMNR.TA,1576.197896,10
24/03/2025,SMNR.TA,1585.451743,11
25/03/2025,SMNR.TA,1607.757159,12
26/03/2025,SMNR.TA,1579.554058,13
27/03/2025,SMNR.TA,1579.156451,14
28/03/2025,SMNR.TA,1591.766187,15
29/03/2025,SMNR.TA,1569.356843,16
30/03/2025,SMNR.TA,1562.490526,17
31/03/2025,SMNR.TA,1537.962593,18
01/04/2025,SMNR.TA,1543.340421,19
02/04/2025,SMNR.TA,1601.563979,20
03/04/2025,SMNR.TA,1607.909511,21
04/04/2025,SMNR.TA,1604.312456,22
05/04/2025,SMNR.TA,1655.206228,23
06/04/2025,SMNR.TA,1643.563238,24
07/04/2025,SMNR.TA,1642.567655,25
08/04/2025,SMNR.TA,1646.401957,26
09/04/2025,SMNR.TA,1694.702508,27
10/04/2025,SMNR.TA,1663.102697,28
11/04/2025,SMNR.TA,1669.831831,29
12/04/2025,SMNR.TA,1669.750737,30
14/03/2025,SBEN.TA,240.3724556,1
15/03/2025,SBEN.TA,241.1751112,2
16/03/2025,SBEN.TA,254.2684334,3
17/03/2025,SBEN.TA,255.570168,4
18/03/2025,SBEN.TA,244.1789686,5
19/03/2025,SBEN.TA,247.6263864,6
20/03/2025,SBEN.TA,238.9428166,7
21/03/2025,SBEN.TA,233.8018741,8
22/03/2025,SBEN.TA,235.383012,9
23/03/2025,SBEN.TA,243.2586751,10
24/03/2025,SBEN.TA,241.6496505,11
25/03/2025,SBEN.TA,236.0461652,12
26/03/2025,SBEN.TA,230.7274673,13
27/03/2025,SBEN.TA,238.4473609,14
28/03/2025,SBEN.TA,232.0170877,15
29/03/2025,SBEN.TA,224.9326507,16
30/03/2025,SBEN.TA,219.9286664,17
31/03/2025,SBEN.TA,216.9660946,18
01/04/2025,SBEN.TA,215.8580527,19
02/04/2025,SBEN.TA,215.6515646,20
03/04/2025,SBEN.TA,213.3377933,21
04/04/2025,SBEN.TA,218.830954,22
05/04/2025,SBEN.TA,218.4012156,23
06/04/2025,SBEN.TA,217.7893491,24
07/04/2025,SBEN.TA,213.1035312,25
08/04/2025,SBEN.TA,221.2055972,26
09/04/2025,SBEN.TA,223.8232345,27
10/04/2025,SBEN.TA,219.9557475,28
11/04/2025,SBEN.TA,221.5556995,29
12/04/2025,SBEN.TA,198.0190825,30
14/03/2025,SKBN.TA,1128.565517,1
15/03/2025,SKBN.TA,1128.809613,2
16/03/2025,SKBN.TA,1090.261815,3
17/03/2025,SKBN.TA,1060.85966,4
18/03/2025,SKBN.TA,1043.877218,5
19/03/2025,SKBN.TA,1017.502555,6
20/03/2025,SKBN.TA,1004.425569,7
21/03/2025,SKBN.TA,1025.38226,8
22/03/2025,SKBN.TA,1054.005822,9
23/03/2025,SKBN.TA,1075.84534,10
24/03/2025,SKBN.TA,1056.36164,11
25/03/2025,SKBN.TA,1049.807765,12
26/03/2025,SKBN.TA,1040.921366,13
27/03/2025,SKBN.TA,1035.803183,14
28/03/2025,SKBN.TA,1085.966872,15
29/03/2025,SKBN.TA,1058.528769,16
30/03/2025,SKBN.TA,1043.495163,17
31/03/2025,SKBN.TA,1034.662199,18
01/04/2025,SKBN.TA,1020.674377,19
02/04/2025,SKBN.TA,1091.358569,20
03/04/2025,SKBN.TA,1086.589721,21
04/04/2025,SKBN.TA,1077.900857,22
05/04/2025,SKBN.TA,1089.194972,23
06/04/2025,SKBN.TA,1080.120381,24
07/04/2025,SKBN.TA,1060.826748,25
08/04/2025,SKBN.TA,1024.600502,26
09/04/2025,SKBN.TA,1010.748706,27
10/04/2025,SKBN.TA,1006.706599,28
11/04/2025,SKBN.TA,1014.503315,29
12/04/2025,SKBN.TA,1040.403871,30
14/03/2025,SHOM.TA,833.0660281,1
15/03/2025,SHOM.TA,823.3673759,2
16/03/2025,SHOM.TA,834.1644919,3
17/03/2025,SHOM.TA,822.9645968,4
18/03/2025,SHOM.TA,823.9027556,5
19/03/2025,SHOM.TA,822.7506195,6
20/03/2025,SHOM.TA,813.1360402,7
21/03/2025,SHOM.TA,816.0226439,8
22/03/2025,SHOM.TA,843.6844809,9
23/03/2025,SHOM.TA,833.7512469,10
24/03/2025,SHOM.TA,874.1984797,11
25/03/2025,SHOM.TA,863.2971735,12
26/03/2025,SHOM.TA,867.7975057,13
27/03/2025,SHOM.TA,865.3883615,14
28/03/2025,SHOM.TA,874.0536182,15
29/03/2025,SHOM.TA,863.762829,16
30/03/2025,SHOM.TA,878.8077687,17
31/03/2025,SHOM.TA,875.7620672,18
01/04/2025,SHOM.TA,876.6988478,19
02/04/2025,SHOM.TA,882.5306659,20
03/04/2025,SHOM.TA,887.7719812,21
04/04/2025,SHOM.TA,890.4952642,22
05/04/2025,SHOM.TA,898.2628295,23
06/04/2025,SHOM.TA,913.4063926,24
07/04/2025,SHOM.TA,904.392336,25
08/04/2025,SHOM.TA,911.7590417,26
09/04/2025,SHOM.TA,923.371302,27
10/04/2025,SHOM.TA,912.4998644,28
11/04/2025,SHOM.TA,912.0299958,29
12/04/2025,SHOM.TA,921.5302091,30
14/03/2025,SAE.TA,3559.921926,1
15/03/2025,SAE.TA,3570.42326,2
16/03/2025,SAE.TA,3581.910314,3
17/03/2025,SAE.TA,3579.889384,4
18/03/2025,SAE.TA,3544.218347,5
19/03/2025,SAE.TA,3611.744384,6
20/03/2025,SAE.TA,3694.26002,7
21/03/2025,SAE.TA,3748.384736,8
22/03/2025,SAE.TA,3788.194073,9
23/03/2025,SAE.TA,3813.822099,10
24/03/2025,SAE.TA,3891.972514,11
25/03/2025,SAE.TA,3948.993921,12
26/03/2025,SAE.TA,3936.086471,13
27/03/2025,SAE.TA,3923.221209,14
28/03/2025,SAE.TA,3964.887379,15
29/03/2025,SAE.TA,3948.572035,16
30/03/2025,SAE.TA,3895.643283,17
31/03/2025,SAE.TA,3965.724395,18
01/04/2025,SAE.TA,4037.620727,19
02/04/2025,SAE.TA,3970.670094,20
03/04/2025,SAE.TA,4002.70696,21
04/04/2025,SAE.TA,4075.273765,22
05/04/2025,SAE.TA,4158.781681,23
06/04/2025,SAE.TA,4134.017569,24
07/04/2025,SAE.TA,4195.056104,25
08/04/2025,SAE.TA,4233.30365,26
09/04/2025,SAE.TA,4296.357566,27
10/04/2025,SAE.TA,4345.889474,28
11/04/2025,SAE.TA,4424.248373,29
12/04/2025,SAE.TA,4470.150978,30
14/03/2025,SKLN.TA,1898.553573,1
15/03/2025,SKLN.TA,1915.656163,2
16/03/2025,SKLN.TA,1921.85345,3
17/03/2025,SKLN.TA,1922.053719,4
18/03/2025,SKLN.TA,1992.898786,5
19/03/2025,SKLN.TA,1988.651505,6
20/03/2025,SKLN.TA,1965.053312,7
21/03/2025,SKLN.TA,1977.04546,8
22/03/2025,SKLN.TA,1991.465796,9
23/03/2025,SKLN.TA,2002.114639,10
24/03/2025,SKLN.TA,2038.157327,11
25/03/2025,SKLN.TA,2063.470699,12
26/03/2025,SKLN.TA,2125.460092,13
27/03/2025,SKLN.TA,2136.78516,14
28/03/2025,SKLN.TA,2155.606225,15
29/03/2025,SKLN.TA,2193.336733,16
30/03/2025,SKLN.TA,2235.660642,17
31/03/2025,SKLN.TA,2268.177258,18
01/04/2025,SKLN.TA,2295.795527,19
02/04/2025,SKLN.TA,2307.084325,20
03/04/2025,SKLN.TA,2271.020371,21
04/04/2025,SKLN.TA,2278.367287,22
05/04/2025,SKLN.TA,2218.442131,23
06/04/2025,SKLN.TA,2187.560789,24
07/04/2025,SKLN.TA,2162.732107,25
08/04/2025,SKLN.TA,2088.018428,26
09/04/2025,SKLN.TA,2057.169245,27
10/04/2025,SKLN.TA,2063.859601,28
11/04/2025,SKLN.TA,2102.866783,29
12/04/2025,SKLN.TA,2110.021732,30
14/03/2025,SLRM.TA,656.9387579,1
15/03/2025,SLRM.TA,652.6470559,2
16/03/2025,SLRM.TA,648.3833911,3
17/03/2025,SLRM.TA,604.1414361,4
18/03/2025,SLRM.TA,657.1150984,5
19/03/2025,SLRM.TA,669.9526346,6
20/03/2025,SLRM.TA,749.2148103,7
21/03/2025,SLRM.TA,832.2586983,8
22/03/2025,SLRM.TA,852.3853444,9
23/03/2025,SLRM.TA,907.2988073,10
24/03/2025,SLRM.TA,895.2052676,11
25/03/2025,SLRM.TA,994.4309169,12
26/03/2025,SLRM.TA,989.0707803,13
27/03/2025,SLRM.TA,1032.530627,14
28/03/2025,SLRM.TA,1099.090808,15
29/03/2025,SLRM.TA,1048.169036,16
30/03/2025,SLRM.TA,1115.737319,17
31/03/2025,SLRM.TA,1119.919892,18
01/04/2025,SLRM.TA,1348.69168,19
02/04/2025,SLRM.TA,1407.953297,20
03/04/2025,SLRM.TA,1373.865853,21
04/04/2025,SLRM.TA,1324.055111,22
05/04/2025,SLRM.TA,1297.22161,23
06/04/2025,SLRM.TA,1299.094317,24
07/04/2025,SLRM.TA,1443.087524,25
08/04/2025,SLRM.TA,1390.767088,26
09/04/2025,SLRM.TA,1395.980667,27
10/04/2025,SLRM.TA,1200.772544,28
11/04/2025,SLRM.TA,1204.798405,29
12/04/2025,SLRM.TA,893.5727883,30
14/03/2025,SMAG.TA,73.32658801,1
15/03/2025,SMAG.TA,74.20264079,2
16/03/2025,SMAG.TA,74.24203496,3
17/03/2025,SMAG.TA,74.89455512,4
18/03/2025,SMAG.TA,75.09241313,5
19/03/2025,SMAG.TA,73.87743378,6
20/03/2025,SMAG.TA,77.43210591,7
21/03/2025,SMAG.TA,67.80880066,8
22/03/2025,SMAG.TA,65.19962522,9
23/03/2025,SMAG.TA,65.28655097,10
24/03/2025,SMAG.TA,55.73786443,11
25/03/2025,SMAG.TA,63.25842519,12
26/03/2025,SMAG.TA,61.85392825,13
27/03/2025,SMAG.TA,57.88878091,14
28/03/2025,SMAG.TA,58.58039399,15
29/03/2025,SMAG.TA,58.20782411,16
30/03/2025,SMAG.TA,53.64571204,17
31/03/2025,SMAG.TA,48.88834402,18
01/04/2025,SMAG.TA,50.1490716,19
02/04/2025,SMAG.TA,50.50050039,20
03/04/2025,SMAG.TA,50.85439188,21
04/04/2025,SMAG.TA,52.21475281,22
05/04/2025,SMAG.TA,41.77237191,23
06/04/2025,SMAG.TA,39.79928606,24
07/04/2025,SMAG.TA,39.82712134,25
08/04/2025,SMAG.TA,40.66579162,26
09/04/2025,SMAG.TA,41.32895553,27
10/04/2025,SMAG.TA,37.46808282,28
11/04/2025,SMAG.TA,35.19677667,29
12/04/2025,SMAG.TA,31.90876048,30
14/03/2025,SOFW.TA,1702.714501,1
15/03/2025,SOFW.TA,1653.275469,2
16/03/2025,SOFW.TA,1638.565101,3
17/03/2025,SOFW.TA,1721.800168,4
18/03/2025,SOFW.TA,1769.627462,5
19/03/2025,SOFW.TA,1722.973965,6
20/03/2025,SOFW.TA,1738.077423,7
21/03/2025,SOFW.TA,1697.850672,8
22/03/2025,SOFW.TA,1760.275833,9
23/03/2025,SOFW.TA,1770.778598,10
24/03/2025,SOFW.TA,1720.882346,11
25/03/2025,SOFW.TA,1720.248766,12
26/03/2025,SOFW.TA,1801.004494,13
27/03/2025,SOFW.TA,1839.900728,14
28/03/2025,SOFW.TA,1964.853704,15
29/03/2025,SOFW.TA,2080.403634,16
30/03/2025,SOFW.TA,2082.707922,17
31/03/2025,SOFW.TA,2099.538415,18
01/04/2025,SOFW.TA,2112.065405,19
02/04/2025,SOFW.TA,2092.476958,20
03/04/2025,SOFW.TA,2096.744575,21
04/04/2025,SOFW.TA,2048.216689,22
05/04/2025,SOFW.TA,2000.359786,23
06/04/2025,SOFW.TA,2002.51296,24
07/04/2025,SOFW.TA,2034.451849,25
08/04/2025,SOFW.TA,2084.679259,26
09/04/2025,SOFW.TA,1991.575017,27
10/04/2025,SOFW.TA,2020.013571,28
11/04/2025,SOFW.TA,1998.34244,29
12/04/2025,SOFW.TA,1944.177878,30
14/03/2025,SOLR.TA,3690.153241,1
15/03/2025,SOLR.TA,3692.855522,2
16/03/2025,SOLR.TA,3745.875807,3
17/03/2025,SOLR.TA,3747.331222,4
18/03/2025,SOLR.TA,3705.051847,5
19/03/2025,SOLR.TA,3707.75557,6
20/03/2025,SOLR.TA,3674.867539,7
21/03/2025,SOLR.TA,3647.198601,8
22/03/2025,SOLR.TA,3695.473181,9
23/03/2025,SOLR.TA,3706.654255,10
24/03/2025,SOLR.TA,3757.742604,11
25/03/2025,SOLR.TA,3693.415011,12
26/03/2025,SOLR.TA,3685.256631,13
27/03/2025,SOLR.TA,3652.568167,14
28/03/2025,SOLR.TA,3609.20908,15
29/03/2025,SOLR.TA,3617.435043,16
30/03/2025,SOLR.TA,3572.259565,17
31/03/2025,SOLR.TA,3529.85381,18
01/04/2025,SOLR.TA,3528.575778,19
02/04/2025,SOLR.TA,3469.242741,20
03/04/2025,SOLR.TA,3529.34132,21
04/04/2025,SOLR.TA,3511.716552,22
05/04/2025,SOLR.TA,3515.895633,23
06/04/2025,SOLR.TA,3563.87501,24
07/04/2025,SOLR.TA,3596.210094,25
08/04/2025,SOLR.TA,3589.540383,26
09/04/2025,SOLR.TA,3652.170749,27
10/04/2025,SOLR.TA,3678.233985,28
11/04/2025,SOLR.TA,3804.774738,29
12/04/2025,SOLR.TA,3882.498805,30
14/03/2025,SONO.TA,68.48742634,1
15/03/2025,SONO.TA,79.3203713,2
16/03/2025,SONO.TA,118.7838373,3
17/03/2025,SONO.TA,151.1894632,4
18/03/2025,SONO.TA,98.85471152,5
19/03/2025,SONO.TA,101.9648376,6
20/03/2025,SONO.TA,82.08621514,7
21/03/2025,SONO.TA,82.91558037,8
22/03/2025,SONO.TA,97.69348225,9
23/03/2025,SONO.TA,67.28309328,10
24/03/2025,SONO.TA,75.52529402,11
25/03/2025,SONO.TA,112.7071635,12
26/03/2025,SONO.TA,80.42238979,13
27/03/2025,SONO.TA,92.34630275,14
28/03/2025,SONO.TA,131.3857826,15
29/03/2025,SONO.TA,79.71865822,16
30/03/2025,SONO.TA,77.795973,17
31/03/2025,SONO.TA,102.5013695,18
01/04/2025,SONO.TA,72.6551086,19
02/04/2025,SONO.TA,85.60430418,20
03/04/2025,SONO.TA,63.33675579,21
04/04/2025,SONO.TA,74.6251573,22
05/04/2025,SONO.TA,69.59601902,23
06/04/2025,SONO.TA,103.8588462,24
07/04/2025,SONO.TA,122.3694305,25
08/04/2025,SONO.TA,152.6033319,26
09/04/2025,SONO.TA,207.5814676,27
10/04/2025,SONO.TA,252.7813725,28
11/04/2025,SONO.TA,255.3353712,29
12/04/2025,SONO.TA,538.6875175,30
14/03/2025,SCC.TA,54.26218451,1
15/03/2025,SCC.TA,50.81966952,2
16/03/2025,SCC.TA,59.30019281,3
17/03/2025,SCC.TA,49.09244652,4
18/03/2025,SCC.TA,53.58728847,5
19/03/2025,SCC.TA,58.77582051,6
20/03/2025,SCC.TA,71.73163242,7
21/03/2025,SCC.TA,71.182971,8
22/03/2025,SCC.TA,78.24383632,9
23/03/2025,SCC.TA,125.9213848,10
24/03/2025,SCC.TA,120.9374622,11
25/03/2025,SCC.TA,166.47233,12
26/03/2025,SCC.TA,125.4221803,13
27/03/2025,SCC.TA,114.7874433,14
28/03/2025,SCC.TA,103.1961725,15
29/03/2025,SCC.TA,100.2135315,16
30/03/2025,SCC.TA,96.24711637,17
31/03/2025,SCC.TA,116.7872101,18
01/04/2025,SCC.TA,110.0104746,19
02/04/2025,SCC.TA,93.93117123,20
03/04/2025,SCC.TA,85.4709192,21
04/04/2025,SCC.TA,81.51155489,22
05/04/2025,SCC.TA,76.48354361,23
06/04/2025,SCC.TA,68.94614437,24
07/04/2025,SCC.TA,84.14377616,25
08/04/2025,SCC.TA,76.87391444,26
09/04/2025,SCC.TA,74.65205595,27
10/04/2025,SCC.TA,67.92824745,28
11/04/2025,SCC.TA,71.77782961,29
12/04/2025,SCC.TA,79.08361644,30
14/03/2025,SPDV.TA,386.5739649,1
15/03/2025,SPDV.TA,381.6524469,2
16/03/2025,SPDV.TA,381.7695249,3
17/03/2025,SPDV.TA,384.9677566,4
18/03/2025,SPDV.TA,383.0849469,5
19/03/2025,SPDV.TA,382.1340082,6
20/03/2025,SPDV.TA,394.895143,7
21/03/2025,SPDV.TA,392.2893392,8
22/03/2025,SPDV.TA,390.0647857,9
23/03/2025,SPDV.TA,393.7064534,10
24/03/2025,SPDV.TA,394.4149169,11
25/03/2025,SPDV.TA,394.0558187,12
26/03/2025,SPDV.TA,389.1873672,13
27/03/2025,SPDV.TA,392.5446277,14
28/03/2025,SPDV.TA,391.9612321,15
29/03/2025,SPDV.TA,384.5949593,16
30/03/2025,SPDV.TA,384.5521164,17
31/03/2025,SPDV.TA,384.8092543,18
01/04/2025,SPDV.TA,406.5605153,19
02/04/2025,SPDV.TA,407.2078796,20
03/04/2025,SPDV.TA,402.0621836,21
04/04/2025,SPDV.TA,396.9434833,22
05/04/2025,SPDV.TA,389.4835773,23
06/04/2025,SPDV.TA,389.5778921,24
07/04/2025,SPDV.TA,392.9385214,25
08/04/2025,SPDV.TA,397.9754781,26
09/04/2025,SPDV.TA,400.0987271,27
10/04/2025,SPDV.TA,403.6170941,28
11/04/2025,SPDV.TA,403.5465473,29
12/04/2025,SPDV.TA,400.2756993,30
14/03/2025,SPRG.TA,608.8049016,1
15/03/2025,SPRG.TA,612.7521997,2
16/03/2025,SPRG.TA,612.9338469,3
17/03/2025,SPRG.TA,613.4239489,4
18/03/2025,SPRG.TA,614.3576092,5
19/03/2025,SPRG.TA,597.2130433,6
20/03/2025,SPRG.TA,599.4347005,7
21/03/2025,SPRG.TA,594.105192,8
22/03/2025,SPRG.TA,594.414546,9
23/03/2025,SPRG.TA,593.9423319,10
24/03/2025,SPRG.TA,600.6917712,11
25/03/2025,SPRG.TA,577.5809443,12
26/03/2025,SPRG.TA,577.7120228,13
27/03/2025,SPRG.TA,579.7825366,14
28/03/2025,SPRG.TA,591.421713,15
29/03/2025,SPRG.TA,593.1648697,16
30/03/2025,SPRG.TA,594.0676947,17
31/03/2025,SPRG.TA,502.5683546,18
01/04/2025,SPRG.TA,476.0806771,19
02/04/2025,SPRG.TA,483.4393382,20
03/04/2025,SPRG.TA,487.9076085,21
04/04/2025,SPRG.TA,475.6543732,22
05/04/2025,SPRG.TA,479.1629747,23
06/04/2025,SPRG.TA,472.1897183,24
07/04/2025,SPRG.TA,490.3758172,25
08/04/2025,SPRG.TA,480.9228912,26
09/04/2025,SPRG.TA,487.6109114,27
10/04/2025,SPRG.TA,482.423142,28
11/04/2025,SPRG.TA,485.4014891,29
12/04/2025,SPRG.TA,487.2072026,30
14/03/2025,SPNTC.TA,346.0966871,1
15/03/2025,SPNTC.TA,351.451414,2
16/03/2025,SPNTC.TA,352.5279075,3
17/03/2025,SPNTC.TA,349.4905227,4
18/03/2025,SPNTC.TA,347.7984322,5
19/03/2025,SPNTC.TA,352.2068217,6
20/03/2025,SPNTC.TA,355.3326878,7
21/03/2025,SPNTC.TA,355.9269623,8
22/03/2025,SPNTC.TA,357.138493,9
23/03/2025,SPNTC.TA,360.3257774,10
24/03/2025,SPNTC.TA,357.0727493,11
25/03/2025,SPNTC.TA,362.1982062,12
26/03/2025,SPNTC.TA,349.5127185,13
27/03/2025,SPNTC.TA,352.1206388,14
28/03/2025,SPNTC.TA,354.9132523,15
29/03/2025,SPNTC.TA,368.5549261,16
30/03/2025,SPNTC.TA,402.2187294,17
31/03/2025,SPNTC.TA,408.0745105,18
01/04/2025,SPNTC.TA,396.3117095,19
02/04/2025,SPNTC.TA,397.1057717,20
03/04/2025,SPNTC.TA,400.42075,21
04/04/2025,SPNTC.TA,416.7338787,22
05/04/2025,SPNTC.TA,408.2562426,23
06/04/2025,SPNTC.TA,399.381447,24
07/04/2025,SPNTC.TA,399.6692456,25
08/04/2025,SPNTC.TA,422.3310262,26
09/04/2025,SPNTC.TA,436.1435985,27
10/04/2025,SPNTC.TA,434.6139181,28
11/04/2025,SPNTC.TA,440.0848855,29
12/04/2025,SPNTC.TA,433.387835,30
14/03/2025,STG.TA,4909.03826,1
15/03/2025,STG.TA,4877.482516,2
16/03/2025,STG.TA,4905.990225,3
17/03/2025,STG.TA,4857.827573,4
18/03/2025,STG.TA,5211.008876,5
19/03/2025,STG.TA,5188.186733,6
20/03/2025,STG.TA,5248.807151,7
21/03/2025,STG.TA,5203.805177,8
22/03/2025,STG.TA,5249.100332,9
23/03/2025,STG.TA,5272.892627,10
24/03/2025,STG.TA,5240.372548,11
25/03/2025,STG.TA,5216.738139,12
26/03/2025,STG.TA,5193.890904,13
27/03/2025,STG.TA,5442.495304,14
28/03/2025,STG.TA,5639.114467,15
29/03/2025,STG.TA,6025.592552,16
30/03/2025,STG.TA,5700.470517,17
31/03/2025,STG.TA,5563.21947,18
01/04/2025,STG.TA,5527.537151,19
02/04/2025,STG.TA,5553.751131,20
03/04/2025,STG.TA,5748.662052,21
04/04/2025,STG.TA,5685.849324,22
05/04/2025,STG.TA,5662.373313,23
06/04/2025,STG.TA,5613.825524,24
07/04/2025,STG.TA,5611.313763,25
08/04/2025,STG.TA,5685.831119,26
09/04/2025,STG.TA,5640.177114,27
10/04/2025,STG.TA,5633.224314,28
11/04/2025,STG.TA,5584.926441,29
12/04/2025,STG.TA,5744.051149,30
14/03/2025,STRG.TA,54.95061448,1
15/03/2025,STRG.TA,68.38949538,2
16/03/2025,STRG.TA,45.64845229,3
17/03/2025,STRG.TA,42.51138137,4
18/03/2025,STRG.TA,40.27768032,5
19/03/2025,STRG.TA,42.35812725,6
20/03/2025,STRG.TA,65.27190591,7
21/03/2025,STRG.TA,60.44701305,8
22/03/2025,STRG.TA,62.73581743,9
23/03/2025,STRG.TA,117.0148619,10
24/03/2025,STRG.TA,111.6180069,11
25/03/2025,STRG.TA,93.49788527,12
26/03/2025,STRG.TA,121.4460721,13
27/03/2025,STRG.TA,105.148299,14
28/03/2025,STRG.TA,143.1205817,15
29/03/2025,STRG.TA,152.6302524,16
30/03/2025,STRG.TA,51.88211089,17
31/03/2025,STRG.TA,57.69917863,18
01/04/2025,STRG.TA,60.35836181,19
02/04/2025,STRG.TA,67.47552637,20
03/04/2025,STRG.TA,55.11197212,21
04/04/2025,STRG.TA,56.28084575,22
05/04/2025,STRG.TA,40.95276239,23
06/04/2025,STRG.TA,43.06807906,24
07/04/2025,STRG.TA,24.45385365,25
08/04/2025,STRG.TA,30.78764674,26
09/04/2025,STRG.TA,16.58836266,27
10/04/2025,STRG.TA,17.4407967,28
11/04/2025,STRG.TA,11.07461858,29
12/04/2025,STRG.TA,8.20452147,30
14/03/2025,STRS.TA,7901.450106,1
15/03/2025,STRS.TA,7901.376551,2
16/03/2025,STRS.TA,8311.994833,3
17/03/2025,STRS.TA,8299.484939,4
18/03/2025,STRS.TA,8140.275209,5
19/03/2025,STRS.TA,8091.780381,6
20/03/2025,STRS.TA,8075.716435,7
21/03/2025,STRS.TA,7900.523803,8
22/03/2025,STRS.TA,7691.035246,9
23/03/2025,STRS.TA,8090.722522,10
24/03/2025,STRS.TA,8322.217665,11
25/03/2025,STRS.TA,8624.318599,12
26/03/2025,STRS.TA,8818.249193,13
27/03/2025,STRS.TA,8913.051664,14
28/03/2025,STRS.TA,9005.869005,15
29/03/2025,STRS.TA,8931.725836,16
30/03/2025,STRS.TA,9059.287328,17
31/03/2025,STRS.TA,9156.462294,18
01/04/2025,STRS.TA,9240.643069,19
02/04/2025,STRS.TA,9576.083335,20
03/04/2025,STRS.TA,9236.212827,21
04/04/2025,STRS.TA,9094.162305,22
05/04/2025,STRS.TA,9284.006122,23
06/04/2025,STRS.TA,9923.958077,24
07/04/2025,STRS.TA,10178.99345,25
08/04/2025,STRS.TA,10350.21928,26
09/04/2025,STRS.TA,10226.28662,27
10/04/2025,STRS.TA,10595.80896,28
11/04/2025,STRS.TA,11691.03994,29
12/04/2025,STRS.TA,12246.52225,30
14/03/2025,STRW.TA,4270.445657,1
15/03/2025,STRW.TA,4282.353324,2
16/03/2025,STRW.TA,4278.233551,3
17/03/2025,STRW.TA,4346.367779,4
18/03/2025,STRW.TA,4342.186421,5
19/03/2025,STRW.TA,4320.513196,6
20/03/2025,STRW.TA,4317.59788,7
21/03/2025,STRW.TA,4329.637026,8
22/03/2025,STRW.TA,4308.026439,9
23/03/2025,STRW.TA,4299.040677,10
24/03/2025,STRW.TA,4298.908642,11
25/03/2025,STRW.TA,4367.372137,12
26/03/2025,STRW.TA,4358.262591,13
27/03/2025,STRW.TA,4354.06979,14
28/03/2025,STRW.TA,4349.881022,15
29/03/2025,STRW.TA,4353.57173,16
30/03/2025,STRW.TA,4367.656738,17
31/03/2025,STRW.TA,4364.709611,18
01/04/2025,STRW.TA,4360.510608,19
02/04/2025,STRW.TA,4429.955163,20
03/04/2025,STRW.TA,4407.843856,21
04/04/2025,STRW.TA,4422.104449,22
05/04/2025,STRW.TA,4400.032328,23
06/04/2025,STRW.TA,4399.897191,24
07/04/2025,STRW.TA,4412.16582,25
08/04/2025,STRW.TA,4378.249285,26
09/04/2025,STRW.TA,4369.117051,27
10/04/2025,STRW.TA,4364.913807,28
11/04/2025,STRW.TA,4369.15434,29
12/04/2025,STRW.TA,4373.398992,30
14/03/2025,SFRN.TA,695.4480405,1
15/03/2025,SFRN.TA,707.0456382,2
16/03/2025,SFRN.TA,706.6663959,3
17/03/2025,SFRN.TA,711.1395376,4
18/03/2025,SFRN.TA,708.3914057,5
19/03/2025,SFRN.TA,722.5376083,6
20/03/2025,SFRN.TA,741.9940886,7
21/03/2025,SFRN.TA,731.2137863,8
22/03/2025,SFRN.TA,722.5861147,9
23/03/2025,SFRN.TA,730.8840575,10
24/03/2025,SFRN.TA,739.2772911,11
25/03/2025,SFRN.TA,769.7061074,12
26/03/2025,SFRN.TA,796.5274542,13
27/03/2025,SFRN.TA,777.6123506,14
28/03/2025,SFRN.TA,791.908779,15
29/03/2025,SFRN.TA,780.4032749,16
30/03/2025,SFRN.TA,771.1952111,17
31/03/2025,SFRN.TA,756.2569611,18
01/04/2025,SFRN.TA,736.1436402,19
02/04/2025,SFRN.TA,739.9583695,20
03/04/2025,SFRN.TA,741.5869494,21
04/04/2025,SFRN.TA,743.7286445,22
05/04/2025,SFRN.TA,741.7780698,23
06/04/2025,SFRN.TA,744.1512131,24
07/04/2025,SFRN.TA,730.7371471,25
08/04/2025,SFRN.TA,727.008575,26
09/04/2025,SFRN.TA,741.5265526,27
10/04/2025,SFRN.TA,748.4464186,28
11/04/2025,SFRN.TA,774.5269457,29
12/04/2025,SFRN.TA,776.1117038,30
14/03/2025,SMT.TA,5557.142481,1
15/03/2025,SMT.TA,5615.430105,2
16/03/2025,SMT.TA,5780.100495,3
17/03/2025,SMT.TA,5669.512275,4
18/03/2025,SMT.TA,5757.924206,5
19/03/2025,SMT.TA,5846.499138,6
20/03/2025,SMT.TA,5950.627587,7
21/03/2025,SMT.TA,5904.813473,8
22/03/2025,SMT.TA,5788.34429,9
23/03/2025,SMT.TA,5600.674129,10
24/03/2025,SMT.TA,5968.171745,11
25/03/2025,SMT.TA,5850.452855,12
26/03/2025,SMT.TA,5922.221937,13
27/03/2025,SMT.TA,5952.961194,14
28/03/2025,SMT.TA,5938.290411,15
29/03/2025,SMT.TA,5830.989631,16
30/03/2025,SMT.TA,5751.546819,17
31/03/2025,SMT.TA,5577.854329,18
01/04/2025,SMT.TA,5630.779608,19
02/04/2025,SMT.TA,5478.027937,20
03/04/2025,SMT.TA,5485.513363,21
04/04/2025,SMT.TA,5385.425143,22
05/04/2025,SMT.TA,5209.713057,23
06/04/2025,SMT.TA,5071.619696,24
07/04/2025,SMT.TA,5155.771751,25
08/04/2025,SMT.TA,5434.827357,26
09/04/2025,SMT.TA,5541.946599,27
10/04/2025,SMT.TA,5311.914417,28
11/04/2025,SMT.TA,5692.319604,29
12/04/2025,SMT.TA,5878.122984,30
14/03/2025,SNFL.TA,621.7744798,1
15/03/2025,SNFL.TA,621.8379041,2
16/03/2025,SNFL.TA,620.9501634,3
17/03/2025,SNFL.TA,613.6920566,4
18/03/2025,SNFL.TA,628.7098857,5
19/03/2025,SNFL.TA,616.0923832,6
20/03/2025,SNFL.TA,618.0679481,7
21/03/2025,SNFL.TA,619.3910842,8
22/03/2025,SNFL.TA,621.0085209,9
23/03/2025,SNFL.TA,613.9156546,10
24/03/2025,SNFL.TA,606.4377842,11
25/03/2025,SNFL.TA,596.3678996,12
26/03/2025,SNFL.TA,620.0850966,13
27/03/2025,SNFL.TA,619.6536086,14
28/03/2025,SNFL.TA,627.1443414,15
29/03/2025,SNFL.TA,624.9981836,16
30/03/2025,SNFL.TA,625.606466,17
31/03/2025,SNFL.TA,627.6125388,18
01/04/2025,SNFL.TA,614.1982998,19
02/04/2025,SNFL.TA,612.1261767,20
03/04/2025,SNFL.TA,610.504239,21
04/04/2025,SNFL.TA,621.6564885,22
05/04/2025,SNFL.TA,623.8719191,23
06/04/2025,SNFL.TA,617.3910945,24
07/04/2025,SNFL.TA,619.5913242,25
08/04/2025,SNFL.TA,613.1082733,26
09/04/2025,SNFL.TA,616.102469,27
10/04/2025,SNFL.TA,640.6044981,28
11/04/2025,SNFL.TA,642.8874547,29
12/04/2025,SNFL.TA,637.2839841,30
14/03/2025,SNCM.TA,130.5432388,1
15/03/2025,SNCM.TA,128.182051,2
16/03/2025,SNCM.TA,130.3455948,3
17/03/2025,SNCM.TA,131.4349166,4
18/03/2025,SNCM.TA,130.6521817,5
19/03/2025,SNCM.TA,133.2624642,6
20/03/2025,SNCM.TA,133.5488238,7
21/03/2025,SNCM.TA,132.9775066,8
22/03/2025,SNCM.TA,132.7684224,9
23/03/2025,SNCM.TA,138.8399682,10
24/03/2025,SNCM.TA,138.2633712,11
25/03/2025,SNCM.TA,137.6891687,12
26/03/2025,SNCM.TA,135.9287635,13
27/03/2025,SNCM.TA,135.8735833,14
28/03/2025,SNCM.TA,131.2739623,15
29/03/2025,SNCM.TA,131.4942127,16
30/03/2025,SNCM.TA,132.0883826,17
31/03/2025,SNCM.TA,133.2664012,18
01/04/2025,SNCM.TA,130.3133868,19
02/04/2025,SNCM.TA,130.8936295,20
03/04/2025,SNCM.TA,133.2571859,21
04/04/2025,SNCM.TA,135.0697159,22
05/04/2025,SNCM.TA,129.8113124,23
06/04/2025,SNCM.TA,130.3188953,24
07/04/2025,SNCM.TA,127.9617652,25
08/04/2025,SNCM.TA,130.6372836,26
09/04/2025,SNCM.TA,130.3346093,27
10/04/2025,SNCM.TA,129.9782927,28
11/04/2025,SNCM.TA,125.5782403,29
12/04/2025,SNCM.TA,124.9355972,30
14/03/2025,STEC.TA,734.3617149,1
15/03/2025,STEC.TA,728.0601793,2
16/03/2025,STEC.TA,728.3616042,3
17/03/2025,STEC.TA,722.1115554,4
18/03/2025,STEC.TA,740.6847751,5
19/03/2025,STEC.TA,740.6250879,6
20/03/2025,STEC.TA,736.3528947,7
21/03/2025,STEC.TA,735.9367625,8
22/03/2025,STEC.TA,544.0328658,9
23/03/2025,STEC.TA,547.5922732,10
24/03/2025,STEC.TA,547.2423952,11
25/03/2025,STEC.TA,546.4980634,12
26/03/2025,STEC.TA,549.1299855,13
27/03/2025,STEC.TA,549.104028,14
28/03/2025,STEC.TA,541.2735452,15
29/03/2025,STEC.TA,540.8506323,16
30/03/2025,STEC.TA,522.2542072,17
31/03/2025,STEC.TA,494.5482557,18
01/04/2025,STEC.TA,488.3399817,19
02/04/2025,STEC.TA,491.5312297,20
03/04/2025,STEC.TA,491.6251013,21
04/04/2025,STEC.TA,477.640434,22
05/04/2025,STEC.TA,477.4126578,23
06/04/2025,STEC.TA,477.1428594,24
07/04/2025,STEC.TA,466.4125133,25
08/04/2025,STEC.TA,466.3765144,26
09/04/2025,STEC.TA,466.1970762,27
10/04/2025,STEC.TA,469.2436228,28
11/04/2025,STEC.TA,472.640845,29
12/04/2025,STEC.TA,454.1461044,30
14/03/2025,SNEL.TA,1728.446211,1
15/03/2025,SNEL.TA,1682.520881,2
16/03/2025,SNEL.TA,1629.236305,3
17/03/2025,SNEL.TA,1621.920649,4
18/03/2025,SNEL.TA,1652.163316,5
19/03/2025,SNEL.TA,1636.589637,6
20/03/2025,SNEL.TA,1602.667178,7
21/03/2025,SNEL.TA,1609.967613,8
22/03/2025,SNEL.TA,1593.232475,9
23/03/2025,SNEL.TA,1607.685815,10
24/03/2025,SNEL.TA,1831.538616,11
25/03/2025,SNEL.TA,1843.652767,12
26/03/2025,SNEL.TA,1811.75629,13
27/03/2025,SNEL.TA,1786.965358,14
28/03/2025,SNEL.TA,1806.243346,15
29/03/2025,SNEL.TA,1836.153928,16
30/03/2025,SNEL.TA,1834.436267,17
31/03/2025,SNEL.TA,1810.708079,18
01/04/2025,SNEL.TA,1770.310279,19
02/04/2025,SNEL.TA,1765.025382,20
03/04/2025,SNEL.TA,1748.621028,21
04/04/2025,SNEL.TA,1762.608804,22
05/04/2025,SNEL.TA,1771.703495,23
06/04/2025,SNEL.TA,1765.667151,24
07/04/2025,SNEL.TA,1774.777622,25
08/04/2025,SNEL.TA,1765.536103,26
09/04/2025,SNEL.TA,1756.342705,27
10/04/2025,SNEL.TA,1700.72023,28
11/04/2025,SNEL.TA,1726.593541,29
12/04/2025,SNEL.TA,1727.825181,30
14/03/2025,TDRN.TA,23866.11522,1
15/03/2025,TDRN.TA,24582.83622,2
16/03/2025,TDRN.TA,25112.4599,3
17/03/2025,TDRN.TA,25059.32808,4
18/03/2025,TDRN.TA,24527.74481,5
19/03/2025,TDRN.TA,24529.84117,6
20/03/2025,TDRN.TA,24586.36493,7
21/03/2025,TDRN.TA,25005.93315,8
22/03/2025,TDRN.TA,25432.66134,9
23/03/2025,TDRN.TA,24852.86376,10
24/03/2025,TDRN.TA,25361.88398,11
25/03/2025,TDRN.TA,25908.29182,12
26/03/2025,TDRN.TA,25754.04866,13
27/03/2025,TDRN.TA,25245.7387,14
28/03/2025,TDRN.TA,24600.15112,15
29/03/2025,TDRN.TA,24656.83689,16
30/03/2025,TDRN.TA,24139.0679,17
31/03/2025,TDRN.TA,23944.88309,18
01/04/2025,TDRN.TA,24130.03748,19
02/04/2025,TDRN.TA,24047.51848,20
03/04/2025,TDRN.TA,24262.38677,21
04/04/2025,TDRN.TA,24241.21786,22
05/04/2025,TDRN.TA,24654.89613,23
06/04/2025,TDRN.TA,24836.27408,24
07/04/2025,TDRN.TA,24602.23464,25
08/04/2025,TDRN.TA,24629.84058,26
09/04/2025,TDRN.TA,24921.37612,27
10/04/2025,TDRN.TA,24426.73872,28
11/04/2025,TDRN.TA,24412.811,29
12/04/2025,TDRN.TA,24655.77485,30
14/03/2025,TMRP.TA,2872.686698,1
15/03/2025,TMRP.TA,2825.798742,2
16/03/2025,TMRP.TA,2814.640832,3
17/03/2025,TMRP.TA,2807.840821,4
18/03/2025,TMRP.TA,2764.64555,5
19/03/2025,TMRP.TA,2761.260125,6
20/03/2025,TMRP.TA,2705.021199,7
21/03/2025,TMRP.TA,2685.135399,8
22/03/2025,TMRP.TA,2677.001326,9
23/03/2025,TMRP.TA,2649.472564,10
24/03/2025,TMRP.TA,2656.556752,11
25/03/2025,TMRP.TA,2674.15099,12
26/03/2025,TMRP.TA,2680.013458,13
27/03/2025,TMRP.TA,2593.363044,14
28/03/2025,TMRP.TA,2612.875384,15
29/03/2025,TMRP.TA,2571.563316,16
30/03/2025,TMRP.TA,2569.012543,17
31/03/2025,TMRP.TA,2531.713021,18
01/04/2025,TMRP.TA,2493.737622,19
02/04/2025,TMRP.TA,2486.291283,20
03/04/2025,TMRP.TA,2460.442211,21
04/04/2025,TMRP.TA,2427.139522,22
05/04/2025,TMRP.TA,2468.989022,23
06/04/2025,TMRP.TA,2540.579493,24
07/04/2025,TMRP.TA,2546.149136,25
08/04/2025,TMRP.TA,2519.677743,26
09/04/2025,TMRP.TA,2516.295024,27
10/04/2025,TMRP.TA,2465.045333,28
11/04/2025,TMRP.TA,2439.555357,29
12/04/2025,TMRP.TA,2391.215896,30
14/03/2025,TRA.TA,79.59876437,1
15/03/2025,TRA.TA,78.88719808,2
16/03/2025,TRA.TA,93.57556804,3
17/03/2025,TRA.TA,93.59521053,4
18/03/2025,TRA.TA,95.37508815,5
19/03/2025,TRA.TA,88.29633417,6
20/03/2025,TRA.TA,90.3910192,7
21/03/2025,TRA.TA,95.77796989,8
22/03/2025,TRA.TA,97.52225149,9
23/03/2025,TRA.TA,115.6803677,10
24/03/2025,TRA.TA,116.1055888,11
25/03/2025,TRA.TA,115.5273079,12
26/03/2025,TRA.TA,121.292951,13
27/03/2025,TRA.TA,119.8994709,14
28/03/2025,TRA.TA,123.98859,15
29/03/2025,TRA.TA,106.1754753,16
30/03/2025,TRA.TA,104.112284,17
31/03/2025,TRA.TA,123.4974286,18
01/04/2025,TRA.TA,123.6029584,19
02/04/2025,TRA.TA,123.7091969,20
03/04/2025,TRA.TA,116.3129096,21
04/04/2025,TRA.TA,119.9552489,22
05/04/2025,TRA.TA,122.1050597,23
06/04/2025,TRA.TA,132.0238681,24
07/04/2025,TRA.TA,139.6213405,25
08/04/2025,TRA.TA,142.4653393,26
09/04/2025,TRA.TA,140.8286192,27
10/04/2025,TRA.TA,143.8237192,28
11/04/2025,TRA.TA,140.1168633,29
12/04/2025,TRA.TA,144.5046236,30
14/03/2025,TATT.TA,7944.677645,1
15/03/2025,TATT.TA,7301.141964,2
16/03/2025,TATT.TA,7367.04337,3
17/03/2025,TATT.TA,7751.490638,4
18/03/2025,TATT.TA,7692.706197,5
19/03/2025,TATT.TA,8106.44541,6
20/03/2025,TATT.TA,8189.586317,7
21/03/2025,TATT.TA,7704.141526,8
22/03/2025,TATT.TA,7707.180739,9
23/03/2025,TATT.TA,7250.330955,10
24/03/2025,TATT.TA,7217.41516,11
25/03/2025,TATT.TA,7120.607158,12
26/03/2025,TATT.TA,7088.895389,13
27/03/2025,TATT.TA,7225.201993,14
28/03/2025,TATT.TA,7262.488411,15
29/03/2025,TATT.TA,7798.142129,16
30/03/2025,TATT.TA,7739.003901,17
31/03/2025,TATT.TA,7742.056866,18
01/04/2025,TATT.TA,7540.314269,19
02/04/2025,TATT.TA,7547.768672,20
03/04/2025,TATT.TA,7591.084897,21
04/04/2025,TATT.TA,7839.013637,22
05/04/2025,TATT.TA,7866.225754,23
06/04/2025,TATT.TA,6793.733816,24
07/04/2025,TATT.TA,6855.067018,25
08/04/2025,TATT.TA,6857.771278,26
09/04/2025,TATT.TA,6417.716972,27
10/04/2025,TATT.TA,6248.114295,28
11/04/2025,TATT.TA,6328.237377,29
12/04/2025,TATT.TA,6309.120685,30
14/03/2025,TAYA.TA,5945.887295,1
15/03/2025,TAYA.TA,5922.983449,2
16/03/2025,TAYA.TA,5933.105151,3
17/03/2025,TAYA.TA,6062.893138,4
18/03/2025,TAYA.TA,6068.296602,5
19/03/2025,TAYA.TA,6068.396371,6
20/03/2025,TAYA.TA,6058.289805,7
21/03/2025,TAYA.TA,5903.13663,8
22/03/2025,TAYA.TA,5843.660865,9
23/03/2025,TAYA.TA,5845.667276,10
24/03/2025,TAYA.TA,5681.638431,11
25/03/2025,TAYA.TA,5706.108058,12
26/03/2025,TAYA.TA,5733.319088,13
27/03/2025,TAYA.TA,5730.70354,14
28/03/2025,TAYA.TA,5471.401158,15
29/03/2025,TAYA.TA,5498.85428,16
30/03/2025,TAYA.TA,5503.755053,17
31/03/2025,TAYA.TA,5482.229241,18
01/04/2025,TAYA.TA,5509.736695,19
02/04/2025,TAYA.TA,5488.187488,20
03/04/2025,TAYA.TA,5520.743297,21
04/04/2025,TAYA.TA,5471.499921,22
05/04/2025,TAYA.TA,5450.100263,23
06/04/2025,TAYA.TA,5458.86881,24
07/04/2025,TAYA.TA,5453.046792,25
08/04/2025,TAYA.TA,5428.281337,26
09/04/2025,TAYA.TA,5408.311149,27
10/04/2025,TAYA.TA,5435.447713,28
11/04/2025,TAYA.TA,5444.192686,29
12/04/2025,TAYA.TA,5251.738796,30
14/03/2025,TNPV.TA,1454.460693,1
15/03/2025,TNPV.TA,1459.98185,2
16/03/2025,TNPV.TA,1480.028811,3
17/03/2025,TNPV.TA,1428.797835,4
18/03/2025,TNPV.TA,1521.926292,5
19/03/2025,TNPV.TA,1448.971692,6
20/03/2025,TNPV.TA,1448.797617,7
21/03/2025,TNPV.TA,1622.337389,8
22/03/2025,TNPV.TA,1679.742851,9
23/03/2025,TNPV.TA,1778.691715,10
24/03/2025,TNPV.TA,1777.020448,11
25/03/2025,TNPV.TA,1822.729588,12
26/03/2025,TNPV.TA,1856.813369,13
27/03/2025,TNPV.TA,1866.353715,14
28/03/2025,TNPV.TA,1835.856162,15
29/03/2025,TNPV.TA,1748.68103,16
30/03/2025,TNPV.TA,1801.051081,17
31/03/2025,TNPV.TA,1743.810035,18
01/04/2025,TNPV.TA,1703.984774,19
02/04/2025,TNPV.TA,1703.887459,20
03/04/2025,TNPV.TA,1787.960651,21
04/04/2025,TNPV.TA,1808.403451,22
05/04/2025,TNPV.TA,1899.849702,23
06/04/2025,TNPV.TA,2023.681127,24
07/04/2025,TNPV.TA,2266.081554,25
08/04/2025,TNPV.TA,2316.028929,26
09/04/2025,TNPV.TA,2328.355124,27
10/04/2025,TNPV.TA,2267.51043,28
11/04/2025,TNPV.TA,2255.83437,29
12/04/2025,TNPV.TA,2204.31546,30
14/03/2025,TECT.TA,378.4931744,1
15/03/2025,TECT.TA,361.554136,2
16/03/2025,TECT.TA,361.4565109,3
17/03/2025,TECT.TA,354.4462095,4
18/03/2025,TECT.TA,346.7621706,5
19/03/2025,TECT.TA,346.7331829,6
20/03/2025,TECT.TA,341.2546601,7
21/03/2025,TECT.TA,336.7839864,8
22/03/2025,TECT.TA,321.711596,9
23/03/2025,TECT.TA,318.2524599,10
24/03/2025,TECT.TA,316.8683993,11
25/03/2025,TECT.TA,315.0533812,12
26/03/2025,TECT.TA,310.618136,13
27/03/2025,TECT.TA,305.9308868,14
28/03/2025,TECT.TA,295.4644745,15
29/03/2025,TECT.TA,308.5619682,16
30/03/2025,TECT.TA,305.9668207,17
31/03/2025,TECT.TA,298.6471148,18
01/04/2025,TECT.TA,291.5025198,19
02/04/2025,TECT.TA,294.6263702,20
03/04/2025,TECT.TA,288.6573111,21
04/04/2025,TECT.TA,291.7506712,22
05/04/2025,TECT.TA,278.6936965,23
06/04/2025,TECT.TA,286.2273174,24
07/04/2025,TECT.TA,286.2033901,25
08/04/2025,TECT.TA,284.5640207,26
09/04/2025,TECT.TA,280.0677956,27
10/04/2025,TECT.TA,271.3585365,28
11/04/2025,TECT.TA,269.6716594,29
12/04/2025,TECT.TA,260.8004093,30
14/03/2025,TEDE.TA,486.4470159,1
15/03/2025,TEDE.TA,490.0430879,2
16/03/2025,TEDE.TA,490.9336872,3
17/03/2025,TEDE.TA,488.1944167,4
18/03/2025,TEDE.TA,479.6932474,5
19/03/2025,TEDE.TA,480.4122982,6
20/03/2025,TEDE.TA,480.8651639,7
21/03/2025,TEDE.TA,466.3476616,8
22/03/2025,TEDE.TA,467.1951971,9
23/03/2025,TEDE.TA,468.6774256,10
24/03/2025,TEDE.TA,444.9011345,11
25/03/2025,TEDE.TA,442.3119785,12
26/03/2025,TEDE.TA,453.4266769,13
27/03/2025,TEDE.TA,451.9177841,14
28/03/2025,TEDE.TA,433.1220022,15
29/03/2025,TEDE.TA,435.3612479,16
30/03/2025,TEDE.TA,430.3765912,17
31/03/2025,TEDE.TA,426.1604888,18
01/04/2025,TEDE.TA,404.5411078,19
02/04/2025,TEDE.TA,404.7196397,20
03/04/2025,TEDE.TA,410.6445983,21
04/04/2025,TEDE.TA,414.3481262,22
05/04/2025,TEDE.TA,419.270596,23
06/04/2025,TEDE.TA,417.2581674,24
07/04/2025,TEDE.TA,416.3456564,25
08/04/2025,TEDE.TA,431.4656624,26
09/04/2025,TEDE.TA,435.5992678,27
10/04/2025,TEDE.TA,436.5041646,28
11/04/2025,TEDE.TA,439.7310328,29
12/04/2025,TEDE.TA,439.7732101,30
14/03/2025,TFRLF.TA,2830.256322,1
15/03/2025,TFRLF.TA,2868.664825,2
16/03/2025,TFRLF.TA,2879.311307,3
17/03/2025,TFRLF.TA,2858.317785,4
18/03/2025,TFRLF.TA,2864.649943,5
19/03/2025,TFRLF.TA,2898.023609,6
20/03/2025,TFRLF.TA,2870.287924,7
21/03/2025,TFRLF.TA,2852.544039,8
22/03/2025,TFRLF.TA,2849.242694,9
23/03/2025,TFRLF.TA,2869.793524,10
24/03/2025,TFRLF.TA,2869.638472,11
25/03/2025,TFRLF.TA,2670.891744,12
26/03/2025,TFRLF.TA,2640.444247,13
27/03/2025,TFRLF.TA,2696.449716,14
28/03/2025,TFRLF.TA,2648.575603,15
29/03/2025,TFRLF.TA,2679.431965,16
30/03/2025,TFRLF.TA,2638.518924,17
31/03/2025,TFRLF.TA,2662.894787,18
01/04/2025,TFRLF.TA,2660.843152,19
02/04/2025,TFRLF.TA,2669.591471,20
03/04/2025,TFRLF.TA,2705.819642,21
04/04/2025,TFRLF.TA,2518.418752,22
05/04/2025,TFRLF.TA,2576.312497,23
06/04/2025,TFRLF.TA,2547.061905,24
07/04/2025,TFRLF.TA,2546.228553,25
08/04/2025,TFRLF.TA,2546.46046,26
09/04/2025,TFRLF.TA,2530.921942,27
10/04/2025,TFRLF.TA,2541.196996,28
11/04/2025,TFRLF.TA,2560.701762,29
12/04/2025,TFRLF.TA,2593.645454,30
14/03/2025,TLSY.TA,17177.96419,1
15/03/2025,TLSY.TA,17004.95839,2
16/03/2025,TLSY.TA,16208.27353,3
17/03/2025,TLSY.TA,16064.70402,4
18/03/2025,TLSY.TA,15711.15994,5
19/03/2025,TLSY.TA,15448.42057,6
20/03/2025,TLSY.TA,15541.43507,7
21/03/2025,TLSY.TA,16120.72288,8
22/03/2025,TLSY.TA,15340.87824,9
23/03/2025,TLSY.TA,15282.38851,10
24/03/2025,TLSY.TA,15239.76492,11
25/03/2025,TLSY.TA,15283.99436,12
26/03/2025,TLSY.TA,15031.03415,13
27/03/2025,TLSY.TA,15111.73158,14
28/03/2025,TLSY.TA,14826.61833,15
29/03/2025,TLSY.TA,14866.20764,16
30/03/2025,TLSY.TA,15547.91101,17
31/03/2025,TLSY.TA,15727.09044,18
01/04/2025,TLSY.TA,15485.43891,19
02/04/2025,TLSY.TA,16485.2838,20
03/04/2025,TLSY.TA,16711.56209,21
04/04/2025,TLSY.TA,16813.21986,22
05/04/2025,TLSY.TA,16025.51797,23
06/04/2025,TLSY.TA,16789.43128,24
07/04/2025,TLSY.TA,16897.53569,25
08/04/2025,TLSY.TA,16781.0325,26
09/04/2025,TLSY.TA,16481.15561,27
10/04/2025,TLSY.TA,16786.66103,28
11/04/2025,TLSY.TA,16992.88007,29
12/04/2025,TLSY.TA,17039.69453,30
14/03/2025,TRLT.TA,906.6146421,1
15/03/2025,TRLT.TA,908.2143046,2
16/03/2025,TRLT.TA,915.5739192,3
17/03/2025,TRLT.TA,914.0783842,4
18/03/2025,TRLT.TA,914.9908889,5
19/03/2025,TRLT.TA,909.7539831,6
20/03/2025,TRLT.TA,930.5039841,7
21/03/2025,TRLT.TA,919.493767,8
22/03/2025,TRLT.TA,914.8945384,9
23/03/2025,TRLT.TA,909.658184,10
24/03/2025,TRLT.TA,915.3805863,11
25/03/2025,TRLT.TA,942.4483251,12
26/03/2025,TRLT.TA,941.1518449,13
27/03/2025,TRLT.TA,985.8174005,14
28/03/2025,TRLT.TA,999.1479832,15
29/03/2025,TRLT.TA,996.3107863,16
30/03/2025,TRLT.TA,982.6608117,17
31/03/2025,TRLT.TA,990.6236953,18
01/04/2025,TRLT.TA,977.6323122,19
02/04/2025,TRLT.TA,976.8335033,20
03/04/2025,TRLT.TA,937.3546747,21
04/04/2025,TRLT.TA,930.9655969,22
05/04/2025,TRLT.TA,924.6200675,23
06/04/2025,TRLT.TA,921.0150135,24
07/04/2025,TRLT.TA,932.787091,25
08/04/2025,TRLT.TA,935.110864,26
09/04/2025,TRLT.TA,939.1011369,27
10/04/2025,TRLT.TA,947.8767118,28
11/04/2025,TRLT.TA,935.4459275,29
12/04/2025,TRLT.TA,931.7986638,30
14/03/2025,TRX.TA,541.6709718,1
15/03/2025,TRX.TA,537.9117648,2
16/03/2025,TRX.TA,549.9956278,3
17/03/2025,TRX.TA,556.4296525,4
18/03/2025,TRX.TA,509.7539632,5
19/03/2025,TRX.TA,518.667403,6
20/03/2025,TRX.TA,515.4882881,7
21/03/2025,TRX.TA,523.9168115,8
22/03/2025,TRX.TA,525.8074688,9
23/03/2025,TRX.TA,553.0291821,10
24/03/2025,TRX.TA,559.4986942,11
25/03/2025,TRX.TA,562.1154557,12
26/03/2025,TRX.TA,553.6511847,13
27/03/2025,TRX.TA,547.9161185,14
28/03/2025,TRX.TA,561.755432,15
29/03/2025,TRX.TA,514.6329937,16
30/03/2025,TRX.TA,512.8086804,17
31/03/2025,TRX.TA,510.9908341,18
01/04/2025,TRX.TA,524.0225607,19
02/04/2025,TRX.TA,528.7986318,20
03/04/2025,TRX.TA,538.0450823,21
04/04/2025,TRX.TA,551.6350723,22
05/04/2025,TRX.TA,565.7033431,23
06/04/2025,TRX.TA,578.4115271,24
07/04/2025,TRX.TA,582.0948624,25
08/04/2025,TRX.TA,590.9307787,26
09/04/2025,TRX.TA,545.8637401,27
10/04/2025,TRX.TA,538.7896486,28
11/04/2025,TRX.TA,535.6004597,29
12/04/2025,TRX.TA,544.9658454,30
14/03/2025,TUZA.TA,54.52676716,1
15/03/2025,TUZA.TA,71.16599623,2
16/03/2025,TUZA.TA,71.62754085,3
17/03/2025,TUZA.TA,71.52508758,4
18/03/2025,TUZA.TA,71.20829445,5
19/03/2025,TUZA.TA,71.84878017,6
20/03/2025,TUZA.TA,71.61957823,7
21/03/2025,TUZA.TA,72.82569989,8
22/03/2025,TUZA.TA,72.78686079,9
23/03/2025,TUZA.TA,67.38172933,10
24/03/2025,TUZA.TA,69.19924128,11
25/03/2025,TUZA.TA,70.74452256,12
26/03/2025,TUZA.TA,42.7909533,13
27/03/2025,TUZA.TA,42.81440674,14
28/03/2025,TUZA.TA,43.15472417,15
29/03/2025,TUZA.TA,39.85702221,16
30/03/2025,TUZA.TA,40.09907296,17
31/03/2025,TUZA.TA,40.18710661,18
01/04/2025,TUZA.TA,38.08129642,19
02/04/2025,TUZA.TA,38.13575518,20
03/04/2025,TUZA.TA,35.22158165,21
04/04/2025,TUZA.TA,34.35803003,22
05/04/2025,TUZA.TA,34.49980296,23
06/04/2025,TUZA.TA,35.56445936,24
07/04/2025,TUZA.TA,36.67524971,25
08/04/2025,TUZA.TA,38.30341284,26
09/04/2025,TUZA.TA,37.46022107,27
10/04/2025,TUZA.TA,37.54310512,28
11/04/2025,TUZA.TA,35.57584099,29
12/04/2025,TUZA.TA,34.97516674,30
14/03/2025,TEVA.TA,6137.663131,1
15/03/2025,TEVA.TA,6285.821793,2
16/03/2025,TEVA.TA,6404.010164,3
17/03/2025,TEVA.TA,6301.622608,4
18/03/2025,TEVA.TA,6212.996507,5
19/03/2025,TEVA.TA,6522.283971,6
20/03/2025,TEVA.TA,6541.279641,7
21/03/2025,TEVA.TA,6434.413412,8
22/03/2025,TEVA.TA,6587.006651,9
23/03/2025,TEVA.TA,6781.612475,10
24/03/2025,TEVA.TA,6911.603039,11
25/03/2025,TEVA.TA,6975.335591,12
26/03/2025,TEVA.TA,7076.532027,13
27/03/2025,TEVA.TA,7247.354292,14
28/03/2025,TEVA.TA,7196.617683,15
29/03/2025,TEVA.TA,6991.137758,16
30/03/2025,TEVA.TA,6887.796509,17
31/03/2025,TEVA.TA,6750.179528,18
01/04/2025,TEVA.TA,6736.746901,19
02/04/2025,TEVA.TA,6544.397341,20
03/04/2025,TEVA.TA,6587.691829,21
04/04/2025,TEVA.TA,6622.162474,22
05/04/2025,TEVA.TA,6656.640575,23
06/04/2025,TEVA.TA,6504.916975,24
07/04/2025,TEVA.TA,6518.166904,25
08/04/2025,TEVA.TA,6476.712273,26
09/04/2025,TEVA.TA,6323.72126,27
10/04/2025,TEVA.TA,6329.375569,28
11/04/2025,TEVA.TA,6477.073171,29
12/04/2025,TEVA.TA,6455.865788,30
14/03/2025,TGI.TA,211.9543223,1
15/03/2025,TGI.TA,222.0005782,2
16/03/2025,TGI.TA,224.4728861,3
17/03/2025,TGI.TA,225.1846091,4
18/03/2025,TGI.TA,223.7136667,5
19/03/2025,TGI.TA,223.1660612,6
20/03/2025,TGI.TA,222.9268599,7
21/03/2025,TGI.TA,219.9462916,8
22/03/2025,TGI.TA,227.3160266,9
23/03/2025,TGI.TA,232.1739082,10
24/03/2025,TGI.TA,234.9844702,11
25/03/2025,TGI.TA,232.2412851,12
26/03/2025,TGI.TA,232.3470198,13
27/03/2025,TGI.TA,220.7632393,14
28/03/2025,TGI.TA,222.2894105,15
29/03/2025,TGI.TA,222.1598913,16
30/03/2025,TGI.TA,211.0839952,17
31/03/2025,TGI.TA,213.5711281,18
01/04/2025,TGI.TA,216.031361,19
02/04/2025,TGI.TA,213.5094326,20
03/04/2025,TGI.TA,213.7726225,21
04/04/2025,TGI.TA,213.2493506,22
05/04/2025,TGI.TA,207.5782078,23
06/04/2025,TGI.TA,208.2587917,24
07/04/2025,TGI.TA,205.9925055,25
08/04/2025,TGI.TA,206.6456337,26
09/04/2025,TGI.TA,205.7691949,27
10/04/2025,TGI.TA,206.0376994,28
11/04/2025,TGI.TA,212.1528226,29
12/04/2025,TGI.TA,212.8484053,30
14/03/2025,ILCO.TA,105230.4301,1
15/03/2025,ILCO.TA,102414.581,2
16/03/2025,ILCO.TA,100720.7812,3
17/03/2025,ILCO.TA,101754.1753,4
18/03/2025,ILCO.TA,106485.4671,5
19/03/2025,ILCO.TA,109344.6025,6
20/03/2025,ILCO.TA,113556.3245,7
21/03/2025,ILCO.TA,114689.6885,8
22/03/2025,ILCO.TA,118333.9065,9
23/03/2025,ILCO.TA,119112.1155,10
24/03/2025,ILCO.TA,119535.7513,11
25/03/2025,ILCO.TA,125857.2304,12
26/03/2025,ILCO.TA,127148.5242,13
27/03/2025,ILCO.TA,129854.0475,14
28/03/2025,ILCO.TA,134192.4433,15
29/03/2025,ILCO.TA,131973.0803,16
30/03/2025,ILCO.TA,128485.3956,17
31/03/2025,ILCO.TA,131219.3653,18
01/04/2025,ILCO.TA,136111.5053,19
02/04/2025,ILCO.TA,135836.6877,20
03/04/2025,ILCO.TA,138414.0254,21
04/04/2025,ILCO.TA,137932.0469,22
05/04/2025,ILCO.TA,139229.5731,23
06/04/2025,ILCO.TA,141138.9635,24
07/04/2025,ILCO.TA,144072.8512,25
08/04/2025,ILCO.TA,143781.9591,26
09/04/2025,ILCO.TA,144293.336,27
10/04/2025,ILCO.TA,141729.3003,28
11/04/2025,ILCO.TA,136991.1682,29
12/04/2025,ILCO.TA,137016.7982,30
14/03/2025,TMIS.TA,1321.35569,1
15/03/2025,TMIS.TA,1333.981839,2
16/03/2025,TMIS.TA,1233.816573,3
17/03/2025,TMIS.TA,1233.931274,4
18/03/2025,TMIS.TA,1387.193686,5
19/03/2025,TMIS.TA,1464.416336,6
20/03/2025,TMIS.TA,1464.603593,7
21/03/2025,TMIS.TA,1537.144405,8
22/03/2025,TMIS.TA,1629.979469,9
23/03/2025,TMIS.TA,1639.617776,10
24/03/2025,TMIS.TA,1640.730354,11
25/03/2025,TMIS.TA,1518.155919,12
26/03/2025,TMIS.TA,1471.708929,13
27/03/2025,TMIS.TA,1471.845745,14
28/03/2025,TMIS.TA,1520.481835,15
29/03/2025,TMIS.TA,2033.09822,16
30/03/2025,TMIS.TA,2066.988209,17
31/03/2025,TMIS.TA,1980.260571,18
01/04/2025,TMIS.TA,2044.327981,19
02/04/2025,TMIS.TA,2298.247016,20
03/04/2025,TMIS.TA,2408.775125,21
04/04/2025,TMIS.TA,2468.885822,22
05/04/2025,TMIS.TA,2670.859623,23
06/04/2025,TMIS.TA,2913.533416,24
07/04/2025,TMIS.TA,2695.445747,25
08/04/2025,TMIS.TA,2472.513756,26
09/04/2025,TMIS.TA,2460.665892,27
10/04/2025,TMIS.TA,2542.975633,28
11/04/2025,TMIS.TA,2517.726353,29
12/04/2025,TMIS.TA,2516.838206,30
14/03/2025,THES.TA,560.7661451,1
15/03/2025,THES.TA,569.6638861,2
16/03/2025,THES.TA,523.2948172,3
17/03/2025,THES.TA,557.5659581,4
18/03/2025,THES.TA,582.2061775,5
19/03/2025,THES.TA,601.5985373,6
20/03/2025,THES.TA,614.8858771,7
21/03/2025,THES.TA,616.358424,8
22/03/2025,THES.TA,620.9374329,9
23/03/2025,THES.TA,619.8615898,10
24/03/2025,THES.TA,707.3713815,11
25/03/2025,THES.TA,696.4030117,12
26/03/2025,THES.TA,677.984298,13
27/03/2025,THES.TA,675.7844808,14
28/03/2025,THES.TA,647.8097611,15
29/03/2025,THES.TA,650.743411,16
30/03/2025,THES.TA,646.6900852,17
31/03/2025,THES.TA,660.2721431,18
01/04/2025,THES.TA,632.8421093,19
02/04/2025,THES.TA,615.3672514,20
03/04/2025,THES.TA,648.7023297,21
04/04/2025,THES.TA,647.9614358,22
05/04/2025,THES.TA,646.909423,23
06/04/2025,THES.TA,611.832643,24
07/04/2025,THES.TA,615.1998615,25
08/04/2025,THES.TA,585.7162642,26
09/04/2025,THES.TA,584.6229843,27
10/04/2025,THES.TA,579.9546336,28
11/04/2025,THES.TA,538.5527029,29
12/04/2025,THES.TA,545.0906797,30
14/03/2025,TIGBUR.TA,5796.600937,1
15/03/2025,TIGBUR.TA,5242.42566,2
16/03/2025,TIGBUR.TA,5196.511959,3
17/03/2025,TIGBUR.TA,5115.567104,4
18/03/2025,TIGBUR.TA,5260.041279,5
19/03/2025,TIGBUR.TA,5076.747108,6
20/03/2025,TIGBUR.TA,5040.969701,7
21/03/2025,TIGBUR.TA,5144.712686,8
22/03/2025,TIGBUR.TA,5172.404041,9
23/03/2025,TIGBUR.TA,5139.696963,10
24/03/2025,TIGBUR.TA,5319.468474,11
25/03/2025,TIGBUR.TA,5243.812681,12
26/03/2025,TIGBUR.TA,5198.701117,13
27/03/2025,TIGBUR.TA,5122.111709,14
28/03/2025,TIGBUR.TA,5142.035098,15
29/03/2025,TIGBUR.TA,5066.280517,16
30/03/2025,TIGBUR.TA,5067.562764,17
31/03/2025,TIGBUR.TA,4890.975801,18
01/04/2025,TIGBUR.TA,4811.619739,19
02/04/2025,TIGBUR.TA,4736.67026,20
03/04/2025,TIGBUR.TA,4759.885751,21
04/04/2025,TIGBUR.TA,4718.937322,22
05/04/2025,TIGBUR.TA,4651.897849,23
06/04/2025,TIGBUR.TA,4778.225469,24
07/04/2025,TIGBUR.TA,4796.81125,25
08/04/2025,TIGBUR.TA,4815.469324,26
09/04/2025,TIGBUR.TA,4805.628827,27
10/04/2025,TIGBUR.TA,5012.192854,28
11/04/2025,TIGBUR.TA,5187.504645,29
12/04/2025,TIGBUR.TA,5410.230005,30
14/03/2025,TIGI.TA,687.3880011,1
15/03/2025,TIGI.TA,646.4266166,2
16/03/2025,TIGI.TA,727.6973161,3
17/03/2025,TIGI.TA,695.7417284,4
18/03/2025,TIGI.TA,705.1165566,5
19/03/2025,TIGI.TA,708.6666055,6
20/03/2025,TIGI.TA,709.7265984,7
21/03/2025,TIGI.TA,670.4172403,8
22/03/2025,TIGI.TA,661.5592832,9
23/03/2025,TIGI.TA,667.4943461,10
24/03/2025,TIGI.TA,698.0772904,11
25/03/2025,TIGI.TA,683.1567591,12
26/03/2025,TIGI.TA,600.1462627,13
27/03/2025,TIGI.TA,597.1366049,14
28/03/2025,TIGI.TA,610.2095831,15
29/03/2025,TIGI.TA,609.2506882,16
30/03/2025,TIGI.TA,582.4964823,17
31/03/2025,TIGI.TA,548.1886612,18
01/04/2025,TIGI.TA,561.6919334,19
02/04/2025,TIGI.TA,544.4694327,20
03/04/2025,TIGI.TA,548.9781885,21
04/04/2025,TIGI.TA,553.5277669,22
05/04/2025,TIGI.TA,580.8225851,23
06/04/2025,TIGI.TA,515.0248741,24
07/04/2025,TIGI.TA,579.7753511,25
08/04/2025,TIGI.TA,587.6312564,26
09/04/2025,TIGI.TA,531.9696785,27
10/04/2025,TIGI.TA,663.2964021,28
11/04/2025,TIGI.TA,654.5325298,29
12/04/2025,TIGI.TA,644.0352651,30
14/03/2025,TKUN.TA,33.78963897,1
15/03/2025,TKUN.TA,33.19035511,2
16/03/2025,TKUN.TA,31.76460231,3
17/03/2025,TKUN.TA,32.2675892,4
18/03/2025,TKUN.TA,32.22989175,5
19/03/2025,TKUN.TA,31.7663494,6
20/03/2025,TKUN.TA,31.27175557,7
21/03/2025,TKUN.TA,30.2147572,8
22/03/2025,TKUN.TA,28.61602878,9
23/03/2025,TKUN.TA,28.18786152,10
24/03/2025,TKUN.TA,26.26190368,11
25/03/2025,TKUN.TA,25.31693194,12
26/03/2025,TKUN.TA,26.42046491,13
27/03/2025,TKUN.TA,27.06700656,14
28/03/2025,TKUN.TA,23.93807124,15
29/03/2025,TKUN.TA,22.9255301,16
30/03/2025,TKUN.TA,23.85142803,17
31/03/2025,TKUN.TA,23.28850834,18
01/04/2025,TKUN.TA,23.64030383,19
02/04/2025,TKUN.TA,24.92744975,20
03/04/2025,TKUN.TA,26.37701144,21
04/04/2025,TKUN.TA,26.6716203,22
05/04/2025,TKUN.TA,27.74881232,23
06/04/2025,TKUN.TA,26.75033773,24
07/04/2025,TKUN.TA,29.02966448,25
08/04/2025,TKUN.TA,26.62383667,26
09/04/2025,TKUN.TA,25.03967614,27
10/04/2025,TKUN.TA,26.05095851,28
11/04/2025,TKUN.TA,25.84189667,29
12/04/2025,TKUN.TA,25.43954504,30
14/03/2025,TTAM.TA,715.8044131,1
15/03/2025,TTAM.TA,716.842763,2
16/03/2025,TTAM.TA,721.5916928,3
17/03/2025,TTAM.TA,724.9829162,4
18/03/2025,TTAM.TA,723.8289326,5
19/03/2025,TTAM.TA,722.5385563,6
20/03/2025,TTAM.TA,711.2201274,7
21/03/2025,TTAM.TA,699.3372599,8
22/03/2025,TTAM.TA,715.3881493,9
23/03/2025,TTAM.TA,718.0115117,10
24/03/2025,TTAM.TA,720.9715217,11
25/03/2025,TTAM.TA,705.8482685,12
26/03/2025,TTAM.TA,707.0937609,13
27/03/2025,TTAM.TA,711.7781057,14
28/03/2025,TTAM.TA,712.5127302,15
29/03/2025,TTAM.TA,716.9685545,16
30/03/2025,TTAM.TA,737.7323711,17
31/03/2025,TTAM.TA,746.6660667,18
01/04/2025,TTAM.TA,739.981361,19
02/04/2025,TTAM.TA,738.859371,20
03/04/2025,TTAM.TA,740.0489572,21
04/04/2025,TTAM.TA,743.5269232,22
05/04/2025,TTAM.TA,744.6054875,23
06/04/2025,TTAM.TA,737.8552715,24
07/04/2025,TTAM.TA,745.5048178,25
08/04/2025,TTAM.TA,740.3035456,26
09/04/2025,TTAM.TA,750.6020226,27
10/04/2025,TTAM.TA,736.0633683,28
11/04/2025,TTAM.TA,731.0363487,29
12/04/2025,TTAM.TA,710.9990615,30
14/03/2025,TGTR.TA,471.6644801,1
15/03/2025,TGTR.TA,433.5143886,2
16/03/2025,TGTR.TA,400.8259674,3
17/03/2025,TGTR.TA,397.941521,4
18/03/2025,TGTR.TA,392.5080133,5
19/03/2025,TGTR.TA,383.5998852,6
20/03/2025,TGTR.TA,383.7880317,7
21/03/2025,TGTR.TA,377.4654567,8
22/03/2025,TGTR.TA,367.0345132,9
23/03/2025,TGTR.TA,356.2245567,10
24/03/2025,TGTR.TA,342.9384124,11
25/03/2025,TGTR.TA,334.9874315,12
26/03/2025,TGTR.TA,330.7887763,13
27/03/2025,TGTR.TA,360.9883774,14
28/03/2025,TGTR.TA,372.0032391,15
29/03/2025,TGTR.TA,353.9998601,16
30/03/2025,TGTR.TA,349.8862326,17
31/03/2025,TGTR.TA,342.1563857,18
01/04/2025,TGTR.TA,328.103618,19
02/04/2025,TGTR.TA,330.9887748,20
03/04/2025,TGTR.TA,323.4768507,21
04/04/2025,TGTR.TA,316.740612,22
05/04/2025,TGTR.TA,317.1066805,23
06/04/2025,TGTR.TA,323.8565084,24
07/04/2025,TGTR.TA,324.8161736,25
08/04/2025,TGTR.TA,311.087379,26
09/04/2025,TGTR.TA,305.1570633,27
10/04/2025,TGTR.TA,308.766274,28
11/04/2025,TGTR.TA,315.3385707,29
12/04/2025,TGTR.TA,318.0324154,30
14/03/2025,TOEN.TA,2195.646476,1
15/03/2025,TOEN.TA,2161.386205,2
16/03/2025,TOEN.TA,2156.563873,3
17/03/2025,TOEN.TA,2189.473991,4
18/03/2025,TOEN.TA,2199.963553,5
19/03/2025,TOEN.TA,2258.637477,6
20/03/2025,TOEN.TA,2223.674486,7
21/03/2025,TOEN.TA,2296.853656,8
22/03/2025,TOEN.TA,2373.059849,9
23/03/2025,TOEN.TA,2349.357707,10
24/03/2025,TOEN.TA,2359.647336,11
25/03/2025,TOEN.TA,2386.148847,12
26/03/2025,TOEN.TA,2362.21303,13
27/03/2025,TOEN.TA,2361.269242,14
28/03/2025,TOEN.TA,2345.458894,15
29/03/2025,TOEN.TA,2374.005103,16
30/03/2025,TOEN.TA,2405.826721,17
31/03/2025,TOEN.TA,2357.350112,18
01/04/2025,TOEN.TA,2434.928429,19
02/04/2025,TOEN.TA,2445.152608,20
03/04/2025,TOEN.TA,2226.045674,21
04/04/2025,TOEN.TA,2163.177134,22
05/04/2025,TOEN.TA,2201.204268,23
06/04/2025,TOEN.TA,2206.368724,24
07/04/2025,TOEN.TA,2213.423083,25
08/04/2025,TOEN.TA,2213.704553,26
09/04/2025,TOEN.TA,2272.336588,27
10/04/2025,TOEN.TA,2266.703905,28
11/04/2025,TOEN.TA,2231.616048,29
12/04/2025,TOEN.TA,2294.405302,30
14/03/2025,TNDO.TA,405.1487197,1
15/03/2025,TNDO.TA,422.2230715,2
16/03/2025,TNDO.TA,421.7957024,3
17/03/2025,TNDO.TA,438.0773986,4
18/03/2025,TNDO.TA,441.5133443,5
19/03/2025,TNDO.TA,441.5020878,6
20/03/2025,TNDO.TA,448.7081605,7
21/03/2025,TNDO.TA,467.618256,8
22/03/2025,TNDO.TA,485.6687442,9
23/03/2025,TNDO.TA,470.1653135,10
24/03/2025,TNDO.TA,423.512664,11
25/03/2025,TNDO.TA,460.2992917,12
26/03/2025,TNDO.TA,459.0147414,13
27/03/2025,TNDO.TA,459.2279191,14
28/03/2025,TNDO.TA,465.8270411,15
29/03/2025,TNDO.TA,473.3018696,16
30/03/2025,TNDO.TA,426.337992,17
31/03/2025,TNDO.TA,416.2923724,18
01/04/2025,TNDO.TA,417.7714515,19
02/04/2025,TNDO.TA,401.9505935,20
03/04/2025,TNDO.TA,401.8427492,21
04/04/2025,TNDO.TA,392.7022765,22
05/04/2025,TNDO.TA,393.6122489,23
06/04/2025,TNDO.TA,391.7959283,24
07/04/2025,TNDO.TA,392.8142364,25
08/04/2025,TNDO.TA,392.7468059,26
09/04/2025,TNDO.TA,393.0470916,27
10/04/2025,TNDO.TA,409.6114394,28
11/04/2025,TNDO.TA,409.804458,29
12/04/2025,TNDO.TA,411.4657226,30
14/03/2025,TOPS.TA,1272.738404,1
15/03/2025,TOPS.TA,1278.746415,2
16/03/2025,TOPS.TA,1293.765877,3
17/03/2025,TOPS.TA,1271.974838,4
18/03/2025,TOPS.TA,1283.698108,5
19/03/2025,TOPS.TA,1269.581262,6
20/03/2025,TOPS.TA,1276.911741,7
21/03/2025,TOPS.TA,1313.074307,8
22/03/2025,TOPS.TA,1346.25993,9
23/03/2025,TOPS.TA,1358.596229,10
24/03/2025,TOPS.TA,1366.440675,11
25/03/2025,TOPS.TA,1367.660387,12
26/03/2025,TOPS.TA,1391.608372,13
27/03/2025,TOPS.TA,1455.133142,14
28/03/2025,TOPS.TA,1427.199817,15
29/03/2025,TOPS.TA,1438.713858,16
30/03/2025,TOPS.TA,1431.904692,17
31/03/2025,TOPS.TA,1440.65053,18
01/04/2025,TOPS.TA,1450.866735,19
02/04/2025,TOPS.TA,1453.455854,20
03/04/2025,TOPS.TA,1447.450578,21
04/04/2025,TOPS.TA,1438.728105,22
05/04/2025,TOPS.TA,1433.95156,23
06/04/2025,TOPS.TA,1431.923551,24
07/04/2025,TOPS.TA,1436.851497,25
08/04/2025,TOPS.TA,1438.912211,26
09/04/2025,TOPS.TA,1447.593565,27
10/04/2025,TOPS.TA,1440.508827,28
11/04/2025,TOPS.TA,1441.428693,29
12/04/2025,TOPS.TA,1458.358933,30
14/03/2025,TSEM.TA,12975.73669,1
15/03/2025,TSEM.TA,13132.19122,2
16/03/2025,TSEM.TA,13468.06532,3
17/03/2025,TSEM.TA,13503.81645,4
18/03/2025,TSEM.TA,13792.43856,5
19/03/2025,TSEM.TA,13687.25823,6
20/03/2025,TSEM.TA,13723.59121,7
21/03/2025,TSEM.TA,13830.57761,8
22/03/2025,TSEM.TA,13287.54663,9
23/03/2025,TSEM.TA,13161.65267,10
24/03/2025,TSEM.TA,13325.23748,11
25/03/2025,TSEM.TA,13329.34397,12
26/03/2025,TSEM.TA,13345.59836,13
27/03/2025,TSEM.TA,13625.47438,14
28/03/2025,TSEM.TA,13343.61831,15
29/03/2025,TSEM.TA,13641.95267,16
30/03/2025,TSEM.TA,13845.94431,17
31/03/2025,TSEM.TA,14034.74455,18
01/04/2025,TSEM.TA,13483.69734,19
02/04/2025,TSEM.TA,13395.20617,20
03/04/2025,TSEM.TA,13584.61596,21
04/04/2025,TSEM.TA,13885.03514,22
05/04/2025,TSEM.TA,14013.56228,23
06/04/2025,TSEM.TA,14103.12696,24
07/04/2025,TSEM.TA,14107.47317,25
08/04/2025,TSEM.TA,13636.42006,26
09/04/2025,TSEM.TA,13419.77024,27
10/04/2025,TSEM.TA,13436.13491,28
11/04/2025,TSEM.TA,12964.54949,29
12/04/2025,TSEM.TA,13302.03829,30
14/03/2025,TRAN.TA,81.20084804,1
15/03/2025,TRAN.TA,77.15223993,2
16/03/2025,TRAN.TA,72.2389787,3
17/03/2025,TRAN.TA,69.48533022,4
18/03/2025,TRAN.TA,69.0004924,5
19/03/2025,TRAN.TA,67.37234913,6
20/03/2025,TRAN.TA,68.8297395,7
21/03/2025,TRAN.TA,67.20562533,8
22/03/2025,TRAN.TA,73.96185689,9
23/03/2025,TRAN.TA,72.2289638,10
24/03/2025,TRAN.TA,73.12785197,11
25/03/2025,TRAN.TA,74.71629286,12
26/03/2025,TRAN.TA,72.62567109,13
27/03/2025,TRAN.TA,79.84895191,14
28/03/2025,TRAN.TA,81.79442433,15
29/03/2025,TRAN.TA,80.25353211,16
30/03/2025,TRAN.TA,81.12867,17
31/03/2025,TRAN.TA,76.92894552,18
01/04/2025,TRAN.TA,74.3009727,19
02/04/2025,TRAN.TA,79.41496832,20
03/04/2025,TRAN.TA,78.68211571,21
04/04/2025,TRAN.TA,75.95297997,22
05/04/2025,TRAN.TA,75.65883175,23
06/04/2025,TRAN.TA,81.52620838,24
07/04/2025,TRAN.TA,83.2897733,25
08/04/2025,TRAN.TA,78.97817667,26
09/04/2025,TRAN.TA,78.36251769,27
10/04/2025,TRAN.TA,77.61892528,28
11/04/2025,TRAN.TA,79.93855119,29
12/04/2025,TRAN.TA,80.84118886,30
14/03/2025,TSG.TA,16853.12,1
15/03/2025,TSG.TA,16820.62114,2
16/03/2025,TSG.TA,16814.25532,3
17/03/2025,TSG.TA,16837.29442,4
18/03/2025,TSG.TA,16844.66635,5
19/03/2025,TSG.TA,16859.83113,6
20/03/2025,TSG.TA,16853.45046,7
21/03/2025,TSG.TA,16850.90846,8
22/03/2025,TSG.TA,16832.84977,9
23/03/2025,TSG.TA,16838.60022,10
24/03/2025,TSG.TA,16836.06046,11
25/03/2025,TSG.TA,16841.81201,12
26/03/2025,TSG.TA,16831.61964,13
27/03/2025,TSG.TA,16838.98909,14
28/03/2025,TSG.TA,16836.44926,15
29/03/2025,TSG.TA,16859.51877,16
30/03/2025,TSG.TA,16893.64608,17
31/03/2025,TSG.TA,16901.04269,18
01/04/2025,TSG.TA,16908.44254,19
02/04/2025,TSG.TA,16915.84562,20
03/04/2025,TSG.TA,16921.62443,21
04/04/2025,TSG.TA,16919.07214,22
05/04/2025,TSG.TA,16916.52024,23
06/04/2025,TSG.TA,16913.96872,24
07/04/2025,TSG.TA,16929.19589,25
08/04/2025,TSG.TA,16896.55033,26
09/04/2025,TSG.TA,16919.70219,27
10/04/2025,TSG.TA,16934.93452,28
11/04/2025,TSG.TA,16958.13897,29
12/04/2025,TSG.TA,16939.96537,30
14/03/2025,TURB.TA,1000.070497,1
15/03/2025,TURB.TA,1022.793063,2
16/03/2025,TURB.TA,1003.434617,3
17/03/2025,TURB.TA,969.0965888,4
18/03/2025,TURB.TA,933.0778662,5
19/03/2025,TURB.TA,900.6886284,6
20/03/2025,TURB.TA,867.2124463,7
21/03/2025,TURB.TA,850.4789376,8
22/03/2025,TURB.TA,871.3160451,9
23/03/2025,TURB.TA,856.7019407,10
24/03/2025,TURB.TA,883.5810675,11
25/03/2025,TURB.TA,873.4188601,12
26/03/2025,TURB.TA,857.7041649,13
27/03/2025,TURB.TA,865.6937909,14
28/03/2025,TURB.TA,898.0544943,15
29/03/2025,TURB.TA,891.4683987,16
30/03/2025,TURB.TA,899.9817294,17
31/03/2025,TURB.TA,936.8978336,18
01/04/2025,TURB.TA,964.4281546,19
02/04/2025,TURB.TA,986.340892,20
03/04/2025,TURB.TA,955.3212816,21
04/04/2025,TURB.TA,1005.250839,22
05/04/2025,TURB.TA,1047.118839,23
06/04/2025,TURB.TA,1057.118598,24
07/04/2025,TURB.TA,1039.38813,25
08/04/2025,TURB.TA,1060.756448,26
09/04/2025,TURB.TA,1086.745447,27
10/04/2025,TURB.TA,1062.333795,28
11/04/2025,TURB.TA,1028.92427,29
12/04/2025,TURB.TA,1011.666689,30
14/03/2025,TRPZ.TA,2606.156225,1
15/03/2025,TRPZ.TA,2599.696246,2
16/03/2025,TRPZ.TA,2616.345982,3
17/03/2025,TRPZ.TA,2613.795035,4
18/03/2025,TRPZ.TA,2616.959774,5
19/03/2025,TRPZ.TA,2579.72864,6
20/03/2025,TRPZ.TA,2573.606516,7
21/03/2025,TRPZ.TA,2523.773279,8
22/03/2025,TRPZ.TA,2516.388214,9
23/03/2025,TRPZ.TA,2547.888319,10
24/03/2025,TRPZ.TA,2534.663003,11
25/03/2025,TRPZ.TA,2485.583836,12
26/03/2025,TRPZ.TA,2570.846576,13
27/03/2025,TRPZ.TA,2598.326115,14
28/03/2025,TRPZ.TA,2561.36008,15
29/03/2025,TRPZ.TA,2541.498307,16
30/03/2025,TRPZ.TA,2506.969529,17
31/03/2025,TRPZ.TA,2517.055785,18
01/04/2025,TRPZ.TA,2543.96036,19
02/04/2025,TRPZ.TA,2588.205442,20
03/04/2025,TRPZ.TA,2598.618534,21
04/04/2025,TRPZ.TA,2645.148521,22
05/04/2025,TRPZ.TA,2632.665775,23
06/04/2025,TRPZ.TA,2657.213072,24
07/04/2025,TRPZ.TA,2681.989251,25
08/04/2025,TRPZ.TA,2689.358609,26
09/04/2025,TRPZ.TA,2766.409864,27
10/04/2025,TRPZ.TA,2795.979761,28
11/04/2025,TRPZ.TA,2891.006587,29
12/04/2025,TRPZ.TA,2952.187086,30
14/03/2025,UMH.TA,10233.04507,1
15/03/2025,UMH.TA,12010.83189,2
16/03/2025,UMH.TA,11973.81642,3
17/03/2025,UMH.TA,8958.748064,4
18/03/2025,UMH.TA,6904.6227,5
19/03/2025,UMH.TA,6496.983498,6
20/03/2025,UMH.TA,6457.380939,7
21/03/2025,UMH.TA,6418.019779,8
22/03/2025,UMH.TA,7270.015841,9
23/03/2025,UMH.TA,7020.209346,10
24/03/2025,UMH.TA,6462.467587,11
25/03/2025,UMH.TA,6096.861372,12
26/03/2025,UMH.TA,6855.388128,13
27/03/2025,UMH.TA,6722.030796,14
28/03/2025,UMH.TA,8841.775642,15
29/03/2025,UMH.TA,10573.58873,16
30/03/2025,UMH.TA,12644.60704,17
31/03/2025,UMH.TA,13913.59658,18
01/04/2025,UMH.TA,20384.13476,19
02/04/2025,UMH.TA,20720.76761,20
03/04/2025,UMH.TA,20663.60134,21
04/04/2025,UMH.TA,20200.37339,22
05/04/2025,UMH.TA,18540.60586,23
06/04/2025,UMH.TA,19780.69676,24
07/04/2025,UMH.TA,19395.90441,25
08/04/2025,UMH.TA,17038.51654,26
09/04/2025,UMH.TA,15272.71973,27
10/04/2025,UMH.TA,13416.46578,28
11/04/2025,UMH.TA,15085.644,29
12/04/2025,UMH.TA,16352.37675,30
14/03/2025,UNTC.TA,160.8956043,1
15/03/2025,UNTC.TA,147.5870028,2
16/03/2025,UNTC.TA,88.46256305,3
17/03/2025,UNTC.TA,93.39797439,4
18/03/2025,UNTC.TA,94.73070962,5
19/03/2025,UNTC.TA,74.86123412,6
20/03/2025,UNTC.TA,74.68603204,7
21/03/2025,UNTC.TA,64.99145899,8
22/03/2025,UNTC.TA,65.15491302,9
23/03/2025,UNTC.TA,71.12664926,10
24/03/2025,UNTC.TA,74.30210004,11
25/03/2025,UNTC.TA,76.87535353,12
26/03/2025,UNTC.TA,71.85069898,13
27/03/2025,UNTC.TA,83.25029187,14
28/03/2025,UNTC.TA,76.98965529,15
29/03/2025,UNTC.TA,77.01582395,16
30/03/2025,UNTC.TA,126.1728703,17
31/03/2025,UNTC.TA,126.3298497,18
01/04/2025,UNTC.TA,149.4803757,19
02/04/2025,UNTC.TA,142.8565006,20
03/04/2025,UNTC.TA,128.8264229,21
04/04/2025,UNTC.TA,130.8076698,22
05/04/2025,UNTC.TA,130.9704156,23
06/04/2025,UNTC.TA,135.9945425,24
07/04/2025,UNTC.TA,79.78625136,25
08/04/2025,UNTC.TA,87.09901455,26
09/04/2025,UNTC.TA,87.29974813,27
10/04/2025,UNTC.TA,87.51930768,28
11/04/2025,UNTC.TA,108.8067187,29
12/04/2025,UNTC.TA,103.42194,30
14/03/2025,UNCT.TA,-82.39552217,1
15/03/2025,UNCT.TA,-88.59665461,2
16/03/2025,UNCT.TA,138.6127948,3
17/03/2025,UNCT.TA,92.25073872,4
18/03/2025,UNCT.TA,-125.1550478,5
19/03/2025,UNCT.TA,-125.439928,6
20/03/2025,UNCT.TA,-134.8806062,7
21/03/2025,UNCT.TA,-257.558581,8
22/03/2025,UNCT.TA,-260.2120432,9
23/03/2025,UNCT.TA,-263.7580781,10
24/03/2025,UNCT.TA,-367.2230355,11
25/03/2025,UNCT.TA,-306.4171074,12
26/03/2025,UNCT.TA,-88.44370943,13
27/03/2025,UNCT.TA,-95.10003179,14
28/03/2025,UNCT.TA,-109.591214,15
29/03/2025,UNCT.TA,-108.1040774,16
30/03/2025,UNCT.TA,-107.4814091,17
31/03/2025,UNCT.TA,-224.174002,18
01/04/2025,UNCT.TA,-229.5421882,19
02/04/2025,UNCT.TA,-156.8708538,20
03/04/2025,UNCT.TA,-120.1101148,21
04/04/2025,UNCT.TA,-115.9170114,22
05/04/2025,UNCT.TA,-167.4219123,23
06/04/2025,UNCT.TA,-123.1663795,24
07/04/2025,UNCT.TA,-141.1559386,25
08/04/2025,UNCT.TA,-162.6650422,26
09/04/2025,UNCT.TA,-281.3013564,27
10/04/2025,UNCT.TA,-255.5353478,28
11/04/2025,UNCT.TA,-441.9046587,29
12/04/2025,UNCT.TA,-368.5004197,30
14/03/2025,UNIT.TA,2855.761223,1
15/03/2025,UNIT.TA,2841.384555,2
16/03/2025,UNIT.TA,3077.870289,3
17/03/2025,UNIT.TA,3078.779143,4
18/03/2025,UNIT.TA,3159.315738,5
19/03/2025,UNIT.TA,3089.31977,6
20/03/2025,UNIT.TA,3122.067795,7
21/03/2025,UNIT.TA,3135.285313,8
22/03/2025,UNIT.TA,3187.268923,9
23/03/2025,UNIT.TA,3038.364628,10
24/03/2025,UNIT.TA,3015.041511,11
25/03/2025,UNIT.TA,3071.510831,12
26/03/2025,UNIT.TA,2928.014576,13
27/03/2025,UNIT.TA,2913.600902,14
28/03/2025,UNIT.TA,2916.565456,15
29/03/2025,UNIT.TA,3031.470124,16
30/03/2025,UNIT.TA,3044.366898,17
31/03/2025,UNIT.TA,2955.370084,18
01/04/2025,UNIT.TA,2966.80089,19
02/04/2025,UNIT.TA,2989.994602,20
03/04/2025,UNIT.TA,2888.37175,21
04/04/2025,UNIT.TA,2903.461464,22
05/04/2025,UNIT.TA,2965.083386,23
06/04/2025,UNIT.TA,2946.712134,24
07/04/2025,UNIT.TA,3017.40206,25
08/04/2025,UNIT.TA,3089.787797,26
09/04/2025,UNIT.TA,3036.188908,27
10/04/2025,UNIT.TA,3109.308568,28
11/04/2025,UNIT.TA,3190.868517,29
12/04/2025,UNIT.TA,3140.400093,30
14/03/2025,UPSL.TA,458.3683369,1
15/03/2025,UPSL.TA,491.0952068,2
16/03/2025,UPSL.TA,-1008.341331,3
17/03/2025,UPSL.TA,-1145.910395,4
18/03/2025,UPSL.TA,-1227.726824,5
19/03/2025,UPSL.TA,-1230.000413,6
20/03/2025,UPSL.TA,-1397.810659,7
21/03/2025,UPSL.TA,-1446.356161,8
22/03/2025,UPSL.TA,-1293.339169,9
23/03/2025,UPSL.TA,-1625.85023,10
24/03/2025,UPSL.TA,-1541.597583,11
25/03/2025,UPSL.TA,-1418.832932,12
26/03/2025,UPSL.TA,-1634.200055,13
27/03/2025,UPSL.TA,-2054.344752,14
28/03/2025,UPSL.TA,-2095.056997,15
29/03/2025,UPSL.TA,-2083.700731,16
30/03/2025,UPSL.TA,-2455.139336,17
31/03/2025,UPSL.TA,-4305.61002,18
01/04/2025,UPSL.TA,-3943.652239,19
02/04/2025,UPSL.TA,-5131.020335,20
03/04/2025,UPSL.TA,-4939.09339,21
04/04/2025,UPSL.TA,-4958.870064,22
05/04/2025,UPSL.TA,-4968.05324,23
06/04/2025,UPSL.TA,-4978.725955,24
07/04/2025,UPSL.TA,-5526.097569,25
08/04/2025,UPSL.TA,-6691.947251,26
09/04/2025,UPSL.TA,-6177.202225,27
10/04/2025,UPSL.TA,-6342.678373,28
11/04/2025,UPSL.TA,-6243.006766,29
12/04/2025,UPSL.TA,-7033.624144,30
14/03/2025,UTRN.TA,710.9341675,1
15/03/2025,UTRN.TA,717.4432516,2
16/03/2025,UTRN.TA,707.7228144,3
17/03/2025,UTRN.TA,688.0363664,4
18/03/2025,UTRN.TA,709.394757,5
19/03/2025,UTRN.TA,733.1399027,6
20/03/2025,UTRN.TA,707.85433,7
21/03/2025,UTRN.TA,691.4924882,8
22/03/2025,UTRN.TA,696.4678837,9
23/03/2025,UTRN.TA,684.6483289,10
24/03/2025,UTRN.TA,688.6648116,11
25/03/2025,UTRN.TA,693.5951496,12
26/03/2025,UTRN.TA,680.1114938,13
27/03/2025,UTRN.TA,661.8739202,14
28/03/2025,UTRN.TA,660.8657933,15
29/03/2025,UTRN.TA,667.1010748,16
30/03/2025,UTRN.TA,683.560778,17
31/03/2025,UTRN.TA,681.8145009,18
01/04/2025,UTRN.TA,703.9404535,19
02/04/2025,UTRN.TA,676.6946055,20
03/04/2025,UTRN.TA,671.3656835,21
04/04/2025,UTRN.TA,675.8800906,22
05/04/2025,UTRN.TA,701.0345978,23
06/04/2025,UTRN.TA,719.4242936,24
07/04/2025,UTRN.TA,714.9417473,25
08/04/2025,UTRN.TA,704.7408147,26
09/04/2025,UTRN.TA,713.4904324,27
10/04/2025,UTRN.TA,701.0277701,28
11/04/2025,UTRN.TA,689.4188349,29
12/04/2025,UTRN.TA,685.3411346,30
14/03/2025,VRDS.TA,2395.006844,1
15/03/2025,VRDS.TA,2362.140415,2
16/03/2025,VRDS.TA,2380.701594,3
17/03/2025,VRDS.TA,2419.548898,4
18/03/2025,VRDS.TA,2492.549876,5
19/03/2025,VRDS.TA,2378.738014,6
20/03/2025,VRDS.TA,2479.302742,7
21/03/2025,VRDS.TA,2428.194727,8
22/03/2025,VRDS.TA,2396.842039,9
23/03/2025,VRDS.TA,2438.440198,10
24/03/2025,VRDS.TA,2408.25861,11
25/03/2025,VRDS.TA,2444.695381,12
26/03/2025,VRDS.TA,2494.009209,13
27/03/2025,VRDS.TA,2486.259136,14
28/03/2025,VRDS.TA,2561.27285,15
29/03/2025,VRDS.TA,2631.980912,16
30/03/2025,VRDS.TA,2650.904001,17
31/03/2025,VRDS.TA,2636.046461,18
01/04/2025,VRDS.TA,2654.998779,19
02/04/2025,VRDS.TA,2603.154085,20
03/04/2025,VRDS.TA,2574.976018,21
04/04/2025,VRDS.TA,2504.584441,22
05/04/2025,VRDS.TA,2546.720284,23
06/04/2025,VRDS.TA,2538.806412,24
07/04/2025,VRDS.TA,2507.382551,25
08/04/2025,VRDS.TA,2539.825067,26
09/04/2025,VRDS.TA,2553.501179,27
10/04/2025,VRDS.TA,2505.201095,28
11/04/2025,VRDS.TA,2438.609636,29
12/04/2025,VRDS.TA,2457.771693,30
14/03/2025,VCTR.TA,5180.323889,1
15/03/2025,VCTR.TA,5153.883817,2
16/03/2025,VCTR.TA,5174.836894,3
17/03/2025,VCTR.TA,5136.342071,4
18/03/2025,VCTR.TA,5223.28484,5
19/03/2025,VCTR.TA,5247.287328,6
20/03/2025,VCTR.TA,5211.973326,7
21/03/2025,VCTR.TA,5229.65628,8
22/03/2025,VCTR.TA,5310.056236,9
23/03/2025,VCTR.TA,5322.09729,10
24/03/2025,VCTR.TA,5284.513956,11
25/03/2025,VCTR.TA,5398.539742,12
26/03/2025,VCTR.TA,5374.827392,13
27/03/2025,VCTR.TA,5433.070846,14
28/03/2025,VCTR.TA,5429.811939,15
29/03/2025,VCTR.TA,5400.838,16
30/03/2025,VCTR.TA,5380.225484,17
31/03/2025,VCTR.TA,5402.098752,18
01/04/2025,VCTR.TA,5364.416679,19
02/04/2025,VCTR.TA,5441.655095,20
03/04/2025,VCTR.TA,5288.422469,21
04/04/2025,VCTR.TA,5193.437028,22
05/04/2025,VCTR.TA,5075.053501,23
06/04/2025,VCTR.TA,5088.3432,24
07/04/2025,VCTR.TA,5085.29107,25
08/04/2025,VCTR.TA,5032.124423,26
09/04/2025,VCTR.TA,5080.143914,27
10/04/2025,VCTR.TA,5086.550051,28
11/04/2025,VCTR.TA,5103.478337,29
12/04/2025,VCTR.TA,5152.483591,30
14/03/2025,VILR.TA,20778.16269,1
15/03/2025,VILR.TA,20541.54159,2
16/03/2025,VILR.TA,20389.34822,3
17/03/2025,VILR.TA,20286.79905,4
18/03/2025,VILR.TA,20367.00219,5
19/03/2025,VILR.TA,20264.56541,6
20/03/2025,VILR.TA,20046.67741,7
21/03/2025,VILR.TA,20295.1969,8
22/03/2025,VILR.TA,20565.18359,9
23/03/2025,VILR.TA,20550.9661,10
24/03/2025,VILR.TA,21053.62688,11
25/03/2025,VILR.TA,21079.76924,12
26/03/2025,VILR.TA,21008.48261,13
27/03/2025,VILR.TA,20990.93252,14
28/03/2025,VILR.TA,21580.05718,15
29/03/2025,VILR.TA,21302.72694,16
30/03/2025,VILR.TA,21705.03341,17
31/03/2025,VILR.TA,21692.12303,18
01/04/2025,VILR.TA,21779.62566,19
02/04/2025,VILR.TA,21734.12891,20
03/04/2025,VILR.TA,21116.05869,21
04/04/2025,VILR.TA,21623.71224,22
05/04/2025,VILR.TA,21170.85936,23
06/04/2025,VILR.TA,21310.63372,24
07/04/2025,VILR.TA,21321.55933,25
08/04/2025,VILR.TA,21603.55355,26
09/04/2025,VILR.TA,21630.37876,27
10/04/2025,VILR.TA,21517.01943,28
11/04/2025,VILR.TA,21727.19797,29
12/04/2025,VILR.TA,22170.85025,30
14/03/2025,VISN.TA,79.28778552,1
15/03/2025,VISN.TA,141.6897383,2
16/03/2025,VISN.TA,131.1139696,3
17/03/2025,VISN.TA,107.212287,4
18/03/2025,VISN.TA,118.1811778,5
19/03/2025,VISN.TA,118.4559769,6
20/03/2025,VISN.TA,118.3868079,7
21/03/2025,VISN.TA,129.199726,8
22/03/2025,VISN.TA,129.7128469,9
23/03/2025,VISN.TA,-44.98323013,10
24/03/2025,VISN.TA,-44.74497005,11
25/03/2025,VISN.TA,102.2383852,12
26/03/2025,VISN.TA,105.5565132,13
27/03/2025,VISN.TA,104.8955772,14
28/03/2025,VISN.TA,110.3709616,15
29/03/2025,VISN.TA,129.9871509,16
30/03/2025,VISN.TA,129.9568173,17
31/03/2025,VISN.TA,120.4479518,18
01/04/2025,VISN.TA,108.0051315,19
02/04/2025,VISN.TA,103.5512757,20
03/04/2025,VISN.TA,103.5401803,21
04/04/2025,VISN.TA,103.4643904,22
05/04/2025,VISN.TA,104.2361833,23
06/04/2025,VISN.TA,3336.926975,24
07/04/2025,VISN.TA,3570.967271,25
08/04/2025,VISN.TA,54.50465089,26
09/04/2025,VISN.TA,54.49426135,27
10/04/2025,VISN.TA,54.71315125,28
11/04/2025,VISN.TA,54.57992815,29
12/04/2025,VISN.TA,54.57407996,30
14/03/2025,VTNA.TA,2496.650782,1
15/03/2025,VTNA.TA,2466.066493,2
16/03/2025,VTNA.TA,2469.990001,3
17/03/2025,VTNA.TA,2442.675986,4
18/03/2025,VTNA.TA,2523.536521,5
19/03/2025,VTNA.TA,2512.242301,6
20/03/2025,VTNA.TA,2512.558807,7
21/03/2025,VTNA.TA,2417.774807,8
22/03/2025,VTNA.TA,2413.324912,9
23/03/2025,VTNA.TA,2416.027245,10
24/03/2025,VTNA.TA,2307.767266,11
25/03/2025,VTNA.TA,2349.49225,12
26/03/2025,VTNA.TA,2356.30045,13
27/03/2025,VTNA.TA,2333.785871,14
28/03/2025,VTNA.TA,2336.399141,15
29/03/2025,VTNA.TA,2368.061201,16
30/03/2025,VTNA.TA,2382.154819,17
31/03/2025,VTNA.TA,2338.823375,18
01/04/2025,VTNA.TA,2389.431426,19
02/04/2025,VTNA.TA,2403.652231,20
03/04/2025,VTNA.TA,2393.70136,21
04/04/2025,VTNA.TA,2458.797578,22
05/04/2025,VTNA.TA,2435.303633,23
06/04/2025,VTNA.TA,2411.874817,24
07/04/2025,VTNA.TA,2479.218552,25
08/04/2025,VTNA.TA,2406.238365,26
09/04/2025,VTNA.TA,2415.649638,27
10/04/2025,VTNA.TA,2415.41711,28
11/04/2025,VTNA.TA,2400.676066,29
12/04/2025,VTNA.TA,2390.92878,30
14/03/2025,WATR.TA,28.01667812,1
15/03/2025,WATR.TA,21.02583751,2
16/03/2025,WATR.TA,23.14069938,3
17/03/2025,WATR.TA,25.46828241,4
18/03/2025,WATR.TA,25.97055048,5
19/03/2025,WATR.TA,28.76846184,6
20/03/2025,WATR.TA,29.89792791,7
21/03/2025,WATR.TA,33.7512982,8
22/03/2025,WATR.TA,33.17492609,9
23/03/2025,WATR.TA,33.45354022,10
24/03/2025,WATR.TA,45.5497686,11
25/03/2025,WATR.TA,43.45652716,12
26/03/2025,WATR.TA,48.81534203,13
27/03/2025,WATR.TA,31.29517859,14
28/03/2025,WATR.TA,29.60085277,15
29/03/2025,WATR.TA,24.52868916,16
30/03/2025,WATR.TA,27.17126303,17
31/03/2025,WATR.TA,29.9042561,18
01/04/2025,WATR.TA,33.75844199,19
02/04/2025,WATR.TA,36.12460397,20
03/04/2025,WATR.TA,32.72420733,21
04/04/2025,WATR.TA,27.21502525,22
05/04/2025,WATR.TA,26.86925466,23
06/04/2025,WATR.TA,24.34006089,24
07/04/2025,WATR.TA,28.49189241,25
08/04/2025,WATR.TA,25.82149587,26
09/04/2025,WATR.TA,22.2571721,27
10/04/2025,WATR.TA,22.60494669,28
11/04/2025,WATR.TA,23.87281969,29
12/04/2025,WATR.TA,18.72860896,30
14/03/2025,WESR.TA,520.8142223,1
15/03/2025,WESR.TA,520.4698336,2
16/03/2025,WESR.TA,513.4504195,3
17/03/2025,WESR.TA,528.0337581,4
18/03/2025,WESR.TA,535.8858985,5
19/03/2025,WESR.TA,534.7826042,6
20/03/2025,WESR.TA,559.0941498,7
21/03/2025,WESR.TA,581.2461348,8
22/03/2025,WESR.TA,588.787867,9
23/03/2025,WESR.TA,562.4189609,10
24/03/2025,WESR.TA,617.9522099,11
25/03/2025,WESR.TA,606.9429778,12
26/03/2025,WESR.TA,612.1399273,13
27/03/2025,WESR.TA,617.3813757,14
28/03/2025,WESR.TA,623.1157116,15
29/03/2025,WESR.TA,623.1643465,16
30/03/2025,WESR.TA,592.7462381,17
31/03/2025,WESR.TA,592.4963891,18
01/04/2025,WESR.TA,602.1295644,19
02/04/2025,WESR.TA,595.5443812,20
03/04/2025,WESR.TA,605.1575004,21
04/04/2025,WESR.TA,629.134571,22
05/04/2025,WESR.TA,598.8031111,23
06/04/2025,WESR.TA,607.7736891,24
07/04/2025,WESR.TA,624.7682032,25
08/04/2025,WESR.TA,653.1705494,26
09/04/2025,WESR.TA,636.5670537,27
10/04/2025,WESR.TA,625.6963403,28
11/04/2025,WESR.TA,607.8820634,29
12/04/2025,WESR.TA,575.5364737,30
14/03/2025,WILK.TA,18.63953729,1
15/03/2025,WILK.TA,18.70201041,2
16/03/2025,WILK.TA,18.78741789,3
17/03/2025,WILK.TA,18.24921262,4
18/03/2025,WILK.TA,18.6062448,5
19/03/2025,WILK.TA,15.25801716,6
20/03/2025,WILK.TA,16.66302595,7
21/03/2025,WILK.TA,17.3544922,8
22/03/2025,WILK.TA,18.66113891,9
23/03/2025,WILK.TA,18.75313381,10
24/03/2025,WILK.TA,18.34252432,11
25/03/2025,WILK.TA,17.38542338,12
26/03/2025,WILK.TA,16.50688675,13
27/03/2025,WILK.TA,16.96093821,14
28/03/2025,WILK.TA,16.47764469,15
29/03/2025,WILK.TA,16.49001777,16
30/03/2025,WILK.TA,15.93491187,17
31/03/2025,WILK.TA,15.62063852,18
01/04/2025,WILK.TA,16.92479734,19
02/04/2025,WILK.TA,17.61667311,20
03/04/2025,WILK.TA,15.7877455,21
04/04/2025,WILK.TA,15.52796555,22
05/04/2025,WILK.TA,14.6448262,23
06/04/2025,WILK.TA,11.34253683,24
07/04/2025,WILK.TA,14.14677564,25
08/04/2025,WILK.TA,14.59327273,26
09/04/2025,WILK.TA,19.7893875,27
10/04/2025,WILK.TA,17.4696218,28
11/04/2025,WILK.TA,18.7976234,29
12/04/2025,WILK.TA,18.51986761,30
14/03/2025,WLFD.TA,2755.82656,1
15/03/2025,WLFD.TA,2721.615776,2
16/03/2025,WLFD.TA,2768.07496,3
17/03/2025,WLFD.TA,2694.566634,4
18/03/2025,WLFD.TA,2711.392211,5
19/03/2025,WLFD.TA,2689.862752,6
20/03/2025,WLFD.TA,2732.436695,7
21/03/2025,WLFD.TA,2758.529109,8
22/03/2025,WLFD.TA,2785.261546,9
23/03/2025,WLFD.TA,2787.316383,10
24/03/2025,WLFD.TA,3077.891245,11
25/03/2025,WLFD.TA,3091.791585,12
26/03/2025,WLFD.TA,3067.241614,13
27/03/2025,WLFD.TA,3188.997626,14
28/03/2025,WLFD.TA,3139.084651,15
29/03/2025,WLFD.TA,3185.461568,16
30/03/2025,WLFD.TA,3211.065211,17
31/03/2025,WLFD.TA,3213.368024,18
01/04/2025,WLFD.TA,3173.966934,19
02/04/2025,WLFD.TA,3181.260315,20
03/04/2025,WLFD.TA,3235.720746,21
04/04/2025,WLFD.TA,3246.411794,22
05/04/2025,WLFD.TA,3180.184646,23
06/04/2025,WLFD.TA,3145.149618,24
07/04/2025,WLFD.TA,3152.376779,25
08/04/2025,WLFD.TA,3255.273551,26
09/04/2025,WLFD.TA,3218.770115,27
10/04/2025,WLFD.TA,3202.383482,28
11/04/2025,WLFD.TA,3203.070283,29
12/04/2025,WLFD.TA,3215.796221,30
14/03/2025,WILC.TA,6223.497466,1
15/03/2025,WILC.TA,6402.561764,2
16/03/2025,WILC.TA,6383.442438,3
17/03/2025,WILC.TA,6326.251259,4
18/03/2025,WILC.TA,6404.889074,5
19/03/2025,WILC.TA,6409.673538,6
20/03/2025,WILC.TA,6440.375318,7
21/03/2025,WILC.TA,6431.417353,8
22/03/2025,WILC.TA,6390.470464,9
23/03/2025,WILC.TA,6282.463707,10
24/03/2025,WILC.TA,6183.305247,11
25/03/2025,WILC.TA,6152.244869,12
26/03/2025,WILC.TA,6169.995681,13
27/03/2025,WILC.TA,6113.047638,14
28/03/2025,WILC.TA,6189.035247,15
29/03/2025,WILC.TA,6330.301192,16
30/03/2025,WILC.TA,6346.892671,17
31/03/2025,WILC.TA,6464.227113,18
01/04/2025,WILC.TA,6405.165806,19
02/04/2025,WILC.TA,6471.64227,20
03/04/2025,WILC.TA,6490.314626,21
04/04/2025,WILC.TA,6547.271518,22
05/04/2025,WILC.TA,6548.206973,23
06/04/2025,WILC.TA,6133.16817,24
07/04/2025,WILC.TA,6126.058619,25
08/04/2025,WILC.TA,6056.243238,26
09/04/2025,WILC.TA,6268.288267,27
10/04/2025,WILC.TA,6354.827456,28
11/04/2025,WILC.TA,6442.421689,29
12/04/2025,WILC.TA,6004.671314,30
14/03/2025,WNBZ.TA,23.0369769,1
15/03/2025,WNBZ.TA,24.10985522,2
16/03/2025,WNBZ.TA,23.44937943,3
17/03/2025,WNBZ.TA,23.43893893,4
18/03/2025,WNBZ.TA,23.76161251,5
19/03/2025,WNBZ.TA,22.33879846,6
20/03/2025,WNBZ.TA,22.80278904,7
21/03/2025,WNBZ.TA,22.88228473,8
22/03/2025,WNBZ.TA,22.43432932,9
23/03/2025,WNBZ.TA,22.21120899,10
24/03/2025,WNBZ.TA,23.01348032,11
25/03/2025,WNBZ.TA,21.87030577,12
26/03/2025,WNBZ.TA,21.48535124,13
27/03/2025,WNBZ.TA,21.20285018,14
28/03/2025,WNBZ.TA,21.19088502,15
29/03/2025,WNBZ.TA,16.4703789,16
30/03/2025,WNBZ.TA,16.55012375,17
31/03/2025,WNBZ.TA,15.05772483,18
01/04/2025,WNBZ.TA,15.07667625,19
02/04/2025,WNBZ.TA,14.5559696,20
03/04/2025,WNBZ.TA,15.08173283,21
04/04/2025,WNBZ.TA,15.07322194,22
05/04/2025,WNBZ.TA,14.7536463,23
06/04/2025,WNBZ.TA,14.72689612,24
07/04/2025,WNBZ.TA,14.44758407,25
08/04/2025,WNBZ.TA,14.6446025,26
09/04/2025,WNBZ.TA,14.6822661,27
10/04/2025,WNBZ.TA,13.78589652,28
11/04/2025,WNBZ.TA,13.58421026,29
12/04/2025,WNBZ.TA,13.24404511,30
14/03/2025,XTLB.TA,4.91550244,1
15/03/2025,XTLB.TA,4.94856659,2
16/03/2025,XTLB.TA,4.98989406,3
17/03/2025,XTLB.TA,5.14948541,4
18/03/2025,XTLB.TA,4.99823228,5
19/03/2025,XTLB.TA,5.50734415,6
20/03/2025,XTLB.TA,5.58844494,7
21/03/2025,XTLB.TA,5.41237287,8
22/03/2025,XTLB.TA,5.40262011,9
23/03/2025,XTLB.TA,5.33675546,10
24/03/2025,XTLB.TA,5.04852497,11
25/03/2025,XTLB.TA,5.00308142,12
26/03/2025,XTLB.TA,4.99919734,13
27/03/2025,XTLB.TA,4.69370596,14
28/03/2025,XTLB.TA,4.67758353,15
29/03/2025,XTLB.TA,4.56412441,16
30/03/2025,XTLB.TA,4.67676413,17
31/03/2025,XTLB.TA,4.75183589,18
01/04/2025,XTLB.TA,4.6227447,19
02/04/2025,XTLB.TA,4.46099658,20
03/04/2025,XTLB.TA,4.35132907,21
04/04/2025,XTLB.TA,4.2941593,22
05/04/2025,XTLB.TA,4.32842176,23
06/04/2025,XTLB.TA,4.31906138,24
07/04/2025,XTLB.TA,4.25273795,25
08/04/2025,XTLB.TA,4.26702633,26
09/04/2025,XTLB.TA,4.37233385,27
10/04/2025,XTLB.TA,4.34141321,28
11/04/2025,XTLB.TA,4.4088723,29
12/04/2025,XTLB.TA,4.3352395,30
14/03/2025,YBRD.TA,886.5769407,1
15/03/2025,YBRD.TA,824.4590723,2
16/03/2025,YBRD.TA,850.1766673,3
17/03/2025,YBRD.TA,856.7879719,4
18/03/2025,YBRD.TA,836.7925659,5
19/03/2025,YBRD.TA,766.1976228,6
20/03/2025,YBRD.TA,798.0501386,7
21/03/2025,YBRD.TA,-2117.609479,8
22/03/2025,YBRD.TA,-2228.915619,9
23/03/2025,YBRD.TA,-2291.307904,10
24/03/2025,YBRD.TA,-2162.171063,11
25/03/2025,YBRD.TA,-2136.083026,12
26/03/2025,YBRD.TA,-2166.123521,13
27/03/2025,YBRD.TA,-2041.36665,14
28/03/2025,YBRD.TA,-2041.427905,15
29/03/2025,YBRD.TA,-1414.733482,16
30/03/2025,YBRD.TA,-1492.419357,17
31/03/2025,YBRD.TA,-1040.517308,18
01/04/2025,YBRD.TA,-884.3016781,19
02/04/2025,YBRD.TA,-826.5108546,20
03/04/2025,YBRD.TA,-719.7391733,21
04/04/2025,YBRD.TA,-706.5956765,22
05/04/2025,YBRD.TA,-648.4030252,23
06/04/2025,YBRD.TA,-633.4424558,24
07/04/2025,YBRD.TA,-728.2777009,25
08/04/2025,YBRD.TA,-768.8346118,26
09/04/2025,YBRD.TA,-726.1734655,27
10/04/2025,YBRD.TA,-709.6780736,28
11/04/2025,YBRD.TA,-609.3255859,29
12/04/2025,YBRD.TA,-716.7963181,30
14/03/2025,YAAC.TA,5.7289576,1
15/03/2025,YAAC.TA,5.86473231,2
16/03/2025,YAAC.TA,6.652468,3
17/03/2025,YAAC.TA,6.77426403,4
18/03/2025,YAAC.TA,6.19810776,5
19/03/2025,YAAC.TA,6.44441667,6
20/03/2025,YAAC.TA,6.447454,7
21/03/2025,YAAC.TA,6.78974126,8
22/03/2025,YAAC.TA,7.92093845,9
23/03/2025,YAAC.TA,7.27477732,10
24/03/2025,YAAC.TA,7.27603648,11
25/03/2025,YAAC.TA,7.98579996,12
26/03/2025,YAAC.TA,5.87917182,13
27/03/2025,YAAC.TA,5.87183583,14
28/03/2025,YAAC.TA,6.41787245,15
29/03/2025,YAAC.TA,6.34278486,16
30/03/2025,YAAC.TA,6.42418721,17
31/03/2025,YAAC.TA,6.34902574,18
01/04/2025,YAAC.TA,6.49337014,19
02/04/2025,YAAC.TA,6.32192733,20
03/04/2025,YAAC.TA,2.60034197,21
04/04/2025,YAAC.TA,2.52396566,22
05/04/2025,YAAC.TA,2.53143478,23
06/04/2025,YAAC.TA,1.93114251,24
07/04/2025,YAAC.TA,1.89028326,25
08/04/2025,YAAC.TA,1.92195484,26
09/04/2025,YAAC.TA,1.95538092,27
10/04/2025,YAAC.TA,2.00172291,28
11/04/2025,YAAC.TA,1.99189134,29
12/04/2025,YAAC.TA,1.97239159,30
14/03/2025,YBOX.TA,141.2929476,1
15/03/2025,YBOX.TA,139.9643075,2
16/03/2025,YBOX.TA,146.7107125,3
17/03/2025,YBOX.TA,152.6946766,4
18/03/2025,YBOX.TA,152.7922424,5
19/03/2025,YBOX.TA,155.5482687,6
20/03/2025,YBOX.TA,153.6060287,7
21/03/2025,YBOX.TA,153.3128459,8
22/03/2025,YBOX.TA,155.133036,9
23/03/2025,YBOX.TA,163.3666606,10
24/03/2025,YBOX.TA,159.6346487,11
25/03/2025,YBOX.TA,165.135413,12
26/03/2025,YBOX.TA,164.05084,13
27/03/2025,YBOX.TA,171.3556956,14
28/03/2025,YBOX.TA,175.8186769,15
29/03/2025,YBOX.TA,180.5696669,16
30/03/2025,YBOX.TA,176.814755,17
31/03/2025,YBOX.TA,178.4476737,18
01/04/2025,YBOX.TA,188.1442519,19
02/04/2025,YBOX.TA,181.2284449,20
03/04/2025,YBOX.TA,196.7909845,21
04/04/2025,YBOX.TA,186.2577653,22
05/04/2025,YBOX.TA,188.2425049,23
06/04/2025,YBOX.TA,188.7477896,24
07/04/2025,YBOX.TA,186.8293848,25
08/04/2025,YBOX.TA,184.9984866,26
09/04/2025,YBOX.TA,183.6723681,27
10/04/2025,YBOX.TA,173.8052074,28
11/04/2025,YBOX.TA,164.5022998,29
12/04/2025,YBOX.TA,164.1883197,30
14/03/2025,YHNF.TA,23881.96,1
15/03/2025,YHNF.TA,23857.75187,2
16/03/2025,YHNF.TA,24055.17946,3
17/03/2025,YHNF.TA,24098.24388,4
18/03/2025,YHNF.TA,24150.40608,5
19/03/2025,YHNF.TA,24797.28141,6
20/03/2025,YHNF.TA,24311.86721,7
21/03/2025,YHNF.TA,24277.64392,8
22/03/2025,YHNF.TA,23997.10126,9
23/03/2025,YHNF.TA,23228.23283,10
24/03/2025,YHNF.TA,23230.39186,11
25/03/2025,YHNF.TA,23216.27049,12
26/03/2025,YHNF.TA,23030.29466,13
27/03/2025,YHNF.TA,23423.81226,14
28/03/2025,YHNF.TA,23440.79028,15
29/03/2025,YHNF.TA,23571.69253,16
30/03/2025,YHNF.TA,23692.39663,17
31/03/2025,YHNF.TA,23709.56933,18
01/04/2025,YHNF.TA,23435.59111,19
02/04/2025,YHNF.TA,23309.58958,20
03/04/2025,YHNF.TA,23020.51529,21
04/04/2025,YHNF.TA,23065.76844,22
05/04/2025,YHNF.TA,22908.93869,23
06/04/2025,YHNF.TA,22812.89052,24
07/04/2025,YHNF.TA,22987.73456,25
08/04/2025,YHNF.TA,22875.16635,26
09/04/2025,YHNF.TA,23105.16937,27
10/04/2025,YHNF.TA,22818.6302,28
11/04/2025,YHNF.TA,22946.05807,29
12/04/2025,YHNF.TA,23179.14146,30
14/03/2025,ZNKL.TA,3808.839288,1
15/03/2025,ZNKL.TA,3921.883302,2
16/03/2025,ZNKL.TA,3926.204097,3
17/03/2025,ZNKL.TA,3946.297682,4
18/03/2025,ZNKL.TA,4032.35233,5
19/03/2025,ZNKL.TA,4108.821605,6
20/03/2025,ZNKL.TA,4109.713251,7
21/03/2025,ZNKL.TA,4146.631616,8
22/03/2025,ZNKL.TA,4122.953672,9
23/03/2025,ZNKL.TA,4240.075572,10
24/03/2025,ZNKL.TA,4236.557632,11
25/03/2025,ZNKL.TA,4310.300005,12
26/03/2025,ZNKL.TA,4383.929073,13
27/03/2025,ZNKL.TA,4380.291779,14
28/03/2025,ZNKL.TA,4400.129275,15
29/03/2025,ZNKL.TA,4398.439419,16
30/03/2025,ZNKL.TA,4403.285243,17
31/03/2025,ZNKL.TA,4383.080684,18
01/04/2025,ZNKL.TA,4399.483174,19
02/04/2025,ZNKL.TA,4507.335976,20
03/04/2025,ZNKL.TA,4437.616605,21
04/04/2025,ZNKL.TA,4438.217412,22
05/04/2025,ZNKL.TA,4477.282481,23
06/04/2025,ZNKL.TA,4353.909833,24
07/04/2025,ZNKL.TA,4412.128452,25
08/04/2025,ZNKL.TA,4411.336033,26
09/04/2025,ZNKL.TA,4422.018216,27
10/04/2025,ZNKL.TA,4460.9407,28
11/04/2025,ZNKL.TA,4518.452984,29
12/04/2025,ZNKL.TA,4550.217632,30
14/03/2025,ZPRS.TA,1403.204996,1
15/03/2025,ZPRS.TA,1386.924416,2
16/03/2025,ZPRS.TA,1378.522827,3
17/03/2025,ZPRS.TA,1435.007631,4
18/03/2025,ZPRS.TA,1406.578693,5
19/03/2025,ZPRS.TA,1386.987023,6
20/03/2025,ZPRS.TA,1374.975702,7
21/03/2025,ZPRS.TA,1395.587726,8
22/03/2025,ZPRS.TA,1378.620795,9
23/03/2025,ZPRS.TA,1363.680159,10
24/03/2025,ZPRS.TA,1372.588075,11
25/03/2025,ZPRS.TA,1382.774056,12
26/03/2025,ZPRS.TA,1405.229311,13
27/03/2025,ZPRS.TA,1391.1239,14
28/03/2025,ZPRS.TA,1391.442781,15
29/03/2025,ZPRS.TA,1372.061934,16
30/03/2025,ZPRS.TA,1394.343231,17
31/03/2025,ZPRS.TA,1338.288862,18
01/04/2025,ZPRS.TA,1347.770691,19
02/04/2025,ZPRS.TA,1348.671563,20
03/04/2025,ZPRS.TA,1291.393768,21
04/04/2025,ZPRS.TA,1276.410469,22
05/04/2025,ZPRS.TA,1231.481786,23
06/04/2025,ZPRS.TA,1217.193612,24
07/04/2025,ZPRS.TA,1193.079788,25
08/04/2025,ZPRS.TA,1150.54187,26
09/04/2025,ZPRS.TA,1137.192795,27
10/04/2025,ZPRS.TA,1133.361238,28
11/04/2025,ZPRS.TA,1116.595182,29
12/04/2025,ZPRS.TA,1114.43628,30
14/03/2025,ZMH.TA,3601.537647,1
15/03/2025,ZMH.TA,3592.899563,2
16/03/2025,ZMH.TA,3558.377439,3
17/03/2025,ZMH.TA,3601.374694,4
18/03/2025,ZMH.TA,3546.145161,5
19/03/2025,ZMH.TA,3537.037768,6
20/03/2025,ZMH.TA,3684.298087,7
21/03/2025,ZMH.TA,3728.741179,8
22/03/2025,ZMH.TA,3727.007079,9
23/03/2025,ZMH.TA,3748.045323,10
24/03/2025,ZMH.TA,3638.37912,11
25/03/2025,ZMH.TA,3605.632787,12
26/03/2025,ZMH.TA,3629.559348,13
27/03/2025,ZMH.TA,3522.52436,14
28/03/2025,ZMH.TA,3477.334897,15
29/03/2025,ZMH.TA,3481.881659,16
30/03/2025,ZMH.TA,3611.916182,17
31/03/2025,ZMH.TA,3668.856043,18
01/04/2025,ZMH.TA,3624.368343,19
02/04/2025,ZMH.TA,3617.488069,20
03/04/2025,ZMH.TA,3731.36483,21
04/04/2025,ZMH.TA,3785.866888,22
05/04/2025,ZMH.TA,3768.969894,23
06/04/2025,ZMH.TA,3766.498779,24
07/04/2025,ZMH.TA,3797.414075,25
08/04/2025,ZMH.TA,3807.355016,26
09/04/2025,ZMH.TA,3828.846809,27
10/04/2025,ZMH.TA,3706.451293,28
11/04/2025,ZMH.TA,3649.610339,29
12/04/2025,ZMH.TA,3542.824301,30
14/03/2025,ZOOZ.TA,654.1427912,1
15/03/2025,ZOOZ.TA,728.1981598,2
16/03/2025,ZOOZ.TA,691.7660059,3
17/03/2025,ZOOZ.TA,730.3252051,4
18/03/2025,ZOOZ.TA,724.0881578,5
19/03/2025,ZOOZ.TA,695.1188924,6
20/03/2025,ZOOZ.TA,728.208442,7
21/03/2025,ZOOZ.TA,802.8319127,8
22/03/2025,ZOOZ.TA,815.8122783,9
23/03/2025,ZOOZ.TA,772.4476975,10
24/03/2025,ZOOZ.TA,789.6169386,11
25/03/2025,ZOOZ.TA,782.8735341,12
26/03/2025,ZOOZ.TA,835.3632628,13
27/03/2025,ZOOZ.TA,875.1288259,14
28/03/2025,ZOOZ.TA,810.6275553,15
29/03/2025,ZOOZ.TA,758.7383883,16
30/03/2025,ZOOZ.TA,751.721207,17
31/03/2025,ZOOZ.TA,714.1121821,18
01/04/2025,ZOOZ.TA,748.105864,19
02/04/2025,ZOOZ.TA,746.018424,20
03/04/2025,ZOOZ.TA,787.8651018,21
04/04/2025,ZOOZ.TA,748.3283239,22
05/04/2025,ZOOZ.TA,787.6200479,23
06/04/2025,ZOOZ.TA,790.6094359,24
07/04/2025,ZOOZ.TA,733.9643372,25
08/04/2025,ZOOZ.TA,764.5716242,26
09/04/2025,ZOOZ.TA,801.7250342,27
10/04/2025,ZOOZ.TA,745.6198407,28
11/04/2025,ZOOZ.TA,700.6013369,29
12/04/2025,ZOOZ.TA,737.387108,30
14/03/2025,ZUR.TA,977.8891135,1
15/03/2025,ZUR.TA,984.6949997,2
16/03/2025,ZUR.TA,1000.04868,3
17/03/2025,ZUR.TA,993.9173892,4
18/03/2025,ZUR.TA,989.7411427,5
19/03/2025,ZUR.TA,1003.989986,6
20/03/2025,ZUR.TA,1006.353496,7
21/03/2025,ZUR.TA,1021.358594,8
22/03/2025,ZUR.TA,1007.813242,9
23/03/2025,ZUR.TA,1010.30505,10
24/03/2025,ZUR.TA,1034.405251,11
25/03/2025,ZUR.TA,1031.528898,12
26/03/2025,ZUR.TA,1038.810083,13
27/03/2025,ZUR.TA,1054.064003,14
28/03/2025,ZUR.TA,1060.96842,15
29/03/2025,ZUR.TA,1075.26056,16
30/03/2025,ZUR.TA,1075.842241,17
31/03/2025,ZUR.TA,1084.672045,18
01/04/2025,ZUR.TA,1096.368417,19
02/04/2025,ZUR.TA,1089.038061,20
03/04/2025,ZUR.TA,1091.767483,21
04/04/2025,ZUR.TA,1087.18009,22
05/04/2025,ZUR.TA,1071.645368,23
06/04/2025,ZUR.TA,1080.938495,24
07/04/2025,ZUR.TA,1083.733967,25
08/04/2025,ZUR.TA,1092.0231,26
09/04/2025,ZUR.TA,1110.421409,27
10/04/2025,ZUR.TA,1126.40763,28
11/04/2025,ZUR.TA,1130.093258,29
12/04/2025,ZUR.TA,1134.141741,30
