Date,Ticker,Forecast,Days_Ahead
31/12/2024,ABRA.TA,284.70293,1
01/01/2025,ABRA.TA,265.9966629,2
02/01/2025,ABRA.TA,269.3546021,3
03/01/2025,ABRA.TA,266.8208799,4
04/01/2025,ABRA.TA,269.1175937,5
05/01/2025,ABRA.TA,265.5163374,6
06/01/2025,ABRA.TA,260.3225426,7
07/01/2025,ABRA.TA,259.9616256,8
08/01/2025,ABRA.TA,259.2066597,9
09/01/2025,ABRA.TA,265.0293549,10
10/01/2025,ABRA.TA,265.3537575,11
11/01/2025,ABRA.TA,263.5155548,12
12/01/2025,ABRA.TA,272.3601215,13
13/01/2025,ABRA.TA,282.2729099,14
14/01/2025,ABRA.TA,276.414677,15
15/01/2025,ABRA.TA,274.2571202,16
16/01/2025,ABRA.TA,267.4521393,17
17/01/2025,ABRA.TA,272.9741441,18
18/01/2025,ABRA.TA,276.5805385,19
19/01/2025,ABRA.TA,283.7672687,20
20/01/2025,ABRA.TA,287.2996798,21
21/01/2025,ABRA.TA,292.2095638,22
22/01/2025,ABRA.TA,282.5854917,23
23/01/2025,ABRA.TA,279.7637926,24
24/01/2025,ABRA.TA,281.2691699,25
25/01/2025,ABRA.TA,269.4363736,26
26/01/2025,ABRA.TA,261.2495097,27
27/01/2025,ABRA.TA,264.5462368,28
28/01/2025,ABRA.TA,263.9967788,29
29/01/2025,ABRA.TA,267.2688126,30
31/12/2024,ACCL.TA,135.4676052,1
01/01/2025,ACCL.TA,133.0806239,2
02/01/2025,ACCL.TA,136.9324061,3
03/01/2025,ACCL.TA,135.442674,4
04/01/2025,ACCL.TA,131.4412835,5
05/01/2025,ACCL.TA,131.6694994,6
06/01/2025,ACCL.TA,139.9044938,7
07/01/2025,ACCL.TA,135.7230331,8
08/01/2025,ACCL.TA,138.4612312,9
09/01/2025,ACCL.TA,141.9813691,10
10/01/2025,ACCL.TA,148.614703,11
11/01/2025,ACCL.TA,150.2214863,12
12/01/2025,ACCL.TA,155.3694118,13
13/01/2025,ACCL.TA,159.642188,14
14/01/2025,ACCL.TA,159.404965,15
15/01/2025,ACCL.TA,159.3199557,16
16/01/2025,ACCL.TA,156.1154235,17
17/01/2025,ACCL.TA,154.2207033,18
18/01/2025,ACCL.TA,155.6198928,19
19/01/2025,ACCL.TA,156.3737275,20
20/01/2025,ACCL.TA,161.5244936,21
21/01/2025,ACCL.TA,163.141036,22
22/01/2025,ACCL.TA,164.4570193,23
23/01/2025,ACCL.TA,167.9266976,24
24/01/2025,ACCL.TA,167.4084164,25
25/01/2025,ACCL.TA,165.1697036,26
26/01/2025,ACCL.TA,169.8324692,27
27/01/2025,ACCL.TA,168.3107805,28
28/01/2025,ACCL.TA,177.5120219,29
29/01/2025,ACCL.TA,181.1027997,30
31/12/2024,ACKR.TA,721.7441594,1
01/01/2025,ACKR.TA,706.344365,2
02/01/2025,ACKR.TA,695.9643963,3
03/01/2025,ACKR.TA,681.1793569,4
04/01/2025,ACKR.TA,679.6444742,5
05/01/2025,ACKR.TA,672.6095234,6
06/01/2025,ACKR.TA,666.7539044,7
07/01/2025,ACKR.TA,650.3835767,8
08/01/2025,ACKR.TA,663.628441,9
09/01/2025,ACKR.TA,642.8761995,10
10/01/2025,ACKR.TA,644.8509297,11
11/01/2025,ACKR.TA,647.3833329,12
12/01/2025,ACKR.TA,640.2329799,13
13/01/2025,ACKR.TA,626.4950679,14
14/01/2025,ACKR.TA,626.1931041,15
15/01/2025,ACKR.TA,624.5652281,16
16/01/2025,ACKR.TA,615.4303391,17
17/01/2025,ACKR.TA,597.1359271,18
18/01/2025,ACKR.TA,605.8442906,19
19/01/2025,ACKR.TA,581.2793713,20
20/01/2025,ACKR.TA,576.9893081,21
21/01/2025,ACKR.TA,597.4906856,22
22/01/2025,ACKR.TA,586.8427148,23
23/01/2025,ACKR.TA,603.4446233,24
24/01/2025,ACKR.TA,610.291143,25
25/01/2025,ACKR.TA,619.3921908,26
26/01/2025,ACKR.TA,628.9722657,27
27/01/2025,ACKR.TA,618.8811471,28
28/01/2025,ACKR.TA,618.391589,29
29/01/2025,ACKR.TA,603.1246023,30
31/12/2024,ACRO.TA,4742.043286,1
01/01/2025,ACRO.TA,4703.870095,2
02/01/2025,ACRO.TA,4743.795802,3
03/01/2025,ACRO.TA,4706.137946,4
04/01/2025,ACRO.TA,4658.553632,5
05/01/2025,ACRO.TA,4627.947726,6
06/01/2025,ACRO.TA,4600.706554,7
07/01/2025,ACRO.TA,4668.942812,8
08/01/2025,ACRO.TA,4647.153321,9
09/01/2025,ACRO.TA,4611.538308,10
10/01/2025,ACRO.TA,4572.166467,11
11/01/2025,ACRO.TA,4671.991193,12
12/01/2025,ACRO.TA,4690.077131,13
13/01/2025,ACRO.TA,4792.021304,14
14/01/2025,ACRO.TA,4867.215009,15
15/01/2025,ACRO.TA,4890.113412,16
16/01/2025,ACRO.TA,4830.979345,17
17/01/2025,ACRO.TA,4847.576761,18
18/01/2025,ACRO.TA,4849.399043,19
19/01/2025,ACRO.TA,4835.193497,20
20/01/2025,ACRO.TA,4805.24258,21
21/01/2025,ACRO.TA,4810.470491,22
22/01/2025,ACRO.TA,4728.625603,23
23/01/2025,ACRO.TA,4658.082769,24
24/01/2025,ACRO.TA,4613.971985,25
25/01/2025,ACRO.TA,4611.374245,26
26/01/2025,ACRO.TA,4649.589652,27
27/01/2025,ACRO.TA,4647.75907,28
28/01/2025,ACRO.TA,4583.16389,29
29/01/2025,ACRO.TA,4556.259253,30
31/12/2024,ADGR.TA,549.3646564,1
01/01/2025,ADGR.TA,552.0239115,2
02/01/2025,ADGR.TA,546.9947342,3
03/01/2025,ADGR.TA,564.3194087,4
04/01/2025,ADGR.TA,562.8623378,5
05/01/2025,ADGR.TA,567.7251406,6
06/01/2025,ADGR.TA,581.9504326,7
07/01/2025,ADGR.TA,582.4409817,8
08/01/2025,ADGR.TA,590.9213174,9
09/01/2025,ADGR.TA,605.9152484,10
10/01/2025,ADGR.TA,611.1302815,11
11/01/2025,ADGR.TA,610.651262,12
12/01/2025,ADGR.TA,615.1418496,13
13/01/2025,ADGR.TA,611.6690131,14
14/01/2025,ADGR.TA,607.029954,15
15/01/2025,ADGR.TA,613.0665482,16
16/01/2025,ADGR.TA,613.8577577,17
17/01/2025,ADGR.TA,623.9020567,18
18/01/2025,ADGR.TA,630.3898381,19
19/01/2025,ADGR.TA,631.3958428,20
20/01/2025,ADGR.TA,641.4850478,21
21/01/2025,ADGR.TA,647.754836,22
22/01/2025,ADGR.TA,648.3802221,23
23/01/2025,ADGR.TA,662.6334081,24
24/01/2025,ADGR.TA,669.1306982,25
25/01/2025,ADGR.TA,674.9889612,26
26/01/2025,ADGR.TA,666.7121188,27
27/01/2025,ADGR.TA,672.2874428,28
28/01/2025,ADGR.TA,673.3920404,29
29/01/2025,ADGR.TA,678.3831273,30
31/12/2024,ARDM.TA,68.69743224,1
01/01/2025,ARDM.TA,66.37308362,2
02/01/2025,ARDM.TA,59.8639968,3
03/01/2025,ARDM.TA,60.89536544,4
04/01/2025,ARDM.TA,68.82379173,5
05/01/2025,ARDM.TA,67.82498845,6
06/01/2025,ARDM.TA,71.72613859,7
07/01/2025,ARDM.TA,77.8590172,8
08/01/2025,ARDM.TA,76.8668446,9
09/01/2025,ARDM.TA,77.11139903,10
10/01/2025,ARDM.TA,63.71835969,11
11/01/2025,ARDM.TA,58.2875319,12
12/01/2025,ARDM.TA,52.01841656,13
13/01/2025,ARDM.TA,60.65978278,14
14/01/2025,ARDM.TA,70.64814738,15
15/01/2025,ARDM.TA,66.64601713,16
16/01/2025,ARDM.TA,62.30925537,17
17/01/2025,ARDM.TA,70.37689803,18
18/01/2025,ARDM.TA,65.03362117,19
19/01/2025,ARDM.TA,64.80429363,20
20/01/2025,ARDM.TA,60.05235669,21
21/01/2025,ARDM.TA,54.74420792,22
22/01/2025,ARDM.TA,60.9700191,23
23/01/2025,ARDM.TA,62.05735046,24
24/01/2025,ARDM.TA,66.02256714,25
25/01/2025,ARDM.TA,67.11143976,26
26/01/2025,ARDM.TA,67.33064383,27
27/01/2025,ARDM.TA,67.42623354,28
28/01/2025,ARDM.TA,67.9249363,29
29/01/2025,ARDM.TA,69.3498217,30
31/12/2024,AFHL.TA,17744.31331,1
01/01/2025,AFHL.TA,18127.42469,2
02/01/2025,AFHL.TA,17343.3654,3
03/01/2025,AFHL.TA,17390.43322,4
04/01/2025,AFHL.TA,17158.98829,5
05/01/2025,AFHL.TA,17343.97909,6
06/01/2025,AFHL.TA,17357.33619,7
07/01/2025,AFHL.TA,17302.66912,8
08/01/2025,AFHL.TA,17125.51849,9
09/01/2025,AFHL.TA,17368.94966,10
10/01/2025,AFHL.TA,17718.1672,11
11/01/2025,AFHL.TA,17734.97244,12
12/01/2025,AFHL.TA,18046.12447,13
13/01/2025,AFHL.TA,18332.52956,14
14/01/2025,AFHL.TA,18462.40742,15
15/01/2025,AFHL.TA,18259.54498,16
16/01/2025,AFHL.TA,18213.47673,17
17/01/2025,AFHL.TA,18396.73595,18
18/01/2025,AFHL.TA,18836.4094,19
19/01/2025,AFHL.TA,18982.30513,20
20/01/2025,AFHL.TA,19157.97903,21
21/01/2025,AFHL.TA,18780.27892,22
22/01/2025,AFHL.TA,18581.72966,23
23/01/2025,AFHL.TA,18879.37345,24
24/01/2025,AFHL.TA,19286.87051,25
25/01/2025,AFHL.TA,19795.95217,26
26/01/2025,AFHL.TA,20360.24358,27
27/01/2025,AFHL.TA,20035.05502,28
28/01/2025,AFHL.TA,19808.28298,29
29/01/2025,AFHL.TA,20546.71157,30
31/12/2024,AFPR.TA,17161.31932,1
01/01/2025,AFPR.TA,16783.02753,2
02/01/2025,AFPR.TA,16734.33847,3
03/01/2025,AFPR.TA,16965.4841,4
04/01/2025,AFPR.TA,17026.15588,5
05/01/2025,AFPR.TA,17038.37266,6
06/01/2025,AFPR.TA,16852.60084,7
07/01/2025,AFPR.TA,16690.47484,8
08/01/2025,AFPR.TA,16585.44164,9
09/01/2025,AFPR.TA,16562.68665,10
10/01/2025,AFPR.TA,16363.60923,11
11/01/2025,AFPR.TA,16869.6639,12
12/01/2025,AFPR.TA,17129.3637,13
13/01/2025,AFPR.TA,17514.34542,14
14/01/2025,AFPR.TA,17302.66289,15
15/01/2025,AFPR.TA,17170.86045,16
16/01/2025,AFPR.TA,16685.76126,17
17/01/2025,AFPR.TA,16065.56712,18
18/01/2025,AFPR.TA,15331.462,19
19/01/2025,AFPR.TA,14993.33703,20
20/01/2025,AFPR.TA,14723.99545,21
21/01/2025,AFPR.TA,14400.69771,22
22/01/2025,AFPR.TA,14090.71679,23
23/01/2025,AFPR.TA,14190.01323,24
24/01/2025,AFPR.TA,14205.57517,25
25/01/2025,AFPR.TA,13987.60693,26
26/01/2025,AFPR.TA,13787.99637,27
27/01/2025,AFPR.TA,13460.46004,28
28/01/2025,AFPR.TA,13451.89561,29
29/01/2025,AFPR.TA,13296.43526,30
31/12/2024,AFRE.TA,25167.55791,1
01/01/2025,AFRE.TA,25099.94809,2
02/01/2025,AFRE.TA,24758.95693,3
03/01/2025,AFRE.TA,24480.08837,4
04/01/2025,AFRE.TA,24510.64437,5
05/01/2025,AFRE.TA,24287.46959,6
06/01/2025,AFRE.TA,24121.63196,7
07/01/2025,AFRE.TA,24180.2304,8
08/01/2025,AFRE.TA,24195.13972,9
09/01/2025,AFRE.TA,24914.19363,10
10/01/2025,AFRE.TA,25082.00262,11
11/01/2025,AFRE.TA,25525.76766,12
12/01/2025,AFRE.TA,25406.78915,13
13/01/2025,AFRE.TA,25099.41573,14
14/01/2025,AFRE.TA,25679.64273,15
15/01/2025,AFRE.TA,25380.40405,16
16/01/2025,AFRE.TA,25734.0102,17
17/01/2025,AFRE.TA,25535.88422,18
18/01/2025,AFRE.TA,25660.93504,19
19/01/2025,AFRE.TA,25369.22509,20
20/01/2025,AFRE.TA,25285.41847,21
21/01/2025,AFRE.TA,25301.08428,22
22/01/2025,AFRE.TA,25536.53951,23
23/01/2025,AFRE.TA,25384.30331,24
24/01/2025,AFRE.TA,24308.30261,25
25/01/2025,AFRE.TA,24064.67532,26
26/01/2025,AFRE.TA,24529.35078,27
27/01/2025,AFRE.TA,24343.50759,28
28/01/2025,AFRE.TA,24864.95409,29
29/01/2025,AFRE.TA,24540.85582,30
31/12/2024,ARPT.TA,5761.846804,1
01/01/2025,ARPT.TA,5876.283946,2
02/01/2025,ARPT.TA,5977.749651,3
03/01/2025,ARPT.TA,5801.5233,4
04/01/2025,ARPT.TA,5764.712974,5
05/01/2025,ARPT.TA,5787.936842,6
06/01/2025,ARPT.TA,5790.342156,7
07/01/2025,ARPT.TA,5975.60233,8
08/01/2025,ARPT.TA,5891.212338,9
09/01/2025,ARPT.TA,5761.884274,10
10/01/2025,ARPT.TA,5848.936714,11
11/01/2025,ARPT.TA,5991.282551,12
12/01/2025,ARPT.TA,6036.425251,13
13/01/2025,ARPT.TA,5960.425695,14
14/01/2025,ARPT.TA,6070.354627,15
15/01/2025,ARPT.TA,6017.788172,16
16/01/2025,ARPT.TA,6143.40175,17
17/01/2025,ARPT.TA,6010.024995,18
18/01/2025,ARPT.TA,5966.757915,19
19/01/2025,ARPT.TA,6006.962104,20
20/01/2025,ARPT.TA,6098.499534,21
21/01/2025,ARPT.TA,6071.701379,22
22/01/2025,ARPT.TA,6110.317048,23
23/01/2025,ARPT.TA,5967.108634,24
24/01/2025,ARPT.TA,5886.619754,25
25/01/2025,ARPT.TA,5926.600917,26
26/01/2025,ARPT.TA,5894.221739,27
27/01/2025,ARPT.TA,5867.220619,28
28/01/2025,ARPT.TA,5867.844624,29
29/01/2025,ARPT.TA,5812.523654,30
31/12/2024,ARTS.TA,55.08017708,1
01/01/2025,ARTS.TA,83.0529697,2
02/01/2025,ARTS.TA,76.55541217,3
03/01/2025,ARTS.TA,69.50599541,4
04/01/2025,ARTS.TA,77.77324803,5
05/01/2025,ARTS.TA,75.48899284,6
06/01/2025,ARTS.TA,62.86278381,7
07/01/2025,ARTS.TA,69.37696644,8
08/01/2025,ARTS.TA,73.40806342,9
09/01/2025,ARTS.TA,56.16664075,10
10/01/2025,ARTS.TA,64.28767629,11
11/01/2025,ARTS.TA,70.83422449,12
12/01/2025,ARTS.TA,87.40971142,13
13/01/2025,ARTS.TA,112.9239257,14
14/01/2025,ARTS.TA,118.6017008,15
15/01/2025,ARTS.TA,116.7643058,16
16/01/2025,ARTS.TA,133.8705162,17
17/01/2025,ARTS.TA,126.7447609,18
18/01/2025,ARTS.TA,155.6247579,19
19/01/2025,ARTS.TA,161.3475418,20
20/01/2025,ARTS.TA,183.4355982,21
21/01/2025,ARTS.TA,181.4878429,22
22/01/2025,ARTS.TA,143.4825773,23
23/01/2025,ARTS.TA,133.1987873,24
24/01/2025,ARTS.TA,100.2402984,25
25/01/2025,ARTS.TA,129.2323349,26
26/01/2025,ARTS.TA,126.1559162,27
27/01/2025,ARTS.TA,158.1732259,28
28/01/2025,ARTS.TA,201.4946605,29
29/01/2025,ARTS.TA,228.243666,30
31/12/2024,ALAR.TA,387.3155258,1
01/01/2025,ALAR.TA,329.3695935,2
02/01/2025,ALAR.TA,341.4436259,3
03/01/2025,ALAR.TA,403.3581132,4
04/01/2025,ALAR.TA,399.5234352,5
05/01/2025,ALAR.TA,371.7024641,6
06/01/2025,ALAR.TA,376.5346374,7
07/01/2025,ALAR.TA,389.5704845,8
08/01/2025,ALAR.TA,349.7646538,9
09/01/2025,ALAR.TA,325.7436007,10
10/01/2025,ALAR.TA,306.3319341,11
11/01/2025,ALAR.TA,331.5987515,12
12/01/2025,ALAR.TA,289.6490912,13
13/01/2025,ALAR.TA,257.4566172,14
14/01/2025,ALAR.TA,255.5282226,15
15/01/2025,ALAR.TA,252.9468093,16
16/01/2025,ALAR.TA,244.3633971,17
17/01/2025,ALAR.TA,253.4126939,18
18/01/2025,ALAR.TA,258.5193429,19
19/01/2025,ALAR.TA,255.9338399,20
20/01/2025,ALAR.TA,304.3379874,21
21/01/2025,ALAR.TA,315.9355322,22
22/01/2025,ALAR.TA,275.8118084,23
23/01/2025,ALAR.TA,304.084954,24
24/01/2025,ALAR.TA,311.2721923,25
25/01/2025,ALAR.TA,250.1633877,26
26/01/2025,ALAR.TA,244.2005876,27
27/01/2025,ALAR.TA,260.5309959,28
28/01/2025,ALAR.TA,286.1814911,29
29/01/2025,ALAR.TA,272.9362548,30
31/12/2024,ALBA.TA,1879.511743,1
01/01/2025,ALBA.TA,1859.090597,2
02/01/2025,ALBA.TA,1878.112848,3
03/01/2025,ALBA.TA,1897.451045,4
04/01/2025,ALBA.TA,1858.021583,5
05/01/2025,ALBA.TA,1841.307835,6
06/01/2025,ALBA.TA,1838.910261,7
07/01/2025,ALBA.TA,1819.359974,8
08/01/2025,ALBA.TA,1897.798266,9
09/01/2025,ALBA.TA,1847.012143,10
10/01/2025,ALBA.TA,1870.145035,11
11/01/2025,ALBA.TA,1772.89748,12
12/01/2025,ALBA.TA,1781.094866,13
13/01/2025,ALBA.TA,1789.21846,14
14/01/2025,ALBA.TA,1781.284128,15
15/01/2025,ALBA.TA,1812.675226,16
16/01/2025,ALBA.TA,1872.41779,17
17/01/2025,ALBA.TA,1887.426848,18
18/01/2025,ALBA.TA,1838.591203,19
19/01/2025,ALBA.TA,1793.816833,20
20/01/2025,ALBA.TA,1710.148137,21
21/01/2025,ALBA.TA,1798.511069,22
22/01/2025,ALBA.TA,1796.744857,23
23/01/2025,ALBA.TA,1788.596108,24
24/01/2025,ALBA.TA,1811.823001,25
25/01/2025,ALBA.TA,1863.914803,26
26/01/2025,ALBA.TA,1936.581141,27
27/01/2025,ALBA.TA,1940.390143,28
28/01/2025,ALBA.TA,1933.360622,29
29/01/2025,ALBA.TA,1917.195374,30
31/12/2024,ALMD.TA,32.2621432,1
01/01/2025,ALMD.TA,34.09613931,2
02/01/2025,ALMD.TA,34.36300421,3
03/01/2025,ALMD.TA,38.80172446,4
04/01/2025,ALMD.TA,38.84910841,5
05/01/2025,ALMD.TA,36.99867515,6
06/01/2025,ALMD.TA,33.55004132,7
07/01/2025,ALMD.TA,35.11831121,8
08/01/2025,ALMD.TA,36.23183477,9
09/01/2025,ALMD.TA,34.87997519,10
10/01/2025,ALMD.TA,34.02354362,11
11/01/2025,ALMD.TA,37.11113162,12
12/01/2025,ALMD.TA,36.8679841,13
13/01/2025,ALMD.TA,35.77612709,14
14/01/2025,ALMD.TA,34.3809915,15
15/01/2025,ALMD.TA,36.54615219,16
16/01/2025,ALMD.TA,37.33730384,17
17/01/2025,ALMD.TA,39.04453805,18
18/01/2025,ALMD.TA,40.26222045,19
19/01/2025,ALMD.TA,41.31369247,20
20/01/2025,ALMD.TA,44.25767899,21
21/01/2025,ALMD.TA,42.03159277,22
22/01/2025,ALMD.TA,41.06802861,23
23/01/2025,ALMD.TA,40.81833101,24
24/01/2025,ALMD.TA,41.55365037,25
25/01/2025,ALMD.TA,44.40948655,26
26/01/2025,ALMD.TA,42.73958945,27
27/01/2025,ALMD.TA,43.24279963,28
28/01/2025,ALMD.TA,45.09856457,29
29/01/2025,ALMD.TA,44.04780244,30
31/12/2024,ALLT.TA,2274.354469,1
01/01/2025,ALLT.TA,2358.384928,2
02/01/2025,ALLT.TA,2334.182122,3
03/01/2025,ALLT.TA,2499.65502,4
04/01/2025,ALLT.TA,2515.781984,5
05/01/2025,ALLT.TA,2683.923366,6
06/01/2025,ALLT.TA,2795.782301,7
07/01/2025,ALLT.TA,2824.067815,8
08/01/2025,ALLT.TA,2971.861058,9
09/01/2025,ALLT.TA,2943.229469,10
10/01/2025,ALLT.TA,2962.886566,11
11/01/2025,ALLT.TA,3035.168215,12
12/01/2025,ALLT.TA,3005.027349,13
13/01/2025,ALLT.TA,2932.24122,14
14/01/2025,ALLT.TA,3139.791049,15
15/01/2025,ALLT.TA,3346.281219,16
16/01/2025,ALLT.TA,3324.641249,17
17/01/2025,ALLT.TA,3474.231459,18
18/01/2025,ALLT.TA,3592.240195,19
19/01/2025,ALLT.TA,3806.875057,20
20/01/2025,ALLT.TA,3751.286686,21
21/01/2025,ALLT.TA,3916.136633,22
22/01/2025,ALLT.TA,3878.876411,23
23/01/2025,ALLT.TA,4045.250706,24
24/01/2025,ALLT.TA,3948.360487,25
25/01/2025,ALLT.TA,4025.470556,26
26/01/2025,ALLT.TA,4106.328179,27
27/01/2025,ALLT.TA,3892.983307,28
28/01/2025,ALLT.TA,3824.500943,29
29/01/2025,ALLT.TA,4037.338245,30
31/12/2024,ALMY.TA,2244.077566,1
01/01/2025,ALMY.TA,3796.942881,2
02/01/2025,ALMY.TA,6317.697973,3
03/01/2025,ALMY.TA,8958.077334,4
04/01/2025,ALMY.TA,-3417.964615,5
05/01/2025,ALMY.TA,-53.82790526,6
06/01/2025,ALMY.TA,-23.18985436,7
07/01/2025,ALMY.TA,-15.52085405,8
08/01/2025,ALMY.TA,-11.07189316,9
09/01/2025,ALMY.TA,-13.26908883,10
10/01/2025,ALMY.TA,-5.23529638,11
11/01/2025,ALMY.TA,-4.74420122,12
12/01/2025,ALMY.TA,-3.56631159,13
13/01/2025,ALMY.TA,-7.50389682,14
14/01/2025,ALMY.TA,-8.90460635,15
15/01/2025,ALMY.TA,-16.35095861,16
16/01/2025,ALMY.TA,-16.13836809,17
17/01/2025,ALMY.TA,-20.46163724,18
18/01/2025,ALMY.TA,-12.08698309,19
19/01/2025,ALMY.TA,-8.03017107,20
20/01/2025,ALMY.TA,-19.21034557,21
21/01/2025,ALMY.TA,-7.22819871,22
22/01/2025,ALMY.TA,-8.85744808,23
23/01/2025,ALMY.TA,-12.81601112,24
24/01/2025,ALMY.TA,-9.91614785,25
25/01/2025,ALMY.TA,-15.84422049,26
26/01/2025,ALMY.TA,-10.61159336,27
27/01/2025,ALMY.TA,-9.32684192,28
28/01/2025,ALMY.TA,-2.15275312,29
29/01/2025,ALMY.TA,-4.41500461,30
26/12/2024,AMDA.TA,165.0513848,1
27/12/2024,AMDA.TA,160.010994,2
28/12/2024,AMDA.TA,174.3657718,3
29/12/2024,AMDA.TA,176.7210286,4
30/12/2024,AMDA.TA,177.9725703,5
31/12/2024,AMDA.TA,180.1221741,6
01/01/2025,AMDA.TA,176.4993872,7
02/01/2025,AMDA.TA,170.3991044,8
03/01/2025,AMDA.TA,148.3452865,9
04/01/2025,AMDA.TA,160.4301531,10
05/01/2025,AMDA.TA,153.5246633,11
06/01/2025,AMDA.TA,145.6362364,12
07/01/2025,AMDA.TA,138.8229441,13
08/01/2025,AMDA.TA,151.2926763,14
09/01/2025,AMDA.TA,146.5867856,15
10/01/2025,AMDA.TA,139.7002193,16
11/01/2025,AMDA.TA,130.1409013,17
12/01/2025,AMDA.TA,144.1867817,18
13/01/2025,AMDA.TA,151.4500606,19
14/01/2025,AMDA.TA,142.5079668,20
15/01/2025,AMDA.TA,159.309388,21
16/01/2025,AMDA.TA,167.4505422,22
17/01/2025,AMDA.TA,172.7725686,23
18/01/2025,AMDA.TA,165.7555092,24
19/01/2025,AMDA.TA,159.5239073,25
20/01/2025,AMDA.TA,177.8888808,26
21/01/2025,AMDA.TA,170.9304313,27
22/01/2025,AMDA.TA,164.6654425,28
23/01/2025,AMDA.TA,179.2615094,29
24/01/2025,AMDA.TA,171.4623476,30
31/12/2024,ALMA.TA,1084.528858,1
01/01/2025,ALMA.TA,1113.959782,2
02/01/2025,ALMA.TA,1108.944194,3
03/01/2025,ALMA.TA,1153.426024,4
04/01/2025,ALMA.TA,1174.720294,5
05/01/2025,ALMA.TA,1179.245779,6
06/01/2025,ALMA.TA,1181.997677,7
07/01/2025,ALMA.TA,1144.069163,8
08/01/2025,ALMA.TA,1157.486347,9
09/01/2025,ALMA.TA,1207.392962,10
10/01/2025,ALMA.TA,1198.744975,11
11/01/2025,ALMA.TA,1226.382462,12
12/01/2025,ALMA.TA,1196.415734,13
13/01/2025,ALMA.TA,1221.839986,14
14/01/2025,ALMA.TA,1249.734997,15
15/01/2025,ALMA.TA,1276.108836,16
16/01/2025,ALMA.TA,1285.927433,17
17/01/2025,ALMA.TA,1287.793656,18
18/01/2025,ALMA.TA,1271.89173,19
19/01/2025,ALMA.TA,1292.577137,20
20/01/2025,ALMA.TA,1331.977619,21
21/01/2025,ALMA.TA,1338.077925,22
22/01/2025,ALMA.TA,1332.201994,23
23/01/2025,ALMA.TA,1312.40144,24
24/01/2025,ALMA.TA,1324.034336,25
25/01/2025,ALMA.TA,1293.303117,26
26/01/2025,ALMA.TA,1286.343521,27
27/01/2025,ALMA.TA,1255.015139,28
28/01/2025,ALMA.TA,1215.256328,29
29/01/2025,ALMA.TA,1193.809251,30
31/12/2024,ALHE.TA,2914.982973,1
01/01/2025,ALHE.TA,2869.7242,2
02/01/2025,ALHE.TA,2910.398508,3
03/01/2025,ALHE.TA,2916.117685,4
04/01/2025,ALHE.TA,2944.937418,5
05/01/2025,ALHE.TA,2959.506523,6
06/01/2025,ALHE.TA,2931.46572,7
07/01/2025,ALHE.TA,2897.884939,8
08/01/2025,ALHE.TA,2868.529551,9
09/01/2025,ALHE.TA,2788.243531,10
10/01/2025,ALHE.TA,2643.655697,11
11/01/2025,ALHE.TA,2739.807837,12
12/01/2025,ALHE.TA,2771.784359,13
13/01/2025,ALHE.TA,2780.640346,14
14/01/2025,ALHE.TA,2764.13732,15
15/01/2025,ALHE.TA,2744.7595,16
16/01/2025,ALHE.TA,2770.204689,17
17/01/2025,ALHE.TA,2805.216565,18
18/01/2025,ALHE.TA,2843.838717,19
19/01/2025,ALHE.TA,2896.5162,20
20/01/2025,ALHE.TA,2756.898097,21
21/01/2025,ALHE.TA,2639.007263,22
22/01/2025,ALHE.TA,2649.328902,23
23/01/2025,ALHE.TA,2668.362033,24
24/01/2025,ALHE.TA,2656.750044,25
25/01/2025,ALHE.TA,2674.54176,26
26/01/2025,ALHE.TA,2726.426627,27
27/01/2025,ALHE.TA,2797.585068,28
28/01/2025,ALHE.TA,2776.319759,29
29/01/2025,ALHE.TA,2852.133943,30
31/12/2024,ALRPR.TA,17100.57335,1
01/01/2025,ALRPR.TA,17180.09103,2
02/01/2025,ALRPR.TA,17027.4247,3
03/01/2025,ALRPR.TA,17324.78518,4
04/01/2025,ALRPR.TA,17534.37814,5
05/01/2025,ALRPR.TA,17540.45416,6
06/01/2025,ALRPR.TA,17641.40043,7
07/01/2025,ALRPR.TA,17741.1559,8
08/01/2025,ALRPR.TA,17829.93921,9
09/01/2025,ALRPR.TA,17346.27277,10
10/01/2025,ALRPR.TA,17588.08198,11
11/01/2025,ALRPR.TA,17480.40562,12
12/01/2025,ALRPR.TA,17716.61582,13
13/01/2025,ALRPR.TA,17838.36584,14
14/01/2025,ALRPR.TA,17854.38314,15
15/01/2025,ALRPR.TA,18111.19754,16
16/01/2025,ALRPR.TA,17933.2391,17
17/01/2025,ALRPR.TA,17573.62812,18
18/01/2025,ALRPR.TA,17373.61304,19
19/01/2025,ALRPR.TA,17119.26034,20
20/01/2025,ALRPR.TA,17181.94461,21
21/01/2025,ALRPR.TA,17533.6207,22
22/01/2025,ALRPR.TA,17671.63582,23
23/01/2025,ALRPR.TA,17794.45794,24
24/01/2025,ALRPR.TA,17895.19,25
25/01/2025,ALRPR.TA,17771.89167,26
26/01/2025,ALRPR.TA,17231.19692,27
27/01/2025,ALRPR.TA,17353.90706,28
28/01/2025,ALRPR.TA,17148.30687,29
29/01/2025,ALRPR.TA,17590.90217,30
31/12/2024,ALUMA.TA,41.36760785,1
01/01/2025,ALUMA.TA,40.13028438,2
02/01/2025,ALUMA.TA,40.60442422,3
03/01/2025,ALUMA.TA,41.17814012,4
04/01/2025,ALUMA.TA,37.89715508,5
05/01/2025,ALUMA.TA,36.8848687,6
06/01/2025,ALUMA.TA,35.27339383,7
07/01/2025,ALUMA.TA,36.50824983,8
08/01/2025,ALUMA.TA,35.44396562,9
09/01/2025,ALUMA.TA,37.99867892,10
10/01/2025,ALUMA.TA,37.21830716,11
11/01/2025,ALUMA.TA,38.07354902,12
12/01/2025,ALUMA.TA,38.96439208,13
13/01/2025,ALUMA.TA,41.51321247,14
14/01/2025,ALUMA.TA,43.22603734,15
15/01/2025,ALUMA.TA,41.28321897,16
16/01/2025,ALUMA.TA,42.8309932,17
17/01/2025,ALUMA.TA,44.80750257,18
18/01/2025,ALUMA.TA,45.10848228,19
19/01/2025,ALUMA.TA,47.83920722,20
20/01/2025,ALUMA.TA,48.5661884,21
21/01/2025,ALUMA.TA,47.98934925,22
22/01/2025,ALUMA.TA,47.94707478,23
23/01/2025,ALUMA.TA,46.57226542,24
24/01/2025,ALUMA.TA,48.61872515,25
25/01/2025,ALUMA.TA,49.89867375,26
26/01/2025,ALUMA.TA,51.13136453,27
27/01/2025,ALUMA.TA,49.27125915,28
28/01/2025,ALUMA.TA,49.64751863,29
29/01/2025,ALUMA.TA,50.98654281,30
31/12/2024,AMAN.TA,1636.349986,1
01/01/2025,AMAN.TA,1641.473968,2
02/01/2025,AMAN.TA,1643.104875,3
03/01/2025,AMAN.TA,1664.720027,4
04/01/2025,AMAN.TA,1628.095811,5
05/01/2025,AMAN.TA,1625.702255,6
06/01/2025,AMAN.TA,1635.636587,7
07/01/2025,AMAN.TA,1617.950752,8
08/01/2025,AMAN.TA,1609.822866,9
09/01/2025,AMAN.TA,1617.010654,10
10/01/2025,AMAN.TA,1623.876539,11
11/01/2025,AMAN.TA,1631.381996,12
12/01/2025,AMAN.TA,1664.141652,13
13/01/2025,AMAN.TA,1649.529411,14
14/01/2025,AMAN.TA,1677.122967,15
15/01/2025,AMAN.TA,1722.540742,16
16/01/2025,AMAN.TA,1741.974155,17
17/01/2025,AMAN.TA,1728.127441,18
18/01/2025,AMAN.TA,1701.619099,19
19/01/2025,AMAN.TA,1681.902045,20
20/01/2025,AMAN.TA,1672.262682,21
21/01/2025,AMAN.TA,1642.644418,22
22/01/2025,AMAN.TA,1672.038017,23
23/01/2025,AMAN.TA,1666.510396,24
24/01/2025,AMAN.TA,1671.534779,25
25/01/2025,AMAN.TA,1727.509321,26
26/01/2025,AMAN.TA,1700.015208,27
27/01/2025,AMAN.TA,1704.176864,28
28/01/2025,AMAN.TA,1679.799796,29
29/01/2025,AMAN.TA,1681.101058,30
31/12/2024,AMD.TA,934.7081961,1
01/01/2025,AMD.TA,931.218,2
02/01/2025,AMD.TA,944.6649051,3
03/01/2025,AMD.TA,953.8956839,4
04/01/2025,AMD.TA,952.568148,5
05/01/2025,AMD.TA,942.7462618,6
06/01/2025,AMD.TA,930.7920094,7
07/01/2025,AMD.TA,930.5518398,8
08/01/2025,AMD.TA,925.9270331,9
09/01/2025,AMD.TA,920.5114273,10
10/01/2025,AMD.TA,921.9135747,11
11/01/2025,AMD.TA,923.0885635,12
12/01/2025,AMD.TA,923.4366625,13
13/01/2025,AMD.TA,903.450322,14
14/01/2025,AMD.TA,908.7697956,15
15/01/2025,AMD.TA,903.9409209,16
16/01/2025,AMD.TA,882.7058572,17
17/01/2025,AMD.TA,882.4778725,18
18/01/2025,AMD.TA,883.005632,19
19/01/2025,AMD.TA,927.7150292,20
20/01/2025,AMD.TA,951.9369836,21
21/01/2025,AMD.TA,950.3457838,22
22/01/2025,AMD.TA,972.9884836,23
23/01/2025,AMD.TA,985.9226123,24
24/01/2025,AMD.TA,977.6334865,25
25/01/2025,AMD.TA,966.2583433,26
26/01/2025,AMD.TA,956.9472889,27
27/01/2025,AMD.TA,973.6819728,28
28/01/2025,AMD.TA,957.7866831,29
29/01/2025,AMD.TA,985.111698,30
31/12/2024,AMRK.TA,2891.324858,1
01/01/2025,AMRK.TA,2840.834258,2
02/01/2025,AMRK.TA,2885.027261,3
03/01/2025,AMRK.TA,2899.044008,4
04/01/2025,AMRK.TA,2947.361265,5
05/01/2025,AMRK.TA,2982.659442,6
06/01/2025,AMRK.TA,2960.741764,7
07/01/2025,AMRK.TA,3011.45739,8
08/01/2025,AMRK.TA,2937.677336,9
09/01/2025,AMRK.TA,2972.744176,10
10/01/2025,AMRK.TA,3046.380201,11
11/01/2025,AMRK.TA,3090.039914,12
12/01/2025,AMRK.TA,3098.278003,13
13/01/2025,AMRK.TA,3096.364533,14
14/01/2025,AMRK.TA,3251.093638,15
15/01/2025,AMRK.TA,3308.074352,16
16/01/2025,AMRK.TA,3291.538331,17
17/01/2025,AMRK.TA,3181.652018,18
18/01/2025,AMRK.TA,3162.270665,19
19/01/2025,AMRK.TA,3231.834403,20
20/01/2025,AMRK.TA,3267.280661,21
21/01/2025,AMRK.TA,3300.957924,22
22/01/2025,AMRK.TA,3314.955994,23
23/01/2025,AMRK.TA,3309.895033,24
24/01/2025,AMRK.TA,3305.819886,25
25/01/2025,AMRK.TA,3304.521441,26
26/01/2025,AMRK.TA,3333.904989,27
27/01/2025,AMRK.TA,3404.649081,28
28/01/2025,AMRK.TA,3369.808168,29
29/01/2025,AMRK.TA,3282.638464,30
31/12/2024,AMOT.TA,2028.933861,1
01/01/2025,AMOT.TA,2044.033155,2
02/01/2025,AMOT.TA,2052.112551,3
03/01/2025,AMOT.TA,2120.33538,4
04/01/2025,AMOT.TA,2207.987836,5
05/01/2025,AMOT.TA,2240.188888,6
06/01/2025,AMOT.TA,2217.101012,7
07/01/2025,AMOT.TA,2275.176207,8
08/01/2025,AMOT.TA,2247.251996,9
09/01/2025,AMOT.TA,2280.551316,10
10/01/2025,AMOT.TA,2293.900471,11
11/01/2025,AMOT.TA,2245.60558,12
12/01/2025,AMOT.TA,2228.216011,13
13/01/2025,AMOT.TA,2164.562147,14
14/01/2025,AMOT.TA,2198.129569,15
15/01/2025,AMOT.TA,2128.692663,16
16/01/2025,AMOT.TA,2135.054022,17
17/01/2025,AMOT.TA,2125.069063,18
18/01/2025,AMOT.TA,2058.667358,19
19/01/2025,AMOT.TA,2114.732436,20
20/01/2025,AMOT.TA,2100.822244,21
21/01/2025,AMOT.TA,2076.562512,22
22/01/2025,AMOT.TA,2056.610249,23
23/01/2025,AMOT.TA,2030.389128,24
24/01/2025,AMOT.TA,2025.567271,25
25/01/2025,AMOT.TA,2072.273883,26
26/01/2025,AMOT.TA,2101.058549,27
27/01/2025,AMOT.TA,2131.991042,28
28/01/2025,AMOT.TA,2197.27359,29
29/01/2025,AMOT.TA,2238.67663,30
31/12/2024,AMRM.TA,3160.48783,1
01/01/2025,AMRM.TA,3148.616718,2
02/01/2025,AMRM.TA,3156.932496,3
03/01/2025,AMRM.TA,3167.836364,4
04/01/2025,AMRM.TA,3178.594091,5
05/01/2025,AMRM.TA,3176.974237,6
06/01/2025,AMRM.TA,3167.997458,7
07/01/2025,AMRM.TA,3160.244864,8
08/01/2025,AMRM.TA,3159.250269,9
09/01/2025,AMRM.TA,3161.888736,10
10/01/2025,AMRM.TA,3162.164638,11
11/01/2025,AMRM.TA,3156.629631,12
12/01/2025,AMRM.TA,3157.710804,13
13/01/2025,AMRM.TA,3147.55811,14
14/01/2025,AMRM.TA,3161.972801,15
15/01/2025,AMRM.TA,3167.18534,16
16/01/2025,AMRM.TA,3156.8319,17
17/01/2025,AMRM.TA,3160.296507,18
18/01/2025,AMRM.TA,3174.72706,19
19/01/2025,AMRM.TA,3183.91817,20
20/01/2025,AMRM.TA,3190.881121,21
21/01/2025,AMRM.TA,3195.584142,22
22/01/2025,AMRM.TA,3195.717712,23
23/01/2025,AMRM.TA,3190.619605,24
24/01/2025,AMRM.TA,3181.842843,25
25/01/2025,AMRM.TA,3184.005024,26
26/01/2025,AMRM.TA,3183.160425,27
27/01/2025,AMRM.TA,3174.371012,28
28/01/2025,AMRM.TA,3178.678059,29
29/01/2025,AMRM.TA,3182.400368,30
31/12/2024,ANGL.TA,3657.609617,1
01/01/2025,ANGL.TA,3732.354974,2
02/01/2025,ANGL.TA,3742.633729,3
03/01/2025,ANGL.TA,3825.741228,4
04/01/2025,ANGL.TA,3596.365411,5
05/01/2025,ANGL.TA,3461.283433,6
06/01/2025,ANGL.TA,3527.192907,7
07/01/2025,ANGL.TA,3679.440709,8
08/01/2025,ANGL.TA,3582.454045,9
09/01/2025,ANGL.TA,3561.049855,10
10/01/2025,ANGL.TA,3674.091197,11
11/01/2025,ANGL.TA,3579.133259,12
12/01/2025,ANGL.TA,3583.832148,13
13/01/2025,ANGL.TA,3712.075703,14
14/01/2025,ANGL.TA,3677.62427,15
15/01/2025,ANGL.TA,3776.398271,16
16/01/2025,ANGL.TA,3676.510725,17
17/01/2025,ANGL.TA,3870.511519,18
18/01/2025,ANGL.TA,3973.359083,19
19/01/2025,ANGL.TA,4069.402809,20
20/01/2025,ANGL.TA,4140.382465,21
21/01/2025,ANGL.TA,4043.027078,22
22/01/2025,ANGL.TA,3982.951202,23
23/01/2025,ANGL.TA,3952.416767,24
24/01/2025,ANGL.TA,3933.446415,25
25/01/2025,ANGL.TA,3831.00477,26
26/01/2025,ANGL.TA,3885.240932,27
27/01/2025,ANGL.TA,3823.418112,28
28/01/2025,ANGL.TA,3827.913254,29
29/01/2025,ANGL.TA,3963.098039,30
31/12/2024,APLP.TA,335.4763955,1
01/01/2025,APLP.TA,330.1917567,2
02/01/2025,APLP.TA,342.681087,3
03/01/2025,APLP.TA,375.36533,4
04/01/2025,APLP.TA,351.6068484,5
05/01/2025,APLP.TA,334.6978444,6
06/01/2025,APLP.TA,277.6527921,7
07/01/2025,APLP.TA,258.4975734,8
08/01/2025,APLP.TA,256.3796208,9
09/01/2025,APLP.TA,281.7132141,10
10/01/2025,APLP.TA,281.0458831,11
11/01/2025,APLP.TA,286.200838,12
12/01/2025,APLP.TA,313.4179676,13
13/01/2025,APLP.TA,333.6525616,14
14/01/2025,APLP.TA,263.7712934,15
15/01/2025,APLP.TA,284.9034695,16
16/01/2025,APLP.TA,227.3235794,17
17/01/2025,APLP.TA,237.1173661,18
18/01/2025,APLP.TA,249.6487863,19
19/01/2025,APLP.TA,217.3157581,20
20/01/2025,APLP.TA,207.0766903,21
21/01/2025,APLP.TA,172.5027506,22
22/01/2025,APLP.TA,183.306486,23
23/01/2025,APLP.TA,179.183143,24
24/01/2025,APLP.TA,156.8108143,25
25/01/2025,APLP.TA,169.7690188,26
26/01/2025,APLP.TA,202.4556037,27
27/01/2025,APLP.TA,229.2038494,28
28/01/2025,APLP.TA,234.409084,29
29/01/2025,APLP.TA,240.8886083,30
31/12/2024,AQUA.TA,94.52407941,1
01/01/2025,AQUA.TA,95.44556726,2
02/01/2025,AQUA.TA,96.47172094,3
03/01/2025,AQUA.TA,91.5464698,4
04/01/2025,AQUA.TA,79.56244479,5
05/01/2025,AQUA.TA,70.19873891,6
06/01/2025,AQUA.TA,75.33716131,7
07/01/2025,AQUA.TA,74.91055266,8
08/01/2025,AQUA.TA,67.49618065,9
09/01/2025,AQUA.TA,80.00800053,10
10/01/2025,AQUA.TA,64.9388037,11
11/01/2025,AQUA.TA,63.01530483,12
12/01/2025,AQUA.TA,72.94800407,13
13/01/2025,AQUA.TA,85.56486048,14
14/01/2025,AQUA.TA,76.95875337,15
15/01/2025,AQUA.TA,82.72886412,16
16/01/2025,AQUA.TA,75.34062043,17
17/01/2025,AQUA.TA,71.48091225,18
18/01/2025,AQUA.TA,68.53150698,19
19/01/2025,AQUA.TA,73.5186306,20
20/01/2025,AQUA.TA,70.4423181,21
21/01/2025,AQUA.TA,75.69301118,22
22/01/2025,AQUA.TA,71.21392451,23
23/01/2025,AQUA.TA,64.30594592,24
24/01/2025,AQUA.TA,79.11426716,25
25/01/2025,AQUA.TA,74.09560882,26
26/01/2025,AQUA.TA,74.58387306,27
27/01/2025,AQUA.TA,87.12946554,28
28/01/2025,AQUA.TA,79.4193369,29
29/01/2025,AQUA.TA,74.06219408,30
31/12/2024,ARD.TA,4879.392503,1
01/01/2025,ARD.TA,4880.110867,2
02/01/2025,ARD.TA,4930.161665,3
03/01/2025,ARD.TA,4942.355703,4
04/01/2025,ARD.TA,5012.884988,5
05/01/2025,ARD.TA,5058.984831,6
06/01/2025,ARD.TA,5097.544829,7
07/01/2025,ARD.TA,5079.591715,8
08/01/2025,ARD.TA,5068.150364,9
09/01/2025,ARD.TA,5133.857611,10
10/01/2025,ARD.TA,5272.769913,11
11/01/2025,ARD.TA,5173.134066,12
12/01/2025,ARD.TA,5086.738097,13
13/01/2025,ARD.TA,5024.419067,14
14/01/2025,ARD.TA,4889.575324,15
15/01/2025,ARD.TA,4802.370545,16
16/01/2025,ARD.TA,4810.984186,17
17/01/2025,ARD.TA,4838.142233,18
18/01/2025,ARD.TA,4966.84316,19
19/01/2025,ARD.TA,4992.219529,20
20/01/2025,ARD.TA,4965.406983,21
21/01/2025,ARD.TA,4857.530613,22
22/01/2025,ARD.TA,4782.240278,23
23/01/2025,ARD.TA,4820.499031,24
24/01/2025,ARD.TA,4833.268054,25
25/01/2025,ARD.TA,4878.86448,26
26/01/2025,ARD.TA,4956.28584,27
27/01/2025,ARD.TA,4894.115709,28
28/01/2025,ARD.TA,4864.316095,29
29/01/2025,ARD.TA,4904.814294,30
31/12/2024,ARAN.TA,1975.468514,1
01/01/2025,ARAN.TA,1924.324766,2
02/01/2025,ARAN.TA,1927.390334,3
03/01/2025,ARAN.TA,1916.559473,4
04/01/2025,ARAN.TA,1917.569616,5
05/01/2025,ARAN.TA,1912.500576,6
06/01/2025,ARAN.TA,1910.617816,7
07/01/2025,ARAN.TA,1936.83822,8
08/01/2025,ARAN.TA,1953.721519,9
09/01/2025,ARAN.TA,1949.737274,10
10/01/2025,ARAN.TA,1941.212523,11
11/01/2025,ARAN.TA,1973.498541,12
12/01/2025,ARAN.TA,1942.786793,13
13/01/2025,ARAN.TA,1913.207862,14
14/01/2025,ARAN.TA,1957.319141,15
15/01/2025,ARAN.TA,1965.706028,16
16/01/2025,ARAN.TA,1921.522235,17
17/01/2025,ARAN.TA,1942.818001,18
18/01/2025,ARAN.TA,1966.221726,19
19/01/2025,ARAN.TA,1966.330983,20
20/01/2025,ARAN.TA,1957.214976,21
21/01/2025,ARAN.TA,1913.760151,22
22/01/2025,ARAN.TA,1879.842221,23
23/01/2025,ARAN.TA,1917.18019,24
24/01/2025,ARAN.TA,1925.106838,25
25/01/2025,ARAN.TA,1945.579026,26
26/01/2025,ARAN.TA,1953.44489,27
27/01/2025,ARAN.TA,1926.071488,28
28/01/2025,ARAN.TA,1944.029147,29
29/01/2025,ARAN.TA,1959.279097,30
31/12/2024,ARBE.TA,646.9963569,1
01/01/2025,ARBE.TA,643.491014,2
02/01/2025,ARBE.TA,647.8419977,3
03/01/2025,ARBE.TA,650.9375724,4
04/01/2025,ARBE.TA,651.3174079,5
05/01/2025,ARBE.TA,644.252728,6
06/01/2025,ARBE.TA,639.3206561,7
07/01/2025,ARBE.TA,636.9224183,8
08/01/2025,ARBE.TA,637.7967525,9
09/01/2025,ARBE.TA,636.3756023,10
10/01/2025,ARBE.TA,641.3987872,11
11/01/2025,ARBE.TA,640.7996648,12
12/01/2025,ARBE.TA,643.1558999,13
13/01/2025,ARBE.TA,645.9974232,14
14/01/2025,ARBE.TA,644.1188146,15
15/01/2025,ARBE.TA,648.4883799,16
16/01/2025,ARBE.TA,649.2267485,17
17/01/2025,ARBE.TA,653.8802696,18
18/01/2025,ARBE.TA,657.1524472,19
19/01/2025,ARBE.TA,665.8238677,20
20/01/2025,ARBE.TA,671.644326,21
21/01/2025,ARBE.TA,668.5234863,22
22/01/2025,ARBE.TA,668.9510646,23
23/01/2025,ARBE.TA,671.326334,24
24/01/2025,ARBE.TA,673.4018754,25
25/01/2025,ARBE.TA,675.8533447,26
26/01/2025,ARBE.TA,682.3454797,27
27/01/2025,ARBE.TA,687.557002,28
28/01/2025,ARBE.TA,684.3168413,29
29/01/2025,ARBE.TA,686.1429379,30
31/12/2024,ARGO.TA,9594.447085,1
01/01/2025,ARGO.TA,9532.378627,2
02/01/2025,ARGO.TA,9942.679393,3
03/01/2025,ARGO.TA,10319.81973,4
04/01/2025,ARGO.TA,10550.41678,5
05/01/2025,ARGO.TA,10501.99646,6
06/01/2025,ARGO.TA,10087.0308,7
07/01/2025,ARGO.TA,10190.81449,8
08/01/2025,ARGO.TA,9973.636624,9
09/01/2025,ARGO.TA,9937.769288,10
10/01/2025,ARGO.TA,10148.99096,11
11/01/2025,ARGO.TA,10126.00291,12
12/01/2025,ARGO.TA,9643.453573,13
13/01/2025,ARGO.TA,9471.299178,14
14/01/2025,ARGO.TA,9763.25204,15
15/01/2025,ARGO.TA,9629.942135,16
16/01/2025,ARGO.TA,9389.025058,17
17/01/2025,ARGO.TA,9680.895491,18
18/01/2025,ARGO.TA,9989.548022,19
19/01/2025,ARGO.TA,9712.798969,20
20/01/2025,ARGO.TA,9660.026147,21
21/01/2025,ARGO.TA,9814.067814,22
22/01/2025,ARGO.TA,10158.33458,23
23/01/2025,ARGO.TA,10033.42736,24
24/01/2025,ARGO.TA,10009.24949,25
25/01/2025,ARGO.TA,10036.09047,26
26/01/2025,ARGO.TA,9989.892507,27
27/01/2025,ARGO.TA,10140.60029,28
28/01/2025,ARGO.TA,10122.45736,29
29/01/2025,ARGO.TA,9456.341347,30
31/12/2024,ARIN.TA,242.5336551,1
01/01/2025,ARIN.TA,259.7979554,2
02/01/2025,ARIN.TA,242.5611912,3
03/01/2025,ARIN.TA,227.5169027,4
04/01/2025,ARIN.TA,224.9482065,5
05/01/2025,ARIN.TA,214.4567459,6
06/01/2025,ARIN.TA,216.6905798,7
07/01/2025,ARIN.TA,209.6180351,8
08/01/2025,ARIN.TA,219.1294686,9
09/01/2025,ARIN.TA,220.9510216,10
10/01/2025,ARIN.TA,224.4228669,11
11/01/2025,ARIN.TA,211.5440128,12
12/01/2025,ARIN.TA,215.4441193,13
13/01/2025,ARIN.TA,218.1630346,14
14/01/2025,ARIN.TA,201.6266691,15
15/01/2025,ARIN.TA,214.984219,16
16/01/2025,ARIN.TA,225.746847,17
17/01/2025,ARIN.TA,220.4486143,18
18/01/2025,ARIN.TA,236.9346044,19
19/01/2025,ARIN.TA,238.0142256,20
20/01/2025,ARIN.TA,249.8736646,21
21/01/2025,ARIN.TA,258.0786482,22
22/01/2025,ARIN.TA,248.8961978,23
23/01/2025,ARIN.TA,232.3410755,24
24/01/2025,ARIN.TA,233.5887242,25
25/01/2025,ARIN.TA,232.9208948,26
26/01/2025,ARIN.TA,216.2871004,27
27/01/2025,ARIN.TA,212.5994186,28
28/01/2025,ARIN.TA,240.8705119,29
29/01/2025,ARIN.TA,241.6146026,30
31/12/2024,ARYT.TA,651.2777585,1
01/01/2025,ARYT.TA,654.5161977,2
02/01/2025,ARYT.TA,684.9062585,3
03/01/2025,ARYT.TA,715.302143,4
04/01/2025,ARYT.TA,754.2969046,5
05/01/2025,ARYT.TA,747.9312651,6
06/01/2025,ARYT.TA,764.7964505,7
07/01/2025,ARYT.TA,768.2943559,8
08/01/2025,ARYT.TA,716.372527,9
09/01/2025,ARYT.TA,717.8962126,10
10/01/2025,ARYT.TA,727.4779816,11
11/01/2025,ARYT.TA,748.7328872,12
12/01/2025,ARYT.TA,741.1848219,13
13/01/2025,ARYT.TA,743.8314021,14
14/01/2025,ARYT.TA,783.807802,15
15/01/2025,ARYT.TA,817.5054047,16
16/01/2025,ARYT.TA,803.9455091,17
17/01/2025,ARYT.TA,799.6812183,18
18/01/2025,ARYT.TA,836.2886229,19
19/01/2025,ARYT.TA,837.8490432,20
20/01/2025,ARYT.TA,868.6023786,21
21/01/2025,ARYT.TA,815.9325885,22
22/01/2025,ARYT.TA,806.8554737,23
23/01/2025,ARYT.TA,761.3443279,24
24/01/2025,ARYT.TA,780.7714815,25
25/01/2025,ARYT.TA,787.0451167,26
26/01/2025,ARYT.TA,824.000414,27
27/01/2025,ARYT.TA,846.626822,28
28/01/2025,ARYT.TA,891.8390652,29
29/01/2025,ARYT.TA,923.7601081,30
31/12/2024,ARF.TA,5940.068768,1
01/01/2025,ARF.TA,5942.057886,2
02/01/2025,ARF.TA,5938.554247,3
03/01/2025,ARF.TA,5925.24341,4
04/01/2025,ARF.TA,5896.551356,5
05/01/2025,ARF.TA,5903.841834,6
06/01/2025,ARF.TA,5922.527925,7
07/01/2025,ARF.TA,5903.241234,8
08/01/2025,ARF.TA,5890.347702,9
09/01/2025,ARF.TA,5878.055748,10
10/01/2025,ARF.TA,5883.620114,11
11/01/2025,ARF.TA,5883.310496,12
12/01/2025,ARF.TA,5880.421947,13
13/01/2025,ARF.TA,5861.171489,14
14/01/2025,ARF.TA,5864.988288,15
15/01/2025,ARF.TA,5878.199056,16
16/01/2025,ARF.TA,5864.008828,17
17/01/2025,ARF.TA,5842.886485,18
18/01/2025,ARF.TA,5840.994915,19
19/01/2025,ARF.TA,5847.472741,20
20/01/2025,ARF.TA,5832.89124,21
21/01/2025,ARF.TA,5810.345544,22
22/01/2025,ARF.TA,5818.484166,23
23/01/2025,ARF.TA,5811.439249,24
24/01/2025,ARF.TA,5805.604502,25
25/01/2025,ARF.TA,5805.502748,26
26/01/2025,ARF.TA,5812.878752,27
27/01/2025,ARF.TA,5805.943046,28
28/01/2025,ARF.TA,5804.63101,29
29/01/2025,ARF.TA,5800.325831,30
31/12/2024,ASHO.TA,4078.643471,1
01/01/2025,ASHO.TA,4171.755664,2
02/01/2025,ASHO.TA,4189.372208,3
03/01/2025,ASHO.TA,4162.870081,4
04/01/2025,ASHO.TA,4182.877907,5
05/01/2025,ASHO.TA,4242.501462,6
06/01/2025,ASHO.TA,4460.115317,7
07/01/2025,ASHO.TA,4506.447236,8
08/01/2025,ASHO.TA,4515.580889,9
09/01/2025,ASHO.TA,4658.880659,10
10/01/2025,ASHO.TA,4753.433859,11
11/01/2025,ASHO.TA,5030.647716,12
12/01/2025,ASHO.TA,5233.334668,13
13/01/2025,ASHO.TA,5407.747788,14
14/01/2025,ASHO.TA,5307.675773,15
15/01/2025,ASHO.TA,5426.011339,16
16/01/2025,ASHO.TA,5643.690079,17
17/01/2025,ASHO.TA,5602.752122,18
18/01/2025,ASHO.TA,5512.910188,19
19/01/2025,ASHO.TA,5179.68297,20
20/01/2025,ASHO.TA,5170.190149,21
21/01/2025,ASHO.TA,5511.136924,22
22/01/2025,ASHO.TA,5349.95828,23
23/01/2025,ASHO.TA,5415.486965,24
24/01/2025,ASHO.TA,5097.530207,25
25/01/2025,ASHO.TA,5276.90041,26
26/01/2025,ASHO.TA,4993.115285,27
27/01/2025,ASHO.TA,5168.951466,28
28/01/2025,ASHO.TA,5246.888955,29
29/01/2025,ASHO.TA,5182.609811,30
31/12/2024,ASHG.TA,6379.783984,1
01/01/2025,ASHG.TA,6506.224617,2
02/01/2025,ASHG.TA,6342.834578,3
03/01/2025,ASHG.TA,6255.880943,4
04/01/2025,ASHG.TA,6284.403884,5
05/01/2025,ASHG.TA,6176.315566,6
06/01/2025,ASHG.TA,6283.871822,7
07/01/2025,ASHG.TA,6299.102389,8
08/01/2025,ASHG.TA,6109.258401,9
09/01/2025,ASHG.TA,6031.357879,10
10/01/2025,ASHG.TA,6211.421502,11
11/01/2025,ASHG.TA,6109.059143,12
12/01/2025,ASHG.TA,6217.578274,13
13/01/2025,ASHG.TA,6211.443919,14
14/01/2025,ASHG.TA,6252.503863,15
15/01/2025,ASHG.TA,6209.893317,16
16/01/2025,ASHG.TA,6445.491159,17
17/01/2025,ASHG.TA,6776.957971,18
18/01/2025,ASHG.TA,6777.788339,19
19/01/2025,ASHG.TA,6891.735434,20
20/01/2025,ASHG.TA,7235.63299,21
21/01/2025,ASHG.TA,7496.198468,22
22/01/2025,ASHG.TA,7694.3655,23
23/01/2025,ASHG.TA,7907.97959,24
24/01/2025,ASHG.TA,7749.597714,25
25/01/2025,ASHG.TA,7670.374834,26
26/01/2025,ASHG.TA,8116.946209,27
27/01/2025,ASHG.TA,8113.134591,28
28/01/2025,ASHG.TA,7984.750523,29
29/01/2025,ASHG.TA,7888.051152,30
31/12/2024,ASGR.TA,667.9691253,1
01/01/2025,ASGR.TA,662.9894318,2
02/01/2025,ASGR.TA,683.6888616,3
03/01/2025,ASGR.TA,705.3916272,4
04/01/2025,ASGR.TA,706.2292453,5
05/01/2025,ASGR.TA,709.750321,6
06/01/2025,ASGR.TA,702.4464062,7
07/01/2025,ASGR.TA,731.2349799,8
08/01/2025,ASGR.TA,788.3688138,9
09/01/2025,ASGR.TA,804.2126149,10
10/01/2025,ASGR.TA,786.5551269,11
11/01/2025,ASGR.TA,808.5787958,12
12/01/2025,ASGR.TA,811.5602169,13
13/01/2025,ASGR.TA,828.5666094,14
14/01/2025,ASGR.TA,829.6570398,15
15/01/2025,ASGR.TA,816.6534303,16
16/01/2025,ASGR.TA,789.4235236,17
17/01/2025,ASGR.TA,820.3508411,18
18/01/2025,ASGR.TA,820.1157354,19
19/01/2025,ASGR.TA,832.9814953,20
20/01/2025,ASGR.TA,837.721555,21
21/01/2025,ASGR.TA,866.8357849,22
22/01/2025,ASGR.TA,858.4573871,23
23/01/2025,ASGR.TA,895.2851555,24
24/01/2025,ASGR.TA,912.856966,25
25/01/2025,ASGR.TA,917.8235238,26
26/01/2025,ASGR.TA,928.5567009,27
27/01/2025,ASGR.TA,939.0771667,28
28/01/2025,ASGR.TA,977.8610118,29
29/01/2025,ASGR.TA,964.6644812,30
31/12/2024,AUDC.TA,3423.247802,1
01/01/2025,AUDC.TA,3941.082227,2
02/01/2025,AUDC.TA,4286.768397,3
03/01/2025,AUDC.TA,4977.638062,4
04/01/2025,AUDC.TA,5549.248969,5
05/01/2025,AUDC.TA,6283.057931,6
06/01/2025,AUDC.TA,5761.437487,7
07/01/2025,AUDC.TA,6668.08037,8
08/01/2025,AUDC.TA,5267.569375,9
09/01/2025,AUDC.TA,5009.248792,10
10/01/2025,AUDC.TA,5388.823021,11
11/01/2025,AUDC.TA,5522.178886,12
12/01/2025,AUDC.TA,5412.89385,13
13/01/2025,AUDC.TA,4901.449261,14
14/01/2025,AUDC.TA,5414.156692,15
15/01/2025,AUDC.TA,4709.171743,16
16/01/2025,AUDC.TA,5034.362166,17
17/01/2025,AUDC.TA,5639.771229,18
18/01/2025,AUDC.TA,6111.962046,19
19/01/2025,AUDC.TA,5833.057838,20
20/01/2025,AUDC.TA,5748.144103,21
21/01/2025,AUDC.TA,5300.504606,22
22/01/2025,AUDC.TA,4607.303394,23
23/01/2025,AUDC.TA,3849.078906,24
24/01/2025,AUDC.TA,4174.749845,25
25/01/2025,AUDC.TA,3537.054161,26
26/01/2025,AUDC.TA,3562.050598,27
27/01/2025,AUDC.TA,3597.322649,28
28/01/2025,AUDC.TA,3469.614124,29
29/01/2025,AUDC.TA,3462.695227,30
31/12/2024,AUGN.TA,838.0428343,1
01/01/2025,AUGN.TA,1062.259933,2
02/01/2025,AUGN.TA,683.3712984,3
03/01/2025,AUGN.TA,1082.313081,4
04/01/2025,AUGN.TA,1189.120259,5
05/01/2025,AUGN.TA,1423.141093,6
06/01/2025,AUGN.TA,2078.733528,7
07/01/2025,AUGN.TA,2799.84746,8
08/01/2025,AUGN.TA,415.2987882,9
09/01/2025,AUGN.TA,481.4161189,10
10/01/2025,AUGN.TA,674.9133816,11
11/01/2025,AUGN.TA,1076.216186,12
12/01/2025,AUGN.TA,1322.784863,13
13/01/2025,AUGN.TA,1027.551119,14
14/01/2025,AUGN.TA,904.7173371,15
15/01/2025,AUGN.TA,989.9081126,16
16/01/2025,AUGN.TA,1553.717766,17
17/01/2025,AUGN.TA,1141.840439,18
18/01/2025,AUGN.TA,970.1934552,19
19/01/2025,AUGN.TA,1223.535742,20
20/01/2025,AUGN.TA,1132.477354,21
21/01/2025,AUGN.TA,761.4704918,22
22/01/2025,AUGN.TA,721.8479333,23
23/01/2025,AUGN.TA,852.6776685,24
24/01/2025,AUGN.TA,772.3787319,25
25/01/2025,AUGN.TA,967.4499637,26
26/01/2025,AUGN.TA,1206.222511,27
27/01/2025,AUGN.TA,1160.232928,28
28/01/2025,AUGN.TA,1211.474237,29
29/01/2025,AUGN.TA,1125.671434,30
31/12/2024,AURA.TA,2029.950122,1
01/01/2025,AURA.TA,2044.429254,2
02/01/2025,AURA.TA,2080.426293,3
03/01/2025,AURA.TA,2097.462235,4
04/01/2025,AURA.TA,2109.16201,5
05/01/2025,AURA.TA,2067.412925,6
06/01/2025,AURA.TA,2003.717325,7
07/01/2025,AURA.TA,2027.977309,8
08/01/2025,AURA.TA,2014.88082,9
09/01/2025,AURA.TA,2010.638283,10
10/01/2025,AURA.TA,1958.113167,11
11/01/2025,AURA.TA,1998.464586,12
12/01/2025,AURA.TA,1957.285105,13
13/01/2025,AURA.TA,1964.167109,14
14/01/2025,AURA.TA,1953.117562,15
15/01/2025,AURA.TA,1888.443283,16
16/01/2025,AURA.TA,1890.95868,17
17/01/2025,AURA.TA,1924.162469,18
18/01/2025,AURA.TA,1876.321232,19
19/01/2025,AURA.TA,1885.489778,20
20/01/2025,AURA.TA,1861.101847,21
21/01/2025,AURA.TA,1818.87045,22
22/01/2025,AURA.TA,1812.654392,23
23/01/2025,AURA.TA,1861.845528,24
24/01/2025,AURA.TA,1870.751547,25
25/01/2025,AURA.TA,1941.173362,26
26/01/2025,AURA.TA,1916.529392,27
27/01/2025,AURA.TA,1939.383647,28
28/01/2025,AURA.TA,1937.845885,29
29/01/2025,AURA.TA,2047.05091,30
31/12/2024,AUSA-M.TA,3.39870136,1
01/01/2025,AUSA-M.TA,5.32615675,2
02/01/2025,AUSA-M.TA,6.71024484,3
03/01/2025,AUSA-M.TA,10.89818019,4
04/01/2025,AUSA-M.TA,17.63355762,5
05/01/2025,AUSA-M.TA,18.79697095,6
06/01/2025,AUSA-M.TA,18.26998163,7
07/01/2025,AUSA-M.TA,19.68680026,8
08/01/2025,AUSA-M.TA,9.77710668,9
09/01/2025,AUSA-M.TA,13.60643142,10
10/01/2025,AUSA-M.TA,14.833351,11
11/01/2025,AUSA-M.TA,16.90780916,12
12/01/2025,AUSA-M.TA,14.97579737,13
13/01/2025,AUSA-M.TA,20.30095543,14
14/01/2025,AUSA-M.TA,17.27795346,15
15/01/2025,AUSA-M.TA,17.28166777,16
16/01/2025,AUSA-M.TA,19.49447185,17
17/01/2025,AUSA-M.TA,24.63425171,18
18/01/2025,AUSA-M.TA,18.89552711,19
19/01/2025,AUSA-M.TA,12.07688395,20
20/01/2025,AUSA-M.TA,11.33326922,21
21/01/2025,AUSA-M.TA,12.10153807,22
22/01/2025,AUSA-M.TA,11.84659135,23
23/01/2025,AUSA-M.TA,14.74921681,24
24/01/2025,AUSA-M.TA,21.10537552,25
25/01/2025,AUSA-M.TA,13.37750059,26
26/01/2025,AUSA-M.TA,10.93659448,27
27/01/2025,AUSA-M.TA,10.60364548,28
28/01/2025,AUSA-M.TA,6.29106639,29
29/01/2025,AUSA-M.TA,8.10044775,30
31/12/2024,AUIS.TA,801.1471144,1
01/01/2025,AUIS.TA,1008.958973,2
02/01/2025,AUIS.TA,1106.88599,3
03/01/2025,AUIS.TA,874.6274863,4
04/01/2025,AUIS.TA,992.8930682,5
05/01/2025,AUIS.TA,929.9581685,6
06/01/2025,AUIS.TA,585.4991759,7
07/01/2025,AUIS.TA,833.3567117,8
08/01/2025,AUIS.TA,813.161446,9
09/01/2025,AUIS.TA,952.4310747,10
10/01/2025,AUIS.TA,1403.761595,11
11/01/2025,AUIS.TA,1546.33281,12
12/01/2025,AUIS.TA,1399.778203,13
13/01/2025,AUIS.TA,1565.197951,14
14/01/2025,AUIS.TA,1215.510967,15
15/01/2025,AUIS.TA,1222.323472,16
16/01/2025,AUIS.TA,968.4205025,17
17/01/2025,AUIS.TA,847.6825766,18
18/01/2025,AUIS.TA,1417.682481,19
19/01/2025,AUIS.TA,1004.805023,20
20/01/2025,AUIS.TA,858.0957535,21
21/01/2025,AUIS.TA,898.1230179,22
22/01/2025,AUIS.TA,1137.224652,23
23/01/2025,AUIS.TA,673.8768779,24
24/01/2025,AUIS.TA,560.7688853,25
25/01/2025,AUIS.TA,558.7609469,26
26/01/2025,AUIS.TA,533.4166563,27
27/01/2025,AUIS.TA,415.7055323,28
28/01/2025,AUIS.TA,348.0282686,29
29/01/2025,AUIS.TA,405.2865005,30
31/12/2024,AMX.TA,18.87739183,1
01/01/2025,AMX.TA,19.85177785,2
02/01/2025,AMX.TA,21.45902162,3
03/01/2025,AMX.TA,20.66268398,4
04/01/2025,AMX.TA,21.2877431,5
05/01/2025,AMX.TA,20.98673165,6
06/01/2025,AMX.TA,21.05305049,7
07/01/2025,AMX.TA,19.67700025,8
08/01/2025,AMX.TA,21.96781923,9
09/01/2025,AMX.TA,22.05952015,10
10/01/2025,AMX.TA,21.04181609,11
11/01/2025,AMX.TA,20.08376808,12
12/01/2025,AMX.TA,20.14222669,13
13/01/2025,AMX.TA,21.12591509,14
14/01/2025,AMX.TA,23.43843097,15
15/01/2025,AMX.TA,19.39257654,16
16/01/2025,AMX.TA,22.87009486,17
17/01/2025,AMX.TA,24.47856934,18
18/01/2025,AMX.TA,26.45787774,19
19/01/2025,AMX.TA,27.77668677,20
20/01/2025,AMX.TA,25.88816484,21
21/01/2025,AMX.TA,20.03763659,22
22/01/2025,AMX.TA,16.9913549,23
23/01/2025,AMX.TA,14.35911774,24
24/01/2025,AMX.TA,12.82791781,25
25/01/2025,AMX.TA,14.81936344,26
26/01/2025,AMX.TA,14.50543736,27
27/01/2025,AMX.TA,13.51929149,28
28/01/2025,AMX.TA,14.49777403,29
29/01/2025,AMX.TA,17.30908419,30
31/12/2024,AVER.TA,1058.12629,1
01/01/2025,AVER.TA,1080.663533,2
02/01/2025,AVER.TA,1055.336223,3
03/01/2025,AVER.TA,1081.299916,4
04/01/2025,AVER.TA,1046.256043,5
05/01/2025,AVER.TA,1050.125857,6
06/01/2025,AVER.TA,933.6891939,7
07/01/2025,AVER.TA,1017.622541,8
08/01/2025,AVER.TA,1009.363307,9
09/01/2025,AVER.TA,903.4376149,10
10/01/2025,AVER.TA,859.0315229,11
11/01/2025,AVER.TA,853.3569524,12
12/01/2025,AVER.TA,938.3453592,13
13/01/2025,AVER.TA,894.0756506,14
14/01/2025,AVER.TA,855.2421434,15
15/01/2025,AVER.TA,871.7836218,16
16/01/2025,AVER.TA,828.4894182,17
17/01/2025,AVER.TA,828.4489128,18
18/01/2025,AVER.TA,815.8935714,19
19/01/2025,AVER.TA,812.4171044,20
20/01/2025,AVER.TA,768.8586519,21
21/01/2025,AVER.TA,767.7820798,22
22/01/2025,AVER.TA,794.7310547,23
23/01/2025,AVER.TA,831.1390194,24
24/01/2025,AVER.TA,791.9877891,25
25/01/2025,AVER.TA,745.709344,26
26/01/2025,AVER.TA,755.2879456,27
27/01/2025,AVER.TA,805.8403696,28
28/01/2025,AVER.TA,850.0626878,29
29/01/2025,AVER.TA,905.4154356,30
31/12/2024,AVGD.TA,1877.659332,1
01/01/2025,AVGD.TA,1897.864031,2
02/01/2025,AVGD.TA,1912.465074,3
03/01/2025,AVGD.TA,1874.053128,4
04/01/2025,AVGD.TA,1877.104749,5
05/01/2025,AVGD.TA,1844.906257,6
06/01/2025,AVGD.TA,1859.204062,7
07/01/2025,AVGD.TA,1895.120522,8
08/01/2025,AVGD.TA,1883.455433,9
09/01/2025,AVGD.TA,1853.83396,10
10/01/2025,AVGD.TA,1861.573359,11
11/01/2025,AVGD.TA,1865.875354,12
12/01/2025,AVGD.TA,1867.938631,13
13/01/2025,AVGD.TA,1889.568703,14
14/01/2025,AVGD.TA,1855.151188,15
15/01/2025,AVGD.TA,1864.033263,16
16/01/2025,AVGD.TA,1881.49598,17
17/01/2025,AVGD.TA,1898.395015,18
18/01/2025,AVGD.TA,1884.028076,19
19/01/2025,AVGD.TA,1888.691321,20
20/01/2025,AVGD.TA,1913.943988,21
21/01/2025,AVGD.TA,1923.615302,22
22/01/2025,AVGD.TA,1935.749265,23
23/01/2025,AVGD.TA,1938.153914,24
24/01/2025,AVGD.TA,1912.434326,25
25/01/2025,AVGD.TA,1938.815692,26
26/01/2025,AVGD.TA,1919.939263,27
27/01/2025,AVGD.TA,1920.690138,28
28/01/2025,AVGD.TA,1925.457168,29
29/01/2025,AVGD.TA,1964.654818,30
31/12/2024,AVGL.TA,133.4446084,1
01/01/2025,AVGL.TA,133.5377096,2
02/01/2025,AVGL.TA,139.2225167,3
03/01/2025,AVGL.TA,141.2074529,4
04/01/2025,AVGL.TA,143.4043574,5
05/01/2025,AVGL.TA,151.2149009,6
06/01/2025,AVGL.TA,146.2473067,7
07/01/2025,AVGL.TA,148.3277182,8
08/01/2025,AVGL.TA,149.6003397,9
09/01/2025,AVGL.TA,149.3843444,10
10/01/2025,AVGL.TA,153.7200679,11
11/01/2025,AVGL.TA,154.9938764,12
12/01/2025,AVGL.TA,155.600955,13
13/01/2025,AVGL.TA,151.4254641,14
14/01/2025,AVGL.TA,151.0350752,15
15/01/2025,AVGL.TA,152.6266192,16
16/01/2025,AVGL.TA,159.1757828,17
17/01/2025,AVGL.TA,157.8977456,18
18/01/2025,AVGL.TA,147.4530477,19
19/01/2025,AVGL.TA,150.5568474,20
20/01/2025,AVGL.TA,152.2078851,21
21/01/2025,AVGL.TA,141.0230166,22
22/01/2025,AVGL.TA,140.3536906,23
23/01/2025,AVGL.TA,142.5240599,24
24/01/2025,AVGL.TA,147.1457779,25
25/01/2025,AVGL.TA,146.4878948,26
26/01/2025,AVGL.TA,147.4185778,27
27/01/2025,AVGL.TA,147.9329685,28
28/01/2025,AVGL.TA,149.3442971,29
29/01/2025,AVGL.TA,153.9778915,30
31/12/2024,AVIA.TA,1553.720201,1
01/01/2025,AVIA.TA,1621.342955,2
02/01/2025,AVIA.TA,1760.805085,3
03/01/2025,AVIA.TA,1960.573338,4
04/01/2025,AVIA.TA,2113.57681,5
05/01/2025,AVIA.TA,1989.363406,6
06/01/2025,AVIA.TA,2036.340798,7
07/01/2025,AVIA.TA,1679.280776,8
08/01/2025,AVIA.TA,1679.192137,9
09/01/2025,AVIA.TA,1849.553868,10
10/01/2025,AVIA.TA,1904.244156,11
11/01/2025,AVIA.TA,2224.667346,12
12/01/2025,AVIA.TA,2194.601825,13
13/01/2025,AVIA.TA,2143.880154,14
14/01/2025,AVIA.TA,2005.091632,15
15/01/2025,AVIA.TA,1912.321119,16
16/01/2025,AVIA.TA,1844.992674,17
17/01/2025,AVIA.TA,1812.392643,18
18/01/2025,AVIA.TA,1731.577348,19
19/01/2025,AVIA.TA,1856.69326,20
20/01/2025,AVIA.TA,2061.326747,21
21/01/2025,AVIA.TA,2006.563071,22
22/01/2025,AVIA.TA,2227.402613,23
23/01/2025,AVIA.TA,2379.536711,24
24/01/2025,AVIA.TA,2223.665543,25
25/01/2025,AVIA.TA,2045.722562,26
26/01/2025,AVIA.TA,1851.661923,27
27/01/2025,AVIA.TA,1977.53195,28
28/01/2025,AVIA.TA,2270.916869,29
29/01/2025,AVIA.TA,2542.171999,30
31/12/2024,AVIV.TA,2086.200994,1
01/01/2025,AVIV.TA,2090.680061,2
02/01/2025,AVIV.TA,2090.479789,3
03/01/2025,AVIV.TA,2114.906168,4
04/01/2025,AVIV.TA,2143.808807,5
05/01/2025,AVIV.TA,2213.823404,6
06/01/2025,AVIV.TA,2257.668035,7
07/01/2025,AVIV.TA,2235.398117,8
08/01/2025,AVIV.TA,2239.955454,9
09/01/2025,AVIV.TA,2235.078336,10
10/01/2025,AVIV.TA,2171.676851,11
11/01/2025,AVIV.TA,2169.740848,12
12/01/2025,AVIV.TA,2209.764587,13
13/01/2025,AVIV.TA,2248.206733,14
14/01/2025,AVIV.TA,2274.519309,15
15/01/2025,AVIV.TA,2312.119482,16
16/01/2025,AVIV.TA,2409.264998,17
17/01/2025,AVIV.TA,2415.902723,18
18/01/2025,AVIV.TA,2479.177063,19
19/01/2025,AVIV.TA,2597.620795,20
20/01/2025,AVIV.TA,2609.987458,21
21/01/2025,AVIV.TA,2647.486612,22
22/01/2025,AVIV.TA,2653.50785,23
23/01/2025,AVIV.TA,2689.09057,24
24/01/2025,AVIV.TA,2714.807193,25
25/01/2025,AVIV.TA,2669.325909,26
26/01/2025,AVIV.TA,2732.101048,27
27/01/2025,AVIV.TA,2755.852028,28
28/01/2025,AVIV.TA,2699.638049,29
29/01/2025,AVIV.TA,2721.781557,30
31/12/2024,AVRT.TA,0.78081357,1
01/01/2025,AVRT.TA,0.85922189,2
02/01/2025,AVRT.TA,0.7060018,3
03/01/2025,AVRT.TA,0.65772393,4
04/01/2025,AVRT.TA,0.70019603,5
05/01/2025,AVRT.TA,0.81663681,6
06/01/2025,AVRT.TA,0.4791766,7
07/01/2025,AVRT.TA,0.37331976,8
08/01/2025,AVRT.TA,0.30227471,9
09/01/2025,AVRT.TA,0.2276377,10
10/01/2025,AVRT.TA,0.23437924,11
11/01/2025,AVRT.TA,0.27276513,12
12/01/2025,AVRT.TA,0.20741289,13
13/01/2025,AVRT.TA,0.15340838,14
14/01/2025,AVRT.TA,0.10326706,15
15/01/2025,AVRT.TA,0.07282161,16
16/01/2025,AVRT.TA,0.10468965,17
17/01/2025,AVRT.TA,0.11409686,18
18/01/2025,AVRT.TA,0.09495134,19
19/01/2025,AVRT.TA,0.07375274,20
20/01/2025,AVRT.TA,0.09251834,21
21/01/2025,AVRT.TA,0.09127152,22
22/01/2025,AVRT.TA,0.07869829,23
23/01/2025,AVRT.TA,0.03497928,24
24/01/2025,AVRT.TA,0.02918741,25
25/01/2025,AVRT.TA,0.03242797,26
26/01/2025,AVRT.TA,0.03449125,27
27/01/2025,AVRT.TA,0.02697933,28
28/01/2025,AVRT.TA,0.02828233,29
29/01/2025,AVRT.TA,0.02144742,30
31/12/2024,AILN.TA,571.7214774,1
01/01/2025,AILN.TA,2631.104771,2
02/01/2025,AILN.TA,-14522.87606,3
03/01/2025,AILN.TA,-66924.02307,4
04/01/2025,AILN.TA,-5136.493935,5
05/01/2025,AILN.TA,-91602.67872,6
06/01/2025,AILN.TA,65083.47217,7
07/01/2025,AILN.TA,553408.1683,8
08/01/2025,AILN.TA,1802168.71,9
09/01/2025,AILN.TA,16746830.17,10
10/01/2025,AILN.TA,-1.81E+08,11
11/01/2025,AILN.TA,-1.76E+09,12
12/01/2025,AILN.TA,-9.36E+09,13
13/01/2025,AILN.TA,-4.83E+10,14
14/01/2025,AILN.TA,-4.52E+11,15
15/01/2025,AILN.TA,-1.18E+12,16
16/01/2025,AILN.TA,4.15E+12,17
17/01/2025,AILN.TA,-4.47E+11,18
18/01/2025,AILN.TA,8.02E+11,19
19/01/2025,AILN.TA,2.43E+12,20
20/01/2025,AILN.TA,-8.81E+12,21
21/01/2025,AILN.TA,1.04E+14,22
22/01/2025,AILN.TA,-2.38E+14,23
23/01/2025,AILN.TA,-2.84E+15,24
24/01/2025,AILN.TA,-3.76E+16,25
25/01/2025,AILN.TA,-4.57E+17,26
26/01/2025,AILN.TA,-4.51E+18,27
27/01/2025,AILN.TA,9.29E+18,28
28/01/2025,AILN.TA,1.37E+20,29
29/01/2025,AILN.TA,-1.30E+21,30
31/12/2024,AYAL.TA,3369.455498,1
01/01/2025,AYAL.TA,3425.674507,2
02/01/2025,AYAL.TA,3429.593488,3
03/01/2025,AYAL.TA,3491.236488,4
04/01/2025,AYAL.TA,3414.771866,5
05/01/2025,AYAL.TA,3413.785404,6
06/01/2025,AYAL.TA,3506.464652,7
07/01/2025,AYAL.TA,3593.661823,8
08/01/2025,AYAL.TA,3480.717019,9
09/01/2025,AYAL.TA,3600.047589,10
10/01/2025,AYAL.TA,3589.625194,11
11/01/2025,AYAL.TA,3659.290618,12
12/01/2025,AYAL.TA,3652.207812,13
13/01/2025,AYAL.TA,3591.710392,14
14/01/2025,AYAL.TA,3584.099433,15
15/01/2025,AYAL.TA,3749.354103,16
16/01/2025,AYAL.TA,3624.55046,17
17/01/2025,AYAL.TA,3643.813377,18
18/01/2025,AYAL.TA,3629.490985,19
19/01/2025,AYAL.TA,3567.403446,20
20/01/2025,AYAL.TA,3692.81938,21
21/01/2025,AYAL.TA,3766.930707,22
22/01/2025,AYAL.TA,3735.097849,23
23/01/2025,AYAL.TA,3693.375961,24
24/01/2025,AYAL.TA,3762.493031,25
25/01/2025,AYAL.TA,3817.013524,26
26/01/2025,AYAL.TA,3818.735513,27
27/01/2025,AYAL.TA,3793.185849,28
28/01/2025,AYAL.TA,3681.174679,29
29/01/2025,AYAL.TA,3674.281113,30
31/12/2024,AZRM.TA,2058.892173,1
01/01/2025,AZRM.TA,2080.16013,2
02/01/2025,AZRM.TA,2117.284769,3
03/01/2025,AZRM.TA,2091.838159,4
04/01/2025,AZRM.TA,2068.259675,5
05/01/2025,AZRM.TA,2025.407075,6
06/01/2025,AZRM.TA,2016.393503,7
07/01/2025,AZRM.TA,2043.920774,8
08/01/2025,AZRM.TA,1979.312702,9
09/01/2025,AZRM.TA,1949.039982,10
10/01/2025,AZRM.TA,1888.238065,11
11/01/2025,AZRM.TA,1901.702973,12
12/01/2025,AZRM.TA,1903.649568,13
13/01/2025,AZRM.TA,1981.416747,14
14/01/2025,AZRM.TA,1947.946753,15
15/01/2025,AZRM.TA,1947.849092,16
16/01/2025,AZRM.TA,1950.686231,17
17/01/2025,AZRM.TA,1966.21198,18
18/01/2025,AZRM.TA,2027.635857,19
19/01/2025,AZRM.TA,1982.223294,20
20/01/2025,AZRM.TA,1951.73177,21
21/01/2025,AZRM.TA,1970.161914,22
22/01/2025,AZRM.TA,2061.924119,23
23/01/2025,AZRM.TA,2059.618677,24
24/01/2025,AZRM.TA,2071.837533,25
25/01/2025,AZRM.TA,2046.230404,26
26/01/2025,AZRM.TA,2080.35569,27
27/01/2025,AZRM.TA,2067.259736,28
28/01/2025,AZRM.TA,2048.647944,29
29/01/2025,AZRM.TA,2004.207849,30
31/12/2024,AZRG.TA,30296.82908,1
01/01/2025,AZRG.TA,30231.07533,2
02/01/2025,AZRG.TA,30317.69361,3
03/01/2025,AZRG.TA,30398.48041,4
04/01/2025,AZRG.TA,31450.77806,5
05/01/2025,AZRG.TA,30972.22138,6
06/01/2025,AZRG.TA,32605.72624,7
07/01/2025,AZRG.TA,33387.09308,8
08/01/2025,AZRG.TA,34289.21939,9
09/01/2025,AZRG.TA,35025.88151,10
10/01/2025,AZRG.TA,35801.21392,11
11/01/2025,AZRG.TA,36689.57071,12
12/01/2025,AZRG.TA,37088.38358,13
13/01/2025,AZRG.TA,37288.51418,14
14/01/2025,AZRG.TA,37136.33149,15
15/01/2025,AZRG.TA,36395.37264,16
16/01/2025,AZRG.TA,37391.88141,17
17/01/2025,AZRG.TA,38358.69166,18
18/01/2025,AZRG.TA,39000.54835,19
19/01/2025,AZRG.TA,37881.51125,20
20/01/2025,AZRG.TA,38554.86478,21
21/01/2025,AZRG.TA,38131.14068,22
22/01/2025,AZRG.TA,38982.3638,23
23/01/2025,AZRG.TA,39908.56652,24
24/01/2025,AZRG.TA,39492.64724,25
25/01/2025,AZRG.TA,39223.7203,26
26/01/2025,AZRG.TA,39293.45999,27
27/01/2025,AZRG.TA,39722.5423,28
28/01/2025,AZRG.TA,41089.69822,29
29/01/2025,AZRG.TA,41089.28478,30
31/12/2024,BCOM.TA,1665.371604,1
01/01/2025,BCOM.TA,1706.916291,2
02/01/2025,BCOM.TA,1677.528871,3
03/01/2025,BCOM.TA,1659.548626,4
04/01/2025,BCOM.TA,1659.592669,5
05/01/2025,BCOM.TA,1672.421991,6
06/01/2025,BCOM.TA,1659.805591,7
07/01/2025,BCOM.TA,1626.78312,8
08/01/2025,BCOM.TA,1619.009247,9
09/01/2025,BCOM.TA,1613.429572,10
10/01/2025,BCOM.TA,1577.449712,11
11/01/2025,BCOM.TA,1534.180912,12
12/01/2025,BCOM.TA,1566.27384,13
13/01/2025,BCOM.TA,1535.768501,14
14/01/2025,BCOM.TA,1519.425361,15
15/01/2025,BCOM.TA,1521.158876,16
16/01/2025,BCOM.TA,1492.145269,17
17/01/2025,BCOM.TA,1494.839089,18
18/01/2025,BCOM.TA,1505.62111,19
19/01/2025,BCOM.TA,1507.580056,20
20/01/2025,BCOM.TA,1533.800844,21
21/01/2025,BCOM.TA,1530.69057,22
22/01/2025,BCOM.TA,1582.06353,23
23/01/2025,BCOM.TA,1569.572465,24
24/01/2025,BCOM.TA,1512.829505,25
25/01/2025,BCOM.TA,1525.58788,26
26/01/2025,BCOM.TA,1504.667325,27
27/01/2025,BCOM.TA,1475.290168,28
28/01/2025,BCOM.TA,1488.805027,29
29/01/2025,BCOM.TA,1503.591287,30
31/12/2024,BKFR.TA,1289.64286,1
01/01/2025,BKFR.TA,1279.195129,2
02/01/2025,BKFR.TA,1273.899226,3
03/01/2025,BKFR.TA,1296.301946,4
04/01/2025,BKFR.TA,1309.667589,5
05/01/2025,BKFR.TA,1345.352636,6
06/01/2025,BKFR.TA,1352.872904,7
07/01/2025,BKFR.TA,1338.050111,8
08/01/2025,BKFR.TA,1340.759905,9
09/01/2025,BKFR.TA,1353.876617,10
10/01/2025,BKFR.TA,1362.08029,11
11/01/2025,BKFR.TA,1383.208093,12
12/01/2025,BKFR.TA,1393.751779,13
13/01/2025,BKFR.TA,1403.510239,14
14/01/2025,BKFR.TA,1408.960411,15
15/01/2025,BKFR.TA,1400.48515,16
16/01/2025,BKFR.TA,1409.626732,17
17/01/2025,BKFR.TA,1409.708031,18
18/01/2025,BKFR.TA,1416.763282,19
19/01/2025,BKFR.TA,1410.909421,20
20/01/2025,BKFR.TA,1406.379424,21
21/01/2025,BKFR.TA,1412.508292,22
22/01/2025,BKFR.TA,1388.976423,23
23/01/2025,BKFR.TA,1407.108638,24
24/01/2025,BKFR.TA,1371.010916,25
25/01/2025,BKFR.TA,1382.492072,26
26/01/2025,BKFR.TA,1376.160006,27
27/01/2025,BKFR.TA,1384.710641,28
28/01/2025,BKFR.TA,1401.329468,29
29/01/2025,BKFR.TA,1397.816877,30
31/12/2024,BVGG.TA,689.6017823,1
01/01/2025,BVGG.TA,686.1867491,2
02/01/2025,BVGG.TA,669.9097632,3
03/01/2025,BVGG.TA,682.1154223,4
04/01/2025,BVGG.TA,688.3585718,5
05/01/2025,BVGG.TA,671.8689564,6
06/01/2025,BVGG.TA,668.1200087,7
07/01/2025,BVGG.TA,670.4431322,8
08/01/2025,BVGG.TA,659.4629174,9
09/01/2025,BVGG.TA,655.3458681,10
10/01/2025,BVGG.TA,655.7466664,11
11/01/2025,BVGG.TA,658.4435354,12
12/01/2025,BVGG.TA,660.5950343,13
13/01/2025,BVGG.TA,658.7272564,14
14/01/2025,BVGG.TA,653.2967935,15
15/01/2025,BVGG.TA,646.4491017,16
16/01/2025,BVGG.TA,634.1995181,17
17/01/2025,BVGG.TA,628.2517078,18
18/01/2025,BVGG.TA,635.9185419,19
19/01/2025,BVGG.TA,648.1054752,20
20/01/2025,BVGG.TA,648.073866,21
21/01/2025,BVGG.TA,646.3873539,22
22/01/2025,BVGG.TA,644.9914813,23
23/01/2025,BVGG.TA,649.5334377,24
24/01/2025,BVGG.TA,649.0895688,25
25/01/2025,BVGG.TA,647.0970934,26
26/01/2025,BVGG.TA,651.8251314,27
27/01/2025,BVGG.TA,665.1152207,28
28/01/2025,BVGG.TA,657.2596884,29
29/01/2025,BVGG.TA,670.6909948,30
31/12/2024,BRAN.TA,1362.443689,1
01/01/2025,BRAN.TA,1372.597703,2
02/01/2025,BRAN.TA,1385.930117,3
03/01/2025,BRAN.TA,1387.515176,4
04/01/2025,BRAN.TA,1343.310836,5
05/01/2025,BRAN.TA,1330.833252,6
06/01/2025,BRAN.TA,1305.907109,7
07/01/2025,BRAN.TA,1287.715897,8
08/01/2025,BRAN.TA,1329.816919,9
09/01/2025,BRAN.TA,1320.996719,10
10/01/2025,BRAN.TA,1295.667654,11
11/01/2025,BRAN.TA,1298.13579,12
12/01/2025,BRAN.TA,1273.342071,13
13/01/2025,BRAN.TA,1302.590616,14
14/01/2025,BRAN.TA,1300.541506,15
15/01/2025,BRAN.TA,1327.111289,16
16/01/2025,BRAN.TA,1312.499264,17
17/01/2025,BRAN.TA,1365.95728,18
18/01/2025,BRAN.TA,1393.801007,19
19/01/2025,BRAN.TA,1386.666199,20
20/01/2025,BRAN.TA,1406.464576,21
21/01/2025,BRAN.TA,1432.274252,22
22/01/2025,BRAN.TA,1437.110096,23
23/01/2025,BRAN.TA,1470.201211,24
24/01/2025,BRAN.TA,1444.039678,25
25/01/2025,BRAN.TA,1455.18823,26
26/01/2025,BRAN.TA,1520.497766,27
27/01/2025,BRAN.TA,1512.340807,28
28/01/2025,BRAN.TA,1531.873102,29
29/01/2025,BRAN.TA,1477.860103,30
31/12/2024,BRKT.TA,178.4869724,1
01/01/2025,BRKT.TA,178.723206,2
02/01/2025,BRKT.TA,179.3578708,3
03/01/2025,BRKT.TA,177.5676336,4
04/01/2025,BRKT.TA,178.0759076,5
05/01/2025,BRKT.TA,179.1637863,6
06/01/2025,BRKT.TA,179.0506323,7
07/01/2025,BRKT.TA,179.1331466,8
08/01/2025,BRKT.TA,182.9910659,9
09/01/2025,BRKT.TA,183.0097521,10
10/01/2025,BRKT.TA,182.852572,11
11/01/2025,BRKT.TA,182.9320948,12
12/01/2025,BRKT.TA,181.5064339,13
13/01/2025,BRKT.TA,181.5932574,14
14/01/2025,BRKT.TA,183.0415998,15
15/01/2025,BRKT.TA,181.9237764,16
16/01/2025,BRKT.TA,181.9931722,17
17/01/2025,BRKT.TA,181.9595382,18
18/01/2025,BRKT.TA,182.8228088,19
19/01/2025,BRKT.TA,182.9743263,20
20/01/2025,BRKT.TA,183.2163094,21
21/01/2025,BRKT.TA,182.007961,22
22/01/2025,BRKT.TA,182.4536135,23
23/01/2025,BRKT.TA,183.1170446,24
24/01/2025,BRKT.TA,183.6030839,25
25/01/2025,BRKT.TA,181.5825016,26
26/01/2025,BRKT.TA,181.8876049,27
27/01/2025,BRKT.TA,181.2317937,28
28/01/2025,BRKT.TA,181.0574358,29
29/01/2025,BRKT.TA,182.1403724,30
31/12/2024,BVC.TA,85.32156103,1
01/01/2025,BVC.TA,88.83286257,2
02/01/2025,BVC.TA,92.84791716,3
03/01/2025,BVC.TA,92.7248075,4
04/01/2025,BVC.TA,93.53817107,5
05/01/2025,BVC.TA,95.71189042,6
06/01/2025,BVC.TA,95.67972261,7
07/01/2025,BVC.TA,93.85508028,8
08/01/2025,BVC.TA,92.84857887,9
09/01/2025,BVC.TA,93.5639762,10
10/01/2025,BVC.TA,95.37427004,11
11/01/2025,BVC.TA,98.07116399,12
12/01/2025,BVC.TA,98.52139074,13
13/01/2025,BVC.TA,97.19170588,14
14/01/2025,BVC.TA,101.4110685,15
15/01/2025,BVC.TA,103.082179,16
16/01/2025,BVC.TA,102.9432552,17
17/01/2025,BVC.TA,103.0042486,18
18/01/2025,BVC.TA,103.5933752,19
19/01/2025,BVC.TA,102.009466,20
20/01/2025,BVC.TA,101.4249765,21
21/01/2025,BVC.TA,99.95562844,22
22/01/2025,BVC.TA,100.0206639,23
23/01/2025,BVC.TA,98.53095148,24
24/01/2025,BVC.TA,97.51027776,25
25/01/2025,BVC.TA,95.52614647,26
26/01/2025,BVC.TA,95.83393791,27
27/01/2025,BVC.TA,95.30192597,28
28/01/2025,BVC.TA,96.65665209,29
29/01/2025,BVC.TA,96.20474745,30
31/12/2024,ORL.TA,91.23836873,1
01/01/2025,ORL.TA,91.58690098,2
02/01/2025,ORL.TA,91.97983477,3
03/01/2025,ORL.TA,89.66157189,4
04/01/2025,ORL.TA,90.69122281,5
05/01/2025,ORL.TA,90.42866544,6
06/01/2025,ORL.TA,89.36743242,7
07/01/2025,ORL.TA,92.14490424,8
08/01/2025,ORL.TA,92.47627467,9
09/01/2025,ORL.TA,91.00930591,10
10/01/2025,ORL.TA,91.68520673,11
11/01/2025,ORL.TA,88.63015462,12
12/01/2025,ORL.TA,87.0436304,13
13/01/2025,ORL.TA,86.01658459,14
14/01/2025,ORL.TA,84.00106295,15
15/01/2025,ORL.TA,83.78168435,16
16/01/2025,ORL.TA,82.87213462,17
17/01/2025,ORL.TA,79.18104862,18
18/01/2025,ORL.TA,81.4265126,19
19/01/2025,ORL.TA,81.33215544,20
20/01/2025,ORL.TA,79.67565161,21
21/01/2025,ORL.TA,80.1749425,22
22/01/2025,ORL.TA,78.68628028,23
23/01/2025,ORL.TA,78.41018254,24
24/01/2025,ORL.TA,78.8405062,25
25/01/2025,ORL.TA,82.42276261,26
26/01/2025,ORL.TA,83.11803423,27
27/01/2025,ORL.TA,80.35020696,28
28/01/2025,ORL.TA,79.23891561,29
29/01/2025,ORL.TA,80.63821041,30
31/12/2024,BHNY.TA,272.5217655,1
01/01/2025,BHNY.TA,198.8515065,2
02/01/2025,BHNY.TA,149.6788602,3
03/01/2025,BHNY.TA,63.36019006,4
04/01/2025,BHNY.TA,103.0655496,5
05/01/2025,BHNY.TA,51.36044902,6
06/01/2025,BHNY.TA,46.24377296,7
07/01/2025,BHNY.TA,54.29131467,8
08/01/2025,BHNY.TA,56.70599953,9
09/01/2025,BHNY.TA,85.13256291,10
10/01/2025,BHNY.TA,118.8175732,11
11/01/2025,BHNY.TA,196.2921386,12
12/01/2025,BHNY.TA,364.582183,13
13/01/2025,BHNY.TA,338.6055308,14
14/01/2025,BHNY.TA,233.6599506,15
15/01/2025,BHNY.TA,166.5663242,16
16/01/2025,BHNY.TA,170.0735215,17
17/01/2025,BHNY.TA,231.2679382,18
18/01/2025,BHNY.TA,205.2448384,19
19/01/2025,BHNY.TA,169.1320414,20
20/01/2025,BHNY.TA,197.3231741,21
21/01/2025,BHNY.TA,83.10084779,22
22/01/2025,BHNY.TA,88.42257667,23
23/01/2025,BHNY.TA,92.31224424,24
24/01/2025,BHNY.TA,103.8041809,25
25/01/2025,BHNY.TA,92.55264036,26
26/01/2025,BHNY.TA,87.00637785,27
27/01/2025,BHNY.TA,100.1169759,28
28/01/2025,BHNY.TA,135.8857071,29
29/01/2025,BHNY.TA,140.7689734,30
31/12/2024,BSEN.TA,24345.71505,1
01/01/2025,BSEN.TA,24167.44818,2
02/01/2025,BSEN.TA,22621.44586,3
03/01/2025,BSEN.TA,21781.81478,4
04/01/2025,BSEN.TA,21900.99398,5
05/01/2025,BSEN.TA,20317.02707,6
06/01/2025,BSEN.TA,19433.75723,7
07/01/2025,BSEN.TA,21680.19216,8
08/01/2025,BSEN.TA,23327.80053,9
09/01/2025,BSEN.TA,21710.45169,10
10/01/2025,BSEN.TA,22508.66466,11
11/01/2025,BSEN.TA,21621.72519,12
12/01/2025,BSEN.TA,23943.56275,13
13/01/2025,BSEN.TA,25283.91767,14
14/01/2025,BSEN.TA,26150.24305,15
15/01/2025,BSEN.TA,24651.23206,16
16/01/2025,BSEN.TA,26274.78319,17
17/01/2025,BSEN.TA,28839.94688,18
18/01/2025,BSEN.TA,29736.61061,19
19/01/2025,BSEN.TA,32833.27837,20
20/01/2025,BSEN.TA,33243.96822,21
21/01/2025,BSEN.TA,36144.28647,22
22/01/2025,BSEN.TA,35376.56523,23
23/01/2025,BSEN.TA,34144.1554,24
24/01/2025,BSEN.TA,30967.19764,25
25/01/2025,BSEN.TA,30594.30173,26
26/01/2025,BSEN.TA,28291.64763,27
27/01/2025,BSEN.TA,27457.57723,28
28/01/2025,BSEN.TA,27375.06811,29
29/01/2025,BSEN.TA,29100.81686,30
31/12/2024,BEZQ.TA,532.3679156,1
01/01/2025,BEZQ.TA,528.6087154,2
02/01/2025,BEZQ.TA,520.5496691,3
03/01/2025,BEZQ.TA,519.3544709,4
04/01/2025,BEZQ.TA,522.3564914,5
05/01/2025,BEZQ.TA,521.0655972,6
06/01/2025,BEZQ.TA,522.5264553,7
07/01/2025,BEZQ.TA,529.3053911,8
08/01/2025,BEZQ.TA,533.2234253,9
09/01/2025,BEZQ.TA,529.0087584,10
10/01/2025,BEZQ.TA,519.4819574,11
11/01/2025,BEZQ.TA,516.7569296,12
12/01/2025,BEZQ.TA,516.8992011,13
13/01/2025,BEZQ.TA,519.8348759,14
14/01/2025,BEZQ.TA,524.2564476,15
15/01/2025,BEZQ.TA,525.9351429,16
16/01/2025,BEZQ.TA,522.8028925,17
17/01/2025,BEZQ.TA,528.7263852,18
18/01/2025,BEZQ.TA,527.4071403,19
19/01/2025,BEZQ.TA,517.4426399,20
20/01/2025,BEZQ.TA,522.4213162,21
21/01/2025,BEZQ.TA,519.1152619,22
22/01/2025,BEZQ.TA,519.3023035,23
23/01/2025,BEZQ.TA,522.7325453,24
24/01/2025,BEZQ.TA,516.2411655,25
25/01/2025,BEZQ.TA,514.075058,26
26/01/2025,BEZQ.TA,518.5907855,27
27/01/2025,BEZQ.TA,524.6338309,28
28/01/2025,BEZQ.TA,521.1635458,29
29/01/2025,BEZQ.TA,526.3595351,30
31/12/2024,BIG.TA,53399.67404,1
01/01/2025,BIG.TA,54197.95257,2
02/01/2025,BIG.TA,54344.43768,3
03/01/2025,BIG.TA,54528.86764,4
04/01/2025,BIG.TA,54013.19622,5
05/01/2025,BIG.TA,55013.42751,6
06/01/2025,BIG.TA,55499.29269,7
07/01/2025,BIG.TA,56170.83968,8
08/01/2025,BIG.TA,56158.443,9
09/01/2025,BIG.TA,56423.59483,10
10/01/2025,BIG.TA,55550.96454,11
11/01/2025,BIG.TA,55699.27105,12
12/01/2025,BIG.TA,56001.58033,13
13/01/2025,BIG.TA,56273.28533,14
14/01/2025,BIG.TA,57247.02414,15
15/01/2025,BIG.TA,57599.63177,16
16/01/2025,BIG.TA,57520.88903,17
17/01/2025,BIG.TA,58537.40046,18
18/01/2025,BIG.TA,58991.74848,19
19/01/2025,BIG.TA,57877.03078,20
20/01/2025,BIG.TA,58945.78049,21
21/01/2025,BIG.TA,59700.18454,22
22/01/2025,BIG.TA,60269.22458,23
23/01/2025,BIG.TA,61133.281,24
24/01/2025,BIG.TA,61598.96582,25
25/01/2025,BIG.TA,61039.90354,26
26/01/2025,BIG.TA,61036.9144,27
27/01/2025,BIG.TA,61127.53627,28
28/01/2025,BIG.TA,59920.87747,29
29/01/2025,BIG.TA,60351.17996,30
31/12/2024,BIGT.TA,117.1112436,1
01/01/2025,BIGT.TA,115.5231747,2
02/01/2025,BIGT.TA,115.2080258,3
03/01/2025,BIGT.TA,115.1481023,4
04/01/2025,BIGT.TA,120.0905405,5
05/01/2025,BIGT.TA,116.8595571,6
06/01/2025,BIGT.TA,115.5461276,7
07/01/2025,BIGT.TA,112.4943853,8
08/01/2025,BIGT.TA,114.4293299,9
09/01/2025,BIGT.TA,114.0392676,10
10/01/2025,BIGT.TA,111.2876143,11
11/01/2025,BIGT.TA,107.1344098,12
12/01/2025,BIGT.TA,107.9934702,13
13/01/2025,BIGT.TA,113.0352284,14
14/01/2025,BIGT.TA,114.4752959,15
15/01/2025,BIGT.TA,118.8870737,16
16/01/2025,BIGT.TA,116.8955472,17
17/01/2025,BIGT.TA,106.9019428,18
18/01/2025,BIGT.TA,110.0917971,19
19/01/2025,BIGT.TA,111.590887,20
20/01/2025,BIGT.TA,109.2244282,21
21/01/2025,BIGT.TA,107.1702302,22
22/01/2025,BIGT.TA,107.3147689,23
23/01/2025,BIGT.TA,105.3188104,24
24/01/2025,BIGT.TA,103.68526,25
25/01/2025,BIGT.TA,102.3220047,26
26/01/2025,BIGT.TA,100.6049748,27
27/01/2025,BIGT.TA,98.38029697,28
28/01/2025,BIGT.TA,95.12620329,29
29/01/2025,BIGT.TA,94.82399789,30
31/12/2024,BKRY.TA,337.9350833,1
01/01/2025,BKRY.TA,340.5365369,2
02/01/2025,BKRY.TA,331.5964962,3
03/01/2025,BKRY.TA,333.7153511,4
04/01/2025,BKRY.TA,336.0241331,5
05/01/2025,BKRY.TA,335.0532863,6
06/01/2025,BKRY.TA,331.5598865,7
07/01/2025,BKRY.TA,334.5311327,8
08/01/2025,BKRY.TA,329.0272489,9
09/01/2025,BKRY.TA,328.6911951,10
10/01/2025,BKRY.TA,331.5764019,11
11/01/2025,BKRY.TA,340.4085245,12
12/01/2025,BKRY.TA,341.991582,13
13/01/2025,BKRY.TA,332.5534824,14
14/01/2025,BKRY.TA,325.23574,15
15/01/2025,BKRY.TA,320.1453626,16
16/01/2025,BKRY.TA,324.1627461,17
17/01/2025,BKRY.TA,334.8594685,18
18/01/2025,BKRY.TA,338.1737128,19
19/01/2025,BKRY.TA,341.7368233,20
20/01/2025,BKRY.TA,338.9932233,21
21/01/2025,BKRY.TA,340.067101,22
22/01/2025,BKRY.TA,341.2849108,23
23/01/2025,BKRY.TA,324.516177,24
24/01/2025,BKRY.TA,330.0267886,25
25/01/2025,BKRY.TA,339.3697882,26
26/01/2025,BKRY.TA,345.4457417,27
27/01/2025,BKRY.TA,347.6553815,28
28/01/2025,BKRY.TA,348.8694432,29
29/01/2025,BKRY.TA,351.6562553,30
31/12/2024,BIOV.TA,215.555768,1
01/01/2025,BIOV.TA,-3269.685115,2
02/01/2025,BIOV.TA,-53536.13116,3
03/01/2025,BIOV.TA,1807874.535,4
04/01/2025,BIOV.TA,6888114.155,5
05/01/2025,BIOV.TA,26587492.1,6
06/01/2025,BIOV.TA,1.78E+08,7
07/01/2025,BIOV.TA,9.10E+09,8
08/01/2025,BIOV.TA,-1.07E+11,9
09/01/2025,BIOV.TA,-1.18E+12,10
10/01/2025,BIOV.TA,-1.87E+13,11
11/01/2025,BIOV.TA,-2.63E+14,12
12/01/2025,BIOV.TA,6.86E+14,13
13/01/2025,BIOV.TA,-1.88E+15,14
14/01/2025,BIOV.TA,-3.77E+16,15
15/01/2025,BIOV.TA,-9.16E+17,16
16/01/2025,BIOV.TA,-9.18E+18,17
17/01/2025,BIOV.TA,-8.94E+19,18
18/01/2025,BIOV.TA,-7.53E+20,19
19/01/2025,BIOV.TA,1.57E+21,20
20/01/2025,BIOV.TA,4.67E+22,21
21/01/2025,BIOV.TA,-8.12E+23,22
22/01/2025,BIOV.TA,3.44E+24,23
23/01/2025,BIOV.TA,-1.77E+26,24
24/01/2025,BIOV.TA,2.07E+27,25
25/01/2025,BIOV.TA,6.62E+28,26
26/01/2025,BIOV.TA,7.94E+29,27
27/01/2025,BIOV.TA,-5.96E+30,28
28/01/2025,BIOV.TA,-3.37E+31,29
29/01/2025,BIOV.TA,4.33E+32,30
31/12/2024,BOLT.TA,539.6823145,1
01/01/2025,BOLT.TA,526.0570303,2
02/01/2025,BOLT.TA,507.1151286,3
03/01/2025,BOLT.TA,480.4443219,4
04/01/2025,BOLT.TA,478.0592877,5
05/01/2025,BOLT.TA,486.7639094,6
06/01/2025,BOLT.TA,453.0524562,7
07/01/2025,BOLT.TA,458.0924661,8
08/01/2025,BOLT.TA,463.7786925,9
09/01/2025,BOLT.TA,437.9656383,10
10/01/2025,BOLT.TA,484.9820446,11
11/01/2025,BOLT.TA,559.3861579,12
12/01/2025,BOLT.TA,529.2931657,13
13/01/2025,BOLT.TA,505.2055936,14
14/01/2025,BOLT.TA,566.4186814,15
15/01/2025,BOLT.TA,616.4914513,16
16/01/2025,BOLT.TA,671.5357937,17
17/01/2025,BOLT.TA,663.5613403,18
18/01/2025,BOLT.TA,703.9757809,19
19/01/2025,BOLT.TA,686.7617184,20
20/01/2025,BOLT.TA,696.7547059,21
21/01/2025,BOLT.TA,737.2137274,22
22/01/2025,BOLT.TA,740.2233664,23
23/01/2025,BOLT.TA,809.1830122,24
24/01/2025,BOLT.TA,725.225533,25
25/01/2025,BOLT.TA,654.8407673,26
26/01/2025,BOLT.TA,705.2612222,27
27/01/2025,BOLT.TA,673.6077752,28
28/01/2025,BOLT.TA,661.9882376,29
29/01/2025,BOLT.TA,673.1501191,30
31/12/2024,BLRX.TA,6.81593317,1
01/01/2025,BLRX.TA,6.97543841,2
02/01/2025,BLRX.TA,7.5856004,3
03/01/2025,BLRX.TA,6.96724689,4
04/01/2025,BLRX.TA,7.00386263,5
05/01/2025,BLRX.TA,6.97828445,6
06/01/2025,BLRX.TA,7.423563,7
07/01/2025,BLRX.TA,7.267902,8
08/01/2025,BLRX.TA,7.71661015,9
09/01/2025,BLRX.TA,8.51004987,10
10/01/2025,BLRX.TA,8.99481394,11
11/01/2025,BLRX.TA,9.01048353,12
12/01/2025,BLRX.TA,9.08952368,13
13/01/2025,BLRX.TA,8.27412648,14
14/01/2025,BLRX.TA,7.89339568,15
15/01/2025,BLRX.TA,7.60653559,16
16/01/2025,BLRX.TA,8.35259192,17
17/01/2025,BLRX.TA,8.4975538,18
18/01/2025,BLRX.TA,8.00648332,19
19/01/2025,BLRX.TA,8.16430432,20
20/01/2025,BLRX.TA,8.53104997,21
21/01/2025,BLRX.TA,8.20306616,22
22/01/2025,BLRX.TA,7.64087935,23
23/01/2025,BLRX.TA,8.04609011,24
24/01/2025,BLRX.TA,8.76927602,25
25/01/2025,BLRX.TA,7.61786134,26
26/01/2025,BLRX.TA,7.96774606,27
27/01/2025,BLRX.TA,8.00509711,28
28/01/2025,BLRX.TA,8.03577996,29
29/01/2025,BLRX.TA,7.34118895,30
31/12/2024,BIMT.TA,22.71320743,1
01/01/2025,BIMT.TA,22.56714411,2
02/01/2025,BIMT.TA,22.182862,3
03/01/2025,BIMT.TA,23.23258583,4
04/01/2025,BIMT.TA,23.45116309,5
05/01/2025,BIMT.TA,23.04271057,6
06/01/2025,BIMT.TA,22.56548562,7
07/01/2025,BIMT.TA,21.71882555,8
08/01/2025,BIMT.TA,21.94491574,9
09/01/2025,BIMT.TA,21.55783087,10
10/01/2025,BIMT.TA,22.04931507,11
11/01/2025,BIMT.TA,22.2940477,12
12/01/2025,BIMT.TA,23.53385192,13
13/01/2025,BIMT.TA,23.06791111,14
14/01/2025,BIMT.TA,23.32090196,15
15/01/2025,BIMT.TA,22.85955258,16
16/01/2025,BIMT.TA,23.25342533,17
17/01/2025,BIMT.TA,22.28780453,18
18/01/2025,BIMT.TA,21.88054472,19
19/01/2025,BIMT.TA,21.66591114,20
20/01/2025,BIMT.TA,22.20004909,21
21/01/2025,BIMT.TA,21.91379087,22
22/01/2025,BIMT.TA,21.33775989,23
23/01/2025,BIMT.TA,22.40828377,24
24/01/2025,BIMT.TA,21.88672102,25
25/01/2025,BIMT.TA,20.92836643,26
26/01/2025,BIMT.TA,22.19572548,27
27/01/2025,BIMT.TA,19.66523626,28
28/01/2025,BIMT.TA,18.08270945,29
29/01/2025,BIMT.TA,17.8268571,30
31/12/2024,BIRM.TA,1447.264503,1
01/01/2025,BIRM.TA,1494.920466,2
02/01/2025,BIRM.TA,1678.3293,3
03/01/2025,BIRM.TA,1702.725201,4
04/01/2025,BIRM.TA,1784.079868,5
05/01/2025,BIRM.TA,1758.793743,6
06/01/2025,BIRM.TA,1755.247294,7
07/01/2025,BIRM.TA,1614.520065,8
08/01/2025,BIRM.TA,1693.375092,9
09/01/2025,BIRM.TA,1695.152869,10
10/01/2025,BIRM.TA,1836.72682,11
11/01/2025,BIRM.TA,1944.905604,12
12/01/2025,BIRM.TA,1778.860415,13
13/01/2025,BIRM.TA,1836.880485,14
14/01/2025,BIRM.TA,1954.013249,15
15/01/2025,BIRM.TA,1917.32603,16
16/01/2025,BIRM.TA,1828.638304,17
17/01/2025,BIRM.TA,1797.823411,18
18/01/2025,BIRM.TA,1811.921183,19
19/01/2025,BIRM.TA,1974.225304,20
20/01/2025,BIRM.TA,2020.697368,21
21/01/2025,BIRM.TA,2047.022209,22
22/01/2025,BIRM.TA,2056.061129,23
23/01/2025,BIRM.TA,2177.936821,24
24/01/2025,BIRM.TA,2054.014821,25
25/01/2025,BIRM.TA,1985.618914,26
26/01/2025,BIRM.TA,1896.567616,27
27/01/2025,BIRM.TA,1977.785286,28
28/01/2025,BIRM.TA,1967.676373,29
29/01/2025,BIRM.TA,2057.516747,30
31/12/2024,BLRN.TA,8.16112424,1
01/01/2025,BLRN.TA,21.01750184,2
02/01/2025,BLRN.TA,19.96433486,3
03/01/2025,BLRN.TA,14.07341728,4
04/01/2025,BLRN.TA,-7.74753716,5
05/01/2025,BLRN.TA,0.71529005,6
06/01/2025,BLRN.TA,1.27235736,7
07/01/2025,BLRN.TA,2.31584542,8
08/01/2025,BLRN.TA,2.99695021,9
09/01/2025,BLRN.TA,4.2185169,10
10/01/2025,BLRN.TA,7.21746289,11
11/01/2025,BLRN.TA,5.61763211,12
12/01/2025,BLRN.TA,12.44716336,13
13/01/2025,BLRN.TA,24.38251409,14
14/01/2025,BLRN.TA,66.20403382,15
15/01/2025,BLRN.TA,112.6853071,16
16/01/2025,BLRN.TA,175.6851172,17
17/01/2025,BLRN.TA,252.6188164,18
18/01/2025,BLRN.TA,-224.5378464,19
19/01/2025,BLRN.TA,-329.1652647,20
20/01/2025,BLRN.TA,-475.7588838,21
21/01/2025,BLRN.TA,-877.0146264,22
22/01/2025,BLRN.TA,-213.7842978,23
23/01/2025,BLRN.TA,-134.4334275,24
24/01/2025,BLRN.TA,-72.34453364,25
25/01/2025,BLRN.TA,94.51440296,26
26/01/2025,BLRN.TA,134.9025261,27
27/01/2025,BLRN.TA,-119.9672843,28
28/01/2025,BLRN.TA,41.34510601,29
29/01/2025,BLRN.TA,74.22405483,30
30/12/2024,BLITZ-M.TA,-742.0187491,1
31/12/2024,BLITZ-M.TA,1378.329711,2
01/01/2025,BLITZ-M.TA,11158.43651,3
02/01/2025,BLITZ-M.TA,336773.7481,4
03/01/2025,BLITZ-M.TA,9365499.818,5
04/01/2025,BLITZ-M.TA,4.15E+08,6
05/01/2025,BLITZ-M.TA,-2.49E+09,7
06/01/2025,BLITZ-M.TA,2.25E+09,8
07/01/2025,BLITZ-M.TA,2.76E+10,9
08/01/2025,BLITZ-M.TA,4.55E+11,10
09/01/2025,BLITZ-M.TA,9.17E+12,11
10/01/2025,BLITZ-M.TA,1.17E+14,12
11/01/2025,BLITZ-M.TA,1.69E+15,13
12/01/2025,BLITZ-M.TA,1.66E+16,14
13/01/2025,BLITZ-M.TA,3.24E+17,15
14/01/2025,BLITZ-M.TA,-8.81E+17,16
15/01/2025,BLITZ-M.TA,1.28E+19,17
16/01/2025,BLITZ-M.TA,3.14E+20,18
17/01/2025,BLITZ-M.TA,-5.60E+21,19
18/01/2025,BLITZ-M.TA,7.80E+21,20
19/01/2025,BLITZ-M.TA,3.81E+22,21
20/01/2025,BLITZ-M.TA,2.88E+23,22
21/01/2025,BLITZ-M.TA,5.44E+24,23
22/01/2025,BLITZ-M.TA,7.43E+25,24
23/01/2025,BLITZ-M.TA,-2.92E+26,25
24/01/2025,BLITZ-M.TA,-3.84E+27,26
25/01/2025,BLITZ-M.TA,9.48E+28,27
26/01/2025,BLITZ-M.TA,9.26E+29,28
27/01/2025,BLITZ-M.TA,1.39E+31,29
28/01/2025,BLITZ-M.TA,2.90E+32,30
31/12/2024,BLSR.TA,33027.97601,1
01/01/2025,BLSR.TA,32422.30321,2
02/01/2025,BLSR.TA,33020.93925,3
03/01/2025,BLSR.TA,32739.53816,4
04/01/2025,BLSR.TA,32358.53237,5
05/01/2025,BLSR.TA,32172.1255,6
06/01/2025,BLSR.TA,32163.08046,7
07/01/2025,BLSR.TA,32367.64385,8
08/01/2025,BLSR.TA,32226.76557,9
09/01/2025,BLSR.TA,32496.54589,10
10/01/2025,BLSR.TA,32404.42683,11
11/01/2025,BLSR.TA,32569.42038,12
12/01/2025,BLSR.TA,32732.97627,13
13/01/2025,BLSR.TA,32849.64745,14
14/01/2025,BLSR.TA,33436.2986,15
15/01/2025,BLSR.TA,33415.8091,16
16/01/2025,BLSR.TA,33211.18341,17
17/01/2025,BLSR.TA,33220.22595,18
18/01/2025,BLSR.TA,34164.00881,19
19/01/2025,BLSR.TA,34360.18299,20
20/01/2025,BLSR.TA,33676.52511,21
21/01/2025,BLSR.TA,33835.00358,22
22/01/2025,BLSR.TA,34026.40236,23
23/01/2025,BLSR.TA,34177.71367,24
24/01/2025,BLSR.TA,34270.95058,25
25/01/2025,BLSR.TA,35303.85446,26
26/01/2025,BLSR.TA,34447.49136,27
27/01/2025,BLSR.TA,34170.61214,28
28/01/2025,BLSR.TA,33804.91715,29
29/01/2025,BLSR.TA,33185.03785,30
31/12/2024,BOTI.TA,4484.670264,1
01/01/2025,BOTI.TA,4453.446976,2
02/01/2025,BOTI.TA,4377.018112,3
03/01/2025,BOTI.TA,4525.39894,4
04/01/2025,BOTI.TA,4587.768628,5
05/01/2025,BOTI.TA,4558.966745,6
06/01/2025,BOTI.TA,4463.563089,7
07/01/2025,BOTI.TA,4394.75186,8
08/01/2025,BOTI.TA,4427.031377,9
09/01/2025,BOTI.TA,4418.245044,10
10/01/2025,BOTI.TA,4440.667123,11
11/01/2025,BOTI.TA,4350.983508,12
12/01/2025,BOTI.TA,4496.29896,13
13/01/2025,BOTI.TA,4492.6716,14
14/01/2025,BOTI.TA,4532.651968,15
15/01/2025,BOTI.TA,4648.673102,16
16/01/2025,BOTI.TA,4710.569028,17
17/01/2025,BOTI.TA,4840.292356,18
18/01/2025,BOTI.TA,4911.626664,19
19/01/2025,BOTI.TA,4985.387914,20
20/01/2025,BOTI.TA,4978.628494,21
21/01/2025,BOTI.TA,4939.266931,22
22/01/2025,BOTI.TA,4851.624662,23
23/01/2025,BOTI.TA,4888.160132,24
24/01/2025,BOTI.TA,4867.926089,25
25/01/2025,BOTI.TA,4963.183471,26
26/01/2025,BOTI.TA,4998.223805,27
27/01/2025,BOTI.TA,5087.029439,28
28/01/2025,BOTI.TA,5262.292547,29
29/01/2025,BOTI.TA,5399.877535,30
31/12/2024,BONS.TA,9.37694748,1
01/01/2025,BONS.TA,7.09176149,2
02/01/2025,BONS.TA,8.11744219,3
03/01/2025,BONS.TA,6.4445515,4
04/01/2025,BONS.TA,7.90103039,5
05/01/2025,BONS.TA,8.6126637,6
06/01/2025,BONS.TA,8.98853623,7
07/01/2025,BONS.TA,10.31024144,8
08/01/2025,BONS.TA,9.65277144,9
09/01/2025,BONS.TA,10.76019698,10
10/01/2025,BONS.TA,10.71645061,11
11/01/2025,BONS.TA,8.20493528,12
12/01/2025,BONS.TA,7.24413482,13
13/01/2025,BONS.TA,7.02437297,14
14/01/2025,BONS.TA,6.82989324,15
15/01/2025,BONS.TA,5.89725777,16
16/01/2025,BONS.TA,6.62750856,17
17/01/2025,BONS.TA,4.48275533,18
18/01/2025,BONS.TA,4.23855903,19
19/01/2025,BONS.TA,5.08440594,20
20/01/2025,BONS.TA,6.08079131,21
21/01/2025,BONS.TA,6.96544244,22
22/01/2025,BONS.TA,6.88830469,23
23/01/2025,BONS.TA,6.20957241,24
24/01/2025,BONS.TA,7.41144409,25
25/01/2025,BONS.TA,6.48367974,26
26/01/2025,BONS.TA,6.77009106,27
27/01/2025,BONS.TA,7.14010536,28
28/01/2025,BONS.TA,7.09387403,29
29/01/2025,BONS.TA,5.91500836,30
31/12/2024,BCNV-M.TA,54169.42982,1
01/01/2025,BCNV-M.TA,2427.973345,2
02/01/2025,BCNV-M.TA,11036.32092,3
03/01/2025,BCNV-M.TA,9007.619805,4
04/01/2025,BCNV-M.TA,-18705.97098,5
05/01/2025,BCNV-M.TA,-50160.49336,6
06/01/2025,BCNV-M.TA,-390264.3393,7
07/01/2025,BCNV-M.TA,3383242.369,8
08/01/2025,BCNV-M.TA,-4819729.554,9
09/01/2025,BCNV-M.TA,14548701.87,10
10/01/2025,BCNV-M.TA,2.10E+08,11
11/01/2025,BCNV-M.TA,4.69E+08,12
12/01/2025,BCNV-M.TA,2.25E+09,13
13/01/2025,BCNV-M.TA,4.23E+09,14
14/01/2025,BCNV-M.TA,-4.69E+10,15
15/01/2025,BCNV-M.TA,5.47E+11,16
16/01/2025,BCNV-M.TA,-7.07E+11,17
17/01/2025,BCNV-M.TA,-1.25E+11,18
18/01/2025,BCNV-M.TA,8.97E+11,19
19/01/2025,BCNV-M.TA,-1.37E+13,20
20/01/2025,BCNV-M.TA,-1.52E+13,21
21/01/2025,BCNV-M.TA,-1.34E+14,22
22/01/2025,BCNV-M.TA,6.79E+12,23
23/01/2025,BCNV-M.TA,-1.54E+13,24
24/01/2025,BCNV-M.TA,-3.66E+13,25
25/01/2025,BCNV-M.TA,-2.18E+14,26
26/01/2025,BCNV-M.TA,1.33E+15,27
27/01/2025,BCNV-M.TA,-2.83E+15,28
28/01/2025,BCNV-M.TA,-2.61E+16,29
29/01/2025,BCNV-M.TA,-9.11E+16,30
31/12/2024,BWAY.TA,1574.118684,1
01/01/2025,BWAY.TA,1643.992928,2
02/01/2025,BWAY.TA,1726.243628,3
03/01/2025,BWAY.TA,1703.384246,4
04/01/2025,BWAY.TA,1665.362874,5
05/01/2025,BWAY.TA,1678.039208,6
06/01/2025,BWAY.TA,1711.716227,7
07/01/2025,BWAY.TA,1699.458968,8
08/01/2025,BWAY.TA,1687.074683,9
09/01/2025,BWAY.TA,1775.024484,10
10/01/2025,BWAY.TA,1828.970826,11
11/01/2025,BWAY.TA,1862.274837,12
12/01/2025,BWAY.TA,1835.588329,13
13/01/2025,BWAY.TA,1769.896046,14
14/01/2025,BWAY.TA,1783.848318,15
15/01/2025,BWAY.TA,1762.44938,16
16/01/2025,BWAY.TA,1719.550266,17
17/01/2025,BWAY.TA,1658.651842,18
18/01/2025,BWAY.TA,1648.392193,19
19/01/2025,BWAY.TA,1644.143281,20
20/01/2025,BWAY.TA,1682.858883,21
21/01/2025,BWAY.TA,1679.111033,22
22/01/2025,BWAY.TA,1645.596502,23
23/01/2025,BWAY.TA,1688.220182,24
24/01/2025,BWAY.TA,1751.057896,25
25/01/2025,BWAY.TA,1753.895568,26
26/01/2025,BWAY.TA,1795.323481,27
27/01/2025,BWAY.TA,1905.111861,28
28/01/2025,BWAY.TA,1988.715017,29
29/01/2025,BWAY.TA,2021.464625,30
31/12/2024,BRAM.TA,157.9594674,1
01/01/2025,BRAM.TA,160.5594832,2
02/01/2025,BRAM.TA,164.4491884,3
03/01/2025,BRAM.TA,163.53818,4
04/01/2025,BRAM.TA,164.6876523,5
05/01/2025,BRAM.TA,164.7204027,6
06/01/2025,BRAM.TA,168.1884477,7
07/01/2025,BRAM.TA,169.3582632,8
08/01/2025,BRAM.TA,169.8945424,9
09/01/2025,BRAM.TA,172.4158176,10
10/01/2025,BRAM.TA,173.7345617,11
11/01/2025,BRAM.TA,174.8447911,12
12/01/2025,BRAM.TA,175.8088591,13
13/01/2025,BRAM.TA,173.4158399,14
14/01/2025,BRAM.TA,171.0830559,15
15/01/2025,BRAM.TA,181.5943562,16
16/01/2025,BRAM.TA,181.0510169,17
17/01/2025,BRAM.TA,183.0944595,18
18/01/2025,BRAM.TA,181.9019196,19
19/01/2025,BRAM.TA,184.3447479,20
20/01/2025,BRAM.TA,185.1056667,21
21/01/2025,BRAM.TA,183.0306846,22
22/01/2025,BRAM.TA,180.2698509,23
23/01/2025,BRAM.TA,178.3249197,24
24/01/2025,BRAM.TA,174.5465278,25
25/01/2025,BRAM.TA,172.2477269,26
26/01/2025,BRAM.TA,176.175614,27
27/01/2025,BRAM.TA,175.3236215,28
28/01/2025,BRAM.TA,175.6244848,29
29/01/2025,BRAM.TA,183.2206796,30
31/12/2024,BRND.TA,276.1309059,1
01/01/2025,BRND.TA,269.7313887,2
02/01/2025,BRND.TA,272.1969143,3
03/01/2025,BRND.TA,271.6454705,4
04/01/2025,BRND.TA,266.6599422,5
05/01/2025,BRND.TA,263.6006547,6
06/01/2025,BRND.TA,260.631892,7
07/01/2025,BRND.TA,256.2514187,8
08/01/2025,BRND.TA,257.7537408,9
09/01/2025,BRND.TA,254.4950465,10
10/01/2025,BRND.TA,255.9427803,11
11/01/2025,BRND.TA,262.3818844,12
12/01/2025,BRND.TA,264.5039063,13
13/01/2025,BRND.TA,277.637885,14
14/01/2025,BRND.TA,267.0880356,15
15/01/2025,BRND.TA,265.328921,16
16/01/2025,BRND.TA,258.2678708,17
17/01/2025,BRND.TA,261.1638792,18
18/01/2025,BRND.TA,262.2234343,19
19/01/2025,BRND.TA,261.9364673,20
20/01/2025,BRND.TA,260.1578588,21
21/01/2025,BRND.TA,255.46979,22
22/01/2025,BRND.TA,261.0777474,23
23/01/2025,BRND.TA,261.8220131,24
24/01/2025,BRND.TA,261.3358896,25
25/01/2025,BRND.TA,270.7258218,26
26/01/2025,BRND.TA,275.5340575,27
27/01/2025,BRND.TA,283.6723134,28
28/01/2025,BRND.TA,284.7883212,29
29/01/2025,BRND.TA,296.109902,30
31/12/2024,BRIL.TA,2294.175559,1
01/01/2025,BRIL.TA,2456.235093,2
02/01/2025,BRIL.TA,2600.626958,3
03/01/2025,BRIL.TA,2568.266379,4
04/01/2025,BRIL.TA,2651.932697,5
05/01/2025,BRIL.TA,2747.265174,6
06/01/2025,BRIL.TA,2766.451875,7
07/01/2025,BRIL.TA,2724.938592,8
08/01/2025,BRIL.TA,2720.703562,9
09/01/2025,BRIL.TA,2690.670562,10
10/01/2025,BRIL.TA,2996.877632,11
11/01/2025,BRIL.TA,3236.979412,12
12/01/2025,BRIL.TA,3407.197579,13
13/01/2025,BRIL.TA,3447.328476,14
14/01/2025,BRIL.TA,3600.69419,15
15/01/2025,BRIL.TA,3702.814812,16
16/01/2025,BRIL.TA,3722.12468,17
17/01/2025,BRIL.TA,3477.899803,18
18/01/2025,BRIL.TA,3497.706211,19
19/01/2025,BRIL.TA,3506.054681,20
20/01/2025,BRIL.TA,3677.827771,21
21/01/2025,BRIL.TA,3567.289455,22
22/01/2025,BRIL.TA,3461.171899,23
23/01/2025,BRIL.TA,3563.388189,24
24/01/2025,BRIL.TA,3511.787452,25
25/01/2025,BRIL.TA,3561.00811,26
26/01/2025,BRIL.TA,3514.93031,27
27/01/2025,BRIL.TA,3554.264861,28
28/01/2025,BRIL.TA,3438.63062,29
29/01/2025,BRIL.TA,3555.73829,30
31/12/2024,BRMG.TA,1657.47496,1
01/01/2025,BRMG.TA,1466.300684,2
02/01/2025,BRMG.TA,1575.352749,3
03/01/2025,BRMG.TA,1538.750217,4
04/01/2025,BRMG.TA,1632.410784,5
05/01/2025,BRMG.TA,1590.25591,6
06/01/2025,BRMG.TA,1598.884474,7
07/01/2025,BRMG.TA,1556.66215,8
08/01/2025,BRMG.TA,1612.643176,9
09/01/2025,BRMG.TA,1674.984391,10
10/01/2025,BRMG.TA,1668.110968,11
11/01/2025,BRMG.TA,1561.927268,12
12/01/2025,BRMG.TA,1566.566371,13
13/01/2025,BRMG.TA,1673.094963,14
14/01/2025,BRMG.TA,1571.554944,15
15/01/2025,BRMG.TA,1517.017411,16
16/01/2025,BRMG.TA,1443.52391,17
17/01/2025,BRMG.TA,1572.820574,18
18/01/2025,BRMG.TA,1552.673843,19
19/01/2025,BRMG.TA,1487.892307,20
20/01/2025,BRMG.TA,1499.74831,21
21/01/2025,BRMG.TA,1402.407897,22
22/01/2025,BRMG.TA,1513.543717,23
23/01/2025,BRMG.TA,1619.545064,24
24/01/2025,BRMG.TA,1627.327013,25
25/01/2025,BRMG.TA,1618.632162,26
26/01/2025,BRMG.TA,1511.83623,27
27/01/2025,BRMG.TA,1595.096923,28
28/01/2025,BRMG.TA,1644.204088,29
29/01/2025,BRMG.TA,1653.376354,30
31/12/2024,BBLS.TA,43.22954745,1
01/01/2025,BBLS.TA,40.92986715,2
02/01/2025,BBLS.TA,32.17128261,3
03/01/2025,BBLS.TA,34.20596022,4
04/01/2025,BBLS.TA,36.95879154,5
05/01/2025,BBLS.TA,40.40190989,6
06/01/2025,BBLS.TA,37.95968563,7
07/01/2025,BBLS.TA,37.59276774,8
08/01/2025,BBLS.TA,42.41867691,9
09/01/2025,BBLS.TA,54.10340045,10
10/01/2025,BBLS.TA,46.66001033,11
11/01/2025,BBLS.TA,49.52800135,12
12/01/2025,BBLS.TA,43.89342185,13
13/01/2025,BBLS.TA,48.81904128,14
14/01/2025,BBLS.TA,39.32767698,15
15/01/2025,BBLS.TA,41.94778257,16
16/01/2025,BBLS.TA,40.40978645,17
17/01/2025,BBLS.TA,47.46280727,18
18/01/2025,BBLS.TA,49.00506522,19
19/01/2025,BBLS.TA,56.37821452,20
20/01/2025,BBLS.TA,49.67073053,21
21/01/2025,BBLS.TA,69.85937577,22
22/01/2025,BBLS.TA,78.43415134,23
23/01/2025,BBLS.TA,69.84213902,24
24/01/2025,BBLS.TA,77.06889927,25
25/01/2025,BBLS.TA,71.87219421,26
26/01/2025,BBLS.TA,76.77340629,27
27/01/2025,BBLS.TA,96.66878552,28
28/01/2025,BBLS.TA,113.5277227,29
29/01/2025,BBLS.TA,118.5167339,30
31/12/2024,BLGO.TA,733.7207036,1
01/01/2025,BLGO.TA,715.9671363,2
02/01/2025,BLGO.TA,711.9036881,3
03/01/2025,BLGO.TA,693.1207025,4
04/01/2025,BLGO.TA,685.8205812,5
05/01/2025,BLGO.TA,693.6474514,6
06/01/2025,BLGO.TA,709.8207146,7
07/01/2025,BLGO.TA,710.0948483,8
08/01/2025,BLGO.TA,700.85438,9
09/01/2025,BLGO.TA,696.0943767,10
10/01/2025,BLGO.TA,682.7748476,11
11/01/2025,BLGO.TA,691.3927257,12
12/01/2025,BLGO.TA,687.602273,13
13/01/2025,BLGO.TA,687.9776269,14
14/01/2025,BLGO.TA,683.9360527,15
15/01/2025,BLGO.TA,684.4076009,16
16/01/2025,BLGO.TA,682.9302446,17
17/01/2025,BLGO.TA,685.5188103,18
18/01/2025,BLGO.TA,680.010618,19
19/01/2025,BLGO.TA,669.0113336,20
20/01/2025,BLGO.TA,680.669182,21
21/01/2025,BLGO.TA,677.0510221,22
22/01/2025,BLGO.TA,656.5391355,23
23/01/2025,BLGO.TA,657.7514575,24
24/01/2025,BLGO.TA,668.6672339,25
25/01/2025,BLGO.TA,662.4524287,26
26/01/2025,BLGO.TA,669.383578,27
27/01/2025,BLGO.TA,649.6444852,28
28/01/2025,BLGO.TA,658.8236547,29
29/01/2025,BLGO.TA,647.8388357,30
31/12/2024,BULL-M.TA,-255.4578028,1
01/01/2025,BULL-M.TA,-989.0740308,2
02/01/2025,BULL-M.TA,232934.907,3
03/01/2025,BULL-M.TA,6734132.754,4
04/01/2025,BULL-M.TA,-1.42E+09,5
05/01/2025,BULL-M.TA,4.32E+11,6
06/01/2025,BULL-M.TA,-2.15E+13,7
07/01/2025,BULL-M.TA,2.31E+15,8
08/01/2025,BULL-M.TA,3.98E+17,9
09/01/2025,BULL-M.TA,-1.26E+19,10
10/01/2025,BULL-M.TA,-1.28E+21,11
11/01/2025,BULL-M.TA,6.75E+22,12
12/01/2025,BULL-M.TA,1.23E+25,13
13/01/2025,BULL-M.TA,2.36E+26,14
14/01/2025,BULL-M.TA,-1.84E+28,15
15/01/2025,BULL-M.TA,-5.31E+30,16
16/01/2025,BULL-M.TA,-4.33E+32,17
17/01/2025,BULL-M.TA,-1.44E+34,18
18/01/2025,BULL-M.TA,5.87E+36,19
19/01/2025,BULL-M.TA,1.61E+39,20
20/01/2025,BULL-M.TA,7.26E+41,21
21/01/2025,BULL-M.TA,-1.63E+44,22
22/01/2025,BULL-M.TA,-2.66E+46,23
23/01/2025,BULL-M.TA,-1.07E+49,24
24/01/2025,BULL-M.TA,-3.79E+50,25
25/01/2025,BULL-M.TA,-5.47E+51,26
26/01/2025,BULL-M.TA,8.22E+53,27
27/01/2025,BULL-M.TA,2.23E+56,28
28/01/2025,BULL-M.TA,-1.93E+58,29
29/01/2025,BULL-M.TA,3.97E+60,30
31/12/2024,CISY.TA,1295.005752,1
01/01/2025,CISY.TA,1316.104958,2
02/01/2025,CISY.TA,1366.235823,3
03/01/2025,CISY.TA,1405.144216,4
04/01/2025,CISY.TA,1381.56256,5
05/01/2025,CISY.TA,1362.427332,6
06/01/2025,CISY.TA,1469.282088,7
07/01/2025,CISY.TA,1541.637906,8
08/01/2025,CISY.TA,1638.937509,9
09/01/2025,CISY.TA,1555.546637,10
10/01/2025,CISY.TA,1585.681714,11
11/01/2025,CISY.TA,1503.602373,12
12/01/2025,CISY.TA,1460.20713,13
13/01/2025,CISY.TA,1516.675116,14
14/01/2025,CISY.TA,1542.036507,15
15/01/2025,CISY.TA,1485.045005,16
16/01/2025,CISY.TA,1515.533678,17
17/01/2025,CISY.TA,1528.814142,18
18/01/2025,CISY.TA,1580.590612,19
19/01/2025,CISY.TA,1625.120321,20
20/01/2025,CISY.TA,1706.233632,21
21/01/2025,CISY.TA,1750.021366,22
22/01/2025,CISY.TA,1613.677172,23
23/01/2025,CISY.TA,1605.540012,24
24/01/2025,CISY.TA,1603.631452,25
25/01/2025,CISY.TA,1535.336409,26
26/01/2025,CISY.TA,1650.171618,27
27/01/2025,CISY.TA,1609.678579,28
28/01/2025,CISY.TA,1695.746729,29
29/01/2025,CISY.TA,1667.443181,30
31/12/2024,CLAB.TA,1050.08532,1
01/01/2025,CLAB.TA,1010.271125,2
02/01/2025,CLAB.TA,1011.709043,3
03/01/2025,CLAB.TA,1013.073995,4
04/01/2025,CLAB.TA,1002.879416,5
05/01/2025,CLAB.TA,994.7434362,6
06/01/2025,CLAB.TA,989.6501434,7
07/01/2025,CLAB.TA,962.0938484,8
08/01/2025,CLAB.TA,982.1477581,9
09/01/2025,CLAB.TA,992.9520163,10
10/01/2025,CLAB.TA,1023.137688,11
11/01/2025,CLAB.TA,1044.052484,12
12/01/2025,CLAB.TA,1045.571427,13
13/01/2025,CLAB.TA,1050.401122,14
14/01/2025,CLAB.TA,1052.509345,15
15/01/2025,CLAB.TA,1052.766513,16
16/01/2025,CLAB.TA,1086.952462,17
17/01/2025,CLAB.TA,1116.513684,18
18/01/2025,CLAB.TA,1108.932629,19
19/01/2025,CLAB.TA,1099.592567,20
20/01/2025,CLAB.TA,1094.229231,21
21/01/2025,CLAB.TA,1060.039454,22
22/01/2025,CLAB.TA,1030.42063,23
23/01/2025,CLAB.TA,1057.868628,24
24/01/2025,CLAB.TA,1056.776955,25
25/01/2025,CLAB.TA,1055.17536,26
26/01/2025,CLAB.TA,1092.335259,27
27/01/2025,CLAB.TA,1103.106229,28
28/01/2025,CLAB.TA,1102.70807,29
29/01/2025,CLAB.TA,1111.171539,30
31/12/2024,CAMT.TA,33038.42094,1
01/01/2025,CAMT.TA,32510.19525,2
02/01/2025,CAMT.TA,32399.76883,3
03/01/2025,CAMT.TA,30874.478,4
04/01/2025,CAMT.TA,31173.16286,5
05/01/2025,CAMT.TA,30098.52205,6
06/01/2025,CAMT.TA,31400.25975,7
07/01/2025,CAMT.TA,32563.2697,8
08/01/2025,CAMT.TA,30821.17102,9
09/01/2025,CAMT.TA,32162.90582,10
10/01/2025,CAMT.TA,31931.58024,11
11/01/2025,CAMT.TA,31605.34904,12
12/01/2025,CAMT.TA,31899.09382,13
13/01/2025,CAMT.TA,32154.8729,14
14/01/2025,CAMT.TA,32154.74075,15
15/01/2025,CAMT.TA,31814.01469,16
16/01/2025,CAMT.TA,32081.74272,17
17/01/2025,CAMT.TA,33021.76386,18
18/01/2025,CAMT.TA,35532.6761,19
19/01/2025,CAMT.TA,36250.87824,20
20/01/2025,CAMT.TA,36264.67206,21
21/01/2025,CAMT.TA,32989.14569,22
22/01/2025,CAMT.TA,33506.2754,23
23/01/2025,CAMT.TA,34053.28506,24
24/01/2025,CAMT.TA,34314.05428,25
25/01/2025,CAMT.TA,34327.46224,26
26/01/2025,CAMT.TA,32851.47904,27
27/01/2025,CAMT.TA,33124.32761,28
28/01/2025,CAMT.TA,32863.35424,29
29/01/2025,CAMT.TA,34174.42709,30
31/12/2024,CANF.TA,1.29663904,1
01/01/2025,CANF.TA,1.45608162,2
02/01/2025,CANF.TA,1.49384086,3
03/01/2025,CANF.TA,1.54214853,4
04/01/2025,CANF.TA,1.52630439,5
05/01/2025,CANF.TA,1.94344187,6
06/01/2025,CANF.TA,1.88688213,7
07/01/2025,CANF.TA,1.6509204,8
08/01/2025,CANF.TA,1.63159917,9
09/01/2025,CANF.TA,1.43923106,10
10/01/2025,CANF.TA,1.5762956,11
11/01/2025,CANF.TA,1.68315922,12
12/01/2025,CANF.TA,1.48566611,13
13/01/2025,CANF.TA,1.52967288,14
14/01/2025,CANF.TA,1.83647028,15
15/01/2025,CANF.TA,1.7775968,16
16/01/2025,CANF.TA,1.46408056,17
17/01/2025,CANF.TA,1.18286314,18
18/01/2025,CANF.TA,1.16467753,19
19/01/2025,CANF.TA,0.95313214,20
20/01/2025,CANF.TA,0.91866538,21
21/01/2025,CANF.TA,0.74190217,22
22/01/2025,CANF.TA,0.49824834,23
23/01/2025,CANF.TA,0.6146554,24
24/01/2025,CANF.TA,0.68408244,25
25/01/2025,CANF.TA,0.80857691,26
26/01/2025,CANF.TA,0.82113843,27
27/01/2025,CANF.TA,0.70066766,28
28/01/2025,CANF.TA,0.65357243,29
29/01/2025,CANF.TA,0.64441923,30
31/12/2024,CNGL.TA,528.2585382,1
01/01/2025,CNGL.TA,555.4263862,2
02/01/2025,CNGL.TA,565.6847915,3
03/01/2025,CNGL.TA,563.1086119,4
04/01/2025,CNGL.TA,519.4032973,5
05/01/2025,CNGL.TA,598.4671572,6
06/01/2025,CNGL.TA,537.2731975,7
07/01/2025,CNGL.TA,507.2842319,8
08/01/2025,CNGL.TA,533.9542538,9
09/01/2025,CNGL.TA,540.4549165,10
10/01/2025,CNGL.TA,562.3073115,11
11/01/2025,CNGL.TA,572.4328056,12
12/01/2025,CNGL.TA,535.6307609,13
13/01/2025,CNGL.TA,547.6500913,14
14/01/2025,CNGL.TA,564.4120929,15
15/01/2025,CNGL.TA,564.5450135,16
16/01/2025,CNGL.TA,588.2126547,17
17/01/2025,CNGL.TA,617.3283604,18
18/01/2025,CNGL.TA,611.5756458,19
19/01/2025,CNGL.TA,616.9536155,20
20/01/2025,CNGL.TA,634.3183047,21
21/01/2025,CNGL.TA,593.5735488,22
22/01/2025,CNGL.TA,597.2692557,23
23/01/2025,CNGL.TA,593.5429709,24
24/01/2025,CNGL.TA,620.3038784,25
25/01/2025,CNGL.TA,628.696026,26
26/01/2025,CNGL.TA,627.1597046,27
27/01/2025,CNGL.TA,600.6096895,28
28/01/2025,CNGL.TA,610.4862121,29
29/01/2025,CNGL.TA,647.2911734,30
31/12/2024,CNTC.TA,1303.953582,1
01/01/2025,CNTC.TA,1697.545132,2
02/01/2025,CNTC.TA,1585.861286,3
03/01/2025,CNTC.TA,1677.316174,4
04/01/2025,CNTC.TA,784.7670281,5
05/01/2025,CNTC.TA,926.5265047,6
06/01/2025,CNTC.TA,1314.04764,7
07/01/2025,CNTC.TA,272.8429238,8
08/01/2025,CNTC.TA,261.8908789,9
09/01/2025,CNTC.TA,180.9609293,10
10/01/2025,CNTC.TA,263.5678241,11
11/01/2025,CNTC.TA,54.66196041,12
12/01/2025,CNTC.TA,44.22753022,13
13/01/2025,CNTC.TA,83.18831396,14
14/01/2025,CNTC.TA,131.7094345,15
15/01/2025,CNTC.TA,247.46435,16
16/01/2025,CNTC.TA,464.7841654,17
17/01/2025,CNTC.TA,552.5207117,18
18/01/2025,CNTC.TA,611.8827844,19
19/01/2025,CNTC.TA,304.2263424,20
20/01/2025,CNTC.TA,316.4383072,21
21/01/2025,CNTC.TA,603.0173796,22
22/01/2025,CNTC.TA,753.6854961,23
23/01/2025,CNTC.TA,1125.872596,24
24/01/2025,CNTC.TA,1259.596449,25
25/01/2025,CNTC.TA,1325.091176,26
26/01/2025,CNTC.TA,2152.133647,27
27/01/2025,CNTC.TA,2598.057342,28
28/01/2025,CNTC.TA,2956.65964,29
29/01/2025,CNTC.TA,3625.747681,30
31/12/2024,CPTP.TA,-153.1019799,1
01/01/2025,CPTP.TA,-327.4908946,2
02/01/2025,CPTP.TA,1225.250204,3
03/01/2025,CPTP.TA,-2834.430056,4
04/01/2025,CPTP.TA,11422.11832,5
05/01/2025,CPTP.TA,11232.08837,6
06/01/2025,CPTP.TA,-31871.31747,7
07/01/2025,CPTP.TA,-18673.68992,8
08/01/2025,CPTP.TA,-123379.9434,9
09/01/2025,CPTP.TA,-184408.337,10
10/01/2025,CPTP.TA,340225.2549,11
11/01/2025,CPTP.TA,605373.1334,12
12/01/2025,CPTP.TA,2056078.659,13
13/01/2025,CPTP.TA,3049701.005,14
14/01/2025,CPTP.TA,12203149.77,15
15/01/2025,CPTP.TA,-1.34E+08,16
16/01/2025,CPTP.TA,-4.47E+08,17
17/01/2025,CPTP.TA,-1.56E+09,18
18/01/2025,CPTP.TA,-1.23E+09,19
19/01/2025,CPTP.TA,-5.77E+08,20
20/01/2025,CPTP.TA,3.69E+09,21
21/01/2025,CPTP.TA,9.56E+09,22
22/01/2025,CPTP.TA,2.18E+10,23
23/01/2025,CPTP.TA,9.35E+10,24
24/01/2025,CPTP.TA,2.41E+09,25
25/01/2025,CPTP.TA,-2.72E+09,26
26/01/2025,CPTP.TA,-1.27E+10,27
27/01/2025,CPTP.TA,-4.00E+10,28
28/01/2025,CPTP.TA,2.48E+11,29
29/01/2025,CPTP.TA,-1.92E+11,30
31/12/2024,CRSM.TA,2468.836783,1
01/01/2025,CRSM.TA,2473.930731,2
02/01/2025,CRSM.TA,2491.245581,3
03/01/2025,CRSM.TA,2466.216725,4
04/01/2025,CRSM.TA,2467.104207,5
05/01/2025,CRSM.TA,2482.311477,6
06/01/2025,CRSM.TA,2454.508486,7
07/01/2025,CRSM.TA,2364.235634,8
08/01/2025,CRSM.TA,2316.067034,9
09/01/2025,CRSM.TA,2351.51245,10
10/01/2025,CRSM.TA,2421.867766,11
11/01/2025,CRSM.TA,2417.049639,12
12/01/2025,CRSM.TA,2481.885066,13
13/01/2025,CRSM.TA,2516.789865,14
14/01/2025,CRSM.TA,2484.243781,15
15/01/2025,CRSM.TA,2494.298509,16
16/01/2025,CRSM.TA,2468.421058,17
17/01/2025,CRSM.TA,2511.954529,18
18/01/2025,CRSM.TA,2518.331883,19
19/01/2025,CRSM.TA,2534.947756,20
20/01/2025,CRSM.TA,2486.824063,21
21/01/2025,CRSM.TA,2506.296528,22
22/01/2025,CRSM.TA,2535.98331,23
23/01/2025,CRSM.TA,2595.433416,24
24/01/2025,CRSM.TA,2498.758338,25
25/01/2025,CRSM.TA,2545.664489,26
26/01/2025,CRSM.TA,2527.593389,27
27/01/2025,CRSM.TA,2527.186677,28
28/01/2025,CRSM.TA,2517.078605,29
29/01/2025,CRSM.TA,2419.081419,30
31/12/2024,CRSR.TA,3257.685231,1
01/01/2025,CRSR.TA,3287.181862,2
02/01/2025,CRSR.TA,3284.72312,3
03/01/2025,CRSR.TA,3323.431277,4
04/01/2025,CRSR.TA,3363.899284,5
05/01/2025,CRSR.TA,3369.743326,6
06/01/2025,CRSR.TA,3395.951766,7
07/01/2025,CRSR.TA,3385.450565,8
08/01/2025,CRSR.TA,3320.987445,9
09/01/2025,CRSR.TA,3300.671129,10
10/01/2025,CRSR.TA,3329.572702,11
11/01/2025,CRSR.TA,3346.272636,12
12/01/2025,CRSR.TA,3361.36693,13
13/01/2025,CRSR.TA,3403.838994,14
14/01/2025,CRSR.TA,3383.084797,15
15/01/2025,CRSR.TA,3390.379559,16
16/01/2025,CRSR.TA,3446.275703,17
17/01/2025,CRSR.TA,3460.15661,18
18/01/2025,CRSR.TA,3518.158549,19
19/01/2025,CRSR.TA,3536.929415,20
20/01/2025,CRSR.TA,3567.14997,21
21/01/2025,CRSR.TA,3599.611643,22
22/01/2025,CRSR.TA,3609.299562,23
23/01/2025,CRSR.TA,3623.530334,24
24/01/2025,CRSR.TA,3584.916307,25
25/01/2025,CRSR.TA,3570.262628,26
26/01/2025,CRSR.TA,3636.298338,27
27/01/2025,CRSR.TA,3677.21164,28
28/01/2025,CRSR.TA,3634.922432,29
29/01/2025,CRSR.TA,3700.221537,30
31/12/2024,CRML.TA,1986.243778,1
01/01/2025,CRML.TA,1899.112364,2
02/01/2025,CRML.TA,1941.93561,3
03/01/2025,CRML.TA,1928.997646,4
04/01/2025,CRML.TA,1899.453145,5
05/01/2025,CRML.TA,2020.662563,6
06/01/2025,CRML.TA,2068.491941,7
07/01/2025,CRML.TA,2076.15555,8
08/01/2025,CRML.TA,2193.867773,9
09/01/2025,CRML.TA,2008.990919,10
10/01/2025,CRML.TA,2074.956149,11
11/01/2025,CRML.TA,1989.155747,12
12/01/2025,CRML.TA,1972.614065,13
13/01/2025,CRML.TA,1999.453897,14
14/01/2025,CRML.TA,1940.690816,15
15/01/2025,CRML.TA,2028.868354,16
16/01/2025,CRML.TA,2055.700388,17
17/01/2025,CRML.TA,2137.2292,18
18/01/2025,CRML.TA,2072.515321,19
19/01/2025,CRML.TA,1975.38054,20
20/01/2025,CRML.TA,2037.014669,21
21/01/2025,CRML.TA,2077.971438,22
22/01/2025,CRML.TA,2012.774097,23
23/01/2025,CRML.TA,1983.956157,24
24/01/2025,CRML.TA,2041.138365,25
25/01/2025,CRML.TA,1987.204797,26
26/01/2025,CRML.TA,1994.800444,27
27/01/2025,CRML.TA,1919.076188,28
28/01/2025,CRML.TA,1987.496384,29
29/01/2025,CRML.TA,2003.431522,30
31/12/2024,CRMT.TA,2667.365628,1
01/01/2025,CRMT.TA,9120.817042,2
02/01/2025,CRMT.TA,44599.56732,3
03/01/2025,CRMT.TA,164843.8721,4
04/01/2025,CRMT.TA,-587968.929,5
05/01/2025,CRMT.TA,802479.826,6
06/01/2025,CRMT.TA,-1310474.515,7
07/01/2025,CRMT.TA,5016824.906,8
08/01/2025,CRMT.TA,-1213650.329,9
09/01/2025,CRMT.TA,-5603658.715,10
10/01/2025,CRMT.TA,11583715.53,11
11/01/2025,CRMT.TA,-2510348.5,12
12/01/2025,CRMT.TA,-10570595.46,13
13/01/2025,CRMT.TA,-36774985.12,14
14/01/2025,CRMT.TA,84014034.58,15
15/01/2025,CRMT.TA,96353792.89,16
16/01/2025,CRMT.TA,-80810555.94,17
17/01/2025,CRMT.TA,3.70E+08,18
18/01/2025,CRMT.TA,-1.98E+08,19
19/01/2025,CRMT.TA,-3.73E+08,20
20/01/2025,CRMT.TA,-1.35E+09,21
21/01/2025,CRMT.TA,9.25E+08,22
22/01/2025,CRMT.TA,-9.01E+08,23
23/01/2025,CRMT.TA,-1.33E+08,24
24/01/2025,CRMT.TA,-5.66E+08,25
25/01/2025,CRMT.TA,-2.04E+09,26
26/01/2025,CRMT.TA,-7.05E+09,27
27/01/2025,CRMT.TA,-3.46E+10,28
28/01/2025,CRMT.TA,-3.22E+10,29
29/01/2025,CRMT.TA,-1.30E+11,30
31/12/2024,CAST.TA,10144.52808,1
01/01/2025,CAST.TA,10089.00131,2
02/01/2025,CAST.TA,10506.67701,3
03/01/2025,CAST.TA,10731.19822,4
04/01/2025,CAST.TA,10684.41015,5
05/01/2025,CAST.TA,10609.83962,6
06/01/2025,CAST.TA,10536.0646,7
07/01/2025,CAST.TA,10833.34697,8
08/01/2025,CAST.TA,10758.36323,9
09/01/2025,CAST.TA,10989.1146,10
10/01/2025,CAST.TA,10903.30581,11
11/01/2025,CAST.TA,11210.40327,12
12/01/2025,CAST.TA,11086.15932,13
13/01/2025,CAST.TA,11082.08499,14
14/01/2025,CAST.TA,11016.3479,15
15/01/2025,CAST.TA,11132.46859,16
16/01/2025,CAST.TA,11145.34704,17
17/01/2025,CAST.TA,11002.06935,18
18/01/2025,CAST.TA,10943.02266,19
19/01/2025,CAST.TA,10739.27185,20
20/01/2025,CAST.TA,10959.85903,21
21/01/2025,CAST.TA,11223.49343,22
22/01/2025,CAST.TA,10865.73284,23
23/01/2025,CAST.TA,10885.73718,24
24/01/2025,CAST.TA,11254.31063,25
25/01/2025,CAST.TA,11614.69274,26
26/01/2025,CAST.TA,11402.32593,27
27/01/2025,CAST.TA,11123.14709,28
28/01/2025,CAST.TA,11305.80643,29
29/01/2025,CAST.TA,11590.41398,30
31/12/2024,CEL.TA,2139.494723,1
01/01/2025,CEL.TA,2128.695859,2
02/01/2025,CEL.TA,2148.43911,3
03/01/2025,CEL.TA,2201.521146,4
04/01/2025,CEL.TA,2128.329016,5
05/01/2025,CEL.TA,2141.550202,6
06/01/2025,CEL.TA,2159.054588,7
07/01/2025,CEL.TA,2138.28322,8
08/01/2025,CEL.TA,2201.821539,9
09/01/2025,CEL.TA,2173.248192,10
10/01/2025,CEL.TA,2241.448928,11
11/01/2025,CEL.TA,2220.294072,12
12/01/2025,CEL.TA,2244.560672,13
13/01/2025,CEL.TA,2140.922554,14
14/01/2025,CEL.TA,2128.676919,15
15/01/2025,CEL.TA,2138.367913,16
16/01/2025,CEL.TA,2095.492186,17
17/01/2025,CEL.TA,2154.576861,18
18/01/2025,CEL.TA,2143.085832,19
19/01/2025,CEL.TA,2190.68132,20
20/01/2025,CEL.TA,2202.439029,21
21/01/2025,CEL.TA,2204.5181,22
22/01/2025,CEL.TA,2237.047797,23
23/01/2025,CEL.TA,2254.345453,24
24/01/2025,CEL.TA,2213.631204,25
25/01/2025,CEL.TA,2251.097468,26
26/01/2025,CEL.TA,2177.726098,27
27/01/2025,CEL.TA,2141.37324,28
28/01/2025,CEL.TA,2182.212349,29
29/01/2025,CEL.TA,2159.290397,30
31/12/2024,CILO.TA,10748.95913,1
01/01/2025,CILO.TA,-41737.31713,2
02/01/2025,CILO.TA,-64140.37874,3
03/01/2025,CILO.TA,-860230.8186,4
04/01/2025,CILO.TA,2174845.756,5
05/01/2025,CILO.TA,1737191.667,6
06/01/2025,CILO.TA,-7494244.827,7
07/01/2025,CILO.TA,99922759.04,8
08/01/2025,CILO.TA,-2.62E+08,9
09/01/2025,CILO.TA,-1.18E+09,10
10/01/2025,CILO.TA,-3.39E+09,11
11/01/2025,CILO.TA,6.96E+09,12
12/01/2025,CILO.TA,5.88E+10,13
13/01/2025,CILO.TA,-4.93E+11,14
14/01/2025,CILO.TA,1.10E+11,15
15/01/2025,CILO.TA,6.99E+11,16
16/01/2025,CILO.TA,-4.48E+12,17
17/01/2025,CILO.TA,-8.42E+13,18
18/01/2025,CILO.TA,2.59E+14,19
19/01/2025,CILO.TA,-5.08E+14,20
20/01/2025,CILO.TA,-3.54E+15,21
21/01/2025,CILO.TA,-2.02E+16,22
22/01/2025,CILO.TA,-1.60E+17,23
23/01/2025,CILO.TA,1.15E+18,24
24/01/2025,CILO.TA,1.15E+19,25
25/01/2025,CILO.TA,1.34E+20,26
26/01/2025,CILO.TA,-3.83E+20,27
27/01/2025,CILO.TA,2.65E+20,28
28/01/2025,CILO.TA,-5.56E+20,29
29/01/2025,CILO.TA,-8.86E+21,30
20/12/2024,CION.TA,37.17858304,1
21/12/2024,CION.TA,36.59238716,2
22/12/2024,CION.TA,36.58554826,3
23/12/2024,CION.TA,36.85405395,4
24/12/2024,CION.TA,36.84890393,5
25/12/2024,CION.TA,36.9087946,6
26/12/2024,CION.TA,36.7149562,7
27/12/2024,CION.TA,37.03812753,8
28/12/2024,CION.TA,36.9083624,9
29/12/2024,CION.TA,36.94441918,10
30/12/2024,CION.TA,37.06021497,11
31/12/2024,CION.TA,36.97620131,12
01/01/2025,CION.TA,36.89809244,13
02/01/2025,CION.TA,36.62598271,14
03/01/2025,CION.TA,36.80698626,15
04/01/2025,CION.TA,37.34205617,16
05/01/2025,CION.TA,37.97088369,17
06/01/2025,CION.TA,37.70080791,18
07/01/2025,CION.TA,38.11750982,19
08/01/2025,CION.TA,37.95764253,20
09/01/2025,CION.TA,37.75486102,21
10/01/2025,CION.TA,38.05291288,22
11/01/2025,CION.TA,38.12152008,23
12/01/2025,CION.TA,38.48711799,24
13/01/2025,CION.TA,37.85102606,25
14/01/2025,CION.TA,37.72554945,26
15/01/2025,CION.TA,37.70024646,27
16/01/2025,CION.TA,37.52510002,28
17/01/2025,CION.TA,37.61893353,29
18/01/2025,CION.TA,38.06600469,30
31/12/2024,CPIA.TA,52.07283808,1
01/01/2025,CPIA.TA,50.95180663,2
02/01/2025,CPIA.TA,49.04461845,3
03/01/2025,CPIA.TA,44.22010051,4
04/01/2025,CPIA.TA,44.62453521,5
05/01/2025,CPIA.TA,40.61163186,6
06/01/2025,CPIA.TA,43.55298302,7
07/01/2025,CPIA.TA,44.89460923,8
08/01/2025,CPIA.TA,45.04561973,9
09/01/2025,CPIA.TA,49.84377538,10
10/01/2025,CPIA.TA,53.37768726,11
11/01/2025,CPIA.TA,51.42081347,12
12/01/2025,CPIA.TA,54.1544708,13
13/01/2025,CPIA.TA,55.81413573,14
14/01/2025,CPIA.TA,57.68633681,15
15/01/2025,CPIA.TA,56.42179152,16
16/01/2025,CPIA.TA,54.50117241,17
17/01/2025,CPIA.TA,50.06417625,18
18/01/2025,CPIA.TA,53.03077171,19
19/01/2025,CPIA.TA,57.91731138,20
20/01/2025,CPIA.TA,64.7433209,21
21/01/2025,CPIA.TA,66.40117036,22
22/01/2025,CPIA.TA,59.43396013,23
23/01/2025,CPIA.TA,56.02714677,24
24/01/2025,CPIA.TA,54.42905144,25
25/01/2025,CPIA.TA,55.48963758,26
26/01/2025,CPIA.TA,53.406157,27
27/01/2025,CPIA.TA,46.98894758,28
28/01/2025,CPIA.TA,47.70289629,29
29/01/2025,CPIA.TA,48.25477072,30
03/06/2024,CTPL1.TA,249.1972265,1
04/06/2024,CTPL1.TA,236.0471038,2
05/06/2024,CTPL1.TA,240.4971637,3
06/06/2024,CTPL1.TA,230.7350289,4
07/06/2024,CTPL1.TA,247.2529604,5
08/06/2024,CTPL1.TA,246.81231,6
09/06/2024,CTPL1.TA,239.2733365,7
10/06/2024,CTPL1.TA,221.6658396,8
11/06/2024,CTPL1.TA,220.2280725,9
12/06/2024,CTPL1.TA,233.6372548,10
13/06/2024,CTPL1.TA,256.9347961,11
14/06/2024,CTPL1.TA,270.6273901,12
15/06/2024,CTPL1.TA,267.0547581,13
16/06/2024,CTPL1.TA,258.4763321,14
17/06/2024,CTPL1.TA,263.1954052,15
18/06/2024,CTPL1.TA,270.4997845,16
19/06/2024,CTPL1.TA,257.4714188,17
20/06/2024,CTPL1.TA,257.9835346,18
21/06/2024,CTPL1.TA,277.2492679,19
22/06/2024,CTPL1.TA,255.5302324,20
23/06/2024,CTPL1.TA,266.8669593,21
24/06/2024,CTPL1.TA,270.3511719,22
25/06/2024,CTPL1.TA,259.2202088,23
26/06/2024,CTPL1.TA,259.0729988,24
27/06/2024,CTPL1.TA,257.0161143,25
28/06/2024,CTPL1.TA,259.1066325,26
29/06/2024,CTPL1.TA,258.972434,27
30/06/2024,CTPL1.TA,247.6639808,28
01/07/2024,CTPL1.TA,256.9885609,29
02/07/2024,CTPL1.TA,265.4122493,30
26/12/2024,CTPL5.TA,31438.71214,1
27/12/2024,CTPL5.TA,-109505.2001,2
28/12/2024,CTPL5.TA,5589534.448,3
29/12/2024,CTPL5.TA,-5405488.084,4
30/12/2024,CTPL5.TA,-4.09E+08,5
31/12/2024,CTPL5.TA,-2.16E+10,6
01/01/2025,CTPL5.TA,3.66E+11,7
02/01/2025,CTPL5.TA,2.79E+13,8
03/01/2025,CTPL5.TA,3.05E+13,9
04/01/2025,CTPL5.TA,-1.64E+15,10
05/01/2025,CTPL5.TA,-2.51E+15,11
06/01/2025,CTPL5.TA,1.21E+17,12
07/01/2025,CTPL5.TA,3.30E+18,13
08/01/2025,CTPL5.TA,9.69E+19,14
09/01/2025,CTPL5.TA,6.49E+21,15
10/01/2025,CTPL5.TA,-1.89E+23,16
11/01/2025,CTPL5.TA,6.84E+22,17
12/01/2025,CTPL5.TA,-1.68E+24,18
13/01/2025,CTPL5.TA,4.40E+25,19
14/01/2025,CTPL5.TA,2.84E+27,20
15/01/2025,CTPL5.TA,-7.41E+28,21
16/01/2025,CTPL5.TA,3.19E+30,22
17/01/2025,CTPL5.TA,-3.49E+31,23
18/01/2025,CTPL5.TA,-2.57E+33,24
19/01/2025,CTPL5.TA,-1.12E+34,25
20/01/2025,CTPL5.TA,-2.77E+35,26
21/01/2025,CTPL5.TA,2.97E+36,27
22/01/2025,CTPL5.TA,3.95E+37,28
23/01/2025,CTPL5.TA,-1.05E+39,29
24/01/2025,CTPL5.TA,-3.94E+40,30
31/12/2024,CBI.TA,15.81082485,1
01/01/2025,CBI.TA,17.29440927,2
02/01/2025,CBI.TA,22.10870708,3
03/01/2025,CBI.TA,30.13702091,4
04/01/2025,CBI.TA,33.22616879,5
05/01/2025,CBI.TA,32.88476104,6
06/01/2025,CBI.TA,32.73495705,7
07/01/2025,CBI.TA,38.46876407,8
08/01/2025,CBI.TA,35.30713022,9
09/01/2025,CBI.TA,35.05008418,10
10/01/2025,CBI.TA,32.13295652,11
11/01/2025,CBI.TA,29.19725635,12
12/01/2025,CBI.TA,33.03606329,13
13/01/2025,CBI.TA,27.66921396,14
14/01/2025,CBI.TA,29.71169484,15
15/01/2025,CBI.TA,36.37959333,16
16/01/2025,CBI.TA,33.02733725,17
17/01/2025,CBI.TA,37.36909928,18
18/01/2025,CBI.TA,40.89450937,19
19/01/2025,CBI.TA,36.28159139,20
20/01/2025,CBI.TA,49.32565121,21
21/01/2025,CBI.TA,49.11090757,22
22/01/2025,CBI.TA,46.43944605,23
23/01/2025,CBI.TA,44.19038075,24
24/01/2025,CBI.TA,32.08490599,25
25/01/2025,CBI.TA,27.70513638,26
26/01/2025,CBI.TA,25.673841,27
27/01/2025,CBI.TA,25.9503003,28
28/01/2025,CBI.TA,20.38301541,29
29/01/2025,CBI.TA,16.22879374,30
31/12/2024,CLIS.TA,8012.539868,1
01/01/2025,CLIS.TA,8044.599998,2
02/01/2025,CLIS.TA,8095.456396,3
03/01/2025,CLIS.TA,8237.424066,4
04/01/2025,CLIS.TA,8294.149331,5
05/01/2025,CLIS.TA,8252.435023,6
06/01/2025,CLIS.TA,8233.298963,7
07/01/2025,CLIS.TA,8552.875502,8
08/01/2025,CLIS.TA,8752.238571,9
09/01/2025,CLIS.TA,8855.52053,10
10/01/2025,CLIS.TA,8729.325771,11
11/01/2025,CLIS.TA,8761.863081,12
12/01/2025,CLIS.TA,8787.024382,13
13/01/2025,CLIS.TA,8780.068227,14
14/01/2025,CLIS.TA,8723.089266,15
15/01/2025,CLIS.TA,8745.205329,16
16/01/2025,CLIS.TA,8267.11036,17
17/01/2025,CLIS.TA,8508.17809,18
18/01/2025,CLIS.TA,8509.954755,19
19/01/2025,CLIS.TA,8406.439578,20
20/01/2025,CLIS.TA,8443.420453,21
21/01/2025,CLIS.TA,8508.98979,22
22/01/2025,CLIS.TA,8482.846464,23
23/01/2025,CLIS.TA,8579.787264,24
24/01/2025,CLIS.TA,8604.160357,25
25/01/2025,CLIS.TA,8526.79872,26
26/01/2025,CLIS.TA,8534.209492,27
27/01/2025,CLIS.TA,8563.819462,28
28/01/2025,CLIS.TA,8657.590712,29
29/01/2025,CLIS.TA,8814.93914,30
31/12/2024,CFX.TA,388.4046721,1
01/01/2025,CFX.TA,379.0394653,2
02/01/2025,CFX.TA,377.1436059,3
03/01/2025,CFX.TA,374.9815725,4
04/01/2025,CFX.TA,382.994677,5
05/01/2025,CFX.TA,377.9293749,6
06/01/2025,CFX.TA,382.1778694,7
07/01/2025,CFX.TA,390.1479028,8
08/01/2025,CFX.TA,402.215376,9
09/01/2025,CFX.TA,408.309452,10
10/01/2025,CFX.TA,410.4212851,11
11/01/2025,CFX.TA,419.2536469,12
12/01/2025,CFX.TA,418.8715046,13
13/01/2025,CFX.TA,427.4865165,14
14/01/2025,CFX.TA,436.0844661,15
15/01/2025,CFX.TA,440.6401906,16
16/01/2025,CFX.TA,436.1746685,17
17/01/2025,CFX.TA,444.0164601,18
18/01/2025,CFX.TA,448.0628018,19
19/01/2025,CFX.TA,459.7809769,20
20/01/2025,CFX.TA,466.1081779,21
21/01/2025,CFX.TA,460.6943175,22
22/01/2025,CFX.TA,464.769675,23
23/01/2025,CFX.TA,475.641996,24
24/01/2025,CFX.TA,482.7086837,25
25/01/2025,CFX.TA,481.8566376,26
26/01/2025,CFX.TA,495.7836574,27
27/01/2025,CFX.TA,495.3584401,28
28/01/2025,CFX.TA,495.386131,29
29/01/2025,CFX.TA,499.6746891,30
31/12/2024,CDEV.TA,13035.68039,1
01/01/2025,CDEV.TA,12816.55501,2
02/01/2025,CDEV.TA,12768.52007,3
03/01/2025,CDEV.TA,12767.98089,4
04/01/2025,CDEV.TA,13118.41779,5
05/01/2025,CDEV.TA,13345.32107,6
06/01/2025,CDEV.TA,13354.56821,7
07/01/2025,CDEV.TA,13477.84148,8
08/01/2025,CDEV.TA,13466.57823,9
09/01/2025,CDEV.TA,13352.60416,10
10/01/2025,CDEV.TA,13257.8776,11
11/01/2025,CDEV.TA,13616.25472,12
12/01/2025,CDEV.TA,13660.24298,13
13/01/2025,CDEV.TA,13410.6307,14
14/01/2025,CDEV.TA,13242.88029,15
15/01/2025,CDEV.TA,12860.25827,16
16/01/2025,CDEV.TA,13003.06185,17
17/01/2025,CDEV.TA,12925.18939,18
18/01/2025,CDEV.TA,13048.68128,19
19/01/2025,CDEV.TA,12964.1813,20
20/01/2025,CDEV.TA,13103.83783,21
21/01/2025,CDEV.TA,12894.49744,22
22/01/2025,CDEV.TA,13005.85936,23
23/01/2025,CDEV.TA,12963.68931,24
24/01/2025,CDEV.TA,13474.32536,25
25/01/2025,CDEV.TA,13624.80655,26
26/01/2025,CDEV.TA,13892.11169,27
27/01/2025,CDEV.TA,14140.49411,28
28/01/2025,CDEV.TA,13929.9517,29
29/01/2025,CDEV.TA,14065.22605,30
31/12/2024,CGEN.TA,592.6234097,1
01/01/2025,CGEN.TA,608.305594,2
02/01/2025,CGEN.TA,648.3423831,3
03/01/2025,CGEN.TA,674.4908628,4
04/01/2025,CGEN.TA,637.4101525,5
05/01/2025,CGEN.TA,567.7650354,6
06/01/2025,CGEN.TA,550.7861003,7
07/01/2025,CGEN.TA,557.7003371,8
08/01/2025,CGEN.TA,521.1286628,9
09/01/2025,CGEN.TA,503.2631924,10
10/01/2025,CGEN.TA,517.5906672,11
11/01/2025,CGEN.TA,525.5227554,12
12/01/2025,CGEN.TA,517.1035575,13
13/01/2025,CGEN.TA,538.891236,14
14/01/2025,CGEN.TA,544.6304506,15
15/01/2025,CGEN.TA,530.331956,16
16/01/2025,CGEN.TA,520.8033692,17
17/01/2025,CGEN.TA,502.8686358,18
18/01/2025,CGEN.TA,509.2217987,19
19/01/2025,CGEN.TA,525.7088696,20
20/01/2025,CGEN.TA,535.4952553,21
21/01/2025,CGEN.TA,543.7644478,22
22/01/2025,CGEN.TA,604.1976059,23
23/01/2025,CGEN.TA,560.6959637,24
24/01/2025,CGEN.TA,570.7849058,25
25/01/2025,CGEN.TA,579.563179,26
26/01/2025,CGEN.TA,611.4048927,27
27/01/2025,CGEN.TA,618.9866512,28
28/01/2025,CGEN.TA,608.4674684,29
29/01/2025,CGEN.TA,613.0161478,30
31/12/2024,CMDR.TA,35988.3591,1
01/01/2025,CMDR.TA,36046.546,2
02/01/2025,CMDR.TA,36144.9948,3
03/01/2025,CMDR.TA,35922.03762,4
04/01/2025,CMDR.TA,35555.05521,5
05/01/2025,CMDR.TA,36202.54128,6
06/01/2025,CMDR.TA,35718.79864,7
07/01/2025,CMDR.TA,37075.54,8
08/01/2025,CMDR.TA,36462.33444,9
09/01/2025,CMDR.TA,36367.16624,10
10/01/2025,CMDR.TA,36593.67802,11
11/01/2025,CMDR.TA,36054.66401,12
12/01/2025,CMDR.TA,35944.78022,13
13/01/2025,CMDR.TA,36040.93892,14
14/01/2025,CMDR.TA,36686.08706,15
15/01/2025,CMDR.TA,37708.42188,16
16/01/2025,CMDR.TA,38215.33307,17
17/01/2025,CMDR.TA,38569.25196,18
18/01/2025,CMDR.TA,39603.88678,19
19/01/2025,CMDR.TA,39490.05922,20
20/01/2025,CMDR.TA,39256.77906,21
21/01/2025,CMDR.TA,39305.54725,22
22/01/2025,CMDR.TA,39538.18823,23
23/01/2025,CMDR.TA,39384.41596,24
24/01/2025,CMDR.TA,39137.39252,25
25/01/2025,CMDR.TA,39535.57844,26
26/01/2025,CMDR.TA,39545.32323,27
27/01/2025,CMDR.TA,39831.00353,28
28/01/2025,CMDR.TA,38330.61646,29
29/01/2025,CMDR.TA,38728.69742,30
31/12/2024,CNTL-M.TA,65.9366983,1
01/01/2025,CNTL-M.TA,72.44449455,2
02/01/2025,CNTL-M.TA,67.68060211,3
03/01/2025,CNTL-M.TA,91.02731661,4
04/01/2025,CNTL-M.TA,95.75559049,5
05/01/2025,CNTL-M.TA,91.3166592,6
06/01/2025,CNTL-M.TA,71.04878481,7
07/01/2025,CNTL-M.TA,84.50295972,8
08/01/2025,CNTL-M.TA,98.04573433,9
09/01/2025,CNTL-M.TA,108.0660074,10
10/01/2025,CNTL-M.TA,78.53173379,11
11/01/2025,CNTL-M.TA,92.00928875,12
12/01/2025,CNTL-M.TA,86.04073249,13
13/01/2025,CNTL-M.TA,82.42860951,14
14/01/2025,CNTL-M.TA,111.5065064,15
15/01/2025,CNTL-M.TA,90.32914314,16
16/01/2025,CNTL-M.TA,128.3292968,17
17/01/2025,CNTL-M.TA,101.2284049,18
18/01/2025,CNTL-M.TA,50.39019361,19
19/01/2025,CNTL-M.TA,50.65170255,20
20/01/2025,CNTL-M.TA,39.52473529,21
21/01/2025,CNTL-M.TA,37.12398759,22
22/01/2025,CNTL-M.TA,38.55931879,23
23/01/2025,CNTL-M.TA,43.7566796,24
24/01/2025,CNTL-M.TA,37.99851195,25
25/01/2025,CNTL-M.TA,48.74015526,26
26/01/2025,CNTL-M.TA,36.79461085,27
27/01/2025,CNTL-M.TA,46.40651847,28
28/01/2025,CNTL-M.TA,48.90815723,29
29/01/2025,CNTL-M.TA,49.53168034,30
31/12/2024,CMCT.TA,464849.2706,1
01/01/2025,CMCT.TA,114870.1394,2
02/01/2025,CMCT.TA,134897.934,3
03/01/2025,CMCT.TA,130359.6358,4
04/01/2025,CMCT.TA,227748.845,5
05/01/2025,CMCT.TA,104906.9462,6
06/01/2025,CMCT.TA,116149.4502,7
07/01/2025,CMCT.TA,177125.0317,8
08/01/2025,CMCT.TA,299863.4538,9
09/01/2025,CMCT.TA,189290.6925,10
10/01/2025,CMCT.TA,232436.5197,11
11/01/2025,CMCT.TA,174460.321,12
12/01/2025,CMCT.TA,158097.1249,13
13/01/2025,CMCT.TA,146076.5964,14
14/01/2025,CMCT.TA,223079.758,15
15/01/2025,CMCT.TA,121244.0063,16
16/01/2025,CMCT.TA,229978.3168,17
17/01/2025,CMCT.TA,109212.6665,18
18/01/2025,CMCT.TA,104650.6774,19
19/01/2025,CMCT.TA,92033.91417,20
20/01/2025,CMCT.TA,58699.56113,21
21/01/2025,CMCT.TA,42379.56274,22
22/01/2025,CMCT.TA,26483.36052,23
23/01/2025,CMCT.TA,14926.44659,24
24/01/2025,CMCT.TA,19517.19761,25
25/01/2025,CMCT.TA,9662.699935,26
26/01/2025,CMCT.TA,12805.97246,27
27/01/2025,CMCT.TA,7147.138203,28
28/01/2025,CMCT.TA,5138.016187,29
29/01/2025,CMCT.TA,9084.261245,30
31/12/2024,DANH.TA,2354.11713,1
01/01/2025,DANH.TA,2371.188244,2
02/01/2025,DANH.TA,2292.485933,3
03/01/2025,DANH.TA,2321.621766,4
04/01/2025,DANH.TA,2187.668315,5
05/01/2025,DANH.TA,2178.146705,6
06/01/2025,DANH.TA,2262.765313,7
07/01/2025,DANH.TA,2185.401814,8
08/01/2025,DANH.TA,2141.480427,9
09/01/2025,DANH.TA,2150.159615,10
10/01/2025,DANH.TA,2184.696362,11
11/01/2025,DANH.TA,2213.824953,12
12/01/2025,DANH.TA,2204.183247,13
13/01/2025,DANH.TA,2218.698045,14
14/01/2025,DANH.TA,2190.900123,15
15/01/2025,DANH.TA,2167.634741,16
16/01/2025,DANH.TA,2236.626463,17
17/01/2025,DANH.TA,2269.063316,18
18/01/2025,DANH.TA,2310.21926,19
19/01/2025,DANH.TA,2296.819886,20
20/01/2025,DANH.TA,2363.148288,21
21/01/2025,DANH.TA,2379.401749,22
22/01/2025,DANH.TA,2321.343162,23
23/01/2025,DANH.TA,2281.298125,24
24/01/2025,DANH.TA,2324.294376,25
25/01/2025,DANH.TA,2320.660695,26
26/01/2025,DANH.TA,2368.443283,27
27/01/2025,DANH.TA,2255.612839,28
28/01/2025,DANH.TA,2361.706617,29
29/01/2025,DANH.TA,2331.774709,30
31/12/2024,DANE.TA,41871.73124,1
01/01/2025,DANE.TA,40814.36985,2
02/01/2025,DANE.TA,39515.68584,3
03/01/2025,DANE.TA,39630.79465,4
04/01/2025,DANE.TA,39562.56638,5
05/01/2025,DANE.TA,40770.54796,6
06/01/2025,DANE.TA,42321.86144,7
07/01/2025,DANE.TA,41505.70425,8
08/01/2025,DANE.TA,40625.67794,9
09/01/2025,DANE.TA,40897.69854,10
10/01/2025,DANE.TA,42434.30919,11
11/01/2025,DANE.TA,42664.50784,12
12/01/2025,DANE.TA,43592.78497,13
13/01/2025,DANE.TA,43345.00816,14
14/01/2025,DANE.TA,43316.50132,15
15/01/2025,DANE.TA,44127.46527,16
16/01/2025,DANE.TA,43721.90715,17
17/01/2025,DANE.TA,42658.69258,18
18/01/2025,DANE.TA,41533.47368,19
19/01/2025,DANE.TA,42029.57223,20
20/01/2025,DANE.TA,41636.54231,21
21/01/2025,DANE.TA,43753.69445,22
22/01/2025,DANE.TA,43729.96905,23
23/01/2025,DANE.TA,43925.19783,24
24/01/2025,DANE.TA,43125.59339,25
25/01/2025,DANE.TA,42916.62218,26
26/01/2025,DANE.TA,43265.92508,27
27/01/2025,DANE.TA,41959.45691,28
28/01/2025,DANE.TA,42719.75858,29
29/01/2025,DANE.TA,42246.70499,30
31/12/2024,DNYA.TA,11143.24305,1
01/01/2025,DNYA.TA,11019.82103,2
02/01/2025,DNYA.TA,11198.08542,3
03/01/2025,DNYA.TA,10861.77251,4
04/01/2025,DNYA.TA,10909.85927,5
05/01/2025,DNYA.TA,10823.84785,6
06/01/2025,DNYA.TA,10864.01129,7
07/01/2025,DNYA.TA,11040.29909,8
08/01/2025,DNYA.TA,11110.12299,9
09/01/2025,DNYA.TA,11409.61603,10
10/01/2025,DNYA.TA,11186.26562,11
11/01/2025,DNYA.TA,11108.47757,12
12/01/2025,DNYA.TA,11043.79659,13
13/01/2025,DNYA.TA,11054.3632,14
14/01/2025,DNYA.TA,11092.78276,15
15/01/2025,DNYA.TA,10719.51939,16
16/01/2025,DNYA.TA,10698.73709,17
17/01/2025,DNYA.TA,10493.51587,18
18/01/2025,DNYA.TA,10584.21237,19
19/01/2025,DNYA.TA,10436.97301,20
20/01/2025,DNYA.TA,10345.4086,21
21/01/2025,DNYA.TA,10303.2954,22
22/01/2025,DNYA.TA,10334.08136,23
23/01/2025,DNYA.TA,10677.70718,24
24/01/2025,DNYA.TA,10755.39059,25
25/01/2025,DNYA.TA,11171.00227,26
26/01/2025,DNYA.TA,11124.02264,27
27/01/2025,DNYA.TA,11378.92483,28
28/01/2025,DNYA.TA,11353.61971,29
29/01/2025,DNYA.TA,11528.75938,30
31/12/2024,DLEA.TA,2847.249043,1
01/01/2025,DLEA.TA,2961.96811,2
02/01/2025,DLEA.TA,2898.486341,3
03/01/2025,DLEA.TA,2926.24667,4
04/01/2025,DLEA.TA,3027.813121,5
05/01/2025,DLEA.TA,2963.351817,6
06/01/2025,DLEA.TA,2887.607547,7
07/01/2025,DLEA.TA,2878.277924,8
08/01/2025,DLEA.TA,2980.760223,9
09/01/2025,DLEA.TA,3167.580083,10
10/01/2025,DLEA.TA,3101.298223,11
11/01/2025,DLEA.TA,3123.367655,12
12/01/2025,DLEA.TA,3246.336681,13
13/01/2025,DLEA.TA,3238.814288,14
14/01/2025,DLEA.TA,3164.648404,15
15/01/2025,DLEA.TA,3087.882489,16
16/01/2025,DLEA.TA,3138.881979,17
17/01/2025,DLEA.TA,3240.283554,18
18/01/2025,DLEA.TA,3259.127028,19
19/01/2025,DLEA.TA,3354.225101,20
20/01/2025,DLEA.TA,3338.150118,21
21/01/2025,DLEA.TA,3192.418059,22
22/01/2025,DLEA.TA,3167.692629,23
23/01/2025,DLEA.TA,3167.271132,24
24/01/2025,DLEA.TA,3143.01434,25
25/01/2025,DLEA.TA,3129.688716,26
26/01/2025,DLEA.TA,3092.288295,27
27/01/2025,DLEA.TA,3006.109734,28
28/01/2025,DLEA.TA,3108.741618,29
29/01/2025,DLEA.TA,3274.086378,30
31/12/2024,DLEKG.TA,47571.37663,1
01/01/2025,DLEKG.TA,47595.79977,2
02/01/2025,DLEKG.TA,47060.90902,3
03/01/2025,DLEKG.TA,46906.11504,4
04/01/2025,DLEKG.TA,44877.54071,5
05/01/2025,DLEKG.TA,44326.38066,6
06/01/2025,DLEKG.TA,44324.79185,7
07/01/2025,DLEKG.TA,44860.87558,8
08/01/2025,DLEKG.TA,44376.83129,9
09/01/2025,DLEKG.TA,44897.24479,10
10/01/2025,DLEKG.TA,44694.76258,11
11/01/2025,DLEKG.TA,45015.27096,12
12/01/2025,DLEKG.TA,45750.56406,13
13/01/2025,DLEKG.TA,46026.28103,14
14/01/2025,DLEKG.TA,47336.98043,15
15/01/2025,DLEKG.TA,45557.64309,16
16/01/2025,DLEKG.TA,46403.24499,17
17/01/2025,DLEKG.TA,46369.49894,18
18/01/2025,DLEKG.TA,47104.97947,19
19/01/2025,DLEKG.TA,47391.73816,20
20/01/2025,DLEKG.TA,47013.37594,21
21/01/2025,DLEKG.TA,46720.16104,22
22/01/2025,DLEKG.TA,47116.17551,23
23/01/2025,DLEKG.TA,47035.43929,24
24/01/2025,DLEKG.TA,47402.28825,25
25/01/2025,DLEKG.TA,45807.95275,26
26/01/2025,DLEKG.TA,46029.99319,27
27/01/2025,DLEKG.TA,46426.12405,28
28/01/2025,DLEKG.TA,46671.45186,29
29/01/2025,DLEKG.TA,48028.22119,30
31/12/2024,DLTI.TA,6341.331927,1
01/01/2025,DLTI.TA,6275.948471,2
02/01/2025,DLTI.TA,6242.110359,3
03/01/2025,DLTI.TA,6147.548488,4
04/01/2025,DLTI.TA,6055.489797,5
05/01/2025,DLTI.TA,6155.027065,6
06/01/2025,DLTI.TA,6114.729604,7
07/01/2025,DLTI.TA,6127.348861,8
08/01/2025,DLTI.TA,6076.453773,9
09/01/2025,DLTI.TA,6174.381818,10
10/01/2025,DLTI.TA,6341.927017,11
11/01/2025,DLTI.TA,6579.569863,12
12/01/2025,DLTI.TA,6702.222082,13
13/01/2025,DLTI.TA,6842.015987,14
14/01/2025,DLTI.TA,6737.808877,15
15/01/2025,DLTI.TA,6944.990703,16
16/01/2025,DLTI.TA,6892.311923,17
17/01/2025,DLTI.TA,6972.887847,18
18/01/2025,DLTI.TA,7101.091865,19
19/01/2025,DLTI.TA,7198.909755,20
20/01/2025,DLTI.TA,7253.512311,21
21/01/2025,DLTI.TA,7371.214708,22
22/01/2025,DLTI.TA,7686.60887,23
23/01/2025,DLTI.TA,7559.235978,24
24/01/2025,DLTI.TA,7567.337338,25
25/01/2025,DLTI.TA,7665.581693,26
26/01/2025,DLTI.TA,8012.117523,27
27/01/2025,DLTI.TA,7761.626581,28
28/01/2025,DLTI.TA,7502.769047,29
29/01/2025,DLTI.TA,7506.994694,30
31/12/2024,DELG.TA,20350.85938,1
01/01/2025,DELG.TA,20903.13563,2
02/01/2025,DELG.TA,21660.34151,3
03/01/2025,DELG.TA,21707.43291,4
04/01/2025,DELG.TA,22363.14369,5
05/01/2025,DELG.TA,22434.77825,6
06/01/2025,DELG.TA,22693.1348,7
07/01/2025,DELG.TA,22952.7988,8
08/01/2025,DELG.TA,23323.33941,9
09/01/2025,DELG.TA,24229.71489,10
10/01/2025,DELG.TA,24198.91629,11
11/01/2025,DELG.TA,24011.15551,12
12/01/2025,DELG.TA,24698.96985,13
13/01/2025,DELG.TA,24581.73908,14
14/01/2025,DELG.TA,25337.02043,15
15/01/2025,DELG.TA,25281.15924,16
16/01/2025,DELG.TA,25628.54048,17
17/01/2025,DELG.TA,24974.71906,18
18/01/2025,DELG.TA,25200.68037,19
19/01/2025,DELG.TA,25026.22017,20
20/01/2025,DELG.TA,25362.57739,21
21/01/2025,DELG.TA,25027.858,22
22/01/2025,DELG.TA,24938.03801,23
23/01/2025,DELG.TA,24702.39425,24
24/01/2025,DELG.TA,24952.61872,25
25/01/2025,DELG.TA,25312.21046,26
26/01/2025,DELG.TA,25705.78984,27
27/01/2025,DELG.TA,25588.53605,28
28/01/2025,DELG.TA,25305.06085,29
29/01/2025,DELG.TA,25038.0132,30
31/12/2024,DIMRI.TA,36254.88279,1
01/01/2025,DIMRI.TA,30909.85375,2
02/01/2025,DIMRI.TA,27714.13139,3
03/01/2025,DIMRI.TA,28953.71415,4
04/01/2025,DIMRI.TA,34298.93307,5
05/01/2025,DIMRI.TA,32779.68368,6
06/01/2025,DIMRI.TA,29696.78991,7
07/01/2025,DIMRI.TA,27620.06219,8
08/01/2025,DIMRI.TA,29010.06764,9
09/01/2025,DIMRI.TA,29364.08531,10
10/01/2025,DIMRI.TA,34484.94781,11
11/01/2025,DIMRI.TA,32388.97011,12
12/01/2025,DIMRI.TA,38958.39891,13
13/01/2025,DIMRI.TA,41848.16418,14
14/01/2025,DIMRI.TA,42316.70058,15
15/01/2025,DIMRI.TA,44656.41913,16
16/01/2025,DIMRI.TA,46538.53482,17
17/01/2025,DIMRI.TA,55642.79182,18
18/01/2025,DIMRI.TA,62795.05964,19
19/01/2025,DIMRI.TA,73748.53414,20
20/01/2025,DIMRI.TA,86134.61045,21
21/01/2025,DIMRI.TA,90793.84375,22
22/01/2025,DIMRI.TA,94270.61988,23
23/01/2025,DIMRI.TA,88465.44564,24
24/01/2025,DIMRI.TA,88869.8273,25
25/01/2025,DIMRI.TA,89601.38689,26
26/01/2025,DIMRI.TA,87710.64558,27
27/01/2025,DIMRI.TA,90337.29742,28
28/01/2025,DIMRI.TA,97271.75897,29
29/01/2025,DIMRI.TA,107251.6966,30
31/12/2024,DIPL.TA,4660.063921,1
01/01/2025,DIPL.TA,4679.135674,2
02/01/2025,DIPL.TA,4647.134044,3
03/01/2025,DIPL.TA,4682.432944,4
04/01/2025,DIPL.TA,4776.493252,5
05/01/2025,DIPL.TA,4761.749121,6
06/01/2025,DIPL.TA,4776.582465,7
07/01/2025,DIPL.TA,4740.740758,8
08/01/2025,DIPL.TA,4756.869091,9
09/01/2025,DIPL.TA,4738.11387,10
10/01/2025,DIPL.TA,4808.01287,11
11/01/2025,DIPL.TA,4822.730254,12
12/01/2025,DIPL.TA,4714.097113,13
13/01/2025,DIPL.TA,4709.495529,14
14/01/2025,DIPL.TA,4750.441196,15
15/01/2025,DIPL.TA,4764.215714,16
16/01/2025,DIPL.TA,4759.141636,17
17/01/2025,DIPL.TA,4755.656562,18
18/01/2025,DIPL.TA,4764.54002,19
19/01/2025,DIPL.TA,4799.938749,20
20/01/2025,DIPL.TA,4852.014929,21
21/01/2025,DIPL.TA,4824.610889,22
22/01/2025,DIPL.TA,4746.981856,23
23/01/2025,DIPL.TA,4803.976893,24
24/01/2025,DIPL.TA,4797.060161,25
25/01/2025,DIPL.TA,4906.780719,26
26/01/2025,DIPL.TA,4894.778235,27
27/01/2025,DIPL.TA,4900.708398,28
28/01/2025,DIPL.TA,4936.12269,29
29/01/2025,DIPL.TA,4997.673649,30
31/12/2024,DIFI.TA,56561.2923,1
01/01/2025,DIFI.TA,56827.51173,2
02/01/2025,DIFI.TA,58540.38045,3
03/01/2025,DIFI.TA,60394.5971,4
04/01/2025,DIFI.TA,59609.22035,5
05/01/2025,DIFI.TA,60227.03258,6
06/01/2025,DIFI.TA,56874.08156,7
07/01/2025,DIFI.TA,55843.01157,8
08/01/2025,DIFI.TA,55437.36669,9
09/01/2025,DIFI.TA,57244.80466,10
10/01/2025,DIFI.TA,55997.92287,11
11/01/2025,DIFI.TA,56067.0857,12
12/01/2025,DIFI.TA,55312.28295,13
13/01/2025,DIFI.TA,56047.52976,14
14/01/2025,DIFI.TA,55290.52056,15
15/01/2025,DIFI.TA,54370.33276,16
16/01/2025,DIFI.TA,53782.82866,17
17/01/2025,DIFI.TA,54490.80547,18
18/01/2025,DIFI.TA,53656.80127,19
19/01/2025,DIFI.TA,54909.67292,20
20/01/2025,DIFI.TA,54153.70609,21
21/01/2025,DIFI.TA,55745.61498,22
22/01/2025,DIFI.TA,54960.25022,23
23/01/2025,DIFI.TA,56607.24771,24
24/01/2025,DIFI.TA,56135.40679,25
25/01/2025,DIFI.TA,56658.69091,26
26/01/2025,DIFI.TA,59521.23175,27
27/01/2025,DIFI.TA,59586.10384,28
28/01/2025,DIFI.TA,61692.40315,29
29/01/2025,DIFI.TA,62482.76016,30
31/12/2024,DSCT.TA,2349.759179,1
01/01/2025,DSCT.TA,2319.180544,2
02/01/2025,DSCT.TA,2328.362483,3
03/01/2025,DSCT.TA,2343.426968,4
04/01/2025,DSCT.TA,2357.545115,5
05/01/2025,DSCT.TA,2401.65705,6
06/01/2025,DSCT.TA,2395.112719,7
07/01/2025,DSCT.TA,2430.257273,8
08/01/2025,DSCT.TA,2407.580757,9
09/01/2025,DSCT.TA,2408.001009,10
10/01/2025,DSCT.TA,2459.358419,11
11/01/2025,DSCT.TA,2504.055971,12
12/01/2025,DSCT.TA,2494.983771,13
13/01/2025,DSCT.TA,2539.713752,14
14/01/2025,DSCT.TA,2490.884249,15
15/01/2025,DSCT.TA,2488.018582,16
16/01/2025,DSCT.TA,2454.763036,17
17/01/2025,DSCT.TA,2468.688394,18
18/01/2025,DSCT.TA,2432.954519,19
19/01/2025,DSCT.TA,2376.593057,20
20/01/2025,DSCT.TA,2412.332723,21
21/01/2025,DSCT.TA,2418.874157,22
22/01/2025,DSCT.TA,2414.938592,23
23/01/2025,DSCT.TA,2437.580081,24
24/01/2025,DSCT.TA,2453.142484,25
25/01/2025,DSCT.TA,2429.904154,26
26/01/2025,DSCT.TA,2402.518615,27
27/01/2025,DSCT.TA,2385.017444,28
28/01/2025,DSCT.TA,2390.298903,29
29/01/2025,DSCT.TA,2430.316418,30
31/12/2024,DISI.TA,439.4778672,1
01/01/2025,DISI.TA,445.2279342,2
02/01/2025,DISI.TA,443.0851646,3
03/01/2025,DISI.TA,456.0184127,4
04/01/2025,DISI.TA,456.1208033,5
05/01/2025,DISI.TA,457.4295053,6
06/01/2025,DISI.TA,454.045749,7
07/01/2025,DISI.TA,450.7685787,8
08/01/2025,DISI.TA,454.7172625,9
09/01/2025,DISI.TA,448.1009061,10
10/01/2025,DISI.TA,456.3145438,11
11/01/2025,DISI.TA,455.1829914,12
12/01/2025,DISI.TA,466.9870066,13
13/01/2025,DISI.TA,454.8630059,14
14/01/2025,DISI.TA,461.552477,15
15/01/2025,DISI.TA,471.9812907,16
16/01/2025,DISI.TA,480.3594538,17
17/01/2025,DISI.TA,500.4131469,18
18/01/2025,DISI.TA,491.8853424,19
19/01/2025,DISI.TA,492.1282996,20
20/01/2025,DISI.TA,483.17518,21
21/01/2025,DISI.TA,492.2011069,22
22/01/2025,DISI.TA,504.9930701,23
23/01/2025,DISI.TA,515.814862,24
24/01/2025,DISI.TA,523.2355863,25
25/01/2025,DISI.TA,521.8496119,26
26/01/2025,DISI.TA,523.1261641,27
27/01/2025,DISI.TA,549.8847097,28
28/01/2025,DISI.TA,533.5514085,29
29/01/2025,DISI.TA,532.0654251,30
31/12/2024,DNA.TA,85.95887301,1
01/01/2025,DNA.TA,90.82720614,2
02/01/2025,DNA.TA,95.60321684,3
03/01/2025,DNA.TA,90.63377933,4
04/01/2025,DNA.TA,85.28667049,5
05/01/2025,DNA.TA,84.13204674,6
06/01/2025,DNA.TA,82.88815518,7
07/01/2025,DNA.TA,84.64303282,8
08/01/2025,DNA.TA,84.08257904,9
09/01/2025,DNA.TA,84.90123999,10
10/01/2025,DNA.TA,82.89267285,11
11/01/2025,DNA.TA,85.32033724,12
12/01/2025,DNA.TA,85.71592912,13
13/01/2025,DNA.TA,88.30513072,14
14/01/2025,DNA.TA,86.40087968,15
15/01/2025,DNA.TA,85.42304248,16
16/01/2025,DNA.TA,86.63336494,17
17/01/2025,DNA.TA,84.67115392,18
18/01/2025,DNA.TA,82.5483504,19
19/01/2025,DNA.TA,77.79958207,20
20/01/2025,DNA.TA,76.87757293,21
21/01/2025,DNA.TA,73.98845438,22
22/01/2025,DNA.TA,81.24629241,23
23/01/2025,DNA.TA,83.06602573,24
24/01/2025,DNA.TA,85.19720943,25
25/01/2025,DNA.TA,78.83602684,26
26/01/2025,DNA.TA,80.17402788,27
27/01/2025,DNA.TA,86.85389722,28
28/01/2025,DNA.TA,78.58635241,29
29/01/2025,DNA.TA,82.89732152,30
31/12/2024,DRAL.TA,9344.981648,1
01/01/2025,DRAL.TA,9269.042956,2
02/01/2025,DRAL.TA,9311.877167,3
03/01/2025,DRAL.TA,9274.93528,4
04/01/2025,DRAL.TA,9422.197268,5
05/01/2025,DRAL.TA,9569.35096,6
06/01/2025,DRAL.TA,9545.533283,7
07/01/2025,DRAL.TA,9622.231832,8
08/01/2025,DRAL.TA,9816.40706,9
09/01/2025,DRAL.TA,9793.63289,10
10/01/2025,DRAL.TA,9793.430274,11
11/01/2025,DRAL.TA,9714.237343,12
12/01/2025,DRAL.TA,9789.20065,13
13/01/2025,DRAL.TA,9772.224435,14
14/01/2025,DRAL.TA,9822.885511,15
15/01/2025,DRAL.TA,9789.27665,16
16/01/2025,DRAL.TA,9817.261632,17
17/01/2025,DRAL.TA,9953.178296,18
18/01/2025,DRAL.TA,9913.166249,19
19/01/2025,DRAL.TA,10017.44515,20
20/01/2025,DRAL.TA,10052.9375,21
21/01/2025,DRAL.TA,10042.26316,22
22/01/2025,DRAL.TA,10039.81752,23
23/01/2025,DRAL.TA,10255.59062,24
24/01/2025,DRAL.TA,10309.92731,25
25/01/2025,DRAL.TA,10417.70683,26
26/01/2025,DRAL.TA,10395.06691,27
27/01/2025,DRAL.TA,10342.70049,28
28/01/2025,DRAL.TA,10364.01036,29
29/01/2025,DRAL.TA,10310.51694,30
31/12/2024,DORL.TA,1205.579773,1
01/01/2025,DORL.TA,1194.219841,2
02/01/2025,DORL.TA,1198.12322,3
03/01/2025,DORL.TA,1173.153234,4
04/01/2025,DORL.TA,1179.028127,5
05/01/2025,DORL.TA,1199.954199,6
06/01/2025,DORL.TA,1157.538319,7
07/01/2025,DORL.TA,1154.195818,8
08/01/2025,DORL.TA,1154.703883,9
09/01/2025,DORL.TA,1176.243566,10
10/01/2025,DORL.TA,1136.482178,11
11/01/2025,DORL.TA,1146.686475,12
12/01/2025,DORL.TA,1145.802188,13
13/01/2025,DORL.TA,1120.193575,14
14/01/2025,DORL.TA,1153.452463,15
15/01/2025,DORL.TA,1188.54067,16
16/01/2025,DORL.TA,1155.935066,17
17/01/2025,DORL.TA,1180.783728,18
18/01/2025,DORL.TA,1206.987676,19
19/01/2025,DORL.TA,1212.793216,20
20/01/2025,DORL.TA,1259.897429,21
21/01/2025,DORL.TA,1291.629605,22
22/01/2025,DORL.TA,1257.379075,23
23/01/2025,DORL.TA,1271.571661,24
24/01/2025,DORL.TA,1265.345346,25
25/01/2025,DORL.TA,1256.771884,26
26/01/2025,DORL.TA,1223.797059,27
27/01/2025,DORL.TA,1232.400583,28
28/01/2025,DORL.TA,1183.506187,29
29/01/2025,DORL.TA,1216.651188,30
31/12/2024,DRSH.TA,1313.016592,1
01/01/2025,DRSH.TA,1309.104315,2
02/01/2025,DRSH.TA,1297.858407,3
03/01/2025,DRSH.TA,1301.263199,4
04/01/2025,DRSH.TA,1306.765708,5
05/01/2025,DRSH.TA,1309.011171,6
06/01/2025,DRSH.TA,1305.702179,7
07/01/2025,DRSH.TA,1306.070737,8
08/01/2025,DRSH.TA,1308.106431,9
09/01/2025,DRSH.TA,1303.071253,10
10/01/2025,DRSH.TA,1308.364112,11
11/01/2025,DRSH.TA,1311.539525,12
12/01/2025,DRSH.TA,1314.332548,13
13/01/2025,DRSH.TA,1325.008321,14
14/01/2025,DRSH.TA,1323.51987,15
15/01/2025,DRSH.TA,1320.691939,16
16/01/2025,DRSH.TA,1323.068817,17
17/01/2025,DRSH.TA,1328.836532,18
18/01/2025,DRSH.TA,1332.063871,19
19/01/2025,DRSH.TA,1344.740592,20
20/01/2025,DRSH.TA,1347.332296,21
21/01/2025,DRSH.TA,1350.391548,22
22/01/2025,DRSH.TA,1350.181435,23
23/01/2025,DRSH.TA,1348.961203,24
24/01/2025,DRSH.TA,1347.366065,25
25/01/2025,DRSH.TA,1342.676017,26
26/01/2025,DRSH.TA,1333.075138,27
27/01/2025,DRSH.TA,1334.93523,28
28/01/2025,DRSH.TA,1346.978814,29
29/01/2025,DRSH.TA,1353.220923,30
31/12/2024,DUNI.TA,25167.3366,1
01/01/2025,DUNI.TA,26050.2469,2
02/01/2025,DUNI.TA,26351.04029,3
03/01/2025,DUNI.TA,26734.92544,4
04/01/2025,DUNI.TA,27070.90384,5
05/01/2025,DUNI.TA,27070.58408,6
06/01/2025,DUNI.TA,27266.3277,7
07/01/2025,DUNI.TA,27416.68923,8
08/01/2025,DUNI.TA,27192.25962,9
09/01/2025,DUNI.TA,26937.20212,10
10/01/2025,DUNI.TA,25982.24741,11
11/01/2025,DUNI.TA,26412.93109,12
12/01/2025,DUNI.TA,25203.00035,13
13/01/2025,DUNI.TA,25378.13917,14
14/01/2025,DUNI.TA,25000.94588,15
15/01/2025,DUNI.TA,24866.90038,16
16/01/2025,DUNI.TA,23693.93821,17
17/01/2025,DUNI.TA,23385.17039,18
18/01/2025,DUNI.TA,23327.18215,19
19/01/2025,DUNI.TA,23265.10467,20
20/01/2025,DUNI.TA,22910.68592,21
21/01/2025,DUNI.TA,22985.7451,22
22/01/2025,DUNI.TA,22798.48504,23
23/01/2025,DUNI.TA,22707.1908,24
24/01/2025,DUNI.TA,22718.51493,25
25/01/2025,DUNI.TA,22486.17444,26
26/01/2025,DUNI.TA,22602.70001,27
27/01/2025,DUNI.TA,23110.24091,28
28/01/2025,DUNI.TA,23500.6244,29
29/01/2025,DUNI.TA,23669.39039,30
31/12/2024,ECNR.TA,2282.316806,1
01/01/2025,ECNR.TA,2324.678885,2
02/01/2025,ECNR.TA,2374.269055,3
03/01/2025,ECNR.TA,2507.618837,4
04/01/2025,ECNR.TA,2524.184251,5
05/01/2025,ECNR.TA,2508.478955,6
06/01/2025,ECNR.TA,2424.60069,7
07/01/2025,ECNR.TA,2479.240644,8
08/01/2025,ECNR.TA,2427.773032,9
09/01/2025,ECNR.TA,2433.571741,10
10/01/2025,ECNR.TA,2454.289257,11
11/01/2025,ECNR.TA,2502.538459,12
12/01/2025,ECNR.TA,2444.24245,13
13/01/2025,ECNR.TA,2425.600414,14
14/01/2025,ECNR.TA,2448.823419,15
15/01/2025,ECNR.TA,2453.105188,16
16/01/2025,ECNR.TA,2423.491937,17
17/01/2025,ECNR.TA,2512.52979,18
18/01/2025,ECNR.TA,2526.650798,19
19/01/2025,ECNR.TA,2552.520269,20
20/01/2025,ECNR.TA,2730.133467,21
21/01/2025,ECNR.TA,2754.723896,22
22/01/2025,ECNR.TA,2812.606726,23
23/01/2025,ECNR.TA,2775.955694,24
24/01/2025,ECNR.TA,2799.853629,25
25/01/2025,ECNR.TA,2663.227868,26
26/01/2025,ECNR.TA,2761.268722,27
27/01/2025,ECNR.TA,2812.35033,28
28/01/2025,ECNR.TA,2893.01661,29
29/01/2025,ECNR.TA,2829.017906,30
31/12/2024,EFCP.TA,1527.89708,1
01/01/2025,EFCP.TA,1532.633412,2
02/01/2025,EFCP.TA,1533.472992,3
03/01/2025,EFCP.TA,1531.086,4
04/01/2025,EFCP.TA,1529.971937,5
05/01/2025,EFCP.TA,1525.014646,6
06/01/2025,EFCP.TA,1522.455461,7
07/01/2025,EFCP.TA,1523.401402,8
08/01/2025,EFCP.TA,1525.918476,9
09/01/2025,EFCP.TA,1520.782722,10
10/01/2025,EFCP.TA,1520.080425,11
11/01/2025,EFCP.TA,1527.126953,12
12/01/2025,EFCP.TA,1526.36114,13
13/01/2025,EFCP.TA,1528.012114,14
14/01/2025,EFCP.TA,1530.611781,15
15/01/2025,EFCP.TA,1526.174605,16
16/01/2025,EFCP.TA,1527.373645,17
17/01/2025,EFCP.TA,1530.606424,18
18/01/2025,EFCP.TA,1533.570142,19
19/01/2025,EFCP.TA,1538.535693,20
20/01/2025,EFCP.TA,1542.202861,21
21/01/2025,EFCP.TA,1538.918146,22
22/01/2025,EFCP.TA,1538.739325,23
23/01/2025,EFCP.TA,1538.424921,24
24/01/2025,EFCP.TA,1541.632108,25
25/01/2025,EFCP.TA,1541.052345,26
26/01/2025,EFCP.TA,1545.196108,27
27/01/2025,EFCP.TA,1542.827667,28
28/01/2025,EFCP.TA,1543.548721,29
29/01/2025,EFCP.TA,1547.119421,30
31/12/2024,ELAL.TA,745.1567776,1
01/01/2025,ELAL.TA,722.0464599,2
02/01/2025,ELAL.TA,686.6560295,3
03/01/2025,ELAL.TA,721.6032342,4
04/01/2025,ELAL.TA,717.5738739,5
05/01/2025,ELAL.TA,767.4659452,6
06/01/2025,ELAL.TA,756.8958897,7
07/01/2025,ELAL.TA,755.2827537,8
08/01/2025,ELAL.TA,769.1482549,9
09/01/2025,ELAL.TA,806.8769046,10
10/01/2025,ELAL.TA,779.1334906,11
11/01/2025,ELAL.TA,781.8780752,12
12/01/2025,ELAL.TA,750.0930385,13
13/01/2025,ELAL.TA,727.5985291,14
14/01/2025,ELAL.TA,741.6560428,15
15/01/2025,ELAL.TA,718.0180807,16
16/01/2025,ELAL.TA,719.1577804,17
17/01/2025,ELAL.TA,723.1883533,18
18/01/2025,ELAL.TA,702.7322338,19
19/01/2025,ELAL.TA,700.5598724,20
20/01/2025,ELAL.TA,701.0809937,21
21/01/2025,ELAL.TA,726.3817093,22
22/01/2025,ELAL.TA,712.6796738,23
23/01/2025,ELAL.TA,716.9641887,24
24/01/2025,ELAL.TA,731.6275998,25
25/01/2025,ELAL.TA,744.128156,26
26/01/2025,ELAL.TA,762.5266862,27
27/01/2025,ELAL.TA,759.723008,28
28/01/2025,ELAL.TA,766.5585014,29
29/01/2025,ELAL.TA,759.123949,30
31/12/2024,EMITF-M.TA,593.1842767,1
01/01/2025,EMITF-M.TA,583.1995521,2
02/01/2025,EMITF-M.TA,575.3187546,3
03/01/2025,EMITF-M.TA,628.4517646,4
04/01/2025,EMITF-M.TA,603.9838699,5
05/01/2025,EMITF-M.TA,600.773161,6
06/01/2025,EMITF-M.TA,598.2181024,7
07/01/2025,EMITF-M.TA,612.775859,8
08/01/2025,EMITF-M.TA,603.7683732,9
09/01/2025,EMITF-M.TA,591.4879842,10
10/01/2025,EMITF-M.TA,607.195078,11
11/01/2025,EMITF-M.TA,597.1536403,12
12/01/2025,EMITF-M.TA,621.0872214,13
13/01/2025,EMITF-M.TA,642.7672104,14
14/01/2025,EMITF-M.TA,668.9945022,15
15/01/2025,EMITF-M.TA,667.002588,16
16/01/2025,EMITF-M.TA,688.4522021,17
17/01/2025,EMITF-M.TA,713.9549101,18
18/01/2025,EMITF-M.TA,733.7258164,19
19/01/2025,EMITF-M.TA,736.1227529,20
20/01/2025,EMITF-M.TA,770.8757852,21
21/01/2025,EMITF-M.TA,764.1799604,22
22/01/2025,EMITF-M.TA,790.4035098,23
23/01/2025,EMITF-M.TA,779.2402889,24
24/01/2025,EMITF-M.TA,795.872575,25
25/01/2025,EMITF-M.TA,779.6347584,26
26/01/2025,EMITF-M.TA,771.9984014,27
27/01/2025,EMITF-M.TA,786.4505533,28
28/01/2025,EMITF-M.TA,852.7787631,29
29/01/2025,EMITF-M.TA,864.1456224,30
31/12/2024,EMTC-M.TA,16.69198526,1
01/01/2025,EMTC-M.TA,15.76640938,2
02/01/2025,EMTC-M.TA,17.3096802,3
03/01/2025,EMTC-M.TA,16.69671024,4
04/01/2025,EMTC-M.TA,15.80076052,5
05/01/2025,EMTC-M.TA,16.01162432,6
06/01/2025,EMTC-M.TA,16.46586165,7
07/01/2025,EMTC-M.TA,16.82583404,8
08/01/2025,EMTC-M.TA,17.32717357,9
09/01/2025,EMTC-M.TA,17.95722395,10
10/01/2025,EMTC-M.TA,18.25847545,11
11/01/2025,EMTC-M.TA,17.43243332,12
12/01/2025,EMTC-M.TA,16.74684587,13
13/01/2025,EMTC-M.TA,18.11242813,14
14/01/2025,EMTC-M.TA,21.20803249,15
15/01/2025,EMTC-M.TA,20.93026736,16
16/01/2025,EMTC-M.TA,19.6951371,17
17/01/2025,EMTC-M.TA,22.04201428,18
18/01/2025,EMTC-M.TA,21.94942731,19
19/01/2025,EMTC-M.TA,20.87014343,20
20/01/2025,EMTC-M.TA,20.00547929,21
21/01/2025,EMTC-M.TA,21.41924721,22
22/01/2025,EMTC-M.TA,23.78580073,23
23/01/2025,EMTC-M.TA,25.91763699,24
24/01/2025,EMTC-M.TA,27.13286093,25
25/01/2025,EMTC-M.TA,26.23415826,26
26/01/2025,EMTC-M.TA,22.80686463,27
27/01/2025,EMTC-M.TA,23.93355787,28
28/01/2025,EMTC-M.TA,20.96395196,29
29/01/2025,EMTC-M.TA,20.71172802,30
31/12/2024,ESLT.TA,94405.121,1
01/01/2025,ESLT.TA,95884.40057,2
02/01/2025,ESLT.TA,96803.83807,3
03/01/2025,ESLT.TA,97410.46723,4
04/01/2025,ESLT.TA,98854.43964,5
05/01/2025,ESLT.TA,97144.15812,6
06/01/2025,ESLT.TA,95964.63113,7
07/01/2025,ESLT.TA,98404.98312,8
08/01/2025,ESLT.TA,96465.69388,9
09/01/2025,ESLT.TA,94397.76574,10
10/01/2025,ESLT.TA,92780.4887,11
11/01/2025,ESLT.TA,92795.33697,12
12/01/2025,ESLT.TA,93883.05589,13
13/01/2025,ESLT.TA,94787.17028,14
14/01/2025,ESLT.TA,93825.90703,15
15/01/2025,ESLT.TA,89982.7575,16
16/01/2025,ESLT.TA,90561.46913,17
17/01/2025,ESLT.TA,93952.84337,18
18/01/2025,ESLT.TA,95346.35561,19
19/01/2025,ESLT.TA,95856.58407,20
20/01/2025,ESLT.TA,99107.77151,21
21/01/2025,ESLT.TA,98764.68133,22
22/01/2025,ESLT.TA,99216.43209,23
23/01/2025,ESLT.TA,98694.04019,24
24/01/2025,ESLT.TA,99394.17432,25
25/01/2025,ESLT.TA,101647.2862,26
26/01/2025,ESLT.TA,97371.66244,27
27/01/2025,ESLT.TA,94823.5338,28
28/01/2025,ESLT.TA,92264.49272,29
29/01/2025,ESLT.TA,92152.42598,30
31/12/2024,ELCO.TA,13976.47237,1
01/01/2025,ELCO.TA,13996.11069,2
02/01/2025,ELCO.TA,13709.11942,3
03/01/2025,ELCO.TA,13989.8416,4
04/01/2025,ELCO.TA,14073.7782,5
05/01/2025,ELCO.TA,13919.44397,6
06/01/2025,ELCO.TA,13981.53793,7
07/01/2025,ELCO.TA,14201.16141,8
08/01/2025,ELCO.TA,14222.93519,9
09/01/2025,ELCO.TA,14299.62616,10
10/01/2025,ELCO.TA,14622.29381,11
11/01/2025,ELCO.TA,14702.31811,12
12/01/2025,ELCO.TA,14710.72996,13
13/01/2025,ELCO.TA,14744.14746,14
14/01/2025,ELCO.TA,15119.56479,15
15/01/2025,ELCO.TA,14905.732,16
16/01/2025,ELCO.TA,14894.42075,17
17/01/2025,ELCO.TA,14838.33662,18
18/01/2025,ELCO.TA,15015.92297,19
19/01/2025,ELCO.TA,15493.5844,20
20/01/2025,ELCO.TA,15380.95314,21
21/01/2025,ELCO.TA,15342.44729,22
22/01/2025,ELCO.TA,15657.62998,23
23/01/2025,ELCO.TA,15623.24806,24
24/01/2025,ELCO.TA,15498.97818,25
25/01/2025,ELCO.TA,15287.83344,26
26/01/2025,ELCO.TA,15353.62888,27
27/01/2025,ELCO.TA,15685.98759,28
28/01/2025,ELCO.TA,15797.01523,29
29/01/2025,ELCO.TA,15599.87451,30
31/12/2024,ELDAV-M.TA,264.0443142,1
01/01/2025,ELDAV-M.TA,267.1209775,2
02/01/2025,ELDAV-M.TA,258.0857915,3
03/01/2025,ELDAV-M.TA,253.2247453,4
04/01/2025,ELDAV-M.TA,256.2266249,5
05/01/2025,ELDAV-M.TA,253.3899675,6
06/01/2025,ELDAV-M.TA,260.3969854,7
07/01/2025,ELDAV-M.TA,245.0994884,8
08/01/2025,ELDAV-M.TA,236.4128484,9
09/01/2025,ELDAV-M.TA,242.9260586,10
10/01/2025,ELDAV-M.TA,248.5073381,11
11/01/2025,ELDAV-M.TA,245.676137,12
12/01/2025,ELDAV-M.TA,247.8797038,13
13/01/2025,ELDAV-M.TA,258.4166883,14
14/01/2025,ELDAV-M.TA,261.1441728,15
15/01/2025,ELDAV-M.TA,254.2368822,16
16/01/2025,ELDAV-M.TA,257.2880317,17
17/01/2025,ELDAV-M.TA,261.1707431,18
18/01/2025,ELDAV-M.TA,266.3682324,19
19/01/2025,ELDAV-M.TA,265.0881165,20
20/01/2025,ELDAV-M.TA,261.2282499,21
21/01/2025,ELDAV-M.TA,263.0364338,22
22/01/2025,ELDAV-M.TA,258.3003263,23
23/01/2025,ELDAV-M.TA,251.5091477,24
24/01/2025,ELDAV-M.TA,252.9222399,25
25/01/2025,ELDAV-M.TA,256.2586139,26
26/01/2025,ELDAV-M.TA,255.0519751,27
27/01/2025,ELDAV-M.TA,254.8172436,28
28/01/2025,ELDAV-M.TA,245.9052847,29
29/01/2025,ELDAV-M.TA,258.1294193,30
31/12/2024,ELTR.TA,198920.8616,1
01/01/2025,ELTR.TA,198387.9911,2
02/01/2025,ELTR.TA,197828.2864,3
03/01/2025,ELTR.TA,188881.2539,4
04/01/2025,ELTR.TA,187642.6986,5
05/01/2025,ELTR.TA,192584.9739,6
06/01/2025,ELTR.TA,187177.2011,7
07/01/2025,ELTR.TA,181837.1204,8
08/01/2025,ELTR.TA,179415.8335,9
09/01/2025,ELTR.TA,174853.3854,10
10/01/2025,ELTR.TA,179658.9541,11
11/01/2025,ELTR.TA,179084.8634,12
12/01/2025,ELTR.TA,182674.2538,13
13/01/2025,ELTR.TA,181041.3883,14
14/01/2025,ELTR.TA,181347.1941,15
15/01/2025,ELTR.TA,180462.8713,16
16/01/2025,ELTR.TA,180162.2645,17
17/01/2025,ELTR.TA,177446.1023,18
18/01/2025,ELTR.TA,180581.2973,19
19/01/2025,ELTR.TA,183165.8231,20
20/01/2025,ELTR.TA,179714.8609,21
21/01/2025,ELTR.TA,174524.5479,22
22/01/2025,ELTR.TA,169420.4285,23
23/01/2025,ELTR.TA,171264.3793,24
24/01/2025,ELTR.TA,170805.7224,25
25/01/2025,ELTR.TA,172994.2803,26
26/01/2025,ELTR.TA,168991.3624,27
27/01/2025,ELTR.TA,174176.0337,28
28/01/2025,ELTR.TA,171310.0313,29
29/01/2025,ELTR.TA,172646.6591,30
31/12/2024,ECP.TA,9547.710171,1
01/01/2025,ECP.TA,9373.708856,2
02/01/2025,ECP.TA,9739.257355,3
03/01/2025,ECP.TA,9472.830468,4
04/01/2025,ECP.TA,9220.817644,5
05/01/2025,ECP.TA,8852.278948,6
06/01/2025,ECP.TA,8603.873747,7
07/01/2025,ECP.TA,7827.509681,8
08/01/2025,ECP.TA,8127.684479,9
09/01/2025,ECP.TA,8076.270331,10
10/01/2025,ECP.TA,8152.360085,11
11/01/2025,ECP.TA,8212.075957,12
12/01/2025,ECP.TA,8121.978598,13
13/01/2025,ECP.TA,8588.731631,14
14/01/2025,ECP.TA,8107.38216,15
15/01/2025,ECP.TA,8173.933965,16
16/01/2025,ECP.TA,8116.529508,17
17/01/2025,ECP.TA,7618.393401,18
18/01/2025,ECP.TA,7732.197252,19
19/01/2025,ECP.TA,7523.259606,20
20/01/2025,ECP.TA,7253.424935,21
21/01/2025,ECP.TA,7073.276998,22
22/01/2025,ECP.TA,6926.632456,23
23/01/2025,ECP.TA,7171.243114,24
24/01/2025,ECP.TA,7383.109505,25
25/01/2025,ECP.TA,7464.327221,26
26/01/2025,ECP.TA,7495.62025,27
27/01/2025,ECP.TA,7443.650567,28
28/01/2025,ECP.TA,7505.765812,29
29/01/2025,ECP.TA,7342.903138,30
31/12/2024,ELCP.TA,2018.714704,1
01/01/2025,ELCP.TA,1973.056007,2
02/01/2025,ELCP.TA,2094.261011,3
03/01/2025,ELCP.TA,2068.994611,4
04/01/2025,ELCP.TA,2140.04213,5
05/01/2025,ELCP.TA,1931.956825,6
06/01/2025,ELCP.TA,1875.139039,7
07/01/2025,ELCP.TA,1945.857332,8
08/01/2025,ELCP.TA,1987.884366,9
09/01/2025,ELCP.TA,1977.187056,10
10/01/2025,ELCP.TA,1860.385306,11
11/01/2025,ELCP.TA,1889.981736,12
12/01/2025,ELCP.TA,1891.604052,13
13/01/2025,ELCP.TA,1931.783919,14
14/01/2025,ELCP.TA,1780.11602,15
15/01/2025,ELCP.TA,1782.868961,16
16/01/2025,ELCP.TA,1762.030592,17
17/01/2025,ELCP.TA,1908.515635,18
18/01/2025,ELCP.TA,1883.225671,19
19/01/2025,ELCP.TA,1897.001497,20
20/01/2025,ELCP.TA,1855.003474,21
21/01/2025,ELCP.TA,1861.036706,22
22/01/2025,ELCP.TA,1832.990028,23
23/01/2025,ELCP.TA,1908.200112,24
24/01/2025,ELCP.TA,2020.938249,25
25/01/2025,ELCP.TA,2059.851356,26
26/01/2025,ELCP.TA,2091.092065,27
27/01/2025,ELCP.TA,2177.969793,28
28/01/2025,ELCP.TA,2163.174043,29
29/01/2025,ELCP.TA,2018.036824,30
31/12/2024,ELCRE.TA,4595.302575,1
01/01/2025,ELCRE.TA,4583.309072,2
02/01/2025,ELCRE.TA,4623.874717,3
03/01/2025,ELCRE.TA,4540.494759,4
04/01/2025,ELCRE.TA,4696.715146,5
05/01/2025,ELCRE.TA,4760.380082,6
06/01/2025,ELCRE.TA,4742.08209,7
07/01/2025,ELCRE.TA,4865.728525,8
08/01/2025,ELCRE.TA,4786.862028,9
09/01/2025,ELCRE.TA,4730.227913,10
10/01/2025,ELCRE.TA,4821.549598,11
11/01/2025,ELCRE.TA,4721.56714,12
12/01/2025,ELCRE.TA,4765.626604,13
13/01/2025,ELCRE.TA,4645.099925,14
14/01/2025,ELCRE.TA,4695.72221,15
15/01/2025,ELCRE.TA,4657.086969,16
16/01/2025,ELCRE.TA,4712.443383,17
17/01/2025,ELCRE.TA,4757.283149,18
18/01/2025,ELCRE.TA,4748.21636,19
19/01/2025,ELCRE.TA,4910.798496,20
20/01/2025,ELCRE.TA,4949.860457,21
21/01/2025,ELCRE.TA,4895.746141,22
22/01/2025,ELCRE.TA,4955.831972,23
23/01/2025,ELCRE.TA,5151.930306,24
24/01/2025,ELCRE.TA,5202.960982,25
25/01/2025,ELCRE.TA,5125.623204,26
26/01/2025,ELCRE.TA,5036.180903,27
27/01/2025,ELCRE.TA,5146.647975,28
28/01/2025,ELCRE.TA,5169.473939,29
29/01/2025,ELCRE.TA,5070.666881,30
31/12/2024,ELWS.TA,16591.63982,1
01/01/2025,ELWS.TA,16788.09281,2
02/01/2025,ELWS.TA,16925.35985,3
03/01/2025,ELWS.TA,17578.05899,4
04/01/2025,ELWS.TA,16953.41772,5
05/01/2025,ELWS.TA,17194.54568,6
06/01/2025,ELWS.TA,17121.99006,7
07/01/2025,ELWS.TA,16738.59752,8
08/01/2025,ELWS.TA,17738.38603,9
09/01/2025,ELWS.TA,17087.93178,10
10/01/2025,ELWS.TA,17113,11
11/01/2025,ELWS.TA,16418.2898,12
12/01/2025,ELWS.TA,16390.63063,13
13/01/2025,ELWS.TA,16785.20028,14
14/01/2025,ELWS.TA,16608.45054,15
15/01/2025,ELWS.TA,16405.69266,16
16/01/2025,ELWS.TA,16436.01422,17
17/01/2025,ELWS.TA,16524.07141,18
18/01/2025,ELWS.TA,16954.55886,19
19/01/2025,ELWS.TA,17028.3109,20
20/01/2025,ELWS.TA,17350.86651,21
21/01/2025,ELWS.TA,16888.12876,22
22/01/2025,ELWS.TA,17169.72357,23
23/01/2025,ELWS.TA,16352.17502,24
24/01/2025,ELWS.TA,16193.64929,25
25/01/2025,ELWS.TA,16544.55658,26
26/01/2025,ELWS.TA,17263.51423,27
27/01/2025,ELWS.TA,17769.26139,28
28/01/2025,ELWS.TA,16384.27482,29
29/01/2025,ELWS.TA,16969.334,30
31/12/2024,ELLO.TA,5337.011365,1
01/01/2025,ELLO.TA,5491.312638,2
02/01/2025,ELLO.TA,5402.129405,3
03/01/2025,ELLO.TA,5656.850567,4
04/01/2025,ELLO.TA,5625.266529,5
05/01/2025,ELLO.TA,5743.47656,6
06/01/2025,ELLO.TA,5667.99656,7
07/01/2025,ELLO.TA,5640.439844,8
08/01/2025,ELLO.TA,5605.60424,9
09/01/2025,ELLO.TA,5736.220055,10
10/01/2025,ELLO.TA,5789.805417,11
11/01/2025,ELLO.TA,5792.141109,12
12/01/2025,ELLO.TA,5885.444139,13
13/01/2025,ELLO.TA,5881.844556,14
14/01/2025,ELLO.TA,5757.745238,15
15/01/2025,ELLO.TA,5899.434452,16
16/01/2025,ELLO.TA,5768.285896,17
17/01/2025,ELLO.TA,5801.473725,18
18/01/2025,ELLO.TA,5531.119016,19
19/01/2025,ELLO.TA,5471.495029,20
20/01/2025,ELLO.TA,5478.79591,21
21/01/2025,ELLO.TA,5547.195336,22
22/01/2025,ELLO.TA,5722.640473,23
23/01/2025,ELLO.TA,5808.38825,24
24/01/2025,ELLO.TA,5785.728437,25
25/01/2025,ELLO.TA,5842.102541,26
26/01/2025,ELLO.TA,5861.920913,27
27/01/2025,ELLO.TA,5899.729386,28
28/01/2025,ELLO.TA,5994.059951,29
29/01/2025,ELLO.TA,6166.630467,30
31/12/2024,ELMR.TA,1470.254118,1
01/01/2025,ELMR.TA,1437.236148,2
02/01/2025,ELMR.TA,1460.837982,3
03/01/2025,ELMR.TA,1469.405113,4
04/01/2025,ELMR.TA,1433.580897,5
05/01/2025,ELMR.TA,1393.770828,6
06/01/2025,ELMR.TA,1364.684602,7
07/01/2025,ELMR.TA,1396.952262,8
08/01/2025,ELMR.TA,1402.000784,9
09/01/2025,ELMR.TA,1392.863926,10
10/01/2025,ELMR.TA,1383.37758,11
11/01/2025,ELMR.TA,1368.395635,12
12/01/2025,ELMR.TA,1337.06188,13
13/01/2025,ELMR.TA,1376.686602,14
14/01/2025,ELMR.TA,1364.554555,15
15/01/2025,ELMR.TA,1395.329582,16
16/01/2025,ELMR.TA,1406.615234,17
17/01/2025,ELMR.TA,1420.366601,18
18/01/2025,ELMR.TA,1464.458531,19
19/01/2025,ELMR.TA,1438.888006,20
20/01/2025,ELMR.TA,1457.816039,21
21/01/2025,ELMR.TA,1440.287343,22
22/01/2025,ELMR.TA,1435.407326,23
23/01/2025,ELMR.TA,1389.568132,24
24/01/2025,ELMR.TA,1448.928676,25
25/01/2025,ELMR.TA,1480.514549,26
26/01/2025,ELMR.TA,1453.99505,27
27/01/2025,ELMR.TA,1430.914595,28
28/01/2025,ELMR.TA,1402.145728,29
29/01/2025,ELMR.TA,1386.380396,30
31/12/2024,ELRN.TA,379.7653944,1
01/01/2025,ELRN.TA,390.5732676,2
02/01/2025,ELRN.TA,399.0116775,3
03/01/2025,ELRN.TA,390.7812891,4
04/01/2025,ELRN.TA,413.1847556,5
05/01/2025,ELRN.TA,426.1729455,6
06/01/2025,ELRN.TA,402.1949528,7
07/01/2025,ELRN.TA,410.6026031,8
08/01/2025,ELRN.TA,391.412948,9
09/01/2025,ELRN.TA,372.7522588,10
10/01/2025,ELRN.TA,374.6104317,11
11/01/2025,ELRN.TA,345.6180276,12
12/01/2025,ELRN.TA,351.2419173,13
13/01/2025,ELRN.TA,343.2185656,14
14/01/2025,ELRN.TA,332.3808471,15
15/01/2025,ELRN.TA,351.8566755,16
16/01/2025,ELRN.TA,351.5611839,17
17/01/2025,ELRN.TA,341.6303565,18
18/01/2025,ELRN.TA,377.4331747,19
19/01/2025,ELRN.TA,347.7553484,20
20/01/2025,ELRN.TA,345.3286766,21
21/01/2025,ELRN.TA,312.1019933,22
22/01/2025,ELRN.TA,324.0508541,23
23/01/2025,ELRN.TA,337.2463238,24
24/01/2025,ELRN.TA,349.9278391,25
25/01/2025,ELRN.TA,352.9049737,26
26/01/2025,ELRN.TA,367.6525462,27
27/01/2025,ELRN.TA,352.938368,28
28/01/2025,ELRN.TA,357.7961879,29
29/01/2025,ELRN.TA,357.2559093,30
31/12/2024,ELSPC.TA,716.7882697,1
01/01/2025,ELSPC.TA,701.3110701,2
02/01/2025,ELSPC.TA,693.9121844,3
03/01/2025,ELSPC.TA,726.1833982,4
04/01/2025,ELSPC.TA,747.4906519,5
05/01/2025,ELSPC.TA,785.8510417,6
06/01/2025,ELSPC.TA,804.2615886,7
07/01/2025,ELSPC.TA,778.2335663,8
08/01/2025,ELSPC.TA,786.2800291,9
09/01/2025,ELSPC.TA,803.9287241,10
10/01/2025,ELSPC.TA,874.1041919,11
11/01/2025,ELSPC.TA,899.1824465,12
12/01/2025,ELSPC.TA,957.1891878,13
13/01/2025,ELSPC.TA,982.1189364,14
14/01/2025,ELSPC.TA,999.6960529,15
15/01/2025,ELSPC.TA,1024.623555,16
16/01/2025,ELSPC.TA,1002.520548,17
17/01/2025,ELSPC.TA,1054.238855,18
18/01/2025,ELSPC.TA,1046.889636,19
19/01/2025,ELSPC.TA,1111.975505,20
20/01/2025,ELSPC.TA,1107.402091,21
21/01/2025,ELSPC.TA,1158.154576,22
22/01/2025,ELSPC.TA,1154.959533,23
23/01/2025,ELSPC.TA,1173.510155,24
24/01/2025,ELSPC.TA,1197.921985,25
25/01/2025,ELSPC.TA,1169.410261,26
26/01/2025,ELSPC.TA,1183.846239,27
27/01/2025,ELSPC.TA,1203.597009,28
28/01/2025,ELSPC.TA,1203.014511,29
29/01/2025,ELSPC.TA,1191.406927,30
31/12/2024,EMCO.TA,956.8250143,1
01/01/2025,EMCO.TA,934.3232662,2
02/01/2025,EMCO.TA,909.8876741,3
03/01/2025,EMCO.TA,905.4292865,4
04/01/2025,EMCO.TA,911.5373089,5
05/01/2025,EMCO.TA,921.0856254,6
06/01/2025,EMCO.TA,922.291256,7
07/01/2025,EMCO.TA,919.426119,8
08/01/2025,EMCO.TA,891.8614843,9
09/01/2025,EMCO.TA,888.8836883,10
10/01/2025,EMCO.TA,896.7777394,11
11/01/2025,EMCO.TA,871.605913,12
12/01/2025,EMCO.TA,856.0668321,13
13/01/2025,EMCO.TA,818.7282724,14
14/01/2025,EMCO.TA,820.423856,15
15/01/2025,EMCO.TA,803.459256,16
16/01/2025,EMCO.TA,815.6079697,17
17/01/2025,EMCO.TA,821.8403211,18
18/01/2025,EMCO.TA,794.8282695,19
19/01/2025,EMCO.TA,789.457635,20
20/01/2025,EMCO.TA,779.0237169,21
21/01/2025,EMCO.TA,776.5232497,22
22/01/2025,EMCO.TA,752.8949477,23
23/01/2025,EMCO.TA,746.2367852,24
24/01/2025,EMCO.TA,737.6664751,25
25/01/2025,EMCO.TA,731.4342704,26
26/01/2025,EMCO.TA,726.565005,27
27/01/2025,EMCO.TA,732.5144476,28
28/01/2025,EMCO.TA,759.8113285,29
29/01/2025,EMCO.TA,760.5103731,30
31/12/2024,EMDV.TA,2669.254339,1
01/01/2025,EMDV.TA,2690.439931,2
02/01/2025,EMDV.TA,2777.803382,3
03/01/2025,EMDV.TA,2848.785139,4
04/01/2025,EMDV.TA,2870.871174,5
05/01/2025,EMDV.TA,2895.122067,6
06/01/2025,EMDV.TA,2901.139516,7
07/01/2025,EMDV.TA,2916.46666,8
08/01/2025,EMDV.TA,2938.439817,9
09/01/2025,EMDV.TA,2978.385424,10
10/01/2025,EMDV.TA,3023.816767,11
11/01/2025,EMDV.TA,2934.423376,12
12/01/2025,EMDV.TA,2925.588988,13
13/01/2025,EMDV.TA,2953.896498,14
14/01/2025,EMDV.TA,2986.837025,15
15/01/2025,EMDV.TA,2948.149327,16
16/01/2025,EMDV.TA,3032.517217,17
17/01/2025,EMDV.TA,2964.148431,18
18/01/2025,EMDV.TA,2980.644685,19
19/01/2025,EMDV.TA,2936.253499,20
20/01/2025,EMDV.TA,2948.814618,21
21/01/2025,EMDV.TA,2894.641986,22
22/01/2025,EMDV.TA,2839.304221,23
23/01/2025,EMDV.TA,2783.878044,24
24/01/2025,EMDV.TA,2723.214904,25
25/01/2025,EMDV.TA,2718.396636,26
26/01/2025,EMDV.TA,2747.700358,27
27/01/2025,EMDV.TA,2797.822403,28
28/01/2025,EMDV.TA,2908.637169,29
29/01/2025,EMDV.TA,2865.416611,30
31/12/2024,ENOG.TA,4844.039523,1
01/01/2025,ENOG.TA,4917.540745,2
02/01/2025,ENOG.TA,4849.414859,3
03/01/2025,ENOG.TA,4779.560605,4
04/01/2025,ENOG.TA,4620.208064,5
05/01/2025,ENOG.TA,4706.957831,6
06/01/2025,ENOG.TA,4465.873143,7
07/01/2025,ENOG.TA,4399.219671,8
08/01/2025,ENOG.TA,4400.857466,9
09/01/2025,ENOG.TA,4387.953565,10
10/01/2025,ENOG.TA,4403.481954,11
11/01/2025,ENOG.TA,4517.950602,12
12/01/2025,ENOG.TA,4438.065444,13
13/01/2025,ENOG.TA,4525.352424,14
14/01/2025,ENOG.TA,4472.844254,15
15/01/2025,ENOG.TA,4469.93013,16
16/01/2025,ENOG.TA,4442.284514,17
17/01/2025,ENOG.TA,4435.379441,18
18/01/2025,ENOG.TA,4438.073752,19
19/01/2025,ENOG.TA,4583.452638,20
20/01/2025,ENOG.TA,4608.435219,21
21/01/2025,ENOG.TA,4587.980598,22
22/01/2025,ENOG.TA,4670.869137,23
23/01/2025,ENOG.TA,4574.854221,24
24/01/2025,ENOG.TA,4692.178906,25
25/01/2025,ENOG.TA,4597.155736,26
26/01/2025,ENOG.TA,4662.148712,27
27/01/2025,ENOG.TA,4783.562432,28
28/01/2025,ENOG.TA,4837.02242,29
29/01/2025,ENOG.TA,4960.386683,30
31/12/2024,ENRG.TA,1224.045428,1
01/01/2025,ENRG.TA,1256.015144,2
02/01/2025,ENRG.TA,1271.422929,3
03/01/2025,ENRG.TA,1276.012658,4
04/01/2025,ENRG.TA,1272.058507,5
05/01/2025,ENRG.TA,1292.724847,6
06/01/2025,ENRG.TA,1268.596192,7
07/01/2025,ENRG.TA,1286.4223,8
08/01/2025,ENRG.TA,1265.141276,9
09/01/2025,ENRG.TA,1288.679907,10
10/01/2025,ENRG.TA,1328.910939,11
11/01/2025,ENRG.TA,1377.075349,12
12/01/2025,ENRG.TA,1342.58245,13
13/01/2025,ENRG.TA,1335.402427,14
14/01/2025,ENRG.TA,1322.160241,15
15/01/2025,ENRG.TA,1267.837076,16
16/01/2025,ENRG.TA,1235.564028,17
17/01/2025,ENRG.TA,1201.879333,18
18/01/2025,ENRG.TA,1186.384075,19
19/01/2025,ENRG.TA,1212.962902,20
20/01/2025,ENRG.TA,1252.982168,21
21/01/2025,ENRG.TA,1236.641864,22
22/01/2025,ENRG.TA,1250.879073,23
23/01/2025,ENRG.TA,1217.297423,24
24/01/2025,ENRG.TA,1205.286013,25
25/01/2025,ENRG.TA,1251.970231,26
26/01/2025,ENRG.TA,1241.640699,27
27/01/2025,ENRG.TA,1223.181542,28
28/01/2025,ENRG.TA,1206.626673,29
29/01/2025,ENRG.TA,1273.381787,30
31/12/2024,ENLT.TA,6188.477638,1
01/01/2025,ENLT.TA,6164.490318,2
02/01/2025,ENLT.TA,6220.233787,3
03/01/2025,ENLT.TA,6113.57568,4
04/01/2025,ENLT.TA,6194.985102,5
05/01/2025,ENLT.TA,6307.425456,6
06/01/2025,ENLT.TA,6298.975259,7
07/01/2025,ENLT.TA,6360.442713,8
08/01/2025,ENLT.TA,6531.431129,9
09/01/2025,ENLT.TA,6627.648616,10
10/01/2025,ENLT.TA,6596.665619,11
11/01/2025,ENLT.TA,6545.218075,12
12/01/2025,ENLT.TA,6636.380355,13
13/01/2025,ENLT.TA,6686.547721,14
14/01/2025,ENLT.TA,6754.122149,15
15/01/2025,ENLT.TA,6851.29248,16
16/01/2025,ENLT.TA,6924.801411,17
17/01/2025,ENLT.TA,6979.971759,18
18/01/2025,ENLT.TA,6848.156783,19
19/01/2025,ENLT.TA,6862.729557,20
20/01/2025,ENLT.TA,7105.781952,21
21/01/2025,ENLT.TA,7097.07291,22
22/01/2025,ENLT.TA,6768.259681,23
23/01/2025,ENLT.TA,6599.889021,24
24/01/2025,ENLT.TA,6794.434853,25
25/01/2025,ENLT.TA,6753.230907,26
26/01/2025,ENLT.TA,6770.978257,27
27/01/2025,ENLT.TA,6776.689034,28
28/01/2025,ENLT.TA,6784.499612,29
29/01/2025,ENLT.TA,6795.473016,30
31/12/2024,ENLV.TA,419.5167865,1
01/01/2025,ENLV.TA,433.1491812,2
02/01/2025,ENLV.TA,402.6051097,3
03/01/2025,ENLV.TA,399.0382962,4
04/01/2025,ENLV.TA,399.9714687,5
05/01/2025,ENLV.TA,368.6330237,6
06/01/2025,ENLV.TA,363.5705263,7
07/01/2025,ENLV.TA,340.5145347,8
08/01/2025,ENLV.TA,337.5867782,9
09/01/2025,ENLV.TA,351.6168781,10
10/01/2025,ENLV.TA,338.446767,11
11/01/2025,ENLV.TA,328.2276797,12
12/01/2025,ENLV.TA,342.0094668,13
13/01/2025,ENLV.TA,354.3824521,14
14/01/2025,ENLV.TA,371.3798967,15
15/01/2025,ENLV.TA,360.0700487,16
16/01/2025,ENLV.TA,394.1348526,17
17/01/2025,ENLV.TA,376.2776175,18
18/01/2025,ENLV.TA,382.6471962,19
19/01/2025,ENLV.TA,407.1580544,20
20/01/2025,ENLV.TA,422.4117508,21
21/01/2025,ENLV.TA,422.5559352,22
22/01/2025,ENLV.TA,412.8790719,23
23/01/2025,ENLV.TA,382.8268431,24
24/01/2025,ENLV.TA,424.7784296,25
25/01/2025,ENLV.TA,390.3450141,26
26/01/2025,ENLV.TA,381.3607779,27
27/01/2025,ENLV.TA,374.7089174,28
28/01/2025,ENLV.TA,382.020717,29
29/01/2025,ENLV.TA,362.0819121,30
31/12/2024,EPIT.TA,639.2445962,1
01/01/2025,EPIT.TA,620.0205571,2
02/01/2025,EPIT.TA,724.5379779,3
03/01/2025,EPIT.TA,722.051995,4
04/01/2025,EPIT.TA,664.4340508,5
05/01/2025,EPIT.TA,689.8185716,6
06/01/2025,EPIT.TA,801.7738946,7
07/01/2025,EPIT.TA,863.7873252,8
08/01/2025,EPIT.TA,958.0220747,9
09/01/2025,EPIT.TA,947.6006522,10
10/01/2025,EPIT.TA,988.72281,11
11/01/2025,EPIT.TA,977.7207401,12
12/01/2025,EPIT.TA,1144.977609,13
13/01/2025,EPIT.TA,1061.890072,14
14/01/2025,EPIT.TA,1055.569114,15
15/01/2025,EPIT.TA,970.5108325,16
16/01/2025,EPIT.TA,862.2267873,17
17/01/2025,EPIT.TA,898.0491204,18
18/01/2025,EPIT.TA,919.9795422,19
19/01/2025,EPIT.TA,1093.530682,20
20/01/2025,EPIT.TA,1327.218629,21
21/01/2025,EPIT.TA,1412.878959,22
22/01/2025,EPIT.TA,1381.682345,23
23/01/2025,EPIT.TA,1304.56061,24
24/01/2025,EPIT.TA,1525.277288,25
25/01/2025,EPIT.TA,1832.535568,26
26/01/2025,EPIT.TA,1545.084288,27
27/01/2025,EPIT.TA,1378.868727,28
28/01/2025,EPIT.TA,1826.727777,29
29/01/2025,EPIT.TA,1553.917511,30
31/12/2024,EQTL.TA,13556.06683,1
01/01/2025,EQTL.TA,13483.15933,2
02/01/2025,EQTL.TA,13635.58772,3
03/01/2025,EQTL.TA,13700.36578,4
04/01/2025,EQTL.TA,14065.50142,5
05/01/2025,EQTL.TA,14123.0391,6
06/01/2025,EQTL.TA,13583.99038,7
07/01/2025,EQTL.TA,13573.42461,8
08/01/2025,EQTL.TA,13180.45717,9
09/01/2025,EQTL.TA,13684.60166,10
10/01/2025,EQTL.TA,13563.34896,11
11/01/2025,EQTL.TA,13671.95826,12
12/01/2025,EQTL.TA,13945.97167,13
13/01/2025,EQTL.TA,13909.59891,14
14/01/2025,EQTL.TA,13899.43443,15
15/01/2025,EQTL.TA,13913.99873,16
16/01/2025,EQTL.TA,14026.33128,17
17/01/2025,EQTL.TA,13598.04002,18
18/01/2025,EQTL.TA,13553.56641,19
19/01/2025,EQTL.TA,13411.52266,20
20/01/2025,EQTL.TA,13477.35837,21
21/01/2025,EQTL.TA,13689.76534,22
22/01/2025,EQTL.TA,13675.0357,23
23/01/2025,EQTL.TA,13833.36159,24
24/01/2025,EQTL.TA,13936.82301,25
25/01/2025,EQTL.TA,14152.20118,26
26/01/2025,EQTL.TA,14339.29527,27
27/01/2025,EQTL.TA,14769.65508,28
28/01/2025,EQTL.TA,15173.09139,29
29/01/2025,EQTL.TA,15543.3725,30
31/12/2024,EFNC-M.TA,185.3630544,1
01/01/2025,EFNC-M.TA,242.7768137,2
02/01/2025,EFNC-M.TA,138.9654193,3
03/01/2025,EFNC-M.TA,190.1884944,4
04/01/2025,EFNC-M.TA,88.8034492,5
05/01/2025,EFNC-M.TA,98.25843372,6
06/01/2025,EFNC-M.TA,85.61454806,7
07/01/2025,EFNC-M.TA,82.55708622,8
08/01/2025,EFNC-M.TA,123.6200284,9
09/01/2025,EFNC-M.TA,176.2780383,10
10/01/2025,EFNC-M.TA,171.6416124,11
11/01/2025,EFNC-M.TA,211.5244734,12
12/01/2025,EFNC-M.TA,329.5796396,13
13/01/2025,EFNC-M.TA,348.0248406,14
14/01/2025,EFNC-M.TA,421.6065834,15
15/01/2025,EFNC-M.TA,443.2703309,16
16/01/2025,EFNC-M.TA,505.8822749,17
17/01/2025,EFNC-M.TA,438.9576855,18
18/01/2025,EFNC-M.TA,342.6660125,19
19/01/2025,EFNC-M.TA,312.1301588,20
20/01/2025,EFNC-M.TA,354.7543783,21
21/01/2025,EFNC-M.TA,452.8571539,22
22/01/2025,EFNC-M.TA,360.3477838,23
23/01/2025,EFNC-M.TA,367.9929636,24
24/01/2025,EFNC-M.TA,368.7533749,25
25/01/2025,EFNC-M.TA,457.575583,26
26/01/2025,EFNC-M.TA,234.8951647,27
27/01/2025,EFNC-M.TA,258.3189855,28
28/01/2025,EFNC-M.TA,314.1097576,29
29/01/2025,EFNC-M.TA,356.4680395,30
31/12/2024,BCUR.TA,-21.17873764,1
01/01/2025,BCUR.TA,-0.86723226,2
02/01/2025,BCUR.TA,-2.48413723,3
03/01/2025,BCUR.TA,2.77627312,4
04/01/2025,BCUR.TA,-4.79076648,5
05/01/2025,BCUR.TA,-4.92643849,6
06/01/2025,BCUR.TA,1.94072013,7
07/01/2025,BCUR.TA,-6.54595874,8
08/01/2025,BCUR.TA,-9.66065603,9
09/01/2025,BCUR.TA,-16.38835785,10
10/01/2025,BCUR.TA,-33.73915103,11
11/01/2025,BCUR.TA,24.75316115,12
12/01/2025,BCUR.TA,83.67580222,13
13/01/2025,BCUR.TA,319.5594576,14
14/01/2025,BCUR.TA,1499.625619,15
15/01/2025,BCUR.TA,248.2984884,16
16/01/2025,BCUR.TA,567.3279514,17
17/01/2025,BCUR.TA,803.2777081,18
18/01/2025,BCUR.TA,877.9894365,19
19/01/2025,BCUR.TA,2555.622272,20
20/01/2025,BCUR.TA,-3250.659307,21
21/01/2025,BCUR.TA,-5976.413765,22
22/01/2025,BCUR.TA,-18691.07861,23
23/01/2025,BCUR.TA,-7529.445302,24
24/01/2025,BCUR.TA,-7685.811205,25
25/01/2025,BCUR.TA,-17853.77958,26
26/01/2025,BCUR.TA,1280.844001,27
27/01/2025,BCUR.TA,2535.698758,28
28/01/2025,BCUR.TA,7955.314937,29
29/01/2025,BCUR.TA,21487.03456,30
31/12/2024,ETGA.TA,1918.530844,1
01/01/2025,ETGA.TA,1905.716681,2
02/01/2025,ETGA.TA,1953.655395,3
03/01/2025,ETGA.TA,1980.806294,4
04/01/2025,ETGA.TA,2000.400648,5
05/01/2025,ETGA.TA,2039.611112,6
06/01/2025,ETGA.TA,2043.227725,7
07/01/2025,ETGA.TA,2044.405928,8
08/01/2025,ETGA.TA,2055.087828,9
09/01/2025,ETGA.TA,2004.47117,10
10/01/2025,ETGA.TA,1974.486701,11
11/01/2025,ETGA.TA,1925.520578,12
12/01/2025,ETGA.TA,1955.465549,13
13/01/2025,ETGA.TA,2052.19258,14
14/01/2025,ETGA.TA,2019.540909,15
15/01/2025,ETGA.TA,2003.381693,16
16/01/2025,ETGA.TA,2046.863641,17
17/01/2025,ETGA.TA,2028.234289,18
18/01/2025,ETGA.TA,2065.760362,19
19/01/2025,ETGA.TA,2085.639368,20
20/01/2025,ETGA.TA,2062.700633,21
21/01/2025,ETGA.TA,2066.331185,22
22/01/2025,ETGA.TA,2053.865101,23
23/01/2025,ETGA.TA,2056.858322,24
24/01/2025,ETGA.TA,2066.860163,25
25/01/2025,ETGA.TA,2016.246101,26
26/01/2025,ETGA.TA,2078.908601,27
27/01/2025,ETGA.TA,2070.970951,28
28/01/2025,ETGA.TA,2041.312176,29
29/01/2025,ETGA.TA,2077.7125,30
31/12/2024,EVGN.TA,406.3852794,1
01/01/2025,EVGN.TA,466.4191914,2
02/01/2025,EVGN.TA,473.6154837,3
03/01/2025,EVGN.TA,808.0472737,4
04/01/2025,EVGN.TA,995.4457496,5
05/01/2025,EVGN.TA,723.0374567,6
06/01/2025,EVGN.TA,663.2218073,7
07/01/2025,EVGN.TA,601.5567009,8
08/01/2025,EVGN.TA,875.594499,9
09/01/2025,EVGN.TA,-568.7594382,10
10/01/2025,EVGN.TA,-586.4162563,11
11/01/2025,EVGN.TA,-273.5677773,12
12/01/2025,EVGN.TA,-105.3989766,13
13/01/2025,EVGN.TA,-102.985095,14
14/01/2025,EVGN.TA,-160.7401515,15
15/01/2025,EVGN.TA,-187.2647588,16
16/01/2025,EVGN.TA,-219.0520864,17
17/01/2025,EVGN.TA,-352.8651797,18
18/01/2025,EVGN.TA,-325.1359323,19
19/01/2025,EVGN.TA,-434.9254629,20
20/01/2025,EVGN.TA,-303.5486032,21
21/01/2025,EVGN.TA,-227.6619531,22
22/01/2025,EVGN.TA,-151.8542023,23
23/01/2025,EVGN.TA,-20.58169469,24
24/01/2025,EVGN.TA,-16.89924295,25
25/01/2025,EVGN.TA,-18.20373874,26
26/01/2025,EVGN.TA,-13.53100313,27
27/01/2025,EVGN.TA,-21.73283116,28
28/01/2025,EVGN.TA,-21.30812653,29
29/01/2025,EVGN.TA,-50.05274146,30
31/12/2024,EXPO.TA,6181.573384,1
01/01/2025,EXPO.TA,6274.319223,2
02/01/2025,EXPO.TA,6246.627185,3
03/01/2025,EXPO.TA,6358.957787,4
04/01/2025,EXPO.TA,6344.782958,5
05/01/2025,EXPO.TA,6404.226106,6
06/01/2025,EXPO.TA,6322.242396,7
07/01/2025,EXPO.TA,6416.745926,8
08/01/2025,EXPO.TA,6229.124349,9
09/01/2025,EXPO.TA,6206.015381,10
10/01/2025,EXPO.TA,6173.267408,11
11/01/2025,EXPO.TA,6250.330969,12
12/01/2025,EXPO.TA,6323.17964,13
13/01/2025,EXPO.TA,6346.790639,14
14/01/2025,EXPO.TA,6275.552447,15
15/01/2025,EXPO.TA,6352.065522,16
16/01/2025,EXPO.TA,6242.486404,17
17/01/2025,EXPO.TA,6053.298158,18
18/01/2025,EXPO.TA,5909.693532,19
19/01/2025,EXPO.TA,5936.464667,20
20/01/2025,EXPO.TA,5851.402849,21
21/01/2025,EXPO.TA,5788.41674,22
22/01/2025,EXPO.TA,5802.278309,23
23/01/2025,EXPO.TA,5778.334339,24
24/01/2025,EXPO.TA,5801.734306,25
25/01/2025,EXPO.TA,5821.370738,26
26/01/2025,EXPO.TA,5880.069159,27
27/01/2025,EXPO.TA,6013.135807,28
28/01/2025,EXPO.TA,6155.316221,29
29/01/2025,EXPO.TA,6067.30378,30
31/12/2024,FTAL.TA,51180.97347,1
01/01/2025,FTAL.TA,50297.38878,2
02/01/2025,FTAL.TA,52369.91404,3
03/01/2025,FTAL.TA,52789.82982,4
04/01/2025,FTAL.TA,51172.90178,5
05/01/2025,FTAL.TA,50742.2489,6
06/01/2025,FTAL.TA,50762.04218,7
07/01/2025,FTAL.TA,50298.62295,8
08/01/2025,FTAL.TA,51318.82962,9
09/01/2025,FTAL.TA,50415.23112,10
10/01/2025,FTAL.TA,51271.62909,11
11/01/2025,FTAL.TA,50588.56903,12
12/01/2025,FTAL.TA,50462.32698,13
13/01/2025,FTAL.TA,51142.54089,14
14/01/2025,FTAL.TA,49597.02279,15
15/01/2025,FTAL.TA,49364.0415,16
16/01/2025,FTAL.TA,49379.66801,17
17/01/2025,FTAL.TA,48841.31708,18
18/01/2025,FTAL.TA,49713.77868,19
19/01/2025,FTAL.TA,49384.36424,20
20/01/2025,FTAL.TA,49814.34365,21
21/01/2025,FTAL.TA,50646.59271,22
22/01/2025,FTAL.TA,50239.18966,23
23/01/2025,FTAL.TA,50556.76705,24
24/01/2025,FTAL.TA,49730.89428,25
25/01/2025,FTAL.TA,50011.64321,26
26/01/2025,FTAL.TA,49097.19973,27
27/01/2025,FTAL.TA,49180.11586,28
28/01/2025,FTAL.TA,49411.90485,29
29/01/2025,FTAL.TA,48856.03353,30
31/12/2024,FEAT.TA,129.3896067,1
01/01/2025,FEAT.TA,117.4124457,2
02/01/2025,FEAT.TA,73.55578401,3
03/01/2025,FEAT.TA,72.79369649,4
04/01/2025,FEAT.TA,66.36940264,5
05/01/2025,FEAT.TA,71.03862792,6
06/01/2025,FEAT.TA,64.14840326,7
07/01/2025,FEAT.TA,70.81404496,8
08/01/2025,FEAT.TA,87.34013542,9
09/01/2025,FEAT.TA,67.64238014,10
10/01/2025,FEAT.TA,32.22475409,11
11/01/2025,FEAT.TA,43.14643454,12
12/01/2025,FEAT.TA,56.13281373,13
13/01/2025,FEAT.TA,76.31517678,14
14/01/2025,FEAT.TA,58.47785721,15
15/01/2025,FEAT.TA,60.29335742,16
16/01/2025,FEAT.TA,32.54894278,17
17/01/2025,FEAT.TA,37.49615025,18
18/01/2025,FEAT.TA,26.19591349,19
19/01/2025,FEAT.TA,16.54348398,20
20/01/2025,FEAT.TA,11.68321006,21
21/01/2025,FEAT.TA,11.03443882,22
22/01/2025,FEAT.TA,14.26829424,23
23/01/2025,FEAT.TA,14.14004525,24
24/01/2025,FEAT.TA,14.00503972,25
25/01/2025,FEAT.TA,16.17257538,26
26/01/2025,FEAT.TA,17.42827797,27
27/01/2025,FEAT.TA,16.20601764,28
28/01/2025,FEAT.TA,15.1512272,29
29/01/2025,FEAT.TA,13.40430774,30
31/12/2024,FIBI.TA,18192.58439,1
01/01/2025,FIBI.TA,18331.66857,2
02/01/2025,FIBI.TA,18017.72573,3
03/01/2025,FIBI.TA,18493.53229,4
04/01/2025,FIBI.TA,18785.40081,5
05/01/2025,FIBI.TA,18881.49247,6
06/01/2025,FIBI.TA,19389.51712,7
07/01/2025,FIBI.TA,19540.47037,8
08/01/2025,FIBI.TA,19515.92316,9
09/01/2025,FIBI.TA,18855.00525,10
10/01/2025,FIBI.TA,18928.58317,11
11/01/2025,FIBI.TA,19312.02916,12
12/01/2025,FIBI.TA,19346.93004,13
13/01/2025,FIBI.TA,20158.06019,14
14/01/2025,FIBI.TA,20151.12815,15
15/01/2025,FIBI.TA,19985.41531,16
16/01/2025,FIBI.TA,19860.88891,17
17/01/2025,FIBI.TA,20618.29152,18
18/01/2025,FIBI.TA,21257.43954,19
19/01/2025,FIBI.TA,21418.73417,20
20/01/2025,FIBI.TA,22094.8334,21
21/01/2025,FIBI.TA,21873.77471,22
22/01/2025,FIBI.TA,22057.99325,23
23/01/2025,FIBI.TA,22527.83732,24
24/01/2025,FIBI.TA,22842.78703,25
25/01/2025,FIBI.TA,22772.33213,26
26/01/2025,FIBI.TA,22656.02016,27
27/01/2025,FIBI.TA,23489.51903,28
28/01/2025,FIBI.TA,23218.92592,29
29/01/2025,FIBI.TA,23183.29001,30
31/12/2024,FIBIH.TA,18298.40972,1
01/01/2025,FIBIH.TA,18162.88985,2
02/01/2025,FIBIH.TA,18046.7575,3
03/01/2025,FIBIH.TA,18001.24984,4
04/01/2025,FIBIH.TA,18073.22868,5
05/01/2025,FIBIH.TA,18486.0257,6
06/01/2025,FIBIH.TA,18862.96887,7
07/01/2025,FIBIH.TA,18526.60636,8
08/01/2025,FIBIH.TA,18840.55235,9
09/01/2025,FIBIH.TA,19312.06634,10
10/01/2025,FIBIH.TA,19390.02882,11
11/01/2025,FIBIH.TA,19504.33283,12
12/01/2025,FIBIH.TA,19731.50174,13
13/01/2025,FIBIH.TA,19871.37774,14
14/01/2025,FIBIH.TA,20063.78696,15
15/01/2025,FIBIH.TA,19920.57491,16
16/01/2025,FIBIH.TA,20553.0305,17
17/01/2025,FIBIH.TA,20868.28225,18
18/01/2025,FIBIH.TA,21139.03134,19
19/01/2025,FIBIH.TA,21162.57025,20
20/01/2025,FIBIH.TA,22179.72263,21
21/01/2025,FIBIH.TA,22121.00161,22
22/01/2025,FIBIH.TA,22098.94345,23
23/01/2025,FIBIH.TA,22171.63485,24
24/01/2025,FIBIH.TA,21897.99358,25
25/01/2025,FIBIH.TA,21785.52869,26
26/01/2025,FIBIH.TA,22117.94589,27
27/01/2025,FIBIH.TA,22435.78606,28
28/01/2025,FIBIH.TA,22222.40131,29
29/01/2025,FIBIH.TA,22323.67938,30
31/12/2024,FGAS.TA,1191.751397,1
01/01/2025,FGAS.TA,1183.768462,2
02/01/2025,FGAS.TA,1192.69199,3
03/01/2025,FGAS.TA,1211.607286,4
04/01/2025,FGAS.TA,1226.887451,5
05/01/2025,FGAS.TA,1269.874097,6
06/01/2025,FGAS.TA,1284.86415,7
07/01/2025,FGAS.TA,1278.67391,8
08/01/2025,FGAS.TA,1294.095738,9
09/01/2025,FGAS.TA,1315.471229,10
10/01/2025,FGAS.TA,1288.489158,11
11/01/2025,FGAS.TA,1284.413821,12
12/01/2025,FGAS.TA,1287.019864,13
13/01/2025,FGAS.TA,1274.993615,14
14/01/2025,FGAS.TA,1294.196123,15
15/01/2025,FGAS.TA,1262.000531,16
16/01/2025,FGAS.TA,1264.214396,17
17/01/2025,FGAS.TA,1271.285485,18
18/01/2025,FGAS.TA,1240.892552,19
19/01/2025,FGAS.TA,1252.941064,20
20/01/2025,FGAS.TA,1252.324403,21
21/01/2025,FGAS.TA,1274.958583,22
22/01/2025,FGAS.TA,1303.638605,23
23/01/2025,FGAS.TA,1320.226462,24
24/01/2025,FGAS.TA,1319.218286,25
25/01/2025,FGAS.TA,1282.035767,26
26/01/2025,FGAS.TA,1308.600418,27
27/01/2025,FGAS.TA,1300.876987,28
28/01/2025,FGAS.TA,1325.925312,29
29/01/2025,FGAS.TA,1349.956018,30
31/12/2024,FLYS.TA,60.83254937,1
01/01/2025,FLYS.TA,60.25930679,2
02/01/2025,FLYS.TA,61.7030717,3
03/01/2025,FLYS.TA,60.11827813,4
04/01/2025,FLYS.TA,58.74537514,5
05/01/2025,FLYS.TA,59.56174096,6
06/01/2025,FLYS.TA,61.00438885,7
07/01/2025,FLYS.TA,60.35515411,8
08/01/2025,FLYS.TA,60.36999765,9
09/01/2025,FLYS.TA,61.82630979,10
10/01/2025,FLYS.TA,62.69868368,11
11/01/2025,FLYS.TA,64.16234297,12
12/01/2025,FLYS.TA,65.27959401,13
13/01/2025,FLYS.TA,64.09919153,14
14/01/2025,FLYS.TA,63.94305318,15
15/01/2025,FLYS.TA,65.7437912,16
16/01/2025,FLYS.TA,65.91966431,17
17/01/2025,FLYS.TA,66.50247374,18
18/01/2025,FLYS.TA,67.87778158,19
19/01/2025,FLYS.TA,66.4521278,20
20/01/2025,FLYS.TA,67.50777395,21
21/01/2025,FLYS.TA,67.20433102,22
22/01/2025,FLYS.TA,65.96511608,23
23/01/2025,FLYS.TA,64.94329354,24
24/01/2025,FLYS.TA,64.57746106,25
25/01/2025,FLYS.TA,64.18553715,26
26/01/2025,FLYS.TA,63.11870354,27
27/01/2025,FLYS.TA,63.9815307,28
28/01/2025,FLYS.TA,64.80752937,29
29/01/2025,FLYS.TA,65.51482596,30
31/12/2024,FBRT.TA,14261.35459,1
01/01/2025,FBRT.TA,14241.84401,2
02/01/2025,FBRT.TA,14034.64024,3
03/01/2025,FBRT.TA,13685.80059,4
04/01/2025,FBRT.TA,14469.9958,5
05/01/2025,FBRT.TA,14895.65607,6
06/01/2025,FBRT.TA,14639.46366,7
07/01/2025,FBRT.TA,14441.02753,8
08/01/2025,FBRT.TA,14462.54826,9
09/01/2025,FBRT.TA,14183.84463,10
10/01/2025,FBRT.TA,14173.27195,11
11/01/2025,FBRT.TA,14392.77569,12
12/01/2025,FBRT.TA,14753.63158,13
13/01/2025,FBRT.TA,15008.24111,14
14/01/2025,FBRT.TA,15023.11834,15
15/01/2025,FBRT.TA,15447.00957,16
16/01/2025,FBRT.TA,15328.52372,17
17/01/2025,FBRT.TA,15595.78558,18
18/01/2025,FBRT.TA,16235.20682,19
19/01/2025,FBRT.TA,16208.37306,20
20/01/2025,FBRT.TA,16894.76391,21
21/01/2025,FBRT.TA,17209.79673,22
22/01/2025,FBRT.TA,17595.93249,23
23/01/2025,FBRT.TA,17355.61661,24
24/01/2025,FBRT.TA,17136.76993,25
25/01/2025,FBRT.TA,17333.16655,26
26/01/2025,FBRT.TA,16561.16226,27
27/01/2025,FBRT.TA,16461.86489,28
28/01/2025,FBRT.TA,17085.71631,29
29/01/2025,FBRT.TA,16334.1519,30
31/12/2024,FRSX.TA,38.7309347,1
01/01/2025,FRSX.TA,48.95148275,2
02/01/2025,FRSX.TA,92.61245884,3
03/01/2025,FRSX.TA,165.1960982,4
04/01/2025,FRSX.TA,41.76083318,5
05/01/2025,FRSX.TA,52.33304574,6
06/01/2025,FRSX.TA,54.66455675,7
07/01/2025,FRSX.TA,53.36167752,8
08/01/2025,FRSX.TA,48.67712081,9
09/01/2025,FRSX.TA,160.0364814,10
10/01/2025,FRSX.TA,216.3751694,11
11/01/2025,FRSX.TA,292.7330096,12
12/01/2025,FRSX.TA,215.5945163,13
13/01/2025,FRSX.TA,251.4494452,14
14/01/2025,FRSX.TA,289.8837258,15
15/01/2025,FRSX.TA,96.68610105,16
16/01/2025,FRSX.TA,156.0071227,17
17/01/2025,FRSX.TA,127.5445418,18
18/01/2025,FRSX.TA,166.1652288,19
19/01/2025,FRSX.TA,84.72889179,20
20/01/2025,FRSX.TA,76.14368118,21
21/01/2025,FRSX.TA,53.73877264,22
22/01/2025,FRSX.TA,86.61008508,23
23/01/2025,FRSX.TA,151.5178086,24
24/01/2025,FRSX.TA,72.8391729,25
25/01/2025,FRSX.TA,104.8041406,26
26/01/2025,FRSX.TA,96.31293965,27
27/01/2025,FRSX.TA,87.63102937,28
28/01/2025,FRSX.TA,145.9647282,29
29/01/2025,FRSX.TA,107.0642657,30
31/12/2024,FORTY.TA,30726.34199,1
01/01/2025,FORTY.TA,31419.90379,2
02/01/2025,FORTY.TA,31542.59533,3
03/01/2025,FORTY.TA,31559.61207,4
04/01/2025,FORTY.TA,30357.25687,5
05/01/2025,FORTY.TA,30630.87877,6
06/01/2025,FORTY.TA,30652.25536,7
07/01/2025,FORTY.TA,30663.45337,8
08/01/2025,FORTY.TA,31022.63299,9
09/01/2025,FORTY.TA,31602.53631,10
10/01/2025,FORTY.TA,31383.87203,11
11/01/2025,FORTY.TA,31394.94273,12
12/01/2025,FORTY.TA,31981.2572,13
13/01/2025,FORTY.TA,31923.00869,14
14/01/2025,FORTY.TA,31332.21102,15
15/01/2025,FORTY.TA,32087.22828,16
16/01/2025,FORTY.TA,32023.84447,17
17/01/2025,FORTY.TA,32444.74408,18
18/01/2025,FORTY.TA,33511.3614,19
19/01/2025,FORTY.TA,33646.04234,20
20/01/2025,FORTY.TA,34128.29826,21
21/01/2025,FORTY.TA,34529.2931,22
22/01/2025,FORTY.TA,35848.56435,23
23/01/2025,FORTY.TA,34871.22629,24
24/01/2025,FORTY.TA,35151.62717,25
25/01/2025,FORTY.TA,35364.43521,26
26/01/2025,FORTY.TA,35410.26466,27
27/01/2025,FORTY.TA,35696.98815,28
28/01/2025,FORTY.TA,35392.14784,29
29/01/2025,FORTY.TA,36201.85995,30
31/12/2024,FOX.TA,31395.65478,1
01/01/2025,FOX.TA,31186.02173,2
02/01/2025,FOX.TA,31269.07339,3
03/01/2025,FOX.TA,30662.89845,4
04/01/2025,FOX.TA,30838.25525,5
05/01/2025,FOX.TA,30776.71483,6
06/01/2025,FOX.TA,30787.04423,7
07/01/2025,FOX.TA,31697.94395,8
08/01/2025,FOX.TA,32490.57058,9
09/01/2025,FOX.TA,31166.73452,10
10/01/2025,FOX.TA,32441.59075,11
11/01/2025,FOX.TA,32445.43045,12
12/01/2025,FOX.TA,33170.23774,13
13/01/2025,FOX.TA,34385.42472,14
14/01/2025,FOX.TA,33919.1806,15
15/01/2025,FOX.TA,33584.96494,16
16/01/2025,FOX.TA,33856.59178,17
17/01/2025,FOX.TA,32532.01759,18
18/01/2025,FOX.TA,31726.52959,19
19/01/2025,FOX.TA,31478.32008,20
20/01/2025,FOX.TA,31620.02157,21
21/01/2025,FOX.TA,31617.97448,22
22/01/2025,FOX.TA,31971.16536,23
23/01/2025,FOX.TA,30971.29283,24
24/01/2025,FOX.TA,30695.59363,25
25/01/2025,FOX.TA,29306.53318,26
26/01/2025,FOX.TA,28656.37723,27
27/01/2025,FOX.TA,29219.45553,28
28/01/2025,FOX.TA,28969.17074,29
29/01/2025,FOX.TA,28806.64839,30
31/12/2024,FRDN.TA,5750.114652,1
01/01/2025,FRDN.TA,5927.646315,2
02/01/2025,FRDN.TA,6000.943301,3
03/01/2025,FRDN.TA,5816.566951,4
04/01/2025,FRDN.TA,5993.234376,5
05/01/2025,FRDN.TA,6016.189122,6
06/01/2025,FRDN.TA,6143.868778,7
07/01/2025,FRDN.TA,6263.92271,8
08/01/2025,FRDN.TA,6211.036418,9
09/01/2025,FRDN.TA,6398.907087,10
10/01/2025,FRDN.TA,6096.986853,11
11/01/2025,FRDN.TA,6303.995413,12
12/01/2025,FRDN.TA,6296.080335,13
13/01/2025,FRDN.TA,6434.51885,14
14/01/2025,FRDN.TA,6227.665168,15
15/01/2025,FRDN.TA,6367.142478,16
16/01/2025,FRDN.TA,6646.826803,17
17/01/2025,FRDN.TA,6599.91221,18
18/01/2025,FRDN.TA,6845.213035,19
19/01/2025,FRDN.TA,6882.138168,20
20/01/2025,FRDN.TA,6685.860736,21
21/01/2025,FRDN.TA,6958.376306,22
22/01/2025,FRDN.TA,7168.353377,23
23/01/2025,FRDN.TA,7554.700859,24
24/01/2025,FRDN.TA,7390.266574,25
25/01/2025,FRDN.TA,7575.257226,26
26/01/2025,FRDN.TA,7605.038803,27
27/01/2025,FRDN.TA,7644.067452,28
28/01/2025,FRDN.TA,7640.031793,29
29/01/2025,FRDN.TA,7777.196361,30
31/12/2024,GOSS.TA,493.5443279,1
01/01/2025,GOSS.TA,480.169621,2
02/01/2025,GOSS.TA,469.451106,3
03/01/2025,GOSS.TA,458.0909142,4
04/01/2025,GOSS.TA,455.0728628,5
05/01/2025,GOSS.TA,461.5850255,6
06/01/2025,GOSS.TA,458.8776327,7
07/01/2025,GOSS.TA,469.0637067,8
08/01/2025,GOSS.TA,455.8117511,9
09/01/2025,GOSS.TA,449.8576276,10
10/01/2025,GOSS.TA,455.8167885,11
11/01/2025,GOSS.TA,453.0519323,12
12/01/2025,GOSS.TA,462.0696611,13
13/01/2025,GOSS.TA,450.3217047,14
14/01/2025,GOSS.TA,440.295987,15
15/01/2025,GOSS.TA,446.851389,16
16/01/2025,GOSS.TA,440.6766834,17
17/01/2025,GOSS.TA,448.5590086,18
18/01/2025,GOSS.TA,440.0871022,19
19/01/2025,GOSS.TA,434.6068286,20
20/01/2025,GOSS.TA,437.7388525,21
21/01/2025,GOSS.TA,435.9317218,22
22/01/2025,GOSS.TA,436.3081781,23
23/01/2025,GOSS.TA,429.4904117,24
24/01/2025,GOSS.TA,434.2636259,25
25/01/2025,GOSS.TA,428.4023012,26
26/01/2025,GOSS.TA,416.584691,27
27/01/2025,GOSS.TA,418.1678265,28
28/01/2025,GOSS.TA,425.5326399,29
29/01/2025,GOSS.TA,428.922795,30
31/12/2024,GCT.TA,1247.779999,1
01/01/2025,GCT.TA,1220.569215,2
02/01/2025,GCT.TA,1229.633362,3
03/01/2025,GCT.TA,1205.08026,4
04/01/2025,GCT.TA,1182.110429,5
05/01/2025,GCT.TA,1200.674932,6
06/01/2025,GCT.TA,1142.379239,7
07/01/2025,GCT.TA,1118.393682,8
08/01/2025,GCT.TA,1089.087795,9
09/01/2025,GCT.TA,1089.582216,10
10/01/2025,GCT.TA,1063.780423,11
11/01/2025,GCT.TA,1080.241762,12
12/01/2025,GCT.TA,1090.997647,13
13/01/2025,GCT.TA,1100.513454,14
14/01/2025,GCT.TA,1124.770888,15
15/01/2025,GCT.TA,1062.456078,16
16/01/2025,GCT.TA,1058.963987,17
17/01/2025,GCT.TA,1117.770054,18
18/01/2025,GCT.TA,1093.185831,19
19/01/2025,GCT.TA,1074.705787,20
20/01/2025,GCT.TA,1053.378262,21
21/01/2025,GCT.TA,1037.222959,22
22/01/2025,GCT.TA,1003.053941,23
23/01/2025,GCT.TA,1009.450803,24
24/01/2025,GCT.TA,1013.586304,25
25/01/2025,GCT.TA,992.2792098,26
26/01/2025,GCT.TA,989.7812215,27
27/01/2025,GCT.TA,968.7977567,28
28/01/2025,GCT.TA,922.0903985,29
29/01/2025,GCT.TA,934.3808015,30
31/12/2024,GPGB-M.TA,4132.571493,1
01/01/2025,GPGB-M.TA,-3053.703575,2
02/01/2025,GPGB-M.TA,-1776.15024,3
03/01/2025,GPGB-M.TA,-2422.866285,4
04/01/2025,GPGB-M.TA,-1440.270356,5
05/01/2025,GPGB-M.TA,-1201.751035,6
06/01/2025,GPGB-M.TA,-720.6442224,7
07/01/2025,GPGB-M.TA,-814.773555,8
08/01/2025,GPGB-M.TA,-900.8744605,9
09/01/2025,GPGB-M.TA,-1947.287756,10
10/01/2025,GPGB-M.TA,-2456.663548,11
11/01/2025,GPGB-M.TA,-2708.368002,12
12/01/2025,GPGB-M.TA,-4297.452502,13
13/01/2025,GPGB-M.TA,-2882.007955,14
14/01/2025,GPGB-M.TA,-3306.244855,15
15/01/2025,GPGB-M.TA,-7939.442509,16
16/01/2025,GPGB-M.TA,-22352.58157,17
17/01/2025,GPGB-M.TA,-9215.69318,18
18/01/2025,GPGB-M.TA,-11706.52503,19
19/01/2025,GPGB-M.TA,-9402.841209,20
20/01/2025,GPGB-M.TA,-14537.09615,21
21/01/2025,GPGB-M.TA,-14143.46975,22
22/01/2025,GPGB-M.TA,-6249.444735,23
23/01/2025,GPGB-M.TA,-8041.436934,24
24/01/2025,GPGB-M.TA,437.8368785,25
25/01/2025,GPGB-M.TA,568.6964195,26
26/01/2025,GPGB-M.TA,269.0731887,27
27/01/2025,GPGB-M.TA,232.6832133,28
28/01/2025,GPGB-M.TA,209.7193963,29
29/01/2025,GPGB-M.TA,210.1832355,30
31/12/2024,GMLA.TA,276.3433607,1
01/01/2025,GMLA.TA,304.2412645,2
02/01/2025,GMLA.TA,290.0271668,3
03/01/2025,GMLA.TA,252.5603779,4
04/01/2025,GMLA.TA,262.8013023,5
05/01/2025,GMLA.TA,268.5083425,6
06/01/2025,GMLA.TA,265.6710603,7
07/01/2025,GMLA.TA,249.3497828,8
08/01/2025,GMLA.TA,277.1543527,9
09/01/2025,GMLA.TA,288.085038,10
10/01/2025,GMLA.TA,288.2446503,11
11/01/2025,GMLA.TA,291.0517792,12
12/01/2025,GMLA.TA,299.9687463,13
13/01/2025,GMLA.TA,323.2892406,14
14/01/2025,GMLA.TA,322.5756474,15
15/01/2025,GMLA.TA,345.1731947,16
16/01/2025,GMLA.TA,338.7441158,17
17/01/2025,GMLA.TA,333.0928154,18
18/01/2025,GMLA.TA,330.1844451,19
19/01/2025,GMLA.TA,318.9868313,20
20/01/2025,GMLA.TA,342.5325416,21
21/01/2025,GMLA.TA,353.0727514,22
22/01/2025,GMLA.TA,351.2997623,23
23/01/2025,GMLA.TA,377.9907126,24
24/01/2025,GMLA.TA,381.3498064,25
25/01/2025,GMLA.TA,315.2028999,26
26/01/2025,GMLA.TA,337.4505484,27
27/01/2025,GMLA.TA,337.6865486,28
28/01/2025,GMLA.TA,343.650627,29
29/01/2025,GMLA.TA,359.5515165,30
31/12/2024,GSFI.TA,3398.026188,1
01/01/2025,GSFI.TA,3477.785203,2
02/01/2025,GSFI.TA,3560.863932,3
03/01/2025,GSFI.TA,3610.30699,4
04/01/2025,GSFI.TA,3601.477972,5
05/01/2025,GSFI.TA,3679.167811,6
06/01/2025,GSFI.TA,3674.783809,7
07/01/2025,GSFI.TA,3730.905034,8
08/01/2025,GSFI.TA,3720.945931,9
09/01/2025,GSFI.TA,3864.193137,10
10/01/2025,GSFI.TA,3927.954387,11
11/01/2025,GSFI.TA,3911.542103,12
12/01/2025,GSFI.TA,3806.572633,13
13/01/2025,GSFI.TA,3716.748652,14
14/01/2025,GSFI.TA,3775.933713,15
15/01/2025,GSFI.TA,3717.545625,16
16/01/2025,GSFI.TA,3664.037621,17
17/01/2025,GSFI.TA,3661.779093,18
18/01/2025,GSFI.TA,3593.406028,19
19/01/2025,GSFI.TA,3637.011293,20
20/01/2025,GSFI.TA,3597.504169,21
21/01/2025,GSFI.TA,3517.488323,22
22/01/2025,GSFI.TA,3534.848328,23
23/01/2025,GSFI.TA,3634.427914,24
24/01/2025,GSFI.TA,3744.561287,25
25/01/2025,GSFI.TA,3718.069738,26
26/01/2025,GSFI.TA,3799.946763,27
27/01/2025,GSFI.TA,3741.51944,28
28/01/2025,GSFI.TA,3810.273046,29
29/01/2025,GSFI.TA,3753.255914,30
31/12/2024,GAGR.TA,321.4961921,1
01/01/2025,GAGR.TA,273.6986269,2
02/01/2025,GAGR.TA,294.0655043,3
03/01/2025,GAGR.TA,314.3871378,4
04/01/2025,GAGR.TA,329.1949209,5
05/01/2025,GAGR.TA,350.7078675,6
06/01/2025,GAGR.TA,273.8965974,7
07/01/2025,GAGR.TA,289.6008442,8
08/01/2025,GAGR.TA,267.7708739,9
09/01/2025,GAGR.TA,264.9956949,10
10/01/2025,GAGR.TA,235.1855437,11
11/01/2025,GAGR.TA,203.1927514,12
12/01/2025,GAGR.TA,216.1508747,13
13/01/2025,GAGR.TA,217.6479422,14
14/01/2025,GAGR.TA,247.3285544,15
15/01/2025,GAGR.TA,251.3877301,16
16/01/2025,GAGR.TA,236.7413745,17
17/01/2025,GAGR.TA,264.584832,18
18/01/2025,GAGR.TA,246.789572,19
19/01/2025,GAGR.TA,283.3183806,20
20/01/2025,GAGR.TA,324.342954,21
21/01/2025,GAGR.TA,280.0553188,22
22/01/2025,GAGR.TA,257.8826475,23
23/01/2025,GAGR.TA,268.0314525,24
24/01/2025,GAGR.TA,210.5110666,25
25/01/2025,GAGR.TA,227.5684893,26
26/01/2025,GAGR.TA,240.1850185,27
27/01/2025,GAGR.TA,184.3445637,28
28/01/2025,GAGR.TA,179.5391579,29
29/01/2025,GAGR.TA,181.7773047,30
31/12/2024,GAON-M.TA,733.9790447,1
01/01/2025,GAON-M.TA,1160.055142,2
02/01/2025,GAON-M.TA,-2774.144622,3
03/01/2025,GAON-M.TA,-6032.557386,4
04/01/2025,GAON-M.TA,12500.27368,5
05/01/2025,GAON-M.TA,-6156.867207,6
06/01/2025,GAON-M.TA,-18078.41976,7
07/01/2025,GAON-M.TA,-27283.12619,8
08/01/2025,GAON-M.TA,-55112.01696,9
09/01/2025,GAON-M.TA,-31586.2492,10
10/01/2025,GAON-M.TA,5230.460461,11
11/01/2025,GAON-M.TA,-1586.251138,12
12/01/2025,GAON-M.TA,-1375.369529,13
13/01/2025,GAON-M.TA,-4968.60751,14
14/01/2025,GAON-M.TA,-7629.554644,15
15/01/2025,GAON-M.TA,29480.73928,16
16/01/2025,GAON-M.TA,83445.92734,17
17/01/2025,GAON-M.TA,176130.1332,18
18/01/2025,GAON-M.TA,116835.8247,19
19/01/2025,GAON-M.TA,-232180.6297,20
20/01/2025,GAON-M.TA,-63754.23983,21
21/01/2025,GAON-M.TA,-89108.02477,22
22/01/2025,GAON-M.TA,-645000.1594,23
23/01/2025,GAON-M.TA,-470418.5456,24
24/01/2025,GAON-M.TA,-910602.3715,25
25/01/2025,GAON-M.TA,-346114.1545,26
26/01/2025,GAON-M.TA,-1218573.605,27
27/01/2025,GAON-M.TA,-1049868.89,28
28/01/2025,GAON-M.TA,-3487270.734,29
29/01/2025,GAON-M.TA,3407174.056,30
31/12/2024,GVYM.TA,2926.630304,1
01/01/2025,GVYM.TA,2833.407869,2
02/01/2025,GVYM.TA,2794.04305,3
03/01/2025,GVYM.TA,2860.862443,4
04/01/2025,GVYM.TA,2891.691009,5
05/01/2025,GVYM.TA,2939.584799,6
06/01/2025,GVYM.TA,2951.11444,7
07/01/2025,GVYM.TA,2985.639448,8
08/01/2025,GVYM.TA,2919.075355,9
09/01/2025,GVYM.TA,3008.967224,10
10/01/2025,GVYM.TA,2907.76334,11
11/01/2025,GVYM.TA,2872.801505,12
12/01/2025,GVYM.TA,2847.918531,13
13/01/2025,GVYM.TA,2805.38965,14
14/01/2025,GVYM.TA,2706.584027,15
15/01/2025,GVYM.TA,2699.557343,16
16/01/2025,GVYM.TA,2734.2478,17
17/01/2025,GVYM.TA,2771.810729,18
18/01/2025,GVYM.TA,2753.023517,19
19/01/2025,GVYM.TA,2791.646454,20
20/01/2025,GVYM.TA,2836.054559,21
21/01/2025,GVYM.TA,2909.177076,22
22/01/2025,GVYM.TA,2913.761798,23
23/01/2025,GVYM.TA,2866.523898,24
24/01/2025,GVYM.TA,2937.412813,25
25/01/2025,GVYM.TA,3025.939103,26
26/01/2025,GVYM.TA,3006.524535,27
27/01/2025,GVYM.TA,2995.340808,28
28/01/2025,GVYM.TA,3009.825381,29
29/01/2025,GVYM.TA,3091.483185,30
31/12/2024,GEFR.TA,66.63090169,1
01/01/2025,GEFR.TA,66.98600472,2
02/01/2025,GEFR.TA,65.79990781,3
03/01/2025,GEFR.TA,65.31575695,4
04/01/2025,GEFR.TA,67.02838092,5
05/01/2025,GEFR.TA,68.87567964,6
06/01/2025,GEFR.TA,70.17628773,7
07/01/2025,GEFR.TA,68.18193394,8
08/01/2025,GEFR.TA,68.52146508,9
09/01/2025,GEFR.TA,67.88293975,10
10/01/2025,GEFR.TA,65.65364751,11
11/01/2025,GEFR.TA,66.40638169,12
12/01/2025,GEFR.TA,65.31717497,13
13/01/2025,GEFR.TA,65.63420923,14
14/01/2025,GEFR.TA,66.49012855,15
15/01/2025,GEFR.TA,64.54246633,16
16/01/2025,GEFR.TA,64.87321093,17
17/01/2025,GEFR.TA,65.16363213,18
18/01/2025,GEFR.TA,65.23760277,19
19/01/2025,GEFR.TA,65.33420978,20
20/01/2025,GEFR.TA,64.70645689,21
21/01/2025,GEFR.TA,64.76676624,22
22/01/2025,GEFR.TA,66.20646959,23
23/01/2025,GEFR.TA,66.13564417,24
24/01/2025,GEFR.TA,67.19872853,25
25/01/2025,GEFR.TA,68.17724618,26
26/01/2025,GEFR.TA,68.31595443,27
27/01/2025,GEFR.TA,66.42887098,28
28/01/2025,GEFR.TA,67.51822204,29
29/01/2025,GEFR.TA,64.85400061,30
31/12/2024,GNCL.TA,63.38848421,1
01/01/2025,GNCL.TA,62.89534732,2
02/01/2025,GNCL.TA,59.88568244,3
03/01/2025,GNCL.TA,79.82708559,4
04/01/2025,GNCL.TA,72.50815156,5
05/01/2025,GNCL.TA,74.3505799,6
06/01/2025,GNCL.TA,90.14349423,7
07/01/2025,GNCL.TA,98.25743726,8
08/01/2025,GNCL.TA,111.8369523,9
09/01/2025,GNCL.TA,100.967531,10
10/01/2025,GNCL.TA,90.18364155,11
11/01/2025,GNCL.TA,78.29234818,12
12/01/2025,GNCL.TA,78.33142847,13
13/01/2025,GNCL.TA,79.71830463,14
14/01/2025,GNCL.TA,63.02913895,15
15/01/2025,GNCL.TA,49.31006902,16
16/01/2025,GNCL.TA,58.41378005,17
17/01/2025,GNCL.TA,44.65659377,18
18/01/2025,GNCL.TA,30.78660461,19
19/01/2025,GNCL.TA,23.59509679,20
20/01/2025,GNCL.TA,24.40347367,21
21/01/2025,GNCL.TA,19.05917149,22
22/01/2025,GNCL.TA,15.27560859,23
23/01/2025,GNCL.TA,16.35332666,24
24/01/2025,GNCL.TA,17.08902725,25
25/01/2025,GNCL.TA,12.20686352,26
26/01/2025,GNCL.TA,13.11408938,27
27/01/2025,GNCL.TA,14.18159883,28
28/01/2025,GNCL.TA,11.05260395,29
29/01/2025,GNCL.TA,8.71331291,30
31/12/2024,GNRS.TA,73.20126371,1
01/01/2025,GNRS.TA,73.08074323,2
02/01/2025,GNRS.TA,73.34231606,3
03/01/2025,GNRS.TA,73.83107653,4
04/01/2025,GNRS.TA,72.8679289,5
05/01/2025,GNRS.TA,76.84938838,6
06/01/2025,GNRS.TA,78.26738546,7
07/01/2025,GNRS.TA,79.9951238,8
08/01/2025,GNRS.TA,81.67240622,9
09/01/2025,GNRS.TA,82.40904772,10
10/01/2025,GNRS.TA,84.4207036,11
11/01/2025,GNRS.TA,86.12615691,12
12/01/2025,GNRS.TA,86.05961663,13
13/01/2025,GNRS.TA,89.13023207,14
14/01/2025,GNRS.TA,88.17285127,15
15/01/2025,GNRS.TA,91.07041421,16
16/01/2025,GNRS.TA,89.0083058,17
17/01/2025,GNRS.TA,87.82531664,18
18/01/2025,GNRS.TA,84.73025887,19
19/01/2025,GNRS.TA,86.36099111,20
20/01/2025,GNRS.TA,86.13460435,21
21/01/2025,GNRS.TA,87.00214694,22
22/01/2025,GNRS.TA,89.7989149,23
23/01/2025,GNRS.TA,93.04009491,24
24/01/2025,GNRS.TA,95.29511379,25
25/01/2025,GNRS.TA,97.75233187,26
26/01/2025,GNRS.TA,97.13946055,27
27/01/2025,GNRS.TA,97.83931889,28
28/01/2025,GNRS.TA,100.7497551,29
29/01/2025,GNRS.TA,103.4480296,30
31/12/2024,GFC-M.TA,6201.405031,1
01/01/2025,GFC-M.TA,-2586.967708,2
02/01/2025,GFC-M.TA,13532.83465,3
03/01/2025,GFC-M.TA,173763.1637,4
04/01/2025,GFC-M.TA,-339846.3307,5
05/01/2025,GFC-M.TA,1717984.988,6
06/01/2025,GFC-M.TA,11985525,7
07/01/2025,GFC-M.TA,-88543008.76,8
08/01/2025,GFC-M.TA,-3.61E+08,9
09/01/2025,GFC-M.TA,-1.10E+09,10
10/01/2025,GFC-M.TA,-5.32E+09,11
11/01/2025,GFC-M.TA,-1.68E+10,12
12/01/2025,GFC-M.TA,-2.21E+11,13
13/01/2025,GFC-M.TA,-1.30E+11,14
14/01/2025,GFC-M.TA,1.13E+11,15
15/01/2025,GFC-M.TA,-6.43E+10,16
16/01/2025,GFC-M.TA,4.33E+11,17
17/01/2025,GFC-M.TA,1.64E+12,18
18/01/2025,GFC-M.TA,-1.01E+12,19
19/01/2025,GFC-M.TA,-2.29E+12,20
20/01/2025,GFC-M.TA,1.87E+12,21
21/01/2025,GFC-M.TA,1.45E+13,22
22/01/2025,GFC-M.TA,8.27E+13,23
23/01/2025,GFC-M.TA,7.11E+14,24
24/01/2025,GFC-M.TA,-3.35E+14,25
25/01/2025,GFC-M.TA,6.09E+14,26
26/01/2025,GFC-M.TA,2.33E+15,27
27/01/2025,GFC-M.TA,3.17E+16,28
28/01/2025,GFC-M.TA,2.10E+17,29
29/01/2025,GFC-M.TA,-2.72E+17,30
28/10/2022,GIBUI.TA,2.23220934,1
29/10/2022,GIBUI.TA,2.21140939,2
30/10/2022,GIBUI.TA,1.98690986,3
31/10/2022,GIBUI.TA,1.97575665,4
01/11/2022,GIBUI.TA,2.1488934,5
02/11/2022,GIBUI.TA,2.32061064,6
03/11/2022,GIBUI.TA,2.37244537,7
04/11/2022,GIBUI.TA,2.28929609,8
05/11/2022,GIBUI.TA,2.41013152,9
06/11/2022,GIBUI.TA,2.19269347,10
07/11/2022,GIBUI.TA,1.81001355,11
08/11/2022,GIBUI.TA,1.79119185,12
09/11/2022,GIBUI.TA,1.68357035,13
10/11/2022,GIBUI.TA,1.77577989,14
11/11/2022,GIBUI.TA,1.84317104,15
12/11/2022,GIBUI.TA,1.76536485,16
13/11/2022,GIBUI.TA,1.40756565,17
14/11/2022,GIBUI.TA,1.3700154,18
15/11/2022,GIBUI.TA,1.39731027,19
16/11/2022,GIBUI.TA,1.42291326,20
17/11/2022,GIBUI.TA,1.68176248,21
18/11/2022,GIBUI.TA,1.85027484,22
19/11/2022,GIBUI.TA,1.77074746,23
20/11/2022,GIBUI.TA,1.74000458,24
21/11/2022,GIBUI.TA,1.72363642,25
22/11/2022,GIBUI.TA,1.57713001,26
23/11/2022,GIBUI.TA,1.71575939,27
24/11/2022,GIBUI.TA,1.69081526,28
25/11/2022,GIBUI.TA,1.76122789,29
26/11/2022,GIBUI.TA,1.89042835,30
31/12/2024,GILT.TA,2105.128679,1
01/01/2025,GILT.TA,2183.318183,2
02/01/2025,GILT.TA,2168.403506,3
03/01/2025,GILT.TA,2231.640567,4
04/01/2025,GILT.TA,2214.023473,5
05/01/2025,GILT.TA,2203.408065,6
06/01/2025,GILT.TA,2225.953011,7
07/01/2025,GILT.TA,2212.171289,8
08/01/2025,GILT.TA,2165.610233,9
09/01/2025,GILT.TA,2220.26894,10
10/01/2025,GILT.TA,2168.858817,11
11/01/2025,GILT.TA,2154.750071,12
12/01/2025,GILT.TA,2156.069476,13
13/01/2025,GILT.TA,2152.712272,14
14/01/2025,GILT.TA,2153.868408,15
15/01/2025,GILT.TA,2143.446517,16
16/01/2025,GILT.TA,2125.69466,17
17/01/2025,GILT.TA,2143.688049,18
18/01/2025,GILT.TA,2119.101235,19
19/01/2025,GILT.TA,2088.213357,20
20/01/2025,GILT.TA,2048.558755,21
21/01/2025,GILT.TA,2058.590851,22
22/01/2025,GILT.TA,2083.913117,23
23/01/2025,GILT.TA,2047.888193,24
24/01/2025,GILT.TA,2016.53165,25
25/01/2025,GILT.TA,2020.65944,26
26/01/2025,GILT.TA,1989.21452,27
27/01/2025,GILT.TA,1932.033314,28
28/01/2025,GILT.TA,1900.324907,29
29/01/2025,GILT.TA,1982.415691,30
31/12/2024,GLTL.TA,71.55775719,1
01/01/2025,GLTL.TA,68.2022064,2
02/01/2025,GLTL.TA,65.42888584,3
03/01/2025,GLTL.TA,67.80694946,4
04/01/2025,GLTL.TA,71.18200005,5
05/01/2025,GLTL.TA,74.35081484,6
06/01/2025,GLTL.TA,70.31498086,7
07/01/2025,GLTL.TA,69.394578,8
08/01/2025,GLTL.TA,72.55649001,9
09/01/2025,GLTL.TA,70.89886842,10
10/01/2025,GLTL.TA,68.30913974,11
11/01/2025,GLTL.TA,66.76029357,12
12/01/2025,GLTL.TA,65.11254893,13
13/01/2025,GLTL.TA,62.84183707,14
14/01/2025,GLTL.TA,61.16959196,15
15/01/2025,GLTL.TA,68.43350649,16
16/01/2025,GLTL.TA,68.95573201,17
17/01/2025,GLTL.TA,69.57264928,18
18/01/2025,GLTL.TA,67.82729757,19
19/01/2025,GLTL.TA,67.4242923,20
20/01/2025,GLTL.TA,73.40748952,21
21/01/2025,GLTL.TA,73.01833901,22
22/01/2025,GLTL.TA,70.83255743,23
23/01/2025,GLTL.TA,69.24626958,24
24/01/2025,GLTL.TA,65.94167238,25
25/01/2025,GLTL.TA,63.55911875,26
26/01/2025,GLTL.TA,61.56778328,27
27/01/2025,GLTL.TA,63.55025219,28
28/01/2025,GLTL.TA,66.77995122,29
29/01/2025,GLTL.TA,64.2968702,30
31/12/2024,GNGR.TA,947.7138327,1
01/01/2025,GNGR.TA,944.9563588,2
02/01/2025,GNGR.TA,970.4753635,3
03/01/2025,GNGR.TA,992.8089279,4
04/01/2025,GNGR.TA,982.4210574,5
05/01/2025,GNGR.TA,993.5702043,6
06/01/2025,GNGR.TA,979.2942036,7
07/01/2025,GNGR.TA,997.4599783,8
08/01/2025,GNGR.TA,1047.476506,9
09/01/2025,GNGR.TA,1035.475483,10
10/01/2025,GNGR.TA,1067.752708,11
11/01/2025,GNGR.TA,1083.899866,12
12/01/2025,GNGR.TA,1102.312173,13
13/01/2025,GNGR.TA,1070.87419,14
14/01/2025,GNGR.TA,1082.76811,15
15/01/2025,GNGR.TA,1107.044843,16
16/01/2025,GNGR.TA,1085.412356,17
17/01/2025,GNGR.TA,1094.522858,18
18/01/2025,GNGR.TA,1120.933509,19
19/01/2025,GNGR.TA,1096.43631,20
20/01/2025,GNGR.TA,1082.194014,21
21/01/2025,GNGR.TA,1088.427169,22
22/01/2025,GNGR.TA,1089.576516,23
23/01/2025,GNGR.TA,1121.302881,24
24/01/2025,GNGR.TA,1119.148286,25
25/01/2025,GNGR.TA,1080.82435,26
26/01/2025,GNGR.TA,1087.254098,27
27/01/2025,GNGR.TA,1050.043422,28
28/01/2025,GNGR.TA,1026.126966,29
29/01/2025,GNGR.TA,994.128777,30
31/12/2024,GIVO.TA,11.68695598,1
01/01/2025,GIVO.TA,14.05715175,2
02/01/2025,GIVO.TA,15.13995013,3
03/01/2025,GIVO.TA,18.95051987,4
04/01/2025,GIVO.TA,20.8122188,5
05/01/2025,GIVO.TA,19.84156827,6
06/01/2025,GIVO.TA,24.77584142,7
07/01/2025,GIVO.TA,27.2864051,8
08/01/2025,GIVO.TA,31.09305079,9
09/01/2025,GIVO.TA,34.61624388,10
10/01/2025,GIVO.TA,30.45622749,11
11/01/2025,GIVO.TA,35.16445018,12
12/01/2025,GIVO.TA,33.24331082,13
13/01/2025,GIVO.TA,32.2109909,14
14/01/2025,GIVO.TA,34.80845395,15
15/01/2025,GIVO.TA,32.59251418,16
16/01/2025,GIVO.TA,31.59567061,17
17/01/2025,GIVO.TA,31.47371868,18
18/01/2025,GIVO.TA,30.49412015,19
19/01/2025,GIVO.TA,25.67903247,20
20/01/2025,GIVO.TA,27.76535341,21
21/01/2025,GIVO.TA,33.17695212,22
22/01/2025,GIVO.TA,31.0923317,23
23/01/2025,GIVO.TA,33.73716641,24
24/01/2025,GIVO.TA,35.75189719,25
25/01/2025,GIVO.TA,27.70785715,26
26/01/2025,GIVO.TA,29.35499712,27
27/01/2025,GIVO.TA,27.66587087,28
28/01/2025,GIVO.TA,27.18218366,29
29/01/2025,GIVO.TA,25.77273223,30
31/12/2024,GIX.TA,6.54813267,1
01/01/2025,GIX.TA,6.03074661,2
02/01/2025,GIX.TA,5.81829404,3
03/01/2025,GIX.TA,5.00278217,4
04/01/2025,GIX.TA,5.28161219,5
05/01/2025,GIX.TA,3.64821164,6
06/01/2025,GIX.TA,4.30607232,7
07/01/2025,GIX.TA,3.77360806,8
08/01/2025,GIX.TA,4.15325921,9
09/01/2025,GIX.TA,3.96146131,10
10/01/2025,GIX.TA,4.32206974,11
11/01/2025,GIX.TA,3.53931097,12
12/01/2025,GIX.TA,4.05748912,13
13/01/2025,GIX.TA,4.09769131,14
14/01/2025,GIX.TA,5.05319158,15
15/01/2025,GIX.TA,3.91492245,16
16/01/2025,GIX.TA,4.45620242,17
17/01/2025,GIX.TA,5.57604005,18
18/01/2025,GIX.TA,4.94600796,19
19/01/2025,GIX.TA,5.34430917,20
20/01/2025,GIX.TA,4.14777928,21
21/01/2025,GIX.TA,4.14569051,22
22/01/2025,GIX.TA,3.71178889,23
23/01/2025,GIX.TA,3.73216233,24
24/01/2025,GIX.TA,4.83732708,25
25/01/2025,GIX.TA,6.6755846,26
26/01/2025,GIX.TA,5.94450658,27
27/01/2025,GIX.TA,7.63047708,28
28/01/2025,GIX.TA,5.63545051,29
29/01/2025,GIX.TA,8.33100044,30
31/12/2024,GKL.TA,72.64766561,1
01/01/2025,GKL.TA,74.36354665,2
02/01/2025,GKL.TA,75.66621614,3
03/01/2025,GKL.TA,78.64087502,4
04/01/2025,GKL.TA,79.77931112,5
05/01/2025,GKL.TA,81.84067532,6
06/01/2025,GKL.TA,76.38682296,7
07/01/2025,GKL.TA,74.74186446,8
08/01/2025,GKL.TA,76.13162454,9
09/01/2025,GKL.TA,77.08169009,10
10/01/2025,GKL.TA,79.30103364,11
11/01/2025,GKL.TA,78.42850585,12
12/01/2025,GKL.TA,83.47146755,13
13/01/2025,GKL.TA,84.27532885,14
14/01/2025,GKL.TA,86.88221818,15
15/01/2025,GKL.TA,92.12814943,16
16/01/2025,GKL.TA,93.50050333,17
17/01/2025,GKL.TA,89.53830009,18
18/01/2025,GKL.TA,88.11820918,19
19/01/2025,GKL.TA,92.56226677,20
20/01/2025,GKL.TA,89.4830356,21
21/01/2025,GKL.TA,93.69949805,22
22/01/2025,GKL.TA,92.34095467,23
23/01/2025,GKL.TA,95.22934543,24
24/01/2025,GKL.TA,93.55527293,25
25/01/2025,GKL.TA,98.59574688,26
26/01/2025,GKL.TA,104.4559286,27
27/01/2025,GKL.TA,99.12047829,28
28/01/2025,GKL.TA,99.39579234,29
29/01/2025,GKL.TA,102.4937909,30
09/10/2024,GLEN-M.TA,0.0263024,1
10/10/2024,GLEN-M.TA,0.02919657,2
11/10/2024,GLEN-M.TA,0.02602141,3
12/10/2024,GLEN-M.TA,0.02889871,4
13/10/2024,GLEN-M.TA,0.04074207,5
14/10/2024,GLEN-M.TA,0.02869083,6
15/10/2024,GLEN-M.TA,0.02662967,7
16/10/2024,GLEN-M.TA,0.02882437,8
17/10/2024,GLEN-M.TA,0.02891114,9
18/10/2024,GLEN-M.TA,0.01805116,10
19/10/2024,GLEN-M.TA,0.0201663,11
20/10/2024,GLEN-M.TA,0.01546401,12
21/10/2024,GLEN-M.TA,0.01207296,13
22/10/2024,GLEN-M.TA,0.01199526,14
23/10/2024,GLEN-M.TA,0.01167798,15
24/10/2024,GLEN-M.TA,0.01171602,16
25/10/2024,GLEN-M.TA,0.01278692,17
26/10/2024,GLEN-M.TA,0.01333173,18
27/10/2024,GLEN-M.TA,0.01154951,19
28/10/2024,GLEN-M.TA,0.01036492,20
29/10/2024,GLEN-M.TA,0.0144805,21
30/10/2024,GLEN-M.TA,0.02012618,22
31/10/2024,GLEN-M.TA,0.02122228,23
01/11/2024,GLEN-M.TA,0.01594653,24
02/11/2024,GLEN-M.TA,0.01616643,25
03/11/2024,GLEN-M.TA,0.017961,26
04/11/2024,GLEN-M.TA,0.01913761,27
05/11/2024,GLEN-M.TA,0.01666357,28
06/11/2024,GLEN-M.TA,0.01589775,29
07/11/2024,GLEN-M.TA,0.01475224,30
31/12/2024,GLRS.TA,42791.60054,1
01/01/2025,GLRS.TA,42859.57364,2
02/01/2025,GLRS.TA,42988.60924,3
03/01/2025,GLRS.TA,42974.62678,4
04/01/2025,GLRS.TA,42767.50633,5
05/01/2025,GLRS.TA,42856.69112,6
06/01/2025,GLRS.TA,42939.62527,7
07/01/2025,GLRS.TA,43259.6506,8
08/01/2025,GLRS.TA,43056.73281,9
09/01/2025,GLRS.TA,43072.68518,10
10/01/2025,GLRS.TA,43289.44842,11
11/01/2025,GLRS.TA,43678.62545,12
12/01/2025,GLRS.TA,43646.90176,13
13/01/2025,GLRS.TA,43992.47515,14
14/01/2025,GLRS.TA,44353.40997,15
15/01/2025,GLRS.TA,44424.85523,16
16/01/2025,GLRS.TA,44456.42762,17
17/01/2025,GLRS.TA,44539.81748,18
18/01/2025,GLRS.TA,44596.68351,19
19/01/2025,GLRS.TA,44518.57212,20
20/01/2025,GLRS.TA,44611.75092,21
21/01/2025,GLRS.TA,44696.70262,22
22/01/2025,GLRS.TA,44691.762,23
23/01/2025,GLRS.TA,44569.81667,24
24/01/2025,GLRS.TA,44802.76659,25
25/01/2025,GLRS.TA,45281.7257,26
26/01/2025,GLRS.TA,44867.55649,27
27/01/2025,GLRS.TA,45249.90836,28
28/01/2025,GLRS.TA,45458.15446,29
29/01/2025,GLRS.TA,45903.57615,30
31/12/2024,GOTO.TA,420.321114,1
01/01/2025,GOTO.TA,467.9853845,2
02/01/2025,GOTO.TA,413.33942,3
03/01/2025,GOTO.TA,396.9885782,4
04/01/2025,GOTO.TA,380.9052287,5
05/01/2025,GOTO.TA,386.469417,6
06/01/2025,GOTO.TA,316.8803935,7
07/01/2025,GOTO.TA,321.3106801,8
08/01/2025,GOTO.TA,293.6384753,9
09/01/2025,GOTO.TA,314.1797125,10
10/01/2025,GOTO.TA,296.2886397,11
11/01/2025,GOTO.TA,294.8495024,12
12/01/2025,GOTO.TA,315.3432387,13
13/01/2025,GOTO.TA,342.5445225,14
14/01/2025,GOTO.TA,324.4446316,15
15/01/2025,GOTO.TA,300.3253279,16
16/01/2025,GOTO.TA,278.5895309,17
17/01/2025,GOTO.TA,308.863344,18
18/01/2025,GOTO.TA,314.4009419,19
19/01/2025,GOTO.TA,282.8990126,20
20/01/2025,GOTO.TA,295.1762489,21
21/01/2025,GOTO.TA,287.6877112,22
22/01/2025,GOTO.TA,297.5461998,23
23/01/2025,GOTO.TA,274.6848757,24
24/01/2025,GOTO.TA,266.756356,25
25/01/2025,GOTO.TA,265.8139434,26
26/01/2025,GOTO.TA,275.6669241,27
27/01/2025,GOTO.TA,257.4164827,28
28/01/2025,GOTO.TA,251.8899628,29
29/01/2025,GOTO.TA,257.0093087,30
31/12/2024,GRIN.TA,1309.434467,1
01/01/2025,GRIN.TA,1349.95391,2
02/01/2025,GRIN.TA,1372.489383,3
03/01/2025,GRIN.TA,1342.556567,4
04/01/2025,GRIN.TA,1321.356561,5
05/01/2025,GRIN.TA,1333.736376,6
06/01/2025,GRIN.TA,1307.098775,7
07/01/2025,GRIN.TA,1332.975157,8
08/01/2025,GRIN.TA,1328.074783,9
09/01/2025,GRIN.TA,1356.491168,10
10/01/2025,GRIN.TA,1340.032181,11
11/01/2025,GRIN.TA,1342.135665,12
12/01/2025,GRIN.TA,1352.681912,13
13/01/2025,GRIN.TA,1370.152646,14
14/01/2025,GRIN.TA,1383.605025,15
15/01/2025,GRIN.TA,1398.513403,16
16/01/2025,GRIN.TA,1437.622616,17
17/01/2025,GRIN.TA,1429.6245,18
18/01/2025,GRIN.TA,1442.723907,19
19/01/2025,GRIN.TA,1461.390875,20
20/01/2025,GRIN.TA,1484.176186,21
21/01/2025,GRIN.TA,1481.22148,22
22/01/2025,GRIN.TA,1480.732523,23
23/01/2025,GRIN.TA,1489.755312,24
24/01/2025,GRIN.TA,1481.577765,25
25/01/2025,GRIN.TA,1470.930373,26
26/01/2025,GRIN.TA,1497.224712,27
27/01/2025,GRIN.TA,1510.765849,28
28/01/2025,GRIN.TA,1516.39321,29
29/01/2025,GRIN.TA,1534.397104,30
31/12/2024,GOLD.TA,16352.16685,1
01/01/2025,GOLD.TA,16579.66043,2
02/01/2025,GOLD.TA,16160.86218,3
03/01/2025,GOLD.TA,15766.04513,4
04/01/2025,GOLD.TA,15970.54485,5
05/01/2025,GOLD.TA,16287.66828,6
06/01/2025,GOLD.TA,16682.2334,7
07/01/2025,GOLD.TA,16859.80468,8
08/01/2025,GOLD.TA,16807.64579,9
09/01/2025,GOLD.TA,16973.2902,10
10/01/2025,GOLD.TA,17454.83119,11
11/01/2025,GOLD.TA,17332.45925,12
12/01/2025,GOLD.TA,17874.82095,13
13/01/2025,GOLD.TA,17919.0565,14
14/01/2025,GOLD.TA,18531.9998,15
15/01/2025,GOLD.TA,18115.25634,16
16/01/2025,GOLD.TA,18304.28052,17
17/01/2025,GOLD.TA,18019.18866,18
18/01/2025,GOLD.TA,18012.15136,19
19/01/2025,GOLD.TA,17935.8361,20
20/01/2025,GOLD.TA,17928.38029,21
21/01/2025,GOLD.TA,17837.97051,22
22/01/2025,GOLD.TA,17485.40563,23
23/01/2025,GOLD.TA,17627.89884,24
24/01/2025,GOLD.TA,17597.4752,25
25/01/2025,GOLD.TA,17560.51726,26
26/01/2025,GOLD.TA,17143.59315,27
27/01/2025,GOLD.TA,17336.47902,28
28/01/2025,GOLD.TA,17060.75169,29
29/01/2025,GOLD.TA,16586.12273,30
31/12/2024,GOHO.TA,2349.007267,1
01/01/2025,GOHO.TA,2402.839549,2
02/01/2025,GOHO.TA,2252.300789,3
03/01/2025,GOHO.TA,2348.763665,4
04/01/2025,GOHO.TA,2278.254742,5
05/01/2025,GOHO.TA,2464.136784,6
06/01/2025,GOHO.TA,2487.116401,7
07/01/2025,GOHO.TA,2473.439237,8
08/01/2025,GOHO.TA,2472.111769,9
09/01/2025,GOHO.TA,2522.343048,10
10/01/2025,GOHO.TA,2486.629084,11
11/01/2025,GOHO.TA,2496.254289,12
12/01/2025,GOHO.TA,2442.07469,13
13/01/2025,GOHO.TA,2509.120771,14
14/01/2025,GOHO.TA,2501.633814,15
15/01/2025,GOHO.TA,2496.748846,16
16/01/2025,GOHO.TA,2455.728633,17
17/01/2025,GOHO.TA,2564.305085,18
18/01/2025,GOHO.TA,2671.170121,19
19/01/2025,GOHO.TA,2700.14057,20
20/01/2025,GOHO.TA,2794.416009,21
21/01/2025,GOHO.TA,2737.641182,22
22/01/2025,GOHO.TA,2811.082072,23
23/01/2025,GOHO.TA,2933.519996,24
24/01/2025,GOHO.TA,3006.666751,25
25/01/2025,GOHO.TA,2867.889528,26
26/01/2025,GOHO.TA,2728.797273,27
27/01/2025,GOHO.TA,2794.252789,28
28/01/2025,GOHO.TA,2664.95645,29
29/01/2025,GOHO.TA,2780.892757,30
31/12/2024,GOLF.TA,598.4934653,1
01/01/2025,GOLF.TA,599.1510622,2
02/01/2025,GOLF.TA,623.0787707,3
03/01/2025,GOLF.TA,620.1308065,4
04/01/2025,GOLF.TA,600.6593959,5
05/01/2025,GOLF.TA,618.3019215,6
06/01/2025,GOLF.TA,650.9838838,7
07/01/2025,GOLF.TA,656.089003,8
08/01/2025,GOLF.TA,630.8169444,9
09/01/2025,GOLF.TA,619.3991122,10
10/01/2025,GOLF.TA,622.5999465,11
11/01/2025,GOLF.TA,605.6039635,12
12/01/2025,GOLF.TA,602.1971407,13
13/01/2025,GOLF.TA,633.6883339,14
14/01/2025,GOLF.TA,644.9248331,15
15/01/2025,GOLF.TA,666.7043674,16
16/01/2025,GOLF.TA,672.6079293,17
17/01/2025,GOLF.TA,660.3123579,18
18/01/2025,GOLF.TA,662.6782148,19
19/01/2025,GOLF.TA,659.0570701,20
20/01/2025,GOLF.TA,657.2063329,21
21/01/2025,GOLF.TA,649.1305092,22
22/01/2025,GOLF.TA,670.5167751,23
23/01/2025,GOLF.TA,676.2188172,24
24/01/2025,GOLF.TA,656.2196386,25
25/01/2025,GOLF.TA,674.234128,26
26/01/2025,GOLF.TA,671.2057225,27
27/01/2025,GOLF.TA,634.047241,28
28/01/2025,GOLF.TA,623.1592645,29
29/01/2025,GOLF.TA,635.6814487,30
31/12/2024,GRAC.TA,1510.923596,1
01/01/2025,GRAC.TA,1505.390055,2
02/01/2025,GRAC.TA,1493.764304,3
03/01/2025,GRAC.TA,1499.600131,4
04/01/2025,GRAC.TA,1503.55778,5
05/01/2025,GRAC.TA,1514.285189,6
06/01/2025,GRAC.TA,1522.901666,7
07/01/2025,GRAC.TA,1527.982616,8
08/01/2025,GRAC.TA,1527.860528,9
09/01/2025,GRAC.TA,1518.120362,10
10/01/2025,GRAC.TA,1531.438688,11
11/01/2025,GRAC.TA,1533.455146,12
12/01/2025,GRAC.TA,1530.377042,13
13/01/2025,GRAC.TA,1527.353288,14
14/01/2025,GRAC.TA,1526.679483,15
15/01/2025,GRAC.TA,1529.181095,16
16/01/2025,GRAC.TA,1532.775871,17
17/01/2025,GRAC.TA,1523.969217,18
18/01/2025,GRAC.TA,1522.309621,19
19/01/2025,GRAC.TA,1505.416481,20
20/01/2025,GRAC.TA,1495.001687,21
21/01/2025,GRAC.TA,1486.859937,22
22/01/2025,GRAC.TA,1503.510531,23
23/01/2025,GRAC.TA,1483.078287,24
24/01/2025,GRAC.TA,1482.115575,25
25/01/2025,GRAC.TA,1499.647686,26
26/01/2025,GRAC.TA,1494.811603,27
27/01/2025,GRAC.TA,1489.942533,28
28/01/2025,GRAC.TA,1495.162029,29
29/01/2025,GRAC.TA,1496.963511,30
31/12/2024,G107.TA,42.83445919,1
01/01/2025,G107.TA,45.43953773,2
02/01/2025,G107.TA,45.22506974,3
03/01/2025,G107.TA,44.07843396,4
04/01/2025,G107.TA,42.53276168,5
05/01/2025,G107.TA,42.23246537,6
06/01/2025,G107.TA,43.89062277,7
07/01/2025,G107.TA,46.4957874,8
08/01/2025,G107.TA,45.77847381,9
09/01/2025,G107.TA,48.39594712,10
10/01/2025,G107.TA,48.17239385,11
11/01/2025,G107.TA,45.38106992,12
12/01/2025,G107.TA,47.4285771,13
13/01/2025,G107.TA,54.00293202,14
14/01/2025,G107.TA,55.7234014,15
15/01/2025,G107.TA,62.16526851,16
16/01/2025,G107.TA,59.40088313,17
17/01/2025,G107.TA,60.51617164,18
18/01/2025,G107.TA,53.28350717,19
19/01/2025,G107.TA,51.54852005,20
20/01/2025,G107.TA,48.63137455,21
21/01/2025,G107.TA,50.46487105,22
22/01/2025,G107.TA,49.84315432,23
23/01/2025,G107.TA,49.7876205,24
24/01/2025,G107.TA,46.5817033,25
25/01/2025,G107.TA,43.26100416,26
26/01/2025,G107.TA,40.26375086,27
27/01/2025,G107.TA,40.73864476,28
28/01/2025,G107.TA,40.41974387,29
29/01/2025,G107.TA,38.19369939,30
31/12/2024,GUID.TA,12757.04444,1
01/01/2025,GUID.TA,530554.5174,2
02/01/2025,GUID.TA,19433578.73,3
03/01/2025,GUID.TA,-2.85E+08,4
04/01/2025,GUID.TA,5.22E+08,5
05/01/2025,GUID.TA,-9.49E+09,6
06/01/2025,GUID.TA,-2.46E+11,7
07/01/2025,GUID.TA,9.18E+12,8
08/01/2025,GUID.TA,1.20E+14,9
09/01/2025,GUID.TA,4.50E+15,10
10/01/2025,GUID.TA,1.68E+17,11
11/01/2025,GUID.TA,-9.34E+18,12
12/01/2025,GUID.TA,-1.98E+20,13
13/01/2025,GUID.TA,7.73E+21,14
14/01/2025,GUID.TA,3.81E+23,15
15/01/2025,GUID.TA,9.40E+24,16
16/01/2025,GUID.TA,2.45E+26,17
17/01/2025,GUID.TA,-1.05E+28,18
18/01/2025,GUID.TA,-5.41E+28,19
19/01/2025,GUID.TA,-2.48E+30,20
20/01/2025,GUID.TA,1.53E+32,21
21/01/2025,GUID.TA,-1.64E+33,22
22/01/2025,GUID.TA,2.73E+34,23
23/01/2025,GUID.TA,-5.03E+35,24
24/01/2025,GUID.TA,2.68E+36,25
25/01/2025,GUID.TA,-2.55E+37,26
26/01/2025,GUID.TA,3.84E+38,27
27/01/2025,GUID.TA,-6.41E+39,28
28/01/2025,GUID.TA,-1.58E+41,29
29/01/2025,GUID.TA,-5.26E+42,30
31/12/2024,HDST-M.TA,0.12635873,1
01/01/2025,HDST-M.TA,0.09072024,2
02/01/2025,HDST-M.TA,0.08288897,3
03/01/2025,HDST-M.TA,0.05702442,4
04/01/2025,HDST-M.TA,0.07479846,5
05/01/2025,HDST-M.TA,0.05959001,6
06/01/2025,HDST-M.TA,0.01148484,7
07/01/2025,HDST-M.TA,0.01798016,8
08/01/2025,HDST-M.TA,0.0127884,9
09/01/2025,HDST-M.TA,0.02299163,10
10/01/2025,HDST-M.TA,-0.00589555,11
11/01/2025,HDST-M.TA,-0.00420536,12
12/01/2025,HDST-M.TA,-0.00085145,13
13/01/2025,HDST-M.TA,-0.00071195,14
14/01/2025,HDST-M.TA,-0.00073145,15
15/01/2025,HDST-M.TA,-0.00084758,16
16/01/2025,HDST-M.TA,-0.00095059,17
17/01/2025,HDST-M.TA,-0.00143399,18
18/01/2025,HDST-M.TA,-0.00183629,19
19/01/2025,HDST-M.TA,-0.00117264,20
20/01/2025,HDST-M.TA,-0.00098678,21
21/01/2025,HDST-M.TA,-0.00029427,22
22/01/2025,HDST-M.TA,-0.00032821,23
23/01/2025,HDST-M.TA,-0.00024056,24
24/01/2025,HDST-M.TA,-0.00011021,25
25/01/2025,HDST-M.TA,-0.00010259,26
26/01/2025,HDST-M.TA,-0.00019561,27
27/01/2025,HDST-M.TA,-0.00014571,28
28/01/2025,HDST-M.TA,-0.00019244,29
29/01/2025,HDST-M.TA,-3.81E-05,30
31/12/2024,HGG.TA,2033.316966,1
01/01/2025,HGG.TA,2022.64416,2
02/01/2025,HGG.TA,1997.042306,3
03/01/2025,HGG.TA,2102.963173,4
04/01/2025,HGG.TA,2052.911791,5
05/01/2025,HGG.TA,2123.436791,6
06/01/2025,HGG.TA,2113.243832,7
07/01/2025,HGG.TA,2121.640091,8
08/01/2025,HGG.TA,2133.587994,9
09/01/2025,HGG.TA,2131.565458,10
10/01/2025,HGG.TA,2098.473912,11
11/01/2025,HGG.TA,2103.034551,12
12/01/2025,HGG.TA,2161.753095,13
13/01/2025,HGG.TA,2167.039855,14
14/01/2025,HGG.TA,2104.014273,15
15/01/2025,HGG.TA,2130.674989,16
16/01/2025,HGG.TA,2039.542826,17
17/01/2025,HGG.TA,2118.707484,18
18/01/2025,HGG.TA,2095.372572,19
19/01/2025,HGG.TA,2182.284877,20
20/01/2025,HGG.TA,2178.906251,21
21/01/2025,HGG.TA,2258.16226,22
22/01/2025,HGG.TA,2232.896161,23
23/01/2025,HGG.TA,2341.469518,24
24/01/2025,HGG.TA,2297.743748,25
25/01/2025,HGG.TA,2366.698041,26
26/01/2025,HGG.TA,2439.859844,27
27/01/2025,HGG.TA,2377.854568,28
28/01/2025,HGG.TA,2428.894937,29
29/01/2025,HGG.TA,2435.518256,30
31/12/2024,HGGE.TA,551.4388503,1
01/01/2025,HGGE.TA,550.8957033,2
02/01/2025,HGGE.TA,564.1404601,3
03/01/2025,HGGE.TA,554.7013642,4
04/01/2025,HGGE.TA,561.7694749,5
05/01/2025,HGGE.TA,560.4079424,6
06/01/2025,HGGE.TA,564.9584011,7
07/01/2025,HGGE.TA,579.6544752,8
08/01/2025,HGGE.TA,594.9321388,9
09/01/2025,HGGE.TA,558.3890776,10
10/01/2025,HGGE.TA,562.7116601,11
11/01/2025,HGGE.TA,553.9819813,12
12/01/2025,HGGE.TA,569.5601752,13
13/01/2025,HGGE.TA,551.3868036,14
14/01/2025,HGGE.TA,549.07617,15
15/01/2025,HGGE.TA,539.375962,16
16/01/2025,HGGE.TA,566.0949795,17
17/01/2025,HGGE.TA,537.7096627,18
18/01/2025,HGGE.TA,541.2200937,19
19/01/2025,HGGE.TA,560.0094905,20
20/01/2025,HGGE.TA,524.0643038,21
21/01/2025,HGGE.TA,521.3302847,22
22/01/2025,HGGE.TA,531.7091586,23
23/01/2025,HGGE.TA,538.3907259,24
24/01/2025,HGGE.TA,529.3785086,25
25/01/2025,HGGE.TA,550.8709717,26
26/01/2025,HGGE.TA,508.7880578,27
27/01/2025,HGGE.TA,540.0709863,28
28/01/2025,HGGE.TA,540.9141349,29
29/01/2025,HGGE.TA,577.9447073,30
31/12/2024,HMAM.TA,449.0751153,1
01/01/2025,HMAM.TA,468.386237,2
02/01/2025,HMAM.TA,237.7779126,3
03/01/2025,HMAM.TA,133.232396,4
04/01/2025,HMAM.TA,185.6323394,5
05/01/2025,HMAM.TA,60.57685698,6
06/01/2025,HMAM.TA,83.45951071,7
07/01/2025,HMAM.TA,105.6932348,8
08/01/2025,HMAM.TA,118.9437315,9
09/01/2025,HMAM.TA,108.4056931,10
10/01/2025,HMAM.TA,103.6184466,11
11/01/2025,HMAM.TA,70.18300571,12
12/01/2025,HMAM.TA,41.72922698,13
13/01/2025,HMAM.TA,24.84985053,14
14/01/2025,HMAM.TA,8.76351652,15
15/01/2025,HMAM.TA,8.21746574,16
16/01/2025,HMAM.TA,9.49552361,17
17/01/2025,HMAM.TA,5.6049352,18
18/01/2025,HMAM.TA,6.50439735,19
19/01/2025,HMAM.TA,8.68713552,20
20/01/2025,HMAM.TA,6.01927675,21
21/01/2025,HMAM.TA,4.7933519,22
22/01/2025,HMAM.TA,7.91349279,23
23/01/2025,HMAM.TA,8.88094288,24
24/01/2025,HMAM.TA,10.33590341,25
25/01/2025,HMAM.TA,11.24479223,26
26/01/2025,HMAM.TA,6.34493651,27
27/01/2025,HMAM.TA,3.23757573,28
28/01/2025,HMAM.TA,5.27583085,29
29/01/2025,HMAM.TA,8.68572904,30
31/12/2024,MSBI.TA,122.3795934,1
01/01/2025,MSBI.TA,119.773111,2
02/01/2025,MSBI.TA,118.0191184,3
03/01/2025,MSBI.TA,123.7204011,4
04/01/2025,MSBI.TA,125.2093212,5
05/01/2025,MSBI.TA,123.3414134,6
06/01/2025,MSBI.TA,127.6852858,7
07/01/2025,MSBI.TA,128.3232448,8
08/01/2025,MSBI.TA,126.4506389,9
09/01/2025,MSBI.TA,124.3771544,10
10/01/2025,MSBI.TA,125.4657336,11
11/01/2025,MSBI.TA,127.956795,12
12/01/2025,MSBI.TA,129.5715571,13
13/01/2025,MSBI.TA,131.8140235,14
14/01/2025,MSBI.TA,130.6169906,15
15/01/2025,MSBI.TA,137.7544425,16
16/01/2025,MSBI.TA,136.6134998,17
17/01/2025,MSBI.TA,138.8661056,18
18/01/2025,MSBI.TA,138.9986068,19
19/01/2025,MSBI.TA,140.1061027,20
20/01/2025,MSBI.TA,143.0947443,21
21/01/2025,MSBI.TA,140.1711969,22
22/01/2025,MSBI.TA,139.4769666,23
23/01/2025,MSBI.TA,139.0696711,24
24/01/2025,MSBI.TA,140.4459011,25
25/01/2025,MSBI.TA,136.873581,26
26/01/2025,MSBI.TA,132.3870637,27
27/01/2025,MSBI.TA,135.156991,28
28/01/2025,MSBI.TA,136.9554527,29
29/01/2025,MSBI.TA,135.4309468,30
31/12/2024,HAMAT.TA,1773.375804,1
01/01/2025,HAMAT.TA,1775.118741,2
02/01/2025,HAMAT.TA,1784.465856,3
03/01/2025,HAMAT.TA,1810.940272,4
04/01/2025,HAMAT.TA,1763.093378,5
05/01/2025,HAMAT.TA,1810.460009,6
06/01/2025,HAMAT.TA,1804.831164,7
07/01/2025,HAMAT.TA,1826.003849,8
08/01/2025,HAMAT.TA,1817.168629,9
09/01/2025,HAMAT.TA,1821.046238,10
10/01/2025,HAMAT.TA,1850.115338,11
11/01/2025,HAMAT.TA,1918.052693,12
12/01/2025,HAMAT.TA,2012.531906,13
13/01/2025,HAMAT.TA,2065.66371,14
14/01/2025,HAMAT.TA,2034.794677,15
15/01/2025,HAMAT.TA,2015.355581,16
16/01/2025,HAMAT.TA,2008.039827,17
17/01/2025,HAMAT.TA,2042.320909,18
18/01/2025,HAMAT.TA,2057.475087,19
19/01/2025,HAMAT.TA,2034.067114,20
20/01/2025,HAMAT.TA,2004.786476,21
21/01/2025,HAMAT.TA,1994.211104,22
22/01/2025,HAMAT.TA,2024.397598,23
23/01/2025,HAMAT.TA,2056.636011,24
24/01/2025,HAMAT.TA,2079.562397,25
25/01/2025,HAMAT.TA,2119.874858,26
26/01/2025,HAMAT.TA,2117.380894,27
27/01/2025,HAMAT.TA,2075.07578,28
28/01/2025,HAMAT.TA,2147.13334,29
29/01/2025,HAMAT.TA,2167.885596,30
31/12/2024,HARL.TA,4428.191809,1
01/01/2025,HARL.TA,4490.393895,2
02/01/2025,HARL.TA,4398.262319,3
03/01/2025,HARL.TA,4443.555309,4
04/01/2025,HARL.TA,4561.624099,5
05/01/2025,HARL.TA,4593.648582,6
06/01/2025,HARL.TA,4576.873347,7
07/01/2025,HARL.TA,4518.699179,8
08/01/2025,HARL.TA,4591.326614,9
09/01/2025,HARL.TA,4542.259434,10
10/01/2025,HARL.TA,4516.467985,11
11/01/2025,HARL.TA,4467.99493,12
12/01/2025,HARL.TA,4439.514939,13
13/01/2025,HARL.TA,4495.672469,14
14/01/2025,HARL.TA,4432.756331,15
15/01/2025,HARL.TA,4501.807753,16
16/01/2025,HARL.TA,4581.208983,17
17/01/2025,HARL.TA,4558.790491,18
18/01/2025,HARL.TA,4535.52835,19
19/01/2025,HARL.TA,4632.335027,20
20/01/2025,HARL.TA,4577.22192,21
21/01/2025,HARL.TA,4609.334135,22
22/01/2025,HARL.TA,4643.53191,23
23/01/2025,HARL.TA,4648.29642,24
24/01/2025,HARL.TA,4705.488746,25
25/01/2025,HARL.TA,4766.838328,26
26/01/2025,HARL.TA,4690.838065,27
27/01/2025,HARL.TA,4734.858533,28
28/01/2025,HARL.TA,4796.150995,29
29/01/2025,HARL.TA,4672.809354,30
31/12/2024,HICN.TA,93.28481214,1
01/01/2025,HICN.TA,93.98235263,2
02/01/2025,HICN.TA,150.3088857,3
03/01/2025,HICN.TA,144.348964,4
04/01/2025,HICN.TA,182.7860503,5
05/01/2025,HICN.TA,193.1368889,6
06/01/2025,HICN.TA,193.7396204,7
07/01/2025,HICN.TA,121.5894106,8
08/01/2025,HICN.TA,131.2644692,9
09/01/2025,HICN.TA,157.2141651,10
10/01/2025,HICN.TA,184.3785209,11
11/01/2025,HICN.TA,131.9239312,12
12/01/2025,HICN.TA,138.3108602,13
13/01/2025,HICN.TA,140.9057136,14
14/01/2025,HICN.TA,112.7330663,15
15/01/2025,HICN.TA,123.5860104,16
16/01/2025,HICN.TA,181.0182961,17
17/01/2025,HICN.TA,235.4887218,18
18/01/2025,HICN.TA,190.2097401,19
19/01/2025,HICN.TA,314.746566,20
20/01/2025,HICN.TA,378.2085011,21
21/01/2025,HICN.TA,420.8352714,22
22/01/2025,HICN.TA,410.9593253,23
23/01/2025,HICN.TA,390.2451139,24
24/01/2025,HICN.TA,446.5550423,25
25/01/2025,HICN.TA,507.6859774,26
26/01/2025,HICN.TA,574.9365147,27
27/01/2025,HICN.TA,1003.299282,28
28/01/2025,HICN.TA,827.3477034,29
29/01/2025,HICN.TA,450.9881177,30
31/12/2024,HLAN.TA,21812.98641,1
01/01/2025,HLAN.TA,21554.69736,2
02/01/2025,HLAN.TA,21803.76023,3
03/01/2025,HLAN.TA,21423.83537,4
04/01/2025,HLAN.TA,21820.80602,5
05/01/2025,HLAN.TA,21364.58435,6
06/01/2025,HLAN.TA,21012.79784,7
07/01/2025,HLAN.TA,20962.03753,8
08/01/2025,HLAN.TA,20732.51951,9
09/01/2025,HLAN.TA,20891.18673,10
10/01/2025,HLAN.TA,22116.55482,11
11/01/2025,HLAN.TA,21776.07475,12
12/01/2025,HLAN.TA,22280.70597,13
13/01/2025,HLAN.TA,22639.91433,14
14/01/2025,HLAN.TA,22164.26424,15
15/01/2025,HLAN.TA,21616.62896,16
16/01/2025,HLAN.TA,21916.46044,17
17/01/2025,HLAN.TA,22285.59536,18
18/01/2025,HLAN.TA,22038.44369,19
19/01/2025,HLAN.TA,21539.95611,20
20/01/2025,HLAN.TA,20887.81278,21
21/01/2025,HLAN.TA,21396.72676,22
22/01/2025,HLAN.TA,20709.6515,23
23/01/2025,HLAN.TA,21322.03995,24
24/01/2025,HLAN.TA,21223.98397,25
25/01/2025,HLAN.TA,21209.02607,26
26/01/2025,HLAN.TA,21046.03029,27
27/01/2025,HLAN.TA,20275.79329,28
28/01/2025,HLAN.TA,20734.75023,29
29/01/2025,HLAN.TA,19821.18516,30
31/12/2024,HIPR.TA,1610.706546,1
01/01/2025,HIPR.TA,1639.35538,2
02/01/2025,HIPR.TA,1635.374061,3
03/01/2025,HIPR.TA,1633.910108,4
04/01/2025,HIPR.TA,1631.152869,5
05/01/2025,HIPR.TA,1648.068091,6
06/01/2025,HIPR.TA,1650.65063,7
07/01/2025,HIPR.TA,1629.442884,8
08/01/2025,HIPR.TA,1655.483225,9
09/01/2025,HIPR.TA,1644.839413,10
10/01/2025,HIPR.TA,1686.331745,11
11/01/2025,HIPR.TA,1673.883361,12
12/01/2025,HIPR.TA,1669.787353,13
13/01/2025,HIPR.TA,1663.883837,14
14/01/2025,HIPR.TA,1663.980435,15
15/01/2025,HIPR.TA,1672.117725,16
16/01/2025,HIPR.TA,1671.785654,17
17/01/2025,HIPR.TA,1642.95425,18
18/01/2025,HIPR.TA,1643.909982,19
19/01/2025,HIPR.TA,1648.638753,20
20/01/2025,HIPR.TA,1655.738477,21
21/01/2025,HIPR.TA,1653.324799,22
22/01/2025,HIPR.TA,1671.555996,23
23/01/2025,HIPR.TA,1671.164196,24
24/01/2025,HIPR.TA,1693.950252,25
25/01/2025,HIPR.TA,1695.960664,26
26/01/2025,HIPR.TA,1706.469627,27
27/01/2025,HIPR.TA,1702.227274,28
28/01/2025,HIPR.TA,1721.613872,29
29/01/2025,HIPR.TA,1708.946374,30
31/12/2024,HRON.TA,231810.2633,1
01/01/2025,HRON.TA,228821.3719,2
02/01/2025,HRON.TA,231032.5174,3
03/01/2025,HRON.TA,234195.9618,4
04/01/2025,HRON.TA,238667.7106,5
05/01/2025,HRON.TA,236737.136,6
06/01/2025,HRON.TA,229585.7239,7
07/01/2025,HRON.TA,223708.4995,8
08/01/2025,HRON.TA,223699.8197,9
09/01/2025,HRON.TA,233301.2258,10
10/01/2025,HRON.TA,232747.4676,11
11/01/2025,HRON.TA,234211.7624,12
12/01/2025,HRON.TA,234620.526,13
13/01/2025,HRON.TA,231727.9853,14
14/01/2025,HRON.TA,241362.6844,15
15/01/2025,HRON.TA,234520.3534,16
16/01/2025,HRON.TA,227312.2716,17
17/01/2025,HRON.TA,233837.0281,18
18/01/2025,HRON.TA,236946.4119,19
19/01/2025,HRON.TA,242532.309,20
20/01/2025,HRON.TA,250093.4046,21
21/01/2025,HRON.TA,258638.3832,22
22/01/2025,HRON.TA,254313.6776,23
23/01/2025,HRON.TA,247556.9824,24
24/01/2025,HRON.TA,240120.7347,25
25/01/2025,HRON.TA,240703.3312,26
26/01/2025,HRON.TA,238717.8284,27
27/01/2025,HRON.TA,241211.8231,28
28/01/2025,HRON.TA,243026.0901,29
29/01/2025,HRON.TA,247238.3428,30
20/10/2023,HIVE.TA,1.22618696,1
21/10/2023,HIVE.TA,1.13113454,2
22/10/2023,HIVE.TA,1.08322498,3
23/10/2023,HIVE.TA,0.98362412,4
24/10/2023,HIVE.TA,0.98536001,5
25/10/2023,HIVE.TA,0.90389654,6
26/10/2023,HIVE.TA,0.93781251,7
27/10/2023,HIVE.TA,0.89488935,8
28/10/2023,HIVE.TA,0.8441972,9
29/10/2023,HIVE.TA,0.93219148,10
30/10/2023,HIVE.TA,0.90632491,11
31/10/2023,HIVE.TA,0.87030509,12
01/11/2023,HIVE.TA,0.82700191,13
02/11/2023,HIVE.TA,0.74081946,14
03/11/2023,HIVE.TA,0.77109883,15
04/11/2023,HIVE.TA,0.76836212,16
05/11/2023,HIVE.TA,0.72665503,17
06/11/2023,HIVE.TA,0.82066123,18
07/11/2023,HIVE.TA,0.8180313,19
08/11/2023,HIVE.TA,0.75395408,20
09/11/2023,HIVE.TA,0.75430621,21
10/11/2023,HIVE.TA,0.82500034,22
11/11/2023,HIVE.TA,0.89310712,23
12/11/2023,HIVE.TA,0.90997485,24
13/11/2023,HIVE.TA,1.00381495,25
14/11/2023,HIVE.TA,0.98801258,26
15/11/2023,HIVE.TA,1.02922403,27
16/11/2023,HIVE.TA,1.09916772,28
17/11/2023,HIVE.TA,1.24880354,29
18/11/2023,HIVE.TA,1.06221378,30
31/12/2024,HOD.TA,4958.827189,1
01/01/2025,HOD.TA,4924.646059,2
02/01/2025,HOD.TA,4905.263055,3
03/01/2025,HOD.TA,4933.876959,4
04/01/2025,HOD.TA,5089.745881,5
05/01/2025,HOD.TA,4955.519945,6
06/01/2025,HOD.TA,4900.246429,7
07/01/2025,HOD.TA,5069.245002,8
08/01/2025,HOD.TA,5112.896756,9
09/01/2025,HOD.TA,5143.59693,10
10/01/2025,HOD.TA,5183.826517,11
11/01/2025,HOD.TA,5296.707553,12
12/01/2025,HOD.TA,5337.801145,13
13/01/2025,HOD.TA,5398.296602,14
14/01/2025,HOD.TA,5510.989232,15
15/01/2025,HOD.TA,5508.248344,16
16/01/2025,HOD.TA,5541.114634,17
17/01/2025,HOD.TA,5634.017328,18
18/01/2025,HOD.TA,5742.255246,19
19/01/2025,HOD.TA,5811.892782,20
20/01/2025,HOD.TA,5693.589461,21
21/01/2025,HOD.TA,5543.61681,22
22/01/2025,HOD.TA,5606.371688,23
23/01/2025,HOD.TA,5690.365998,24
24/01/2025,HOD.TA,5609.039347,25
25/01/2025,HOD.TA,5570.877586,26
26/01/2025,HOD.TA,5670.474391,27
27/01/2025,HOD.TA,5587.309124,28
28/01/2025,HOD.TA,5552.527499,29
29/01/2025,HOD.TA,5541.356367,30
31/12/2024,HLMS.TA,501.9522331,1
01/01/2025,HLMS.TA,499.3282821,2
02/01/2025,HLMS.TA,496.9441779,3
03/01/2025,HLMS.TA,503.8081917,4
04/01/2025,HLMS.TA,485.2225357,5
05/01/2025,HLMS.TA,480.761251,6
06/01/2025,HLMS.TA,477.7883289,7
07/01/2025,HLMS.TA,497.236374,8
08/01/2025,HLMS.TA,476.3466599,9
09/01/2025,HLMS.TA,466.3163419,10
10/01/2025,HLMS.TA,477.0282282,11
11/01/2025,HLMS.TA,481.2719936,12
12/01/2025,HLMS.TA,492.3609709,13
13/01/2025,HLMS.TA,485.6549553,14
14/01/2025,HLMS.TA,469.899538,15
15/01/2025,HLMS.TA,475.4069701,16
16/01/2025,HLMS.TA,472.8329486,17
17/01/2025,HLMS.TA,460.8424462,18
18/01/2025,HLMS.TA,470.0206201,19
19/01/2025,HLMS.TA,468.2684767,20
20/01/2025,HLMS.TA,456.8579521,21
21/01/2025,HLMS.TA,453.2818153,22
22/01/2025,HLMS.TA,449.2257974,23
23/01/2025,HLMS.TA,460.0698504,24
24/01/2025,HLMS.TA,460.5722768,25
25/01/2025,HLMS.TA,464.8568816,26
26/01/2025,HLMS.TA,461.0864823,27
27/01/2025,HLMS.TA,477.9907196,28
28/01/2025,HLMS.TA,474.6800057,29
29/01/2025,HLMS.TA,489.7139129,30
31/12/2024,HMGS.TA,683.5848879,1
01/01/2025,HMGS.TA,794.9215655,2
02/01/2025,HMGS.TA,1312.035387,3
03/01/2025,HMGS.TA,1248.89703,4
04/01/2025,HMGS.TA,1446.038112,5
05/01/2025,HMGS.TA,2074.937038,6
06/01/2025,HMGS.TA,2506.445824,7
07/01/2025,HMGS.TA,2655.08859,8
08/01/2025,HMGS.TA,2404.924486,9
09/01/2025,HMGS.TA,5331.180679,10
10/01/2025,HMGS.TA,8753.986166,11
11/01/2025,HMGS.TA,11283.64452,12
12/01/2025,HMGS.TA,3139.428788,13
13/01/2025,HMGS.TA,5931.969104,14
14/01/2025,HMGS.TA,13383.46446,15
15/01/2025,HMGS.TA,20431.09886,16
16/01/2025,HMGS.TA,19461.78171,17
17/01/2025,HMGS.TA,26251.28497,18
18/01/2025,HMGS.TA,47536.70166,19
19/01/2025,HMGS.TA,43725.11514,20
20/01/2025,HMGS.TA,9988.394346,21
21/01/2025,HMGS.TA,-4189.723185,22
22/01/2025,HMGS.TA,-3808.957897,23
23/01/2025,HMGS.TA,-5347.301532,24
24/01/2025,HMGS.TA,-6081.72041,25
25/01/2025,HMGS.TA,516.4543342,26
26/01/2025,HMGS.TA,733.0719158,27
27/01/2025,HMGS.TA,1242.675822,28
28/01/2025,HMGS.TA,2007.410898,29
29/01/2025,HMGS.TA,4391.142522,30
31/12/2024,HUMX.TA,26.45751406,1
01/01/2025,HUMX.TA,22.4265857,2
02/01/2025,HUMX.TA,37.42022155,3
03/01/2025,HUMX.TA,51.44665916,4
04/01/2025,HUMX.TA,55.53140441,5
05/01/2025,HUMX.TA,53.81450299,6
06/01/2025,HUMX.TA,76.73589575,7
07/01/2025,HUMX.TA,74.5935648,8
08/01/2025,HUMX.TA,51.28672988,9
09/01/2025,HUMX.TA,29.45763256,10
10/01/2025,HUMX.TA,27.67295744,11
11/01/2025,HUMX.TA,13.83299111,12
12/01/2025,HUMX.TA,12.69188962,13
13/01/2025,HUMX.TA,15.96942725,14
14/01/2025,HUMX.TA,16.86768439,15
15/01/2025,HUMX.TA,19.15426005,16
16/01/2025,HUMX.TA,16.32538363,17
17/01/2025,HUMX.TA,6.68606677,18
18/01/2025,HUMX.TA,10.69555774,19
19/01/2025,HUMX.TA,14.81484185,20
20/01/2025,HUMX.TA,14.67675726,21
21/01/2025,HUMX.TA,14.0817931,22
22/01/2025,HUMX.TA,6.47509543,23
23/01/2025,HUMX.TA,3.54769536,24
24/01/2025,HUMX.TA,4.01035784,25
25/01/2025,HUMX.TA,4.74614878,26
26/01/2025,HUMX.TA,5.26987461,27
27/01/2025,HUMX.TA,4.73391629,28
28/01/2025,HUMX.TA,5.14324909,29
29/01/2025,HUMX.TA,6.27986334,30
31/12/2024,IARG.TA,79.83617599,1
01/01/2025,IARG.TA,76.05099048,2
02/01/2025,IARG.TA,73.99229827,3
03/01/2025,IARG.TA,79.87414867,4
04/01/2025,IARG.TA,82.10877808,5
05/01/2025,IARG.TA,87.02050206,6
06/01/2025,IARG.TA,91.41943623,7
07/01/2025,IARG.TA,92.7902472,8
08/01/2025,IARG.TA,90.25483591,9
09/01/2025,IARG.TA,88.93013061,10
10/01/2025,IARG.TA,89.71792123,11
11/01/2025,IARG.TA,89.05916274,12
12/01/2025,IARG.TA,90.93090034,13
13/01/2025,IARG.TA,93.59645808,14
14/01/2025,IARG.TA,94.02443424,15
15/01/2025,IARG.TA,88.34552538,16
16/01/2025,IARG.TA,81.71882379,17
17/01/2025,IARG.TA,89.58055674,18
18/01/2025,IARG.TA,94.9101378,19
19/01/2025,IARG.TA,105.6082005,20
20/01/2025,IARG.TA,107.7071012,21
21/01/2025,IARG.TA,110.9444442,22
22/01/2025,IARG.TA,109.3347248,23
23/01/2025,IARG.TA,113.3824748,24
24/01/2025,IARG.TA,118.6632515,25
25/01/2025,IARG.TA,113.5316284,26
26/01/2025,IARG.TA,107.9807426,27
27/01/2025,IARG.TA,105.3928915,28
28/01/2025,IARG.TA,114.1910568,29
29/01/2025,IARG.TA,112.3214655,30
31/12/2024,ICL.TA,1708.498894,1
01/01/2025,ICL.TA,1680.387893,2
02/01/2025,ICL.TA,1675.413546,3
03/01/2025,ICL.TA,1629.673064,4
04/01/2025,ICL.TA,1597.477097,5
05/01/2025,ICL.TA,1634.100219,6
06/01/2025,ICL.TA,1621.204185,7
07/01/2025,ICL.TA,1646.277683,8
08/01/2025,ICL.TA,1677.058243,9
09/01/2025,ICL.TA,1645.791095,10
10/01/2025,ICL.TA,1660.042938,11
11/01/2025,ICL.TA,1667.458397,12
12/01/2025,ICL.TA,1667.7985,13
13/01/2025,ICL.TA,1660.191443,14
14/01/2025,ICL.TA,1650.779092,15
15/01/2025,ICL.TA,1689.251892,16
16/01/2025,ICL.TA,1686.391038,17
17/01/2025,ICL.TA,1680.677651,18
18/01/2025,ICL.TA,1665.755053,19
19/01/2025,ICL.TA,1682.560676,20
20/01/2025,ICL.TA,1701.704408,21
21/01/2025,ICL.TA,1673.181269,22
22/01/2025,ICL.TA,1683.08288,23
23/01/2025,ICL.TA,1625.176258,24
24/01/2025,ICL.TA,1607.410445,25
25/01/2025,ICL.TA,1562.164573,26
26/01/2025,ICL.TA,1575.276629,27
27/01/2025,ICL.TA,1598.434939,28
28/01/2025,ICL.TA,1590.271668,29
29/01/2025,ICL.TA,1633.256938,30
31/12/2024,ICON.TA,447.1045797,1
01/01/2025,ICON.TA,454.7104267,2
02/01/2025,ICON.TA,456.8361186,3
03/01/2025,ICON.TA,458.1311505,4
04/01/2025,ICON.TA,455.5370699,5
05/01/2025,ICON.TA,449.5450576,6
06/01/2025,ICON.TA,447.3696857,7
07/01/2025,ICON.TA,459.7243673,8
08/01/2025,ICON.TA,462.4460288,9
09/01/2025,ICON.TA,467.1926543,10
10/01/2025,ICON.TA,468.9349376,11
11/01/2025,ICON.TA,460.2973713,12
12/01/2025,ICON.TA,458.3054169,13
13/01/2025,ICON.TA,461.3757028,14
14/01/2025,ICON.TA,469.5014445,15
15/01/2025,ICON.TA,480.9618999,16
16/01/2025,ICON.TA,471.732529,17
17/01/2025,ICON.TA,470.0618728,18
18/01/2025,ICON.TA,499.031911,19
19/01/2025,ICON.TA,480.4136345,20
20/01/2025,ICON.TA,480.4213644,21
21/01/2025,ICON.TA,493.222415,22
22/01/2025,ICON.TA,499.9798387,23
23/01/2025,ICON.TA,510.5686582,24
24/01/2025,ICON.TA,496.1794083,25
25/01/2025,ICON.TA,486.6660366,26
26/01/2025,ICON.TA,485.3855964,27
27/01/2025,ICON.TA,478.0865395,28
28/01/2025,ICON.TA,476.063223,29
29/01/2025,ICON.TA,475.1490744,30
31/12/2024,IDNT.TA,143.7400525,1
01/01/2025,IDNT.TA,180.8558175,2
02/01/2025,IDNT.TA,194.9313912,3
03/01/2025,IDNT.TA,205.0422494,4
04/01/2025,IDNT.TA,225.1382186,5
05/01/2025,IDNT.TA,250.4939223,6
06/01/2025,IDNT.TA,276.689327,7
07/01/2025,IDNT.TA,189.5410386,8
08/01/2025,IDNT.TA,230.5399533,9
09/01/2025,IDNT.TA,275.2405639,10
10/01/2025,IDNT.TA,240.32034,11
11/01/2025,IDNT.TA,252.0011424,12
12/01/2025,IDNT.TA,263.7519509,13
13/01/2025,IDNT.TA,247.9513931,14
14/01/2025,IDNT.TA,146.6897427,15
15/01/2025,IDNT.TA,177.3711825,16
16/01/2025,IDNT.TA,178.566819,17
17/01/2025,IDNT.TA,178.8989569,18
18/01/2025,IDNT.TA,134.5565202,19
19/01/2025,IDNT.TA,125.9685878,20
20/01/2025,IDNT.TA,98.70150135,21
21/01/2025,IDNT.TA,106.2048293,22
22/01/2025,IDNT.TA,80.40968896,23
23/01/2025,IDNT.TA,109.9160794,24
24/01/2025,IDNT.TA,119.6130527,25
25/01/2025,IDNT.TA,143.6881338,26
26/01/2025,IDNT.TA,153.2824498,27
27/01/2025,IDNT.TA,157.8102849,28
28/01/2025,IDNT.TA,166.549624,29
29/01/2025,IDNT.TA,128.7165608,30
31/12/2024,IDIN.TA,13746.57539,1
01/01/2025,IDIN.TA,14121.08151,2
02/01/2025,IDIN.TA,14650.03173,3
03/01/2025,IDIN.TA,13935.49345,4
04/01/2025,IDIN.TA,14580.13804,5
05/01/2025,IDIN.TA,14201.74008,6
06/01/2025,IDIN.TA,14250.91662,7
07/01/2025,IDIN.TA,14369.20923,8
08/01/2025,IDIN.TA,13673.14815,9
09/01/2025,IDIN.TA,13612.54947,10
10/01/2025,IDIN.TA,13569.19029,11
11/01/2025,IDIN.TA,13597.9914,12
12/01/2025,IDIN.TA,13330.16454,13
13/01/2025,IDIN.TA,13276.03584,14
14/01/2025,IDIN.TA,13345.52491,15
15/01/2025,IDIN.TA,13123.10554,16
16/01/2025,IDIN.TA,13131.62146,17
17/01/2025,IDIN.TA,13266.86136,18
18/01/2025,IDIN.TA,12887.85857,19
19/01/2025,IDIN.TA,12496.10892,20
20/01/2025,IDIN.TA,12331.02093,21
21/01/2025,IDIN.TA,12736.53365,22
22/01/2025,IDIN.TA,12799.73236,23
23/01/2025,IDIN.TA,12914.77052,24
24/01/2025,IDIN.TA,12909.6042,25
25/01/2025,IDIN.TA,12680.26723,26
26/01/2025,IDIN.TA,12335.38259,27
27/01/2025,IDIN.TA,12275.4865,28
28/01/2025,IDIN.TA,12170.51785,29
29/01/2025,IDIN.TA,12268.67683,30
31/12/2024,IDMO.TA,347.295974,1
01/01/2025,IDMO.TA,327.7375796,2
02/01/2025,IDMO.TA,307.8220589,3
03/01/2025,IDMO.TA,299.9651491,4
04/01/2025,IDMO.TA,311.2428655,5
05/01/2025,IDMO.TA,292.0135693,6
06/01/2025,IDMO.TA,287.1314553,7
07/01/2025,IDMO.TA,279.5535239,8
08/01/2025,IDMO.TA,269.3022654,9
09/01/2025,IDMO.TA,263.8180995,10
10/01/2025,IDMO.TA,240.2954092,11
11/01/2025,IDMO.TA,238.6465588,12
12/01/2025,IDMO.TA,230.3856543,13
13/01/2025,IDMO.TA,236.5043597,14
14/01/2025,IDMO.TA,234.4350967,15
15/01/2025,IDMO.TA,239.332415,16
16/01/2025,IDMO.TA,248.9615631,17
17/01/2025,IDMO.TA,238.6430941,18
18/01/2025,IDMO.TA,237.5787719,19
19/01/2025,IDMO.TA,260.7907312,20
20/01/2025,IDMO.TA,264.6335224,21
21/01/2025,IDMO.TA,263.410153,22
22/01/2025,IDMO.TA,250.4922098,23
23/01/2025,IDMO.TA,233.8532673,24
24/01/2025,IDMO.TA,242.9742256,25
25/01/2025,IDMO.TA,226.9630369,26
26/01/2025,IDMO.TA,218.1903104,27
27/01/2025,IDMO.TA,217.8551289,28
28/01/2025,IDMO.TA,220.7314156,29
29/01/2025,IDMO.TA,221.5374992,30
31/12/2024,IES.TA,24226.39568,1
01/01/2025,IES.TA,23424.58955,2
02/01/2025,IES.TA,23890.90169,3
03/01/2025,IES.TA,23501.8167,4
04/01/2025,IES.TA,22414.9686,5
05/01/2025,IES.TA,22701.20971,6
06/01/2025,IES.TA,22005.91933,7
07/01/2025,IES.TA,21835.41622,8
08/01/2025,IES.TA,21550.63719,9
09/01/2025,IES.TA,21350.36636,10
10/01/2025,IES.TA,20260.62725,11
11/01/2025,IES.TA,20645.26955,12
12/01/2025,IES.TA,21041.61698,13
13/01/2025,IES.TA,22078.17621,14
14/01/2025,IES.TA,22772.21685,15
15/01/2025,IES.TA,23938.60805,16
16/01/2025,IES.TA,24244.0835,17
17/01/2025,IES.TA,24539.18314,18
18/01/2025,IES.TA,24809.62098,19
19/01/2025,IES.TA,23537.18697,20
20/01/2025,IES.TA,24044.52765,21
21/01/2025,IES.TA,25385.91886,22
22/01/2025,IES.TA,24980.66589,23
23/01/2025,IES.TA,24859.25934,24
24/01/2025,IES.TA,25452.40727,25
25/01/2025,IES.TA,24430.3725,26
26/01/2025,IES.TA,24786.70998,27
27/01/2025,IES.TA,24622.56731,28
28/01/2025,IES.TA,24723.03504,29
29/01/2025,IES.TA,24008.82497,30
31/12/2024,ILDR.TA,732.9484772,1
01/01/2025,ILDR.TA,742.1558713,2
02/01/2025,ILDR.TA,740.1865087,3
03/01/2025,ILDR.TA,739.0981776,4
04/01/2025,ILDR.TA,748.5202808,5
05/01/2025,ILDR.TA,750.6650087,6
06/01/2025,ILDR.TA,750.8874271,7
07/01/2025,ILDR.TA,753.8340959,8
08/01/2025,ILDR.TA,751.2257779,9
09/01/2025,ILDR.TA,755.1502488,10
10/01/2025,ILDR.TA,723.5981194,11
11/01/2025,ILDR.TA,718.8907416,12
12/01/2025,ILDR.TA,728.906645,13
13/01/2025,ILDR.TA,714.1502468,14
14/01/2025,ILDR.TA,737.7848444,15
15/01/2025,ILDR.TA,757.8046356,16
16/01/2025,ILDR.TA,748.4699936,17
17/01/2025,ILDR.TA,742.4660112,18
18/01/2025,ILDR.TA,733.6321022,19
19/01/2025,ILDR.TA,747.7473695,20
20/01/2025,ILDR.TA,754.3619458,21
21/01/2025,ILDR.TA,755.6538695,22
22/01/2025,ILDR.TA,759.9082703,23
23/01/2025,ILDR.TA,759.8246409,24
24/01/2025,ILDR.TA,734.9035999,25
25/01/2025,ILDR.TA,736.4078904,26
26/01/2025,ILDR.TA,742.386552,27
27/01/2025,ILDR.TA,737.8568834,28
28/01/2025,ILDR.TA,699.1767562,29
29/01/2025,ILDR.TA,674.852004,30
31/12/2024,ILX.TA,7384.15375,1
01/01/2025,ILX.TA,7363.483602,2
02/01/2025,ILX.TA,7427.341444,3
03/01/2025,ILX.TA,7317.73581,4
04/01/2025,ILX.TA,7194.859543,5
05/01/2025,ILX.TA,6994.407817,6
06/01/2025,ILX.TA,6855.317278,7
07/01/2025,ILX.TA,6795.133744,8
08/01/2025,ILX.TA,6629.67857,9
09/01/2025,ILX.TA,6669.165804,10
10/01/2025,ILX.TA,6472.598755,11
11/01/2025,ILX.TA,6245.635684,12
12/01/2025,ILX.TA,6385.410453,13
13/01/2025,ILX.TA,6310.7863,14
14/01/2025,ILX.TA,6315.598575,15
15/01/2025,ILX.TA,6553.79907,16
16/01/2025,ILX.TA,6610.280065,17
17/01/2025,ILX.TA,6838.611556,18
18/01/2025,ILX.TA,6662.582718,19
19/01/2025,ILX.TA,6410.491973,20
20/01/2025,ILX.TA,6487.876349,21
21/01/2025,ILX.TA,6233.806988,22
22/01/2025,ILX.TA,6135.631675,23
23/01/2025,ILX.TA,6165.219048,24
24/01/2025,ILX.TA,6317.509449,25
25/01/2025,ILX.TA,6424.289992,26
26/01/2025,ILX.TA,6359.026159,27
27/01/2025,ILX.TA,6294.458204,28
28/01/2025,ILX.TA,6330.207079,29
29/01/2025,ILX.TA,6233.696355,30
31/12/2024,ISI.TA,1306.563735,1
01/01/2025,ISI.TA,1294.138711,2
02/01/2025,ISI.TA,1313.648407,3
03/01/2025,ISI.TA,1292.285791,4
04/01/2025,ISI.TA,1329.167546,5
05/01/2025,ISI.TA,1365.13054,6
06/01/2025,ISI.TA,1385.881691,7
07/01/2025,ISI.TA,1391.148232,8
08/01/2025,ISI.TA,1424.786114,9
09/01/2025,ISI.TA,1444.891436,10
10/01/2025,ISI.TA,1434.071313,11
11/01/2025,ISI.TA,1471.327828,12
12/01/2025,ISI.TA,1492.600842,13
13/01/2025,ISI.TA,1527.186906,14
14/01/2025,ISI.TA,1532.503231,15
15/01/2025,ISI.TA,1544.673505,16
16/01/2025,ISI.TA,1550.410086,17
17/01/2025,ISI.TA,1566.716984,18
18/01/2025,ISI.TA,1552.411107,19
19/01/2025,ISI.TA,1569.74643,20
20/01/2025,ISI.TA,1563.607399,21
21/01/2025,ISI.TA,1569.517851,22
22/01/2025,ISI.TA,1617.301773,23
23/01/2025,ISI.TA,1617.085614,24
24/01/2025,ISI.TA,1624.522561,25
25/01/2025,ISI.TA,1686.808187,26
26/01/2025,ISI.TA,1697.437664,27
27/01/2025,ISI.TA,1700.793981,28
28/01/2025,ISI.TA,1668.667374,29
29/01/2025,ISI.TA,1672.084549,30
31/12/2024,IMCO.TA,3424.251951,1
01/01/2025,IMCO.TA,3557.189122,2
02/01/2025,IMCO.TA,3544.697447,3
03/01/2025,IMCO.TA,3406.274513,4
04/01/2025,IMCO.TA,3427.570033,5
05/01/2025,IMCO.TA,3355.914826,6
06/01/2025,IMCO.TA,3270.808459,7
07/01/2025,IMCO.TA,3336.924608,8
08/01/2025,IMCO.TA,3267.013731,9
09/01/2025,IMCO.TA,3255.656524,10
10/01/2025,IMCO.TA,3272.411118,11
11/01/2025,IMCO.TA,3107.846721,12
12/01/2025,IMCO.TA,3118.671236,13
13/01/2025,IMCO.TA,3145.553294,14
14/01/2025,IMCO.TA,3081.429195,15
15/01/2025,IMCO.TA,3187.76887,16
16/01/2025,IMCO.TA,3337.365671,17
17/01/2025,IMCO.TA,3391.881931,18
18/01/2025,IMCO.TA,3287.471415,19
19/01/2025,IMCO.TA,3267.85537,20
20/01/2025,IMCO.TA,3305.122489,21
21/01/2025,IMCO.TA,3281.357954,22
22/01/2025,IMCO.TA,3186.636468,23
23/01/2025,IMCO.TA,3123.333289,24
24/01/2025,IMCO.TA,3068.082821,25
25/01/2025,IMCO.TA,3257.722255,26
26/01/2025,IMCO.TA,3095.980007,27
27/01/2025,IMCO.TA,3098.467625,28
28/01/2025,IMCO.TA,3167.578489,29
29/01/2025,IMCO.TA,3290.132626,30
31/12/2024,IMED.TA,-277.5395791,1
01/01/2025,IMED.TA,-360.0880165,2
02/01/2025,IMED.TA,-55.650426,3
03/01/2025,IMED.TA,-171.8779036,4
04/01/2025,IMED.TA,-391.7177022,5
05/01/2025,IMED.TA,1.04854678,6
06/01/2025,IMED.TA,3.88665319,7
07/01/2025,IMED.TA,4.35994046,8
08/01/2025,IMED.TA,9.76347142,9
09/01/2025,IMED.TA,37.81459715,10
10/01/2025,IMED.TA,39.31043054,11
11/01/2025,IMED.TA,44.58775672,12
12/01/2025,IMED.TA,99.73304489,13
13/01/2025,IMED.TA,176.3960914,14
14/01/2025,IMED.TA,502.7330606,15
15/01/2025,IMED.TA,-18.90502496,16
16/01/2025,IMED.TA,1.29777268,17
17/01/2025,IMED.TA,2.71052402,18
18/01/2025,IMED.TA,9.18417887,19
19/01/2025,IMED.TA,47.89288729,20
20/01/2025,IMED.TA,165.8955273,21
21/01/2025,IMED.TA,-594.1311996,22
22/01/2025,IMED.TA,-559.0473971,23
23/01/2025,IMED.TA,-1959.703012,24
24/01/2025,IMED.TA,-1748.186617,25
25/01/2025,IMED.TA,1935.730332,26
26/01/2025,IMED.TA,453.0881,27
27/01/2025,IMED.TA,60.1223493,28
28/01/2025,IMED.TA,334.3466342,29
29/01/2025,IMED.TA,67.84726554,30
31/12/2024,INRM.TA,1653.24059,1
01/01/2025,INRM.TA,1632.156913,2
02/01/2025,INRM.TA,1631.210191,3
03/01/2025,INRM.TA,1668.178862,4
04/01/2025,INRM.TA,1673.526277,5
05/01/2025,INRM.TA,1695.406873,6
06/01/2025,INRM.TA,1709.878498,7
07/01/2025,INRM.TA,1718.184262,8
08/01/2025,INRM.TA,1636.218436,9
09/01/2025,INRM.TA,1674.937991,10
10/01/2025,INRM.TA,1740.589154,11
11/01/2025,INRM.TA,1704.18435,12
12/01/2025,INRM.TA,1685.620146,13
13/01/2025,INRM.TA,1655.541827,14
14/01/2025,INRM.TA,1651.910004,15
15/01/2025,INRM.TA,1700.876109,16
16/01/2025,INRM.TA,1765.501461,17
17/01/2025,INRM.TA,1808.635099,18
18/01/2025,INRM.TA,1853.995978,19
19/01/2025,INRM.TA,1939.800762,20
20/01/2025,INRM.TA,1928.917102,21
21/01/2025,INRM.TA,1863.255621,22
22/01/2025,INRM.TA,1865.723471,23
23/01/2025,INRM.TA,1872.886833,24
24/01/2025,INRM.TA,1894.400725,25
25/01/2025,INRM.TA,1946.489759,26
26/01/2025,INRM.TA,1989.61757,27
27/01/2025,INRM.TA,1956.058638,28
28/01/2025,INRM.TA,1906.952398,29
29/01/2025,INRM.TA,1886.421017,30
31/12/2024,ININ.TA,246.2484239,1
01/01/2025,ININ.TA,237.7924031,2
02/01/2025,ININ.TA,233.7236475,3
03/01/2025,ININ.TA,236.4272365,4
04/01/2025,ININ.TA,237.9920799,5
05/01/2025,ININ.TA,247.3099528,6
06/01/2025,ININ.TA,243.2404412,7
07/01/2025,ININ.TA,257.0058788,8
08/01/2025,ININ.TA,256.2783902,9
09/01/2025,ININ.TA,263.3237663,10
10/01/2025,ININ.TA,257.7390129,11
11/01/2025,ININ.TA,253.4388915,12
12/01/2025,ININ.TA,244.8639024,13
13/01/2025,ININ.TA,237.622657,14
14/01/2025,ININ.TA,251.9858759,15
15/01/2025,ININ.TA,241.2538199,16
16/01/2025,ININ.TA,232.1042899,17
17/01/2025,ININ.TA,237.5263701,18
18/01/2025,ININ.TA,229.2473837,19
19/01/2025,ININ.TA,229.6626683,20
20/01/2025,ININ.TA,226.2618416,21
21/01/2025,ININ.TA,240.4928132,22
22/01/2025,ININ.TA,247.3230835,23
23/01/2025,ININ.TA,262.5604464,24
24/01/2025,ININ.TA,269.7407251,25
25/01/2025,ININ.TA,257.6814809,26
26/01/2025,ININ.TA,262.1128389,27
27/01/2025,ININ.TA,253.6260139,28
28/01/2025,ININ.TA,253.0104738,29
29/01/2025,ININ.TA,259.8141742,30
31/12/2024,INCR.TA,575.8284538,1
01/01/2025,INCR.TA,542.465472,2
02/01/2025,INCR.TA,509.7217427,3
03/01/2025,INCR.TA,487.7030434,4
04/01/2025,INCR.TA,458.6573009,5
05/01/2025,INCR.TA,440.9531518,6
06/01/2025,INCR.TA,463.4481144,7
07/01/2025,INCR.TA,481.9085654,8
08/01/2025,INCR.TA,479.8626622,9
09/01/2025,INCR.TA,472.7646198,10
10/01/2025,INCR.TA,445.8386255,11
11/01/2025,INCR.TA,420.2967033,12
12/01/2025,INCR.TA,401.5499042,13
13/01/2025,INCR.TA,401.0224758,14
14/01/2025,INCR.TA,408.3964905,15
15/01/2025,INCR.TA,376.6478235,16
16/01/2025,INCR.TA,369.909032,17
17/01/2025,INCR.TA,369.2943829,18
18/01/2025,INCR.TA,355.0053922,19
19/01/2025,INCR.TA,325.0144376,20
20/01/2025,INCR.TA,322.9953675,21
21/01/2025,INCR.TA,306.3046164,22
22/01/2025,INCR.TA,306.4663642,23
23/01/2025,INCR.TA,313.03211,24
24/01/2025,INCR.TA,291.6186271,25
25/01/2025,INCR.TA,286.4462661,26
26/01/2025,INCR.TA,295.8622042,27
27/01/2025,INCR.TA,263.6796684,28
28/01/2025,INCR.TA,270.7610076,29
29/01/2025,INCR.TA,261.8137199,30
31/12/2024,INTR.TA,-35019.31703,1
01/01/2025,INTR.TA,69924.51322,2
02/01/2025,INTR.TA,-82353.20061,3
03/01/2025,INTR.TA,-327077.8647,4
04/01/2025,INTR.TA,-107112.9786,5
05/01/2025,INTR.TA,-406577.5614,6
06/01/2025,INTR.TA,-1917143.432,7
07/01/2025,INTR.TA,-5337846.702,8
08/01/2025,INTR.TA,-52812157.25,9
09/01/2025,INTR.TA,2.03E+08,10
10/01/2025,INTR.TA,5.30E+08,11
11/01/2025,INTR.TA,-7.42E+08,12
12/01/2025,INTR.TA,-3.64E+09,13
13/01/2025,INTR.TA,-1.83E+10,14
14/01/2025,INTR.TA,-1.70E+10,15
15/01/2025,INTR.TA,-1.12E+11,16
16/01/2025,INTR.TA,-2.83E+11,17
17/01/2025,INTR.TA,1.68E+10,18
18/01/2025,INTR.TA,4.18E+09,19
19/01/2025,INTR.TA,2.10E+10,20
20/01/2025,INTR.TA,-4.43E+10,21
21/01/2025,INTR.TA,-9.36E+10,22
22/01/2025,INTR.TA,-4.43E+11,23
23/01/2025,INTR.TA,-1.90E+12,24
24/01/2025,INTR.TA,-9.68E+11,25
25/01/2025,INTR.TA,-6.62E+12,26
26/01/2025,INTR.TA,-1.83E+13,27
27/01/2025,INTR.TA,-1.09E+12,28
28/01/2025,INTR.TA,-1.26E+12,29
29/01/2025,INTR.TA,-3.37E+12,30
31/12/2024,IGLD.TA,-85971.28681,1
01/01/2025,IGLD.TA,-6606.461728,2
02/01/2025,IGLD.TA,-153641.7928,3
03/01/2025,IGLD.TA,523629.3866,4
04/01/2025,IGLD.TA,2645737.387,5
05/01/2025,IGLD.TA,-3034371.32,6
06/01/2025,IGLD.TA,886278.7354,7
07/01/2025,IGLD.TA,-15189977.75,8
08/01/2025,IGLD.TA,-46897054.43,9
09/01/2025,IGLD.TA,-40332963.18,10
10/01/2025,IGLD.TA,-3.41E+08,11
11/01/2025,IGLD.TA,-1.80E+09,12
12/01/2025,IGLD.TA,7.97E+09,13
13/01/2025,IGLD.TA,-3.46E+10,14
14/01/2025,IGLD.TA,-2.98E+10,15
15/01/2025,IGLD.TA,1.63E+11,16
16/01/2025,IGLD.TA,-1.05E+11,17
17/01/2025,IGLD.TA,1.62E+12,18
18/01/2025,IGLD.TA,1.13E+13,19
19/01/2025,IGLD.TA,3.50E+13,20
20/01/2025,IGLD.TA,-1.77E+14,21
21/01/2025,IGLD.TA,-2.26E+14,22
22/01/2025,IGLD.TA,-1.18E+13,23
23/01/2025,IGLD.TA,7.78E+13,24
24/01/2025,IGLD.TA,2.14E+13,25
25/01/2025,IGLD.TA,6.79E+13,26
26/01/2025,IGLD.TA,4.48E+14,27
27/01/2025,IGLD.TA,3.82E+15,28
28/01/2025,IGLD.TA,3.92E+16,29
29/01/2025,IGLD.TA,-4.58E+17,30
31/12/2024,ISCN.TA,1401.822954,1
01/01/2025,ISCN.TA,1449.600195,2
02/01/2025,ISCN.TA,1417.844975,3
03/01/2025,ISCN.TA,1371.275261,4
04/01/2025,ISCN.TA,1355.177907,5
05/01/2025,ISCN.TA,1340.183645,6
06/01/2025,ISCN.TA,1360.170337,7
07/01/2025,ISCN.TA,1356.746862,8
08/01/2025,ISCN.TA,1376.363281,9
09/01/2025,ISCN.TA,1350.316512,10
10/01/2025,ISCN.TA,1432.922073,11
11/01/2025,ISCN.TA,1446.026082,12
12/01/2025,ISCN.TA,1445.901023,13
13/01/2025,ISCN.TA,1450.84044,14
14/01/2025,ISCN.TA,1461.807864,15
15/01/2025,ISCN.TA,1479.373698,16
16/01/2025,ISCN.TA,1474.91763,17
17/01/2025,ISCN.TA,1391.376776,18
18/01/2025,ISCN.TA,1357.632285,19
19/01/2025,ISCN.TA,1270.548312,20
20/01/2025,ISCN.TA,1315.129954,21
21/01/2025,ISCN.TA,1355.15716,22
22/01/2025,ISCN.TA,1339.259139,23
23/01/2025,ISCN.TA,1303.285,24
24/01/2025,ISCN.TA,1307.328751,25
25/01/2025,ISCN.TA,1379.595075,26
26/01/2025,ISCN.TA,1363.726261,27
27/01/2025,ISCN.TA,1331.480373,28
28/01/2025,ISCN.TA,1343.049183,29
29/01/2025,ISCN.TA,1366.424073,30
31/12/2024,ILDC.TA,3378.577819,1
01/01/2025,ILDC.TA,3273.109555,2
02/01/2025,ILDC.TA,3149.168916,3
03/01/2025,ILDC.TA,3179.258251,4
04/01/2025,ILDC.TA,3151.737613,5
05/01/2025,ILDC.TA,3162.451571,6
06/01/2025,ILDC.TA,3104.303743,7
07/01/2025,ILDC.TA,3264.6221,8
08/01/2025,ILDC.TA,3157.298342,9
09/01/2025,ILDC.TA,3184.163482,10
10/01/2025,ILDC.TA,3233.934386,11
11/01/2025,ILDC.TA,3212.377742,12
12/01/2025,ILDC.TA,3102.287322,13
13/01/2025,ILDC.TA,3029.870834,14
14/01/2025,ILDC.TA,3044.894,15
15/01/2025,ILDC.TA,2905.391667,16
16/01/2025,ILDC.TA,2973.336594,17
17/01/2025,ILDC.TA,2913.237546,18
18/01/2025,ILDC.TA,2932.877547,19
19/01/2025,ILDC.TA,2841.230769,20
20/01/2025,ILDC.TA,2862.04477,21
21/01/2025,ILDC.TA,2917.441479,22
22/01/2025,ILDC.TA,3001.483192,23
23/01/2025,ILDC.TA,3013.669511,24
24/01/2025,ILDC.TA,3164.456085,25
25/01/2025,ILDC.TA,3098.581939,26
26/01/2025,ILDC.TA,3111.38427,27
27/01/2025,ILDC.TA,3121.405004,28
28/01/2025,ILDC.TA,3141.858748,29
29/01/2025,ILDC.TA,3107.477712,30
31/12/2024,ISOP.TA,69.97475246,1
01/01/2025,ISOP.TA,68.51073605,2
02/01/2025,ISOP.TA,66.66360118,3
03/01/2025,ISOP.TA,67.7166119,4
04/01/2025,ISOP.TA,70.75613441,5
05/01/2025,ISOP.TA,70.04741743,6
06/01/2025,ISOP.TA,68.78134971,7
07/01/2025,ISOP.TA,67.37975234,8
08/01/2025,ISOP.TA,71.21131269,9
09/01/2025,ISOP.TA,69.49387462,10
10/01/2025,ISOP.TA,72.70707899,11
11/01/2025,ISOP.TA,79.59471304,12
12/01/2025,ISOP.TA,79.27744414,13
13/01/2025,ISOP.TA,79.47477748,14
14/01/2025,ISOP.TA,76.99006318,15
15/01/2025,ISOP.TA,76.81318145,16
16/01/2025,ISOP.TA,76.57945689,17
17/01/2025,ISOP.TA,78.92312374,18
18/01/2025,ISOP.TA,79.06812875,19
19/01/2025,ISOP.TA,76.52837717,20
20/01/2025,ISOP.TA,71.53559225,21
21/01/2025,ISOP.TA,69.13692002,22
22/01/2025,ISOP.TA,65.64540602,23
23/01/2025,ISOP.TA,65.7393051,24
24/01/2025,ISOP.TA,63.97840723,25
25/01/2025,ISOP.TA,63.81700576,26
26/01/2025,ISOP.TA,62.55240321,27
27/01/2025,ISOP.TA,65.02204201,28
28/01/2025,ISOP.TA,65.33632903,29
29/01/2025,ISOP.TA,65.55815198,30
31/12/2024,ISHI.TA,9947.430824,1
01/01/2025,ISHI.TA,10102.33074,2
02/01/2025,ISHI.TA,10310.63769,3
03/01/2025,ISHI.TA,11126.58245,4
04/01/2025,ISHI.TA,10864.76804,5
05/01/2025,ISHI.TA,10791.25745,6
06/01/2025,ISHI.TA,10778.35834,7
07/01/2025,ISHI.TA,10843.74041,8
08/01/2025,ISHI.TA,11370.45225,9
09/01/2025,ISHI.TA,11369.43511,10
10/01/2025,ISHI.TA,11983.66073,11
11/01/2025,ISHI.TA,11337.47573,12
12/01/2025,ISHI.TA,11533.28802,13
13/01/2025,ISHI.TA,11686.66706,14
14/01/2025,ISHI.TA,11621.69478,15
15/01/2025,ISHI.TA,11930.81756,16
16/01/2025,ISHI.TA,11825.0214,17
17/01/2025,ISHI.TA,11597.83946,18
18/01/2025,ISHI.TA,12024.49644,19
19/01/2025,ISHI.TA,12081.7983,20
20/01/2025,ISHI.TA,11648.30177,21
21/01/2025,ISHI.TA,11981.19662,22
22/01/2025,ISHI.TA,11697.72939,23
23/01/2025,ISHI.TA,11498.61871,24
24/01/2025,ISHI.TA,11630.90011,25
25/01/2025,ISHI.TA,12280.52747,26
26/01/2025,ISHI.TA,12606.53473,27
27/01/2025,ISHI.TA,12605.42064,28
28/01/2025,ISHI.TA,12705.29036,29
29/01/2025,ISHI.TA,12801.06102,30
31/12/2024,ISRG.TA,168.6572975,1
01/01/2025,ISRG.TA,169.3088792,2
02/01/2025,ISRG.TA,169.9751044,3
03/01/2025,ISRG.TA,171.8370712,4
04/01/2025,ISRG.TA,172.4756874,5
05/01/2025,ISRG.TA,173.3334277,6
06/01/2025,ISRG.TA,173.3242143,7
07/01/2025,ISRG.TA,173.3297495,8
08/01/2025,ISRG.TA,172.4730008,9
09/01/2025,ISRG.TA,172.3534284,10
10/01/2025,ISRG.TA,172.6857103,11
11/01/2025,ISRG.TA,172.7738105,12
12/01/2025,ISRG.TA,173.9550059,13
13/01/2025,ISRG.TA,175.0135041,14
14/01/2025,ISRG.TA,174.3123216,15
15/01/2025,ISRG.TA,175.2218976,16
16/01/2025,ISRG.TA,176.5066444,17
17/01/2025,ISRG.TA,176.8154908,18
18/01/2025,ISRG.TA,176.4353045,19
19/01/2025,ISRG.TA,178.3138415,20
20/01/2025,ISRG.TA,180.4594665,21
21/01/2025,ISRG.TA,180.839382,22
22/01/2025,ISRG.TA,181.9931777,23
23/01/2025,ISRG.TA,182.1575612,24
24/01/2025,ISRG.TA,182.4553629,25
25/01/2025,ISRG.TA,180.1842727,26
26/01/2025,ISRG.TA,182.3944387,27
27/01/2025,ISRG.TA,185.0324623,28
28/01/2025,ISRG.TA,187.3986792,29
29/01/2025,ISRG.TA,188.5989311,30
31/12/2024,ISRA.TA,179.8751814,1
01/01/2025,ISRA.TA,181.1492467,2
02/01/2025,ISRA.TA,186.9455259,3
03/01/2025,ISRA.TA,183.642747,4
04/01/2025,ISRA.TA,181.2311707,5
05/01/2025,ISRA.TA,178.4705374,6
06/01/2025,ISRA.TA,181.3693143,7
07/01/2025,ISRA.TA,176.1995103,8
08/01/2025,ISRA.TA,179.5343422,9
09/01/2025,ISRA.TA,179.1402013,10
10/01/2025,ISRA.TA,180.1472523,11
11/01/2025,ISRA.TA,184.0333419,12
12/01/2025,ISRA.TA,185.9449671,13
13/01/2025,ISRA.TA,186.2708664,14
14/01/2025,ISRA.TA,182.5919521,15
15/01/2025,ISRA.TA,188.6225317,16
16/01/2025,ISRA.TA,188.4051758,17
17/01/2025,ISRA.TA,182.8326243,18
18/01/2025,ISRA.TA,180.5792539,19
19/01/2025,ISRA.TA,181.0991361,20
20/01/2025,ISRA.TA,171.1785445,21
21/01/2025,ISRA.TA,175.1176453,22
22/01/2025,ISRA.TA,173.931999,23
23/01/2025,ISRA.TA,177.1370656,24
24/01/2025,ISRA.TA,177.4739659,25
25/01/2025,ISRA.TA,177.7576643,26
26/01/2025,ISRA.TA,172.805948,27
27/01/2025,ISRA.TA,177.3243524,28
28/01/2025,ISRA.TA,178.297638,29
29/01/2025,ISRA.TA,178.9821203,30
31/12/2024,ISRS.TA,83909.20662,1
01/01/2025,ISRS.TA,83943.18127,2
02/01/2025,ISRS.TA,81963.58885,3
03/01/2025,ISRS.TA,82743.38116,4
04/01/2025,ISRS.TA,84150.9277,5
05/01/2025,ISRS.TA,84230.74706,6
06/01/2025,ISRS.TA,83990.29999,7
07/01/2025,ISRS.TA,85118.80773,8
08/01/2025,ISRS.TA,85495.90957,9
09/01/2025,ISRS.TA,86884.65903,10
10/01/2025,ISRS.TA,88698.50252,11
11/01/2025,ISRS.TA,89830.5062,12
12/01/2025,ISRS.TA,89224.72636,13
13/01/2025,ISRS.TA,90356.58591,14
14/01/2025,ISRS.TA,89851.02213,15
15/01/2025,ISRS.TA,86770.48206,16
16/01/2025,ISRS.TA,88381.09187,17
17/01/2025,ISRS.TA,90295.38019,18
18/01/2025,ISRS.TA,90838.30948,19
19/01/2025,ISRS.TA,91399.81324,20
20/01/2025,ISRS.TA,92908.31607,21
21/01/2025,ISRS.TA,93247.84967,22
22/01/2025,ISRS.TA,93186.45349,23
23/01/2025,ISRS.TA,93939.91172,24
24/01/2025,ISRS.TA,94154.75305,25
25/01/2025,ISRS.TA,95410.02384,26
26/01/2025,ISRS.TA,94588.14411,27
27/01/2025,ISRS.TA,94998.63586,28
28/01/2025,ISRS.TA,96309.79037,29
29/01/2025,ISRS.TA,97002.34682,30
31/12/2024,ISRO.TA,8182.237291,1
01/01/2025,ISRO.TA,7974.114124,2
02/01/2025,ISRO.TA,8112.112553,3
03/01/2025,ISRO.TA,8007.14226,4
04/01/2025,ISRO.TA,8260.43051,5
05/01/2025,ISRO.TA,8370.450191,6
06/01/2025,ISRO.TA,8566.671674,7
07/01/2025,ISRO.TA,8177.905035,8
08/01/2025,ISRO.TA,8184.473309,9
09/01/2025,ISRO.TA,8172.623546,10
10/01/2025,ISRO.TA,8323.56484,11
11/01/2025,ISRO.TA,8974.725176,12
12/01/2025,ISRO.TA,8524.314447,13
13/01/2025,ISRO.TA,8258.546246,14
14/01/2025,ISRO.TA,8295.22081,15
15/01/2025,ISRO.TA,8753.82997,16
16/01/2025,ISRO.TA,8913.389379,17
17/01/2025,ISRO.TA,8461.875383,18
18/01/2025,ISRO.TA,8331.616155,19
19/01/2025,ISRO.TA,8632.762553,20
20/01/2025,ISRO.TA,8618.79065,21
21/01/2025,ISRO.TA,8997.104705,22
22/01/2025,ISRO.TA,8460.383501,23
23/01/2025,ISRO.TA,8682.980196,24
24/01/2025,ISRO.TA,8680.654168,25
25/01/2025,ISRO.TA,8932.179911,26
26/01/2025,ISRO.TA,9217.571469,27
27/01/2025,ISRO.TA,9481.329243,28
28/01/2025,ISRO.TA,8781.061617,29
29/01/2025,ISRO.TA,8556.02639,30
31/12/2024,ISTA.TA,9092.252623,1
01/01/2025,ISTA.TA,9189.925595,2
02/01/2025,ISTA.TA,8965.178829,3
03/01/2025,ISTA.TA,9168.831125,4
04/01/2025,ISTA.TA,9085.663829,5
05/01/2025,ISTA.TA,8782.294796,6
06/01/2025,ISTA.TA,9022.662556,7
07/01/2025,ISTA.TA,9348.447132,8
08/01/2025,ISTA.TA,9288.75631,9
09/01/2025,ISTA.TA,9074.417151,10
10/01/2025,ISTA.TA,9384.476912,11
11/01/2025,ISTA.TA,9418.798488,12
12/01/2025,ISTA.TA,9559.847403,13
13/01/2025,ISTA.TA,9452.516843,14
14/01/2025,ISTA.TA,9365.006789,15
15/01/2025,ISTA.TA,8913.314305,16
16/01/2025,ISTA.TA,9017.59734,17
17/01/2025,ISTA.TA,8965.484329,18
18/01/2025,ISTA.TA,8915.791735,19
19/01/2025,ISTA.TA,8770.360429,20
20/01/2025,ISTA.TA,8643.983047,21
21/01/2025,ISTA.TA,8786.224805,22
22/01/2025,ISTA.TA,9291.490731,23
23/01/2025,ISTA.TA,9434.278667,24
24/01/2025,ISTA.TA,8971.754252,25
25/01/2025,ISTA.TA,8927.734439,26
26/01/2025,ISTA.TA,9254.033721,27
27/01/2025,ISTA.TA,9004.736,28
28/01/2025,ISTA.TA,9006.154912,29
29/01/2025,ISTA.TA,9333.068556,30
31/12/2024,JCFN.TA,1950.792036,1
01/01/2025,JCFN.TA,1906.186014,2
02/01/2025,JCFN.TA,1902.945877,3
03/01/2025,JCFN.TA,1891.662859,4
04/01/2025,JCFN.TA,1910.374704,5
05/01/2025,JCFN.TA,1927.871019,6
06/01/2025,JCFN.TA,1979.147907,7
07/01/2025,JCFN.TA,1975.072978,8
08/01/2025,JCFN.TA,1976.938385,9
09/01/2025,JCFN.TA,1972.589429,10
10/01/2025,JCFN.TA,1982.028906,11
11/01/2025,JCFN.TA,2034.859787,12
12/01/2025,JCFN.TA,2091.053462,13
13/01/2025,JCFN.TA,2090.971188,14
14/01/2025,JCFN.TA,2095.71229,15
15/01/2025,JCFN.TA,2110.093178,16
16/01/2025,JCFN.TA,2130.585662,17
17/01/2025,JCFN.TA,2167.151662,18
18/01/2025,JCFN.TA,2193.662568,19
19/01/2025,JCFN.TA,2177.152483,20
20/01/2025,JCFN.TA,2192.868177,21
21/01/2025,JCFN.TA,2187.394667,22
22/01/2025,JCFN.TA,2170.011432,23
23/01/2025,JCFN.TA,2215.44171,24
24/01/2025,JCFN.TA,2194.295716,25
25/01/2025,JCFN.TA,2182.448394,26
26/01/2025,JCFN.TA,2197.981264,27
27/01/2025,JCFN.TA,2257.195581,28
28/01/2025,JCFN.TA,2218.1043,29
29/01/2025,JCFN.TA,2245.733903,30
31/12/2024,JBNK.TA,1636.431063,1
01/01/2025,JBNK.TA,1631.24082,2
02/01/2025,JBNK.TA,1612.237949,3
03/01/2025,JBNK.TA,1658.0706,4
04/01/2025,JBNK.TA,1639.695526,5
05/01/2025,JBNK.TA,1712.834522,6
06/01/2025,JBNK.TA,1758.137778,7
07/01/2025,JBNK.TA,1779.732283,8
08/01/2025,JBNK.TA,1788.695867,9
09/01/2025,JBNK.TA,1792.872819,10
10/01/2025,JBNK.TA,1806.870749,11
11/01/2025,JBNK.TA,1813.445758,12
12/01/2025,JBNK.TA,1790.321211,13
13/01/2025,JBNK.TA,1762.744156,14
14/01/2025,JBNK.TA,1748.065711,15
15/01/2025,JBNK.TA,1755.671923,16
16/01/2025,JBNK.TA,1788.190886,17
17/01/2025,JBNK.TA,1789.931711,18
18/01/2025,JBNK.TA,1790.50767,19
19/01/2025,JBNK.TA,1832.284847,20
20/01/2025,JBNK.TA,1787.25324,21
21/01/2025,JBNK.TA,1809.53342,22
22/01/2025,JBNK.TA,1845.440099,23
23/01/2025,JBNK.TA,1860.495062,24
24/01/2025,JBNK.TA,1902.846251,25
25/01/2025,JBNK.TA,1894.461924,26
26/01/2025,JBNK.TA,1907.074416,27
27/01/2025,JBNK.TA,1853.208775,28
28/01/2025,JBNK.TA,1859.967255,29
29/01/2025,JBNK.TA,1888.468811,30
31/12/2024,JNGO.TA,292.634132,1
01/01/2025,JNGO.TA,298.5215456,2
02/01/2025,JNGO.TA,335.7262957,3
03/01/2025,JNGO.TA,328.0216142,4
04/01/2025,JNGO.TA,362.2207283,5
05/01/2025,JNGO.TA,390.0260659,6
06/01/2025,JNGO.TA,457.9158339,7
07/01/2025,JNGO.TA,555.9674459,8
08/01/2025,JNGO.TA,597.6685979,9
09/01/2025,JNGO.TA,549.0240848,10
10/01/2025,JNGO.TA,635.2204929,11
11/01/2025,JNGO.TA,773.751727,12
12/01/2025,JNGO.TA,765.8183073,13
13/01/2025,JNGO.TA,677.7642425,14
14/01/2025,JNGO.TA,780.2661659,15
15/01/2025,JNGO.TA,761.990326,16
16/01/2025,JNGO.TA,849.5311668,17
17/01/2025,JNGO.TA,808.0817789,18
18/01/2025,JNGO.TA,854.3515676,19
19/01/2025,JNGO.TA,911.9485427,20
20/01/2025,JNGO.TA,887.3495997,21
21/01/2025,JNGO.TA,902.3516391,22
22/01/2025,JNGO.TA,901.834802,23
23/01/2025,JNGO.TA,801.59913,24
24/01/2025,JNGO.TA,911.2320783,25
25/01/2025,JNGO.TA,1115.168687,26
26/01/2025,JNGO.TA,1024.340821,27
27/01/2025,JNGO.TA,1031.312022,28
28/01/2025,JNGO.TA,1205.666222,29
29/01/2025,JNGO.TA,1285.094806,30
31/12/2024,KDST.TA,1186.161637,1
01/01/2025,KDST.TA,1216.778404,2
02/01/2025,KDST.TA,1224.82137,3
03/01/2025,KDST.TA,1328.918933,4
04/01/2025,KDST.TA,1408.053932,5
05/01/2025,KDST.TA,1407.331374,6
06/01/2025,KDST.TA,1531.794351,7
07/01/2025,KDST.TA,1577.505078,8
08/01/2025,KDST.TA,1329.301471,9
09/01/2025,KDST.TA,1490.865274,10
10/01/2025,KDST.TA,1291.539124,11
11/01/2025,KDST.TA,1361.503477,12
12/01/2025,KDST.TA,1239.040349,13
13/01/2025,KDST.TA,1091.171566,14
14/01/2025,KDST.TA,962.7909877,15
15/01/2025,KDST.TA,1051.712393,16
16/01/2025,KDST.TA,1122.161321,17
17/01/2025,KDST.TA,1138.485453,18
18/01/2025,KDST.TA,1194.261957,19
19/01/2025,KDST.TA,1123.93873,20
20/01/2025,KDST.TA,841.5465231,21
21/01/2025,KDST.TA,760.6475894,22
22/01/2025,KDST.TA,679.8143203,23
23/01/2025,KDST.TA,630.5313329,24
24/01/2025,KDST.TA,677.4800308,25
25/01/2025,KDST.TA,702.7521521,26
26/01/2025,KDST.TA,693.4571307,27
27/01/2025,KDST.TA,741.7216788,28
28/01/2025,KDST.TA,778.8292317,29
29/01/2025,KDST.TA,656.5620116,30
31/12/2024,KAFR.TA,2894.04061,1
01/01/2025,KAFR.TA,2796.476891,2
02/01/2025,KAFR.TA,2901.194477,3
03/01/2025,KAFR.TA,2922.166686,4
04/01/2025,KAFR.TA,2899.178682,5
05/01/2025,KAFR.TA,2848.518537,6
06/01/2025,KAFR.TA,2832.345845,7
07/01/2025,KAFR.TA,2799.337445,8
08/01/2025,KAFR.TA,2883.389654,9
09/01/2025,KAFR.TA,2981.218348,10
10/01/2025,KAFR.TA,2966.817233,11
11/01/2025,KAFR.TA,3022.784273,12
12/01/2025,KAFR.TA,3020.008801,13
13/01/2025,KAFR.TA,3001.800908,14
14/01/2025,KAFR.TA,3023.009299,15
15/01/2025,KAFR.TA,2970.734329,16
16/01/2025,KAFR.TA,3059.01357,17
17/01/2025,KAFR.TA,3090.753829,18
18/01/2025,KAFR.TA,3182.161056,19
19/01/2025,KAFR.TA,3168.691589,20
20/01/2025,KAFR.TA,3151.911309,21
21/01/2025,KAFR.TA,3158.464956,22
22/01/2025,KAFR.TA,3247.239394,23
23/01/2025,KAFR.TA,3191.58158,24
24/01/2025,KAFR.TA,3197.212809,25
25/01/2025,KAFR.TA,3261.340217,26
26/01/2025,KAFR.TA,3093.816439,27
27/01/2025,KAFR.TA,3012.976134,28
28/01/2025,KAFR.TA,3045.418183,29
29/01/2025,KAFR.TA,2969.018803,30
31/12/2024,KMDA.TA,2161.561016,1
01/01/2025,KMDA.TA,2156.944876,2
02/01/2025,KMDA.TA,2132.479701,3
03/01/2025,KMDA.TA,2115.404013,4
04/01/2025,KMDA.TA,2139.519963,5
05/01/2025,KMDA.TA,2154.320632,6
06/01/2025,KMDA.TA,2165.658071,7
07/01/2025,KMDA.TA,2172.186085,8
08/01/2025,KMDA.TA,2193.410049,9
09/01/2025,KMDA.TA,2170.464711,10
10/01/2025,KMDA.TA,2140.746161,11
11/01/2025,KMDA.TA,2127.677377,12
12/01/2025,KMDA.TA,2111.140947,13
13/01/2025,KMDA.TA,2127.163049,14
14/01/2025,KMDA.TA,2141.038338,15
15/01/2025,KMDA.TA,2167.064081,16
16/01/2025,KMDA.TA,2128.002712,17
17/01/2025,KMDA.TA,2138.433944,18
18/01/2025,KMDA.TA,2166.58316,19
19/01/2025,KMDA.TA,2137.090277,20
20/01/2025,KMDA.TA,2114.114034,21
21/01/2025,KMDA.TA,2105.214229,22
22/01/2025,KMDA.TA,2151.287398,23
23/01/2025,KMDA.TA,2180.361408,24
24/01/2025,KMDA.TA,2179.400319,25
25/01/2025,KMDA.TA,2150.123595,26
26/01/2025,KMDA.TA,2111.471963,27
27/01/2025,KMDA.TA,2067.473884,28
28/01/2025,KMDA.TA,2044.867344,29
29/01/2025,KMDA.TA,2063.88482,30
31/12/2024,KRDI.TA,296.179402,1
01/01/2025,KRDI.TA,291.2963538,2
02/01/2025,KRDI.TA,288.4654151,3
03/01/2025,KRDI.TA,284.4433369,4
04/01/2025,KRDI.TA,287.3723503,5
05/01/2025,KRDI.TA,289.6684731,6
06/01/2025,KRDI.TA,278.487207,7
07/01/2025,KRDI.TA,276.2055077,8
08/01/2025,KRDI.TA,274.3835664,9
09/01/2025,KRDI.TA,275.8539192,10
10/01/2025,KRDI.TA,276.7228795,11
11/01/2025,KRDI.TA,279.7644118,12
12/01/2025,KRDI.TA,279.021639,13
13/01/2025,KRDI.TA,286.1382336,14
14/01/2025,KRDI.TA,281.3479499,15
15/01/2025,KRDI.TA,277.0124574,16
16/01/2025,KRDI.TA,273.1791373,17
17/01/2025,KRDI.TA,262.7885631,18
18/01/2025,KRDI.TA,259.0815834,19
19/01/2025,KRDI.TA,251.190108,20
20/01/2025,KRDI.TA,251.2786311,21
21/01/2025,KRDI.TA,250.3869323,22
22/01/2025,KRDI.TA,251.0807482,23
23/01/2025,KRDI.TA,251.3334683,24
24/01/2025,KRDI.TA,248.1512194,25
25/01/2025,KRDI.TA,246.965154,26
26/01/2025,KRDI.TA,250.1931549,27
27/01/2025,KRDI.TA,247.9731779,28
28/01/2025,KRDI.TA,251.9356063,29
29/01/2025,KRDI.TA,245.9538128,30
31/12/2024,KARE.TA,558.8031677,1
01/01/2025,KARE.TA,571.6200467,2
02/01/2025,KARE.TA,567.8546248,3
03/01/2025,KARE.TA,547.7454229,4
04/01/2025,KARE.TA,563.7282882,5
05/01/2025,KARE.TA,570.9548742,6
06/01/2025,KARE.TA,562.6994245,7
07/01/2025,KARE.TA,556.5588992,8
08/01/2025,KARE.TA,577.97567,9
09/01/2025,KARE.TA,579.3408655,10
10/01/2025,KARE.TA,565.5103891,11
11/01/2025,KARE.TA,572.426874,12
12/01/2025,KARE.TA,558.6452247,13
13/01/2025,KARE.TA,549.6968298,14
14/01/2025,KARE.TA,558.3469936,15
15/01/2025,KARE.TA,553.2543093,16
16/01/2025,KARE.TA,560.3058323,17
17/01/2025,KARE.TA,565.1139488,18
18/01/2025,KARE.TA,594.9331949,19
19/01/2025,KARE.TA,597.212338,20
20/01/2025,KARE.TA,595.7123636,21
21/01/2025,KARE.TA,598.0463755,22
22/01/2025,KARE.TA,582.2963744,23
23/01/2025,KARE.TA,585.4994914,24
24/01/2025,KARE.TA,589.4316835,25
25/01/2025,KARE.TA,581.9692832,26
26/01/2025,KARE.TA,576.4188381,27
27/01/2025,KARE.TA,590.7201403,28
28/01/2025,KARE.TA,598.5145701,29
29/01/2025,KARE.TA,605.4660828,30
31/12/2024,KEN.TA,11059.48732,1
01/01/2025,KEN.TA,11137.1065,2
02/01/2025,KEN.TA,11055.53197,3
03/01/2025,KEN.TA,10861.80995,4
04/01/2025,KEN.TA,10997.43599,5
05/01/2025,KEN.TA,11087.64137,6
06/01/2025,KEN.TA,11110.77115,7
07/01/2025,KEN.TA,11142.53371,8
08/01/2025,KEN.TA,11348.29502,9
09/01/2025,KEN.TA,11601.98772,10
10/01/2025,KEN.TA,11240.23,11
11/01/2025,KEN.TA,10968.32258,12
12/01/2025,KEN.TA,11097.2382,13
13/01/2025,KEN.TA,11293.92285,14
14/01/2025,KEN.TA,10895.07856,15
15/01/2025,KEN.TA,10866.03771,16
16/01/2025,KEN.TA,11181.77943,17
17/01/2025,KEN.TA,11175.99174,18
18/01/2025,KEN.TA,11442.74976,19
19/01/2025,KEN.TA,11696.41764,20
20/01/2025,KEN.TA,11427.67585,21
21/01/2025,KEN.TA,11429.3743,22
22/01/2025,KEN.TA,11161.02153,23
23/01/2025,KEN.TA,11207.16219,24
24/01/2025,KEN.TA,11433.45592,25
25/01/2025,KEN.TA,11407.72523,26
26/01/2025,KEN.TA,11178.9706,27
27/01/2025,KEN.TA,11146.6864,28
28/01/2025,KEN.TA,11344.0804,29
29/01/2025,KEN.TA,11480.86866,30
31/12/2024,KRUR.TA,7899.150858,1
01/01/2025,KRUR.TA,7774.023149,2
02/01/2025,KRUR.TA,7749.584506,3
03/01/2025,KRUR.TA,7737.524592,4
04/01/2025,KRUR.TA,7660.810109,5
05/01/2025,KRUR.TA,7668.390554,6
06/01/2025,KRUR.TA,7749.717956,7
07/01/2025,KRUR.TA,8104.499955,8
08/01/2025,KRUR.TA,8208.813726,9
09/01/2025,KRUR.TA,8390.287703,10
10/01/2025,KRUR.TA,8352.798262,11
11/01/2025,KRUR.TA,8663.933519,12
12/01/2025,KRUR.TA,8768.227236,13
13/01/2025,KRUR.TA,8694.570314,14
14/01/2025,KRUR.TA,8686.107878,15
15/01/2025,KRUR.TA,8737.473987,16
16/01/2025,KRUR.TA,8847.916388,17
17/01/2025,KRUR.TA,9118.163678,18
18/01/2025,KRUR.TA,8947.600012,19
19/01/2025,KRUR.TA,8817.293993,20
20/01/2025,KRUR.TA,8707.263406,21
21/01/2025,KRUR.TA,8785.464521,22
22/01/2025,KRUR.TA,8933.863273,23
23/01/2025,KRUR.TA,8813.593441,24
24/01/2025,KRUR.TA,8635.055597,25
25/01/2025,KRUR.TA,8612.466003,26
26/01/2025,KRUR.TA,8444.367471,27
27/01/2025,KRUR.TA,8438.901345,28
28/01/2025,KRUR.TA,8461.560598,29
29/01/2025,KRUR.TA,8743.364828,30
31/12/2024,KSTN.TA,577.4975549,1
01/01/2025,KSTN.TA,576.7400838,2
02/01/2025,KSTN.TA,583.0695138,3
03/01/2025,KSTN.TA,582.8398716,4
04/01/2025,KSTN.TA,580.6182037,5
05/01/2025,KSTN.TA,586.7188766,6
06/01/2025,KSTN.TA,585.899782,7
07/01/2025,KSTN.TA,587.5469582,8
08/01/2025,KSTN.TA,589.2785793,9
09/01/2025,KSTN.TA,594.5749454,10
10/01/2025,KSTN.TA,607.4697827,11
11/01/2025,KSTN.TA,605.1420971,12
12/01/2025,KSTN.TA,607.7223199,13
13/01/2025,KSTN.TA,607.5889379,14
14/01/2025,KSTN.TA,609.7474662,15
15/01/2025,KSTN.TA,614.6131829,16
16/01/2025,KSTN.TA,622.7449454,17
17/01/2025,KSTN.TA,627.9673114,18
18/01/2025,KSTN.TA,628.1574686,19
19/01/2025,KSTN.TA,627.1567717,20
20/01/2025,KSTN.TA,623.4223608,21
21/01/2025,KSTN.TA,626.899442,22
22/01/2025,KSTN.TA,635.5474268,23
23/01/2025,KSTN.TA,635.7090831,24
24/01/2025,KSTN.TA,634.1960602,25
25/01/2025,KSTN.TA,624.4087365,26
26/01/2025,KSTN.TA,627.7260622,27
27/01/2025,KSTN.TA,627.2121074,28
28/01/2025,KSTN.TA,630.0665042,29
29/01/2025,KSTN.TA,629.2347312,30
31/12/2024,KLIL.TA,25867.4477,1
01/01/2025,KLIL.TA,26130.39488,2
02/01/2025,KLIL.TA,26481.00016,3
03/01/2025,KLIL.TA,26632.36466,4
04/01/2025,KLIL.TA,26545.8178,5
05/01/2025,KLIL.TA,26814.78927,6
06/01/2025,KLIL.TA,26514.25484,7
07/01/2025,KLIL.TA,26186.66614,8
08/01/2025,KLIL.TA,24842.76762,9
09/01/2025,KLIL.TA,24465.5639,10
10/01/2025,KLIL.TA,23774.50713,11
11/01/2025,KLIL.TA,23455.99959,12
12/01/2025,KLIL.TA,23734.89446,13
13/01/2025,KLIL.TA,23703.85623,14
14/01/2025,KLIL.TA,24081.09027,15
15/01/2025,KLIL.TA,24335.11151,16
16/01/2025,KLIL.TA,24199.42417,17
17/01/2025,KLIL.TA,24411.16011,18
18/01/2025,KLIL.TA,25221.22243,19
19/01/2025,KLIL.TA,25691.77965,20
20/01/2025,KLIL.TA,25591.96186,21
21/01/2025,KLIL.TA,25450.49064,22
22/01/2025,KLIL.TA,25276.59516,23
23/01/2025,KLIL.TA,25082.47248,24
24/01/2025,KLIL.TA,24904.0985,25
25/01/2025,KLIL.TA,24777.81504,26
26/01/2025,KLIL.TA,24328.45547,27
27/01/2025,KLIL.TA,24988.87309,28
28/01/2025,KLIL.TA,25031.64662,29
29/01/2025,KLIL.TA,24324.35759,30
31/12/2024,KNFM.TA,1418.636008,1
01/01/2025,KNFM.TA,1423.605089,2
02/01/2025,KNFM.TA,1432.962853,3
03/01/2025,KNFM.TA,1400.902487,4
04/01/2025,KNFM.TA,1386.571965,5
05/01/2025,KNFM.TA,1338.115844,6
06/01/2025,KNFM.TA,1345.037963,7
07/01/2025,KNFM.TA,1378.939568,8
08/01/2025,KNFM.TA,1359.566319,9
09/01/2025,KNFM.TA,1377.487357,10
10/01/2025,KNFM.TA,1410.752763,11
11/01/2025,KNFM.TA,1452.874089,12
12/01/2025,KNFM.TA,1461.60332,13
13/01/2025,KNFM.TA,1501.21931,14
14/01/2025,KNFM.TA,1499.04001,15
15/01/2025,KNFM.TA,1517.130906,16
16/01/2025,KNFM.TA,1507.961701,17
17/01/2025,KNFM.TA,1591.25856,18
18/01/2025,KNFM.TA,1615.981067,19
19/01/2025,KNFM.TA,1589.788406,20
20/01/2025,KNFM.TA,1614.492707,21
21/01/2025,KNFM.TA,1623.080463,22
22/01/2025,KNFM.TA,1618.407516,23
23/01/2025,KNFM.TA,1664.209283,24
24/01/2025,KNFM.TA,1640.420431,25
25/01/2025,KNFM.TA,1622.673543,26
26/01/2025,KNFM.TA,1655.195347,27
27/01/2025,KNFM.TA,1661.536116,28
28/01/2025,KNFM.TA,1624.634201,29
29/01/2025,KNFM.TA,1666.778061,30
31/12/2024,LHIS.TA,2099.116907,1
01/01/2025,LHIS.TA,2118.294456,2
02/01/2025,LHIS.TA,1976.718226,3
03/01/2025,LHIS.TA,2251.706645,4
04/01/2025,LHIS.TA,2547.735494,5
05/01/2025,LHIS.TA,2097.987185,6
06/01/2025,LHIS.TA,2506.070034,7
07/01/2025,LHIS.TA,3398.28898,8
08/01/2025,LHIS.TA,3788.808258,9
09/01/2025,LHIS.TA,3237.976881,10
10/01/2025,LHIS.TA,2834.612054,11
11/01/2025,LHIS.TA,2645.602301,12
12/01/2025,LHIS.TA,2518.126522,13
13/01/2025,LHIS.TA,3909.216225,14
14/01/2025,LHIS.TA,5066.484314,15
15/01/2025,LHIS.TA,4725.246027,16
16/01/2025,LHIS.TA,4718.308862,17
17/01/2025,LHIS.TA,5428.863871,18
18/01/2025,LHIS.TA,4458.852808,19
19/01/2025,LHIS.TA,3390.051806,20
20/01/2025,LHIS.TA,3144.389159,21
21/01/2025,LHIS.TA,3875.88188,22
22/01/2025,LHIS.TA,3322.704942,23
23/01/2025,LHIS.TA,3281.677061,24
24/01/2025,LHIS.TA,3339.521243,25
25/01/2025,LHIS.TA,3316.951282,26
26/01/2025,LHIS.TA,3433.969794,27
27/01/2025,LHIS.TA,3705.525607,28
28/01/2025,LHIS.TA,4111.387031,29
29/01/2025,LHIS.TA,4420.849508,30
31/12/2024,LAHAV.TA,500.2192914,1
01/01/2025,LAHAV.TA,505.2757262,2
02/01/2025,LAHAV.TA,516.2583763,3
03/01/2025,LAHAV.TA,517.7089409,4
04/01/2025,LAHAV.TA,516.3353612,5
05/01/2025,LAHAV.TA,517.7650726,6
06/01/2025,LAHAV.TA,511.6696758,7
07/01/2025,LAHAV.TA,511.091525,8
08/01/2025,LAHAV.TA,507.6587747,9
09/01/2025,LAHAV.TA,510.251653,10
10/01/2025,LAHAV.TA,511.7478835,11
11/01/2025,LAHAV.TA,496.8178577,12
12/01/2025,LAHAV.TA,510.5788418,13
13/01/2025,LAHAV.TA,507.1100922,14
14/01/2025,LAHAV.TA,512.1574035,15
15/01/2025,LAHAV.TA,517.6348668,16
16/01/2025,LAHAV.TA,525.0678416,17
17/01/2025,LAHAV.TA,525.1366206,18
18/01/2025,LAHAV.TA,534.477789,19
19/01/2025,LAHAV.TA,529.8443635,20
20/01/2025,LAHAV.TA,521.9991872,21
21/01/2025,LAHAV.TA,512.9223085,22
22/01/2025,LAHAV.TA,529.5609987,23
23/01/2025,LAHAV.TA,518.8034569,24
24/01/2025,LAHAV.TA,530.7780775,25
25/01/2025,LAHAV.TA,534.5449037,26
26/01/2025,LAHAV.TA,546.9165554,27
27/01/2025,LAHAV.TA,541.555535,28
28/01/2025,LAHAV.TA,545.0914245,29
29/01/2025,LAHAV.TA,545.9173504,30
30/12/2024,LPHL.TA,105.5499248,1
31/12/2024,LPHL.TA,106.6695183,2
01/01/2025,LPHL.TA,106.2651114,3
02/01/2025,LPHL.TA,106.9733798,4
03/01/2025,LPHL.TA,107.7400612,5
04/01/2025,LPHL.TA,107.7398929,6
05/01/2025,LPHL.TA,106.9241712,7
06/01/2025,LPHL.TA,106.8788117,8
07/01/2025,LPHL.TA,106.2613018,9
08/01/2025,LPHL.TA,105.8244822,10
09/01/2025,LPHL.TA,105.5965645,11
10/01/2025,LPHL.TA,104.0537224,12
11/01/2025,LPHL.TA,104.8319243,13
12/01/2025,LPHL.TA,105.9980248,14
13/01/2025,LPHL.TA,107.3296602,15
14/01/2025,LPHL.TA,108.3043638,16
15/01/2025,LPHL.TA,107.6515129,17
16/01/2025,LPHL.TA,108.156339,18
17/01/2025,LPHL.TA,106.999892,19
18/01/2025,LPHL.TA,106.9522332,20
19/01/2025,LPHL.TA,106.4658509,21
20/01/2025,LPHL.TA,107.0415786,22
21/01/2025,LPHL.TA,105.1923702,23
22/01/2025,LPHL.TA,105.4150207,24
23/01/2025,LPHL.TA,105.3900291,25
24/01/2025,LPHL.TA,105.2743366,26
25/01/2025,LPHL.TA,106.0798136,27
26/01/2025,LPHL.TA,105.8953949,28
27/01/2025,LPHL.TA,106.0049619,29
28/01/2025,LPHL.TA,107.6586006,30
31/12/2024,LSCO.TA,401.7757571,1
01/01/2025,LSCO.TA,401.6826316,2
02/01/2025,LSCO.TA,392.3894302,3
03/01/2025,LSCO.TA,375.3344857,4
04/01/2025,LSCO.TA,374.4234985,5
05/01/2025,LSCO.TA,391.6535733,6
06/01/2025,LSCO.TA,399.0204733,7
07/01/2025,LSCO.TA,392.6692179,8
08/01/2025,LSCO.TA,375.2093457,9
09/01/2025,LSCO.TA,371.3460146,10
10/01/2025,LSCO.TA,356.7979258,11
11/01/2025,LSCO.TA,355.6157222,12
12/01/2025,LSCO.TA,362.9621205,13
13/01/2025,LSCO.TA,344.6073859,14
14/01/2025,LSCO.TA,346.6179347,15
15/01/2025,LSCO.TA,353.4601273,16
16/01/2025,LSCO.TA,363.6401318,17
17/01/2025,LSCO.TA,371.7472415,18
18/01/2025,LSCO.TA,374.4847719,19
19/01/2025,LSCO.TA,392.0469838,20
20/01/2025,LSCO.TA,388.373011,21
21/01/2025,LSCO.TA,386.679264,22
22/01/2025,LSCO.TA,391.4657441,23
23/01/2025,LSCO.TA,412.2792903,24
24/01/2025,LSCO.TA,437.6623783,25
25/01/2025,LSCO.TA,436.3538584,26
26/01/2025,LSCO.TA,442.8445542,27
27/01/2025,LSCO.TA,456.2448002,28
28/01/2025,LSCO.TA,460.0456397,29
29/01/2025,LSCO.TA,471.1642811,30
31/12/2024,LUMI.TA,3967.613825,1
01/01/2025,LUMI.TA,4042.544087,2
02/01/2025,LUMI.TA,4068.071866,3
03/01/2025,LUMI.TA,4122.999049,4
04/01/2025,LUMI.TA,4221.760147,5
05/01/2025,LUMI.TA,4262.497767,6
06/01/2025,LUMI.TA,4258.102892,7
07/01/2025,LUMI.TA,4404.523425,8
08/01/2025,LUMI.TA,4368.143131,9
09/01/2025,LUMI.TA,4392.462048,10
10/01/2025,LUMI.TA,4359.378874,11
11/01/2025,LUMI.TA,4446.760727,12
12/01/2025,LUMI.TA,4475.367837,13
13/01/2025,LUMI.TA,4539.377558,14
14/01/2025,LUMI.TA,4585.795929,15
15/01/2025,LUMI.TA,4557.295283,16
16/01/2025,LUMI.TA,4565.587317,17
17/01/2025,LUMI.TA,4590.910532,18
18/01/2025,LUMI.TA,4510.471536,19
19/01/2025,LUMI.TA,4529.904405,20
20/01/2025,LUMI.TA,4550.019202,21
21/01/2025,LUMI.TA,4601.650934,22
22/01/2025,LUMI.TA,4575.309065,23
23/01/2025,LUMI.TA,4646.557852,24
24/01/2025,LUMI.TA,4671.948801,25
25/01/2025,LUMI.TA,4677.453996,26
26/01/2025,LUMI.TA,4660.618588,27
27/01/2025,LUMI.TA,4689.659082,28
28/01/2025,LUMI.TA,4751.1146,29
29/01/2025,LUMI.TA,4828.253287,30
31/12/2024,LEOF.TA,255.5929508,1
01/01/2025,LEOF.TA,274.5690229,2
02/01/2025,LEOF.TA,286.7243613,3
03/01/2025,LEOF.TA,296.2434206,4
04/01/2025,LEOF.TA,330.120593,5
05/01/2025,LEOF.TA,333.4208363,6
06/01/2025,LEOF.TA,370.5395664,7
07/01/2025,LEOF.TA,364.1442572,8
08/01/2025,LEOF.TA,368.6004036,9
09/01/2025,LEOF.TA,363.6842136,10
10/01/2025,LEOF.TA,362.6940139,11
11/01/2025,LEOF.TA,373.7253687,12
12/01/2025,LEOF.TA,358.5280918,13
13/01/2025,LEOF.TA,342.4286192,14
14/01/2025,LEOF.TA,346.4061092,15
15/01/2025,LEOF.TA,350.2163642,16
16/01/2025,LEOF.TA,391.2029669,17
17/01/2025,LEOF.TA,377.806836,18
18/01/2025,LEOF.TA,399.7090071,19
19/01/2025,LEOF.TA,412.5449867,20
20/01/2025,LEOF.TA,424.021,21
21/01/2025,LEOF.TA,433.6907636,22
22/01/2025,LEOF.TA,439.2401871,23
23/01/2025,LEOF.TA,442.4607619,24
24/01/2025,LEOF.TA,398.6580263,25
25/01/2025,LEOF.TA,392.2192108,26
26/01/2025,LEOF.TA,379.217999,27
27/01/2025,LEOF.TA,383.5875465,28
28/01/2025,LEOF.TA,404.8565052,29
29/01/2025,LEOF.TA,405.8250478,30
31/12/2024,LEVI.TA,43076.45139,1
01/01/2025,LEVI.TA,44833.31061,2
02/01/2025,LEVI.TA,45082.26564,3
03/01/2025,LEVI.TA,45027.27098,4
04/01/2025,LEVI.TA,46291.35741,5
05/01/2025,LEVI.TA,48326.64263,6
06/01/2025,LEVI.TA,47616.71279,7
07/01/2025,LEVI.TA,45332.88688,8
08/01/2025,LEVI.TA,46095.51001,9
09/01/2025,LEVI.TA,46441.71449,10
10/01/2025,LEVI.TA,47013.98142,11
11/01/2025,LEVI.TA,46602.08704,12
12/01/2025,LEVI.TA,48233.04875,13
13/01/2025,LEVI.TA,49946.1663,14
14/01/2025,LEVI.TA,50431.09698,15
15/01/2025,LEVI.TA,48996.95555,16
16/01/2025,LEVI.TA,49162.54566,17
17/01/2025,LEVI.TA,49029.60279,18
18/01/2025,LEVI.TA,50802.00927,19
19/01/2025,LEVI.TA,53467.88068,20
20/01/2025,LEVI.TA,52496.38237,21
21/01/2025,LEVI.TA,54814.04874,22
22/01/2025,LEVI.TA,55060.60423,23
23/01/2025,LEVI.TA,54375.14942,24
24/01/2025,LEVI.TA,54477.22331,25
25/01/2025,LEVI.TA,53441.56461,26
26/01/2025,LEVI.TA,57008.84386,27
27/01/2025,LEVI.TA,57783.91205,28
28/01/2025,LEVI.TA,57946.42372,29
29/01/2025,LEVI.TA,56495.40568,30
31/12/2024,LBRA.TA,698.1226502,1
01/01/2025,LBRA.TA,705.9294921,2
02/01/2025,LBRA.TA,707.9127346,3
03/01/2025,LBRA.TA,706.9179377,4
04/01/2025,LBRA.TA,712.8412137,5
05/01/2025,LBRA.TA,708.7410792,6
06/01/2025,LBRA.TA,706.2054486,7
07/01/2025,LBRA.TA,715.4255046,8
08/01/2025,LBRA.TA,713.6885375,9
09/01/2025,LBRA.TA,715.8599061,10
10/01/2025,LBRA.TA,724.6241192,11
11/01/2025,LBRA.TA,720.2604575,12
12/01/2025,LBRA.TA,723.6326238,13
13/01/2025,LBRA.TA,727.5853049,14
14/01/2025,LBRA.TA,727.6202474,15
15/01/2025,LBRA.TA,733.448534,16
16/01/2025,LBRA.TA,729.1074504,17
17/01/2025,LBRA.TA,723.2947446,18
18/01/2025,LBRA.TA,729.0986236,19
19/01/2025,LBRA.TA,733.9974046,20
20/01/2025,LBRA.TA,741.1789745,21
21/01/2025,LBRA.TA,743.2659542,22
22/01/2025,LBRA.TA,739.5575934,23
23/01/2025,LBRA.TA,744.1876592,24
24/01/2025,LBRA.TA,748.875192,25
25/01/2025,LBRA.TA,740.8143572,26
26/01/2025,LBRA.TA,738.810637,27
27/01/2025,LBRA.TA,734.2723609,28
28/01/2025,LBRA.TA,734.2853954,29
29/01/2025,LBRA.TA,740.7455802,30
31/12/2024,LCTX.TA,195.2702036,1
01/01/2025,LCTX.TA,193.1316575,2
02/01/2025,LCTX.TA,183.3326241,3
03/01/2025,LCTX.TA,183.5491034,4
04/01/2025,LCTX.TA,189.6845763,5
05/01/2025,LCTX.TA,197.5315182,6
06/01/2025,LCTX.TA,199.4423549,7
07/01/2025,LCTX.TA,185.9409683,8
08/01/2025,LCTX.TA,181.5305045,9
09/01/2025,LCTX.TA,182.9454917,10
10/01/2025,LCTX.TA,192.7886267,11
11/01/2025,LCTX.TA,192.1996633,12
12/01/2025,LCTX.TA,185.4562418,13
13/01/2025,LCTX.TA,185.6448411,14
14/01/2025,LCTX.TA,166.5497774,15
15/01/2025,LCTX.TA,158.6726634,16
16/01/2025,LCTX.TA,160.1756175,17
17/01/2025,LCTX.TA,153.3413185,18
18/01/2025,LCTX.TA,158.4874969,19
19/01/2025,LCTX.TA,149.7733178,20
20/01/2025,LCTX.TA,149.5366632,21
21/01/2025,LCTX.TA,149.0583995,22
22/01/2025,LCTX.TA,146.99175,23
23/01/2025,LCTX.TA,145.8246624,24
24/01/2025,LCTX.TA,143.0505067,25
25/01/2025,LCTX.TA,134.450141,26
26/01/2025,LCTX.TA,131.4827137,27
27/01/2025,LCTX.TA,141.9864856,28
28/01/2025,LCTX.TA,143.9972492,29
29/01/2025,LCTX.TA,141.9486748,30
31/12/2024,LPSN.TA,800.916127,1
01/01/2025,LPSN.TA,499.528108,2
02/01/2025,LPSN.TA,362.6949576,3
03/01/2025,LPSN.TA,528.9424493,4
04/01/2025,LPSN.TA,882.8111843,5
05/01/2025,LPSN.TA,975.0728352,6
06/01/2025,LPSN.TA,1015.523029,7
07/01/2025,LPSN.TA,867.791782,8
08/01/2025,LPSN.TA,623.6190329,9
09/01/2025,LPSN.TA,696.2409389,10
10/01/2025,LPSN.TA,537.099484,11
11/01/2025,LPSN.TA,679.785465,12
12/01/2025,LPSN.TA,171.8664744,13
13/01/2025,LPSN.TA,139.0764839,14
14/01/2025,LPSN.TA,182.3962522,15
15/01/2025,LPSN.TA,296.2897633,16
16/01/2025,LPSN.TA,466.9680834,17
17/01/2025,LPSN.TA,422.0327365,18
18/01/2025,LPSN.TA,653.5220791,19
19/01/2025,LPSN.TA,175.9378888,20
20/01/2025,LPSN.TA,173.2442575,21
21/01/2025,LPSN.TA,127.6286959,22
22/01/2025,LPSN.TA,129.0150254,23
23/01/2025,LPSN.TA,111.6014587,24
24/01/2025,LPSN.TA,128.6894123,25
25/01/2025,LPSN.TA,190.8600973,26
26/01/2025,LPSN.TA,229.8157185,27
27/01/2025,LPSN.TA,331.7224281,28
28/01/2025,LPSN.TA,350.5527028,29
29/01/2025,LPSN.TA,447.0350094,30
31/12/2024,LODZ.TA,-2340.204203,1
01/01/2025,LODZ.TA,2710.51824,2
02/01/2025,LODZ.TA,-1322.955278,3
03/01/2025,LODZ.TA,3191.963425,4
04/01/2025,LODZ.TA,-1701.41032,5
05/01/2025,LODZ.TA,1051.290234,6
06/01/2025,LODZ.TA,330.2581837,7
07/01/2025,LODZ.TA,-122.166118,8
08/01/2025,LODZ.TA,-248.8300373,9
09/01/2025,LODZ.TA,157.6105172,10
10/01/2025,LODZ.TA,-418.2927536,11
11/01/2025,LODZ.TA,-1288.261778,12
12/01/2025,LODZ.TA,2263.574955,13
13/01/2025,LODZ.TA,8216.11214,14
14/01/2025,LODZ.TA,-1333.014328,15
15/01/2025,LODZ.TA,-2440.883582,16
16/01/2025,LODZ.TA,4879.927371,17
17/01/2025,LODZ.TA,522.3409152,18
18/01/2025,LODZ.TA,-369.0173525,19
19/01/2025,LODZ.TA,306.3085019,20
20/01/2025,LODZ.TA,-49.43449755,21
21/01/2025,LODZ.TA,96.42731198,22
22/01/2025,LODZ.TA,1.70330048,23
23/01/2025,LODZ.TA,-1.64828007,24
24/01/2025,LODZ.TA,-3.69854016,25
25/01/2025,LODZ.TA,-10.1041662,26
26/01/2025,LODZ.TA,5.64206802,27
27/01/2025,LODZ.TA,-5.94306967,28
28/01/2025,LODZ.TA,-6.13861725,29
29/01/2025,LODZ.TA,-7.7537135,30
31/12/2024,LUDN.TA,1967.556664,1
01/01/2025,LUDN.TA,1964.747415,2
02/01/2025,LUDN.TA,1995.621918,3
03/01/2025,LUDN.TA,1987.578122,4
04/01/2025,LUDN.TA,2039.51949,5
05/01/2025,LUDN.TA,2051.477888,6
06/01/2025,LUDN.TA,2087.536938,7
07/01/2025,LUDN.TA,2127.287791,8
08/01/2025,LUDN.TA,2108.779098,9
09/01/2025,LUDN.TA,2127.655339,10
10/01/2025,LUDN.TA,2132.83477,11
11/01/2025,LUDN.TA,2156.052713,12
12/01/2025,LUDN.TA,2222.611076,13
13/01/2025,LUDN.TA,2209.694147,14
14/01/2025,LUDN.TA,2222.565767,15
15/01/2025,LUDN.TA,2308.686788,16
16/01/2025,LUDN.TA,2339.29367,17
17/01/2025,LUDN.TA,2323.753541,18
18/01/2025,LUDN.TA,2307.695082,19
19/01/2025,LUDN.TA,2378.568835,20
20/01/2025,LUDN.TA,2348.066207,21
21/01/2025,LUDN.TA,2348.98622,22
22/01/2025,LUDN.TA,2324.908037,23
23/01/2025,LUDN.TA,2325.811159,24
24/01/2025,LUDN.TA,2310.494411,25
25/01/2025,LUDN.TA,2308.888059,26
26/01/2025,LUDN.TA,2323.091348,27
27/01/2025,LUDN.TA,2299.978705,28
28/01/2025,LUDN.TA,2319.954448,29
29/01/2025,LUDN.TA,2322.312315,30
31/12/2024,LUZN.TA,252.7075073,1
01/01/2025,LUZN.TA,244.4810394,2
02/01/2025,LUZN.TA,245.1994646,3
03/01/2025,LUZN.TA,239.3728703,4
04/01/2025,LUZN.TA,239.4562967,5
05/01/2025,LUZN.TA,242.0858683,6
06/01/2025,LUZN.TA,235.6609857,7
07/01/2025,LUZN.TA,239.3659094,8
08/01/2025,LUZN.TA,242.132137,9
09/01/2025,LUZN.TA,242.3924239,10
10/01/2025,LUZN.TA,246.2630919,11
11/01/2025,LUZN.TA,252.4008103,12
12/01/2025,LUZN.TA,250.4265652,13
13/01/2025,LUZN.TA,256.9564905,14
14/01/2025,LUZN.TA,253.3939296,15
15/01/2025,LUZN.TA,254.1865929,16
16/01/2025,LUZN.TA,257.3973261,17
17/01/2025,LUZN.TA,255.9387337,18
18/01/2025,LUZN.TA,247.2788429,19
19/01/2025,LUZN.TA,255.4815166,20
20/01/2025,LUZN.TA,259.8808343,21
21/01/2025,LUZN.TA,252.2149799,22
22/01/2025,LUZN.TA,251.2406329,23
23/01/2025,LUZN.TA,250.3109297,24
24/01/2025,LUZN.TA,250.9784454,25
25/01/2025,LUZN.TA,247.7414355,26
26/01/2025,LUZN.TA,248.2455806,27
27/01/2025,LUZN.TA,251.0162172,28
28/01/2025,LUZN.TA,246.4090407,29
29/01/2025,LUZN.TA,241.5814494,30
31/12/2024,LURO.TA,1822.654377,1
01/01/2025,LURO.TA,1821.822059,2
02/01/2025,LURO.TA,1821.718549,3
03/01/2025,LURO.TA,1822.636701,4
04/01/2025,LURO.TA,1823.120858,5
05/01/2025,LURO.TA,1823.886611,6
06/01/2025,LURO.TA,1823.770857,7
07/01/2025,LURO.TA,1823.615362,8
08/01/2025,LURO.TA,1822.218553,9
09/01/2025,LURO.TA,1821.37721,10
10/01/2025,LURO.TA,1820.275493,11
11/01/2025,LURO.TA,1820.411132,12
12/01/2025,LURO.TA,1821.885834,13
13/01/2025,LURO.TA,1821.967402,14
14/01/2025,LURO.TA,1821.356742,15
15/01/2025,LURO.TA,1822.5733,16
16/01/2025,LURO.TA,1822.910774,17
17/01/2025,LURO.TA,1823.429522,18
18/01/2025,LURO.TA,1824.841256,19
19/01/2025,LURO.TA,1825.017913,20
20/01/2025,LURO.TA,1825.84777,21
21/01/2025,LURO.TA,1826.861739,22
22/01/2025,LURO.TA,1827.284767,23
23/01/2025,LURO.TA,1827.608245,24
24/01/2025,LURO.TA,1829.310929,25
25/01/2025,LURO.TA,1829.97575,26
26/01/2025,LURO.TA,1829.775904,27
27/01/2025,LURO.TA,1830.868088,28
28/01/2025,LURO.TA,1830.696382,29
29/01/2025,LURO.TA,1829.449462,30
31/12/2024,MGIC.TA,4384.140162,1
01/01/2025,MGIC.TA,4312.369768,2
02/01/2025,MGIC.TA,4357.682133,3
03/01/2025,MGIC.TA,4434.598478,4
04/01/2025,MGIC.TA,4323.255521,5
05/01/2025,MGIC.TA,4342.87136,6
06/01/2025,MGIC.TA,4396.428625,7
07/01/2025,MGIC.TA,4335.555631,8
08/01/2025,MGIC.TA,4392.547793,9
09/01/2025,MGIC.TA,4529.646507,10
10/01/2025,MGIC.TA,4474.101848,11
11/01/2025,MGIC.TA,4328.728814,12
12/01/2025,MGIC.TA,4242.534394,13
13/01/2025,MGIC.TA,4295.769438,14
14/01/2025,MGIC.TA,4132.584085,15
15/01/2025,MGIC.TA,4097.043866,16
16/01/2025,MGIC.TA,4048.856691,17
17/01/2025,MGIC.TA,4154.715553,18
18/01/2025,MGIC.TA,4125.893292,19
19/01/2025,MGIC.TA,4110.185982,20
20/01/2025,MGIC.TA,4062.624639,21
21/01/2025,MGIC.TA,3801.222351,22
22/01/2025,MGIC.TA,3825.602258,23
23/01/2025,MGIC.TA,3775.679398,24
24/01/2025,MGIC.TA,3758.942337,25
25/01/2025,MGIC.TA,3708.380475,26
26/01/2025,MGIC.TA,3645.5308,27
27/01/2025,MGIC.TA,3696.628241,28
28/01/2025,MGIC.TA,3637.058444,29
29/01/2025,MGIC.TA,3679.5548,30
31/12/2024,MLTM.TA,7963.972532,1
01/01/2025,MLTM.TA,8159.237219,2
02/01/2025,MLTM.TA,8478.128147,3
03/01/2025,MLTM.TA,8792.178866,4
04/01/2025,MLTM.TA,8764.924759,5
05/01/2025,MLTM.TA,9405.476959,6
06/01/2025,MLTM.TA,9292.060032,7
07/01/2025,MLTM.TA,9916.454253,8
08/01/2025,MLTM.TA,9676.945005,9
09/01/2025,MLTM.TA,9716.286217,10
10/01/2025,MLTM.TA,10070.59828,11
11/01/2025,MLTM.TA,10329.48177,12
12/01/2025,MLTM.TA,10254.17843,13
13/01/2025,MLTM.TA,10111.85848,14
14/01/2025,MLTM.TA,10140.01672,15
15/01/2025,MLTM.TA,10014.43699,16
16/01/2025,MLTM.TA,10482.25912,17
17/01/2025,MLTM.TA,10726.63357,18
18/01/2025,MLTM.TA,10160.3273,19
19/01/2025,MLTM.TA,10021.03154,20
20/01/2025,MLTM.TA,10431.79334,21
21/01/2025,MLTM.TA,10580.55695,22
22/01/2025,MLTM.TA,11022.81423,23
23/01/2025,MLTM.TA,11259.51616,24
24/01/2025,MLTM.TA,10984.11322,25
25/01/2025,MLTM.TA,10682.44628,26
26/01/2025,MLTM.TA,10477.86199,27
27/01/2025,MLTM.TA,10902.37846,28
28/01/2025,MLTM.TA,10908.82717,29
29/01/2025,MLTM.TA,10953.20231,30
31/12/2024,MSLA.TA,1292.792525,1
01/01/2025,MSLA.TA,1259.890127,2
02/01/2025,MSLA.TA,1275.052032,3
03/01/2025,MSLA.TA,1238.746299,4
04/01/2025,MSLA.TA,1210.331712,5
05/01/2025,MSLA.TA,1209.606918,6
06/01/2025,MSLA.TA,1187.533147,7
07/01/2025,MSLA.TA,1205.645444,8
08/01/2025,MSLA.TA,1220.700355,9
09/01/2025,MSLA.TA,1199.491698,10
10/01/2025,MSLA.TA,1176.546759,11
11/01/2025,MSLA.TA,1141.888037,12
12/01/2025,MSLA.TA,1142.161859,13
13/01/2025,MSLA.TA,1089.104186,14
14/01/2025,MSLA.TA,1120.485908,15
15/01/2025,MSLA.TA,1205.784757,16
16/01/2025,MSLA.TA,1211.749066,17
17/01/2025,MSLA.TA,1225.694816,18
18/01/2025,MSLA.TA,1248.581407,19
19/01/2025,MSLA.TA,1235.695835,20
20/01/2025,MSLA.TA,1188.973533,21
21/01/2025,MSLA.TA,1184.958364,22
22/01/2025,MSLA.TA,1192.058708,23
23/01/2025,MSLA.TA,1220.841229,24
24/01/2025,MSLA.TA,1242.526938,25
25/01/2025,MSLA.TA,1280.839182,26
26/01/2025,MSLA.TA,1268.145805,27
27/01/2025,MSLA.TA,1238.854477,28
28/01/2025,MSLA.TA,1216.987188,29
29/01/2025,MSLA.TA,1192.857779,30
31/12/2024,MSVT.TA,448.6665412,1
01/01/2025,MSVT.TA,716.0597048,2
02/01/2025,MSVT.TA,878.8497181,3
03/01/2025,MSVT.TA,977.2022282,4
04/01/2025,MSVT.TA,641.0814364,5
05/01/2025,MSVT.TA,787.5252401,6
06/01/2025,MSVT.TA,630.7122123,7
07/01/2025,MSVT.TA,688.5439718,8
08/01/2025,MSVT.TA,489.3465221,9
09/01/2025,MSVT.TA,270.5967971,10
10/01/2025,MSVT.TA,442.3370535,11
11/01/2025,MSVT.TA,433.0688322,12
12/01/2025,MSVT.TA,462.0150441,13
13/01/2025,MSVT.TA,612.9196222,14
14/01/2025,MSVT.TA,314.9672291,15
15/01/2025,MSVT.TA,366.9636869,16
16/01/2025,MSVT.TA,557.5433961,17
17/01/2025,MSVT.TA,472.4509407,18
18/01/2025,MSVT.TA,515.2633134,19
19/01/2025,MSVT.TA,198.1588495,20
20/01/2025,MSVT.TA,146.9321789,21
21/01/2025,MSVT.TA,182.9833325,22
22/01/2025,MSVT.TA,176.800298,23
23/01/2025,MSVT.TA,314.1282028,24
24/01/2025,MSVT.TA,218.6655157,25
25/01/2025,MSVT.TA,289.4105436,26
26/01/2025,MSVT.TA,166.2361544,27
27/01/2025,MSVT.TA,169.035848,28
28/01/2025,MSVT.TA,151.2822472,29
29/01/2025,MSVT.TA,179.0603734,30
31/12/2024,MTLF.TA,336.9503555,1
01/01/2025,MTLF.TA,341.4711918,2
02/01/2025,MTLF.TA,339.6389794,3
03/01/2025,MTLF.TA,332.8942781,4
04/01/2025,MTLF.TA,335.0402433,5
05/01/2025,MTLF.TA,332.0932926,6
06/01/2025,MTLF.TA,337.6772757,7
07/01/2025,MTLF.TA,341.3877823,8
08/01/2025,MTLF.TA,338.6772963,9
09/01/2025,MTLF.TA,351.9763523,10
10/01/2025,MTLF.TA,339.3934584,11
11/01/2025,MTLF.TA,346.955347,12
12/01/2025,MTLF.TA,347.9053673,13
13/01/2025,MTLF.TA,342.6087109,14
14/01/2025,MTLF.TA,347.8275917,15
15/01/2025,MTLF.TA,326.1416446,16
16/01/2025,MTLF.TA,309.2595232,17
17/01/2025,MTLF.TA,310.6414524,18
18/01/2025,MTLF.TA,310.263291,19
19/01/2025,MTLF.TA,315.5470311,20
20/01/2025,MTLF.TA,302.8418192,21
21/01/2025,MTLF.TA,299.6899856,22
22/01/2025,MTLF.TA,297.1610044,23
23/01/2025,MTLF.TA,313.639633,24
24/01/2025,MTLF.TA,315.7203169,25
25/01/2025,MTLF.TA,301.0174415,26
26/01/2025,MTLF.TA,307.462865,27
27/01/2025,MTLF.TA,312.8279733,28
28/01/2025,MTLF.TA,310.4445728,29
29/01/2025,MTLF.TA,302.399704,30
31/12/2024,MTRX.TA,8474.383338,1
01/01/2025,MTRX.TA,8276.36355,2
02/01/2025,MTRX.TA,8389.198274,3
03/01/2025,MTRX.TA,8261.075982,4
04/01/2025,MTRX.TA,8368.589553,5
05/01/2025,MTRX.TA,8473.850823,6
06/01/2025,MTRX.TA,8583.716409,7
07/01/2025,MTRX.TA,8570.659942,8
08/01/2025,MTRX.TA,8477.569408,9
09/01/2025,MTRX.TA,8538.745169,10
10/01/2025,MTRX.TA,8548.590661,11
11/01/2025,MTRX.TA,8624.987619,12
12/01/2025,MTRX.TA,8712.865214,13
13/01/2025,MTRX.TA,8696.382768,14
14/01/2025,MTRX.TA,8630.072456,15
15/01/2025,MTRX.TA,8661.767599,16
16/01/2025,MTRX.TA,8466.737431,17
17/01/2025,MTRX.TA,8250.022929,18
18/01/2025,MTRX.TA,8040.095762,19
19/01/2025,MTRX.TA,7870.062675,20
20/01/2025,MTRX.TA,8054.182226,21
21/01/2025,MTRX.TA,8040.186453,22
22/01/2025,MTRX.TA,8172.178719,23
23/01/2025,MTRX.TA,8259.057968,24
24/01/2025,MTRX.TA,8429.999597,25
25/01/2025,MTRX.TA,8363.601234,26
26/01/2025,MTRX.TA,8475.588326,27
27/01/2025,MTRX.TA,8425.330237,28
28/01/2025,MTRX.TA,8437.368266,29
29/01/2025,MTRX.TA,8550.724963,30
31/12/2024,MAXO.TA,1145.190992,1
01/01/2025,MAXO.TA,1145.391503,2
02/01/2025,MAXO.TA,1169.470882,3
03/01/2025,MAXO.TA,1182.274119,4
04/01/2025,MAXO.TA,1179.045006,5
05/01/2025,MAXO.TA,1207.180369,6
06/01/2025,MAXO.TA,1186.368745,7
07/01/2025,MAXO.TA,1166.332633,8
08/01/2025,MAXO.TA,1161.09071,9
09/01/2025,MAXO.TA,1159.347378,10
10/01/2025,MAXO.TA,1178.749115,11
11/01/2025,MAXO.TA,1207.990322,12
12/01/2025,MAXO.TA,1263.067413,13
13/01/2025,MAXO.TA,1253.165601,14
14/01/2025,MAXO.TA,1241.684877,15
15/01/2025,MAXO.TA,1272.238163,16
16/01/2025,MAXO.TA,1266.592337,17
17/01/2025,MAXO.TA,1253.530692,18
18/01/2025,MAXO.TA,1265.222323,19
19/01/2025,MAXO.TA,1248.889298,20
20/01/2025,MAXO.TA,1284.931167,21
21/01/2025,MAXO.TA,1264.845766,22
22/01/2025,MAXO.TA,1275.060116,23
23/01/2025,MAXO.TA,1281.860023,24
24/01/2025,MAXO.TA,1272.405932,25
25/01/2025,MAXO.TA,1253.632594,26
26/01/2025,MAXO.TA,1220.260119,27
27/01/2025,MAXO.TA,1226.849872,28
28/01/2025,MAXO.TA,1236.983539,29
29/01/2025,MAXO.TA,1257.74536,30
31/12/2024,MTRN.TA,1187.316435,1
01/01/2025,MTRN.TA,1408.85247,2
02/01/2025,MTRN.TA,1255.705462,3
03/01/2025,MTRN.TA,1277.329872,4
04/01/2025,MTRN.TA,1771.212048,5
05/01/2025,MTRN.TA,1892.488614,6
06/01/2025,MTRN.TA,1871.291712,7
07/01/2025,MTRN.TA,1882.198811,8
08/01/2025,MTRN.TA,2044.798836,9
09/01/2025,MTRN.TA,2565.796872,10
10/01/2025,MTRN.TA,2258.917633,11
11/01/2025,MTRN.TA,3019.079493,12
12/01/2025,MTRN.TA,2528.150115,13
13/01/2025,MTRN.TA,2146.183686,14
14/01/2025,MTRN.TA,2218.615655,15
15/01/2025,MTRN.TA,1864.898418,16
16/01/2025,MTRN.TA,2049.750044,17
17/01/2025,MTRN.TA,2033.840422,18
18/01/2025,MTRN.TA,1915.928561,19
19/01/2025,MTRN.TA,1730.405139,20
20/01/2025,MTRN.TA,1282.668189,21
21/01/2025,MTRN.TA,1136.565099,22
22/01/2025,MTRN.TA,928.4902089,23
23/01/2025,MTRN.TA,930.9659203,24
24/01/2025,MTRN.TA,921.8748355,25
25/01/2025,MTRN.TA,916.150427,26
26/01/2025,MTRN.TA,835.657827,27
27/01/2025,MTRN.TA,996.9627021,28
28/01/2025,MTRN.TA,1086.916331,29
29/01/2025,MTRN.TA,1217.388795,30
31/12/2024,MDPR.TA,602.6225242,1
01/01/2025,MDPR.TA,589.9230875,2
02/01/2025,MDPR.TA,586.3326806,3
03/01/2025,MDPR.TA,576.9570932,4
04/01/2025,MDPR.TA,569.5355352,5
05/01/2025,MDPR.TA,575.6749848,6
06/01/2025,MDPR.TA,594.1690661,7
07/01/2025,MDPR.TA,603.5967757,8
08/01/2025,MDPR.TA,626.966064,9
09/01/2025,MDPR.TA,626.0377049,10
10/01/2025,MDPR.TA,617.4714478,11
11/01/2025,MDPR.TA,625.0965144,12
12/01/2025,MDPR.TA,618.3116198,13
13/01/2025,MDPR.TA,628.0308241,14
14/01/2025,MDPR.TA,630.2152259,15
15/01/2025,MDPR.TA,631.6924992,16
16/01/2025,MDPR.TA,636.0055665,17
17/01/2025,MDPR.TA,646.460097,18
18/01/2025,MDPR.TA,666.1954496,19
19/01/2025,MDPR.TA,653.7373074,20
20/01/2025,MDPR.TA,670.2479289,21
21/01/2025,MDPR.TA,668.6538285,22
22/01/2025,MDPR.TA,652.5974796,23
23/01/2025,MDPR.TA,652.4864387,24
24/01/2025,MDPR.TA,653.7806618,25
25/01/2025,MDPR.TA,665.5559472,26
26/01/2025,MDPR.TA,662.7858724,27
27/01/2025,MDPR.TA,662.5003316,28
28/01/2025,MDPR.TA,657.1375246,29
29/01/2025,MDPR.TA,640.675332,30
31/12/2024,MPRS.TA,25.55602354,1
01/01/2025,MPRS.TA,437.2608744,2
02/01/2025,MPRS.TA,1188.155976,3
03/01/2025,MPRS.TA,27056.5045,4
04/01/2025,MPRS.TA,606979.2583,5
05/01/2025,MPRS.TA,15695633.96,6
06/01/2025,MPRS.TA,1.70E+08,7
07/01/2025,MPRS.TA,-6.52E+09,8
08/01/2025,MPRS.TA,-1.08E+11,9
09/01/2025,MPRS.TA,-5.08E+11,10
10/01/2025,MPRS.TA,1.77E+12,11
11/01/2025,MPRS.TA,-4.55E+11,12
12/01/2025,MPRS.TA,7.36E+12,13
13/01/2025,MPRS.TA,-1.18E+14,14
14/01/2025,MPRS.TA,-3.03E+15,15
15/01/2025,MPRS.TA,-7.67E+16,16
16/01/2025,MPRS.TA,-7.73E+17,17
17/01/2025,MPRS.TA,-8.18E+18,18
18/01/2025,MPRS.TA,2.29E+19,19
19/01/2025,MPRS.TA,-1.32E+20,20
20/01/2025,MPRS.TA,1.36E+21,21
21/01/2025,MPRS.TA,3.37E+21,22
22/01/2025,MPRS.TA,3.54E+21,23
23/01/2025,MPRS.TA,2.24E+22,24
24/01/2025,MPRS.TA,1.38E+23,25
25/01/2025,MPRS.TA,2.61E+24,26
26/01/2025,MPRS.TA,-1.73E+25,27
27/01/2025,MPRS.TA,-3.42E+25,28
28/01/2025,MPRS.TA,1.31E+27,29
29/01/2025,MPRS.TA,-8.42E+27,30
31/12/2024,MDTR.TA,988.720908,1
01/01/2025,MDTR.TA,1007.361364,2
02/01/2025,MDTR.TA,1040.899688,3
03/01/2025,MDTR.TA,1027.899636,4
04/01/2025,MDTR.TA,1018.180225,5
05/01/2025,MDTR.TA,1065.192218,6
06/01/2025,MDTR.TA,1089.328036,7
07/01/2025,MDTR.TA,1076.136393,8
08/01/2025,MDTR.TA,1116.071232,9
09/01/2025,MDTR.TA,1100.193661,10
10/01/2025,MDTR.TA,1135.15589,11
11/01/2025,MDTR.TA,1092.029156,12
12/01/2025,MDTR.TA,1074.803386,13
13/01/2025,MDTR.TA,1097.875013,14
14/01/2025,MDTR.TA,1061.279982,15
15/01/2025,MDTR.TA,1078.615014,16
16/01/2025,MDTR.TA,1096.550052,17
17/01/2025,MDTR.TA,1079.34026,18
18/01/2025,MDTR.TA,1065.384113,19
19/01/2025,MDTR.TA,1058.973101,20
20/01/2025,MDTR.TA,1106.820524,21
21/01/2025,MDTR.TA,1109.347865,22
22/01/2025,MDTR.TA,1092.459942,23
23/01/2025,MDTR.TA,1101.962559,24
24/01/2025,MDTR.TA,1082.73269,25
25/01/2025,MDTR.TA,1075.768828,26
26/01/2025,MDTR.TA,1070.40347,27
27/01/2025,MDTR.TA,1066.670353,28
28/01/2025,MDTR.TA,1078.207626,29
29/01/2025,MDTR.TA,1054.870066,30
31/12/2024,MGOR.TA,11093.35338,1
01/01/2025,MGOR.TA,11250.95564,2
02/01/2025,MGOR.TA,11557.31714,3
03/01/2025,MGOR.TA,11721.15481,4
04/01/2025,MGOR.TA,11088.23008,5
05/01/2025,MGOR.TA,11259.79808,6
06/01/2025,MGOR.TA,11377.25958,7
07/01/2025,MGOR.TA,11700.6078,8
08/01/2025,MGOR.TA,11722.57339,9
09/01/2025,MGOR.TA,11821.69291,10
10/01/2025,MGOR.TA,12062.95257,11
11/01/2025,MGOR.TA,11855.11445,12
12/01/2025,MGOR.TA,11682.86776,13
13/01/2025,MGOR.TA,11872.53327,14
14/01/2025,MGOR.TA,11713.03878,15
15/01/2025,MGOR.TA,11688.15737,16
16/01/2025,MGOR.TA,11642.73284,17
17/01/2025,MGOR.TA,11476.97252,18
18/01/2025,MGOR.TA,11359.32365,19
19/01/2025,MGOR.TA,11373.41902,20
20/01/2025,MGOR.TA,11819.88862,21
21/01/2025,MGOR.TA,11695.9635,22
22/01/2025,MGOR.TA,12031.36156,23
23/01/2025,MGOR.TA,11912.37756,24
24/01/2025,MGOR.TA,11386.82501,25
25/01/2025,MGOR.TA,12004.00964,26
26/01/2025,MGOR.TA,12128.04027,27
27/01/2025,MGOR.TA,12165.55112,28
28/01/2025,MGOR.TA,11847.59123,29
29/01/2025,MGOR.TA,11831.29307,30
31/12/2024,MEDN.TA,17920.80701,1
01/01/2025,MEDN.TA,18079.46746,2
02/01/2025,MEDN.TA,18338.817,3
03/01/2025,MEDN.TA,18248.09046,4
04/01/2025,MEDN.TA,18151.98316,5
05/01/2025,MEDN.TA,17824.27925,6
06/01/2025,MEDN.TA,17798.50262,7
07/01/2025,MEDN.TA,17873.01921,8
08/01/2025,MEDN.TA,17385.24028,9
09/01/2025,MEDN.TA,17483.47834,10
10/01/2025,MEDN.TA,17421.32288,11
11/01/2025,MEDN.TA,17923.6017,12
12/01/2025,MEDN.TA,17515.15417,13
13/01/2025,MEDN.TA,17740.60944,14
14/01/2025,MEDN.TA,18156.90529,15
15/01/2025,MEDN.TA,18477.29655,16
16/01/2025,MEDN.TA,18674.15737,17
17/01/2025,MEDN.TA,18888.03069,18
18/01/2025,MEDN.TA,19445.0694,19
19/01/2025,MEDN.TA,19589.45242,20
20/01/2025,MEDN.TA,19952.55134,21
21/01/2025,MEDN.TA,19990.19585,22
22/01/2025,MEDN.TA,19634.06472,23
23/01/2025,MEDN.TA,19587.52566,24
24/01/2025,MEDN.TA,19393.81211,25
25/01/2025,MEDN.TA,19665.22083,26
26/01/2025,MEDN.TA,19720.91465,27
27/01/2025,MEDN.TA,19754.29239,28
28/01/2025,MEDN.TA,19428.29389,29
29/01/2025,MEDN.TA,19443.45942,30
31/12/2024,MLSR.TA,31824.09036,1
01/01/2025,MLSR.TA,31886.25922,2
02/01/2025,MLSR.TA,32326.85454,3
03/01/2025,MLSR.TA,31905.53357,4
04/01/2025,MLSR.TA,31734.58602,5
05/01/2025,MLSR.TA,33113.56782,6
06/01/2025,MLSR.TA,33280.22201,7
07/01/2025,MLSR.TA,33352.86485,8
08/01/2025,MLSR.TA,33679.67357,9
09/01/2025,MLSR.TA,33777.89053,10
10/01/2025,MLSR.TA,33684.60623,11
11/01/2025,MLSR.TA,33359.84276,12
12/01/2025,MLSR.TA,33744.49612,13
13/01/2025,MLSR.TA,34358.54815,14
14/01/2025,MLSR.TA,34777.31897,15
15/01/2025,MLSR.TA,34437.2532,16
16/01/2025,MLSR.TA,34072.96295,17
17/01/2025,MLSR.TA,33920.98407,18
18/01/2025,MLSR.TA,33993.49993,19
19/01/2025,MLSR.TA,34107.85971,20
20/01/2025,MLSR.TA,33614.61693,21
21/01/2025,MLSR.TA,33195.03695,22
22/01/2025,MLSR.TA,33093.38855,23
23/01/2025,MLSR.TA,32432.66784,24
24/01/2025,MLSR.TA,32008.0722,25
25/01/2025,MLSR.TA,31830.99828,26
26/01/2025,MLSR.TA,32606.29147,27
27/01/2025,MLSR.TA,33499.35739,28
28/01/2025,MLSR.TA,33779.67676,29
29/01/2025,MLSR.TA,33265.18468,30
31/12/2024,MNIN.TA,1384.946562,1
01/01/2025,MNIN.TA,1353.699232,2
02/01/2025,MNIN.TA,1359.903137,3
03/01/2025,MNIN.TA,1356.865948,4
04/01/2025,MNIN.TA,1392.317416,5
05/01/2025,MNIN.TA,1407.347157,6
06/01/2025,MNIN.TA,1422.016391,7
07/01/2025,MNIN.TA,1452.423454,8
08/01/2025,MNIN.TA,1441.774665,9
09/01/2025,MNIN.TA,1381.303807,10
10/01/2025,MNIN.TA,1375.644398,11
11/01/2025,MNIN.TA,1361.335978,12
12/01/2025,MNIN.TA,1363.757371,13
13/01/2025,MNIN.TA,1359.892353,14
14/01/2025,MNIN.TA,1358.537194,15
15/01/2025,MNIN.TA,1351.588135,16
16/01/2025,MNIN.TA,1310.19041,17
17/01/2025,MNIN.TA,1325.256116,18
18/01/2025,MNIN.TA,1290.085019,19
19/01/2025,MNIN.TA,1282.449401,20
20/01/2025,MNIN.TA,1252.851307,21
21/01/2025,MNIN.TA,1264.070058,22
22/01/2025,MNIN.TA,1269.443407,23
23/01/2025,MNIN.TA,1235.781522,24
24/01/2025,MNIN.TA,1229.263739,25
25/01/2025,MNIN.TA,1190.966337,26
26/01/2025,MNIN.TA,1253.576756,27
27/01/2025,MNIN.TA,1244.765339,28
28/01/2025,MNIN.TA,1240.110701,29
29/01/2025,MNIN.TA,1237.411587,30
31/12/2024,MNIF.TA,1426.813594,1
01/01/2025,MNIF.TA,1416.967985,2
02/01/2025,MNIF.TA,1416.811216,3
03/01/2025,MNIF.TA,1408.869524,4
04/01/2025,MNIF.TA,1420.480406,5
05/01/2025,MNIF.TA,1430.972471,6
06/01/2025,MNIF.TA,1438.059872,7
07/01/2025,MNIF.TA,1442.774677,8
08/01/2025,MNIF.TA,1444.15292,9
09/01/2025,MNIF.TA,1451.177077,10
10/01/2025,MNIF.TA,1468.526327,11
11/01/2025,MNIF.TA,1480.050441,12
12/01/2025,MNIF.TA,1494.652765,13
13/01/2025,MNIF.TA,1525.529466,14
14/01/2025,MNIF.TA,1537.188098,15
15/01/2025,MNIF.TA,1500.433481,16
16/01/2025,MNIF.TA,1523.092808,17
17/01/2025,MNIF.TA,1487.887736,18
18/01/2025,MNIF.TA,1493.461548,19
19/01/2025,MNIF.TA,1485.30775,20
20/01/2025,MNIF.TA,1469.438639,21
21/01/2025,MNIF.TA,1439.759848,22
22/01/2025,MNIF.TA,1417.129919,23
23/01/2025,MNIF.TA,1389.579947,24
24/01/2025,MNIF.TA,1389.908992,25
25/01/2025,MNIF.TA,1420.294288,26
26/01/2025,MNIF.TA,1388.985075,27
27/01/2025,MNIF.TA,1396.660151,28
28/01/2025,MNIF.TA,1402.455664,29
29/01/2025,MNIF.TA,1403.542434,30
31/12/2024,MNRT.TA,195.3434327,1
01/01/2025,MNRT.TA,195.6746177,2
02/01/2025,MNRT.TA,199.0994016,3
03/01/2025,MNRT.TA,193.7068021,4
04/01/2025,MNRT.TA,195.3684077,5
05/01/2025,MNRT.TA,193.8560403,6
06/01/2025,MNRT.TA,193.0085843,7
07/01/2025,MNRT.TA,189.2818228,8
08/01/2025,MNRT.TA,194.9877418,9
09/01/2025,MNRT.TA,198.1006644,10
10/01/2025,MNRT.TA,200.871426,11
11/01/2025,MNRT.TA,209.5062054,12
12/01/2025,MNRT.TA,207.2529189,13
13/01/2025,MNRT.TA,203.8757076,14
14/01/2025,MNRT.TA,207.0104051,15
15/01/2025,MNRT.TA,205.5641257,16
16/01/2025,MNRT.TA,205.8389359,17
17/01/2025,MNRT.TA,205.5323495,18
18/01/2025,MNRT.TA,209.2732277,19
19/01/2025,MNRT.TA,217.2459934,20
20/01/2025,MNRT.TA,216.1081319,21
21/01/2025,MNRT.TA,220.5001974,22
22/01/2025,MNRT.TA,219.3590098,23
23/01/2025,MNRT.TA,223.8141001,24
24/01/2025,MNRT.TA,226.5174241,25
25/01/2025,MNRT.TA,230.4391517,26
26/01/2025,MNRT.TA,228.5487207,27
27/01/2025,MNRT.TA,229.6188361,28
28/01/2025,MNRT.TA,227.2485997,29
29/01/2025,MNRT.TA,230.2007413,30
31/12/2024,MMHD.TA,13495.64939,1
01/01/2025,MMHD.TA,13410.76812,2
02/01/2025,MMHD.TA,13153.06462,3
03/01/2025,MMHD.TA,13356.83697,4
04/01/2025,MMHD.TA,13297.73962,5
05/01/2025,MMHD.TA,13087.45219,6
06/01/2025,MMHD.TA,13235.04401,7
07/01/2025,MMHD.TA,13104.96611,8
08/01/2025,MMHD.TA,13508.50868,9
09/01/2025,MMHD.TA,13688.13738,10
10/01/2025,MMHD.TA,13673.00892,11
11/01/2025,MMHD.TA,13342.31121,12
12/01/2025,MMHD.TA,13462.28337,13
13/01/2025,MMHD.TA,13706.44224,14
14/01/2025,MMHD.TA,13553.26197,15
15/01/2025,MMHD.TA,13337.83508,16
16/01/2025,MMHD.TA,13548.62236,17
17/01/2025,MMHD.TA,13833.20032,18
18/01/2025,MMHD.TA,14080.75683,19
19/01/2025,MMHD.TA,14186.64015,20
20/01/2025,MMHD.TA,14213.62687,21
21/01/2025,MMHD.TA,14637.192,22
22/01/2025,MMHD.TA,14601.97399,23
23/01/2025,MMHD.TA,14677.85073,24
24/01/2025,MMHD.TA,14619.40898,25
25/01/2025,MMHD.TA,14624.26941,26
26/01/2025,MMHD.TA,14820.23535,27
27/01/2025,MMHD.TA,14418.32541,28
28/01/2025,MMHD.TA,14645.11791,29
29/01/2025,MMHD.TA,14820.08909,30
31/12/2024,CMER.TA,2163.704359,1
01/01/2025,CMER.TA,2182.535487,2
02/01/2025,CMER.TA,2259.311895,3
03/01/2025,CMER.TA,2247.410791,4
04/01/2025,CMER.TA,2291.677094,5
05/01/2025,CMER.TA,2324.901045,6
06/01/2025,CMER.TA,2290.787354,7
07/01/2025,CMER.TA,2349.705588,8
08/01/2025,CMER.TA,2382.703291,9
09/01/2025,CMER.TA,2401.867549,10
10/01/2025,CMER.TA,2426.90934,11
11/01/2025,CMER.TA,2436.142107,12
12/01/2025,CMER.TA,2451.517585,13
13/01/2025,CMER.TA,2497.002271,14
14/01/2025,CMER.TA,2430.07889,15
15/01/2025,CMER.TA,2419.739894,16
16/01/2025,CMER.TA,2482.639118,17
17/01/2025,CMER.TA,2538.99505,18
18/01/2025,CMER.TA,2522.036992,19
19/01/2025,CMER.TA,2536.295732,20
20/01/2025,CMER.TA,2427.360521,21
21/01/2025,CMER.TA,2501.232347,22
22/01/2025,CMER.TA,2552.474796,23
23/01/2025,CMER.TA,2586.89075,24
24/01/2025,CMER.TA,2600.140385,25
25/01/2025,CMER.TA,2702.567363,26
26/01/2025,CMER.TA,2758.919276,27
27/01/2025,CMER.TA,2859.380741,28
28/01/2025,CMER.TA,2785.662873,29
29/01/2025,CMER.TA,2778.323997,30
31/12/2024,MRHL.TA,32.00449584,1
01/01/2025,MRHL.TA,34.67074444,2
02/01/2025,MRHL.TA,-33.81643503,3
03/01/2025,MRHL.TA,4.3489356,4
04/01/2025,MRHL.TA,20.13272852,5
05/01/2025,MRHL.TA,63.30125631,6
06/01/2025,MRHL.TA,173.7064733,7
07/01/2025,MRHL.TA,100.9042752,8
08/01/2025,MRHL.TA,-66.9926883,9
09/01/2025,MRHL.TA,-111.8602209,10
10/01/2025,MRHL.TA,-438.4322732,11
11/01/2025,MRHL.TA,-3056.408879,12
12/01/2025,MRHL.TA,-18329.15984,13
13/01/2025,MRHL.TA,77583.48457,14
14/01/2025,MRHL.TA,596501.4206,15
15/01/2025,MRHL.TA,-1222430.183,16
16/01/2025,MRHL.TA,-4741512.749,17
17/01/2025,MRHL.TA,-10966037.42,18
18/01/2025,MRHL.TA,-77900437.38,19
19/01/2025,MRHL.TA,-4.32E+08,20
20/01/2025,MRHL.TA,-3.03E+09,21
21/01/2025,MRHL.TA,-1.91E+10,22
22/01/2025,MRHL.TA,-8.32E+09,23
23/01/2025,MRHL.TA,-3.29E+10,24
24/01/2025,MRHL.TA,-2.65E+11,25
25/01/2025,MRHL.TA,-8.84E+11,26
26/01/2025,MRHL.TA,-3.45E+11,27
27/01/2025,MRHL.TA,1.05E+12,28
28/01/2025,MRHL.TA,6.09E+12,29
29/01/2025,MRHL.TA,-9.44E+12,30
31/12/2024,MSKE.TA,253.4798085,1
01/01/2025,MSKE.TA,262.6492916,2
02/01/2025,MSKE.TA,264.4806831,3
03/01/2025,MSKE.TA,259.8983361,4
04/01/2025,MSKE.TA,264.6759682,5
05/01/2025,MSKE.TA,269.9193908,6
06/01/2025,MSKE.TA,265.6189735,7
07/01/2025,MSKE.TA,265.399282,8
08/01/2025,MSKE.TA,274.251118,9
09/01/2025,MSKE.TA,271.0875846,10
10/01/2025,MSKE.TA,267.7943384,11
11/01/2025,MSKE.TA,270.7820735,12
12/01/2025,MSKE.TA,276.5057784,13
13/01/2025,MSKE.TA,268.8765492,14
14/01/2025,MSKE.TA,261.1921055,15
15/01/2025,MSKE.TA,261.4004558,16
16/01/2025,MSKE.TA,242.9143746,17
17/01/2025,MSKE.TA,245.5613306,18
18/01/2025,MSKE.TA,249.8469436,19
19/01/2025,MSKE.TA,258.8855705,20
20/01/2025,MSKE.TA,264.7562745,21
21/01/2025,MSKE.TA,259.134524,22
22/01/2025,MSKE.TA,243.2219867,23
23/01/2025,MSKE.TA,238.7946973,24
24/01/2025,MSKE.TA,230.245926,25
25/01/2025,MSKE.TA,237.1800124,26
26/01/2025,MSKE.TA,238.5956798,27
27/01/2025,MSKE.TA,254.048973,28
28/01/2025,MSKE.TA,281.6391846,29
29/01/2025,MSKE.TA,282.9075579,30
31/12/2024,MGRT.TA,574.3561624,1
01/01/2025,MGRT.TA,570.0905622,2
02/01/2025,MGRT.TA,593.9350787,3
03/01/2025,MGRT.TA,577.2587732,4
04/01/2025,MGRT.TA,589.6727489,5
05/01/2025,MGRT.TA,599.8384332,6
06/01/2025,MGRT.TA,577.5179468,7
07/01/2025,MGRT.TA,586.0911587,8
08/01/2025,MGRT.TA,588.438881,9
09/01/2025,MGRT.TA,592.7435931,10
10/01/2025,MGRT.TA,585.0875967,11
11/01/2025,MGRT.TA,580.048415,12
12/01/2025,MGRT.TA,583.321164,13
13/01/2025,MGRT.TA,573.7485746,14
14/01/2025,MGRT.TA,558.2901463,15
15/01/2025,MGRT.TA,528.3560948,16
16/01/2025,MGRT.TA,520.9536685,17
17/01/2025,MGRT.TA,500.741505,18
18/01/2025,MGRT.TA,528.4956659,19
19/01/2025,MGRT.TA,537.6497227,20
20/01/2025,MGRT.TA,564.6727151,21
21/01/2025,MGRT.TA,589.5060688,22
22/01/2025,MGRT.TA,598.7169573,23
23/01/2025,MGRT.TA,596.757268,24
24/01/2025,MGRT.TA,607.790985,25
25/01/2025,MGRT.TA,610.1298981,26
26/01/2025,MGRT.TA,621.3618602,27
27/01/2025,MGRT.TA,603.1973838,28
28/01/2025,MGRT.TA,588.4960415,29
29/01/2025,MGRT.TA,617.6659635,30
31/12/2024,MIA.TA,39.8779376,1
01/01/2025,MIA.TA,40.90281877,2
02/01/2025,MIA.TA,37.00334873,3
03/01/2025,MIA.TA,36.94004574,4
04/01/2025,MIA.TA,37.71497237,5
05/01/2025,MIA.TA,39.68135313,6
06/01/2025,MIA.TA,36.46096049,7
07/01/2025,MIA.TA,30.93581776,8
08/01/2025,MIA.TA,31.68292837,9
09/01/2025,MIA.TA,39.96027421,10
10/01/2025,MIA.TA,39.95568117,11
11/01/2025,MIA.TA,37.37231656,12
12/01/2025,MIA.TA,37.58507619,13
13/01/2025,MIA.TA,41.73120822,14
14/01/2025,MIA.TA,34.42081921,15
15/01/2025,MIA.TA,37.2681644,16
16/01/2025,MIA.TA,35.22456871,17
17/01/2025,MIA.TA,36.16742878,18
18/01/2025,MIA.TA,39.24705986,19
19/01/2025,MIA.TA,34.20102839,20
20/01/2025,MIA.TA,44.56568331,21
21/01/2025,MIA.TA,57.46707991,22
22/01/2025,MIA.TA,61.27535536,23
23/01/2025,MIA.TA,63.83723078,24
24/01/2025,MIA.TA,59.70514981,25
25/01/2025,MIA.TA,38.04867286,26
26/01/2025,MIA.TA,35.71698352,27
27/01/2025,MIA.TA,43.93556096,28
28/01/2025,MIA.TA,39.90385628,29
29/01/2025,MIA.TA,38.74979797,30
31/12/2024,MCLL.TA,881.9992669,1
01/01/2025,MCLL.TA,919.9238975,2
02/01/2025,MCLL.TA,941.9109154,3
03/01/2025,MCLL.TA,993.2560037,4
04/01/2025,MCLL.TA,975.3942095,5
05/01/2025,MCLL.TA,1003.101453,6
06/01/2025,MCLL.TA,1009.783494,7
07/01/2025,MCLL.TA,1019.168211,8
08/01/2025,MCLL.TA,1003.10429,9
09/01/2025,MCLL.TA,993.0069688,10
10/01/2025,MCLL.TA,1004.097432,11
11/01/2025,MCLL.TA,1011.225719,12
12/01/2025,MCLL.TA,1013.735959,13
13/01/2025,MCLL.TA,1038.322331,14
14/01/2025,MCLL.TA,1037.174391,15
15/01/2025,MCLL.TA,1071.799157,16
16/01/2025,MCLL.TA,1040.84985,17
17/01/2025,MCLL.TA,1071.106931,18
18/01/2025,MCLL.TA,1101.096592,19
19/01/2025,MCLL.TA,1101.135569,20
20/01/2025,MCLL.TA,1121.137303,21
21/01/2025,MCLL.TA,1104.943429,22
22/01/2025,MCLL.TA,1078.921307,23
23/01/2025,MCLL.TA,1082.536031,24
24/01/2025,MCLL.TA,1085.05818,25
25/01/2025,MCLL.TA,1100.045643,26
26/01/2025,MCLL.TA,1084.566352,27
27/01/2025,MCLL.TA,1087.005289,28
28/01/2025,MCLL.TA,1128.088248,29
29/01/2025,MCLL.TA,1117.741256,30
31/12/2024,MCMN.TA,22589.04408,1
01/01/2025,MCMN.TA,22823.76969,2
02/01/2025,MCMN.TA,23495.60098,3
03/01/2025,MCMN.TA,23395.3647,4
04/01/2025,MCMN.TA,23669.75092,5
05/01/2025,MCMN.TA,24010.91057,6
06/01/2025,MCMN.TA,24085.98466,7
07/01/2025,MCMN.TA,24239.90509,8
08/01/2025,MCMN.TA,24984.58753,9
09/01/2025,MCMN.TA,25223.04343,10
10/01/2025,MCMN.TA,25331.06597,11
11/01/2025,MCMN.TA,25962.12034,12
12/01/2025,MCMN.TA,26669.93617,13
13/01/2025,MCMN.TA,26720.84419,14
14/01/2025,MCMN.TA,26640.49174,15
15/01/2025,MCMN.TA,27035.91381,16
16/01/2025,MCMN.TA,26825.70166,17
17/01/2025,MCMN.TA,27166.02201,18
18/01/2025,MCMN.TA,27769.63234,19
19/01/2025,MCMN.TA,28182.76034,20
20/01/2025,MCMN.TA,28441.30807,21
21/01/2025,MCMN.TA,28721.56895,22
22/01/2025,MCMN.TA,28947.95085,23
23/01/2025,MCMN.TA,29616.25213,24
24/01/2025,MCMN.TA,29827.09185,25
25/01/2025,MCMN.TA,30624.42284,26
26/01/2025,MCMN.TA,30789.23427,27
27/01/2025,MCMN.TA,30732.0593,28
28/01/2025,MCMN.TA,31288.48567,29
29/01/2025,MCMN.TA,31554.59695,30
31/12/2024,MCRNT.TA,179.1871834,1
01/01/2025,MCRNT.TA,179.8362074,2
02/01/2025,MCRNT.TA,166.0673814,3
03/01/2025,MCRNT.TA,185.1298939,4
04/01/2025,MCRNT.TA,188.0376594,5
05/01/2025,MCRNT.TA,203.0881966,6
06/01/2025,MCRNT.TA,207.9865427,7
07/01/2025,MCRNT.TA,198.3275817,8
08/01/2025,MCRNT.TA,195.6824135,9
09/01/2025,MCRNT.TA,196.4020828,10
10/01/2025,MCRNT.TA,183.4031538,11
11/01/2025,MCRNT.TA,180.9522953,12
12/01/2025,MCRNT.TA,151.8700316,13
13/01/2025,MCRNT.TA,162.8437233,14
14/01/2025,MCRNT.TA,181.5230788,15
15/01/2025,MCRNT.TA,190.5947494,16
16/01/2025,MCRNT.TA,185.9167033,17
17/01/2025,MCRNT.TA,182.0504011,18
18/01/2025,MCRNT.TA,176.1775784,19
19/01/2025,MCRNT.TA,166.4413238,20
20/01/2025,MCRNT.TA,161.9867177,21
21/01/2025,MCRNT.TA,171.2267313,22
22/01/2025,MCRNT.TA,171.294421,23
23/01/2025,MCRNT.TA,191.4148796,24
24/01/2025,MCRNT.TA,182.8466259,25
25/01/2025,MCRNT.TA,193.1442626,26
26/01/2025,MCRNT.TA,203.488691,27
27/01/2025,MCRNT.TA,217.0002745,28
28/01/2025,MCRNT.TA,224.3068813,29
29/01/2025,MCRNT.TA,254.536587,30
31/12/2024,MGDL.TA,672.1637739,1
01/01/2025,MGDL.TA,682.0224197,2
02/01/2025,MGDL.TA,681.2747131,3
03/01/2025,MGDL.TA,687.7710687,4
04/01/2025,MGDL.TA,692.2945402,5
05/01/2025,MGDL.TA,709.2011609,6
06/01/2025,MGDL.TA,696.2323736,7
07/01/2025,MGDL.TA,687.0969458,8
08/01/2025,MGDL.TA,685.6401666,9
09/01/2025,MGDL.TA,687.4523272,10
10/01/2025,MGDL.TA,699.4274592,11
11/01/2025,MGDL.TA,709.9658298,12
12/01/2025,MGDL.TA,709.4662694,13
13/01/2025,MGDL.TA,694.8948,14
14/01/2025,MGDL.TA,721.1907266,15
15/01/2025,MGDL.TA,711.8125348,16
16/01/2025,MGDL.TA,720.2751577,17
17/01/2025,MGDL.TA,725.2293149,18
18/01/2025,MGDL.TA,738.8634669,19
19/01/2025,MGDL.TA,750.4855749,20
20/01/2025,MGDL.TA,760.4242946,21
21/01/2025,MGDL.TA,760.6623651,22
22/01/2025,MGDL.TA,754.3074498,23
23/01/2025,MGDL.TA,754.5567402,24
24/01/2025,MGDL.TA,727.8830018,25
25/01/2025,MGDL.TA,741.3315156,26
26/01/2025,MGDL.TA,741.9729973,27
27/01/2025,MGDL.TA,752.7118453,28
28/01/2025,MGDL.TA,753.3413252,29
29/01/2025,MGDL.TA,741.2532161,30
31/12/2024,MIFT.TA,193.706067,1
01/01/2025,MIFT.TA,216.0638579,2
02/01/2025,MIFT.TA,209.6506449,3
03/01/2025,MIFT.TA,218.0684531,4
04/01/2025,MIFT.TA,218.4098905,5
05/01/2025,MIFT.TA,221.2661422,6
06/01/2025,MIFT.TA,248.0385108,7
07/01/2025,MIFT.TA,321.169297,8
08/01/2025,MIFT.TA,300.4520611,9
09/01/2025,MIFT.TA,286.9300007,10
10/01/2025,MIFT.TA,385.4221403,11
11/01/2025,MIFT.TA,455.0185314,12
12/01/2025,MIFT.TA,373.4994077,13
13/01/2025,MIFT.TA,385.9101181,14
14/01/2025,MIFT.TA,383.9566145,15
15/01/2025,MIFT.TA,266.3266391,16
16/01/2025,MIFT.TA,303.4115361,17
17/01/2025,MIFT.TA,274.5099593,18
18/01/2025,MIFT.TA,315.1617726,19
19/01/2025,MIFT.TA,269.4497921,20
20/01/2025,MIFT.TA,268.3476924,21
21/01/2025,MIFT.TA,237.5891903,22
22/01/2025,MIFT.TA,253.2467964,23
23/01/2025,MIFT.TA,247.0929704,24
24/01/2025,MIFT.TA,224.1312174,25
25/01/2025,MIFT.TA,272.3756829,26
26/01/2025,MIFT.TA,260.3818732,27
27/01/2025,MIFT.TA,308.4039613,28
28/01/2025,MIFT.TA,295.2527693,29
29/01/2025,MIFT.TA,254.4676259,30
31/12/2024,MLD.TA,0.03375764,1
01/01/2025,MLD.TA,0.04626786,2
02/01/2025,MLD.TA,0.07533882,3
03/01/2025,MLD.TA,0.09828119,4
04/01/2025,MLD.TA,0.0865018,5
05/01/2025,MLD.TA,0.11606861,6
06/01/2025,MLD.TA,0.20591287,7
07/01/2025,MLD.TA,0.15441894,8
08/01/2025,MLD.TA,0.14967349,9
09/01/2025,MLD.TA,0.13812498,10
10/01/2025,MLD.TA,0.06984901,11
11/01/2025,MLD.TA,0.03749153,12
12/01/2025,MLD.TA,0.01806562,13
13/01/2025,MLD.TA,0.02988574,14
14/01/2025,MLD.TA,0.01684588,15
15/01/2025,MLD.TA,0.02242074,16
16/01/2025,MLD.TA,0.02642538,17
17/01/2025,MLD.TA,0.02704571,18
18/01/2025,MLD.TA,0.03363834,19
19/01/2025,MLD.TA,0.03014634,20
20/01/2025,MLD.TA,0.02732262,21
21/01/2025,MLD.TA,0.03903038,22
22/01/2025,MLD.TA,0.0624534,23
23/01/2025,MLD.TA,0.08252677,24
24/01/2025,MLD.TA,0.066055,25
25/01/2025,MLD.TA,0.08018788,26
26/01/2025,MLD.TA,0.11109959,27
27/01/2025,MLD.TA,0.12906189,28
28/01/2025,MLD.TA,0.21222188,29
29/01/2025,MLD.TA,0.03139837,30
31/12/2024,MSHR.TA,678.1225163,1
01/01/2025,MSHR.TA,671.1019466,2
02/01/2025,MSHR.TA,656.7612013,3
03/01/2025,MSHR.TA,646.4284036,4
04/01/2025,MSHR.TA,647.0752329,5
05/01/2025,MSHR.TA,652.3941395,6
06/01/2025,MSHR.TA,660.3752459,7
07/01/2025,MSHR.TA,627.6601476,8
08/01/2025,MSHR.TA,628.6319044,9
09/01/2025,MSHR.TA,649.8989392,10
10/01/2025,MSHR.TA,647.6845735,11
11/01/2025,MSHR.TA,670.268987,12
12/01/2025,MSHR.TA,696.1240056,13
13/01/2025,MSHR.TA,697.6163252,14
14/01/2025,MSHR.TA,706.8618996,15
15/01/2025,MSHR.TA,705.7561785,16
16/01/2025,MSHR.TA,711.1139076,17
17/01/2025,MSHR.TA,730.2920365,18
18/01/2025,MSHR.TA,717.4525165,19
19/01/2025,MSHR.TA,724.8053747,20
20/01/2025,MSHR.TA,706.2796487,21
21/01/2025,MSHR.TA,699.1692612,22
22/01/2025,MSHR.TA,704.6020319,23
23/01/2025,MSHR.TA,708.6819495,24
24/01/2025,MSHR.TA,701.4789837,25
25/01/2025,MSHR.TA,714.051837,26
26/01/2025,MSHR.TA,711.1505124,27
27/01/2025,MSHR.TA,705.3961503,28
28/01/2025,MSHR.TA,720.2433416,29
29/01/2025,MSHR.TA,727.5696838,30
31/12/2024,MVNE.TA,1032.850931,1
01/01/2025,MVNE.TA,997.8715021,2
02/01/2025,MVNE.TA,979.8187596,3
03/01/2025,MVNE.TA,985.3715829,4
04/01/2025,MVNE.TA,965.1191266,5
05/01/2025,MVNE.TA,968.9664725,6
06/01/2025,MVNE.TA,981.1167574,7
07/01/2025,MVNE.TA,986.3797401,8
08/01/2025,MVNE.TA,967.0220961,9
09/01/2025,MVNE.TA,972.651366,10
10/01/2025,MVNE.TA,966.3600434,11
11/01/2025,MVNE.TA,983.308646,12
12/01/2025,MVNE.TA,992.3123939,13
13/01/2025,MVNE.TA,989.8297237,14
14/01/2025,MVNE.TA,989.2111838,15
15/01/2025,MVNE.TA,1043.245284,16
16/01/2025,MVNE.TA,1066.012624,17
17/01/2025,MVNE.TA,1064.857152,18
18/01/2025,MVNE.TA,1053.969719,19
19/01/2025,MVNE.TA,1030.716354,20
20/01/2025,MVNE.TA,1016.683209,21
21/01/2025,MVNE.TA,1032.625767,22
22/01/2025,MVNE.TA,1057.344277,23
23/01/2025,MVNE.TA,1067.118321,24
24/01/2025,MVNE.TA,1081.340807,25
25/01/2025,MVNE.TA,1091.600412,26
26/01/2025,MVNE.TA,1093.278801,27
27/01/2025,MVNE.TA,1107.940796,28
28/01/2025,MVNE.TA,1131.528979,29
29/01/2025,MVNE.TA,1135.167098,30
31/12/2024,MISH.TA,17446.52013,1
01/01/2025,MISH.TA,18243.90362,2
02/01/2025,MISH.TA,17166.48416,3
03/01/2025,MISH.TA,18279.61182,4
04/01/2025,MISH.TA,14748.41425,5
05/01/2025,MISH.TA,16275.45681,6
06/01/2025,MISH.TA,16655.73303,7
07/01/2025,MISH.TA,17199.39542,8
08/01/2025,MISH.TA,18430.86386,9
09/01/2025,MISH.TA,18471.46581,10
10/01/2025,MISH.TA,18099.73326,11
11/01/2025,MISH.TA,19341.02732,12
12/01/2025,MISH.TA,18588.01447,13
13/01/2025,MISH.TA,19159.99027,14
14/01/2025,MISH.TA,19994.16611,15
15/01/2025,MISH.TA,23019.34301,16
16/01/2025,MISH.TA,26845.35654,17
17/01/2025,MISH.TA,24630.90143,18
18/01/2025,MISH.TA,23131.70815,19
19/01/2025,MISH.TA,24313.8343,20
20/01/2025,MISH.TA,22329.23814,21
21/01/2025,MISH.TA,22753.86221,22
22/01/2025,MISH.TA,24470.74372,23
23/01/2025,MISH.TA,23765.44016,24
24/01/2025,MISH.TA,22358.74731,25
25/01/2025,MISH.TA,21412.25743,26
26/01/2025,MISH.TA,28512.51663,27
27/01/2025,MISH.TA,29735.84149,28
28/01/2025,MISH.TA,28102.27192,29
29/01/2025,MISH.TA,28106.19127,30
31/12/2024,MZTF.TA,15693.00128,1
01/01/2025,MZTF.TA,15752.52652,2
02/01/2025,MZTF.TA,15896.61806,3
03/01/2025,MZTF.TA,15788.05705,4
04/01/2025,MZTF.TA,15873.55687,5
05/01/2025,MZTF.TA,15812.20735,6
06/01/2025,MZTF.TA,16015.47473,7
07/01/2025,MZTF.TA,15948.46194,8
08/01/2025,MZTF.TA,15784.05319,9
09/01/2025,MZTF.TA,15684.85266,10
10/01/2025,MZTF.TA,15412.4799,11
11/01/2025,MZTF.TA,15028.31506,12
12/01/2025,MZTF.TA,15132.17304,13
13/01/2025,MZTF.TA,15257.69624,14
14/01/2025,MZTF.TA,15090.72299,15
15/01/2025,MZTF.TA,15361.97496,16
16/01/2025,MZTF.TA,15758.30666,17
17/01/2025,MZTF.TA,15678.1463,18
18/01/2025,MZTF.TA,15889.05601,19
19/01/2025,MZTF.TA,15734.51383,20
20/01/2025,MZTF.TA,16285.79416,21
21/01/2025,MZTF.TA,16376.94697,22
22/01/2025,MZTF.TA,16728.32761,23
23/01/2025,MZTF.TA,16954.59215,24
24/01/2025,MZTF.TA,16673.45833,25
25/01/2025,MZTF.TA,16984.16558,26
26/01/2025,MZTF.TA,16843.70064,27
27/01/2025,MZTF.TA,16514.59963,28
28/01/2025,MZTF.TA,16096.02455,29
29/01/2025,MZTF.TA,16094.29513,30
31/12/2024,MLRN.TA,708.158022,1
01/01/2025,MLRN.TA,710.9832474,2
02/01/2025,MLRN.TA,737.4363294,3
03/01/2025,MLRN.TA,734.6298425,4
04/01/2025,MLRN.TA,746.6357476,5
05/01/2025,MLRN.TA,735.0622676,6
06/01/2025,MLRN.TA,740.6482492,7
07/01/2025,MLRN.TA,742.849847,8
08/01/2025,MLRN.TA,752.6043954,9
09/01/2025,MLRN.TA,761.4712147,10
10/01/2025,MLRN.TA,763.8061288,11
11/01/2025,MLRN.TA,754.3413658,12
12/01/2025,MLRN.TA,757.6101477,13
13/01/2025,MLRN.TA,761.505617,14
14/01/2025,MLRN.TA,759.5475196,15
15/01/2025,MLRN.TA,770.9862202,16
16/01/2025,MLRN.TA,752.3300542,17
17/01/2025,MLRN.TA,739.9267098,18
18/01/2025,MLRN.TA,730.5668167,19
19/01/2025,MLRN.TA,726.4816408,20
20/01/2025,MLRN.TA,744.3494703,21
21/01/2025,MLRN.TA,768.8909035,22
22/01/2025,MLRN.TA,772.0861851,23
23/01/2025,MLRN.TA,765.3071718,24
24/01/2025,MLRN.TA,767.3471004,25
25/01/2025,MLRN.TA,746.9934019,26
26/01/2025,MLRN.TA,744.2710892,27
27/01/2025,MLRN.TA,743.7179107,28
28/01/2025,MLRN.TA,730.0562919,29
29/01/2025,MLRN.TA,745.8840869,30
31/12/2024,MDIN.TA,152.9129735,1
01/01/2025,MDIN.TA,156.1626349,2
02/01/2025,MDIN.TA,159.8305968,3
03/01/2025,MDIN.TA,155.1607181,4
04/01/2025,MDIN.TA,151.3208358,5
05/01/2025,MDIN.TA,152.7244367,6
06/01/2025,MDIN.TA,156.1012935,7
07/01/2025,MDIN.TA,150.4740333,8
08/01/2025,MDIN.TA,148.2793806,9
09/01/2025,MDIN.TA,149.0887127,10
10/01/2025,MDIN.TA,150.9844415,11
11/01/2025,MDIN.TA,149.5129257,12
12/01/2025,MDIN.TA,147.9228664,13
13/01/2025,MDIN.TA,142.7067162,14
14/01/2025,MDIN.TA,140.6495782,15
15/01/2025,MDIN.TA,135.8490586,16
16/01/2025,MDIN.TA,139.0411054,17
17/01/2025,MDIN.TA,140.17293,18
18/01/2025,MDIN.TA,143.9118573,19
19/01/2025,MDIN.TA,140.722332,20
20/01/2025,MDIN.TA,142.7109982,21
21/01/2025,MDIN.TA,135.3159175,22
22/01/2025,MDIN.TA,130.8268774,23
23/01/2025,MDIN.TA,127.7969804,24
24/01/2025,MDIN.TA,126.0592564,25
25/01/2025,MDIN.TA,128.2954427,26
26/01/2025,MDIN.TA,133.7904872,27
27/01/2025,MDIN.TA,144.5738463,28
28/01/2025,MDIN.TA,143.6149305,29
29/01/2025,MDIN.TA,137.9935747,30
31/12/2024,MRG.TA,1154.811354,1
01/01/2025,MRG.TA,919.2121898,2
02/01/2025,MRG.TA,987.9442782,3
03/01/2025,MRG.TA,945.9311281,4
04/01/2025,MRG.TA,682.5474999,5
05/01/2025,MRG.TA,747.8067667,6
06/01/2025,MRG.TA,862.0716179,7
07/01/2025,MRG.TA,643.7587568,8
08/01/2025,MRG.TA,716.9790869,9
09/01/2025,MRG.TA,742.0244803,10
10/01/2025,MRG.TA,570.8467827,11
11/01/2025,MRG.TA,569.3266348,12
12/01/2025,MRG.TA,538.3084977,13
13/01/2025,MRG.TA,461.0366714,14
14/01/2025,MRG.TA,406.3571185,15
15/01/2025,MRG.TA,354.8052435,16
16/01/2025,MRG.TA,384.9602178,17
17/01/2025,MRG.TA,418.5046399,18
18/01/2025,MRG.TA,380.469097,19
19/01/2025,MRG.TA,367.7530404,20
20/01/2025,MRG.TA,331.5226509,21
21/01/2025,MRG.TA,312.3636925,22
22/01/2025,MRG.TA,238.3310637,23
23/01/2025,MRG.TA,297.459617,24
24/01/2025,MRG.TA,264.3894817,25
25/01/2025,MRG.TA,265.5492701,26
26/01/2025,MRG.TA,214.2769927,27
27/01/2025,MRG.TA,202.0754235,28
28/01/2025,MRG.TA,215.5943661,29
29/01/2025,MRG.TA,226.2872365,30
31/12/2024,MYDS.TA,2.14477812,1
01/01/2025,MYDS.TA,-0.62627169,2
02/01/2025,MYDS.TA,-1.02580334,3
03/01/2025,MYDS.TA,0.43068027,4
04/01/2025,MYDS.TA,-0.03278938,5
05/01/2025,MYDS.TA,-0.05446858,6
06/01/2025,MYDS.TA,0.19406133,7
07/01/2025,MYDS.TA,0.24804601,8
08/01/2025,MYDS.TA,0.37690053,9
09/01/2025,MYDS.TA,0.05983454,10
10/01/2025,MYDS.TA,-0.040752,11
11/01/2025,MYDS.TA,-0.06306586,12
12/01/2025,MYDS.TA,-0.03942253,13
13/01/2025,MYDS.TA,-0.0815176,14
14/01/2025,MYDS.TA,0.04586105,15
15/01/2025,MYDS.TA,0.08311866,16
16/01/2025,MYDS.TA,0.11036325,17
17/01/2025,MYDS.TA,0.01510116,18
18/01/2025,MYDS.TA,0.03016365,19
19/01/2025,MYDS.TA,0.09927645,20
20/01/2025,MYDS.TA,0.23107535,21
21/01/2025,MYDS.TA,0.125541,22
22/01/2025,MYDS.TA,0.21630775,23
23/01/2025,MYDS.TA,0.32330222,24
24/01/2025,MYDS.TA,0.01907194,25
25/01/2025,MYDS.TA,0.03508569,26
26/01/2025,MYDS.TA,-0.00789161,27
27/01/2025,MYDS.TA,-0.02202505,28
28/01/2025,MYDS.TA,-0.01969743,29
29/01/2025,MYDS.TA,-0.00525847,30
31/12/2024,NFTA.TA,2260.635416,1
01/01/2025,NFTA.TA,2261.676926,2
02/01/2025,NFTA.TA,2285.161143,3
03/01/2025,NFTA.TA,2350.889273,4
04/01/2025,NFTA.TA,2364.362279,5
05/01/2025,NFTA.TA,2358.204912,6
06/01/2025,NFTA.TA,2333.88197,7
07/01/2025,NFTA.TA,2400.099881,8
08/01/2025,NFTA.TA,2157.040398,9
09/01/2025,NFTA.TA,2142.348576,10
10/01/2025,NFTA.TA,2136.367306,11
11/01/2025,NFTA.TA,2164.185118,12
12/01/2025,NFTA.TA,2061.757648,13
13/01/2025,NFTA.TA,2005.440986,14
14/01/2025,NFTA.TA,2093.535745,15
15/01/2025,NFTA.TA,2139.466827,16
16/01/2025,NFTA.TA,2025.093429,17
17/01/2025,NFTA.TA,1909.727387,18
18/01/2025,NFTA.TA,1835.465858,19
19/01/2025,NFTA.TA,1853.183368,20
20/01/2025,NFTA.TA,1926.215925,21
21/01/2025,NFTA.TA,1866.156526,22
22/01/2025,NFTA.TA,1813.467667,23
23/01/2025,NFTA.TA,1776.870211,24
24/01/2025,NFTA.TA,1752.240016,25
25/01/2025,NFTA.TA,1741.00898,26
26/01/2025,NFTA.TA,1598.050199,27
27/01/2025,NFTA.TA,1645.282498,28
28/01/2025,NFTA.TA,1686.905768,29
29/01/2025,NFTA.TA,1671.678403,30
31/12/2024,NVPT.TA,6300.925106,1
01/01/2025,NVPT.TA,6334.831033,2
02/01/2025,NVPT.TA,6290.489458,3
03/01/2025,NVPT.TA,6407.990259,4
04/01/2025,NVPT.TA,6231.017853,5
05/01/2025,NVPT.TA,6359.137801,6
06/01/2025,NVPT.TA,6511.093524,7
07/01/2025,NVPT.TA,6566.544522,8
08/01/2025,NVPT.TA,6585.920459,9
09/01/2025,NVPT.TA,6747.075268,10
10/01/2025,NVPT.TA,6700.457061,11
11/01/2025,NVPT.TA,6798.325071,12
12/01/2025,NVPT.TA,6599.218097,13
13/01/2025,NVPT.TA,6470.502432,14
14/01/2025,NVPT.TA,6552.985163,15
15/01/2025,NVPT.TA,6452.597081,16
16/01/2025,NVPT.TA,6519.310585,17
17/01/2025,NVPT.TA,6566.948783,18
18/01/2025,NVPT.TA,6606.769382,19
19/01/2025,NVPT.TA,6673.137041,20
20/01/2025,NVPT.TA,6720.603711,21
21/01/2025,NVPT.TA,6650.479559,22
22/01/2025,NVPT.TA,6548.527529,23
23/01/2025,NVPT.TA,6353.815098,24
24/01/2025,NVPT.TA,6222.04265,25
25/01/2025,NVPT.TA,6367.506059,26
26/01/2025,NVPT.TA,6368.582483,27
27/01/2025,NVPT.TA,6416.188979,28
28/01/2025,NVPT.TA,6446.951033,29
29/01/2025,NVPT.TA,6551.517258,30
31/12/2024,NAWI.TA,3598.373709,1
01/01/2025,NAWI.TA,3648.52685,2
02/01/2025,NAWI.TA,3652.529484,3
03/01/2025,NAWI.TA,3644.847073,4
04/01/2025,NAWI.TA,3713.348398,5
05/01/2025,NAWI.TA,3837.379918,6
06/01/2025,NAWI.TA,3962.439167,7
07/01/2025,NAWI.TA,3983.839713,8
08/01/2025,NAWI.TA,3997.085013,9
09/01/2025,NAWI.TA,4050.970066,10
10/01/2025,NAWI.TA,4055.088156,11
11/01/2025,NAWI.TA,4113.588027,12
12/01/2025,NAWI.TA,4036.016511,13
13/01/2025,NAWI.TA,4155.566134,14
14/01/2025,NAWI.TA,4116.418427,15
15/01/2025,NAWI.TA,4133.423516,16
16/01/2025,NAWI.TA,4154.735462,17
17/01/2025,NAWI.TA,4178.332168,18
18/01/2025,NAWI.TA,4233.159709,19
19/01/2025,NAWI.TA,4265.088213,20
20/01/2025,NAWI.TA,4360.957687,21
21/01/2025,NAWI.TA,4347.781323,22
22/01/2025,NAWI.TA,4502.83428,23
23/01/2025,NAWI.TA,4555.062117,24
24/01/2025,NAWI.TA,4631.401858,25
25/01/2025,NAWI.TA,4754.014601,26
26/01/2025,NAWI.TA,4757.803372,27
27/01/2025,NAWI.TA,4679.739841,28
28/01/2025,NAWI.TA,4671.780761,29
29/01/2025,NAWI.TA,4699.876504,30
31/12/2024,NYAX.TA,10423.89143,1
01/01/2025,NYAX.TA,10157.1257,2
02/01/2025,NYAX.TA,10117.37848,3
03/01/2025,NYAX.TA,9923.344751,4
04/01/2025,NYAX.TA,9644.401874,5
05/01/2025,NYAX.TA,9989.936589,6
06/01/2025,NYAX.TA,10179.45565,7
07/01/2025,NYAX.TA,10292.63127,8
08/01/2025,NYAX.TA,9981.421819,9
09/01/2025,NYAX.TA,9765.174291,10
10/01/2025,NYAX.TA,9756.573954,11
11/01/2025,NYAX.TA,9845.684745,12
12/01/2025,NYAX.TA,10083.83125,13
13/01/2025,NYAX.TA,9947.571136,14
14/01/2025,NYAX.TA,10102.17691,15
15/01/2025,NYAX.TA,10264.81809,16
16/01/2025,NYAX.TA,10059.1335,17
17/01/2025,NYAX.TA,9680.978163,18
18/01/2025,NYAX.TA,9821.665505,19
19/01/2025,NYAX.TA,9963.566618,20
20/01/2025,NYAX.TA,10192.83083,21
21/01/2025,NYAX.TA,10275.14555,22
22/01/2025,NYAX.TA,10529.33516,23
23/01/2025,NYAX.TA,10392.89667,24
24/01/2025,NYAX.TA,10863.01811,25
25/01/2025,NYAX.TA,10705.39623,26
26/01/2025,NYAX.TA,10414.18968,27
27/01/2025,NYAX.TA,10306.78409,28
28/01/2025,NYAX.TA,10170.21645,29
29/01/2025,NYAX.TA,10211.99164,30
31/12/2024,NTGR.TA,1349.22336,1
01/01/2025,NTGR.TA,1346.96136,2
02/01/2025,NTGR.TA,1354.353524,3
03/01/2025,NTGR.TA,1341.193687,4
04/01/2025,NTGR.TA,1353.739321,5
05/01/2025,NTGR.TA,1368.44167,6
06/01/2025,NTGR.TA,1394.433732,7
07/01/2025,NTGR.TA,1356.036575,8
08/01/2025,NTGR.TA,1336.006789,9
09/01/2025,NTGR.TA,1319.00577,10
10/01/2025,NTGR.TA,1288.484292,11
11/01/2025,NTGR.TA,1304.389239,12
12/01/2025,NTGR.TA,1327.780851,13
13/01/2025,NTGR.TA,1314.202469,14
14/01/2025,NTGR.TA,1307.305017,15
15/01/2025,NTGR.TA,1313.960801,16
16/01/2025,NTGR.TA,1325.956872,17
17/01/2025,NTGR.TA,1346.983487,18
18/01/2025,NTGR.TA,1383.065137,19
19/01/2025,NTGR.TA,1375.651126,20
20/01/2025,NTGR.TA,1378.510156,21
21/01/2025,NTGR.TA,1356.572577,22
22/01/2025,NTGR.TA,1367.164768,23
23/01/2025,NTGR.TA,1353.349559,24
24/01/2025,NTGR.TA,1347.077937,25
25/01/2025,NTGR.TA,1347.309731,26
26/01/2025,NTGR.TA,1341.642435,27
27/01/2025,NTGR.TA,1323.917396,28
28/01/2025,NTGR.TA,1309.628532,29
29/01/2025,NTGR.TA,1325.888647,30
31/12/2024,NTNB.TA,207.3636216,1
01/01/2025,NTNB.TA,207.14509,2
02/01/2025,NTNB.TA,207.4931938,3
03/01/2025,NTNB.TA,207.6363612,4
04/01/2025,NTNB.TA,207.3799606,5
05/01/2025,NTNB.TA,206.9695308,6
06/01/2025,NTNB.TA,207.4330633,7
07/01/2025,NTNB.TA,207.6151443,8
08/01/2025,NTNB.TA,208.4358629,9
09/01/2025,NTNB.TA,208.7072167,10
10/01/2025,NTNB.TA,210.0266058,11
11/01/2025,NTNB.TA,209.8196258,12
12/01/2025,NTNB.TA,210.27139,13
13/01/2025,NTNB.TA,210.9310682,14
14/01/2025,NTNB.TA,211.6163621,15
15/01/2025,NTNB.TA,212.4958917,16
16/01/2025,NTNB.TA,212.5837483,17
17/01/2025,NTNB.TA,213.5792846,18
18/01/2025,NTNB.TA,213.0038152,19
19/01/2025,NTNB.TA,213.4035808,20
20/01/2025,NTNB.TA,213.2654162,21
21/01/2025,NTNB.TA,213.2245435,22
22/01/2025,NTNB.TA,213.6356121,23
23/01/2025,NTNB.TA,213.521309,24
24/01/2025,NTNB.TA,213.7830117,25
25/01/2025,NTNB.TA,213.4799349,26
26/01/2025,NTNB.TA,212.2349647,27
27/01/2025,NTNB.TA,213.8342329,28
28/01/2025,NTNB.TA,212.7223789,29
29/01/2025,NTNB.TA,213.2240546,30
31/12/2024,NTO.TA,11108.75307,1
01/01/2025,NTO.TA,11177.47358,2
02/01/2025,NTO.TA,11294.32554,3
03/01/2025,NTO.TA,10852.09539,4
04/01/2025,NTO.TA,11171.88747,5
05/01/2025,NTO.TA,11354.15326,6
06/01/2025,NTO.TA,11502.52167,7
07/01/2025,NTO.TA,11801.08414,8
08/01/2025,NTO.TA,11966.01813,9
09/01/2025,NTO.TA,12065.33879,10
10/01/2025,NTO.TA,12136.56481,11
11/01/2025,NTO.TA,12271.23302,12
12/01/2025,NTO.TA,12053.0787,13
13/01/2025,NTO.TA,12197.18408,14
14/01/2025,NTO.TA,11942.37467,15
15/01/2025,NTO.TA,11684.96543,16
16/01/2025,NTO.TA,11714.14909,17
17/01/2025,NTO.TA,11608.97575,18
18/01/2025,NTO.TA,11839.98823,19
19/01/2025,NTO.TA,12322.2903,20
20/01/2025,NTO.TA,12247.51956,21
21/01/2025,NTO.TA,12130.82189,22
22/01/2025,NTO.TA,11965.41861,23
23/01/2025,NTO.TA,12044.41672,24
24/01/2025,NTO.TA,12274.01251,25
25/01/2025,NTO.TA,12440.19772,26
26/01/2025,NTO.TA,12703.89712,27
27/01/2025,NTO.TA,12529.93561,28
28/01/2025,NTO.TA,12554.30393,29
29/01/2025,NTO.TA,12718.24971,30
31/12/2024,NTML.TA,7921.355511,1
01/01/2025,NTML.TA,7807.213305,2
02/01/2025,NTML.TA,7728.31302,3
03/01/2025,NTML.TA,7605.708858,4
04/01/2025,NTML.TA,7654.909354,5
05/01/2025,NTML.TA,7701.079311,6
06/01/2025,NTML.TA,7847.436024,7
07/01/2025,NTML.TA,7807.954952,8
08/01/2025,NTML.TA,7949.518503,9
09/01/2025,NTML.TA,7996.345606,10
10/01/2025,NTML.TA,8019.94543,11
11/01/2025,NTML.TA,8090.522536,12
12/01/2025,NTML.TA,7975.592815,13
13/01/2025,NTML.TA,8230.555113,14
14/01/2025,NTML.TA,8217.527229,15
15/01/2025,NTML.TA,8295.405502,16
16/01/2025,NTML.TA,8300.464501,17
17/01/2025,NTML.TA,8449.656754,18
18/01/2025,NTML.TA,8554.703533,19
19/01/2025,NTML.TA,8612.432146,20
20/01/2025,NTML.TA,9014.972836,21
21/01/2025,NTML.TA,9150.60463,22
22/01/2025,NTML.TA,9360.259297,23
23/01/2025,NTML.TA,9222.879882,24
24/01/2025,NTML.TA,9173.281824,25
25/01/2025,NTML.TA,9094.403472,26
26/01/2025,NTML.TA,9037.753261,27
27/01/2025,NTML.TA,8813.373019,28
28/01/2025,NTML.TA,8753.534173,29
29/01/2025,NTML.TA,8734.683218,30
31/12/2024,NWMD.TA,1057.680542,1
01/01/2025,NWMD.TA,1072.222067,2
02/01/2025,NWMD.TA,1077.684878,3
03/01/2025,NWMD.TA,1036.152044,4
04/01/2025,NWMD.TA,1078.011715,5
05/01/2025,NWMD.TA,1080.469895,6
06/01/2025,NWMD.TA,1058.651747,7
07/01/2025,NWMD.TA,1066.546538,8
08/01/2025,NWMD.TA,1057.237501,9
09/01/2025,NWMD.TA,1047.673937,10
10/01/2025,NWMD.TA,1037.649993,11
11/01/2025,NWMD.TA,1068.724696,12
12/01/2025,NWMD.TA,1080.948714,13
13/01/2025,NWMD.TA,1073.594217,14
14/01/2025,NWMD.TA,1086.681339,15
15/01/2025,NWMD.TA,1087.384269,16
16/01/2025,NWMD.TA,1063.896609,17
17/01/2025,NWMD.TA,1059.271448,18
18/01/2025,NWMD.TA,1059.504163,19
19/01/2025,NWMD.TA,1042.123671,20
20/01/2025,NWMD.TA,1047.897988,21
21/01/2025,NWMD.TA,1055.912357,22
22/01/2025,NWMD.TA,1043.20465,23
23/01/2025,NWMD.TA,1060.146023,24
24/01/2025,NWMD.TA,1062.400582,25
25/01/2025,NWMD.TA,1076.673804,26
26/01/2025,NWMD.TA,1077.906072,27
27/01/2025,NWMD.TA,1079.135447,28
28/01/2025,NWMD.TA,1063.972279,29
29/01/2025,NWMD.TA,1040.370613,30
31/12/2024,NXSN.TA,5054.572724,1
01/01/2025,NXSN.TA,4886.281026,2
02/01/2025,NXSN.TA,5104.565427,3
03/01/2025,NXSN.TA,5068.410061,4
04/01/2025,NXSN.TA,5018.904614,5
05/01/2025,NXSN.TA,4885.802352,6
06/01/2025,NXSN.TA,4818.796685,7
07/01/2025,NXSN.TA,4941.202761,8
08/01/2025,NXSN.TA,4807.205268,9
09/01/2025,NXSN.TA,4972.336697,10
10/01/2025,NXSN.TA,4970.673174,11
11/01/2025,NXSN.TA,4963.213802,12
12/01/2025,NXSN.TA,5195.827401,13
13/01/2025,NXSN.TA,5279.294083,14
14/01/2025,NXSN.TA,5227.777849,15
15/01/2025,NXSN.TA,5507.817307,16
16/01/2025,NXSN.TA,5484.6113,17
17/01/2025,NXSN.TA,5482.994048,18
18/01/2025,NXSN.TA,5435.078071,19
19/01/2025,NXSN.TA,5587.735337,20
20/01/2025,NXSN.TA,5618.485686,21
21/01/2025,NXSN.TA,5585.653923,22
22/01/2025,NXSN.TA,5418.589093,23
23/01/2025,NXSN.TA,5380.712189,24
24/01/2025,NXSN.TA,5521.960124,25
25/01/2025,NXSN.TA,5620.111115,26
26/01/2025,NXSN.TA,5682.897197,27
27/01/2025,NXSN.TA,5394.202931,28
28/01/2025,NXSN.TA,5337.725244,29
29/01/2025,NXSN.TA,5375.73292,30
31/12/2024,NXTG.TA,98.73396376,1
01/01/2025,NXTG.TA,101.5384437,2
02/01/2025,NXTG.TA,99.3066948,3
03/01/2025,NXTG.TA,88.31776201,4
04/01/2025,NXTG.TA,98.49890363,5
05/01/2025,NXTG.TA,97.89204518,6
06/01/2025,NXTG.TA,109.1801218,7
07/01/2025,NXTG.TA,105.6270396,8
08/01/2025,NXTG.TA,101.8399325,9
09/01/2025,NXTG.TA,110.9201318,10
10/01/2025,NXTG.TA,102.8537624,11
11/01/2025,NXTG.TA,93.5385952,12
12/01/2025,NXTG.TA,96.06509799,13
13/01/2025,NXTG.TA,92.75305576,14
14/01/2025,NXTG.TA,92.38338434,15
15/01/2025,NXTG.TA,87.27147677,16
16/01/2025,NXTG.TA,101.442917,17
17/01/2025,NXTG.TA,90.09149272,18
18/01/2025,NXTG.TA,89.93639961,19
19/01/2025,NXTG.TA,95.95077652,20
20/01/2025,NXTG.TA,79.40013282,21
21/01/2025,NXTG.TA,67.05708864,22
22/01/2025,NXTG.TA,68.54217866,23
23/01/2025,NXTG.TA,72.36380615,24
24/01/2025,NXTG.TA,74.95281322,25
25/01/2025,NXTG.TA,78.03759883,26
26/01/2025,NXTG.TA,63.49023001,27
27/01/2025,NXTG.TA,64.37129776,28
28/01/2025,NXTG.TA,62.34533518,29
29/01/2025,NXTG.TA,59.78636051,30
31/12/2024,NXTM.TA,676.2963191,1
01/01/2025,NXTM.TA,695.4296026,2
02/01/2025,NXTM.TA,712.3415185,3
03/01/2025,NXTM.TA,710.3645456,4
04/01/2025,NXTM.TA,700.6941781,5
05/01/2025,NXTM.TA,709.7865127,6
06/01/2025,NXTM.TA,715.2024336,7
07/01/2025,NXTM.TA,707.4818512,8
08/01/2025,NXTM.TA,720.4440179,9
09/01/2025,NXTM.TA,723.4705049,10
10/01/2025,NXTM.TA,718.4902076,11
11/01/2025,NXTM.TA,735.3829502,12
12/01/2025,NXTM.TA,717.486567,13
13/01/2025,NXTM.TA,723.9305554,14
14/01/2025,NXTM.TA,706.837445,15
15/01/2025,NXTM.TA,709.9254383,16
16/01/2025,NXTM.TA,724.4660904,17
17/01/2025,NXTM.TA,725.6938256,18
18/01/2025,NXTM.TA,728.8409592,19
19/01/2025,NXTM.TA,710.5497558,20
20/01/2025,NXTM.TA,726.8972243,21
21/01/2025,NXTM.TA,722.5101097,22
22/01/2025,NXTM.TA,711.5494183,23
23/01/2025,NXTM.TA,714.6668069,24
24/01/2025,NXTM.TA,726.0754379,25
25/01/2025,NXTM.TA,725.3229716,26
26/01/2025,NXTM.TA,732.5033798,27
27/01/2025,NXTM.TA,741.7087095,28
28/01/2025,NXTM.TA,740.926716,29
29/01/2025,NXTM.TA,738.0073644,30
31/12/2024,NXFR.TA,554.5256351,1
01/01/2025,NXFR.TA,1263.381487,2
02/01/2025,NXFR.TA,1086.865736,3
03/01/2025,NXFR.TA,2675.279546,4
04/01/2025,NXFR.TA,-709.8855727,5
05/01/2025,NXFR.TA,-1055.846388,6
06/01/2025,NXFR.TA,-1206.529511,7
07/01/2025,NXFR.TA,-611.2060639,8
08/01/2025,NXFR.TA,-476.8514059,9
09/01/2025,NXFR.TA,-505.087126,10
10/01/2025,NXFR.TA,367.789752,11
11/01/2025,NXFR.TA,389.4585814,12
12/01/2025,NXFR.TA,304.4310142,13
13/01/2025,NXFR.TA,636.7549042,14
14/01/2025,NXFR.TA,154.0897818,15
15/01/2025,NXFR.TA,295.6767205,16
16/01/2025,NXFR.TA,421.2089162,17
17/01/2025,NXFR.TA,2.79854662,18
18/01/2025,NXFR.TA,-1.43317336,19
19/01/2025,NXFR.TA,-1.37140961,20
20/01/2025,NXFR.TA,-0.73832214,21
21/01/2025,NXFR.TA,-0.72371955,22
22/01/2025,NXFR.TA,-0.33102094,23
23/01/2025,NXFR.TA,0.20028891,24
24/01/2025,NXFR.TA,0.36642698,25
25/01/2025,NXFR.TA,1.05451758,26
26/01/2025,NXFR.TA,0.38496498,27
27/01/2025,NXFR.TA,0.9102081,28
28/01/2025,NXFR.TA,0.38707717,29
29/01/2025,NXFR.TA,0.36105909,30
31/12/2024,NXGN.TA,59.4617011,1
01/01/2025,NXGN.TA,54.09604504,2
02/01/2025,NXGN.TA,49.8107336,3
03/01/2025,NXGN.TA,56.22769132,4
04/01/2025,NXGN.TA,53.36174424,5
05/01/2025,NXGN.TA,64.45858722,6
06/01/2025,NXGN.TA,66.81329911,7
07/01/2025,NXGN.TA,75.87033092,8
08/01/2025,NXGN.TA,88.75328569,9
09/01/2025,NXGN.TA,102.3813198,10
10/01/2025,NXGN.TA,110.2572532,11
11/01/2025,NXGN.TA,117.2351979,12
12/01/2025,NXGN.TA,121.9820818,13
13/01/2025,NXGN.TA,120.8089669,14
14/01/2025,NXGN.TA,108.6980755,15
15/01/2025,NXGN.TA,101.5719339,16
16/01/2025,NXGN.TA,110.0070395,17
17/01/2025,NXGN.TA,96.63336657,18
18/01/2025,NXGN.TA,90.20958569,19
19/01/2025,NXGN.TA,87.9908329,20
20/01/2025,NXGN.TA,89.48596723,21
21/01/2025,NXGN.TA,82.53258176,22
22/01/2025,NXGN.TA,78.34660176,23
23/01/2025,NXGN.TA,72.84357163,24
24/01/2025,NXGN.TA,85.15281606,25
25/01/2025,NXGN.TA,90.88153997,26
26/01/2025,NXGN.TA,105.1692467,27
27/01/2025,NXGN.TA,116.4515425,28
28/01/2025,NXGN.TA,114.0540405,29
29/01/2025,NXGN.TA,117.8451124,30
31/12/2024,NICE.TA,62829.49775,1
01/01/2025,NICE.TA,62062.94045,2
02/01/2025,NICE.TA,63668.3608,3
03/01/2025,NICE.TA,64410.20006,4
04/01/2025,NICE.TA,62998.16169,5
05/01/2025,NICE.TA,62047.01081,6
06/01/2025,NICE.TA,60983.73002,7
07/01/2025,NICE.TA,61826.17953,8
08/01/2025,NICE.TA,61663.55965,9
09/01/2025,NICE.TA,63145.79779,10
10/01/2025,NICE.TA,66727.76091,11
11/01/2025,NICE.TA,67021.02371,12
12/01/2025,NICE.TA,65745.65248,13
13/01/2025,NICE.TA,66469.63335,14
14/01/2025,NICE.TA,67376.24041,15
15/01/2025,NICE.TA,65658.32542,16
16/01/2025,NICE.TA,64973.52641,17
17/01/2025,NICE.TA,63409.95426,18
18/01/2025,NICE.TA,64102.26924,19
19/01/2025,NICE.TA,67656.6235,20
20/01/2025,NICE.TA,68279.19171,21
21/01/2025,NICE.TA,66941.35756,22
22/01/2025,NICE.TA,67737.56891,23
23/01/2025,NICE.TA,66106.80839,24
24/01/2025,NICE.TA,70371.57959,25
25/01/2025,NICE.TA,69153.14596,26
26/01/2025,NICE.TA,68838.00025,27
27/01/2025,NICE.TA,67066.81676,28
28/01/2025,NICE.TA,66656.88575,29
29/01/2025,NICE.TA,67177.58889,30
31/12/2024,NISA.TA,1343.827687,1
01/01/2025,NISA.TA,1339.83136,2
02/01/2025,NISA.TA,1346.237165,3
03/01/2025,NISA.TA,1367.653185,4
04/01/2025,NISA.TA,1362.89691,5
05/01/2025,NISA.TA,1332.974732,6
06/01/2025,NISA.TA,1358.326841,7
07/01/2025,NISA.TA,1381.837282,8
08/01/2025,NISA.TA,1391.028735,9
09/01/2025,NISA.TA,1424.981513,10
10/01/2025,NISA.TA,1390.531521,11
11/01/2025,NISA.TA,1380.209627,12
12/01/2025,NISA.TA,1390.231174,13
13/01/2025,NISA.TA,1385.50169,14
14/01/2025,NISA.TA,1346.574093,15
15/01/2025,NISA.TA,1339.653243,16
16/01/2025,NISA.TA,1316.118391,17
17/01/2025,NISA.TA,1350.386304,18
18/01/2025,NISA.TA,1344.176848,19
19/01/2025,NISA.TA,1373.916918,20
20/01/2025,NISA.TA,1376.965346,21
21/01/2025,NISA.TA,1391.4295,22
22/01/2025,NISA.TA,1406.459533,23
23/01/2025,NISA.TA,1428.220931,24
24/01/2025,NISA.TA,1447.551157,25
25/01/2025,NISA.TA,1431.432048,26
26/01/2025,NISA.TA,1409.386281,27
27/01/2025,NISA.TA,1443.884325,28
28/01/2025,NISA.TA,1422.481318,29
29/01/2025,NISA.TA,1411.370585,30
31/12/2024,NOFR.TA,8278.5586,1
01/01/2025,NOFR.TA,8217.063891,2
02/01/2025,NOFR.TA,7909.005666,3
03/01/2025,NOFR.TA,7918.974105,4
04/01/2025,NOFR.TA,7960.831319,5
05/01/2025,NOFR.TA,8041.34354,6
06/01/2025,NOFR.TA,8004.3593,7
07/01/2025,NOFR.TA,7860.338717,8
08/01/2025,NOFR.TA,7989.078184,9
09/01/2025,NOFR.TA,7938.958374,10
10/01/2025,NOFR.TA,8152.265714,11
11/01/2025,NOFR.TA,8088.075885,12
12/01/2025,NOFR.TA,8205.633434,13
13/01/2025,NOFR.TA,8312.308239,14
14/01/2025,NOFR.TA,7997.879167,15
15/01/2025,NOFR.TA,7938.497946,16
16/01/2025,NOFR.TA,8079.818715,17
17/01/2025,NOFR.TA,7852.782284,18
18/01/2025,NOFR.TA,7802.838751,19
19/01/2025,NOFR.TA,7702.170879,20
20/01/2025,NOFR.TA,7917.896065,21
21/01/2025,NOFR.TA,8007.304596,22
22/01/2025,NOFR.TA,8058.758613,23
23/01/2025,NOFR.TA,8013.337536,24
24/01/2025,NOFR.TA,7812.847227,25
25/01/2025,NOFR.TA,7691.65696,26
26/01/2025,NOFR.TA,7726.611714,27
27/01/2025,NOFR.TA,7623.607872,28
28/01/2025,NOFR.TA,7643.91344,29
29/01/2025,NOFR.TA,7703.346483,30
31/12/2024,NSTR.TA,1337.71378,1
01/01/2025,NSTR.TA,1427.963147,2
02/01/2025,NSTR.TA,1394.524595,3
03/01/2025,NSTR.TA,1412.029711,4
04/01/2025,NSTR.TA,1365.41153,5
05/01/2025,NSTR.TA,1369.012777,6
06/01/2025,NSTR.TA,1380.93089,7
07/01/2025,NSTR.TA,1425.941861,8
08/01/2025,NSTR.TA,1347.892191,9
09/01/2025,NSTR.TA,1443.748659,10
10/01/2025,NSTR.TA,1358.664789,11
11/01/2025,NSTR.TA,1349.580115,12
12/01/2025,NSTR.TA,1364.063083,13
13/01/2025,NSTR.TA,1373.12556,14
14/01/2025,NSTR.TA,1393.598717,15
15/01/2025,NSTR.TA,1383.908513,16
16/01/2025,NSTR.TA,1315.667447,17
17/01/2025,NSTR.TA,1333.976531,18
18/01/2025,NSTR.TA,1436.227712,19
19/01/2025,NSTR.TA,1425.381367,20
20/01/2025,NSTR.TA,1459.356855,21
21/01/2025,NSTR.TA,1405.441982,22
22/01/2025,NSTR.TA,1414.65847,23
23/01/2025,NSTR.TA,1409.49105,24
24/01/2025,NSTR.TA,1372.604207,25
25/01/2025,NSTR.TA,1452.141335,26
26/01/2025,NSTR.TA,1522.04355,27
27/01/2025,NSTR.TA,1419.667573,28
28/01/2025,NSTR.TA,1453.631947,29
29/01/2025,NSTR.TA,1442.913826,30
31/12/2024,NVMI.TA,77656.39939,1
01/01/2025,NVMI.TA,78942.01605,2
02/01/2025,NVMI.TA,80495.63264,3
03/01/2025,NVMI.TA,78736.92355,4
04/01/2025,NVMI.TA,74839.12771,5
05/01/2025,NVMI.TA,82719.78387,6
06/01/2025,NVMI.TA,77207.29641,7
07/01/2025,NVMI.TA,78330.1258,8
08/01/2025,NVMI.TA,76275.83292,9
09/01/2025,NVMI.TA,80570.11815,10
10/01/2025,NVMI.TA,84472.08747,11
11/01/2025,NVMI.TA,86989.46269,12
12/01/2025,NVMI.TA,81389.99217,13
13/01/2025,NVMI.TA,87960.78237,14
14/01/2025,NVMI.TA,85255.42641,15
15/01/2025,NVMI.TA,77273.85235,16
16/01/2025,NVMI.TA,86461.51127,17
17/01/2025,NVMI.TA,87492.61468,18
18/01/2025,NVMI.TA,79163.52017,19
19/01/2025,NVMI.TA,80003.07014,20
20/01/2025,NVMI.TA,82511.69648,21
21/01/2025,NVMI.TA,83638.17015,22
22/01/2025,NVMI.TA,82303.61017,23
23/01/2025,NVMI.TA,81752.72309,24
24/01/2025,NVMI.TA,77468.34193,25
25/01/2025,NVMI.TA,77430.85306,26
26/01/2025,NVMI.TA,79777.77585,27
27/01/2025,NVMI.TA,82096.97244,28
28/01/2025,NVMI.TA,83723.3215,29
29/01/2025,NVMI.TA,83501.66392,30
31/12/2024,NVLG.TA,180.634698,1
01/01/2025,NVLG.TA,173.6459603,2
02/01/2025,NVLG.TA,179.4962434,3
03/01/2025,NVLG.TA,184.214176,4
04/01/2025,NVLG.TA,186.2054636,5
05/01/2025,NVLG.TA,183.9394415,6
06/01/2025,NVLG.TA,178.3160583,7
07/01/2025,NVLG.TA,184.514229,8
08/01/2025,NVLG.TA,174.0862579,9
09/01/2025,NVLG.TA,169.4094233,10
10/01/2025,NVLG.TA,173.9630954,11
11/01/2025,NVLG.TA,179.9997465,12
12/01/2025,NVLG.TA,171.4339692,13
13/01/2025,NVLG.TA,171.7613943,14
14/01/2025,NVLG.TA,178.7640859,15
15/01/2025,NVLG.TA,177.0595083,16
16/01/2025,NVLG.TA,175.9632653,17
17/01/2025,NVLG.TA,180.8439229,18
18/01/2025,NVLG.TA,183.2227216,19
19/01/2025,NVLG.TA,176.2857954,20
20/01/2025,NVLG.TA,178.0670974,21
21/01/2025,NVLG.TA,175.4033907,22
22/01/2025,NVLG.TA,172.5222589,23
23/01/2025,NVLG.TA,170.7928924,24
24/01/2025,NVLG.TA,171.4805283,25
25/01/2025,NVLG.TA,169.9163494,26
26/01/2025,NVLG.TA,168.1773713,27
27/01/2025,NVLG.TA,162.4923841,28
28/01/2025,NVLG.TA,166.4906322,29
29/01/2025,NVLG.TA,170.3799976,30
31/12/2024,NRGN.TA,268.0390036,1
01/01/2025,NRGN.TA,263.3350831,2
02/01/2025,NRGN.TA,262.8825714,3
03/01/2025,NRGN.TA,251.0896336,4
04/01/2025,NRGN.TA,252.6309049,5
05/01/2025,NRGN.TA,251.1026022,6
06/01/2025,NRGN.TA,249.7408016,7
07/01/2025,NRGN.TA,258.8689148,8
08/01/2025,NRGN.TA,256.3813162,9
09/01/2025,NRGN.TA,250.7087631,10
10/01/2025,NRGN.TA,244.790265,11
11/01/2025,NRGN.TA,252.2213176,12
12/01/2025,NRGN.TA,253.3338981,13
13/01/2025,NRGN.TA,247.5379234,14
14/01/2025,NRGN.TA,246.612021,15
15/01/2025,NRGN.TA,234.6826926,16
16/01/2025,NRGN.TA,234.2384623,17
17/01/2025,NRGN.TA,232.6807586,18
18/01/2025,NRGN.TA,230.5346172,19
19/01/2025,NRGN.TA,229.1653972,20
20/01/2025,NRGN.TA,225.1778402,21
21/01/2025,NRGN.TA,220.8101016,22
22/01/2025,NRGN.TA,224.6368406,23
23/01/2025,NRGN.TA,222.2688271,24
24/01/2025,NRGN.TA,223.7991524,25
25/01/2025,NRGN.TA,236.8463345,26
26/01/2025,NRGN.TA,233.8711341,27
27/01/2025,NRGN.TA,225.9051881,28
28/01/2025,NRGN.TA,227.4483264,29
29/01/2025,NRGN.TA,240.4973261,30
31/12/2024,NURI.TA,1175.66665,1
01/01/2025,NURI.TA,1169.05614,2
02/01/2025,NURI.TA,1389.560295,3
03/01/2025,NURI.TA,1511.884666,4
04/01/2025,NURI.TA,1891.979245,5
05/01/2025,NURI.TA,1335.054294,6
06/01/2025,NURI.TA,1147.948971,7
07/01/2025,NURI.TA,767.43046,8
08/01/2025,NURI.TA,941.7389562,9
09/01/2025,NURI.TA,1046.96723,10
10/01/2025,NURI.TA,1284.1459,11
11/01/2025,NURI.TA,1125.819617,12
12/01/2025,NURI.TA,1207.483073,13
13/01/2025,NURI.TA,1323.111645,14
14/01/2025,NURI.TA,1277.384073,15
15/01/2025,NURI.TA,1884.146357,16
16/01/2025,NURI.TA,1368.124198,17
17/01/2025,NURI.TA,1920.963035,18
18/01/2025,NURI.TA,2618.561957,19
19/01/2025,NURI.TA,2370.724426,20
20/01/2025,NURI.TA,3022.758877,21
21/01/2025,NURI.TA,3662.178459,22
22/01/2025,NURI.TA,4401.485293,23
23/01/2025,NURI.TA,4587.062279,24
24/01/2025,NURI.TA,4485.761762,25
25/01/2025,NURI.TA,5785.625873,26
26/01/2025,NURI.TA,4714.378144,27
27/01/2025,NURI.TA,5611.253668,28
28/01/2025,NURI.TA,5792.21323,29
29/01/2025,NURI.TA,5716.084839,30
31/12/2024,ORTC.TA,972.9724824,1
01/01/2025,ORTC.TA,1028.489977,2
02/01/2025,ORTC.TA,869.2744053,3
03/01/2025,ORTC.TA,785.7706658,4
04/01/2025,ORTC.TA,785.2434888,5
05/01/2025,ORTC.TA,827.3448087,6
06/01/2025,ORTC.TA,791.580665,7
07/01/2025,ORTC.TA,783.2223062,8
08/01/2025,ORTC.TA,716.6816171,9
09/01/2025,ORTC.TA,807.155294,10
10/01/2025,ORTC.TA,844.2067458,11
11/01/2025,ORTC.TA,878.3243815,12
12/01/2025,ORTC.TA,836.7271188,13
13/01/2025,ORTC.TA,887.8685147,14
14/01/2025,ORTC.TA,916.4642396,15
15/01/2025,ORTC.TA,927.9819183,16
16/01/2025,ORTC.TA,856.8377023,17
17/01/2025,ORTC.TA,913.7733535,18
18/01/2025,ORTC.TA,813.6301745,19
19/01/2025,ORTC.TA,826.8668559,20
20/01/2025,ORTC.TA,809.6154833,21
21/01/2025,ORTC.TA,774.9367593,22
22/01/2025,ORTC.TA,803.8236044,23
23/01/2025,ORTC.TA,816.1777944,24
24/01/2025,ORTC.TA,755.7478333,25
25/01/2025,ORTC.TA,745.0053949,26
26/01/2025,ORTC.TA,714.9839139,27
27/01/2025,ORTC.TA,728.6560545,28
28/01/2025,ORTC.TA,761.1689351,29
29/01/2025,ORTC.TA,724.3846874,30
31/12/2024,ONE.TA,6526.196768,1
01/01/2025,ONE.TA,6413.535199,2
02/01/2025,ONE.TA,6581.198286,3
03/01/2025,ONE.TA,6608.924522,4
04/01/2025,ONE.TA,6864.848717,5
05/01/2025,ONE.TA,6748.926087,6
06/01/2025,ONE.TA,6491.061218,7
07/01/2025,ONE.TA,6622.089483,8
08/01/2025,ONE.TA,6583.912356,9
09/01/2025,ONE.TA,6503.43512,10
10/01/2025,ONE.TA,6582.582986,11
11/01/2025,ONE.TA,6727.344228,12
12/01/2025,ONE.TA,6564.784073,13
13/01/2025,ONE.TA,6527.27602,14
14/01/2025,ONE.TA,6545.145216,15
15/01/2025,ONE.TA,6684.026926,16
16/01/2025,ONE.TA,6935.611758,17
17/01/2025,ONE.TA,7005.287954,18
18/01/2025,ONE.TA,6969.736366,19
19/01/2025,ONE.TA,7000.670861,20
20/01/2025,ONE.TA,7030.024802,21
21/01/2025,ONE.TA,6918.040155,22
22/01/2025,ONE.TA,6706.188537,23
23/01/2025,ONE.TA,6812.33198,24
24/01/2025,ONE.TA,6912.657382,25
25/01/2025,ONE.TA,7280.105512,26
26/01/2025,ONE.TA,7202.519288,27
27/01/2025,ONE.TA,7280.411337,28
28/01/2025,ONE.TA,7300.282106,29
29/01/2025,ONE.TA,7186.353553,30
31/12/2024,OPAL.TA,224.3437353,1
01/01/2025,OPAL.TA,225.7395287,2
02/01/2025,OPAL.TA,228.6485145,3
03/01/2025,OPAL.TA,230.5118127,4
04/01/2025,OPAL.TA,230.1941533,5
05/01/2025,OPAL.TA,236.4183742,6
06/01/2025,OPAL.TA,238.8985145,7
07/01/2025,OPAL.TA,237.2338106,8
08/01/2025,OPAL.TA,242.2010859,9
09/01/2025,OPAL.TA,237.3162514,10
10/01/2025,OPAL.TA,241.1819564,11
11/01/2025,OPAL.TA,244.3232538,12
12/01/2025,OPAL.TA,241.847241,13
13/01/2025,OPAL.TA,241.3745826,14
14/01/2025,OPAL.TA,239.1673763,15
15/01/2025,OPAL.TA,241.0640859,16
16/01/2025,OPAL.TA,242.7777643,17
17/01/2025,OPAL.TA,242.7082257,18
18/01/2025,OPAL.TA,243.9295685,19
19/01/2025,OPAL.TA,243.7399211,20
20/01/2025,OPAL.TA,243.9247367,21
21/01/2025,OPAL.TA,236.7173359,22
22/01/2025,OPAL.TA,233.691519,23
23/01/2025,OPAL.TA,237.1839635,24
24/01/2025,OPAL.TA,241.3324978,25
25/01/2025,OPAL.TA,241.6942117,26
26/01/2025,OPAL.TA,242.3754949,27
27/01/2025,OPAL.TA,245.5012008,28
28/01/2025,OPAL.TA,246.2042367,29
29/01/2025,OPAL.TA,248.8805712,30
31/12/2024,OPCE.TA,3105.45688,1
01/01/2025,OPCE.TA,3060.920377,2
02/01/2025,OPCE.TA,2999.840916,3
03/01/2025,OPCE.TA,3017.996637,4
04/01/2025,OPCE.TA,3106.511954,5
05/01/2025,OPCE.TA,3124.560856,6
06/01/2025,OPCE.TA,3194.0783,7
07/01/2025,OPCE.TA,3301.390406,8
08/01/2025,OPCE.TA,3214.866165,9
09/01/2025,OPCE.TA,3246.248415,10
10/01/2025,OPCE.TA,3295.098632,11
11/01/2025,OPCE.TA,3389.082012,12
12/01/2025,OPCE.TA,3586.308568,13
13/01/2025,OPCE.TA,3696.046697,14
14/01/2025,OPCE.TA,3696.415883,15
15/01/2025,OPCE.TA,3533.207491,16
16/01/2025,OPCE.TA,3566.809608,17
17/01/2025,OPCE.TA,3508.980233,18
18/01/2025,OPCE.TA,3434.855072,19
19/01/2025,OPCE.TA,3470.253568,20
20/01/2025,OPCE.TA,3393.828442,21
21/01/2025,OPCE.TA,3411.214114,22
22/01/2025,OPCE.TA,3468.545768,23
23/01/2025,OPCE.TA,3574.532616,24
24/01/2025,OPCE.TA,3642.777292,25
25/01/2025,OPCE.TA,3669.909697,26
26/01/2025,OPCE.TA,3597.151665,27
27/01/2025,OPCE.TA,3591.421976,28
28/01/2025,OPCE.TA,3524.767296,29
29/01/2025,OPCE.TA,3583.504196,30
31/12/2024,OPK.TA,515.573766,1
01/01/2025,OPK.TA,534.1495885,2
02/01/2025,OPK.TA,498.930805,3
03/01/2025,OPK.TA,512.9240769,4
04/01/2025,OPK.TA,516.0884214,5
05/01/2025,OPK.TA,501.9883377,6
06/01/2025,OPK.TA,489.256671,7
07/01/2025,OPK.TA,463.3650838,8
08/01/2025,OPK.TA,474.2358316,9
09/01/2025,OPK.TA,489.6433399,10
10/01/2025,OPK.TA,491.2789704,11
11/01/2025,OPK.TA,495.3444897,12
12/01/2025,OPK.TA,527.1361778,13
13/01/2025,OPK.TA,516.917551,14
14/01/2025,OPK.TA,508.2384772,15
15/01/2025,OPK.TA,536.6907793,16
16/01/2025,OPK.TA,535.3146863,17
17/01/2025,OPK.TA,537.4958912,18
18/01/2025,OPK.TA,571.0338496,19
19/01/2025,OPK.TA,582.0717317,20
20/01/2025,OPK.TA,596.4465157,21
21/01/2025,OPK.TA,585.8186576,22
22/01/2025,OPK.TA,574.9435653,23
23/01/2025,OPK.TA,574.7919171,24
24/01/2025,OPK.TA,562.7262066,25
25/01/2025,OPK.TA,586.3983417,26
26/01/2025,OPK.TA,593.9787987,27
27/01/2025,OPK.TA,590.6527008,28
28/01/2025,OPK.TA,599.5322907,29
29/01/2025,OPK.TA,598.1854976,30
31/12/2024,ORAD.TA,57.04540979,1
01/01/2025,ORAD.TA,58.64224333,2
02/01/2025,ORAD.TA,59.84725351,3
03/01/2025,ORAD.TA,57.97182756,4
04/01/2025,ORAD.TA,60.28183122,5
05/01/2025,ORAD.TA,61.0676128,6
06/01/2025,ORAD.TA,60.8703742,7
07/01/2025,ORAD.TA,63.86171479,8
08/01/2025,ORAD.TA,62.54112822,9
09/01/2025,ORAD.TA,63.90609168,10
10/01/2025,ORAD.TA,65.46602463,11
11/01/2025,ORAD.TA,68.2970103,12
12/01/2025,ORAD.TA,66.17515954,13
13/01/2025,ORAD.TA,69.94828782,14
14/01/2025,ORAD.TA,71.91648178,15
15/01/2025,ORAD.TA,71.63795682,16
16/01/2025,ORAD.TA,72.72445543,17
17/01/2025,ORAD.TA,74.19834613,18
18/01/2025,ORAD.TA,77.19127022,19
19/01/2025,ORAD.TA,77.56739087,20
20/01/2025,ORAD.TA,75.02406832,21
21/01/2025,ORAD.TA,72.51284024,22
22/01/2025,ORAD.TA,73.29915206,23
23/01/2025,ORAD.TA,76.72981024,24
24/01/2025,ORAD.TA,78.31145008,25
25/01/2025,ORAD.TA,75.52598613,26
26/01/2025,ORAD.TA,76.53489357,27
27/01/2025,ORAD.TA,75.23768489,28
28/01/2025,ORAD.TA,76.61722229,29
29/01/2025,ORAD.TA,77.68393309,30
31/12/2024,ORMP.TA,848.473568,1
01/01/2025,ORMP.TA,813.4644858,2
02/01/2025,ORMP.TA,786.5409265,3
03/01/2025,ORMP.TA,757.3781861,4
04/01/2025,ORMP.TA,770.9066265,5
05/01/2025,ORMP.TA,750.4309714,6
06/01/2025,ORMP.TA,757.9450709,7
07/01/2025,ORMP.TA,762.2947265,8
08/01/2025,ORMP.TA,734.4156773,9
09/01/2025,ORMP.TA,746.4080403,10
10/01/2025,ORMP.TA,762.4114868,11
11/01/2025,ORMP.TA,789.4725456,12
12/01/2025,ORMP.TA,773.5060706,13
13/01/2025,ORMP.TA,762.8832554,14
14/01/2025,ORMP.TA,782.6045437,15
15/01/2025,ORMP.TA,785.1030467,16
16/01/2025,ORMP.TA,738.7037819,17
17/01/2025,ORMP.TA,777.3635322,18
18/01/2025,ORMP.TA,764.7447696,19
19/01/2025,ORMP.TA,765.4083978,20
20/01/2025,ORMP.TA,773.0843721,21
21/01/2025,ORMP.TA,762.8727333,22
22/01/2025,ORMP.TA,798.7250497,23
23/01/2025,ORMP.TA,806.2296979,24
24/01/2025,ORMP.TA,811.2063982,25
25/01/2025,ORMP.TA,803.5613644,26
26/01/2025,ORMP.TA,787.2409749,27
27/01/2025,ORMP.TA,763.0085308,28
28/01/2025,ORMP.TA,747.1841582,29
29/01/2025,ORMP.TA,713.8421269,30
31/12/2024,ORBI.TA,2836.610703,1
01/01/2025,ORBI.TA,2750.741469,2
02/01/2025,ORBI.TA,2884.870666,3
03/01/2025,ORBI.TA,2832.232533,4
04/01/2025,ORBI.TA,2803.317273,5
05/01/2025,ORBI.TA,2814.99772,6
06/01/2025,ORBI.TA,2804.403925,7
07/01/2025,ORBI.TA,2866.034411,8
08/01/2025,ORBI.TA,2849.322667,9
09/01/2025,ORBI.TA,2757.653372,10
10/01/2025,ORBI.TA,2724.919996,11
11/01/2025,ORBI.TA,2766.519884,12
12/01/2025,ORBI.TA,2736.032292,13
13/01/2025,ORBI.TA,2741.47648,14
14/01/2025,ORBI.TA,2760.980268,15
15/01/2025,ORBI.TA,2742.876592,16
16/01/2025,ORBI.TA,2780.303483,17
17/01/2025,ORBI.TA,2770.983787,18
18/01/2025,ORBI.TA,2839.797594,19
19/01/2025,ORBI.TA,2847.112778,20
20/01/2025,ORBI.TA,2885.944567,21
21/01/2025,ORBI.TA,2891.933158,22
22/01/2025,ORBI.TA,2913.970542,23
23/01/2025,ORBI.TA,2888.073653,24
24/01/2025,ORBI.TA,2948.990333,25
25/01/2025,ORBI.TA,3143.238039,26
26/01/2025,ORBI.TA,3204.261257,27
27/01/2025,ORBI.TA,3183.690081,28
28/01/2025,ORBI.TA,3212.640521,29
29/01/2025,ORBI.TA,3251.218249,30
31/12/2024,ORIN.TA,2092.123998,1
01/01/2025,ORIN.TA,2356.295181,2
02/01/2025,ORIN.TA,2447.080862,3
03/01/2025,ORIN.TA,2518.615402,4
04/01/2025,ORIN.TA,2650.590555,5
05/01/2025,ORIN.TA,2439.409606,6
06/01/2025,ORIN.TA,2560.695849,7
07/01/2025,ORIN.TA,2408.165603,8
08/01/2025,ORIN.TA,2620.139267,9
09/01/2025,ORIN.TA,2157.813688,10
10/01/2025,ORIN.TA,1983.186243,11
11/01/2025,ORIN.TA,2442.513297,12
12/01/2025,ORIN.TA,2651.640538,13
13/01/2025,ORIN.TA,2941.672396,14
14/01/2025,ORIN.TA,2809.321799,15
15/01/2025,ORIN.TA,2611.98972,16
16/01/2025,ORIN.TA,2669.881438,17
17/01/2025,ORIN.TA,2582.699788,18
18/01/2025,ORIN.TA,2797.852983,19
19/01/2025,ORIN.TA,2748.893045,20
20/01/2025,ORIN.TA,2832.317645,21
21/01/2025,ORIN.TA,2660.849947,22
22/01/2025,ORIN.TA,2420.333585,23
23/01/2025,ORIN.TA,2210.161859,24
24/01/2025,ORIN.TA,2280.463105,25
25/01/2025,ORIN.TA,2444.286477,26
26/01/2025,ORIN.TA,2809.628093,27
27/01/2025,ORIN.TA,2731.819399,28
28/01/2025,ORIN.TA,2903.890916,29
29/01/2025,ORIN.TA,2970.586221,30
31/12/2024,ORA.TA,24533.40998,1
01/01/2025,ORA.TA,24624.94787,2
02/01/2025,ORA.TA,24740.83751,3
03/01/2025,ORA.TA,24709.72848,4
04/01/2025,ORA.TA,24404.77771,5
05/01/2025,ORA.TA,24424.99446,6
06/01/2025,ORA.TA,24623.93257,7
07/01/2025,ORA.TA,24741.43343,8
08/01/2025,ORA.TA,24638.1443,9
09/01/2025,ORA.TA,24617.08718,10
10/01/2025,ORA.TA,24776.33523,11
11/01/2025,ORA.TA,24731.08409,12
12/01/2025,ORA.TA,24263.90138,13
13/01/2025,ORA.TA,23792.05941,14
14/01/2025,ORA.TA,23542.31391,15
15/01/2025,ORA.TA,23378.82311,16
16/01/2025,ORA.TA,23216.68291,17
17/01/2025,ORA.TA,23103.5134,18
18/01/2025,ORA.TA,22889.09208,19
19/01/2025,ORA.TA,22989.50286,20
20/01/2025,ORA.TA,22835.4123,21
21/01/2025,ORA.TA,22575.26748,22
22/01/2025,ORA.TA,23029.86995,23
23/01/2025,ORA.TA,22728.07049,24
24/01/2025,ORA.TA,22722.37988,25
25/01/2025,ORA.TA,22519.56181,26
26/01/2025,ORA.TA,22379.40984,27
27/01/2025,ORA.TA,21871.39485,28
28/01/2025,ORA.TA,21833.61988,29
29/01/2025,ORA.TA,21675.18713,30
31/12/2024,ORON.TA,1067.781652,1
01/01/2025,ORON.TA,1055.861395,2
02/01/2025,ORON.TA,1081.59955,3
03/01/2025,ORON.TA,1111.115589,4
04/01/2025,ORON.TA,1144.288218,5
05/01/2025,ORON.TA,1138.628173,6
06/01/2025,ORON.TA,1131.640102,7
07/01/2025,ORON.TA,1123.640508,8
08/01/2025,ORON.TA,1113.373695,9
09/01/2025,ORON.TA,1135.677055,10
10/01/2025,ORON.TA,1121.893945,11
11/01/2025,ORON.TA,1114.682699,12
12/01/2025,ORON.TA,1148.633794,13
13/01/2025,ORON.TA,1171.177988,14
14/01/2025,ORON.TA,1177.973675,15
15/01/2025,ORON.TA,1169.663777,16
16/01/2025,ORON.TA,1145.123249,17
17/01/2025,ORON.TA,1114.711763,18
18/01/2025,ORON.TA,1108.82896,19
19/01/2025,ORON.TA,1097.265722,20
20/01/2025,ORON.TA,1091.164245,21
21/01/2025,ORON.TA,1102.314486,22
22/01/2025,ORON.TA,1112.34326,23
23/01/2025,ORON.TA,1148.893219,24
24/01/2025,ORON.TA,1146.869369,25
25/01/2025,ORON.TA,1165.463098,26
26/01/2025,ORON.TA,1202.828234,27
27/01/2025,ORON.TA,1183.432279,28
28/01/2025,ORON.TA,1162.56502,29
29/01/2025,ORON.TA,1165.848385,30
31/12/2024,OVRS.TA,392.1633634,1
01/01/2025,OVRS.TA,402.1473576,2
02/01/2025,OVRS.TA,401.9481122,3
03/01/2025,OVRS.TA,406.0530108,4
04/01/2025,OVRS.TA,398.3551274,5
05/01/2025,OVRS.TA,389.0850818,6
06/01/2025,OVRS.TA,382.6483043,7
07/01/2025,OVRS.TA,377.7367073,8
08/01/2025,OVRS.TA,385.105447,9
09/01/2025,OVRS.TA,380.6461583,10
10/01/2025,OVRS.TA,378.669136,11
11/01/2025,OVRS.TA,370.9294451,12
12/01/2025,OVRS.TA,375.8383797,13
13/01/2025,OVRS.TA,384.1846668,14
14/01/2025,OVRS.TA,390.4804123,15
15/01/2025,OVRS.TA,394.0420217,16
16/01/2025,OVRS.TA,389.8307744,17
17/01/2025,OVRS.TA,392.8357239,18
18/01/2025,OVRS.TA,396.4086837,19
19/01/2025,OVRS.TA,403.5698492,20
20/01/2025,OVRS.TA,411.0290603,21
21/01/2025,OVRS.TA,414.875246,22
22/01/2025,OVRS.TA,408.8360297,23
23/01/2025,OVRS.TA,411.0913569,24
24/01/2025,OVRS.TA,406.8354589,25
25/01/2025,OVRS.TA,410.3068783,26
26/01/2025,OVRS.TA,410.9147126,27
27/01/2025,OVRS.TA,422.6760366,28
28/01/2025,OVRS.TA,420.1600883,29
29/01/2025,OVRS.TA,411.385676,30
31/12/2024,PLRM.TA,6973.281292,1
01/01/2025,PLRM.TA,7185.72183,2
02/01/2025,PLRM.TA,7048.426458,3
03/01/2025,PLRM.TA,6966.48975,4
04/01/2025,PLRM.TA,6963.346248,5
05/01/2025,PLRM.TA,6844.145726,6
06/01/2025,PLRM.TA,6813.72746,7
07/01/2025,PLRM.TA,6873.0064,8
08/01/2025,PLRM.TA,6847.290466,9
09/01/2025,PLRM.TA,6464.985351,10
10/01/2025,PLRM.TA,6352.979971,11
11/01/2025,PLRM.TA,6761.37036,12
12/01/2025,PLRM.TA,6528.576811,13
13/01/2025,PLRM.TA,6777.621393,14
14/01/2025,PLRM.TA,6425.477652,15
15/01/2025,PLRM.TA,6491.938252,16
16/01/2025,PLRM.TA,6439.034289,17
17/01/2025,PLRM.TA,6410.979546,18
18/01/2025,PLRM.TA,6508.916971,19
19/01/2025,PLRM.TA,6282.911793,20
20/01/2025,PLRM.TA,6513.065805,21
21/01/2025,PLRM.TA,6535.348911,22
22/01/2025,PLRM.TA,6387.202663,23
23/01/2025,PLRM.TA,6290.919769,24
24/01/2025,PLRM.TA,6358.079928,25
25/01/2025,PLRM.TA,6170.409428,26
26/01/2025,PLRM.TA,6234.886984,27
27/01/2025,PLRM.TA,6183.473112,28
28/01/2025,PLRM.TA,6190.498918,29
29/01/2025,PLRM.TA,6157.774851,30
31/12/2024,PRKM.TA,468.6407067,1
01/01/2025,PRKM.TA,477.0641261,2
02/01/2025,PRKM.TA,492.3566045,3
03/01/2025,PRKM.TA,493.9045708,4
04/01/2025,PRKM.TA,486.6737245,5
05/01/2025,PRKM.TA,491.6297267,6
06/01/2025,PRKM.TA,488.8937206,7
07/01/2025,PRKM.TA,487.9330353,8
08/01/2025,PRKM.TA,491.6921565,9
09/01/2025,PRKM.TA,502.4479711,10
10/01/2025,PRKM.TA,496.7954826,11
11/01/2025,PRKM.TA,501.8775412,12
12/01/2025,PRKM.TA,514.1661521,13
13/01/2025,PRKM.TA,520.0113877,14
14/01/2025,PRKM.TA,523.3589074,15
15/01/2025,PRKM.TA,529.1101564,16
16/01/2025,PRKM.TA,531.6506952,17
17/01/2025,PRKM.TA,525.7111973,18
18/01/2025,PRKM.TA,531.1174545,19
19/01/2025,PRKM.TA,521.7429956,20
20/01/2025,PRKM.TA,513.9071678,21
21/01/2025,PRKM.TA,516.0101415,22
22/01/2025,PRKM.TA,515.884707,23
23/01/2025,PRKM.TA,519.5268902,24
24/01/2025,PRKM.TA,528.2377774,25
25/01/2025,PRKM.TA,537.9816418,26
26/01/2025,PRKM.TA,534.4240362,27
27/01/2025,PRKM.TA,533.3124248,28
28/01/2025,PRKM.TA,540.2446091,29
29/01/2025,PRKM.TA,539.2922849,30
31/12/2024,PTNR.TA,2417.187723,1
01/01/2025,PTNR.TA,2439.589896,2
02/01/2025,PTNR.TA,2403.805503,3
03/01/2025,PTNR.TA,2453.863615,4
04/01/2025,PTNR.TA,2507.837477,5
05/01/2025,PTNR.TA,2544.798214,6
06/01/2025,PTNR.TA,2568.769577,7
07/01/2025,PTNR.TA,2633.207416,8
08/01/2025,PTNR.TA,2625.485833,9
09/01/2025,PTNR.TA,2502.849933,10
10/01/2025,PTNR.TA,2440.255342,11
11/01/2025,PTNR.TA,2472.660963,12
12/01/2025,PTNR.TA,2475.283678,13
13/01/2025,PTNR.TA,2379.868973,14
14/01/2025,PTNR.TA,2284.249869,15
15/01/2025,PTNR.TA,2237.64674,16
16/01/2025,PTNR.TA,2245.850032,17
17/01/2025,PTNR.TA,2343.555053,18
18/01/2025,PTNR.TA,2269.961226,19
19/01/2025,PTNR.TA,2365.28342,20
20/01/2025,PTNR.TA,2394.289136,21
21/01/2025,PTNR.TA,2412.810299,22
22/01/2025,PTNR.TA,2389.780334,23
23/01/2025,PTNR.TA,2389.768914,24
24/01/2025,PTNR.TA,2443.11246,25
25/01/2025,PTNR.TA,2455.815494,26
26/01/2025,PTNR.TA,2568.3572,27
27/01/2025,PTNR.TA,2659.084062,28
28/01/2025,PTNR.TA,2676.733862,29
29/01/2025,PTNR.TA,2664.787248,30
31/12/2024,PMNT.TA,293.1114088,1
01/01/2025,PMNT.TA,309.1698266,2
02/01/2025,PMNT.TA,287.5662426,3
03/01/2025,PMNT.TA,292.5784277,4
04/01/2025,PMNT.TA,308.9915144,5
05/01/2025,PMNT.TA,306.1269005,6
06/01/2025,PMNT.TA,286.9090108,7
07/01/2025,PMNT.TA,288.2931446,8
08/01/2025,PMNT.TA,309.6963179,9
09/01/2025,PMNT.TA,327.124355,10
10/01/2025,PMNT.TA,332.2804701,11
11/01/2025,PMNT.TA,347.9663535,12
12/01/2025,PMNT.TA,351.3965452,13
13/01/2025,PMNT.TA,369.7310882,14
14/01/2025,PMNT.TA,366.3330984,15
15/01/2025,PMNT.TA,380.1437257,16
16/01/2025,PMNT.TA,382.7695787,17
17/01/2025,PMNT.TA,382.009942,18
18/01/2025,PMNT.TA,387.3663635,19
19/01/2025,PMNT.TA,366.9482995,20
20/01/2025,PMNT.TA,384.2410016,21
21/01/2025,PMNT.TA,381.2725505,22
22/01/2025,PMNT.TA,340.7209345,23
23/01/2025,PMNT.TA,350.4413409,24
24/01/2025,PMNT.TA,375.32552,25
25/01/2025,PMNT.TA,340.5676213,26
26/01/2025,PMNT.TA,370.3618263,27
27/01/2025,PMNT.TA,324.0207719,28
28/01/2025,PMNT.TA,330.0248282,29
29/01/2025,PMNT.TA,357.2994139,30
31/12/2024,PAYT.TA,6757.299036,1
01/01/2025,PAYT.TA,6807.091518,2
02/01/2025,PAYT.TA,6881.496728,3
03/01/2025,PAYT.TA,6949.328775,4
04/01/2025,PAYT.TA,6975.04561,5
05/01/2025,PAYT.TA,7038.739592,6
06/01/2025,PAYT.TA,6843.567834,7
07/01/2025,PAYT.TA,6911.180702,8
08/01/2025,PAYT.TA,6801.289565,9
09/01/2025,PAYT.TA,6913.104652,10
10/01/2025,PAYT.TA,6912.199974,11
11/01/2025,PAYT.TA,6989.038706,12
12/01/2025,PAYT.TA,6998.527566,13
13/01/2025,PAYT.TA,7113.70443,14
14/01/2025,PAYT.TA,7151.410749,15
15/01/2025,PAYT.TA,7292.382173,16
16/01/2025,PAYT.TA,7229.606742,17
17/01/2025,PAYT.TA,7275.211501,18
18/01/2025,PAYT.TA,7134.767026,19
19/01/2025,PAYT.TA,6994.915585,20
20/01/2025,PAYT.TA,6958.394902,21
21/01/2025,PAYT.TA,6914.892319,22
22/01/2025,PAYT.TA,7064.742833,23
23/01/2025,PAYT.TA,7385.48138,24
24/01/2025,PAYT.TA,7429.730807,25
25/01/2025,PAYT.TA,7349.158301,26
26/01/2025,PAYT.TA,7459.891778,27
27/01/2025,PAYT.TA,7471.963032,28
28/01/2025,PAYT.TA,7601.932713,29
29/01/2025,PAYT.TA,7642.669359,30
31/12/2024,PAZ.TA,42653.6679,1
01/01/2025,PAZ.TA,42631.59896,2
02/01/2025,PAZ.TA,42971.99927,3
03/01/2025,PAZ.TA,42922.84509,4
04/01/2025,PAZ.TA,43624.31334,5
05/01/2025,PAZ.TA,43729.09816,6
06/01/2025,PAZ.TA,44528.19902,7
07/01/2025,PAZ.TA,45981.18015,8
08/01/2025,PAZ.TA,45561.50262,9
09/01/2025,PAZ.TA,46156.05661,10
10/01/2025,PAZ.TA,46954.17151,11
11/01/2025,PAZ.TA,47092.08745,12
12/01/2025,PAZ.TA,48204.10428,13
13/01/2025,PAZ.TA,47629.18705,14
14/01/2025,PAZ.TA,47868.78483,15
15/01/2025,PAZ.TA,48478.01456,16
16/01/2025,PAZ.TA,48371.81934,17
17/01/2025,PAZ.TA,48674.60274,18
18/01/2025,PAZ.TA,49176.41143,19
19/01/2025,PAZ.TA,49336.98523,20
20/01/2025,PAZ.TA,49715.2682,21
21/01/2025,PAZ.TA,49887.6285,22
22/01/2025,PAZ.TA,50453.14167,23
23/01/2025,PAZ.TA,49817.97234,24
24/01/2025,PAZ.TA,49971.03333,25
25/01/2025,PAZ.TA,50886.00338,26
26/01/2025,PAZ.TA,52160.15618,27
27/01/2025,PAZ.TA,53593.31986,28
28/01/2025,PAZ.TA,53684.78206,29
29/01/2025,PAZ.TA,54462.13117,30
31/12/2024,PCBT.TA,680.5597166,1
01/01/2025,PCBT.TA,675.5390911,2
02/01/2025,PCBT.TA,717.9046955,3
03/01/2025,PCBT.TA,722.7716888,4
04/01/2025,PCBT.TA,739.4104468,5
05/01/2025,PCBT.TA,748.7854062,6
06/01/2025,PCBT.TA,745.0287561,7
07/01/2025,PCBT.TA,756.8792961,8
08/01/2025,PCBT.TA,746.9278224,9
09/01/2025,PCBT.TA,761.8843435,10
10/01/2025,PCBT.TA,764.7788328,11
11/01/2025,PCBT.TA,822.8899157,12
12/01/2025,PCBT.TA,803.6278158,13
13/01/2025,PCBT.TA,773.7156404,14
14/01/2025,PCBT.TA,807.2502551,15
15/01/2025,PCBT.TA,815.0193629,16
16/01/2025,PCBT.TA,804.0324573,17
17/01/2025,PCBT.TA,824.1393854,18
18/01/2025,PCBT.TA,772.6870118,19
19/01/2025,PCBT.TA,750.1340976,20
20/01/2025,PCBT.TA,714.3403008,21
21/01/2025,PCBT.TA,704.2249112,22
22/01/2025,PCBT.TA,682.9923731,23
23/01/2025,PCBT.TA,681.3516014,24
24/01/2025,PCBT.TA,675.9883634,25
25/01/2025,PCBT.TA,671.570081,26
26/01/2025,PCBT.TA,640.3979667,27
27/01/2025,PCBT.TA,625.4141456,28
28/01/2025,PCBT.TA,648.5983301,29
29/01/2025,PCBT.TA,629.3763539,30
31/12/2024,PEN.TA,206.2567156,1
01/01/2025,PEN.TA,209.384193,2
02/01/2025,PEN.TA,207.2172171,3
03/01/2025,PEN.TA,200.1584097,4
04/01/2025,PEN.TA,191.0178308,5
05/01/2025,PEN.TA,193.6725481,6
06/01/2025,PEN.TA,188.9652318,7
07/01/2025,PEN.TA,188.8904699,8
08/01/2025,PEN.TA,192.3206549,9
09/01/2025,PEN.TA,191.4871253,10
10/01/2025,PEN.TA,186.9299082,11
11/01/2025,PEN.TA,191.586303,12
12/01/2025,PEN.TA,196.9349157,13
13/01/2025,PEN.TA,198.2047249,14
14/01/2025,PEN.TA,195.8918446,15
15/01/2025,PEN.TA,192.2985488,16
16/01/2025,PEN.TA,194.8456266,17
17/01/2025,PEN.TA,190.6659845,18
18/01/2025,PEN.TA,183.6916298,19
19/01/2025,PEN.TA,190.7086768,20
20/01/2025,PEN.TA,194.6204546,21
21/01/2025,PEN.TA,196.3736352,22
22/01/2025,PEN.TA,189.201829,23
23/01/2025,PEN.TA,191.2794396,24
24/01/2025,PEN.TA,179.7481258,25
25/01/2025,PEN.TA,177.561481,26
26/01/2025,PEN.TA,187.9784243,27
27/01/2025,PEN.TA,194.0259984,28
28/01/2025,PEN.TA,193.6976885,29
29/01/2025,PEN.TA,183.6580473,30
31/12/2024,PERI.TA,2934.315473,1
01/01/2025,PERI.TA,3154.890172,2
02/01/2025,PERI.TA,3155.04971,3
03/01/2025,PERI.TA,2953.424393,4
04/01/2025,PERI.TA,2484.343031,5
05/01/2025,PERI.TA,2555.500532,6
06/01/2025,PERI.TA,2753.368931,7
07/01/2025,PERI.TA,2301.267351,8
08/01/2025,PERI.TA,2523.376384,9
09/01/2025,PERI.TA,2742.174312,10
10/01/2025,PERI.TA,2531.031636,11
11/01/2025,PERI.TA,2521.220198,12
12/01/2025,PERI.TA,2389.320924,13
13/01/2025,PERI.TA,2052.599687,14
14/01/2025,PERI.TA,2010.607384,15
15/01/2025,PERI.TA,1928.068143,16
16/01/2025,PERI.TA,1970.607046,17
17/01/2025,PERI.TA,1488.521627,18
18/01/2025,PERI.TA,1565.740082,19
19/01/2025,PERI.TA,1690.627886,20
20/01/2025,PERI.TA,1669.970924,21
21/01/2025,PERI.TA,1609.055778,22
22/01/2025,PERI.TA,1510.096392,23
23/01/2025,PERI.TA,1574.173896,24
24/01/2025,PERI.TA,1418.03874,25
25/01/2025,PERI.TA,1363.592671,26
26/01/2025,PERI.TA,1228.031023,27
27/01/2025,PERI.TA,1246.508867,28
28/01/2025,PERI.TA,1417.532366,29
29/01/2025,PERI.TA,1363.075266,30
31/12/2024,PTCH.TA,173.1648676,1
01/01/2025,PTCH.TA,175.8932711,2
02/01/2025,PTCH.TA,171.2714637,3
03/01/2025,PTCH.TA,164.4048231,4
04/01/2025,PTCH.TA,165.7906179,5
05/01/2025,PTCH.TA,158.8009231,6
06/01/2025,PTCH.TA,153.7504027,7
07/01/2025,PTCH.TA,152.6337202,8
08/01/2025,PTCH.TA,147.5821737,9
09/01/2025,PTCH.TA,151.2305848,10
10/01/2025,PTCH.TA,154.7474443,11
11/01/2025,PTCH.TA,147.0620886,12
12/01/2025,PTCH.TA,148.0933375,13
13/01/2025,PTCH.TA,151.1073653,14
14/01/2025,PTCH.TA,149.1149028,15
15/01/2025,PTCH.TA,147.7673935,16
16/01/2025,PTCH.TA,146.2698991,17
17/01/2025,PTCH.TA,144.3034861,18
18/01/2025,PTCH.TA,136.969121,19
19/01/2025,PTCH.TA,139.5876762,20
20/01/2025,PTCH.TA,141.1660086,21
21/01/2025,PTCH.TA,139.3038432,22
22/01/2025,PTCH.TA,140.2281487,23
23/01/2025,PTCH.TA,137.585947,24
24/01/2025,PTCH.TA,132.7955483,25
25/01/2025,PTCH.TA,134.3213807,26
26/01/2025,PTCH.TA,133.1555975,27
27/01/2025,PTCH.TA,131.4203144,28
28/01/2025,PTCH.TA,136.382243,29
29/01/2025,PTCH.TA,140.4137227,30
31/12/2024,PTX.TA,120.3416985,1
01/01/2025,PTX.TA,121.2053993,2
02/01/2025,PTX.TA,126.1541798,3
03/01/2025,PTX.TA,131.9011405,4
04/01/2025,PTX.TA,138.0993321,5
05/01/2025,PTX.TA,146.7394918,6
06/01/2025,PTX.TA,150.3713916,7
07/01/2025,PTX.TA,148.5477193,8
08/01/2025,PTX.TA,147.5423357,9
09/01/2025,PTX.TA,158.4582529,10
10/01/2025,PTX.TA,154.7272382,11
11/01/2025,PTX.TA,173.3681355,12
12/01/2025,PTX.TA,171.9025399,13
13/01/2025,PTX.TA,176.013027,14
14/01/2025,PTX.TA,169.5538169,15
15/01/2025,PTX.TA,185.1203078,16
16/01/2025,PTX.TA,197.4240138,17
17/01/2025,PTX.TA,219.2006277,18
18/01/2025,PTX.TA,198.8735,19
19/01/2025,PTX.TA,193.4685574,20
20/01/2025,PTX.TA,207.7986142,21
21/01/2025,PTX.TA,218.466432,22
22/01/2025,PTX.TA,221.766305,23
23/01/2025,PTX.TA,236.6703772,24
24/01/2025,PTX.TA,231.686949,25
25/01/2025,PTX.TA,214.6597309,26
26/01/2025,PTX.TA,216.9713748,27
27/01/2025,PTX.TA,232.2387257,28
28/01/2025,PTX.TA,225.840084,29
29/01/2025,PTX.TA,212.616028,30
31/12/2024,PHOE.TA,5234.047169,1
01/01/2025,PHOE.TA,5186.826021,2
02/01/2025,PHOE.TA,5289.169636,3
03/01/2025,PHOE.TA,5363.963049,4
04/01/2025,PHOE.TA,5499.994486,5
05/01/2025,PHOE.TA,5409.092959,6
06/01/2025,PHOE.TA,5374.246823,7
07/01/2025,PHOE.TA,5360.831525,8
08/01/2025,PHOE.TA,5462.84151,9
09/01/2025,PHOE.TA,5607.6526,10
10/01/2025,PHOE.TA,5482.051865,11
11/01/2025,PHOE.TA,5400.709243,12
12/01/2025,PHOE.TA,5261.408835,13
13/01/2025,PHOE.TA,5227.988207,14
14/01/2025,PHOE.TA,5073.265786,15
15/01/2025,PHOE.TA,5093.515479,16
16/01/2025,PHOE.TA,5005.719598,17
17/01/2025,PHOE.TA,5014.811348,18
18/01/2025,PHOE.TA,4871.254134,19
19/01/2025,PHOE.TA,4931.80825,20
20/01/2025,PHOE.TA,4879.868955,21
21/01/2025,PHOE.TA,4738.964244,22
22/01/2025,PHOE.TA,4801.645683,23
23/01/2025,PHOE.TA,4818.015762,24
24/01/2025,PHOE.TA,4815.166011,25
25/01/2025,PHOE.TA,4752.854189,26
26/01/2025,PHOE.TA,4779.500541,27
27/01/2025,PHOE.TA,4847.09169,28
28/01/2025,PHOE.TA,4724.933372,29
29/01/2025,PHOE.TA,4805.465753,30
31/12/2024,PHTM.TA,3134.753651,1
01/01/2025,PHTM.TA,3099.950608,2
02/01/2025,PHTM.TA,3111.561532,3
03/01/2025,PHTM.TA,3204.918298,4
04/01/2025,PHTM.TA,3210.771997,5
05/01/2025,PHTM.TA,3250.763533,6
06/01/2025,PHTM.TA,3223.939929,7
07/01/2025,PHTM.TA,3209.641432,8
08/01/2025,PHTM.TA,3202.893406,9
09/01/2025,PHTM.TA,3244.308515,10
10/01/2025,PHTM.TA,3276.746466,11
11/01/2025,PHTM.TA,3315.241817,12
12/01/2025,PHTM.TA,3263.103489,13
13/01/2025,PHTM.TA,3248.372439,14
14/01/2025,PHTM.TA,3323.196314,15
15/01/2025,PHTM.TA,3407.325473,16
16/01/2025,PHTM.TA,3470.278046,17
17/01/2025,PHTM.TA,3518.230351,18
18/01/2025,PHTM.TA,3440.20028,19
19/01/2025,PHTM.TA,3382.970654,20
20/01/2025,PHTM.TA,3314.641521,21
21/01/2025,PHTM.TA,3209.085115,22
22/01/2025,PHTM.TA,3197.956222,23
23/01/2025,PHTM.TA,3177.828855,24
24/01/2025,PHTM.TA,3260.137914,25
25/01/2025,PHTM.TA,3300.991471,26
26/01/2025,PHTM.TA,3290.237352,27
27/01/2025,PHTM.TA,3357.906931,28
28/01/2025,PHTM.TA,3392.962098,29
29/01/2025,PHTM.TA,3442.983664,30
31/12/2024,PLNT.TA,508.4224042,1
01/01/2025,PLNT.TA,652.7579612,2
02/01/2025,PLNT.TA,779.9951403,3
03/01/2025,PLNT.TA,593.8658882,4
04/01/2025,PLNT.TA,463.0228513,5
05/01/2025,PLNT.TA,483.5165778,6
06/01/2025,PLNT.TA,678.5910459,7
07/01/2025,PLNT.TA,836.7001811,8
08/01/2025,PLNT.TA,1021.559245,9
09/01/2025,PLNT.TA,355.7281506,10
10/01/2025,PLNT.TA,279.5314843,11
11/01/2025,PLNT.TA,403.7915156,12
12/01/2025,PLNT.TA,479.1569602,13
13/01/2025,PLNT.TA,513.4495815,14
14/01/2025,PLNT.TA,672.1179292,15
15/01/2025,PLNT.TA,681.5150069,16
16/01/2025,PLNT.TA,594.4004239,17
17/01/2025,PLNT.TA,530.8546811,18
18/01/2025,PLNT.TA,368.8820872,19
19/01/2025,PLNT.TA,192.4197761,20
20/01/2025,PLNT.TA,229.2039795,21
21/01/2025,PLNT.TA,204.0222987,22
22/01/2025,PLNT.TA,254.9734334,23
23/01/2025,PLNT.TA,317.2880989,24
24/01/2025,PLNT.TA,405.2601333,25
25/01/2025,PLNT.TA,278.9641259,26
26/01/2025,PLNT.TA,417.9340291,27
27/01/2025,PLNT.TA,383.5932221,28
28/01/2025,PLNT.TA,363.7710903,29
29/01/2025,PLNT.TA,397.0394185,30
31/12/2024,PLSN.TA,18724.75835,1
01/01/2025,PLSN.TA,18794.6034,2
02/01/2025,PLSN.TA,19274.60739,3
03/01/2025,PLSN.TA,19051.26309,4
04/01/2025,PLSN.TA,19050.33331,5
05/01/2025,PLSN.TA,19590.95686,6
06/01/2025,PLSN.TA,19695.88393,7
07/01/2025,PLSN.TA,19887.22573,8
08/01/2025,PLSN.TA,20114.83326,9
09/01/2025,PLSN.TA,20198.52195,10
10/01/2025,PLSN.TA,20738.19507,11
11/01/2025,PLSN.TA,21093.70509,12
12/01/2025,PLSN.TA,21290.59567,13
13/01/2025,PLSN.TA,21025.29661,14
14/01/2025,PLSN.TA,21529.46851,15
15/01/2025,PLSN.TA,21383.80536,16
16/01/2025,PLSN.TA,21188.68199,17
17/01/2025,PLSN.TA,21381.33876,18
18/01/2025,PLSN.TA,21570.14456,19
19/01/2025,PLSN.TA,21154.27645,20
20/01/2025,PLSN.TA,21076.19203,21
21/01/2025,PLSN.TA,20941.22794,22
22/01/2025,PLSN.TA,21022.28862,23
23/01/2025,PLSN.TA,21200.7884,24
24/01/2025,PLSN.TA,21404.32309,25
25/01/2025,PLSN.TA,21712.66617,26
26/01/2025,PLSN.TA,21790.0839,27
27/01/2025,PLSN.TA,21729.84206,28
28/01/2025,PLSN.TA,21534.31756,29
29/01/2025,PLSN.TA,21575.94681,30
31/12/2024,PLCR.TA,264.1255196,1
01/01/2025,PLCR.TA,331.7018318,2
02/01/2025,PLCR.TA,547.0508034,3
03/01/2025,PLCR.TA,612.0896278,4
04/01/2025,PLCR.TA,672.8291248,5
05/01/2025,PLCR.TA,998.2947325,6
06/01/2025,PLCR.TA,678.8253185,7
07/01/2025,PLCR.TA,1265.467965,8
08/01/2025,PLCR.TA,1884.157435,9
09/01/2025,PLCR.TA,2143.365699,10
10/01/2025,PLCR.TA,2532.540228,11
11/01/2025,PLCR.TA,3310.273553,12
12/01/2025,PLCR.TA,2030.724907,13
13/01/2025,PLCR.TA,1501.771353,14
14/01/2025,PLCR.TA,2094.822804,15
15/01/2025,PLCR.TA,2233.029583,16
16/01/2025,PLCR.TA,1853.36862,17
17/01/2025,PLCR.TA,1542.295281,18
18/01/2025,PLCR.TA,713.0500936,19
19/01/2025,PLCR.TA,447.1952869,20
20/01/2025,PLCR.TA,567.3326031,21
21/01/2025,PLCR.TA,572.0696556,22
22/01/2025,PLCR.TA,357.7352476,23
23/01/2025,PLCR.TA,439.5849945,24
24/01/2025,PLCR.TA,285.3159638,25
25/01/2025,PLCR.TA,214.4150549,26
26/01/2025,PLCR.TA,269.2338005,27
27/01/2025,PLCR.TA,261.7280383,28
28/01/2025,PLCR.TA,209.5195382,29
29/01/2025,PLCR.TA,239.7460607,30
31/12/2024,PPIL.TA,-1190.754835,1
01/01/2025,PPIL.TA,-4390.603879,2
02/01/2025,PPIL.TA,-19093.7229,3
03/01/2025,PPIL.TA,-75378.40081,4
04/01/2025,PPIL.TA,158839.7908,5
05/01/2025,PPIL.TA,179841.4224,6
06/01/2025,PPIL.TA,-355850.8311,7
07/01/2025,PPIL.TA,-1435670.149,8
08/01/2025,PPIL.TA,864276.0613,9
09/01/2025,PPIL.TA,2054456.132,10
10/01/2025,PPIL.TA,10578872.56,11
11/01/2025,PPIL.TA,2998061.176,12
12/01/2025,PPIL.TA,704821.0416,13
13/01/2025,PPIL.TA,6744059.647,14
14/01/2025,PPIL.TA,41221365.84,15
15/01/2025,PPIL.TA,2.68E+08,16
16/01/2025,PPIL.TA,-1.83E+08,17
17/01/2025,PPIL.TA,-1.58E+09,18
18/01/2025,PPIL.TA,-5.96E+09,19
19/01/2025,PPIL.TA,-6.73E+09,20
20/01/2025,PPIL.TA,1.58E+10,21
21/01/2025,PPIL.TA,4.25E+10,22
22/01/2025,PPIL.TA,2.84E+11,23
23/01/2025,PPIL.TA,-5.11E+11,24
24/01/2025,PPIL.TA,-1.87E+12,25
25/01/2025,PPIL.TA,-9.40E+12,26
26/01/2025,PPIL.TA,-1.16E+13,27
27/01/2025,PPIL.TA,-7.04E+13,28
28/01/2025,PPIL.TA,-1.09E+14,29
29/01/2025,PPIL.TA,1.76E+14,30
31/12/2024,PLAZ-L.TA,150.1379003,1
01/01/2025,PLAZ-L.TA,138.0810491,2
02/01/2025,PLAZ-L.TA,134.2876456,3
03/01/2025,PLAZ-L.TA,138.7471514,4
04/01/2025,PLAZ-L.TA,142.974909,5
05/01/2025,PLAZ-L.TA,146.2246632,6
06/01/2025,PLAZ-L.TA,145.358954,7
07/01/2025,PLAZ-L.TA,132.5623338,8
08/01/2025,PLAZ-L.TA,129.3405195,9
09/01/2025,PLAZ-L.TA,128.9494244,10
10/01/2025,PLAZ-L.TA,141.8400688,11
11/01/2025,PLAZ-L.TA,153.0423007,12
12/01/2025,PLAZ-L.TA,161.7068956,13
13/01/2025,PLAZ-L.TA,174.1173,14
14/01/2025,PLAZ-L.TA,154.4200839,15
15/01/2025,PLAZ-L.TA,137.9771968,16
16/01/2025,PLAZ-L.TA,136.81215,17
17/01/2025,PLAZ-L.TA,139.2899065,18
18/01/2025,PLAZ-L.TA,135.448735,19
19/01/2025,PLAZ-L.TA,138.7702061,20
20/01/2025,PLAZ-L.TA,154.3512518,21
21/01/2025,PLAZ-L.TA,172.1420779,22
22/01/2025,PLAZ-L.TA,179.2931466,23
23/01/2025,PLAZ-L.TA,173.9261228,24
24/01/2025,PLAZ-L.TA,184.5173142,25
25/01/2025,PLAZ-L.TA,187.3218702,26
26/01/2025,PLAZ-L.TA,176.6218375,27
27/01/2025,PLAZ-L.TA,196.6507885,28
28/01/2025,PLAZ-L.TA,187.1152956,29
29/01/2025,PLAZ-L.TA,188.4453506,30
31/12/2024,PLUR.TA,2185.490975,1
01/01/2025,PLUR.TA,2412.494252,2
02/01/2025,PLUR.TA,2401.845304,3
03/01/2025,PLUR.TA,2415.655348,4
04/01/2025,PLUR.TA,2527.187012,5
05/01/2025,PLUR.TA,2523.253648,6
06/01/2025,PLUR.TA,2655.253179,7
07/01/2025,PLUR.TA,2621.595341,8
08/01/2025,PLUR.TA,2483.195797,9
09/01/2025,PLUR.TA,2568.382673,10
10/01/2025,PLUR.TA,2761.492627,11
11/01/2025,PLUR.TA,2904.813821,12
12/01/2025,PLUR.TA,3440.95462,13
13/01/2025,PLUR.TA,3207.632078,14
14/01/2025,PLUR.TA,3273.931859,15
15/01/2025,PLUR.TA,3099.622568,16
16/01/2025,PLUR.TA,2548.296275,17
17/01/2025,PLUR.TA,2659.541824,18
18/01/2025,PLUR.TA,2582.991536,19
19/01/2025,PLUR.TA,2757.955316,20
20/01/2025,PLUR.TA,2523.593663,21
21/01/2025,PLUR.TA,2697.853125,22
22/01/2025,PLUR.TA,2796.918541,23
23/01/2025,PLUR.TA,2842.291458,24
24/01/2025,PLUR.TA,2776.635279,25
25/01/2025,PLUR.TA,2837.120984,26
26/01/2025,PLUR.TA,2901.519463,27
27/01/2025,PLUR.TA,2556.997607,28
28/01/2025,PLUR.TA,2456.206243,29
29/01/2025,PLUR.TA,2642.614648,30
31/12/2024,POLI.TA,4120.700207,1
01/01/2025,POLI.TA,4217.240702,2
02/01/2025,POLI.TA,4190.545133,3
03/01/2025,POLI.TA,4131.560167,4
04/01/2025,POLI.TA,4111.999939,5
05/01/2025,POLI.TA,4123.39864,6
06/01/2025,POLI.TA,4081.813314,7
07/01/2025,POLI.TA,4036.547809,8
08/01/2025,POLI.TA,4080.127964,9
09/01/2025,POLI.TA,4168.503827,10
10/01/2025,POLI.TA,4217.417949,11
11/01/2025,POLI.TA,4243.107114,12
12/01/2025,POLI.TA,4290.835416,13
13/01/2025,POLI.TA,4352.075615,14
14/01/2025,POLI.TA,4372.055534,15
15/01/2025,POLI.TA,4372.504925,16
16/01/2025,POLI.TA,4479.610383,17
17/01/2025,POLI.TA,4407.826139,18
18/01/2025,POLI.TA,4388.590212,19
19/01/2025,POLI.TA,4420.070244,20
20/01/2025,POLI.TA,4454.243191,21
21/01/2025,POLI.TA,4567.046256,22
22/01/2025,POLI.TA,4432.827939,23
23/01/2025,POLI.TA,4470.167241,24
24/01/2025,POLI.TA,4409.240647,25
25/01/2025,POLI.TA,4411.800044,26
26/01/2025,POLI.TA,4480.531024,27
27/01/2025,POLI.TA,4492.892337,28
28/01/2025,POLI.TA,4398.343469,29
29/01/2025,POLI.TA,4299.176628,30
31/12/2024,POLY.TA,4173.385235,1
01/01/2025,POLY.TA,4145.867119,2
02/01/2025,POLY.TA,4175.043232,3
03/01/2025,POLY.TA,4181.255917,4
04/01/2025,POLY.TA,4133.567647,5
05/01/2025,POLY.TA,4140.372146,6
06/01/2025,POLY.TA,4202.490377,7
07/01/2025,POLY.TA,4214.195067,8
08/01/2025,POLY.TA,4295.854814,9
09/01/2025,POLY.TA,4309.807619,10
10/01/2025,POLY.TA,4210.531423,11
11/01/2025,POLY.TA,4197.506606,12
12/01/2025,POLY.TA,4201.463959,13
13/01/2025,POLY.TA,4274.804136,14
14/01/2025,POLY.TA,4303.377478,15
15/01/2025,POLY.TA,4302.999277,16
16/01/2025,POLY.TA,4261.796631,17
17/01/2025,POLY.TA,4215.172827,18
18/01/2025,POLY.TA,4182.638557,19
19/01/2025,POLY.TA,4222.154246,20
20/01/2025,POLY.TA,4267.056214,21
21/01/2025,POLY.TA,4314.864674,22
22/01/2025,POLY.TA,4373.004105,23
23/01/2025,POLY.TA,4371.423755,24
24/01/2025,POLY.TA,4397.991398,25
25/01/2025,POLY.TA,4368.677843,26
26/01/2025,POLY.TA,4349.110623,27
27/01/2025,POLY.TA,4528.899307,28
28/01/2025,POLY.TA,4489.624303,29
29/01/2025,POLY.TA,4565.330057,30
31/12/2024,POLP.TA,1180.082661,1
01/01/2025,POLP.TA,1174.283274,2
02/01/2025,POLP.TA,1189.403738,3
03/01/2025,POLP.TA,1187.624149,4
04/01/2025,POLP.TA,1177.10301,5
05/01/2025,POLP.TA,1170.794691,6
06/01/2025,POLP.TA,1168.837716,7
07/01/2025,POLP.TA,1143.972493,8
08/01/2025,POLP.TA,1138.272385,9
09/01/2025,POLP.TA,1147.459966,10
10/01/2025,POLP.TA,1179.939051,11
11/01/2025,POLP.TA,1194.405156,12
12/01/2025,POLP.TA,1188.4656,13
13/01/2025,POLP.TA,1194.374877,14
14/01/2025,POLP.TA,1225.01704,15
15/01/2025,POLP.TA,1245.976353,16
16/01/2025,POLP.TA,1238.897976,17
17/01/2025,POLP.TA,1219.378878,18
18/01/2025,POLP.TA,1214.00407,19
19/01/2025,POLP.TA,1220.660075,20
20/01/2025,POLP.TA,1235.083001,21
21/01/2025,POLP.TA,1232.259075,22
22/01/2025,POLP.TA,1255.730447,23
23/01/2025,POLP.TA,1229.173261,24
24/01/2025,POLP.TA,1224.398332,25
25/01/2025,POLP.TA,1235.691009,26
26/01/2025,POLP.TA,1218.601596,27
27/01/2025,POLP.TA,1193.139062,28
28/01/2025,POLP.TA,1173.735649,29
29/01/2025,POLP.TA,1167.803038,30
31/12/2024,PMVM.TA,177.76248,1
01/01/2025,PMVM.TA,280.0263434,2
02/01/2025,PMVM.TA,422.9938445,3
03/01/2025,PMVM.TA,510.2400606,4
04/01/2025,PMVM.TA,734.0274946,5
05/01/2025,PMVM.TA,427.8004025,6
06/01/2025,PMVM.TA,438.1973629,7
07/01/2025,PMVM.TA,548.404768,8
08/01/2025,PMVM.TA,575.7365635,9
09/01/2025,PMVM.TA,286.3323503,10
10/01/2025,PMVM.TA,491.9509238,11
11/01/2025,PMVM.TA,495.0989889,12
12/01/2025,PMVM.TA,518.4020894,13
13/01/2025,PMVM.TA,654.2478518,14
14/01/2025,PMVM.TA,1504.940613,15
15/01/2025,PMVM.TA,641.653959,16
16/01/2025,PMVM.TA,423.2401448,17
17/01/2025,PMVM.TA,658.0636446,18
18/01/2025,PMVM.TA,403.3170299,19
19/01/2025,PMVM.TA,457.6746798,20
20/01/2025,PMVM.TA,141.6903484,21
21/01/2025,PMVM.TA,161.9144212,22
22/01/2025,PMVM.TA,250.4038636,23
23/01/2025,PMVM.TA,251.7829637,24
24/01/2025,PMVM.TA,351.3856033,25
25/01/2025,PMVM.TA,374.3929396,26
26/01/2025,PMVM.TA,411.7336075,27
27/01/2025,PMVM.TA,299.5045166,28
28/01/2025,PMVM.TA,513.5149289,29
29/01/2025,PMVM.TA,683.2041024,30
31/12/2024,PRSK.TA,11824.62432,1
01/01/2025,PRSK.TA,12448.5559,2
02/01/2025,PRSK.TA,12650.37868,3
03/01/2025,PRSK.TA,13155.16553,4
04/01/2025,PRSK.TA,12362.13951,5
05/01/2025,PRSK.TA,12313.04892,6
06/01/2025,PRSK.TA,12557.60031,7
07/01/2025,PRSK.TA,12902.61086,8
08/01/2025,PRSK.TA,13097.71272,9
09/01/2025,PRSK.TA,13612.70829,10
10/01/2025,PRSK.TA,13695.78835,11
11/01/2025,PRSK.TA,14054.54623,12
12/01/2025,PRSK.TA,14407.21826,13
13/01/2025,PRSK.TA,13628.71638,14
14/01/2025,PRSK.TA,14141.97136,15
15/01/2025,PRSK.TA,14061.65399,16
16/01/2025,PRSK.TA,14298.0127,17
17/01/2025,PRSK.TA,14106.49273,18
18/01/2025,PRSK.TA,14584.57006,19
19/01/2025,PRSK.TA,14970.619,20
20/01/2025,PRSK.TA,14883.20857,21
21/01/2025,PRSK.TA,14688.11954,22
22/01/2025,PRSK.TA,14608.75622,23
23/01/2025,PRSK.TA,14400.94062,24
24/01/2025,PRSK.TA,14500.20273,25
25/01/2025,PRSK.TA,14665.92077,26
26/01/2025,PRSK.TA,15287.87363,27
27/01/2025,PRSK.TA,15194.27712,28
28/01/2025,PRSK.TA,15143.58201,29
29/01/2025,PRSK.TA,15204.7966,30
31/12/2024,PRIM.TA,1039.391635,1
01/01/2025,PRIM.TA,1077.663592,2
02/01/2025,PRIM.TA,974.685797,3
03/01/2025,PRIM.TA,851.8305874,4
04/01/2025,PRIM.TA,843.9445655,5
05/01/2025,PRIM.TA,782.7306003,6
06/01/2025,PRIM.TA,802.9129218,7
07/01/2025,PRIM.TA,784.3875128,8
08/01/2025,PRIM.TA,714.9499007,9
09/01/2025,PRIM.TA,793.9753812,10
10/01/2025,PRIM.TA,640.4941062,11
11/01/2025,PRIM.TA,665.4613196,12
12/01/2025,PRIM.TA,687.4110632,13
13/01/2025,PRIM.TA,707.3829578,14
14/01/2025,PRIM.TA,745.0175447,15
15/01/2025,PRIM.TA,750.5090047,16
16/01/2025,PRIM.TA,775.6528854,17
17/01/2025,PRIM.TA,839.1992745,18
18/01/2025,PRIM.TA,906.2893172,19
19/01/2025,PRIM.TA,816.2641741,20
20/01/2025,PRIM.TA,857.6804028,21
21/01/2025,PRIM.TA,954.175393,22
22/01/2025,PRIM.TA,1014.769501,23
23/01/2025,PRIM.TA,1087.530854,24
24/01/2025,PRIM.TA,1146.965939,25
25/01/2025,PRIM.TA,1279.865381,26
26/01/2025,PRIM.TA,1366.511637,27
27/01/2025,PRIM.TA,1477.61971,28
28/01/2025,PRIM.TA,1270.280666,29
29/01/2025,PRIM.TA,1270.086213,30
31/12/2024,PRMG.TA,1455.322799,1
01/01/2025,PRMG.TA,1511.373449,2
02/01/2025,PRMG.TA,1549.21113,3
03/01/2025,PRMG.TA,1628.264379,4
04/01/2025,PRMG.TA,1572.176143,5
05/01/2025,PRMG.TA,1667.538925,6
06/01/2025,PRMG.TA,1671.537742,7
07/01/2025,PRMG.TA,1640.593648,8
08/01/2025,PRMG.TA,1656.929201,9
09/01/2025,PRMG.TA,1722.934612,10
10/01/2025,PRMG.TA,1713.211993,11
11/01/2025,PRMG.TA,1853.946549,12
12/01/2025,PRMG.TA,1756.488428,13
13/01/2025,PRMG.TA,1576.538099,14
14/01/2025,PRMG.TA,1497.452886,15
15/01/2025,PRMG.TA,1580.000899,16
16/01/2025,PRMG.TA,1528.750698,17
17/01/2025,PRMG.TA,1507.925435,18
18/01/2025,PRMG.TA,1470.833922,19
19/01/2025,PRMG.TA,1467.079843,20
20/01/2025,PRMG.TA,1573.349576,21
21/01/2025,PRMG.TA,1617.979297,22
22/01/2025,PRMG.TA,1561.380972,23
23/01/2025,PRMG.TA,1683.106837,24
24/01/2025,PRMG.TA,1666.102917,25
25/01/2025,PRMG.TA,1571.643808,26
26/01/2025,PRMG.TA,1522.554449,27
27/01/2025,PRMG.TA,1553.201631,28
28/01/2025,PRMG.TA,1723.749218,29
29/01/2025,PRMG.TA,1722.14405,30
31/12/2024,PRTC.TA,16464.18255,1
01/01/2025,PRTC.TA,17492.94415,2
02/01/2025,PRTC.TA,17098.15892,3
03/01/2025,PRTC.TA,17624.39564,4
04/01/2025,PRTC.TA,17554.78382,5
05/01/2025,PRTC.TA,16729.19018,6
06/01/2025,PRTC.TA,17087.46289,7
07/01/2025,PRTC.TA,16076.36422,8
08/01/2025,PRTC.TA,16814.89974,9
09/01/2025,PRTC.TA,16684.31288,10
10/01/2025,PRTC.TA,17404.96043,11
11/01/2025,PRTC.TA,17503.71485,12
12/01/2025,PRTC.TA,16846.98411,13
13/01/2025,PRTC.TA,17051.20607,14
14/01/2025,PRTC.TA,18176.64924,15
15/01/2025,PRTC.TA,18313.54173,16
16/01/2025,PRTC.TA,17407.5017,17
17/01/2025,PRTC.TA,16924.7306,18
18/01/2025,PRTC.TA,16555.26686,19
19/01/2025,PRTC.TA,17302.35503,20
20/01/2025,PRTC.TA,17500.92523,21
21/01/2025,PRTC.TA,17464.4755,22
22/01/2025,PRTC.TA,16555.76143,23
23/01/2025,PRTC.TA,14973.38615,24
24/01/2025,PRTC.TA,14749.65078,25
25/01/2025,PRTC.TA,15199.31346,26
26/01/2025,PRTC.TA,15072.65336,27
27/01/2025,PRTC.TA,15390.07371,28
28/01/2025,PRTC.TA,15166.30963,29
29/01/2025,PRTC.TA,16449.98304,30
31/12/2024,PRPD.TA,2248.801806,1
01/01/2025,PRPD.TA,2233.240529,2
02/01/2025,PRPD.TA,2234.515054,3
03/01/2025,PRPD.TA,2218.075632,4
04/01/2025,PRPD.TA,2225.621184,5
05/01/2025,PRPD.TA,2235.402541,6
06/01/2025,PRPD.TA,2230.789528,7
07/01/2025,PRPD.TA,2229.946297,8
08/01/2025,PRPD.TA,2214.214895,9
09/01/2025,PRPD.TA,2202.772715,10
10/01/2025,PRPD.TA,2196.602762,11
11/01/2025,PRPD.TA,2202.395395,12
12/01/2025,PRPD.TA,2196.303207,13
13/01/2025,PRPD.TA,2163.904596,14
14/01/2025,PRPD.TA,2164.918765,15
15/01/2025,PRPD.TA,2167.623216,16
16/01/2025,PRPD.TA,2169.027886,17
17/01/2025,PRPD.TA,2163.348073,18
18/01/2025,PRPD.TA,2160.58055,19
19/01/2025,PRPD.TA,2155.841017,20
20/01/2025,PRPD.TA,2138.034446,21
21/01/2025,PRPD.TA,2157.485594,22
22/01/2025,PRPD.TA,2154.01599,23
23/01/2025,PRPD.TA,2161.614479,24
24/01/2025,PRPD.TA,2134.172603,25
25/01/2025,PRPD.TA,2126.277191,26
26/01/2025,PRPD.TA,2138.518644,27
27/01/2025,PRPD.TA,2141.323871,28
28/01/2025,PRPD.TA,2142.055746,29
29/01/2025,PRPD.TA,2126.671452,30
31/12/2024,PTBL.TA,27109.90792,1
01/01/2025,PTBL.TA,27188.16677,2
02/01/2025,PTBL.TA,25492.27877,3
03/01/2025,PTBL.TA,25881.53698,4
04/01/2025,PTBL.TA,26584.35232,5
05/01/2025,PTBL.TA,27180.39384,6
06/01/2025,PTBL.TA,26529.65468,7
07/01/2025,PTBL.TA,25984.99829,8
08/01/2025,PTBL.TA,25635.3893,9
09/01/2025,PTBL.TA,25078.09763,10
10/01/2025,PTBL.TA,24787.04688,11
11/01/2025,PTBL.TA,25262.86142,12
12/01/2025,PTBL.TA,26105.1053,13
13/01/2025,PTBL.TA,24409.23342,14
14/01/2025,PTBL.TA,24357.83023,15
15/01/2025,PTBL.TA,23790.47817,16
16/01/2025,PTBL.TA,22341.79828,17
17/01/2025,PTBL.TA,22037.65365,18
18/01/2025,PTBL.TA,20897.7679,19
19/01/2025,PTBL.TA,21345.42424,20
20/01/2025,PTBL.TA,22420.12065,21
21/01/2025,PTBL.TA,22840.17534,22
22/01/2025,PTBL.TA,23614.8743,23
23/01/2025,PTBL.TA,23179.12464,24
24/01/2025,PTBL.TA,23645.78208,25
25/01/2025,PTBL.TA,23645.97983,26
26/01/2025,PTBL.TA,24365.12429,27
27/01/2025,PTBL.TA,24392.23573,28
28/01/2025,PTBL.TA,24305.14994,29
29/01/2025,PTBL.TA,25372.39859,30
31/12/2024,PULS.TA,461.7793436,1
01/01/2025,PULS.TA,403.7770525,2
02/01/2025,PULS.TA,380.1222392,3
03/01/2025,PULS.TA,481.1882899,4
04/01/2025,PULS.TA,533.8131689,5
05/01/2025,PULS.TA,633.8656913,6
06/01/2025,PULS.TA,579.3444546,7
07/01/2025,PULS.TA,739.1957064,8
08/01/2025,PULS.TA,782.0875469,9
09/01/2025,PULS.TA,970.1260995,10
10/01/2025,PULS.TA,1139.390961,11
11/01/2025,PULS.TA,1047.820189,12
12/01/2025,PULS.TA,919.6462462,13
13/01/2025,PULS.TA,721.203174,14
14/01/2025,PULS.TA,615.6942688,15
15/01/2025,PULS.TA,632.656896,16
16/01/2025,PULS.TA,686.3917428,17
17/01/2025,PULS.TA,710.3234477,18
18/01/2025,PULS.TA,643.6656044,19
19/01/2025,PULS.TA,635.3043776,20
20/01/2025,PULS.TA,542.9903569,21
21/01/2025,PULS.TA,524.3656581,22
22/01/2025,PULS.TA,524.1560177,23
23/01/2025,PULS.TA,564.0153564,24
24/01/2025,PULS.TA,676.2695993,25
25/01/2025,PULS.TA,597.7791516,26
26/01/2025,PULS.TA,614.7224407,27
27/01/2025,PULS.TA,423.8293332,28
28/01/2025,PULS.TA,385.9450537,29
29/01/2025,PULS.TA,397.1941731,30
31/12/2024,PPBT.TA,-209.1641041,1
01/01/2025,PPBT.TA,-32.4330493,2
02/01/2025,PPBT.TA,32.97333513,3
03/01/2025,PPBT.TA,121.7837175,4
04/01/2025,PPBT.TA,164.190629,5
05/01/2025,PPBT.TA,384.250378,6
06/01/2025,PPBT.TA,-278.451847,7
07/01/2025,PPBT.TA,318.3405273,8
08/01/2025,PPBT.TA,-284.4787318,9
09/01/2025,PPBT.TA,-696.3427952,10
10/01/2025,PPBT.TA,-595.9333912,11
11/01/2025,PPBT.TA,-1847.500543,12
12/01/2025,PPBT.TA,-7688.567892,13
13/01/2025,PPBT.TA,-49101.38967,14
14/01/2025,PPBT.TA,-5389.518813,15
15/01/2025,PPBT.TA,-17796.72429,16
16/01/2025,PPBT.TA,-46558.59769,17
17/01/2025,PPBT.TA,-124064.2625,18
18/01/2025,PPBT.TA,130515.6924,19
19/01/2025,PPBT.TA,304429.4365,20
20/01/2025,PPBT.TA,1300918.485,21
21/01/2025,PPBT.TA,2726718.236,22
22/01/2025,PPBT.TA,-2935533.181,23
23/01/2025,PPBT.TA,-11053013.49,24
24/01/2025,PPBT.TA,-61133346.67,25
25/01/2025,PPBT.TA,-3.41E+08,26
26/01/2025,PPBT.TA,-5.06E+08,27
27/01/2025,PPBT.TA,-3.87E+08,28
28/01/2025,PPBT.TA,-8.21E+08,29
29/01/2025,PPBT.TA,-3.01E+09,30
31/12/2024,QLTU.TA,19204.1663,1
01/01/2025,QLTU.TA,18564.20845,2
02/01/2025,QLTU.TA,18379.3044,3
03/01/2025,QLTU.TA,19219.33781,4
04/01/2025,QLTU.TA,18803.15699,5
05/01/2025,QLTU.TA,19072.77476,6
06/01/2025,QLTU.TA,16706.68164,7
07/01/2025,QLTU.TA,15787.35222,8
08/01/2025,QLTU.TA,16125.58702,9
09/01/2025,QLTU.TA,16501.51023,10
10/01/2025,QLTU.TA,16444.54964,11
11/01/2025,QLTU.TA,15960.86524,12
12/01/2025,QLTU.TA,15824.69458,13
13/01/2025,QLTU.TA,15145.22638,14
14/01/2025,QLTU.TA,15814.30696,15
15/01/2025,QLTU.TA,15579.20304,16
16/01/2025,QLTU.TA,16370.62325,17
17/01/2025,QLTU.TA,16005.46464,18
18/01/2025,QLTU.TA,15517.28809,19
19/01/2025,QLTU.TA,15439.37981,20
20/01/2025,QLTU.TA,14572.42352,21
21/01/2025,QLTU.TA,13711.45489,22
22/01/2025,QLTU.TA,13429.13301,23
23/01/2025,QLTU.TA,13172.51647,24
24/01/2025,QLTU.TA,13168.41159,25
25/01/2025,QLTU.TA,12550.0277,26
26/01/2025,QLTU.TA,12886.57012,27
27/01/2025,QLTU.TA,13509.08629,28
28/01/2025,QLTU.TA,13239.88615,29
29/01/2025,QLTU.TA,12530.77918,30
31/12/2024,QNCO.TA,710.8111343,1
01/01/2025,QNCO.TA,740.5220096,2
02/01/2025,QNCO.TA,769.8450004,3
03/01/2025,QNCO.TA,748.1226544,4
04/01/2025,QNCO.TA,736.5153466,5
05/01/2025,QNCO.TA,759.0594179,6
06/01/2025,QNCO.TA,754.5364904,7
07/01/2025,QNCO.TA,755.4135765,8
08/01/2025,QNCO.TA,774.5783205,9
09/01/2025,QNCO.TA,704.1071084,10
10/01/2025,QNCO.TA,694.3949447,11
11/01/2025,QNCO.TA,677.0480693,12
12/01/2025,QNCO.TA,703.560435,13
13/01/2025,QNCO.TA,717.6521088,14
14/01/2025,QNCO.TA,723.2108794,15
15/01/2025,QNCO.TA,743.4486388,16
16/01/2025,QNCO.TA,770.7103051,17
17/01/2025,QNCO.TA,748.694208,18
18/01/2025,QNCO.TA,768.3460106,19
19/01/2025,QNCO.TA,778.3364399,20
20/01/2025,QNCO.TA,743.0250297,21
21/01/2025,QNCO.TA,748.3408741,22
22/01/2025,QNCO.TA,752.883588,23
23/01/2025,QNCO.TA,737.195981,24
24/01/2025,QNCO.TA,736.7869999,25
25/01/2025,QNCO.TA,732.5477806,26
26/01/2025,QNCO.TA,759.4595634,27
27/01/2025,QNCO.TA,777.1118969,28
28/01/2025,QNCO.TA,767.7713861,29
29/01/2025,QNCO.TA,756.9469133,30
31/12/2024,QLRD.TA,3200.204836,1
01/01/2025,QLRD.TA,3278.218883,2
02/01/2025,QLRD.TA,3203.402432,3
03/01/2025,QLRD.TA,3238.316973,4
04/01/2025,QLRD.TA,3128.236098,5
05/01/2025,QLRD.TA,3159.771197,6
06/01/2025,QLRD.TA,3217.5659,7
07/01/2025,QLRD.TA,3296.680844,8
08/01/2025,QLRD.TA,3239.150217,9
09/01/2025,QLRD.TA,3289.27445,10
10/01/2025,QLRD.TA,3272.493942,11
11/01/2025,QLRD.TA,3199.045861,12
12/01/2025,QLRD.TA,3349.683334,13
13/01/2025,QLRD.TA,3364.424658,14
14/01/2025,QLRD.TA,3552.26029,15
15/01/2025,QLRD.TA,3741.785813,16
16/01/2025,QLRD.TA,3699.138679,17
17/01/2025,QLRD.TA,3736.957933,18
18/01/2025,QLRD.TA,3664.991348,19
19/01/2025,QLRD.TA,3518.090084,20
20/01/2025,QLRD.TA,3607.70249,21
21/01/2025,QLRD.TA,3658.746129,22
22/01/2025,QLRD.TA,3845.053318,23
23/01/2025,QLRD.TA,3867.071299,24
24/01/2025,QLRD.TA,3730.547872,25
25/01/2025,QLRD.TA,3652.144152,26
26/01/2025,QLRD.TA,3542.943348,27
27/01/2025,QLRD.TA,3542.933997,28
28/01/2025,QLRD.TA,3694.799865,29
29/01/2025,QLRD.TA,3624.957783,30
31/12/2024,RLCO.TA,4713.135985,1
01/01/2025,RLCO.TA,4735.745296,2
02/01/2025,RLCO.TA,4838.9532,3
03/01/2025,RLCO.TA,4923.670613,4
04/01/2025,RLCO.TA,5069.333251,5
05/01/2025,RLCO.TA,5027.969777,6
06/01/2025,RLCO.TA,4931.458879,7
07/01/2025,RLCO.TA,5020.594139,8
08/01/2025,RLCO.TA,5065.125594,9
09/01/2025,RLCO.TA,4960.369275,10
10/01/2025,RLCO.TA,5235.96904,11
11/01/2025,RLCO.TA,5426.216595,12
12/01/2025,RLCO.TA,5567.45651,13
13/01/2025,RLCO.TA,5550.851982,14
14/01/2025,RLCO.TA,5515.811833,15
15/01/2025,RLCO.TA,5628.255905,16
16/01/2025,RLCO.TA,5731.141048,17
17/01/2025,RLCO.TA,5722.657311,18
18/01/2025,RLCO.TA,5746.146258,19
19/01/2025,RLCO.TA,5866.809179,20
20/01/2025,RLCO.TA,6115.042241,21
21/01/2025,RLCO.TA,6205.626212,22
22/01/2025,RLCO.TA,6397.601024,23
23/01/2025,RLCO.TA,6382.705803,24
24/01/2025,RLCO.TA,6288.534587,25
25/01/2025,RLCO.TA,6198.368237,26
26/01/2025,RLCO.TA,6395.319965,27
27/01/2025,RLCO.TA,6188.121216,28
28/01/2025,RLCO.TA,6140.460358,29
29/01/2025,RLCO.TA,6240.415977,30
31/12/2024,RMN.TA,1538.796334,1
01/01/2025,RMN.TA,1567.229925,2
02/01/2025,RMN.TA,1556.995349,3
03/01/2025,RMN.TA,1533.285861,4
04/01/2025,RMN.TA,1551.032291,5
05/01/2025,RMN.TA,1549.160013,6
06/01/2025,RMN.TA,1565.410534,7
07/01/2025,RMN.TA,1545.176573,8
08/01/2025,RMN.TA,1558.927574,9
09/01/2025,RMN.TA,1605.793347,10
10/01/2025,RMN.TA,1573.316222,11
11/01/2025,RMN.TA,1628.498295,12
12/01/2025,RMN.TA,1632.565187,13
13/01/2025,RMN.TA,1681.326188,14
14/01/2025,RMN.TA,1637.144626,15
15/01/2025,RMN.TA,1689.833239,16
16/01/2025,RMN.TA,1630.132988,17
17/01/2025,RMN.TA,1664.08424,18
18/01/2025,RMN.TA,1698.593927,19
19/01/2025,RMN.TA,1607.587927,20
20/01/2025,RMN.TA,1616.413261,21
21/01/2025,RMN.TA,1618.677745,22
22/01/2025,RMN.TA,1600.375885,23
23/01/2025,RMN.TA,1610.275116,24
24/01/2025,RMN.TA,1560.612144,25
25/01/2025,RMN.TA,1563.297744,26
26/01/2025,RMN.TA,1562.524033,27
27/01/2025,RMN.TA,1545.445761,28
28/01/2025,RMN.TA,1491.942354,29
29/01/2025,RMN.TA,1514.912599,30
31/12/2024,RMLI.TA,25418.78138,1
01/01/2025,RMLI.TA,25062.39723,2
02/01/2025,RMLI.TA,24411.69192,3
03/01/2025,RMLI.TA,24944.65615,4
04/01/2025,RMLI.TA,24954.00012,5
05/01/2025,RMLI.TA,24967.95195,6
06/01/2025,RMLI.TA,25199.41368,7
07/01/2025,RMLI.TA,25311.88441,8
08/01/2025,RMLI.TA,25469.5638,9
09/01/2025,RMLI.TA,26016.11331,10
10/01/2025,RMLI.TA,25978.56768,11
11/01/2025,RMLI.TA,25857.58379,12
12/01/2025,RMLI.TA,25958.91489,13
13/01/2025,RMLI.TA,26509.90333,14
14/01/2025,RMLI.TA,26643.29433,15
15/01/2025,RMLI.TA,26054.09385,16
16/01/2025,RMLI.TA,26595.63565,17
17/01/2025,RMLI.TA,26850.97212,18
18/01/2025,RMLI.TA,26496.39361,19
19/01/2025,RMLI.TA,26892.26635,20
20/01/2025,RMLI.TA,26086.8497,21
21/01/2025,RMLI.TA,25710.78616,22
22/01/2025,RMLI.TA,25563.65702,23
23/01/2025,RMLI.TA,26087.32426,24
24/01/2025,RMLI.TA,26261.95216,25
25/01/2025,RMLI.TA,26058.24337,26
26/01/2025,RMLI.TA,25815.29216,27
27/01/2025,RMLI.TA,25537.89874,28
28/01/2025,RMLI.TA,25982.1443,29
29/01/2025,RMLI.TA,25991.27113,30
31/12/2024,RANI.TA,390.1698123,1
01/01/2025,RANI.TA,389.354671,2
02/01/2025,RANI.TA,385.800122,3
03/01/2025,RANI.TA,380.8880663,4
04/01/2025,RANI.TA,380.1272527,5
05/01/2025,RANI.TA,391.5822863,6
06/01/2025,RANI.TA,399.7335174,7
07/01/2025,RANI.TA,403.8111278,8
08/01/2025,RANI.TA,419.4159182,9
09/01/2025,RANI.TA,430.4427676,10
10/01/2025,RANI.TA,457.6316805,11
11/01/2025,RANI.TA,462.3685358,12
12/01/2025,RANI.TA,477.6615646,13
13/01/2025,RANI.TA,494.3730519,14
14/01/2025,RANI.TA,485.2947683,15
15/01/2025,RANI.TA,479.3079412,16
16/01/2025,RANI.TA,467.7263277,17
17/01/2025,RANI.TA,453.6776552,18
18/01/2025,RANI.TA,422.0146073,19
19/01/2025,RANI.TA,426.1774535,20
20/01/2025,RANI.TA,420.2964603,21
21/01/2025,RANI.TA,422.703216,22
22/01/2025,RANI.TA,439.0144109,23
23/01/2025,RANI.TA,426.6136469,24
24/01/2025,RANI.TA,414.4179169,25
25/01/2025,RANI.TA,425.0509366,26
26/01/2025,RANI.TA,439.3510966,27
27/01/2025,RANI.TA,418.7906762,28
28/01/2025,RANI.TA,421.3122739,29
29/01/2025,RANI.TA,429.8567425,30
31/12/2024,RPAC.TA,2818.988302,1
01/01/2025,RPAC.TA,2785.785041,2
02/01/2025,RPAC.TA,2830.229432,3
03/01/2025,RPAC.TA,2868.36467,4
04/01/2025,RPAC.TA,2904.404761,5
05/01/2025,RPAC.TA,2859.50116,6
06/01/2025,RPAC.TA,2954.020969,7
07/01/2025,RPAC.TA,2931.509413,8
08/01/2025,RPAC.TA,2943.509308,9
09/01/2025,RPAC.TA,2987.403175,10
10/01/2025,RPAC.TA,2986.983764,11
11/01/2025,RPAC.TA,2984.844403,12
12/01/2025,RPAC.TA,2996.761587,13
13/01/2025,RPAC.TA,3004.930835,14
14/01/2025,RPAC.TA,2993.955101,15
15/01/2025,RPAC.TA,3038.600121,16
16/01/2025,RPAC.TA,3037.828634,17
17/01/2025,RPAC.TA,2980.962379,18
18/01/2025,RPAC.TA,3010.407206,19
19/01/2025,RPAC.TA,3053.816551,20
20/01/2025,RPAC.TA,3100.53643,21
21/01/2025,RPAC.TA,3088.18426,22
22/01/2025,RPAC.TA,3088.195747,23
23/01/2025,RPAC.TA,3120.736424,24
24/01/2025,RPAC.TA,3074.352848,25
25/01/2025,RPAC.TA,3087.843531,26
26/01/2025,RPAC.TA,3097.97624,27
27/01/2025,RPAC.TA,3087.691232,28
28/01/2025,RPAC.TA,3056.363975,29
29/01/2025,RPAC.TA,2987.088076,30
31/12/2024,RATI.TA,336.9851658,1
01/01/2025,RATI.TA,347.6494458,2
02/01/2025,RATI.TA,361.7988744,3
03/01/2025,RATI.TA,360.1587252,4
04/01/2025,RATI.TA,363.7499875,5
05/01/2025,RATI.TA,363.6062388,6
06/01/2025,RATI.TA,376.4783478,7
07/01/2025,RATI.TA,385.2577312,8
08/01/2025,RATI.TA,387.9052867,9
09/01/2025,RATI.TA,395.588424,10
10/01/2025,RATI.TA,396.6756155,11
11/01/2025,RATI.TA,402.12149,12
12/01/2025,RATI.TA,404.8186757,13
13/01/2025,RATI.TA,403.337918,14
14/01/2025,RATI.TA,395.1910371,15
15/01/2025,RATI.TA,393.7720802,16
16/01/2025,RATI.TA,395.7129902,17
17/01/2025,RATI.TA,378.9883795,18
18/01/2025,RATI.TA,379.7938476,19
19/01/2025,RATI.TA,384.1354373,20
20/01/2025,RATI.TA,388.3880181,21
21/01/2025,RATI.TA,378.8289106,22
22/01/2025,RATI.TA,390.7405002,23
23/01/2025,RATI.TA,383.072965,24
24/01/2025,RATI.TA,384.6091015,25
25/01/2025,RATI.TA,389.5048593,26
26/01/2025,RATI.TA,387.2165594,27
27/01/2025,RATI.TA,395.3998728,28
28/01/2025,RATI.TA,394.9339749,29
29/01/2025,RATI.TA,400.6978119,30
31/12/2024,RTPT.TA,22.6135264,1
01/01/2025,RTPT.TA,24.40378785,2
02/01/2025,RTPT.TA,23.93677096,3
03/01/2025,RTPT.TA,25.69636487,4
04/01/2025,RTPT.TA,30.51759066,5
05/01/2025,RTPT.TA,30.93968281,6
06/01/2025,RTPT.TA,34.80995122,7
07/01/2025,RTPT.TA,45.21352619,8
08/01/2025,RTPT.TA,46.62690664,9
09/01/2025,RTPT.TA,51.83254144,10
10/01/2025,RTPT.TA,63.5857571,11
11/01/2025,RTPT.TA,58.31723606,12
12/01/2025,RTPT.TA,42.30160975,13
13/01/2025,RTPT.TA,49.99397737,14
14/01/2025,RTPT.TA,68.64129701,15
15/01/2025,RTPT.TA,43.43042967,16
16/01/2025,RTPT.TA,38.82461824,17
17/01/2025,RTPT.TA,48.1156761,18
18/01/2025,RTPT.TA,57.34996974,19
19/01/2025,RTPT.TA,52.4878496,20
20/01/2025,RTPT.TA,48.09410263,21
21/01/2025,RTPT.TA,46.5307462,22
22/01/2025,RTPT.TA,38.23755423,23
23/01/2025,RTPT.TA,35.80907948,24
24/01/2025,RTPT.TA,36.52814558,25
25/01/2025,RTPT.TA,40.00264109,26
26/01/2025,RTPT.TA,51.37220132,27
27/01/2025,RTPT.TA,46.89963247,28
28/01/2025,RTPT.TA,45.07454022,29
29/01/2025,RTPT.TA,47.83287039,30
31/12/2024,BRIH.TA,79.09858856,1
01/01/2025,BRIH.TA,80.58785583,2
02/01/2025,BRIH.TA,81.27808069,3
03/01/2025,BRIH.TA,80.4202956,4
04/01/2025,BRIH.TA,77.83824102,5
05/01/2025,BRIH.TA,75.96227287,6
06/01/2025,BRIH.TA,75.01730311,7
07/01/2025,BRIH.TA,74.74099059,8
08/01/2025,BRIH.TA,76.02136951,9
09/01/2025,BRIH.TA,76.27867957,10
10/01/2025,BRIH.TA,78.12497431,11
11/01/2025,BRIH.TA,77.47097566,12
12/01/2025,BRIH.TA,76.69611471,13
13/01/2025,BRIH.TA,77.96513987,14
14/01/2025,BRIH.TA,79.53201414,15
15/01/2025,BRIH.TA,78.86223673,16
16/01/2025,BRIH.TA,76.18331447,17
17/01/2025,BRIH.TA,75.85497624,18
18/01/2025,BRIH.TA,79.28298642,19
19/01/2025,BRIH.TA,80.27612433,20
20/01/2025,BRIH.TA,81.61016172,21
21/01/2025,BRIH.TA,82.49195767,22
22/01/2025,BRIH.TA,83.52858957,23
23/01/2025,BRIH.TA,85.24443466,24
24/01/2025,BRIH.TA,89.03033504,25
25/01/2025,BRIH.TA,89.18469006,26
26/01/2025,BRIH.TA,87.99563328,27
27/01/2025,BRIH.TA,90.41413906,28
28/01/2025,BRIH.TA,91.78332769,29
29/01/2025,BRIH.TA,93.47742127,30
31/12/2024,RAVD.TA,802.9820871,1
01/01/2025,RAVD.TA,804.727952,2
02/01/2025,RAVD.TA,808.4721616,3
03/01/2025,RAVD.TA,800.3757752,4
04/01/2025,RAVD.TA,805.9958038,5
05/01/2025,RAVD.TA,800.3808215,6
06/01/2025,RAVD.TA,809.3152279,7
07/01/2025,RAVD.TA,818.382096,8
08/01/2025,RAVD.TA,791.4931008,9
09/01/2025,RAVD.TA,787.2490238,10
10/01/2025,RAVD.TA,785.8879942,11
11/01/2025,RAVD.TA,804.7166003,12
12/01/2025,RAVD.TA,833.9230047,13
13/01/2025,RAVD.TA,831.7819316,14
14/01/2025,RAVD.TA,841.5858031,15
15/01/2025,RAVD.TA,848.5128934,16
16/01/2025,RAVD.TA,846.9767806,17
17/01/2025,RAVD.TA,851.3174916,18
18/01/2025,RAVD.TA,842.2829399,19
19/01/2025,RAVD.TA,827.3435987,20
20/01/2025,RAVD.TA,793.8051423,21
21/01/2025,RAVD.TA,800.912275,22
22/01/2025,RAVD.TA,837.5535611,23
23/01/2025,RAVD.TA,838.468053,24
24/01/2025,RAVD.TA,813.5558838,25
25/01/2025,RAVD.TA,810.7470254,26
26/01/2025,RAVD.TA,796.3711944,27
27/01/2025,RAVD.TA,824.9669969,28
28/01/2025,RAVD.TA,806.1849108,29
29/01/2025,RAVD.TA,821.5830477,30
31/12/2024,RVL.TA,346.6092541,1
01/01/2025,RVL.TA,379.8374316,2
02/01/2025,RVL.TA,357.9926919,3
03/01/2025,RVL.TA,385.9171429,4
04/01/2025,RVL.TA,375.1127778,5
05/01/2025,RVL.TA,323.0118657,6
06/01/2025,RVL.TA,346.2794131,7
07/01/2025,RVL.TA,296.5462877,8
08/01/2025,RVL.TA,264.2501001,9
09/01/2025,RVL.TA,215.2967472,10
10/01/2025,RVL.TA,263.5258472,11
11/01/2025,RVL.TA,269.4275237,12
12/01/2025,RVL.TA,265.9689548,13
13/01/2025,RVL.TA,220.3668451,14
14/01/2025,RVL.TA,235.9685285,15
15/01/2025,RVL.TA,281.0014331,16
16/01/2025,RVL.TA,281.753908,17
17/01/2025,RVL.TA,336.1141428,18
18/01/2025,RVL.TA,346.0128591,19
19/01/2025,RVL.TA,372.7086866,20
20/01/2025,RVL.TA,320.6306274,21
21/01/2025,RVL.TA,253.5090277,22
22/01/2025,RVL.TA,394.4960183,23
23/01/2025,RVL.TA,359.4233948,24
24/01/2025,RVL.TA,426.1311219,25
25/01/2025,RVL.TA,586.8349368,26
26/01/2025,RVL.TA,686.1834588,27
27/01/2025,RVL.TA,907.3836011,28
28/01/2025,RVL.TA,1011.238638,29
29/01/2025,RVL.TA,1319.451887,30
31/12/2024,RAYG-M.TA,51.86227292,1
01/01/2025,RAYG-M.TA,147.5123323,2
02/01/2025,RAYG-M.TA,170.9918412,3
03/01/2025,RAYG-M.TA,52.60167868,4
04/01/2025,RAYG-M.TA,-49.14388081,5
05/01/2025,RAYG-M.TA,-312.3643546,6
06/01/2025,RAYG-M.TA,-833.1531737,7
07/01/2025,RAYG-M.TA,-5414.463815,8
08/01/2025,RAYG-M.TA,14340.44442,9
09/01/2025,RAYG-M.TA,12674.2544,10
10/01/2025,RAYG-M.TA,1157.764748,11
11/01/2025,RAYG-M.TA,-6660.289285,12
12/01/2025,RAYG-M.TA,-18569.37318,13
13/01/2025,RAYG-M.TA,-54204.36963,14
14/01/2025,RAYG-M.TA,-115920.6618,15
15/01/2025,RAYG-M.TA,-60303.69729,16
16/01/2025,RAYG-M.TA,-99328.96619,17
17/01/2025,RAYG-M.TA,-549690.7993,18
18/01/2025,RAYG-M.TA,-2360636.077,19
19/01/2025,RAYG-M.TA,-7270167.1,20
20/01/2025,RAYG-M.TA,-25930969.03,21
21/01/2025,RAYG-M.TA,-36671257.28,22
22/01/2025,RAYG-M.TA,-1.70E+08,23
23/01/2025,RAYG-M.TA,-2.16E+08,24
24/01/2025,RAYG-M.TA,4.84E+08,25
25/01/2025,RAYG-M.TA,7.74E+08,26
26/01/2025,RAYG-M.TA,-3.08E+09,27
27/01/2025,RAYG-M.TA,-5.45E+09,28
28/01/2025,RAYG-M.TA,-2.19E+10,29
29/01/2025,RAYG-M.TA,4.98E+10,30
31/12/2024,RZR.TA,542.7920152,1
01/01/2025,RZR.TA,561.2367792,2
02/01/2025,RZR.TA,587.3832963,3
03/01/2025,RZR.TA,603.5155818,4
04/01/2025,RZR.TA,603.09761,5
05/01/2025,RZR.TA,625.3516787,6
06/01/2025,RZR.TA,562.1783321,7
07/01/2025,RZR.TA,575.5002276,8
08/01/2025,RZR.TA,570.7374065,9
09/01/2025,RZR.TA,545.7590669,10
10/01/2025,RZR.TA,554.9354459,11
11/01/2025,RZR.TA,546.4564196,12
12/01/2025,RZR.TA,514.5757075,13
13/01/2025,RZR.TA,508.2734182,14
14/01/2025,RZR.TA,481.8284886,15
15/01/2025,RZR.TA,469.7384698,16
16/01/2025,RZR.TA,476.2107416,17
17/01/2025,RZR.TA,493.9058845,18
18/01/2025,RZR.TA,509.3778511,19
19/01/2025,RZR.TA,558.8547914,20
20/01/2025,RZR.TA,621.0878628,21
21/01/2025,RZR.TA,678.4549098,22
22/01/2025,RZR.TA,692.2061945,23
23/01/2025,RZR.TA,733.2498671,24
24/01/2025,RZR.TA,707.7149323,25
25/01/2025,RZR.TA,754.9977778,26
26/01/2025,RZR.TA,751.9777476,27
27/01/2025,RZR.TA,728.4328064,28
28/01/2025,RZR.TA,695.696639,29
29/01/2025,RZR.TA,651.7722223,30
31/12/2024,RIT1.TA,1865.706804,1
01/01/2025,RIT1.TA,1857.526867,2
02/01/2025,RIT1.TA,1883.476124,3
03/01/2025,RIT1.TA,1891.884889,4
04/01/2025,RIT1.TA,1883.828746,5
05/01/2025,RIT1.TA,1885.740508,6
06/01/2025,RIT1.TA,1902.016325,7
07/01/2025,RIT1.TA,1892.164084,8
08/01/2025,RIT1.TA,1921.353257,9
09/01/2025,RIT1.TA,1993.205279,10
10/01/2025,RIT1.TA,1993.699868,11
11/01/2025,RIT1.TA,1991.931549,12
12/01/2025,RIT1.TA,1967.512127,13
13/01/2025,RIT1.TA,1947.729934,14
14/01/2025,RIT1.TA,1923.292079,15
15/01/2025,RIT1.TA,1897.88384,16
16/01/2025,RIT1.TA,1897.276816,17
17/01/2025,RIT1.TA,1977.405394,18
18/01/2025,RIT1.TA,1991.512124,19
19/01/2025,RIT1.TA,2011.334168,20
20/01/2025,RIT1.TA,2028.075604,21
21/01/2025,RIT1.TA,2042.007924,22
22/01/2025,RIT1.TA,2033.570355,23
23/01/2025,RIT1.TA,2020.887287,24
24/01/2025,RIT1.TA,1974.757466,25
25/01/2025,RIT1.TA,1939.17509,26
26/01/2025,RIT1.TA,1981.607047,27
27/01/2025,RIT1.TA,1991.850321,28
28/01/2025,RIT1.TA,2025.801919,29
29/01/2025,RIT1.TA,2017.386135,30
31/12/2024,AZRT.TA,513.205636,1
01/01/2025,AZRT.TA,512.8915295,2
02/01/2025,AZRT.TA,530.5514152,3
03/01/2025,AZRT.TA,574.2650173,4
04/01/2025,AZRT.TA,573.5472138,5
05/01/2025,AZRT.TA,564.9649118,6
06/01/2025,AZRT.TA,578.5590916,7
07/01/2025,AZRT.TA,635.9770963,8
08/01/2025,AZRT.TA,660.8969179,9
09/01/2025,AZRT.TA,679.1712125,10
10/01/2025,AZRT.TA,704.3395812,11
11/01/2025,AZRT.TA,738.4757995,12
12/01/2025,AZRT.TA,739.7229653,13
13/01/2025,AZRT.TA,772.8759498,14
14/01/2025,AZRT.TA,786.4935289,15
15/01/2025,AZRT.TA,843.9871821,16
16/01/2025,AZRT.TA,886.7440582,17
17/01/2025,AZRT.TA,884.4096312,18
18/01/2025,AZRT.TA,890.8220946,19
19/01/2025,AZRT.TA,908.6823667,20
20/01/2025,AZRT.TA,1042.974939,21
21/01/2025,AZRT.TA,934.9557425,22
22/01/2025,AZRT.TA,968.053667,23
23/01/2025,AZRT.TA,925.9774096,24
24/01/2025,AZRT.TA,937.2049406,25
25/01/2025,AZRT.TA,949.0991002,26
26/01/2025,AZRT.TA,1002.066477,27
27/01/2025,AZRT.TA,1006.317738,28
28/01/2025,AZRT.TA,1001.127006,29
29/01/2025,AZRT.TA,1016.698749,30
31/12/2024,REKA.TA,1218.487035,1
01/01/2025,REKA.TA,1246.110081,2
02/01/2025,REKA.TA,1282.826105,3
03/01/2025,REKA.TA,1253.713607,4
04/01/2025,REKA.TA,1205.68195,5
05/01/2025,REKA.TA,1179.217189,6
06/01/2025,REKA.TA,1217.444448,7
07/01/2025,REKA.TA,1203.030506,8
08/01/2025,REKA.TA,1185.245468,9
09/01/2025,REKA.TA,1228.627133,10
10/01/2025,REKA.TA,1223.417329,11
11/01/2025,REKA.TA,1242.023087,12
12/01/2025,REKA.TA,1198.208611,13
13/01/2025,REKA.TA,1218.228838,14
14/01/2025,REKA.TA,1228.055747,15
15/01/2025,REKA.TA,1254.906555,16
16/01/2025,REKA.TA,1241.972318,17
17/01/2025,REKA.TA,1193.98175,18
18/01/2025,REKA.TA,1139.832392,19
19/01/2025,REKA.TA,1155.790978,20
20/01/2025,REKA.TA,1169.722213,21
21/01/2025,REKA.TA,1165.572312,22
22/01/2025,REKA.TA,1110.925664,23
23/01/2025,REKA.TA,1079.530832,24
24/01/2025,REKA.TA,1044.610024,25
25/01/2025,REKA.TA,1085.549396,26
26/01/2025,REKA.TA,1085.135458,27
27/01/2025,REKA.TA,1077.259843,28
28/01/2025,REKA.TA,1048.475422,29
29/01/2025,REKA.TA,994.9809056,30
31/12/2024,RTMD-L.TA,46.05452101,1
01/01/2025,RTMD-L.TA,45.65705036,2
02/01/2025,RTMD-L.TA,24.54827207,3
03/01/2025,RTMD-L.TA,32.51294761,4
04/01/2025,RTMD-L.TA,21.9934925,5
05/01/2025,RTMD-L.TA,12.02475733,6
06/01/2025,RTMD-L.TA,13.79842628,7
07/01/2025,RTMD-L.TA,9.34688099,8
08/01/2025,RTMD-L.TA,4.315225,9
09/01/2025,RTMD-L.TA,6.00194693,10
10/01/2025,RTMD-L.TA,4.10653254,11
11/01/2025,RTMD-L.TA,3.68440314,12
12/01/2025,RTMD-L.TA,4.71658996,13
13/01/2025,RTMD-L.TA,4.11161484,14
14/01/2025,RTMD-L.TA,2.09818416,15
15/01/2025,RTMD-L.TA,1.25271414,16
16/01/2025,RTMD-L.TA,0.86729149,17
17/01/2025,RTMD-L.TA,1.16034531,18
18/01/2025,RTMD-L.TA,0.93001543,19
19/01/2025,RTMD-L.TA,1.32212066,20
20/01/2025,RTMD-L.TA,1.55808079,21
21/01/2025,RTMD-L.TA,1.2642693,22
22/01/2025,RTMD-L.TA,0.55414049,23
23/01/2025,RTMD-L.TA,0.39150285,24
24/01/2025,RTMD-L.TA,0.5744717,25
25/01/2025,RTMD-L.TA,0.16781048,26
26/01/2025,RTMD-L.TA,0.09838461,27
27/01/2025,RTMD-L.TA,0.13045074,28
28/01/2025,RTMD-L.TA,0.10348838,29
29/01/2025,RTMD-L.TA,0.12470568,30
31/12/2024,RTLS.TA,7093.472116,1
01/01/2025,RTLS.TA,6986.578198,2
02/01/2025,RTLS.TA,7031.786766,3
03/01/2025,RTLS.TA,7233.752558,4
04/01/2025,RTLS.TA,7172.667486,5
05/01/2025,RTLS.TA,7325.164547,6
06/01/2025,RTLS.TA,7357.611234,7
07/01/2025,RTLS.TA,7255.033077,8
08/01/2025,RTLS.TA,7320.606841,9
09/01/2025,RTLS.TA,7230.330696,10
10/01/2025,RTLS.TA,7242.845455,11
11/01/2025,RTLS.TA,7546.966473,12
12/01/2025,RTLS.TA,7711.024612,13
13/01/2025,RTLS.TA,7642.613669,14
14/01/2025,RTLS.TA,7981.974684,15
15/01/2025,RTLS.TA,8330.15934,16
16/01/2025,RTLS.TA,8115.5906,17
17/01/2025,RTLS.TA,8242.223314,18
18/01/2025,RTLS.TA,8162.954956,19
19/01/2025,RTLS.TA,7976.308013,20
20/01/2025,RTLS.TA,7820.17141,21
21/01/2025,RTLS.TA,7830.277292,22
22/01/2025,RTLS.TA,7948.300711,23
23/01/2025,RTLS.TA,8013.60452,24
24/01/2025,RTLS.TA,7974.142083,25
25/01/2025,RTLS.TA,7806.030076,26
26/01/2025,RTLS.TA,7596.814397,27
27/01/2025,RTLS.TA,7560.892236,28
28/01/2025,RTLS.TA,7414.908366,29
29/01/2025,RTLS.TA,7533.842308,30
31/12/2024,RMON.TA,4201.509644,1
01/01/2025,RMON.TA,4180.451019,2
02/01/2025,RMON.TA,4183.715966,3
03/01/2025,RMON.TA,4171.960375,4
04/01/2025,RMON.TA,4171.399155,5
05/01/2025,RMON.TA,4402.598247,6
06/01/2025,RMON.TA,4503.939777,7
07/01/2025,RMON.TA,4523.160784,8
08/01/2025,RMON.TA,4553.3289,9
09/01/2025,RMON.TA,4767.237605,10
10/01/2025,RMON.TA,4783.857714,11
11/01/2025,RMON.TA,4731.783392,12
12/01/2025,RMON.TA,4776.814153,13
13/01/2025,RMON.TA,4851.325326,14
14/01/2025,RMON.TA,4973.512112,15
15/01/2025,RMON.TA,4964.537286,16
16/01/2025,RMON.TA,5156.505596,17
17/01/2025,RMON.TA,5167.462287,18
18/01/2025,RMON.TA,5169.349875,19
19/01/2025,RMON.TA,5144.598316,20
20/01/2025,RMON.TA,5213.302991,21
21/01/2025,RMON.TA,5233.483376,22
22/01/2025,RMON.TA,5253.920664,23
23/01/2025,RMON.TA,5559.286727,24
24/01/2025,RMON.TA,5531.547555,25
25/01/2025,RMON.TA,5611.501732,26
26/01/2025,RMON.TA,5647.500946,27
27/01/2025,RMON.TA,5694.624474,28
28/01/2025,RMON.TA,5849.71977,29
29/01/2025,RMON.TA,6041.390889,30
31/12/2024,RIMO.TA,4623.629933,1
01/01/2025,RIMO.TA,4723.90793,2
02/01/2025,RIMO.TA,4746.690162,3
03/01/2025,RIMO.TA,4843.076022,4
04/01/2025,RIMO.TA,4884.707968,5
05/01/2025,RIMO.TA,4987.936943,6
06/01/2025,RIMO.TA,4869.082069,7
07/01/2025,RIMO.TA,5088.224594,8
08/01/2025,RIMO.TA,5168.43615,9
09/01/2025,RIMO.TA,5165.707738,10
10/01/2025,RIMO.TA,5189.5295,11
11/01/2025,RIMO.TA,5008.863573,12
12/01/2025,RIMO.TA,4863.435658,13
13/01/2025,RIMO.TA,4796.787251,14
14/01/2025,RIMO.TA,4900.318212,15
15/01/2025,RIMO.TA,4879.017727,16
16/01/2025,RIMO.TA,4758.475944,17
17/01/2025,RIMO.TA,4616.146613,18
18/01/2025,RIMO.TA,4692.248202,19
19/01/2025,RIMO.TA,4670.312291,20
20/01/2025,RIMO.TA,4662.559752,21
21/01/2025,RIMO.TA,4525.490346,22
22/01/2025,RIMO.TA,4511.234182,23
23/01/2025,RIMO.TA,4351.632299,24
24/01/2025,RIMO.TA,4334.439445,25
25/01/2025,RIMO.TA,4356.739678,26
26/01/2025,RIMO.TA,4455.864828,27
27/01/2025,RIMO.TA,4443.458196,28
28/01/2025,RIMO.TA,4369.724011,29
29/01/2025,RIMO.TA,4479.480685,30
31/12/2024,ROBO.TA,152.510279,1
01/01/2025,ROBO.TA,135.5018863,2
02/01/2025,ROBO.TA,144.948635,3
03/01/2025,ROBO.TA,194.46856,4
04/01/2025,ROBO.TA,192.9893,5
05/01/2025,ROBO.TA,191.1780485,6
06/01/2025,ROBO.TA,205.0389522,7
07/01/2025,ROBO.TA,253.3806782,8
08/01/2025,ROBO.TA,243.096432,9
09/01/2025,ROBO.TA,279.4285203,10
10/01/2025,ROBO.TA,319.3925335,11
11/01/2025,ROBO.TA,283.5008026,12
12/01/2025,ROBO.TA,286.9451393,13
13/01/2025,ROBO.TA,238.8275374,14
14/01/2025,ROBO.TA,198.0093078,15
15/01/2025,ROBO.TA,191.684637,16
16/01/2025,ROBO.TA,194.6894136,17
17/01/2025,ROBO.TA,97.11557122,18
18/01/2025,ROBO.TA,118.2664619,19
19/01/2025,ROBO.TA,88.98604096,20
20/01/2025,ROBO.TA,76.52315618,21
21/01/2025,ROBO.TA,58.3795477,22
22/01/2025,ROBO.TA,59.05921358,23
23/01/2025,ROBO.TA,48.9178803,24
24/01/2025,ROBO.TA,53.61384526,25
25/01/2025,ROBO.TA,31.20690275,26
26/01/2025,ROBO.TA,36.58756058,27
27/01/2025,ROBO.TA,42.85160641,28
28/01/2025,ROBO.TA,41.48293871,29
29/01/2025,ROBO.TA,45.11174234,30
31/12/2024,RTEN.TA,249.1989428,1
01/01/2025,RTEN.TA,221.4014212,2
02/01/2025,RTEN.TA,235.2591044,3
03/01/2025,RTEN.TA,235.4532481,4
04/01/2025,RTEN.TA,248.4363544,5
05/01/2025,RTEN.TA,251.9087103,6
06/01/2025,RTEN.TA,257.2064038,7
07/01/2025,RTEN.TA,272.7762429,8
08/01/2025,RTEN.TA,269.9020188,9
09/01/2025,RTEN.TA,233.5540919,10
10/01/2025,RTEN.TA,228.0262325,11
11/01/2025,RTEN.TA,210.9526318,12
12/01/2025,RTEN.TA,217.0978633,13
13/01/2025,RTEN.TA,238.6803865,14
14/01/2025,RTEN.TA,225.9283854,15
15/01/2025,RTEN.TA,207.2592769,16
16/01/2025,RTEN.TA,199.1730428,17
17/01/2025,RTEN.TA,220.8174997,18
18/01/2025,RTEN.TA,239.6366812,19
19/01/2025,RTEN.TA,226.4933742,20
20/01/2025,RTEN.TA,244.1645101,21
21/01/2025,RTEN.TA,225.4431278,22
22/01/2025,RTEN.TA,246.6024639,23
23/01/2025,RTEN.TA,256.2653071,24
24/01/2025,RTEN.TA,247.0805509,25
25/01/2025,RTEN.TA,227.9088724,26
26/01/2025,RTEN.TA,213.3703442,27
27/01/2025,RTEN.TA,198.6739907,28
28/01/2025,RTEN.TA,192.5776782,29
29/01/2025,RTEN.TA,203.1444228,30
31/12/2024,ROTS.TA,5935.618093,1
01/01/2025,ROTS.TA,5928.479955,2
02/01/2025,ROTS.TA,5865.59296,3
03/01/2025,ROTS.TA,6001.839881,4
04/01/2025,ROTS.TA,5968.2776,5
05/01/2025,ROTS.TA,5832.018484,6
06/01/2025,ROTS.TA,5892.65872,7
07/01/2025,ROTS.TA,5803.126816,8
08/01/2025,ROTS.TA,5923.092716,9
09/01/2025,ROTS.TA,6061.191926,10
10/01/2025,ROTS.TA,5933.842985,11
11/01/2025,ROTS.TA,6073.555515,12
12/01/2025,ROTS.TA,5919.150056,13
13/01/2025,ROTS.TA,6090.630148,14
14/01/2025,ROTS.TA,6240.637942,15
15/01/2025,ROTS.TA,6435.199641,16
16/01/2025,ROTS.TA,6559.654065,17
17/01/2025,ROTS.TA,6524.750625,18
18/01/2025,ROTS.TA,6458.165467,19
19/01/2025,ROTS.TA,6825.120172,20
20/01/2025,ROTS.TA,6906.085609,21
21/01/2025,ROTS.TA,6827.80109,22
22/01/2025,ROTS.TA,6758.103094,23
23/01/2025,ROTS.TA,6789.094483,24
24/01/2025,ROTS.TA,6766.436914,25
25/01/2025,ROTS.TA,6766.419806,26
26/01/2025,ROTS.TA,6774.270633,27
27/01/2025,ROTS.TA,6771.096204,28
28/01/2025,ROTS.TA,6736.622941,29
29/01/2025,ROTS.TA,6811.671773,30
31/12/2024,RSEL.TA,859.4158802,1
01/01/2025,RSEL.TA,882.4761109,2
02/01/2025,RSEL.TA,845.6945505,3
03/01/2025,RSEL.TA,890.1871214,4
04/01/2025,RSEL.TA,904.9307961,5
05/01/2025,RSEL.TA,903.2494408,6
06/01/2025,RSEL.TA,921.8034954,7
07/01/2025,RSEL.TA,899.5604868,8
08/01/2025,RSEL.TA,925.2039191,9
09/01/2025,RSEL.TA,949.0348807,10
10/01/2025,RSEL.TA,935.8045931,11
11/01/2025,RSEL.TA,996.3128375,12
12/01/2025,RSEL.TA,1023.372543,13
13/01/2025,RSEL.TA,1028.61498,14
14/01/2025,RSEL.TA,1062.56745,15
15/01/2025,RSEL.TA,1120.375231,16
16/01/2025,RSEL.TA,1217.450644,17
17/01/2025,RSEL.TA,1192.579057,18
18/01/2025,RSEL.TA,1255.518614,19
19/01/2025,RSEL.TA,1245.734387,20
20/01/2025,RSEL.TA,1258.816927,21
21/01/2025,RSEL.TA,1329.703917,22
22/01/2025,RSEL.TA,1277.366172,23
23/01/2025,RSEL.TA,1215.862253,24
24/01/2025,RSEL.TA,1275.662366,25
25/01/2025,RSEL.TA,1233.582508,26
26/01/2025,RSEL.TA,1133.868514,27
27/01/2025,RSEL.TA,1175.67757,28
28/01/2025,RSEL.TA,1123.70912,29
29/01/2025,RSEL.TA,1188.597823,30
31/12/2024,SRAC.TA,3951.892668,1
01/01/2025,SRAC.TA,4008.70375,2
02/01/2025,SRAC.TA,3943.73523,3
03/01/2025,SRAC.TA,3996.828116,4
04/01/2025,SRAC.TA,3991.312482,5
05/01/2025,SRAC.TA,3982.313612,6
06/01/2025,SRAC.TA,3963.563253,7
07/01/2025,SRAC.TA,4114.775575,8
08/01/2025,SRAC.TA,4155.761596,9
09/01/2025,SRAC.TA,4137.820916,10
10/01/2025,SRAC.TA,4040.195979,11
11/01/2025,SRAC.TA,4062.394127,12
12/01/2025,SRAC.TA,4145.978584,13
13/01/2025,SRAC.TA,4298.810596,14
14/01/2025,SRAC.TA,4160.933172,15
15/01/2025,SRAC.TA,4143.607328,16
16/01/2025,SRAC.TA,4191.513118,17
17/01/2025,SRAC.TA,4161.2626,18
18/01/2025,SRAC.TA,4205.54945,19
19/01/2025,SRAC.TA,4427.14406,20
20/01/2025,SRAC.TA,4475.558594,21
21/01/2025,SRAC.TA,4551.476428,22
22/01/2025,SRAC.TA,4601.058676,23
23/01/2025,SRAC.TA,4598.397394,24
24/01/2025,SRAC.TA,4537.441268,25
25/01/2025,SRAC.TA,4506.540605,26
26/01/2025,SRAC.TA,4538.615484,27
27/01/2025,SRAC.TA,4744.627374,28
28/01/2025,SRAC.TA,4749.64045,29
29/01/2025,SRAC.TA,4757.631098,30
31/12/2024,SANO1.TA,35328.7083,1
01/01/2025,SANO1.TA,34878.31494,2
02/01/2025,SANO1.TA,35031.97056,3
03/01/2025,SANO1.TA,35505.76426,4
04/01/2025,SANO1.TA,34815.99496,5
05/01/2025,SANO1.TA,35202.01006,6
06/01/2025,SANO1.TA,33690.91326,7
07/01/2025,SANO1.TA,34655.39145,8
08/01/2025,SANO1.TA,34129.82677,9
09/01/2025,SANO1.TA,33309.82879,10
10/01/2025,SANO1.TA,32877.81084,11
11/01/2025,SANO1.TA,32346.14727,12
12/01/2025,SANO1.TA,32212.42867,13
13/01/2025,SANO1.TA,32898.75778,14
14/01/2025,SANO1.TA,32145.1382,15
15/01/2025,SANO1.TA,33599.9202,16
16/01/2025,SANO1.TA,34419.0063,17
17/01/2025,SANO1.TA,34639.71165,18
18/01/2025,SANO1.TA,33967.00238,19
19/01/2025,SANO1.TA,33114.45333,20
20/01/2025,SANO1.TA,33898.27556,21
21/01/2025,SANO1.TA,33529.99261,22
22/01/2025,SANO1.TA,34006.13858,23
23/01/2025,SANO1.TA,34051.9943,24
24/01/2025,SANO1.TA,33570.43306,25
25/01/2025,SANO1.TA,34126.87248,26
26/01/2025,SANO1.TA,34075.46595,27
27/01/2025,SANO1.TA,36176.69035,28
28/01/2025,SANO1.TA,36582.45064,29
29/01/2025,SANO1.TA,34901.56073,30
31/12/2024,SPNS.TA,9669.511437,1
01/01/2025,SPNS.TA,9963.432535,2
02/01/2025,SPNS.TA,10694.84133,3
03/01/2025,SPNS.TA,10223.68027,4
04/01/2025,SPNS.TA,10526.80002,5
05/01/2025,SPNS.TA,10216.81722,6
06/01/2025,SPNS.TA,10194.49729,7
07/01/2025,SPNS.TA,9811.60106,8
08/01/2025,SPNS.TA,9955.915143,9
09/01/2025,SPNS.TA,9860.461465,10
10/01/2025,SPNS.TA,9974.56642,11
11/01/2025,SPNS.TA,9943.233986,12
12/01/2025,SPNS.TA,9746.960787,13
13/01/2025,SPNS.TA,9839.670129,14
14/01/2025,SPNS.TA,9677.664684,15
15/01/2025,SPNS.TA,9975.535159,16
16/01/2025,SPNS.TA,10406.8975,17
17/01/2025,SPNS.TA,10402.39304,18
18/01/2025,SPNS.TA,9978.511272,19
19/01/2025,SPNS.TA,10390.32105,20
20/01/2025,SPNS.TA,10265.42979,21
21/01/2025,SPNS.TA,10687.9954,22
22/01/2025,SPNS.TA,10006.7379,23
23/01/2025,SPNS.TA,10119.19465,24
24/01/2025,SPNS.TA,9721.172005,25
25/01/2025,SPNS.TA,9555.727091,26
26/01/2025,SPNS.TA,9686.952194,27
27/01/2025,SPNS.TA,10122.65289,28
28/01/2025,SPNS.TA,9759.747311,29
29/01/2025,SPNS.TA,9887.513001,30
31/12/2024,SRFT.TA,3760.337039,1
01/01/2025,SRFT.TA,3734.06708,2
02/01/2025,SRFT.TA,3711.294552,3
03/01/2025,SRFT.TA,3735.62589,4
04/01/2025,SRFT.TA,3682.926103,5
05/01/2025,SRFT.TA,3667.363653,6
06/01/2025,SRFT.TA,3665.097336,7
07/01/2025,SRFT.TA,3720.385241,8
08/01/2025,SRFT.TA,3720.471244,9
09/01/2025,SRFT.TA,3769.609658,10
10/01/2025,SRFT.TA,3729.859,11
11/01/2025,SRFT.TA,3690.190997,12
12/01/2025,SRFT.TA,3651.8493,13
13/01/2025,SRFT.TA,3637.823959,14
14/01/2025,SRFT.TA,3614.276606,15
15/01/2025,SRFT.TA,3663.545993,16
16/01/2025,SRFT.TA,3694.140477,17
17/01/2025,SRFT.TA,3723.819378,18
18/01/2025,SRFT.TA,3701.908067,19
19/01/2025,SRFT.TA,3661.579957,20
20/01/2025,SRFT.TA,3637.125147,21
21/01/2025,SRFT.TA,3582.470825,22
22/01/2025,SRFT.TA,3639.431157,23
23/01/2025,SRFT.TA,3674.849978,24
24/01/2025,SRFT.TA,3723.058057,25
25/01/2025,SRFT.TA,3755.626513,26
26/01/2025,SRFT.TA,3828.040702,27
27/01/2025,SRFT.TA,3803.365788,28
28/01/2025,SRFT.TA,3812.888182,29
29/01/2025,SRFT.TA,3824.714911,30
31/12/2024,SARN.TA,62.12632593,1
01/01/2025,SARN.TA,60.77563883,2
02/01/2025,SARN.TA,60.0258947,3
03/01/2025,SARN.TA,60.53340566,4
04/01/2025,SARN.TA,60.0310554,5
05/01/2025,SARN.TA,59.72744937,6
06/01/2025,SARN.TA,58.99741009,7
07/01/2025,SARN.TA,59.68334895,8
08/01/2025,SARN.TA,59.78888195,9
09/01/2025,SARN.TA,60.07304778,10
10/01/2025,SARN.TA,59.74127617,11
11/01/2025,SARN.TA,60.41919208,12
12/01/2025,SARN.TA,60.93312832,13
13/01/2025,SARN.TA,61.46657405,14
14/01/2025,SARN.TA,61.32098795,15
15/01/2025,SARN.TA,61.74706284,16
16/01/2025,SARN.TA,61.21024875,17
17/01/2025,SARN.TA,60.42731881,18
18/01/2025,SARN.TA,60.49536905,19
19/01/2025,SARN.TA,60.01092173,20
20/01/2025,SARN.TA,59.75038918,21
21/01/2025,SARN.TA,58.70492102,22
22/01/2025,SARN.TA,58.41184324,23
23/01/2025,SARN.TA,59.33542769,24
24/01/2025,SARN.TA,59.30538359,25
25/01/2025,SARN.TA,59.91124573,26
26/01/2025,SARN.TA,60.7344938,27
27/01/2025,SARN.TA,61.86273572,28
28/01/2025,SARN.TA,62.9904439,29
29/01/2025,SARN.TA,64.24771907,30
31/12/2024,SVRE.TA,4.42408735,1
01/01/2025,SVRE.TA,14.09557999,2
02/01/2025,SVRE.TA,57.99590789,3
03/01/2025,SVRE.TA,201.2876413,4
04/01/2025,SVRE.TA,1979.734114,5
05/01/2025,SVRE.TA,-4477.239356,6
06/01/2025,SVRE.TA,-25408.76372,7
07/01/2025,SVRE.TA,-71509.91866,8
08/01/2025,SVRE.TA,412035.6029,9
09/01/2025,SVRE.TA,1387715.876,10
10/01/2025,SVRE.TA,-5198077.34,11
11/01/2025,SVRE.TA,-30674968.84,12
12/01/2025,SVRE.TA,-1.69E+08,13
13/01/2025,SVRE.TA,-8.40E+08,14
14/01/2025,SVRE.TA,2.89E+08,15
15/01/2025,SVRE.TA,-3.44E+08,16
16/01/2025,SVRE.TA,-2.15E+08,17
17/01/2025,SVRE.TA,-1.47E+09,18
18/01/2025,SVRE.TA,-2.45E+09,19
19/01/2025,SVRE.TA,-1.80E+10,20
20/01/2025,SVRE.TA,-1.67E+11,21
21/01/2025,SVRE.TA,-1.31E+12,22
22/01/2025,SVRE.TA,-9.52E+12,23
23/01/2025,SVRE.TA,-1.08E+14,24
24/01/2025,SVRE.TA,1.69E+14,25
25/01/2025,SVRE.TA,7.11E+14,26
26/01/2025,SVRE.TA,6.34E+15,27
27/01/2025,SVRE.TA,7.36E+16,28
28/01/2025,SVRE.TA,-2.82E+16,29
29/01/2025,SVRE.TA,-2.95E+16,30
31/12/2024,SVRT.TA,497.6646836,1
01/01/2025,SVRT.TA,-100.6892803,2
02/01/2025,SVRT.TA,-140.5499672,3
03/01/2025,SVRT.TA,-273.1728341,4
04/01/2025,SVRT.TA,51.16012407,5
05/01/2025,SVRT.TA,64.68144703,6
06/01/2025,SVRT.TA,89.30396809,7
07/01/2025,SVRT.TA,54.11556659,8
08/01/2025,SVRT.TA,23.21673008,9
09/01/2025,SVRT.TA,5.08735986,10
10/01/2025,SVRT.TA,7.81025195,11
11/01/2025,SVRT.TA,7.45034732,12
12/01/2025,SVRT.TA,9.71993683,13
13/01/2025,SVRT.TA,10.73338715,14
14/01/2025,SVRT.TA,11.57800562,15
15/01/2025,SVRT.TA,9.67206336,16
16/01/2025,SVRT.TA,16.76818846,17
17/01/2025,SVRT.TA,16.7402582,18
18/01/2025,SVRT.TA,14.00745717,19
19/01/2025,SVRT.TA,23.93577781,20
20/01/2025,SVRT.TA,4.18252014,21
21/01/2025,SVRT.TA,5.53460692,22
22/01/2025,SVRT.TA,7.043925,23
23/01/2025,SVRT.TA,7.12074369,24
24/01/2025,SVRT.TA,10.4006923,25
25/01/2025,SVRT.TA,-1.36190783,26
26/01/2025,SVRT.TA,-1.27399645,27
27/01/2025,SVRT.TA,-2.43402838,28
28/01/2025,SVRT.TA,-1.85620709,29
29/01/2025,SVRT.TA,-3.0259761,30
31/12/2024,SHNP.TA,1533.790824,1
01/01/2025,SHNP.TA,1513.385509,2
02/01/2025,SHNP.TA,1540.796725,3
03/01/2025,SHNP.TA,1597.437423,4
04/01/2025,SHNP.TA,1599.132938,5
05/01/2025,SHNP.TA,1641.809946,6
06/01/2025,SHNP.TA,1642.061699,7
07/01/2025,SHNP.TA,1664.567481,8
08/01/2025,SHNP.TA,1683.267432,9
09/01/2025,SHNP.TA,1629.516912,10
10/01/2025,SHNP.TA,1695.771108,11
11/01/2025,SHNP.TA,1653.406575,12
12/01/2025,SHNP.TA,1657.719472,13
13/01/2025,SHNP.TA,1702.010517,14
14/01/2025,SHNP.TA,1678.832392,15
15/01/2025,SHNP.TA,1697.447595,16
16/01/2025,SHNP.TA,1729.240306,17
17/01/2025,SHNP.TA,1723.6002,18
18/01/2025,SHNP.TA,1719.803894,19
19/01/2025,SHNP.TA,1679.489047,20
20/01/2025,SHNP.TA,1664.88293,21
21/01/2025,SHNP.TA,1676.974802,22
22/01/2025,SHNP.TA,1692.501461,23
23/01/2025,SHNP.TA,1710.648299,24
24/01/2025,SHNP.TA,1703.294712,25
25/01/2025,SHNP.TA,1674.510035,26
26/01/2025,SHNP.TA,1611.598151,27
27/01/2025,SHNP.TA,1631.298787,28
28/01/2025,SHNP.TA,1658.221989,29
29/01/2025,SHNP.TA,1629.972633,30
31/12/2024,SCDX.TA,365.9427742,1
01/01/2025,SCDX.TA,371.4979454,2
02/01/2025,SCDX.TA,359.7452285,3
03/01/2025,SCDX.TA,365.6995849,4
04/01/2025,SCDX.TA,375.3846385,5
05/01/2025,SCDX.TA,380.0079718,6
06/01/2025,SCDX.TA,376.7749222,7
07/01/2025,SCDX.TA,381.540714,8
08/01/2025,SCDX.TA,376.519893,9
09/01/2025,SCDX.TA,383.3849649,10
10/01/2025,SCDX.TA,386.0476156,11
11/01/2025,SCDX.TA,395.5495229,12
12/01/2025,SCDX.TA,392.9659022,13
13/01/2025,SCDX.TA,401.1335912,14
14/01/2025,SCDX.TA,398.7286338,15
15/01/2025,SCDX.TA,382.8533872,16
16/01/2025,SCDX.TA,399.7185733,17
17/01/2025,SCDX.TA,403.0259262,18
18/01/2025,SCDX.TA,409.5019062,19
19/01/2025,SCDX.TA,411.6457957,20
20/01/2025,SCDX.TA,405.1105794,21
21/01/2025,SCDX.TA,411.5787959,22
22/01/2025,SCDX.TA,401.4173704,23
23/01/2025,SCDX.TA,384.5003713,24
24/01/2025,SCDX.TA,378.9847833,25
25/01/2025,SCDX.TA,384.8512686,26
26/01/2025,SCDX.TA,390.7223429,27
27/01/2025,SCDX.TA,392.1327767,28
28/01/2025,SCDX.TA,394.2983107,29
29/01/2025,SCDX.TA,381.5673804,30
31/12/2024,SCOP.TA,14040.72439,1
01/01/2025,SCOP.TA,13732.31117,2
02/01/2025,SCOP.TA,14131.58743,3
03/01/2025,SCOP.TA,13904.0889,4
04/01/2025,SCOP.TA,14020.86031,5
05/01/2025,SCOP.TA,13979.69569,6
06/01/2025,SCOP.TA,14119.59768,7
07/01/2025,SCOP.TA,14482.79643,8
08/01/2025,SCOP.TA,14334.96004,9
09/01/2025,SCOP.TA,14228.62196,10
10/01/2025,SCOP.TA,14512.19457,11
11/01/2025,SCOP.TA,14621.59548,12
12/01/2025,SCOP.TA,14701.12031,13
13/01/2025,SCOP.TA,15254.04382,14
14/01/2025,SCOP.TA,15340.5257,15
15/01/2025,SCOP.TA,15925.76722,16
16/01/2025,SCOP.TA,15589.98507,17
17/01/2025,SCOP.TA,15365.06724,18
18/01/2025,SCOP.TA,15320.36236,19
19/01/2025,SCOP.TA,15684.62739,20
20/01/2025,SCOP.TA,15997.10066,21
21/01/2025,SCOP.TA,16574.54583,22
22/01/2025,SCOP.TA,16552.57589,23
23/01/2025,SCOP.TA,16781.49033,24
24/01/2025,SCOP.TA,16604.99081,25
25/01/2025,SCOP.TA,17264.5276,26
26/01/2025,SCOP.TA,17089.76349,27
27/01/2025,SCOP.TA,17068.57236,28
28/01/2025,SCOP.TA,17338.01814,29
29/01/2025,SCOP.TA,16891.49547,30
31/12/2024,SEMG.TA,315.1469065,1
01/01/2025,SEMG.TA,320.0296666,2
02/01/2025,SEMG.TA,327.5591742,3
03/01/2025,SEMG.TA,331.9835489,4
04/01/2025,SEMG.TA,307.4494454,5
05/01/2025,SEMG.TA,311.8188282,6
06/01/2025,SEMG.TA,326.2315867,7
07/01/2025,SEMG.TA,324.216449,8
08/01/2025,SEMG.TA,340.035986,9
09/01/2025,SEMG.TA,332.0910735,10
10/01/2025,SEMG.TA,329.9173477,11
11/01/2025,SEMG.TA,315.3173504,12
12/01/2025,SEMG.TA,285.5662071,13
13/01/2025,SEMG.TA,306.9815745,14
14/01/2025,SEMG.TA,304.1737329,15
15/01/2025,SEMG.TA,319.6638293,16
16/01/2025,SEMG.TA,305.9876106,17
17/01/2025,SEMG.TA,339.7852841,18
18/01/2025,SEMG.TA,335.332396,19
19/01/2025,SEMG.TA,359.026968,20
20/01/2025,SEMG.TA,388.3113772,21
21/01/2025,SEMG.TA,424.4036326,22
22/01/2025,SEMG.TA,405.8920939,23
23/01/2025,SEMG.TA,427.344167,24
24/01/2025,SEMG.TA,406.5395021,25
25/01/2025,SEMG.TA,410.3425915,26
26/01/2025,SEMG.TA,367.4477474,27
27/01/2025,SEMG.TA,364.2194765,28
28/01/2025,SEMG.TA,379.1495561,29
29/01/2025,SEMG.TA,400.9509378,30
31/12/2024,SLARL.TA,941.7476644,1
01/01/2025,SLARL.TA,927.9907786,2
02/01/2025,SLARL.TA,937.3570409,3
03/01/2025,SLARL.TA,937.1541099,4
04/01/2025,SLARL.TA,927.5820717,5
05/01/2025,SLARL.TA,934.6202034,6
06/01/2025,SLARL.TA,943.1300344,7
07/01/2025,SLARL.TA,947.0053365,8
08/01/2025,SLARL.TA,963.0213509,9
09/01/2025,SLARL.TA,961.2460071,10
10/01/2025,SLARL.TA,966.6838119,11
11/01/2025,SLARL.TA,963.1015678,12
12/01/2025,SLARL.TA,986.2606541,13
13/01/2025,SLARL.TA,996.2975668,14
14/01/2025,SLARL.TA,986.8124931,15
15/01/2025,SLARL.TA,985.9158213,16
16/01/2025,SLARL.TA,992.5767218,17
17/01/2025,SLARL.TA,1026.116616,18
18/01/2025,SLARL.TA,1034.426297,19
19/01/2025,SLARL.TA,1046.231885,20
20/01/2025,SLARL.TA,1051.772831,21
21/01/2025,SLARL.TA,1048.5513,22
22/01/2025,SLARL.TA,1043.468789,23
23/01/2025,SLARL.TA,1035.385193,24
24/01/2025,SLARL.TA,1047.69803,25
25/01/2025,SLARL.TA,1064.462495,26
26/01/2025,SLARL.TA,1076.349964,27
27/01/2025,SLARL.TA,1038.174083,28
28/01/2025,SLARL.TA,1051.824384,29
29/01/2025,SLARL.TA,1074.718513,30
31/12/2024,SHGR.TA,1237.278426,1
01/01/2025,SHGR.TA,1288.660988,2
02/01/2025,SHGR.TA,1348.651926,3
03/01/2025,SHGR.TA,1387.375626,4
04/01/2025,SHGR.TA,1373.102986,5
05/01/2025,SHGR.TA,1384.592968,6
06/01/2025,SHGR.TA,1403.86511,7
07/01/2025,SHGR.TA,1440.841057,8
08/01/2025,SHGR.TA,1358.180632,9
09/01/2025,SHGR.TA,1352.43392,10
10/01/2025,SHGR.TA,1304.206308,11
11/01/2025,SHGR.TA,1304.82156,12
12/01/2025,SHGR.TA,1328.221776,13
13/01/2025,SHGR.TA,1336.45162,14
14/01/2025,SHGR.TA,1309.83371,15
15/01/2025,SHGR.TA,1285.996623,16
16/01/2025,SHGR.TA,1294.202681,17
17/01/2025,SHGR.TA,1289.972663,18
18/01/2025,SHGR.TA,1341.138074,19
19/01/2025,SHGR.TA,1381.310961,20
20/01/2025,SHGR.TA,1392.121787,21
21/01/2025,SHGR.TA,1420.709517,22
22/01/2025,SHGR.TA,1446.290914,23
23/01/2025,SHGR.TA,1422.025033,24
24/01/2025,SHGR.TA,1477.553595,25
25/01/2025,SHGR.TA,1461.411153,26
26/01/2025,SHGR.TA,1498.746427,27
27/01/2025,SHGR.TA,1428.709933,28
28/01/2025,SHGR.TA,1467.212414,29
29/01/2025,SHGR.TA,1436.90585,30
31/12/2024,SHMM.TA,17.29443908,1
01/01/2025,SHMM.TA,-3.61110398,2
02/01/2025,SHMM.TA,-3.8993807,3
03/01/2025,SHMM.TA,-1.53765921,4
04/01/2025,SHMM.TA,-0.69690146,5
05/01/2025,SHMM.TA,0.35063326,6
06/01/2025,SHMM.TA,0.3081135,7
07/01/2025,SHMM.TA,0.20331564,8
08/01/2025,SHMM.TA,-0.08965504,9
09/01/2025,SHMM.TA,-0.14920905,10
10/01/2025,SHMM.TA,-0.13230346,11
11/01/2025,SHMM.TA,-0.13387925,12
12/01/2025,SHMM.TA,-0.11086973,13
13/01/2025,SHMM.TA,-0.09603383,14
14/01/2025,SHMM.TA,-0.1140673,15
15/01/2025,SHMM.TA,-0.13155768,16
16/01/2025,SHMM.TA,-0.0085172,17
17/01/2025,SHMM.TA,-0.01224682,18
18/01/2025,SHMM.TA,-0.01785468,19
19/01/2025,SHMM.TA,-0.02726778,20
20/01/2025,SHMM.TA,-0.05822975,21
21/01/2025,SHMM.TA,-0.01623256,22
22/01/2025,SHMM.TA,-0.01988108,23
23/01/2025,SHMM.TA,-0.02000133,24
24/01/2025,SHMM.TA,-0.01414371,25
25/01/2025,SHMM.TA,-0.02823888,26
26/01/2025,SHMM.TA,0.02328073,27
27/01/2025,SHMM.TA,0.02666467,28
28/01/2025,SHMM.TA,0.03528196,29
29/01/2025,SHMM.TA,-0.02416166,30
31/12/2024,SHAN.TA,393.8803655,1
01/01/2025,SHAN.TA,383.97478,2
02/01/2025,SHAN.TA,382.8362052,3
03/01/2025,SHAN.TA,402.4840782,4
04/01/2025,SHAN.TA,403.8535356,5
05/01/2025,SHAN.TA,404.9000599,6
06/01/2025,SHAN.TA,405.4386497,7
07/01/2025,SHAN.TA,398.4433584,8
08/01/2025,SHAN.TA,405.8907436,9
09/01/2025,SHAN.TA,406.5727166,10
10/01/2025,SHAN.TA,405.6368246,11
11/01/2025,SHAN.TA,403.6292498,12
12/01/2025,SHAN.TA,406.8175821,13
13/01/2025,SHAN.TA,401.8502713,14
14/01/2025,SHAN.TA,408.5566375,15
15/01/2025,SHAN.TA,407.6896317,16
16/01/2025,SHAN.TA,407.4362628,17
17/01/2025,SHAN.TA,405.1223745,18
18/01/2025,SHAN.TA,402.3210157,19
19/01/2025,SHAN.TA,410.2324452,20
20/01/2025,SHAN.TA,411.4900386,21
21/01/2025,SHAN.TA,413.3167774,22
22/01/2025,SHAN.TA,415.4427783,23
23/01/2025,SHAN.TA,420.6572601,24
24/01/2025,SHAN.TA,431.7041187,25
25/01/2025,SHAN.TA,432.6265211,26
26/01/2025,SHAN.TA,441.6321733,27
27/01/2025,SHAN.TA,440.6185034,28
28/01/2025,SHAN.TA,444.2993743,29
29/01/2025,SHAN.TA,440.1727057,30
31/12/2024,SPEN.TA,2693.225512,1
01/01/2025,SPEN.TA,2742.181682,2
02/01/2025,SPEN.TA,2748.173668,3
03/01/2025,SPEN.TA,2837.812878,4
04/01/2025,SPEN.TA,2768.623645,5
05/01/2025,SPEN.TA,2850.470544,6
06/01/2025,SPEN.TA,2847.995375,7
07/01/2025,SPEN.TA,2753.614629,8
08/01/2025,SPEN.TA,2782.927485,9
09/01/2025,SPEN.TA,2795.495876,10
10/01/2025,SPEN.TA,2792.871026,11
11/01/2025,SPEN.TA,2861.735996,12
12/01/2025,SPEN.TA,2906.087997,13
13/01/2025,SPEN.TA,2815.586325,14
14/01/2025,SPEN.TA,2884.873763,15
15/01/2025,SPEN.TA,2857.046355,16
16/01/2025,SPEN.TA,2866.162605,17
17/01/2025,SPEN.TA,2828.283252,18
18/01/2025,SPEN.TA,2806.110122,19
19/01/2025,SPEN.TA,2829.303607,20
20/01/2025,SPEN.TA,2886.007391,21
21/01/2025,SPEN.TA,2961.084021,22
22/01/2025,SPEN.TA,3029.254746,23
23/01/2025,SPEN.TA,3085.18677,24
24/01/2025,SPEN.TA,3032.890175,25
25/01/2025,SPEN.TA,2900.141377,26
26/01/2025,SPEN.TA,2901.292458,27
27/01/2025,SPEN.TA,2944.082707,28
28/01/2025,SPEN.TA,3016.956041,29
29/01/2025,SPEN.TA,3125.571655,30
31/12/2024,SMNR.TA,1803.371307,1
01/01/2025,SMNR.TA,1780.175898,2
02/01/2025,SMNR.TA,1788.74147,3
03/01/2025,SMNR.TA,1783.555958,4
04/01/2025,SMNR.TA,1814.643969,5
05/01/2025,SMNR.TA,1827.535268,6
06/01/2025,SMNR.TA,1838.626104,7
07/01/2025,SMNR.TA,1838.785595,8
08/01/2025,SMNR.TA,1888.222251,9
09/01/2025,SMNR.TA,1867.622169,10
10/01/2025,SMNR.TA,1871.632506,11
11/01/2025,SMNR.TA,1861.739837,12
12/01/2025,SMNR.TA,1897.014866,13
13/01/2025,SMNR.TA,1936.621529,14
14/01/2025,SMNR.TA,1891.567108,15
15/01/2025,SMNR.TA,1911.674308,16
16/01/2025,SMNR.TA,1914.041157,17
17/01/2025,SMNR.TA,1949.247697,18
18/01/2025,SMNR.TA,1940.184503,19
19/01/2025,SMNR.TA,1967.29436,20
20/01/2025,SMNR.TA,1971.862544,21
21/01/2025,SMNR.TA,1931.859362,22
22/01/2025,SMNR.TA,1905.954414,23
23/01/2025,SMNR.TA,1867.878265,24
24/01/2025,SMNR.TA,1841.198183,25
25/01/2025,SMNR.TA,1807.512194,26
26/01/2025,SMNR.TA,1791.568319,27
27/01/2025,SMNR.TA,1757.168826,28
28/01/2025,SMNR.TA,1774.772057,29
29/01/2025,SMNR.TA,1812.000966,30
31/12/2024,SBEN.TA,226.0569298,1
01/01/2025,SBEN.TA,224.7991241,2
02/01/2025,SBEN.TA,227.7190488,3
03/01/2025,SBEN.TA,226.8188723,4
04/01/2025,SBEN.TA,230.4821119,5
05/01/2025,SBEN.TA,224.2539633,6
06/01/2025,SBEN.TA,226.4442197,7
07/01/2025,SBEN.TA,226.0832212,8
08/01/2025,SBEN.TA,226.4886309,9
09/01/2025,SBEN.TA,226.0738185,10
10/01/2025,SBEN.TA,226.5268546,11
11/01/2025,SBEN.TA,227.9445175,12
12/01/2025,SBEN.TA,230.9774971,13
13/01/2025,SBEN.TA,231.8018368,14
14/01/2025,SBEN.TA,232.781789,15
15/01/2025,SBEN.TA,234.9602495,16
16/01/2025,SBEN.TA,234.3228653,17
17/01/2025,SBEN.TA,233.5259897,18
18/01/2025,SBEN.TA,229.8308776,19
19/01/2025,SBEN.TA,237.3434966,20
20/01/2025,SBEN.TA,239.2658935,21
21/01/2025,SBEN.TA,242.6671546,22
22/01/2025,SBEN.TA,244.5289718,23
23/01/2025,SBEN.TA,249.5519116,24
24/01/2025,SBEN.TA,250.0209432,25
25/01/2025,SBEN.TA,246.5550541,26
26/01/2025,SBEN.TA,246.2680585,27
27/01/2025,SBEN.TA,245.1557823,28
28/01/2025,SBEN.TA,248.7755395,29
29/01/2025,SBEN.TA,248.9418983,30
31/12/2024,SKBN.TA,1293.660938,1
01/01/2025,SKBN.TA,1311.398607,2
02/01/2025,SKBN.TA,1370.974854,3
03/01/2025,SKBN.TA,1430.122529,4
04/01/2025,SKBN.TA,1509.430364,5
05/01/2025,SKBN.TA,1570.898088,6
06/01/2025,SKBN.TA,1558.250385,7
07/01/2025,SKBN.TA,1601.123321,8
08/01/2025,SKBN.TA,1580.793723,9
09/01/2025,SKBN.TA,1574.101735,10
10/01/2025,SKBN.TA,1572.543897,11
11/01/2025,SKBN.TA,1537.160273,12
12/01/2025,SKBN.TA,1537.459304,13
13/01/2025,SKBN.TA,1526.172765,14
14/01/2025,SKBN.TA,1506.791009,15
15/01/2025,SKBN.TA,1591.369796,16
16/01/2025,SKBN.TA,1616.445211,17
17/01/2025,SKBN.TA,1607.984105,18
18/01/2025,SKBN.TA,1609.830593,19
19/01/2025,SKBN.TA,1523.219496,20
20/01/2025,SKBN.TA,1545.576377,21
21/01/2025,SKBN.TA,1625.695564,22
22/01/2025,SKBN.TA,1660.564122,23
23/01/2025,SKBN.TA,1651.813967,24
24/01/2025,SKBN.TA,1662.705734,25
25/01/2025,SKBN.TA,1709.575117,26
26/01/2025,SKBN.TA,1661.900587,27
27/01/2025,SKBN.TA,1693.700133,28
28/01/2025,SKBN.TA,1722.586592,29
29/01/2025,SKBN.TA,1733.962766,30
31/12/2024,SHOM.TA,806.7322794,1
01/01/2025,SHOM.TA,824.9668032,2
02/01/2025,SHOM.TA,802.9321562,3
03/01/2025,SHOM.TA,789.1486861,4
04/01/2025,SHOM.TA,798.1575171,5
05/01/2025,SHOM.TA,812.1902215,6
06/01/2025,SHOM.TA,817.3220729,7
07/01/2025,SHOM.TA,845.9722364,8
08/01/2025,SHOM.TA,844.4608392,9
09/01/2025,SHOM.TA,834.2009887,10
10/01/2025,SHOM.TA,886.8051737,11
11/01/2025,SHOM.TA,896.8750206,12
12/01/2025,SHOM.TA,903.1162168,13
13/01/2025,SHOM.TA,927.2908672,14
14/01/2025,SHOM.TA,940.6433742,15
15/01/2025,SHOM.TA,926.7945753,16
16/01/2025,SHOM.TA,924.8276684,17
17/01/2025,SHOM.TA,934.0293512,18
18/01/2025,SHOM.TA,931.7799517,19
19/01/2025,SHOM.TA,926.0718048,20
20/01/2025,SHOM.TA,927.0482132,21
21/01/2025,SHOM.TA,983.1210977,22
22/01/2025,SHOM.TA,979.3587672,23
23/01/2025,SHOM.TA,1026.067397,24
24/01/2025,SHOM.TA,1050.053273,25
25/01/2025,SHOM.TA,1056.898074,26
26/01/2025,SHOM.TA,1069.014905,27
27/01/2025,SHOM.TA,1062.014925,28
28/01/2025,SHOM.TA,1057.000359,29
29/01/2025,SHOM.TA,1063.222975,30
31/12/2024,SAE.TA,3588.872098,1
01/01/2025,SAE.TA,3602.412717,2
02/01/2025,SAE.TA,3601.16906,3
03/01/2025,SAE.TA,3742.641052,4
04/01/2025,SAE.TA,3665.663841,5
05/01/2025,SAE.TA,3681.955397,6
06/01/2025,SAE.TA,3768.440015,7
07/01/2025,SAE.TA,3702.017285,8
08/01/2025,SAE.TA,3710.179191,9
09/01/2025,SAE.TA,3731.537813,10
10/01/2025,SAE.TA,3719.467167,11
11/01/2025,SAE.TA,3698.537836,12
12/01/2025,SAE.TA,3665.231521,13
13/01/2025,SAE.TA,3564.374092,14
14/01/2025,SAE.TA,3572.317384,15
15/01/2025,SAE.TA,3470.835108,16
16/01/2025,SAE.TA,3558.527168,17
17/01/2025,SAE.TA,3559.226606,18
18/01/2025,SAE.TA,3721.6105,19
19/01/2025,SAE.TA,3762.899886,20
20/01/2025,SAE.TA,3789.164194,21
21/01/2025,SAE.TA,3760.577164,22
22/01/2025,SAE.TA,3959.739958,23
23/01/2025,SAE.TA,3985.825694,24
24/01/2025,SAE.TA,3942.869762,25
25/01/2025,SAE.TA,3932.329465,26
26/01/2025,SAE.TA,3908.501885,27
27/01/2025,SAE.TA,3964.652794,28
28/01/2025,SAE.TA,4046.118995,29
29/01/2025,SAE.TA,4086.48395,30
31/12/2024,SKLN.TA,1992.911731,1
01/01/2025,SKLN.TA,1960.339297,2
02/01/2025,SKLN.TA,1931.061617,3
03/01/2025,SKLN.TA,1997.123234,4
04/01/2025,SKLN.TA,2032.043634,5
05/01/2025,SKLN.TA,2014.586906,6
06/01/2025,SKLN.TA,2017.273103,7
07/01/2025,SKLN.TA,2028.345195,8
08/01/2025,SKLN.TA,2055.701407,9
09/01/2025,SKLN.TA,2095.080213,10
10/01/2025,SKLN.TA,2117.924001,11
11/01/2025,SKLN.TA,2110.543342,12
12/01/2025,SKLN.TA,2125.473174,13
13/01/2025,SKLN.TA,2204.943183,14
14/01/2025,SKLN.TA,2192.088357,15
15/01/2025,SKLN.TA,2196.337136,16
16/01/2025,SKLN.TA,2180.24278,17
17/01/2025,SKLN.TA,2169.619008,18
18/01/2025,SKLN.TA,2126.540118,19
19/01/2025,SKLN.TA,2162.227865,20
20/01/2025,SKLN.TA,2193.083283,21
21/01/2025,SKLN.TA,2210.739648,22
22/01/2025,SKLN.TA,2177.811181,23
23/01/2025,SKLN.TA,2171.939657,24
24/01/2025,SKLN.TA,2176.530733,25
25/01/2025,SKLN.TA,2153.875658,26
26/01/2025,SKLN.TA,2195.306347,27
27/01/2025,SKLN.TA,2186.66257,28
28/01/2025,SKLN.TA,2217.795476,29
29/01/2025,SKLN.TA,2224.841592,30
31/12/2024,SLRM.TA,379.1230638,1
01/01/2025,SLRM.TA,374.8828802,2
02/01/2025,SLRM.TA,372.6472605,3
03/01/2025,SLRM.TA,366.9789706,4
04/01/2025,SLRM.TA,378.7994795,5
05/01/2025,SLRM.TA,385.8560481,6
06/01/2025,SLRM.TA,410.525635,7
07/01/2025,SLRM.TA,391.7347428,8
08/01/2025,SLRM.TA,411.6463787,9
09/01/2025,SLRM.TA,427.1112921,10
10/01/2025,SLRM.TA,411.623268,11
11/01/2025,SLRM.TA,395.5150153,12
12/01/2025,SLRM.TA,402.9521438,13
13/01/2025,SLRM.TA,401.1189076,14
14/01/2025,SLRM.TA,407.3486491,15
15/01/2025,SLRM.TA,420.6426814,16
16/01/2025,SLRM.TA,422.5138875,17
17/01/2025,SLRM.TA,407.0500434,18
18/01/2025,SLRM.TA,388.8405382,19
19/01/2025,SLRM.TA,391.4066756,20
20/01/2025,SLRM.TA,371.6026972,21
21/01/2025,SLRM.TA,357.8231308,22
22/01/2025,SLRM.TA,375.2359107,23
23/01/2025,SLRM.TA,367.6392105,24
24/01/2025,SLRM.TA,353.7096956,25
25/01/2025,SLRM.TA,359.377434,26
26/01/2025,SLRM.TA,379.7305867,27
27/01/2025,SLRM.TA,391.0180326,28
28/01/2025,SLRM.TA,395.9037202,29
29/01/2025,SLRM.TA,392.3430345,30
31/12/2024,SMAG.TA,387.9349498,1
01/01/2025,SMAG.TA,424.3827381,2
02/01/2025,SMAG.TA,432.1457316,3
03/01/2025,SMAG.TA,401.3695129,4
04/01/2025,SMAG.TA,427.048896,5
05/01/2025,SMAG.TA,441.3294635,6
06/01/2025,SMAG.TA,441.64344,7
07/01/2025,SMAG.TA,444.8538855,8
08/01/2025,SMAG.TA,414.4792812,9
09/01/2025,SMAG.TA,381.4746549,10
10/01/2025,SMAG.TA,328.4991367,11
11/01/2025,SMAG.TA,274.2377313,12
12/01/2025,SMAG.TA,282.0572129,13
13/01/2025,SMAG.TA,312.3786619,14
14/01/2025,SMAG.TA,326.4749179,15
15/01/2025,SMAG.TA,332.7872066,16
16/01/2025,SMAG.TA,308.245114,17
17/01/2025,SMAG.TA,274.2989154,18
18/01/2025,SMAG.TA,252.5387999,19
19/01/2025,SMAG.TA,289.9484765,20
20/01/2025,SMAG.TA,306.4165246,21
21/01/2025,SMAG.TA,267.4454923,22
22/01/2025,SMAG.TA,247.8563399,23
23/01/2025,SMAG.TA,249.4690543,24
24/01/2025,SMAG.TA,285.4210521,25
25/01/2025,SMAG.TA,236.7099948,26
26/01/2025,SMAG.TA,222.133481,27
27/01/2025,SMAG.TA,201.0929379,28
28/01/2025,SMAG.TA,209.7948128,29
29/01/2025,SMAG.TA,215.1726988,30
31/12/2024,SOFW.TA,1587.025736,1
01/01/2025,SOFW.TA,1588.051715,2
02/01/2025,SOFW.TA,1610.233764,3
03/01/2025,SOFW.TA,1634.515058,4
04/01/2025,SOFW.TA,1598.492023,5
05/01/2025,SOFW.TA,1560.351485,6
06/01/2025,SOFW.TA,1546.054231,7
07/01/2025,SOFW.TA,1552.877928,8
08/01/2025,SOFW.TA,1603.274491,9
09/01/2025,SOFW.TA,1601.048873,10
10/01/2025,SOFW.TA,1597.29151,11
11/01/2025,SOFW.TA,1632.191617,12
12/01/2025,SOFW.TA,1603.400616,13
13/01/2025,SOFW.TA,1594.037562,14
14/01/2025,SOFW.TA,1619.775762,15
15/01/2025,SOFW.TA,1651.823668,16
16/01/2025,SOFW.TA,1640.577632,17
17/01/2025,SOFW.TA,1660.080902,18
18/01/2025,SOFW.TA,1655.382542,19
19/01/2025,SOFW.TA,1651.331663,20
20/01/2025,SOFW.TA,1643.579094,21
21/01/2025,SOFW.TA,1594.44679,22
22/01/2025,SOFW.TA,1563.325604,23
23/01/2025,SOFW.TA,1596.014544,24
24/01/2025,SOFW.TA,1558.133831,25
25/01/2025,SOFW.TA,1565.152699,26
26/01/2025,SOFW.TA,1527.622692,27
27/01/2025,SOFW.TA,1580.710197,28
28/01/2025,SOFW.TA,1584.134136,29
29/01/2025,SOFW.TA,1577.557746,30
31/12/2024,SOLR.TA,3472.116341,1
01/01/2025,SOLR.TA,3523.901531,2
02/01/2025,SOLR.TA,3548.481492,3
03/01/2025,SOLR.TA,3599.296925,4
04/01/2025,SOLR.TA,3542.570546,5
05/01/2025,SOLR.TA,3539.922902,6
06/01/2025,SOLR.TA,3559.82129,7
07/01/2025,SOLR.TA,3659.167802,8
08/01/2025,SOLR.TA,3666.289525,9
09/01/2025,SOLR.TA,3663.71823,10
10/01/2025,SOLR.TA,3684.934886,11
11/01/2025,SOLR.TA,3792.027543,12
12/01/2025,SOLR.TA,3761.680868,13
13/01/2025,SOLR.TA,3768.90864,14
14/01/2025,SOLR.TA,3807.171383,15
15/01/2025,SOLR.TA,3823.627986,16
16/01/2025,SOLR.TA,3912.303975,17
17/01/2025,SOLR.TA,3875.964075,18
18/01/2025,SOLR.TA,3859.324821,19
19/01/2025,SOLR.TA,3820.506242,20
20/01/2025,SOLR.TA,3892.165881,21
21/01/2025,SOLR.TA,3851.789724,22
22/01/2025,SOLR.TA,3863.97347,23
23/01/2025,SOLR.TA,3852.984176,24
24/01/2025,SOLR.TA,3873.251928,25
25/01/2025,SOLR.TA,3797.247672,26
26/01/2025,SOLR.TA,3879.447999,27
27/01/2025,SOLR.TA,3974.206676,28
28/01/2025,SOLR.TA,3926.683318,29
29/01/2025,SOLR.TA,3752.983829,30
31/12/2024,SONO.TA,90.59730196,1
01/01/2025,SONO.TA,85.82317421,2
02/01/2025,SONO.TA,101.8077507,3
03/01/2025,SONO.TA,114.1933279,4
04/01/2025,SONO.TA,128.2669203,5
05/01/2025,SONO.TA,158.5326875,6
06/01/2025,SONO.TA,180.6823846,7
07/01/2025,SONO.TA,198.125515,8
08/01/2025,SONO.TA,198.8625672,9
09/01/2025,SONO.TA,155.5440747,10
10/01/2025,SONO.TA,207.6579101,11
11/01/2025,SONO.TA,202.8310817,12
12/01/2025,SONO.TA,270.4722373,13
13/01/2025,SONO.TA,330.0738485,14
14/01/2025,SONO.TA,191.3334634,15
15/01/2025,SONO.TA,180.0926215,16
16/01/2025,SONO.TA,132.7254383,17
17/01/2025,SONO.TA,165.6549237,18
18/01/2025,SONO.TA,156.1244532,19
19/01/2025,SONO.TA,91.61825299,20
20/01/2025,SONO.TA,97.71082692,21
21/01/2025,SONO.TA,131.4301046,22
22/01/2025,SONO.TA,132.7656919,23
23/01/2025,SONO.TA,161.3413058,24
24/01/2025,SONO.TA,156.5031169,25
25/01/2025,SONO.TA,128.0160455,26
26/01/2025,SONO.TA,112.6716296,27
27/01/2025,SONO.TA,120.6589998,28
28/01/2025,SONO.TA,119.6170774,29
29/01/2025,SONO.TA,112.7470782,30
31/12/2024,SCC.TA,40.11764498,1
01/01/2025,SCC.TA,44.12229325,2
02/01/2025,SCC.TA,48.45752232,3
03/01/2025,SCC.TA,54.38361893,4
04/01/2025,SCC.TA,33.62458957,5
05/01/2025,SCC.TA,40.26704438,6
06/01/2025,SCC.TA,37.15094846,7
07/01/2025,SCC.TA,48.18933784,8
08/01/2025,SCC.TA,52.41123015,9
09/01/2025,SCC.TA,77.10852294,10
10/01/2025,SCC.TA,52.85512098,11
11/01/2025,SCC.TA,52.44131156,12
12/01/2025,SCC.TA,54.58447969,13
13/01/2025,SCC.TA,62.89089581,14
14/01/2025,SCC.TA,68.62699786,15
15/01/2025,SCC.TA,70.96005067,16
16/01/2025,SCC.TA,58.97591745,17
17/01/2025,SCC.TA,68.19082197,18
18/01/2025,SCC.TA,68.67161312,19
19/01/2025,SCC.TA,58.39557853,20
20/01/2025,SCC.TA,60.42722388,21
21/01/2025,SCC.TA,58.09493685,22
22/01/2025,SCC.TA,54.25755105,23
23/01/2025,SCC.TA,60.65621509,24
24/01/2025,SCC.TA,48.09671123,25
25/01/2025,SCC.TA,57.08278647,26
26/01/2025,SCC.TA,37.9955813,27
27/01/2025,SCC.TA,34.19125168,28
28/01/2025,SCC.TA,20.02450516,29
29/01/2025,SCC.TA,25.17231562,30
31/12/2024,SPDV.TA,315.0103171,1
01/01/2025,SPDV.TA,320.1266503,2
02/01/2025,SPDV.TA,320.8675647,3
03/01/2025,SPDV.TA,335.8595363,4
04/01/2025,SPDV.TA,380.6935908,5
05/01/2025,SPDV.TA,360.7049287,6
06/01/2025,SPDV.TA,370.5257259,7
07/01/2025,SPDV.TA,394.2455853,8
08/01/2025,SPDV.TA,405.8988378,9
09/01/2025,SPDV.TA,424.7409505,10
10/01/2025,SPDV.TA,446.4693944,11
11/01/2025,SPDV.TA,428.9352215,12
12/01/2025,SPDV.TA,424.6795171,13
13/01/2025,SPDV.TA,445.2255812,14
14/01/2025,SPDV.TA,485.4667237,15
15/01/2025,SPDV.TA,471.5703221,16
16/01/2025,SPDV.TA,485.0049072,17
17/01/2025,SPDV.TA,511.9473899,18
18/01/2025,SPDV.TA,463.8944427,19
19/01/2025,SPDV.TA,506.2262008,20
20/01/2025,SPDV.TA,531.90394,21
21/01/2025,SPDV.TA,541.309424,22
22/01/2025,SPDV.TA,593.5644395,23
23/01/2025,SPDV.TA,630.4257248,24
24/01/2025,SPDV.TA,611.2011065,25
25/01/2025,SPDV.TA,575.8695602,26
26/01/2025,SPDV.TA,606.2191041,27
27/01/2025,SPDV.TA,588.5906001,28
28/01/2025,SPDV.TA,558.120844,29
29/01/2025,SPDV.TA,541.0719566,30
31/12/2024,SPRG.TA,1184.300919,1
01/01/2025,SPRG.TA,1137.580901,2
02/01/2025,SPRG.TA,88.27215014,3
03/01/2025,SPRG.TA,29.8589638,4
04/01/2025,SPRG.TA,27.01460689,5
05/01/2025,SPRG.TA,8.30033593,6
06/01/2025,SPRG.TA,13.18647202,7
07/01/2025,SPRG.TA,17.76243139,8
08/01/2025,SPRG.TA,18.10381916,9
09/01/2025,SPRG.TA,30.87152356,10
10/01/2025,SPRG.TA,48.31164431,11
11/01/2025,SPRG.TA,80.56640517,12
12/01/2025,SPRG.TA,158.9679638,13
13/01/2025,SPRG.TA,102.0557501,14
14/01/2025,SPRG.TA,-227.9457643,15
15/01/2025,SPRG.TA,319.7896002,16
16/01/2025,SPRG.TA,268.0330052,17
17/01/2025,SPRG.TA,-610.3322535,18
18/01/2025,SPRG.TA,-1588.81106,19
19/01/2025,SPRG.TA,-2558.433753,20
20/01/2025,SPRG.TA,-3907.00892,21
21/01/2025,SPRG.TA,-9942.372482,22
22/01/2025,SPRG.TA,-29849.0834,23
23/01/2025,SPRG.TA,-63405.09514,24
24/01/2025,SPRG.TA,-213897.7264,25
25/01/2025,SPRG.TA,399834.8309,26
26/01/2025,SPRG.TA,995305.6136,27
27/01/2025,SPRG.TA,3136084.146,28
28/01/2025,SPRG.TA,2268956.693,29
29/01/2025,SPRG.TA,-745525.6988,30
31/12/2024,SPNTC.TA,396.96906,1
01/01/2025,SPNTC.TA,410.7618555,2
02/01/2025,SPNTC.TA,420.9537282,3
03/01/2025,SPNTC.TA,409.0532761,4
04/01/2025,SPNTC.TA,384.7050552,5
05/01/2025,SPNTC.TA,387.1338644,6
06/01/2025,SPNTC.TA,393.0562243,7
07/01/2025,SPNTC.TA,406.760385,8
08/01/2025,SPNTC.TA,392.5451764,9
09/01/2025,SPNTC.TA,397.1513984,10
10/01/2025,SPNTC.TA,334.9488987,11
11/01/2025,SPNTC.TA,323.7130437,12
12/01/2025,SPNTC.TA,327.290701,13
13/01/2025,SPNTC.TA,333.0069446,14
14/01/2025,SPNTC.TA,343.734373,15
15/01/2025,SPNTC.TA,366.6935056,16
16/01/2025,SPNTC.TA,388.7782115,17
17/01/2025,SPNTC.TA,384.4695449,18
18/01/2025,SPNTC.TA,342.3324939,19
19/01/2025,SPNTC.TA,320.2509051,20
20/01/2025,SPNTC.TA,330.7367351,21
21/01/2025,SPNTC.TA,314.0497207,22
22/01/2025,SPNTC.TA,291.5128584,23
23/01/2025,SPNTC.TA,264.3447969,24
24/01/2025,SPNTC.TA,270.2796949,25
25/01/2025,SPNTC.TA,276.8439056,26
26/01/2025,SPNTC.TA,281.7606115,27
27/01/2025,SPNTC.TA,264.8117023,28
28/01/2025,SPNTC.TA,246.762901,29
29/01/2025,SPNTC.TA,240.3332656,30
31/12/2024,STG.TA,3976.065895,1
01/01/2025,STG.TA,3946.527688,2
02/01/2025,STG.TA,3923.819902,3
03/01/2025,STG.TA,3932.459036,4
04/01/2025,STG.TA,3905.598208,5
05/01/2025,STG.TA,3881.966336,6
06/01/2025,STG.TA,3915.046686,7
07/01/2025,STG.TA,3891.391704,8
08/01/2025,STG.TA,3884.962077,9
09/01/2025,STG.TA,3817.708273,10
10/01/2025,STG.TA,3814.256346,11
11/01/2025,STG.TA,3736.348019,12
12/01/2025,STG.TA,3751.088503,13
13/01/2025,STG.TA,3748.996297,14
14/01/2025,STG.TA,3767.318486,15
15/01/2025,STG.TA,3689.810507,16
16/01/2025,STG.TA,3686.434041,17
17/01/2025,STG.TA,3687.04175,18
18/01/2025,STG.TA,3726.548411,19
19/01/2025,STG.TA,3684.312723,20
20/01/2025,STG.TA,3683.2324,21
21/01/2025,STG.TA,3689.92838,22
22/01/2025,STG.TA,3739.925953,23
23/01/2025,STG.TA,3750.677189,24
24/01/2025,STG.TA,3733.107394,25
25/01/2025,STG.TA,3745.772429,26
26/01/2025,STG.TA,3740.695765,27
27/01/2025,STG.TA,3752.581288,28
28/01/2025,STG.TA,3729.832246,29
29/01/2025,STG.TA,3736.052127,30
31/12/2024,STRG.TA,77.80278815,1
01/01/2025,STRG.TA,94.90816979,2
02/01/2025,STRG.TA,77.75147182,3
03/01/2025,STRG.TA,29.92036276,4
04/01/2025,STRG.TA,29.0658835,5
05/01/2025,STRG.TA,33.14097942,6
06/01/2025,STRG.TA,18.65954874,7
07/01/2025,STRG.TA,28.71095591,8
08/01/2025,STRG.TA,33.71255203,9
09/01/2025,STRG.TA,33.67740226,10
10/01/2025,STRG.TA,28.12969994,11
11/01/2025,STRG.TA,35.29750802,12
12/01/2025,STRG.TA,30.93341981,13
13/01/2025,STRG.TA,27.15230653,14
14/01/2025,STRG.TA,33.10596256,15
15/01/2025,STRG.TA,48.84607022,16
16/01/2025,STRG.TA,82.02202521,17
17/01/2025,STRG.TA,54.31688672,18
18/01/2025,STRG.TA,76.79058378,19
19/01/2025,STRG.TA,57.93840807,20
20/01/2025,STRG.TA,72.72172061,21
21/01/2025,STRG.TA,67.78089299,22
22/01/2025,STRG.TA,66.8035876,23
23/01/2025,STRG.TA,51.77127091,24
24/01/2025,STRG.TA,51.0880705,25
25/01/2025,STRG.TA,55.04283718,26
26/01/2025,STRG.TA,72.43551889,27
27/01/2025,STRG.TA,100.9484376,28
28/01/2025,STRG.TA,126.2504933,29
29/01/2025,STRG.TA,123.7834275,30
31/12/2024,STRS.TA,6692.645231,1
01/01/2025,STRS.TA,6541.158888,2
02/01/2025,STRS.TA,6501.4238,3
03/01/2025,STRS.TA,6624.891846,4
04/01/2025,STRS.TA,6658.932442,5
05/01/2025,STRS.TA,6636.896,6
06/01/2025,STRS.TA,6657.694842,7
07/01/2025,STRS.TA,6897.392064,8
08/01/2025,STRS.TA,6891.313009,9
09/01/2025,STRS.TA,6950.066765,10
10/01/2025,STRS.TA,6843.045712,11
11/01/2025,STRS.TA,7001.409264,12
12/01/2025,STRS.TA,7110.480991,13
13/01/2025,STRS.TA,7294.75115,14
14/01/2025,STRS.TA,7267.809982,15
15/01/2025,STRS.TA,7327.108532,16
16/01/2025,STRS.TA,7431.286016,17
17/01/2025,STRS.TA,7293.36032,18
18/01/2025,STRS.TA,7204.797732,19
19/01/2025,STRS.TA,7047.113313,20
20/01/2025,STRS.TA,7094.550544,21
21/01/2025,STRS.TA,7049.808625,22
22/01/2025,STRS.TA,7095.217682,23
23/01/2025,STRS.TA,7108.53488,24
24/01/2025,STRS.TA,7059.001686,25
25/01/2025,STRS.TA,6687.455891,26
26/01/2025,STRS.TA,6816.928214,27
27/01/2025,STRS.TA,6741.271135,28
28/01/2025,STRS.TA,6969.754041,29
29/01/2025,STRS.TA,7009.969002,30
31/12/2024,STRW.TA,3626.318816,1
01/01/2025,STRW.TA,3589.169396,2
02/01/2025,STRW.TA,3558.694437,3
03/01/2025,STRW.TA,3553.00698,4
04/01/2025,STRW.TA,3530.512503,5
05/01/2025,STRW.TA,3540.610763,6
06/01/2025,STRW.TA,3551.902537,7
07/01/2025,STRW.TA,3533.839591,8
08/01/2025,STRW.TA,3514.271077,9
09/01/2025,STRW.TA,3526.215161,10
10/01/2025,STRW.TA,3497.506757,11
11/01/2025,STRW.TA,3451.074424,12
12/01/2025,STRW.TA,3471.434255,13
13/01/2025,STRW.TA,3487.023568,14
14/01/2025,STRW.TA,3532.731396,15
15/01/2025,STRW.TA,3545.896638,16
16/01/2025,STRW.TA,3550.540657,17
17/01/2025,STRW.TA,3544.584239,18
18/01/2025,STRW.TA,3557.325634,19
19/01/2025,STRW.TA,3556.770992,20
20/01/2025,STRW.TA,3579.445309,21
21/01/2025,STRW.TA,3567.817637,22
22/01/2025,STRW.TA,3586.158279,23
23/01/2025,STRW.TA,3598.760718,24
24/01/2025,STRW.TA,3605.210698,25
25/01/2025,STRW.TA,3601.470109,26
26/01/2025,STRW.TA,3615.765892,27
27/01/2025,STRW.TA,3632.167337,28
28/01/2025,STRW.TA,3616.237102,29
29/01/2025,STRW.TA,3607.840136,30
31/12/2024,SFRN.TA,694.2151375,1
01/01/2025,SFRN.TA,701.8101346,2
02/01/2025,SFRN.TA,707.3157115,3
03/01/2025,SFRN.TA,727.7489599,4
04/01/2025,SFRN.TA,726.1290511,5
05/01/2025,SFRN.TA,721.3019102,6
06/01/2025,SFRN.TA,709.2270764,7
07/01/2025,SFRN.TA,726.119448,8
08/01/2025,SFRN.TA,728.5050791,9
09/01/2025,SFRN.TA,730.4597004,10
10/01/2025,SFRN.TA,721.2626234,11
11/01/2025,SFRN.TA,729.8273409,12
12/01/2025,SFRN.TA,725.236607,13
13/01/2025,SFRN.TA,724.2453736,14
14/01/2025,SFRN.TA,721.2221279,15
15/01/2025,SFRN.TA,732.2789572,16
16/01/2025,SFRN.TA,749.1244287,17
17/01/2025,SFRN.TA,750.0089692,18
18/01/2025,SFRN.TA,756.4559919,19
19/01/2025,SFRN.TA,748.8651371,20
20/01/2025,SFRN.TA,751.1893539,21
21/01/2025,SFRN.TA,759.9573185,22
22/01/2025,SFRN.TA,775.5609754,23
23/01/2025,SFRN.TA,765.5896787,24
24/01/2025,SFRN.TA,771.5385549,25
25/01/2025,SFRN.TA,777.5863301,26
26/01/2025,SFRN.TA,790.6924549,27
27/01/2025,SFRN.TA,799.3623761,28
28/01/2025,SFRN.TA,796.8360668,29
29/01/2025,SFRN.TA,803.9482477,30
31/12/2024,SMT.TA,5321.746817,1
01/01/2025,SMT.TA,5423.08127,2
02/01/2025,SMT.TA,5406.645344,3
03/01/2025,SMT.TA,5177.016898,4
04/01/2025,SMT.TA,5268.666368,5
05/01/2025,SMT.TA,5476.19875,6
06/01/2025,SMT.TA,5372.300856,7
07/01/2025,SMT.TA,5140.590261,8
08/01/2025,SMT.TA,5053.270841,9
09/01/2025,SMT.TA,5193.896538,10
10/01/2025,SMT.TA,5121.764631,11
11/01/2025,SMT.TA,5261.121802,12
12/01/2025,SMT.TA,5228.190103,13
13/01/2025,SMT.TA,5241.39414,14
14/01/2025,SMT.TA,4928.297749,15
15/01/2025,SMT.TA,4932.718098,16
16/01/2025,SMT.TA,5098.513509,17
17/01/2025,SMT.TA,5173.936516,18
18/01/2025,SMT.TA,5130.985903,19
19/01/2025,SMT.TA,5303.466959,20
20/01/2025,SMT.TA,5196.951616,21
21/01/2025,SMT.TA,5200.697646,22
22/01/2025,SMT.TA,5110.321622,23
23/01/2025,SMT.TA,5237.39017,24
24/01/2025,SMT.TA,5225.22226,25
25/01/2025,SMT.TA,5236.494348,26
26/01/2025,SMT.TA,5516.987432,27
27/01/2025,SMT.TA,5313.096382,28
28/01/2025,SMT.TA,5348.595557,29
29/01/2025,SMT.TA,5421.977724,30
31/12/2024,SNFL.TA,590.0651452,1
01/01/2025,SNFL.TA,587.6717204,2
02/01/2025,SNFL.TA,569.2742634,3
03/01/2025,SNFL.TA,582.7836427,4
04/01/2025,SNFL.TA,589.2100934,5
05/01/2025,SNFL.TA,602.2548512,6
06/01/2025,SNFL.TA,624.7595697,7
07/01/2025,SNFL.TA,636.259213,8
08/01/2025,SNFL.TA,656.949474,9
09/01/2025,SNFL.TA,666.5023031,10
10/01/2025,SNFL.TA,674.3262407,11
11/01/2025,SNFL.TA,684.2192663,12
12/01/2025,SNFL.TA,670.6719126,13
13/01/2025,SNFL.TA,658.6759138,14
14/01/2025,SNFL.TA,658.0043173,15
15/01/2025,SNFL.TA,663.679066,16
16/01/2025,SNFL.TA,676.7729875,17
17/01/2025,SNFL.TA,669.2363014,18
18/01/2025,SNFL.TA,662.1597241,19
19/01/2025,SNFL.TA,620.5072586,20
20/01/2025,SNFL.TA,663.0380162,21
21/01/2025,SNFL.TA,685.0054982,22
22/01/2025,SNFL.TA,699.3075316,23
23/01/2025,SNFL.TA,728.7430187,24
24/01/2025,SNFL.TA,713.5974828,25
25/01/2025,SNFL.TA,683.8173675,26
26/01/2025,SNFL.TA,698.7652317,27
27/01/2025,SNFL.TA,691.8342485,28
28/01/2025,SNFL.TA,683.3077603,29
29/01/2025,SNFL.TA,676.8794522,30
31/12/2024,SNCM.TA,122.5019033,1
01/01/2025,SNCM.TA,120.4674229,2
02/01/2025,SNCM.TA,120.5306085,3
03/01/2025,SNCM.TA,116.715306,4
04/01/2025,SNCM.TA,118.8867481,5
05/01/2025,SNCM.TA,117.8015821,6
06/01/2025,SNCM.TA,114.9529827,7
07/01/2025,SNCM.TA,111.3147962,8
08/01/2025,SNCM.TA,112.5053935,9
09/01/2025,SNCM.TA,112.7044027,10
10/01/2025,SNCM.TA,110.8314323,11
11/01/2025,SNCM.TA,110.6435686,12
12/01/2025,SNCM.TA,111.1475727,13
13/01/2025,SNCM.TA,111.5029608,14
14/01/2025,SNCM.TA,111.1561209,15
15/01/2025,SNCM.TA,110.4845564,16
16/01/2025,SNCM.TA,110.6798746,17
17/01/2025,SNCM.TA,112.5762318,18
18/01/2025,SNCM.TA,110.1178509,19
19/01/2025,SNCM.TA,106.5838837,20
20/01/2025,SNCM.TA,104.351281,21
21/01/2025,SNCM.TA,103.8025003,22
22/01/2025,SNCM.TA,102.7206989,23
23/01/2025,SNCM.TA,102.5217681,24
24/01/2025,SNCM.TA,101.873871,25
25/01/2025,SNCM.TA,102.8983715,26
26/01/2025,SNCM.TA,101.1301574,27
27/01/2025,SNCM.TA,101.9709716,28
28/01/2025,SNCM.TA,100.6472567,29
29/01/2025,SNCM.TA,97.63679069,30
31/12/2024,STEC.TA,605.6358639,1
01/01/2025,STEC.TA,418.8753769,2
02/01/2025,STEC.TA,495.2821958,3
03/01/2025,STEC.TA,510.3438694,4
04/01/2025,STEC.TA,695.5428724,5
05/01/2025,STEC.TA,705.6122923,6
06/01/2025,STEC.TA,308.7516649,7
07/01/2025,STEC.TA,340.661794,8
08/01/2025,STEC.TA,339.1005328,9
09/01/2025,STEC.TA,444.0735667,10
10/01/2025,STEC.TA,505.6731096,11
11/01/2025,STEC.TA,613.360988,12
12/01/2025,STEC.TA,409.3262275,13
13/01/2025,STEC.TA,535.8041266,14
14/01/2025,STEC.TA,564.0483494,15
15/01/2025,STEC.TA,695.1930781,16
16/01/2025,STEC.TA,753.5233899,17
17/01/2025,STEC.TA,861.4759613,18
18/01/2025,STEC.TA,1008.983891,19
19/01/2025,STEC.TA,868.365497,20
20/01/2025,STEC.TA,624.381047,21
21/01/2025,STEC.TA,470.0017545,22
22/01/2025,STEC.TA,130.9782694,23
23/01/2025,STEC.TA,153.7615687,24
24/01/2025,STEC.TA,222.1358962,25
25/01/2025,STEC.TA,205.1199726,26
26/01/2025,STEC.TA,280.0584465,27
27/01/2025,STEC.TA,433.5889708,28
28/01/2025,STEC.TA,639.225716,29
29/01/2025,STEC.TA,1080.331544,30
31/12/2024,SNEL.TA,1481.408742,1
01/01/2025,SNEL.TA,1505.547079,2
02/01/2025,SNEL.TA,1512.789091,3
03/01/2025,SNEL.TA,1501.064295,4
04/01/2025,SNEL.TA,1483.183502,5
05/01/2025,SNEL.TA,1465.811105,6
06/01/2025,SNEL.TA,1465.594133,7
07/01/2025,SNEL.TA,1463.695168,8
08/01/2025,SNEL.TA,1471.408065,9
09/01/2025,SNEL.TA,1449.934169,10
10/01/2025,SNEL.TA,1430.078368,11
11/01/2025,SNEL.TA,1451.267881,12
12/01/2025,SNEL.TA,1400.519441,13
13/01/2025,SNEL.TA,1419.953046,14
14/01/2025,SNEL.TA,1400.830073,15
15/01/2025,SNEL.TA,1374.969865,16
16/01/2025,SNEL.TA,1378.993164,17
17/01/2025,SNEL.TA,1370.078257,18
18/01/2025,SNEL.TA,1399.080049,19
19/01/2025,SNEL.TA,1448.002065,20
20/01/2025,SNEL.TA,1443.403456,21
21/01/2025,SNEL.TA,1446.256674,22
22/01/2025,SNEL.TA,1484.377782,23
23/01/2025,SNEL.TA,1479.688467,24
24/01/2025,SNEL.TA,1498.057707,25
25/01/2025,SNEL.TA,1489.231931,26
26/01/2025,SNEL.TA,1501.4003,27
27/01/2025,SNEL.TA,1480.76579,28
28/01/2025,SNEL.TA,1494.376901,29
29/01/2025,SNEL.TA,1473.221664,30
31/12/2024,TDRN.TA,23601.28764,1
01/01/2025,TDRN.TA,24136.32522,2
02/01/2025,TDRN.TA,23906.70578,3
03/01/2025,TDRN.TA,24874.60102,4
04/01/2025,TDRN.TA,24718.06401,5
05/01/2025,TDRN.TA,24177.68495,6
06/01/2025,TDRN.TA,24301.3508,7
07/01/2025,TDRN.TA,24348.19255,8
08/01/2025,TDRN.TA,24038.84572,9
09/01/2025,TDRN.TA,23692.59453,10
10/01/2025,TDRN.TA,23417.75998,11
11/01/2025,TDRN.TA,23190.96094,12
12/01/2025,TDRN.TA,23341.83632,13
13/01/2025,TDRN.TA,24269.02285,14
14/01/2025,TDRN.TA,25673.36041,15
15/01/2025,TDRN.TA,24947.83311,16
16/01/2025,TDRN.TA,25121.11346,17
17/01/2025,TDRN.TA,24653.68076,18
18/01/2025,TDRN.TA,24534.20326,19
19/01/2025,TDRN.TA,23728.27232,20
20/01/2025,TDRN.TA,23326.447,21
21/01/2025,TDRN.TA,23159.822,22
22/01/2025,TDRN.TA,23312.67076,23
23/01/2025,TDRN.TA,24702.65999,24
24/01/2025,TDRN.TA,25337.07214,25
25/01/2025,TDRN.TA,25843.39003,26
26/01/2025,TDRN.TA,24729.43159,27
27/01/2025,TDRN.TA,23914.0453,28
28/01/2025,TDRN.TA,24416.15596,29
29/01/2025,TDRN.TA,22881.01369,30
31/12/2024,TMRP.TA,2321.882957,1
01/01/2025,TMRP.TA,2301.739735,2
02/01/2025,TMRP.TA,2369.665021,3
03/01/2025,TMRP.TA,2379.556323,4
04/01/2025,TMRP.TA,2324.794888,5
05/01/2025,TMRP.TA,2316.524805,6
06/01/2025,TMRP.TA,2325.060487,7
07/01/2025,TMRP.TA,2374.845651,8
08/01/2025,TMRP.TA,2388.003466,9
09/01/2025,TMRP.TA,2368.242992,10
10/01/2025,TMRP.TA,2350.482075,11
11/01/2025,TMRP.TA,2351.345694,12
12/01/2025,TMRP.TA,2387.044811,13
13/01/2025,TMRP.TA,2415.926993,14
14/01/2025,TMRP.TA,2382.750565,15
15/01/2025,TMRP.TA,2445.087995,16
16/01/2025,TMRP.TA,2453.74815,17
17/01/2025,TMRP.TA,2452.937899,18
18/01/2025,TMRP.TA,2467.210873,19
19/01/2025,TMRP.TA,2488.828343,20
20/01/2025,TMRP.TA,2470.844588,21
21/01/2025,TMRP.TA,2524.259422,22
22/01/2025,TMRP.TA,2478.514678,23
23/01/2025,TMRP.TA,2478.616561,24
24/01/2025,TMRP.TA,2445.943639,25
25/01/2025,TMRP.TA,2472.647686,26
26/01/2025,TMRP.TA,2474.712564,27
27/01/2025,TMRP.TA,2521.109705,28
28/01/2025,TMRP.TA,2605.287517,29
29/01/2025,TMRP.TA,2611.554953,30
31/12/2024,TRA.TA,39.45587623,1
01/01/2025,TRA.TA,39.80487002,2
02/01/2025,TRA.TA,38.03586034,3
03/01/2025,TRA.TA,37.92435853,4
04/01/2025,TRA.TA,42.10856658,5
05/01/2025,TRA.TA,40.17249863,6
06/01/2025,TRA.TA,39.90364962,7
07/01/2025,TRA.TA,41.44703342,8
08/01/2025,TRA.TA,40.78349382,9
09/01/2025,TRA.TA,40.40148743,10
10/01/2025,TRA.TA,41.57998726,11
11/01/2025,TRA.TA,39.64116899,12
12/01/2025,TRA.TA,38.67363615,13
13/01/2025,TRA.TA,38.42258014,14
14/01/2025,TRA.TA,38.65406219,15
15/01/2025,TRA.TA,42.2965545,16
16/01/2025,TRA.TA,41.29937192,17
17/01/2025,TRA.TA,42.21810192,18
18/01/2025,TRA.TA,43.83230271,19
19/01/2025,TRA.TA,39.23975649,20
20/01/2025,TRA.TA,40.31260409,21
21/01/2025,TRA.TA,42.59455948,22
22/01/2025,TRA.TA,45.38265681,23
23/01/2025,TRA.TA,42.86059317,24
24/01/2025,TRA.TA,42.15458519,25
25/01/2025,TRA.TA,41.96230042,26
26/01/2025,TRA.TA,43.99314226,27
27/01/2025,TRA.TA,44.35241669,28
28/01/2025,TRA.TA,43.49971596,29
29/01/2025,TRA.TA,45.79217719,30
31/12/2024,TATT.TA,6968.421087,1
01/01/2025,TATT.TA,6373.608783,2
02/01/2025,TATT.TA,6551.690858,3
03/01/2025,TATT.TA,6520.950275,4
04/01/2025,TATT.TA,6328.450734,5
05/01/2025,TATT.TA,6412.400787,6
06/01/2025,TATT.TA,6362.846456,7
07/01/2025,TATT.TA,6007.80217,8
08/01/2025,TATT.TA,6343.596505,9
09/01/2025,TATT.TA,6408.592357,10
10/01/2025,TATT.TA,6097.47149,11
11/01/2025,TATT.TA,5829.945231,12
12/01/2025,TATT.TA,6347.77593,13
13/01/2025,TATT.TA,6611.145594,14
14/01/2025,TATT.TA,6562.00262,15
15/01/2025,TATT.TA,6741.655666,16
16/01/2025,TATT.TA,6936.669144,17
17/01/2025,TATT.TA,7441.946255,18
18/01/2025,TATT.TA,7236.963481,19
19/01/2025,TATT.TA,7596.131626,20
20/01/2025,TATT.TA,7887.165413,21
21/01/2025,TATT.TA,8456.490928,22
22/01/2025,TATT.TA,8687.937451,23
23/01/2025,TATT.TA,8372.976324,24
24/01/2025,TATT.TA,7910.300061,25
25/01/2025,TATT.TA,8780.699906,26
26/01/2025,TATT.TA,8541.273142,27
27/01/2025,TATT.TA,8757.163165,28
28/01/2025,TATT.TA,8942.216276,29
29/01/2025,TATT.TA,9225.70767,30
31/12/2024,TAYA.TA,6468.40165,1
01/01/2025,TAYA.TA,6491.633084,2
02/01/2025,TAYA.TA,6531.475896,3
03/01/2025,TAYA.TA,6340.20744,4
04/01/2025,TAYA.TA,6274.279385,5
05/01/2025,TAYA.TA,6196.032297,6
06/01/2025,TAYA.TA,6175.900888,7
07/01/2025,TAYA.TA,6155.841038,8
08/01/2025,TAYA.TA,6131.882493,9
09/01/2025,TAYA.TA,6107.618337,10
10/01/2025,TAYA.TA,6038.719169,11
11/01/2025,TAYA.TA,6035.06146,12
12/01/2025,TAYA.TA,6165.181331,13
13/01/2025,TAYA.TA,6117.928989,14
14/01/2025,TAYA.TA,6142.510972,15
15/01/2025,TAYA.TA,6153.685536,16
16/01/2025,TAYA.TA,6191.010416,17
17/01/2025,TAYA.TA,6340.094543,18
18/01/2025,TAYA.TA,6396.607023,19
19/01/2025,TAYA.TA,6467.960965,20
20/01/2025,TAYA.TA,6406.575039,21
21/01/2025,TAYA.TA,6464.651136,22
22/01/2025,TAYA.TA,6492.098732,23
23/01/2025,TAYA.TA,6506.501424,24
24/01/2025,TAYA.TA,6509.328812,25
25/01/2025,TAYA.TA,6544.023649,26
26/01/2025,TAYA.TA,6651.715623,27
27/01/2025,TAYA.TA,6659.654754,28
28/01/2025,TAYA.TA,6568.332282,29
29/01/2025,TAYA.TA,6522.443013,30
31/12/2024,TNPV.TA,1269.766988,1
01/01/2025,TNPV.TA,1914.492089,2
02/01/2025,TNPV.TA,1762.433991,3
03/01/2025,TNPV.TA,1426.487289,4
04/01/2025,TNPV.TA,1561.969614,5
05/01/2025,TNPV.TA,1153.330672,6
06/01/2025,TNPV.TA,1317.113898,7
07/01/2025,TNPV.TA,991.937918,8
08/01/2025,TNPV.TA,737.76465,9
09/01/2025,TNPV.TA,1052.629516,10
10/01/2025,TNPV.TA,1274.963214,11
11/01/2025,TNPV.TA,1936.524487,12
12/01/2025,TNPV.TA,2522.397613,13
13/01/2025,TNPV.TA,3331.224795,14
14/01/2025,TNPV.TA,1750.493826,15
15/01/2025,TNPV.TA,1312.260338,16
16/01/2025,TNPV.TA,1216.368596,17
17/01/2025,TNPV.TA,942.7437884,18
18/01/2025,TNPV.TA,750.4450143,19
19/01/2025,TNPV.TA,420.9452969,20
20/01/2025,TNPV.TA,682.3992067,21
21/01/2025,TNPV.TA,1003.455833,22
22/01/2025,TNPV.TA,1554.628137,23
23/01/2025,TNPV.TA,1731.848603,24
24/01/2025,TNPV.TA,728.719654,25
25/01/2025,TNPV.TA,1093.328909,26
26/01/2025,TNPV.TA,1348.071936,27
27/01/2025,TNPV.TA,378.4845224,28
28/01/2025,TNPV.TA,267.6784355,29
29/01/2025,TNPV.TA,129.7830153,30
31/12/2024,TECT.TA,459.4631615,1
01/01/2025,TECT.TA,480.5110348,2
02/01/2025,TECT.TA,442.9940216,3
03/01/2025,TECT.TA,437.2123319,4
04/01/2025,TECT.TA,405.9270201,5
05/01/2025,TECT.TA,404.0549641,6
06/01/2025,TECT.TA,377.9464923,7
07/01/2025,TECT.TA,369.1622946,8
08/01/2025,TECT.TA,347.4464993,9
09/01/2025,TECT.TA,340.3149457,10
10/01/2025,TECT.TA,325.1707323,11
11/01/2025,TECT.TA,341.3773222,12
12/01/2025,TECT.TA,355.7284852,13
13/01/2025,TECT.TA,333.1919145,14
14/01/2025,TECT.TA,339.4023652,15
15/01/2025,TECT.TA,372.9812613,16
16/01/2025,TECT.TA,358.8471073,17
17/01/2025,TECT.TA,342.6838971,18
18/01/2025,TECT.TA,326.7449252,19
19/01/2025,TECT.TA,341.1068836,20
20/01/2025,TECT.TA,351.8253702,21
21/01/2025,TECT.TA,382.5106379,22
22/01/2025,TECT.TA,378.1355631,23
23/01/2025,TECT.TA,396.0619747,24
24/01/2025,TECT.TA,393.0892917,25
25/01/2025,TECT.TA,374.0387633,26
26/01/2025,TECT.TA,390.9217356,27
27/01/2025,TECT.TA,383.0122509,28
28/01/2025,TECT.TA,397.6230912,29
29/01/2025,TECT.TA,437.4847261,30
31/12/2024,TEDE.TA,416.341454,1
01/01/2025,TEDE.TA,560.0139,2
02/01/2025,TEDE.TA,647.1512573,3
03/01/2025,TEDE.TA,848.9023886,4
04/01/2025,TEDE.TA,883.9769014,5
05/01/2025,TEDE.TA,676.7893497,6
06/01/2025,TEDE.TA,761.1258466,7
07/01/2025,TEDE.TA,591.7333683,8
08/01/2025,TEDE.TA,656.5845469,9
09/01/2025,TEDE.TA,535.7613153,10
10/01/2025,TEDE.TA,489.0169869,11
11/01/2025,TEDE.TA,749.5574285,12
12/01/2025,TEDE.TA,914.4058142,13
13/01/2025,TEDE.TA,880.8984931,14
14/01/2025,TEDE.TA,882.2444404,15
15/01/2025,TEDE.TA,415.7684513,16
16/01/2025,TEDE.TA,238.2174419,17
17/01/2025,TEDE.TA,338.7711909,18
18/01/2025,TEDE.TA,328.0081729,19
19/01/2025,TEDE.TA,171.9018468,20
20/01/2025,TEDE.TA,151.0041088,21
21/01/2025,TEDE.TA,154.188615,22
22/01/2025,TEDE.TA,168.0456206,23
23/01/2025,TEDE.TA,175.9686939,24
24/01/2025,TEDE.TA,103.7432341,25
25/01/2025,TEDE.TA,86.51753807,26
26/01/2025,TEDE.TA,94.67161387,27
27/01/2025,TEDE.TA,123.2231056,28
28/01/2025,TEDE.TA,150.2087153,29
29/01/2025,TEDE.TA,149.6375363,30
31/12/2024,TFRLF.TA,3015.604396,1
01/01/2025,TFRLF.TA,3027.97694,2
02/01/2025,TFRLF.TA,3069.582064,3
03/01/2025,TFRLF.TA,3054.471787,4
04/01/2025,TFRLF.TA,3101.794318,5
05/01/2025,TFRLF.TA,3133.352074,6
06/01/2025,TFRLF.TA,3196.732513,7
07/01/2025,TFRLF.TA,3146.756262,8
08/01/2025,TFRLF.TA,3136.26646,9
09/01/2025,TFRLF.TA,3227.61646,10
10/01/2025,TFRLF.TA,3235.686145,11
11/01/2025,TFRLF.TA,3277.695511,12
12/01/2025,TFRLF.TA,3366.831784,13
13/01/2025,TFRLF.TA,3329.692191,14
14/01/2025,TFRLF.TA,3326.925095,15
15/01/2025,TFRLF.TA,3339.579683,16
16/01/2025,TFRLF.TA,3334.629349,17
17/01/2025,TFRLF.TA,3372.084168,18
18/01/2025,TFRLF.TA,3427.047524,19
19/01/2025,TFRLF.TA,3359.63838,20
20/01/2025,TFRLF.TA,3406.303993,21
21/01/2025,TFRLF.TA,3441.367761,22
22/01/2025,TFRLF.TA,3461.510646,23
23/01/2025,TFRLF.TA,3466.806011,24
24/01/2025,TFRLF.TA,3550.156284,25
25/01/2025,TFRLF.TA,3548.195857,26
26/01/2025,TFRLF.TA,3577.389129,27
27/01/2025,TFRLF.TA,3536.269053,28
28/01/2025,TFRLF.TA,3590.826385,29
29/01/2025,TFRLF.TA,3562.680396,30
31/12/2024,TLSY.TA,19008.00328,1
01/01/2025,TLSY.TA,18824.76656,2
02/01/2025,TLSY.TA,19058.60834,3
03/01/2025,TLSY.TA,18920.39618,4
04/01/2025,TLSY.TA,19307.16049,5
05/01/2025,TLSY.TA,19103.10462,6
06/01/2025,TLSY.TA,19096.15156,7
07/01/2025,TLSY.TA,18277.07854,8
08/01/2025,TLSY.TA,18228.37197,9
09/01/2025,TLSY.TA,18995.31266,10
10/01/2025,TLSY.TA,18915.04352,11
11/01/2025,TLSY.TA,19200.02459,12
12/01/2025,TLSY.TA,19211.44941,13
13/01/2025,TLSY.TA,19205.4552,14
14/01/2025,TLSY.TA,19015.35947,15
15/01/2025,TLSY.TA,19476.15693,16
16/01/2025,TLSY.TA,19794.7683,17
17/01/2025,TLSY.TA,20112.63175,18
18/01/2025,TLSY.TA,19929.96637,19
19/01/2025,TLSY.TA,20999.0748,20
20/01/2025,TLSY.TA,21328.69221,21
21/01/2025,TLSY.TA,21347.63618,22
22/01/2025,TLSY.TA,20674.83445,23
23/01/2025,TLSY.TA,20209.34085,24
24/01/2025,TLSY.TA,19889.8348,25
25/01/2025,TLSY.TA,19837.74686,26
26/01/2025,TLSY.TA,19925.80203,27
27/01/2025,TLSY.TA,18980.27468,28
28/01/2025,TLSY.TA,18835.24059,29
29/01/2025,TLSY.TA,18783.97638,30
31/12/2024,TRLT.TA,650.5199693,1
01/01/2025,TRLT.TA,654.3016559,2
02/01/2025,TRLT.TA,662.7216906,3
03/01/2025,TRLT.TA,651.0866374,4
04/01/2025,TRLT.TA,644.430622,5
05/01/2025,TRLT.TA,642.0189255,6
06/01/2025,TRLT.TA,651.0358673,7
07/01/2025,TRLT.TA,659.6701721,8
08/01/2025,TRLT.TA,654.3920889,9
09/01/2025,TRLT.TA,654.146028,10
10/01/2025,TRLT.TA,659.1523181,11
11/01/2025,TRLT.TA,660.4841327,12
12/01/2025,TRLT.TA,660.2211382,13
13/01/2025,TRLT.TA,667.5171968,14
14/01/2025,TRLT.TA,662.5129144,15
15/01/2025,TRLT.TA,665.6591922,16
16/01/2025,TRLT.TA,652.6081143,17
17/01/2025,TRLT.TA,654.1717487,18
18/01/2025,TRLT.TA,657.2742464,19
19/01/2025,TRLT.TA,651.5468034,20
20/01/2025,TRLT.TA,651.9772835,21
21/01/2025,TRLT.TA,655.8219896,22
22/01/2025,TRLT.TA,654.4695013,23
23/01/2025,TRLT.TA,651.0488766,24
24/01/2025,TRLT.TA,650.1566273,25
25/01/2025,TRLT.TA,647.1630935,26
26/01/2025,TRLT.TA,653.3458872,27
27/01/2025,TRLT.TA,652.804989,28
28/01/2025,TRLT.TA,653.1948238,29
29/01/2025,TRLT.TA,653.7143186,30
31/12/2024,TRX.TA,452.811844,1
01/01/2025,TRX.TA,460.16158,2
02/01/2025,TRX.TA,498.6908565,3
03/01/2025,TRX.TA,492.9793489,4
04/01/2025,TRX.TA,472.3599247,5
05/01/2025,TRX.TA,457.2401679,6
06/01/2025,TRX.TA,486.2256003,7
07/01/2025,TRX.TA,475.8364965,8
08/01/2025,TRX.TA,472.0068264,9
09/01/2025,TRX.TA,449.5823911,10
10/01/2025,TRX.TA,431.3680736,11
11/01/2025,TRX.TA,435.6898804,12
12/01/2025,TRX.TA,411.4473535,13
13/01/2025,TRX.TA,404.6666869,14
14/01/2025,TRX.TA,384.0801443,15
15/01/2025,TRX.TA,382.7596649,16
16/01/2025,TRX.TA,360.2423808,17
17/01/2025,TRX.TA,355.4178509,18
18/01/2025,TRX.TA,369.6839594,19
19/01/2025,TRX.TA,376.766442,20
20/01/2025,TRX.TA,368.5788169,21
21/01/2025,TRX.TA,367.0096933,22
22/01/2025,TRX.TA,367.4993053,23
23/01/2025,TRX.TA,387.2431556,24
24/01/2025,TRX.TA,356.3426029,25
25/01/2025,TRX.TA,354.0921632,26
26/01/2025,TRX.TA,354.9256184,27
27/01/2025,TRX.TA,356.2192484,28
28/01/2025,TRX.TA,348.4337375,29
29/01/2025,TRX.TA,347.5646948,30
31/12/2024,TUZA.TA,38.58357117,1
01/01/2025,TUZA.TA,37.90653415,2
02/01/2025,TUZA.TA,38.80640973,3
03/01/2025,TUZA.TA,37.70066145,4
04/01/2025,TUZA.TA,34.84117214,5
05/01/2025,TUZA.TA,34.12897957,6
06/01/2025,TUZA.TA,34.99487608,7
07/01/2025,TUZA.TA,34.38818801,8
08/01/2025,TUZA.TA,36.22362344,9
09/01/2025,TUZA.TA,34.82130265,10
10/01/2025,TUZA.TA,33.47676019,11
11/01/2025,TUZA.TA,31.35881436,12
12/01/2025,TUZA.TA,32.37286254,13
13/01/2025,TUZA.TA,33.801023,14
14/01/2025,TUZA.TA,35.92343857,15
15/01/2025,TUZA.TA,35.37275508,16
16/01/2025,TUZA.TA,35.94018499,17
17/01/2025,TUZA.TA,33.33625752,18
18/01/2025,TUZA.TA,34.31751152,19
19/01/2025,TUZA.TA,33.88632244,20
20/01/2025,TUZA.TA,32.21706084,21
21/01/2025,TUZA.TA,32.14166338,22
22/01/2025,TUZA.TA,32.75500715,23
23/01/2025,TUZA.TA,33.75116632,24
24/01/2025,TUZA.TA,34.06167581,25
25/01/2025,TUZA.TA,34.38421655,26
26/01/2025,TUZA.TA,34.58164889,27
27/01/2025,TUZA.TA,35.50968026,28
28/01/2025,TUZA.TA,33.71472884,29
29/01/2025,TUZA.TA,36.76476218,30
31/12/2024,TEVA.TA,7782.023868,1
01/01/2025,TEVA.TA,7825.905258,2
02/01/2025,TEVA.TA,7494.898649,3
03/01/2025,TEVA.TA,7644.894704,4
04/01/2025,TEVA.TA,7782.78117,5
05/01/2025,TEVA.TA,7661.324835,6
06/01/2025,TEVA.TA,7813.248015,7
07/01/2025,TEVA.TA,7680.052916,8
08/01/2025,TEVA.TA,7756.244478,9
09/01/2025,TEVA.TA,7956.707077,10
10/01/2025,TEVA.TA,8217.031305,11
11/01/2025,TEVA.TA,8221.7106,12
12/01/2025,TEVA.TA,8188.527615,13
13/01/2025,TEVA.TA,8200.855869,14
14/01/2025,TEVA.TA,8305.347986,15
15/01/2025,TEVA.TA,8475.286766,16
16/01/2025,TEVA.TA,8931.894847,17
17/01/2025,TEVA.TA,8811.379956,18
18/01/2025,TEVA.TA,8650.190009,19
19/01/2025,TEVA.TA,8505.727859,20
20/01/2025,TEVA.TA,8715.469682,21
21/01/2025,TEVA.TA,8618.988453,22
22/01/2025,TEVA.TA,8340.596728,23
23/01/2025,TEVA.TA,7938.972994,24
24/01/2025,TEVA.TA,7907.176815,25
25/01/2025,TEVA.TA,7865.833088,26
26/01/2025,TEVA.TA,8022.975632,27
27/01/2025,TEVA.TA,8121.51433,28
28/01/2025,TEVA.TA,7931.545726,29
29/01/2025,TEVA.TA,7786.696198,30
31/12/2024,TGI.TA,179.1209841,1
01/01/2025,TGI.TA,182.404725,2
02/01/2025,TGI.TA,178.5880755,3
03/01/2025,TGI.TA,180.3953757,4
04/01/2025,TGI.TA,173.9258922,5
05/01/2025,TGI.TA,177.6399325,6
06/01/2025,TGI.TA,185.822732,7
07/01/2025,TGI.TA,183.0425052,8
08/01/2025,TGI.TA,183.0707942,9
09/01/2025,TGI.TA,189.0905971,10
10/01/2025,TGI.TA,188.7839008,11
11/01/2025,TGI.TA,188.6827529,12
12/01/2025,TGI.TA,190.3626842,13
13/01/2025,TGI.TA,188.6235923,14
14/01/2025,TGI.TA,188.3264431,15
15/01/2025,TGI.TA,186.7015322,16
16/01/2025,TGI.TA,191.0056303,17
17/01/2025,TGI.TA,203.3070204,18
18/01/2025,TGI.TA,203.4687772,19
19/01/2025,TGI.TA,199.4816096,20
20/01/2025,TGI.TA,201.7486006,21
21/01/2025,TGI.TA,198.4915529,22
22/01/2025,TGI.TA,201.0131571,23
23/01/2025,TGI.TA,197.6403301,24
24/01/2025,TGI.TA,190.8100289,25
25/01/2025,TGI.TA,182.9342806,26
26/01/2025,TGI.TA,182.4988436,27
27/01/2025,TGI.TA,174.0026877,28
28/01/2025,TGI.TA,178.3344654,29
29/01/2025,TGI.TA,174.2824225,30
31/12/2024,ILCO.TA,88971.82486,1
01/01/2025,ILCO.TA,92073.43634,2
02/01/2025,ILCO.TA,90977.10632,3
03/01/2025,ILCO.TA,93205.87521,4
04/01/2025,ILCO.TA,92113.90513,5
05/01/2025,ILCO.TA,93534.41854,6
06/01/2025,ILCO.TA,94193.21826,7
07/01/2025,ILCO.TA,97990.29158,8
08/01/2025,ILCO.TA,94237.45959,9
09/01/2025,ILCO.TA,93909.8124,10
10/01/2025,ILCO.TA,95408.20585,11
11/01/2025,ILCO.TA,96371.96355,12
12/01/2025,ILCO.TA,94127.43991,13
13/01/2025,ILCO.TA,93931.7435,14
14/01/2025,ILCO.TA,95974.121,15
15/01/2025,ILCO.TA,96710.53073,16
16/01/2025,ILCO.TA,98208.0994,17
17/01/2025,ILCO.TA,93672.70751,18
18/01/2025,ILCO.TA,95698.22709,19
19/01/2025,ILCO.TA,93611.85152,20
20/01/2025,ILCO.TA,96908.34373,21
21/01/2025,ILCO.TA,95089.02702,22
22/01/2025,ILCO.TA,95348.60493,23
23/01/2025,ILCO.TA,96994.8926,24
24/01/2025,ILCO.TA,96231.08615,25
25/01/2025,ILCO.TA,94517.64505,26
26/01/2025,ILCO.TA,96198.97261,27
27/01/2025,ILCO.TA,97282.01522,28
28/01/2025,ILCO.TA,97719.93992,29
29/01/2025,ILCO.TA,93588.60524,30
31/12/2024,TMIS.TA,1790.606154,1
01/01/2025,TMIS.TA,1773.491463,2
02/01/2025,TMIS.TA,1829.766317,3
03/01/2025,TMIS.TA,1769.508856,4
04/01/2025,TMIS.TA,1886.477644,5
05/01/2025,TMIS.TA,1963.791381,6
06/01/2025,TMIS.TA,1993.56401,7
07/01/2025,TMIS.TA,2032.020817,8
08/01/2025,TMIS.TA,2103.099229,9
09/01/2025,TMIS.TA,1991.001712,10
10/01/2025,TMIS.TA,2108.892324,11
11/01/2025,TMIS.TA,2205.634736,12
12/01/2025,TMIS.TA,2095.255296,13
13/01/2025,TMIS.TA,2187.83819,14
14/01/2025,TMIS.TA,2183.368257,15
15/01/2025,TMIS.TA,2280.960464,16
16/01/2025,TMIS.TA,2231.940258,17
17/01/2025,TMIS.TA,2235.056129,18
18/01/2025,TMIS.TA,2362.504889,19
19/01/2025,TMIS.TA,2142.315876,20
20/01/2025,TMIS.TA,2136.269159,21
21/01/2025,TMIS.TA,2097.994176,22
22/01/2025,TMIS.TA,2149.793279,23
23/01/2025,TMIS.TA,2190.35334,24
24/01/2025,TMIS.TA,2167.898371,25
25/01/2025,TMIS.TA,2072.870906,26
26/01/2025,TMIS.TA,2174.309194,27
27/01/2025,TMIS.TA,2230.639614,28
28/01/2025,TMIS.TA,2233.044629,29
29/01/2025,TMIS.TA,2101.363461,30
31/12/2024,THES.TA,343.578251,1
01/01/2025,THES.TA,344.0749569,2
02/01/2025,THES.TA,362.9548607,3
03/01/2025,THES.TA,362.9951331,4
04/01/2025,THES.TA,348.4689229,5
05/01/2025,THES.TA,351.7935222,6
06/01/2025,THES.TA,350.4243725,7
07/01/2025,THES.TA,352.5866413,8
08/01/2025,THES.TA,343.8433905,9
09/01/2025,THES.TA,314.8600719,10
10/01/2025,THES.TA,318.8423108,11
11/01/2025,THES.TA,300.2758107,12
12/01/2025,THES.TA,297.5713322,13
13/01/2025,THES.TA,293.7402229,14
14/01/2025,THES.TA,299.3836164,15
15/01/2025,THES.TA,303.9567367,16
16/01/2025,THES.TA,302.5509425,17
17/01/2025,THES.TA,308.8163947,18
18/01/2025,THES.TA,310.1976307,19
19/01/2025,THES.TA,313.2048819,20
20/01/2025,THES.TA,294.9870491,21
21/01/2025,THES.TA,288.1538742,22
22/01/2025,THES.TA,277.9917992,23
23/01/2025,THES.TA,279.0968424,24
24/01/2025,THES.TA,277.9721219,25
25/01/2025,THES.TA,280.5101923,26
26/01/2025,THES.TA,277.358547,27
27/01/2025,THES.TA,275.487107,28
28/01/2025,THES.TA,264.6499544,29
29/01/2025,THES.TA,255.7168679,30
31/12/2024,TIGBUR.TA,5345.57284,1
01/01/2025,TIGBUR.TA,5176.650062,2
02/01/2025,TIGBUR.TA,5181.314821,3
03/01/2025,TIGBUR.TA,5035.192824,4
04/01/2025,TIGBUR.TA,4944.552029,5
05/01/2025,TIGBUR.TA,4857.333699,6
06/01/2025,TIGBUR.TA,4851.277957,7
07/01/2025,TIGBUR.TA,4802.523175,8
08/01/2025,TIGBUR.TA,4786.660751,9
09/01/2025,TIGBUR.TA,4645.267994,10
10/01/2025,TIGBUR.TA,4632.364149,11
11/01/2025,TIGBUR.TA,4563.752126,12
12/01/2025,TIGBUR.TA,4541.39316,13
13/01/2025,TIGBUR.TA,4468.837681,14
14/01/2025,TIGBUR.TA,4526.796079,15
15/01/2025,TIGBUR.TA,4545.12573,16
16/01/2025,TIGBUR.TA,4534.558783,17
17/01/2025,TIGBUR.TA,4542.340776,18
18/01/2025,TIGBUR.TA,4663.244187,19
19/01/2025,TIGBUR.TA,4661.116,20
20/01/2025,TIGBUR.TA,4597.061045,21
21/01/2025,TIGBUR.TA,4437.104688,22
22/01/2025,TIGBUR.TA,4506.814825,23
23/01/2025,TIGBUR.TA,4396.987671,24
24/01/2025,TIGBUR.TA,4447.663896,25
25/01/2025,TIGBUR.TA,4439.473183,26
26/01/2025,TIGBUR.TA,4526.628421,27
27/01/2025,TIGBUR.TA,4636.586772,28
28/01/2025,TIGBUR.TA,4472.756799,29
29/01/2025,TIGBUR.TA,4551.573622,30
31/12/2024,TIGI.TA,863.725453,1
01/01/2025,TIGI.TA,942.6491681,2
02/01/2025,TIGI.TA,913.8891055,3
03/01/2025,TIGI.TA,922.3303546,4
04/01/2025,TIGI.TA,900.0859057,5
05/01/2025,TIGI.TA,895.9651419,6
06/01/2025,TIGI.TA,866.024202,7
07/01/2025,TIGI.TA,859.6679691,8
08/01/2025,TIGI.TA,854.450829,9
09/01/2025,TIGI.TA,867.9724499,10
10/01/2025,TIGI.TA,899.6952888,11
11/01/2025,TIGI.TA,915.0367694,12
12/01/2025,TIGI.TA,918.924799,13
13/01/2025,TIGI.TA,927.8520454,14
14/01/2025,TIGI.TA,978.3573492,15
15/01/2025,TIGI.TA,1021.805537,16
16/01/2025,TIGI.TA,1009.281287,17
17/01/2025,TIGI.TA,1010.910707,18
18/01/2025,TIGI.TA,979.6470115,19
19/01/2025,TIGI.TA,934.8077874,20
20/01/2025,TIGI.TA,891.625041,21
21/01/2025,TIGI.TA,860.2861186,22
22/01/2025,TIGI.TA,876.973523,23
23/01/2025,TIGI.TA,831.0688567,24
24/01/2025,TIGI.TA,838.8572606,25
25/01/2025,TIGI.TA,820.7953102,26
26/01/2025,TIGI.TA,861.0627266,27
27/01/2025,TIGI.TA,815.6486494,28
28/01/2025,TIGI.TA,821.4168793,29
29/01/2025,TIGI.TA,844.6288327,30
31/12/2024,TKUN.TA,32.35250705,1
01/01/2025,TKUN.TA,34.57667489,2
02/01/2025,TKUN.TA,34.02793563,3
03/01/2025,TKUN.TA,34.25859231,4
04/01/2025,TKUN.TA,34.07867988,5
05/01/2025,TKUN.TA,31.83502809,6
06/01/2025,TKUN.TA,29.19476784,7
07/01/2025,TKUN.TA,28.29011747,8
08/01/2025,TKUN.TA,29.83944913,9
09/01/2025,TKUN.TA,25.07876715,10
10/01/2025,TKUN.TA,25.5377166,11
11/01/2025,TKUN.TA,26.89072161,12
12/01/2025,TKUN.TA,28.1468269,13
13/01/2025,TKUN.TA,26.89997952,14
14/01/2025,TKUN.TA,24.80069225,15
15/01/2025,TKUN.TA,23.2985093,16
16/01/2025,TKUN.TA,23.35980371,17
17/01/2025,TKUN.TA,24.94973689,18
18/01/2025,TKUN.TA,24.42860169,19
19/01/2025,TKUN.TA,23.66267437,20
20/01/2025,TKUN.TA,24.72750993,21
21/01/2025,TKUN.TA,23.73764458,22
22/01/2025,TKUN.TA,20.65975347,23
23/01/2025,TKUN.TA,22.13316336,24
24/01/2025,TKUN.TA,22.81465449,25
25/01/2025,TKUN.TA,24.12910492,26
26/01/2025,TKUN.TA,24.70710375,27
27/01/2025,TKUN.TA,25.90485985,28
28/01/2025,TKUN.TA,24.997853,29
29/01/2025,TKUN.TA,22.8567386,30
31/12/2024,TTAM.TA,616.1828564,1
01/01/2025,TTAM.TA,628.3421019,2
02/01/2025,TTAM.TA,611.296274,3
03/01/2025,TTAM.TA,609.1137943,4
04/01/2025,TTAM.TA,604.0254056,5
05/01/2025,TTAM.TA,603.2608884,6
06/01/2025,TTAM.TA,603.5727492,7
07/01/2025,TTAM.TA,619.6442236,8
08/01/2025,TTAM.TA,639.8951743,9
09/01/2025,TTAM.TA,655.2096564,10
10/01/2025,TTAM.TA,658.2564345,11
11/01/2025,TTAM.TA,657.9090237,12
12/01/2025,TTAM.TA,663.4653735,13
13/01/2025,TTAM.TA,679.0088462,14
14/01/2025,TTAM.TA,674.6137382,15
15/01/2025,TTAM.TA,682.0675928,16
16/01/2025,TTAM.TA,706.7360992,17
17/01/2025,TTAM.TA,698.0693143,18
18/01/2025,TTAM.TA,695.2265758,19
19/01/2025,TTAM.TA,695.7464681,20
20/01/2025,TTAM.TA,700.3776975,21
21/01/2025,TTAM.TA,706.8869888,22
22/01/2025,TTAM.TA,726.3043951,23
23/01/2025,TTAM.TA,698.692385,24
24/01/2025,TTAM.TA,682.8688385,25
25/01/2025,TTAM.TA,674.9157247,26
26/01/2025,TTAM.TA,664.6602622,27
27/01/2025,TTAM.TA,667.5777861,28
28/01/2025,TTAM.TA,669.6182119,29
29/01/2025,TTAM.TA,686.8081042,30
31/12/2024,TGTR.TA,375.5474869,1
01/01/2025,TGTR.TA,350.5847884,2
02/01/2025,TGTR.TA,378.3980629,3
03/01/2025,TGTR.TA,363.0847159,4
04/01/2025,TGTR.TA,352.7376927,5
05/01/2025,TGTR.TA,339.6516746,6
06/01/2025,TGTR.TA,341.7677425,7
07/01/2025,TGTR.TA,309.9217404,8
08/01/2025,TGTR.TA,283.6480288,9
09/01/2025,TGTR.TA,293.0341065,10
10/01/2025,TGTR.TA,291.0528793,11
11/01/2025,TGTR.TA,292.4880698,12
12/01/2025,TGTR.TA,315.6121096,13
13/01/2025,TGTR.TA,307.4076805,14
14/01/2025,TGTR.TA,317.5653925,15
15/01/2025,TGTR.TA,264.239896,16
16/01/2025,TGTR.TA,269.2313444,17
17/01/2025,TGTR.TA,273.5323575,18
18/01/2025,TGTR.TA,241.3694413,19
19/01/2025,TGTR.TA,263.281935,20
20/01/2025,TGTR.TA,278.4071913,21
21/01/2025,TGTR.TA,274.3789901,22
22/01/2025,TGTR.TA,314.8953222,23
23/01/2025,TGTR.TA,298.2589486,24
24/01/2025,TGTR.TA,276.9931126,25
25/01/2025,TGTR.TA,282.2751054,26
26/01/2025,TGTR.TA,272.5786989,27
27/01/2025,TGTR.TA,277.5367977,28
28/01/2025,TGTR.TA,238.1714476,29
29/01/2025,TGTR.TA,242.1610724,30
31/12/2024,TOEN.TA,1670.34823,1
01/01/2025,TOEN.TA,1666.091929,2
02/01/2025,TOEN.TA,1671.326922,3
03/01/2025,TOEN.TA,1660.556551,4
04/01/2025,TOEN.TA,1689.08449,5
05/01/2025,TOEN.TA,1695.814231,6
06/01/2025,TOEN.TA,1745.315775,7
07/01/2025,TOEN.TA,1792.875471,8
08/01/2025,TOEN.TA,1792.598351,9
09/01/2025,TOEN.TA,1815.257614,10
10/01/2025,TOEN.TA,1845.801426,11
11/01/2025,TOEN.TA,1848.007026,12
12/01/2025,TOEN.TA,1855.928306,13
13/01/2025,TOEN.TA,1860.079826,14
14/01/2025,TOEN.TA,1855.585336,15
15/01/2025,TOEN.TA,1840.853726,16
16/01/2025,TOEN.TA,1844.192861,17
17/01/2025,TOEN.TA,1823.019643,18
18/01/2025,TOEN.TA,1843.598152,19
19/01/2025,TOEN.TA,1823.160534,20
20/01/2025,TOEN.TA,1857.910406,21
21/01/2025,TOEN.TA,1873.309608,22
22/01/2025,TOEN.TA,1875.085824,23
23/01/2025,TOEN.TA,1881.422745,24
24/01/2025,TOEN.TA,1947.652566,25
25/01/2025,TOEN.TA,1965.585843,26
26/01/2025,TOEN.TA,1940.268927,27
27/01/2025,TOEN.TA,1966.760419,28
28/01/2025,TOEN.TA,1975.661299,29
29/01/2025,TOEN.TA,1997.775648,30
31/12/2024,TNDO.TA,365.3163091,1
01/01/2025,TNDO.TA,367.2482651,2
02/01/2025,TNDO.TA,384.0579164,3
03/01/2025,TNDO.TA,394.7116648,4
04/01/2025,TNDO.TA,377.8379891,5
05/01/2025,TNDO.TA,366.7619792,6
06/01/2025,TNDO.TA,381.9768132,7
07/01/2025,TNDO.TA,378.8768564,8
08/01/2025,TNDO.TA,375.3547838,9
09/01/2025,TNDO.TA,371.6455479,10
10/01/2025,TNDO.TA,371.1411188,11
11/01/2025,TNDO.TA,364.1525341,12
12/01/2025,TNDO.TA,370.6887633,13
13/01/2025,TNDO.TA,375.7901159,14
14/01/2025,TNDO.TA,405.6176737,15
15/01/2025,TNDO.TA,418.8324558,16
16/01/2025,TNDO.TA,427.3259884,17
17/01/2025,TNDO.TA,434.2514922,18
18/01/2025,TNDO.TA,440.2851489,19
19/01/2025,TNDO.TA,414.5531045,20
20/01/2025,TNDO.TA,407.9668498,21
21/01/2025,TNDO.TA,413.8972461,22
22/01/2025,TNDO.TA,425.0479565,23
23/01/2025,TNDO.TA,434.4286644,24
24/01/2025,TNDO.TA,435.8150929,25
25/01/2025,TNDO.TA,425.8177974,26
26/01/2025,TNDO.TA,422.4835813,27
27/01/2025,TNDO.TA,448.1767601,28
28/01/2025,TNDO.TA,454.7057123,29
29/01/2025,TNDO.TA,470.7085033,30
31/12/2024,TOPS.TA,1047.072008,1
01/01/2025,TOPS.TA,1021.054648,2
02/01/2025,TOPS.TA,995.600885,3
03/01/2025,TOPS.TA,985.2332945,4
04/01/2025,TOPS.TA,990.8336283,5
05/01/2025,TOPS.TA,974.5681076,6
06/01/2025,TOPS.TA,977.4568433,7
07/01/2025,TOPS.TA,974.0749728,8
08/01/2025,TOPS.TA,1016.809054,9
09/01/2025,TOPS.TA,1003.830019,10
10/01/2025,TOPS.TA,961.8483827,11
11/01/2025,TOPS.TA,967.0578424,12
12/01/2025,TOPS.TA,918.4855632,13
13/01/2025,TOPS.TA,924.0664985,14
14/01/2025,TOPS.TA,896.6862224,15
15/01/2025,TOPS.TA,894.0805245,16
16/01/2025,TOPS.TA,901.3341228,17
17/01/2025,TOPS.TA,916.1239685,18
18/01/2025,TOPS.TA,923.7801209,19
19/01/2025,TOPS.TA,936.3456173,20
20/01/2025,TOPS.TA,937.8264727,21
21/01/2025,TOPS.TA,938.582081,22
22/01/2025,TOPS.TA,949.4289821,23
23/01/2025,TOPS.TA,984.8438327,24
24/01/2025,TOPS.TA,994.0557496,25
25/01/2025,TOPS.TA,1014.902301,26
26/01/2025,TOPS.TA,1068.940069,27
27/01/2025,TOPS.TA,1047.288289,28
28/01/2025,TOPS.TA,1090.83625,29
29/01/2025,TOPS.TA,1131.457127,30
31/12/2024,TSEM.TA,18222.40707,1
01/01/2025,TSEM.TA,18408.97969,2
02/01/2025,TSEM.TA,18387.58167,3
03/01/2025,TSEM.TA,18740.47507,4
04/01/2025,TSEM.TA,17985.72007,5
05/01/2025,TSEM.TA,18501.08922,6
06/01/2025,TSEM.TA,18392.7718,7
07/01/2025,TSEM.TA,18474.97771,8
08/01/2025,TSEM.TA,18694.585,9
09/01/2025,TSEM.TA,18005.94691,10
10/01/2025,TSEM.TA,18142.92371,11
11/01/2025,TSEM.TA,18456.30253,12
12/01/2025,TSEM.TA,18251.93586,13
13/01/2025,TSEM.TA,18675.86661,14
14/01/2025,TSEM.TA,18858.3773,15
15/01/2025,TSEM.TA,19035.82441,16
16/01/2025,TSEM.TA,18710.4886,17
17/01/2025,TSEM.TA,18654.89821,18
18/01/2025,TSEM.TA,19078.85001,19
19/01/2025,TSEM.TA,19179.28226,20
20/01/2025,TSEM.TA,19074.14227,21
21/01/2025,TSEM.TA,19089.39392,22
22/01/2025,TSEM.TA,20060.77992,23
23/01/2025,TSEM.TA,19643.15371,24
24/01/2025,TSEM.TA,20412.06204,25
25/01/2025,TSEM.TA,20771.59248,26
26/01/2025,TSEM.TA,20571.94733,27
27/01/2025,TSEM.TA,21294.69848,28
28/01/2025,TSEM.TA,21617.32827,29
29/01/2025,TSEM.TA,20958.07656,30
31/12/2024,TRAN.TA,92.63278003,1
01/01/2025,TRAN.TA,101.6763256,2
02/01/2025,TRAN.TA,95.21608177,3
03/01/2025,TRAN.TA,94.69441949,4
04/01/2025,TRAN.TA,92.70418911,5
05/01/2025,TRAN.TA,98.78658124,6
06/01/2025,TRAN.TA,105.560202,7
07/01/2025,TRAN.TA,97.09242549,8
08/01/2025,TRAN.TA,112.5541375,9
09/01/2025,TRAN.TA,123.3443212,10
10/01/2025,TRAN.TA,107.5376112,11
11/01/2025,TRAN.TA,116.0107255,12
12/01/2025,TRAN.TA,134.1010567,13
13/01/2025,TRAN.TA,141.4754268,14
14/01/2025,TRAN.TA,167.6397847,15
15/01/2025,TRAN.TA,164.6588804,16
16/01/2025,TRAN.TA,172.3698915,17
17/01/2025,TRAN.TA,165.1251629,18
18/01/2025,TRAN.TA,173.3887981,19
19/01/2025,TRAN.TA,167.3525004,20
20/01/2025,TRAN.TA,182.3315649,21
21/01/2025,TRAN.TA,214.3038447,22
22/01/2025,TRAN.TA,240.5674661,23
23/01/2025,TRAN.TA,241.4840984,24
24/01/2025,TRAN.TA,235.7485042,25
25/01/2025,TRAN.TA,229.6330741,26
26/01/2025,TRAN.TA,202.2932874,27
27/01/2025,TRAN.TA,174.7036859,28
28/01/2025,TRAN.TA,174.077032,29
29/01/2025,TRAN.TA,162.7091254,30
31/12/2024,TSG.TA,16412.86984,1
01/01/2025,TSG.TA,16412.61009,2
02/01/2025,TSG.TA,16397.25543,3
03/01/2025,TSG.TA,16369.64237,4
04/01/2025,TSG.TA,16387.24812,5
05/01/2025,TSG.TA,16378.8839,6
06/01/2025,TSG.TA,16373.00011,7
07/01/2025,TSG.TA,16387.39568,8
08/01/2025,TSG.TA,16364.63122,9
09/01/2025,TSG.TA,16368.32214,10
10/01/2025,TSG.TA,16363.31027,11
11/01/2025,TSG.TA,16377.37093,12
12/01/2025,TSG.TA,16374.80003,13
13/01/2025,TSG.TA,16383.81822,14
14/01/2025,TSG.TA,16379.67319,15
15/01/2025,TSG.TA,16365.89681,16
16/01/2025,TSG.TA,16359.38291,17
17/01/2025,TSG.TA,16356.68058,18
18/01/2025,TSG.TA,16362.57286,19
19/01/2025,TSG.TA,16343.3193,20
20/01/2025,TSG.TA,16336.81051,21
21/01/2025,TSG.TA,16329.4253,22
22/01/2025,TSG.TA,16312.02137,23
23/01/2025,TSG.TA,16307.62745,24
24/01/2025,TSG.TA,16300.95899,25
25/01/2025,TSG.TA,16282.20291,26
26/01/2025,TSG.TA,16292.48896,27
27/01/2025,TSG.TA,16273.88691,28
28/01/2025,TSG.TA,16263.13929,29
29/01/2025,TSG.TA,16237.39844,30
31/12/2024,TURB.TA,935.9872798,1
01/01/2025,TURB.TA,928.322486,2
02/01/2025,TURB.TA,981.223748,3
03/01/2025,TURB.TA,1039.889255,4
04/01/2025,TURB.TA,1085.30476,5
05/01/2025,TURB.TA,1113.867399,6
06/01/2025,TURB.TA,1200.664727,7
07/01/2025,TURB.TA,1131.31397,8
08/01/2025,TURB.TA,1182.465108,9
09/01/2025,TURB.TA,1178.36529,10
10/01/2025,TURB.TA,1205.561624,11
11/01/2025,TURB.TA,1154.526026,12
12/01/2025,TURB.TA,1189.177403,13
13/01/2025,TURB.TA,1203.054096,14
14/01/2025,TURB.TA,1209.725598,15
15/01/2025,TURB.TA,1240.176494,16
16/01/2025,TURB.TA,1241.738121,17
17/01/2025,TURB.TA,1254.56169,18
18/01/2025,TURB.TA,1285.523552,19
19/01/2025,TURB.TA,1262.48015,20
20/01/2025,TURB.TA,1223.563569,21
21/01/2025,TURB.TA,1242.425262,22
22/01/2025,TURB.TA,1253.472596,23
23/01/2025,TURB.TA,1276.252311,24
24/01/2025,TURB.TA,1280.843211,25
25/01/2025,TURB.TA,1338.839923,26
26/01/2025,TURB.TA,1310.67173,27
27/01/2025,TURB.TA,1351.77896,28
28/01/2025,TURB.TA,1287.458352,29
29/01/2025,TURB.TA,1305.577367,30
31/12/2024,TRPZ.TA,1878.385221,1
01/01/2025,TRPZ.TA,1910.45713,2
02/01/2025,TRPZ.TA,1876.900679,3
03/01/2025,TRPZ.TA,1951.352575,4
04/01/2025,TRPZ.TA,1957.573239,5
05/01/2025,TRPZ.TA,1952.967487,6
06/01/2025,TRPZ.TA,1971.056382,7
07/01/2025,TRPZ.TA,1944.563262,8
08/01/2025,TRPZ.TA,1946.449249,9
09/01/2025,TRPZ.TA,1913.3598,10
10/01/2025,TRPZ.TA,1866.4547,11
11/01/2025,TRPZ.TA,1834.708139,12
12/01/2025,TRPZ.TA,1837.380228,13
13/01/2025,TRPZ.TA,1814.628504,14
14/01/2025,TRPZ.TA,1826.194519,15
15/01/2025,TRPZ.TA,1825.591277,16
16/01/2025,TRPZ.TA,1842.757017,17
17/01/2025,TRPZ.TA,1833.705309,18
18/01/2025,TRPZ.TA,1822.70017,19
19/01/2025,TRPZ.TA,1809.472802,20
20/01/2025,TRPZ.TA,1788.045013,21
21/01/2025,TRPZ.TA,1748.15302,22
22/01/2025,TRPZ.TA,1739.363276,23
23/01/2025,TRPZ.TA,1646.826675,24
24/01/2025,TRPZ.TA,1634.23355,25
25/01/2025,TRPZ.TA,1672.063071,26
26/01/2025,TRPZ.TA,1690.804862,27
27/01/2025,TRPZ.TA,1688.864558,28
28/01/2025,TRPZ.TA,1669.289602,29
29/01/2025,TRPZ.TA,1673.020339,30
31/12/2024,UMH.TA,6695.663461,1
01/01/2025,UMH.TA,6206.136439,2
02/01/2025,UMH.TA,6652.895685,3
03/01/2025,UMH.TA,5703.517344,4
04/01/2025,UMH.TA,6858.397963,5
05/01/2025,UMH.TA,6319.27019,6
06/01/2025,UMH.TA,5766.037807,7
07/01/2025,UMH.TA,5648.701916,8
08/01/2025,UMH.TA,5914.411008,9
09/01/2025,UMH.TA,6495.793024,10
10/01/2025,UMH.TA,6204.609341,11
11/01/2025,UMH.TA,6320.274492,12
12/01/2025,UMH.TA,5234.80086,13
13/01/2025,UMH.TA,5605.610295,14
14/01/2025,UMH.TA,4754.193074,15
15/01/2025,UMH.TA,4709.151445,16
16/01/2025,UMH.TA,5519.85065,17
17/01/2025,UMH.TA,5612.396627,18
18/01/2025,UMH.TA,5533.687031,19
19/01/2025,UMH.TA,6204.599107,20
20/01/2025,UMH.TA,5704.634381,21
21/01/2025,UMH.TA,5501.77531,22
22/01/2025,UMH.TA,5167.596408,23
23/01/2025,UMH.TA,4813.619198,24
24/01/2025,UMH.TA,5473.669199,25
25/01/2025,UMH.TA,5415.592526,26
26/01/2025,UMH.TA,6108.119752,27
27/01/2025,UMH.TA,5381.744178,28
28/01/2025,UMH.TA,5860.685716,29
29/01/2025,UMH.TA,5040.575123,30
31/12/2024,UNTC.TA,331.1298164,1
01/01/2025,UNTC.TA,113.5978352,2
02/01/2025,UNTC.TA,113.6927438,3
03/01/2025,UNTC.TA,37.69730377,4
04/01/2025,UNTC.TA,76.05506774,5
05/01/2025,UNTC.TA,94.02436558,6
06/01/2025,UNTC.TA,198.9694895,7
07/01/2025,UNTC.TA,202.1848058,8
08/01/2025,UNTC.TA,144.2840328,9
09/01/2025,UNTC.TA,145.8349601,10
10/01/2025,UNTC.TA,-20.87126503,11
11/01/2025,UNTC.TA,-41.34628036,12
12/01/2025,UNTC.TA,-55.39900618,13
13/01/2025,UNTC.TA,-73.69236876,14
14/01/2025,UNTC.TA,-60.5374326,15
15/01/2025,UNTC.TA,-73.39107402,16
16/01/2025,UNTC.TA,-18.80052929,17
17/01/2025,UNTC.TA,-11.08436996,18
18/01/2025,UNTC.TA,-9.06385418,19
19/01/2025,UNTC.TA,-8.37549547,20
20/01/2025,UNTC.TA,-13.01849067,21
21/01/2025,UNTC.TA,-11.51895611,22
22/01/2025,UNTC.TA,-9.73267675,23
23/01/2025,UNTC.TA,-5.19279994,24
24/01/2025,UNTC.TA,-7.89052498,25
25/01/2025,UNTC.TA,1.44397942,26
26/01/2025,UNTC.TA,1.56345751,27
27/01/2025,UNTC.TA,-0.61436504,28
28/01/2025,UNTC.TA,-0.73562643,29
29/01/2025,UNTC.TA,-0.93585652,30
31/12/2024,UNCT.TA,-202.0788411,1
01/01/2025,UNCT.TA,2114.783237,2
02/01/2025,UNCT.TA,-4977.297708,3
03/01/2025,UNCT.TA,-37023.72381,4
04/01/2025,UNCT.TA,-42779.16102,5
05/01/2025,UNCT.TA,-13864.25017,6
06/01/2025,UNCT.TA,-102531.8447,7
07/01/2025,UNCT.TA,-885093.8867,8
08/01/2025,UNCT.TA,3702404.531,9
09/01/2025,UNCT.TA,-24745916.51,10
10/01/2025,UNCT.TA,-2.73E+08,11
11/01/2025,UNCT.TA,2.43E+09,12
12/01/2025,UNCT.TA,-1.83E+10,13
13/01/2025,UNCT.TA,-1.20E+10,14
14/01/2025,UNCT.TA,1.11E+10,15
15/01/2025,UNCT.TA,-6.04E+10,16
16/01/2025,UNCT.TA,-5.82E+11,17
17/01/2025,UNCT.TA,-2.87E+12,18
18/01/2025,UNCT.TA,-3.31E+12,19
19/01/2025,UNCT.TA,-7.66E+12,20
20/01/2025,UNCT.TA,1.59E+13,21
21/01/2025,UNCT.TA,1.69E+14,22
22/01/2025,UNCT.TA,1.94E+14,23
23/01/2025,UNCT.TA,7.51E+13,24
24/01/2025,UNCT.TA,1.63E+14,25
25/01/2025,UNCT.TA,-1.23E+15,26
26/01/2025,UNCT.TA,7.18E+14,27
27/01/2025,UNCT.TA,7.74E+15,28
28/01/2025,UNCT.TA,6.35E+16,29
29/01/2025,UNCT.TA,6.79E+17,30
31/12/2024,UNIT.TA,2612.689943,1
01/01/2025,UNIT.TA,2674.130294,2
02/01/2025,UNIT.TA,2730.982893,3
03/01/2025,UNIT.TA,2823.725668,4
04/01/2025,UNIT.TA,2775.606495,5
05/01/2025,UNIT.TA,2923.804032,6
06/01/2025,UNIT.TA,2954.981486,7
07/01/2025,UNIT.TA,3079.251372,8
08/01/2025,UNIT.TA,3040.054944,9
09/01/2025,UNIT.TA,3098.055606,10
10/01/2025,UNIT.TA,2945.377924,11
11/01/2025,UNIT.TA,2937.354704,12
12/01/2025,UNIT.TA,3136.557866,13
13/01/2025,UNIT.TA,3111.882789,14
14/01/2025,UNIT.TA,2789.481851,15
15/01/2025,UNIT.TA,3026.979723,16
16/01/2025,UNIT.TA,3040.125443,17
17/01/2025,UNIT.TA,2947.666713,18
18/01/2025,UNIT.TA,3044.065922,19
19/01/2025,UNIT.TA,3038.9165,20
20/01/2025,UNIT.TA,3044.804141,21
21/01/2025,UNIT.TA,3012.290312,22
22/01/2025,UNIT.TA,2997.017783,23
23/01/2025,UNIT.TA,2812.448993,24
24/01/2025,UNIT.TA,2816.357656,25
25/01/2025,UNIT.TA,2654.169815,26
26/01/2025,UNIT.TA,2619.620287,27
27/01/2025,UNIT.TA,2663.087185,28
28/01/2025,UNIT.TA,2614.503424,29
29/01/2025,UNIT.TA,2531.91472,30
31/12/2024,UPSL.TA,258.6903216,1
01/01/2025,UPSL.TA,87.54661184,2
02/01/2025,UPSL.TA,164.9773379,3
03/01/2025,UPSL.TA,261.2887402,4
04/01/2025,UPSL.TA,-24.41247752,5
05/01/2025,UPSL.TA,-14.5447421,6
06/01/2025,UPSL.TA,-25.14843475,7
07/01/2025,UPSL.TA,-20.41076922,8
08/01/2025,UPSL.TA,-56.01065265,9
09/01/2025,UPSL.TA,-3.92899994,10
10/01/2025,UPSL.TA,-2.27164635,11
11/01/2025,UPSL.TA,-1.23657926,12
12/01/2025,UPSL.TA,-1.16554425,13
13/01/2025,UPSL.TA,-1.46363523,14
14/01/2025,UPSL.TA,-3.31337742,15
15/01/2025,UPSL.TA,-6.39604883,16
16/01/2025,UPSL.TA,-3.37635339,17
17/01/2025,UPSL.TA,-1.14461694,18
18/01/2025,UPSL.TA,-1.87655791,19
19/01/2025,UPSL.TA,-3.80776011,20
20/01/2025,UPSL.TA,-2.13524014,21
21/01/2025,UPSL.TA,-3.47747789,22
22/01/2025,UPSL.TA,0.62845242,23
23/01/2025,UPSL.TA,0.43965898,24
24/01/2025,UPSL.TA,0.40909132,25
25/01/2025,UPSL.TA,0.38372873,26
26/01/2025,UPSL.TA,0.6400516,27
27/01/2025,UPSL.TA,0.73931366,28
28/01/2025,UPSL.TA,0.99025939,29
29/01/2025,UPSL.TA,1.4198107,30
31/12/2024,UTRN.TA,473.6898339,1
01/01/2025,UTRN.TA,473.3376384,2
02/01/2025,UTRN.TA,489.9485606,3
03/01/2025,UTRN.TA,485.0988129,4
04/01/2025,UTRN.TA,495.5027857,5
05/01/2025,UTRN.TA,485.243173,6
06/01/2025,UTRN.TA,509.7049412,7
07/01/2025,UTRN.TA,523.0001118,8
08/01/2025,UTRN.TA,520.3209662,9
09/01/2025,UTRN.TA,492.7521402,10
10/01/2025,UTRN.TA,493.3631365,11
11/01/2025,UTRN.TA,508.7609485,12
12/01/2025,UTRN.TA,490.9094012,13
13/01/2025,UTRN.TA,492.6327037,14
14/01/2025,UTRN.TA,495.4173948,15
15/01/2025,UTRN.TA,499.7697273,16
16/01/2025,UTRN.TA,494.4129376,17
17/01/2025,UTRN.TA,473.2761151,18
18/01/2025,UTRN.TA,470.7593955,19
19/01/2025,UTRN.TA,460.6705147,20
20/01/2025,UTRN.TA,449.7600548,21
21/01/2025,UTRN.TA,441.4931409,22
22/01/2025,UTRN.TA,439.740614,23
23/01/2025,UTRN.TA,456.5573753,24
24/01/2025,UTRN.TA,448.745473,25
25/01/2025,UTRN.TA,457.7154383,26
26/01/2025,UTRN.TA,447.6220191,27
27/01/2025,UTRN.TA,456.4536975,28
28/01/2025,UTRN.TA,447.1405363,29
29/01/2025,UTRN.TA,438.4688734,30
31/12/2024,VRDS.TA,2162.16042,1
01/01/2025,VRDS.TA,2172.196623,2
02/01/2025,VRDS.TA,2197.772924,3
03/01/2025,VRDS.TA,2238.195918,4
04/01/2025,VRDS.TA,2192.07878,5
05/01/2025,VRDS.TA,2102.699305,6
06/01/2025,VRDS.TA,1996.538484,7
07/01/2025,VRDS.TA,1981.771195,8
08/01/2025,VRDS.TA,1986.466905,9
09/01/2025,VRDS.TA,2006.785535,10
10/01/2025,VRDS.TA,2057.616613,11
11/01/2025,VRDS.TA,2067.782846,12
12/01/2025,VRDS.TA,2112.125908,13
13/01/2025,VRDS.TA,2160.824366,14
14/01/2025,VRDS.TA,2064.195998,15
15/01/2025,VRDS.TA,2154.601601,16
16/01/2025,VRDS.TA,2057.734814,17
17/01/2025,VRDS.TA,2069.436661,18
18/01/2025,VRDS.TA,2053.871897,19
19/01/2025,VRDS.TA,2083.3913,20
20/01/2025,VRDS.TA,2116.830974,21
21/01/2025,VRDS.TA,2113.430695,22
22/01/2025,VRDS.TA,2129.59432,23
23/01/2025,VRDS.TA,2141.423746,24
24/01/2025,VRDS.TA,2060.467637,25
25/01/2025,VRDS.TA,2089.490289,26
26/01/2025,VRDS.TA,2072.498185,27
27/01/2025,VRDS.TA,2104.664428,28
28/01/2025,VRDS.TA,2115.796986,29
29/01/2025,VRDS.TA,2139.570718,30
31/12/2024,VCTR.TA,5612.331085,1
01/01/2025,VCTR.TA,5604.560456,2
02/01/2025,VCTR.TA,5597.04597,3
03/01/2025,VCTR.TA,5743.240771,4
04/01/2025,VCTR.TA,5708.823675,5
05/01/2025,VCTR.TA,5755.041883,6
06/01/2025,VCTR.TA,5738.489107,7
07/01/2025,VCTR.TA,5747.699134,8
08/01/2025,VCTR.TA,5793.278484,9
09/01/2025,VCTR.TA,5730.758717,10
10/01/2025,VCTR.TA,5715.579223,11
11/01/2025,VCTR.TA,5803.766358,12
12/01/2025,VCTR.TA,5797.766018,13
13/01/2025,VCTR.TA,5847.769596,14
14/01/2025,VCTR.TA,5849.261485,15
15/01/2025,VCTR.TA,5914.972493,16
16/01/2025,VCTR.TA,5920.980827,17
17/01/2025,VCTR.TA,5953.242457,18
18/01/2025,VCTR.TA,5911.086849,19
19/01/2025,VCTR.TA,5907.843905,20
20/01/2025,VCTR.TA,5766.27845,21
21/01/2025,VCTR.TA,6009.431405,22
22/01/2025,VCTR.TA,6070.664588,23
23/01/2025,VCTR.TA,6229.340134,24
24/01/2025,VCTR.TA,6287.721709,25
25/01/2025,VCTR.TA,6351.653752,26
26/01/2025,VCTR.TA,6354.450264,27
27/01/2025,VCTR.TA,6388.451314,28
28/01/2025,VCTR.TA,6335.740291,29
29/01/2025,VCTR.TA,6362.171279,30
31/12/2024,VILR.TA,16452.31459,1
01/01/2025,VILR.TA,16322.7895,2
02/01/2025,VILR.TA,16661.47579,3
03/01/2025,VILR.TA,16732.75673,4
04/01/2025,VILR.TA,16457.51271,5
05/01/2025,VILR.TA,17001.80674,6
06/01/2025,VILR.TA,16368.48367,7
07/01/2025,VILR.TA,16446.7697,8
08/01/2025,VILR.TA,16586.40081,9
09/01/2025,VILR.TA,17060.01071,10
10/01/2025,VILR.TA,17748.42225,11
11/01/2025,VILR.TA,17538.10806,12
12/01/2025,VILR.TA,17395.99707,13
13/01/2025,VILR.TA,18044.99146,14
14/01/2025,VILR.TA,17777.03082,15
15/01/2025,VILR.TA,18117.00396,16
16/01/2025,VILR.TA,18110.6422,17
17/01/2025,VILR.TA,17479.60554,18
18/01/2025,VILR.TA,17486.72281,19
19/01/2025,VILR.TA,17237.46706,20
20/01/2025,VILR.TA,17540.76308,21
21/01/2025,VILR.TA,17787.40201,22
22/01/2025,VILR.TA,17599.05102,23
23/01/2025,VILR.TA,17252.26842,24
24/01/2025,VILR.TA,17100.6472,25
25/01/2025,VILR.TA,17554.64546,26
26/01/2025,VILR.TA,16807.72657,27
27/01/2025,VILR.TA,17419.60277,28
28/01/2025,VILR.TA,17556.21382,29
29/01/2025,VILR.TA,17113.62488,30
31/12/2024,VISN.TA,954.9124417,1
01/01/2025,VISN.TA,-1899.781599,2
02/01/2025,VISN.TA,4005.464678,3
03/01/2025,VISN.TA,-20884.25453,4
04/01/2025,VISN.TA,-29794.23729,5
05/01/2025,VISN.TA,-127190.4326,6
06/01/2025,VISN.TA,-248031.1432,7
07/01/2025,VISN.TA,-3148543.317,8
08/01/2025,VISN.TA,5984742.427,9
09/01/2025,VISN.TA,29321890.31,10
10/01/2025,VISN.TA,-1.50E+08,11
11/01/2025,VISN.TA,8.58E+08,12
12/01/2025,VISN.TA,-9.75E+09,13
13/01/2025,VISN.TA,4.62E+10,14
14/01/2025,VISN.TA,-3.61E+11,15
15/01/2025,VISN.TA,-7.58E+10,16
16/01/2025,VISN.TA,4.50E+11,17
17/01/2025,VISN.TA,-1.50E+11,18
18/01/2025,VISN.TA,9.61E+11,19
19/01/2025,VISN.TA,-1.57E+12,20
20/01/2025,VISN.TA,5.75E+12,21
21/01/2025,VISN.TA,1.58E+13,22
22/01/2025,VISN.TA,-2.87E+13,23
23/01/2025,VISN.TA,4.78E+13,24
24/01/2025,VISN.TA,-2.86E+14,25
25/01/2025,VISN.TA,4.70E+14,26
26/01/2025,VISN.TA,-3.54E+14,27
27/01/2025,VISN.TA,-1.00E+15,28
28/01/2025,VISN.TA,-1.27E+15,29
29/01/2025,VISN.TA,-1.40E+16,30
31/12/2024,VTNA.TA,2360.040151,1
01/01/2025,VTNA.TA,2344.752926,2
02/01/2025,VTNA.TA,2321.352145,3
03/01/2025,VTNA.TA,2387.826182,4
04/01/2025,VTNA.TA,2344.759892,5
05/01/2025,VTNA.TA,2323.860084,6
06/01/2025,VTNA.TA,2342.671733,7
07/01/2025,VTNA.TA,2368.702526,8
08/01/2025,VTNA.TA,2393.01647,9
09/01/2025,VTNA.TA,2351.661868,10
10/01/2025,VTNA.TA,2330.146796,11
11/01/2025,VTNA.TA,2359.612268,12
12/01/2025,VTNA.TA,2386.387622,13
13/01/2025,VTNA.TA,2371.59332,14
14/01/2025,VTNA.TA,2344.686599,15
15/01/2025,VTNA.TA,2397.493202,16
16/01/2025,VTNA.TA,2379.478255,17
17/01/2025,VTNA.TA,2379.740694,18
18/01/2025,VTNA.TA,2375.007602,19
19/01/2025,VTNA.TA,2388.338232,20
20/01/2025,VTNA.TA,2430.662819,21
21/01/2025,VTNA.TA,2404.618239,22
22/01/2025,VTNA.TA,2395.518337,23
23/01/2025,VTNA.TA,2379.199097,24
24/01/2025,VTNA.TA,2387.241733,25
25/01/2025,VTNA.TA,2388.736284,26
26/01/2025,VTNA.TA,2392.976186,27
27/01/2025,VTNA.TA,2414.185819,28
28/01/2025,VTNA.TA,2413.652987,29
29/01/2025,VTNA.TA,2348.611696,30
31/12/2024,WATR.TA,87.31154625,1
01/01/2025,WATR.TA,65.96646566,2
02/01/2025,WATR.TA,84.06120233,3
03/01/2025,WATR.TA,98.08609001,4
04/01/2025,WATR.TA,121.0910161,5
05/01/2025,WATR.TA,165.6481979,6
06/01/2025,WATR.TA,212.1199448,7
07/01/2025,WATR.TA,151.8106042,8
08/01/2025,WATR.TA,58.07144264,9
09/01/2025,WATR.TA,67.91352332,10
10/01/2025,WATR.TA,84.02781596,11
11/01/2025,WATR.TA,171.2535434,12
12/01/2025,WATR.TA,165.5838779,13
13/01/2025,WATR.TA,310.9158661,14
14/01/2025,WATR.TA,553.44348,15
15/01/2025,WATR.TA,484.6707947,16
16/01/2025,WATR.TA,870.9226295,17
17/01/2025,WATR.TA,618.4824544,18
18/01/2025,WATR.TA,747.1766294,19
19/01/2025,WATR.TA,638.53485,20
20/01/2025,WATR.TA,593.3883045,21
21/01/2025,WATR.TA,331.665472,22
22/01/2025,WATR.TA,164.3839736,23
23/01/2025,WATR.TA,187.2693411,24
24/01/2025,WATR.TA,314.0146281,25
25/01/2025,WATR.TA,242.2969872,26
26/01/2025,WATR.TA,368.225404,27
27/01/2025,WATR.TA,373.4120828,28
28/01/2025,WATR.TA,195.6383333,29
29/01/2025,WATR.TA,107.8163164,30
31/12/2024,WESR.TA,500.5731659,1
01/01/2025,WESR.TA,508.837595,2
02/01/2025,WESR.TA,503.0311694,3
03/01/2025,WESR.TA,506.6205033,4
04/01/2025,WESR.TA,490.5156697,5
05/01/2025,WESR.TA,480.9748346,6
06/01/2025,WESR.TA,482.4365013,7
07/01/2025,WESR.TA,499.6078856,8
08/01/2025,WESR.TA,490.7046864,9
09/01/2025,WESR.TA,518.8538382,10
10/01/2025,WESR.TA,516.8864714,11
11/01/2025,WESR.TA,525.6018163,12
12/01/2025,WESR.TA,512.2935062,13
13/01/2025,WESR.TA,512.9597861,14
14/01/2025,WESR.TA,497.652106,15
15/01/2025,WESR.TA,487.4189031,16
16/01/2025,WESR.TA,503.7635183,17
17/01/2025,WESR.TA,516.0253979,18
18/01/2025,WESR.TA,524.3902441,19
19/01/2025,WESR.TA,523.1627169,20
20/01/2025,WESR.TA,499.472748,21
21/01/2025,WESR.TA,498.2515494,22
22/01/2025,WESR.TA,480.2124431,23
23/01/2025,WESR.TA,481.5127203,24
24/01/2025,WESR.TA,496.1350976,25
25/01/2025,WESR.TA,510.6127988,26
26/01/2025,WESR.TA,511.6513636,27
27/01/2025,WESR.TA,525.4019437,28
28/01/2025,WESR.TA,546.9944535,29
29/01/2025,WESR.TA,581.9292186,30
31/12/2024,WILK.TA,40.0872737,1
01/01/2025,WILK.TA,38.20919315,2
02/01/2025,WILK.TA,44.10629523,3
03/01/2025,WILK.TA,46.29762662,4
04/01/2025,WILK.TA,41.10526887,5
05/01/2025,WILK.TA,40.54522285,6
06/01/2025,WILK.TA,37.15933892,7
07/01/2025,WILK.TA,39.76903998,8
08/01/2025,WILK.TA,37.73354456,9
09/01/2025,WILK.TA,36.78098391,10
10/01/2025,WILK.TA,41.86115932,11
11/01/2025,WILK.TA,45.94941318,12
12/01/2025,WILK.TA,48.21819102,13
13/01/2025,WILK.TA,46.22513287,14
14/01/2025,WILK.TA,50.03195375,15
15/01/2025,WILK.TA,42.98426689,16
16/01/2025,WILK.TA,43.34451492,17
17/01/2025,WILK.TA,39.87895879,18
18/01/2025,WILK.TA,39.10589365,19
19/01/2025,WILK.TA,40.06156149,20
20/01/2025,WILK.TA,42.35860461,21
21/01/2025,WILK.TA,41.48361968,22
22/01/2025,WILK.TA,38.62193065,23
23/01/2025,WILK.TA,35.90689963,24
24/01/2025,WILK.TA,37.74378126,25
25/01/2025,WILK.TA,39.69049043,26
26/01/2025,WILK.TA,38.18658421,27
27/01/2025,WILK.TA,34.12836263,28
28/01/2025,WILK.TA,35.75968392,29
29/01/2025,WILK.TA,38.19143035,30
31/12/2024,WLFD.TA,2689.978275,1
01/01/2025,WLFD.TA,2697.531447,2
02/01/2025,WLFD.TA,2637.87245,3
03/01/2025,WLFD.TA,2613.325578,4
04/01/2025,WLFD.TA,2616.668154,5
05/01/2025,WLFD.TA,2608.973319,6
06/01/2025,WLFD.TA,2550.645676,7
07/01/2025,WLFD.TA,2385.651026,8
08/01/2025,WLFD.TA,2394.753663,9
09/01/2025,WLFD.TA,2390.159201,10
10/01/2025,WLFD.TA,2471.267597,11
11/01/2025,WLFD.TA,2382.201797,12
12/01/2025,WLFD.TA,2419.547998,13
13/01/2025,WLFD.TA,2324.435474,14
14/01/2025,WLFD.TA,2335.652244,15
15/01/2025,WLFD.TA,2431.128288,16
16/01/2025,WLFD.TA,2416.153784,17
17/01/2025,WLFD.TA,2462.124312,18
18/01/2025,WLFD.TA,2450.234217,19
19/01/2025,WLFD.TA,2385.458248,20
20/01/2025,WLFD.TA,2508.880201,21
21/01/2025,WLFD.TA,2477.830672,22
22/01/2025,WLFD.TA,2406.724215,23
23/01/2025,WLFD.TA,2433.477957,24
24/01/2025,WLFD.TA,2465.18893,25
25/01/2025,WLFD.TA,2468.164468,26
26/01/2025,WLFD.TA,2579.985343,27
27/01/2025,WLFD.TA,2519.338585,28
28/01/2025,WLFD.TA,2605.809383,29
29/01/2025,WLFD.TA,2706.274687,30
31/12/2024,WILC.TA,5910.357396,1
01/01/2025,WILC.TA,5578.740115,2
02/01/2025,WILC.TA,5731.260588,3
03/01/2025,WILC.TA,5778.642626,4
04/01/2025,WILC.TA,5957.864641,5
05/01/2025,WILC.TA,5978.958614,6
06/01/2025,WILC.TA,6111.066799,7
07/01/2025,WILC.TA,6130.858245,8
08/01/2025,WILC.TA,6335.144713,9
09/01/2025,WILC.TA,6307.185004,10
10/01/2025,WILC.TA,6419.545515,11
11/01/2025,WILC.TA,6162.613831,12
12/01/2025,WILC.TA,6208.387155,13
13/01/2025,WILC.TA,6122.625381,14
14/01/2025,WILC.TA,6300.118746,15
15/01/2025,WILC.TA,6182.335022,16
16/01/2025,WILC.TA,6129.861826,17
17/01/2025,WILC.TA,6184.009102,18
18/01/2025,WILC.TA,6259.446572,19
19/01/2025,WILC.TA,6019.084408,20
20/01/2025,WILC.TA,6398.372226,21
21/01/2025,WILC.TA,6491.288053,22
22/01/2025,WILC.TA,6666.421656,23
23/01/2025,WILC.TA,6709.148609,24
24/01/2025,WILC.TA,6477.096926,25
25/01/2025,WILC.TA,6480.091135,26
26/01/2025,WILC.TA,6695.59625,27
27/01/2025,WILC.TA,6857.732974,28
28/01/2025,WILC.TA,6674.662382,29
29/01/2025,WILC.TA,6755.780281,30
31/12/2024,WNBZ.TA,14.02410366,1
01/01/2025,WNBZ.TA,14.38024543,2
02/01/2025,WNBZ.TA,15.59322377,3
03/01/2025,WNBZ.TA,16.20844976,4
04/01/2025,WNBZ.TA,16.71424884,5
05/01/2025,WNBZ.TA,16.0148911,6
06/01/2025,WNBZ.TA,15.42574029,7
07/01/2025,WNBZ.TA,15.3870632,8
08/01/2025,WNBZ.TA,14.94792168,9
09/01/2025,WNBZ.TA,15.75030616,10
10/01/2025,WNBZ.TA,15.69766371,11
11/01/2025,WNBZ.TA,16.75186487,12
12/01/2025,WNBZ.TA,15.50253513,13
13/01/2025,WNBZ.TA,15.76626319,14
14/01/2025,WNBZ.TA,15.21633099,15
15/01/2025,WNBZ.TA,15.30438678,16
16/01/2025,WNBZ.TA,13.37684053,17
17/01/2025,WNBZ.TA,12.37706617,18
18/01/2025,WNBZ.TA,11.83907525,19
19/01/2025,WNBZ.TA,11.67350831,20
20/01/2025,WNBZ.TA,12.00588448,21
21/01/2025,WNBZ.TA,12.76610833,22
22/01/2025,WNBZ.TA,13.06397987,23
23/01/2025,WNBZ.TA,13.87416774,24
24/01/2025,WNBZ.TA,13.50543499,25
25/01/2025,WNBZ.TA,12.12171757,26
26/01/2025,WNBZ.TA,12.34116104,27
27/01/2025,WNBZ.TA,12.74206739,28
28/01/2025,WNBZ.TA,12.01264476,29
29/01/2025,WNBZ.TA,12.46293951,30
31/12/2024,XTLB.TA,6.77815935,1
01/01/2025,XTLB.TA,6.6947664,2
02/01/2025,XTLB.TA,6.99012759,3
03/01/2025,XTLB.TA,7.56354679,4
04/01/2025,XTLB.TA,7.09364395,5
05/01/2025,XTLB.TA,6.84886474,6
06/01/2025,XTLB.TA,7.05506626,7
07/01/2025,XTLB.TA,6.79139946,8
08/01/2025,XTLB.TA,7.25651775,9
09/01/2025,XTLB.TA,7.75921566,10
10/01/2025,XTLB.TA,7.15801134,11
11/01/2025,XTLB.TA,7.03372922,12
12/01/2025,XTLB.TA,7.71968095,13
13/01/2025,XTLB.TA,7.45951364,14
14/01/2025,XTLB.TA,7.7100516,15
15/01/2025,XTLB.TA,7.18985574,16
16/01/2025,XTLB.TA,6.83905667,17
17/01/2025,XTLB.TA,6.31827452,18
18/01/2025,XTLB.TA,6.67855013,19
19/01/2025,XTLB.TA,6.59352544,20
20/01/2025,XTLB.TA,6.33162041,21
21/01/2025,XTLB.TA,6.15746512,22
22/01/2025,XTLB.TA,6.14635587,23
23/01/2025,XTLB.TA,6.14636012,24
24/01/2025,XTLB.TA,5.76627404,25
25/01/2025,XTLB.TA,6.20170606,26
26/01/2025,XTLB.TA,5.54757113,27
27/01/2025,XTLB.TA,5.92521074,28
28/01/2025,XTLB.TA,5.90850693,29
29/01/2025,XTLB.TA,5.81279402,30
31/12/2024,YBRD.TA,-81.1139749,1
01/01/2025,YBRD.TA,-72.17353012,2
02/01/2025,YBRD.TA,-207.877225,3
03/01/2025,YBRD.TA,204.2201592,4
04/01/2025,YBRD.TA,149.4705417,5
05/01/2025,YBRD.TA,278.0373137,6
06/01/2025,YBRD.TA,240.1372687,7
07/01/2025,YBRD.TA,91.98809916,8
08/01/2025,YBRD.TA,98.38416755,9
09/01/2025,YBRD.TA,-40.87063867,10
10/01/2025,YBRD.TA,-109.5597893,11
11/01/2025,YBRD.TA,-251.8430501,12
12/01/2025,YBRD.TA,72.57437457,13
13/01/2025,YBRD.TA,62.59686176,14
14/01/2025,YBRD.TA,81.78974337,15
15/01/2025,YBRD.TA,107.6355044,16
16/01/2025,YBRD.TA,-108.0593607,17
17/01/2025,YBRD.TA,-35.87303332,18
18/01/2025,YBRD.TA,-63.68143043,19
19/01/2025,YBRD.TA,41.87855537,20
20/01/2025,YBRD.TA,56.97705687,21
21/01/2025,YBRD.TA,136.1638071,22
22/01/2025,YBRD.TA,-17.32209372,23
23/01/2025,YBRD.TA,-42.60981222,24
24/01/2025,YBRD.TA,-41.21101462,25
25/01/2025,YBRD.TA,-40.99186458,26
26/01/2025,YBRD.TA,-118.7381802,27
27/01/2025,YBRD.TA,-320.3567375,28
28/01/2025,YBRD.TA,-879.430327,29
29/01/2025,YBRD.TA,-2449.812397,30
31/12/2024,YBOX.TA,109.0221994,1
01/01/2025,YBOX.TA,106.1350621,2
02/01/2025,YBOX.TA,111.8990479,3
03/01/2025,YBOX.TA,111.0859268,4
04/01/2025,YBOX.TA,112.3578501,5
05/01/2025,YBOX.TA,118.1389972,6
06/01/2025,YBOX.TA,110.8755395,7
07/01/2025,YBOX.TA,108.0117751,8
08/01/2025,YBOX.TA,109.7076975,9
09/01/2025,YBOX.TA,107.9191309,10
10/01/2025,YBOX.TA,109.275157,11
11/01/2025,YBOX.TA,108.0412156,12
12/01/2025,YBOX.TA,114.0373231,13
13/01/2025,YBOX.TA,111.7573024,14
14/01/2025,YBOX.TA,110.1458807,15
15/01/2025,YBOX.TA,116.50562,16
16/01/2025,YBOX.TA,118.2504448,17
17/01/2025,YBOX.TA,116.3395927,18
18/01/2025,YBOX.TA,113.153202,19
19/01/2025,YBOX.TA,117.234538,20
20/01/2025,YBOX.TA,120.2267027,21
21/01/2025,YBOX.TA,123.4382135,22
22/01/2025,YBOX.TA,126.2611977,23
23/01/2025,YBOX.TA,125.6903646,24
24/01/2025,YBOX.TA,129.5288191,25
25/01/2025,YBOX.TA,129.390537,26
26/01/2025,YBOX.TA,129.309754,27
27/01/2025,YBOX.TA,131.1909738,28
28/01/2025,YBOX.TA,129.3966513,29
29/01/2025,YBOX.TA,133.5896588,30
31/12/2024,YHNF.TA,24250.23318,1
01/01/2025,YHNF.TA,24860.77705,2
02/01/2025,YHNF.TA,25220.38625,3
03/01/2025,YHNF.TA,24848.75367,4
04/01/2025,YHNF.TA,25630.82007,5
05/01/2025,YHNF.TA,25215.96163,6
06/01/2025,YHNF.TA,24264.10766,7
07/01/2025,YHNF.TA,23954.45024,8
08/01/2025,YHNF.TA,24210.00274,9
09/01/2025,YHNF.TA,24359.82312,10
10/01/2025,YHNF.TA,25066.60417,11
11/01/2025,YHNF.TA,24831.68213,12
12/01/2025,YHNF.TA,24971.30251,13
13/01/2025,YHNF.TA,25243.4195,14
14/01/2025,YHNF.TA,25891.05403,15
15/01/2025,YHNF.TA,25958.4606,16
16/01/2025,YHNF.TA,25977.87835,17
17/01/2025,YHNF.TA,25902.93866,18
18/01/2025,YHNF.TA,27095.73366,19
19/01/2025,YHNF.TA,26797.90083,20
20/01/2025,YHNF.TA,27214.70265,21
21/01/2025,YHNF.TA,27275.04539,22
22/01/2025,YHNF.TA,26896.69695,23
23/01/2025,YHNF.TA,26469.30191,24
24/01/2025,YHNF.TA,26321.80749,25
25/01/2025,YHNF.TA,26474.85446,26
26/01/2025,YHNF.TA,26458.95655,27
27/01/2025,YHNF.TA,26542.48785,28
28/01/2025,YHNF.TA,26112.18592,29
29/01/2025,YHNF.TA,26473.22385,30
31/12/2024,ZNKL.TA,3909.694323,1
01/01/2025,ZNKL.TA,3878.333112,2
02/01/2025,ZNKL.TA,3874.180532,3
03/01/2025,ZNKL.TA,3972.266246,4
04/01/2025,ZNKL.TA,3970.14923,5
05/01/2025,ZNKL.TA,3923.051343,6
06/01/2025,ZNKL.TA,3941.30469,7
07/01/2025,ZNKL.TA,3955.699788,8
08/01/2025,ZNKL.TA,3888.605385,9
09/01/2025,ZNKL.TA,3926.657607,10
10/01/2025,ZNKL.TA,3967.789319,11
11/01/2025,ZNKL.TA,3953.602866,12
12/01/2025,ZNKL.TA,3971.519592,13
13/01/2025,ZNKL.TA,3949.645159,14
14/01/2025,ZNKL.TA,3944.462877,15
15/01/2025,ZNKL.TA,3892.259031,16
16/01/2025,ZNKL.TA,3910.023962,17
17/01/2025,ZNKL.TA,3928.5469,18
18/01/2025,ZNKL.TA,3914.432151,19
19/01/2025,ZNKL.TA,3956.432548,20
20/01/2025,ZNKL.TA,3928.274595,21
21/01/2025,ZNKL.TA,3863.261792,22
22/01/2025,ZNKL.TA,3961.623187,23
23/01/2025,ZNKL.TA,3949.026073,24
24/01/2025,ZNKL.TA,3904.946192,25
25/01/2025,ZNKL.TA,3924.896622,26
26/01/2025,ZNKL.TA,3965.51883,27
27/01/2025,ZNKL.TA,4062.789565,28
28/01/2025,ZNKL.TA,4017.469017,29
29/01/2025,ZNKL.TA,4033.161483,30
31/12/2024,ZPRS.TA,1296.997796,1
01/01/2025,ZPRS.TA,1281.031602,2
02/01/2025,ZPRS.TA,1290.989998,3
03/01/2025,ZPRS.TA,1294.356844,4
04/01/2025,ZPRS.TA,1301.366831,5
05/01/2025,ZPRS.TA,1318.946186,6
06/01/2025,ZPRS.TA,1319.599957,7
07/01/2025,ZPRS.TA,1314.555565,8
08/01/2025,ZPRS.TA,1335.365024,9
09/01/2025,ZPRS.TA,1334.226383,10
10/01/2025,ZPRS.TA,1313.950703,11
11/01/2025,ZPRS.TA,1319.290972,12
12/01/2025,ZPRS.TA,1328.357734,13
13/01/2025,ZPRS.TA,1334.40728,14
14/01/2025,ZPRS.TA,1321.01444,15
15/01/2025,ZPRS.TA,1329.53423,16
16/01/2025,ZPRS.TA,1325.873264,17
17/01/2025,ZPRS.TA,1315.635547,18
18/01/2025,ZPRS.TA,1319.117239,19
19/01/2025,ZPRS.TA,1306.45634,20
20/01/2025,ZPRS.TA,1303.441475,21
21/01/2025,ZPRS.TA,1305.829138,22
22/01/2025,ZPRS.TA,1298.758756,23
23/01/2025,ZPRS.TA,1319.446487,24
24/01/2025,ZPRS.TA,1312.564084,25
25/01/2025,ZPRS.TA,1299.122989,26
26/01/2025,ZPRS.TA,1314.053633,27
27/01/2025,ZPRS.TA,1309.072514,28
28/01/2025,ZPRS.TA,1312.359728,29
29/01/2025,ZPRS.TA,1293.765176,30
31/12/2024,ZMH.TA,3416.805866,1
01/01/2025,ZMH.TA,3525.197318,2
02/01/2025,ZMH.TA,3565.017963,3
03/01/2025,ZMH.TA,3472.75214,4
04/01/2025,ZMH.TA,3445.300828,5
05/01/2025,ZMH.TA,3466.009514,6
06/01/2025,ZMH.TA,3414.847543,7
07/01/2025,ZMH.TA,3372.253394,8
08/01/2025,ZMH.TA,3471.350817,9
09/01/2025,ZMH.TA,3661.441741,10
10/01/2025,ZMH.TA,3791.179645,11
11/01/2025,ZMH.TA,3789.63361,12
12/01/2025,ZMH.TA,3692.603855,13
13/01/2025,ZMH.TA,3763.70952,14
14/01/2025,ZMH.TA,3822.973545,15
15/01/2025,ZMH.TA,3865.028529,16
16/01/2025,ZMH.TA,3816.492134,17
17/01/2025,ZMH.TA,3780.603677,18
18/01/2025,ZMH.TA,3701.300179,19
19/01/2025,ZMH.TA,3669.774883,20
20/01/2025,ZMH.TA,3643.657125,21
21/01/2025,ZMH.TA,3693.970749,22
22/01/2025,ZMH.TA,3692.334851,23
23/01/2025,ZMH.TA,3680.838839,24
24/01/2025,ZMH.TA,3699.09116,25
25/01/2025,ZMH.TA,3751.350683,26
26/01/2025,ZMH.TA,3742.73248,27
27/01/2025,ZMH.TA,3845.665168,28
28/01/2025,ZMH.TA,3864.875015,29
29/01/2025,ZMH.TA,3916.878486,30
31/12/2024,ZOOZ.TA,723.2668957,1
01/01/2025,ZOOZ.TA,684.9269244,2
02/01/2025,ZOOZ.TA,777.4736536,3
03/01/2025,ZOOZ.TA,842.114323,4
04/01/2025,ZOOZ.TA,799.110314,5
05/01/2025,ZOOZ.TA,731.2248558,6
06/01/2025,ZOOZ.TA,800.6227039,7
07/01/2025,ZOOZ.TA,862.4879485,8
08/01/2025,ZOOZ.TA,946.6696116,9
09/01/2025,ZOOZ.TA,936.5326696,10
10/01/2025,ZOOZ.TA,873.6333531,11
11/01/2025,ZOOZ.TA,844.1502483,12
12/01/2025,ZOOZ.TA,837.8326676,13
13/01/2025,ZOOZ.TA,847.6455087,14
14/01/2025,ZOOZ.TA,904.6709936,15
15/01/2025,ZOOZ.TA,849.5808168,16
16/01/2025,ZOOZ.TA,733.1035064,17
17/01/2025,ZOOZ.TA,749.9869902,18
18/01/2025,ZOOZ.TA,714.4209508,19
19/01/2025,ZOOZ.TA,795.1340749,20
20/01/2025,ZOOZ.TA,722.4165774,21
21/01/2025,ZOOZ.TA,708.226124,22
22/01/2025,ZOOZ.TA,610.9519049,23
23/01/2025,ZOOZ.TA,639.5261493,24
24/01/2025,ZOOZ.TA,610.5467923,25
25/01/2025,ZOOZ.TA,604.4853996,26
26/01/2025,ZOOZ.TA,606.4581047,27
27/01/2025,ZOOZ.TA,543.7636569,28
28/01/2025,ZOOZ.TA,556.2302007,29
29/01/2025,ZOOZ.TA,588.7270791,30
31/12/2024,ZUR.TA,882.2729368,1
01/01/2025,ZUR.TA,891.8515727,2
02/01/2025,ZUR.TA,909.7669499,3
03/01/2025,ZUR.TA,923.2099754,4
04/01/2025,ZUR.TA,940.2578061,5
05/01/2025,ZUR.TA,943.3871082,6
06/01/2025,ZUR.TA,950.8533774,7
07/01/2025,ZUR.TA,961.8825911,8
08/01/2025,ZUR.TA,955.3321424,9
09/01/2025,ZUR.TA,950.711183,10
10/01/2025,ZUR.TA,943.8332106,11
11/01/2025,ZUR.TA,973.5713979,12
12/01/2025,ZUR.TA,995.5764001,13
13/01/2025,ZUR.TA,1004.945516,14
14/01/2025,ZUR.TA,1014.074991,15
15/01/2025,ZUR.TA,1019.52789,16
16/01/2025,ZUR.TA,1028.655653,17
17/01/2025,ZUR.TA,1031.64182,18
18/01/2025,ZUR.TA,1030.19147,19
19/01/2025,ZUR.TA,1037.1639,20
20/01/2025,ZUR.TA,1058.858855,21
21/01/2025,ZUR.TA,1072.777256,22
22/01/2025,ZUR.TA,1078.520148,23
23/01/2025,ZUR.TA,1085.785143,24
24/01/2025,ZUR.TA,1083.259979,25
25/01/2025,ZUR.TA,1086.134822,26
26/01/2025,ZUR.TA,1090.220253,27
27/01/2025,ZUR.TA,1092.70138,28
28/01/2025,ZUR.TA,1083.170787,29
29/01/2025,ZUR.TA,1105.770385,30
